# AthenaK stellar Planck opacity table, log10 kappa_P [cm^2/g] on (log10 T[K], log10 rho[g/cm3]); ABSORPTION ONLY (no scattering)
# GS98 metals, X=0.700 Y=0.280 Z=0.020 (accretor / Plaskett gainer); mixture mixture_x0.70_z0.02.txt (planck_tools/mixspec.py 0.70 0.02, TOPS number fractions; Ferguson GS98 scaled solar, same mixture)
# EXTENDED table (accretor-tables-1008, 10-09) with the AG Car ext2 procedure. Built by scripts/build_ext.py fergR
# HIGH T: LANL TOPS/ATOMIC (fetch_tops.py, T 0.0005-10 keV, rho 1e-21..1); its data are flat (clamped) below a T-dependent floor (log rho -15.8 at 5800 K, -14 at 1e5 K, -12.6 at 1 MK, -11.2 at 8 MK, -9.4 at 116 MK; there the TOPS-only table values (clamped, kept bitwise) fill -14..floor)
# BLEND: linear in log T of log10 kappa over log T 4.00..4.20 (low-T source below, TOPS above); log T >= 4.20 and log rho >= -14 are BITWISE the TOPS-only table (tables/*_tops_gs98_x0.70_z0.02.txt, convert_tops.py)
# LOW-RHO EXTENSION below each source floor: Rosseland = Saha e-scattering + absorption x (rho/rho_e)^s; Planck = kP_e (rho/rho_e)^s; s = local log slope over 0.6 dex, clamped [0,1], boxcar-averaged over +-0.1 dex in log T (see build_ext.py)
# ext2 = FERGUSON PAIR: low-T Rosseland AND Planck from Ferguson et al. 2005 GS98 (f05.gs98.tar.gz md5 96a1b1db, f05.g98.pl.tar.gz md5 69d8b6d3, Wichita State), interpolated as data/stellar_opac/planck_tools/convert_ferguson.py (bilinear in log T, log R); grains included (only below ~2000 K, under both tfloors)
# LOW T (Planck): Ferguson et al. 2005 g98.pl.7.02.tpon (X 0.7 Z 0.02 directly); valid log T 2.70..4.50, log R -8.0..1.0; Ferguson INCLUDES GRAINS (matters only below ~1500-2000 K, log T < 3.3, below the run tfloor 3000 K)
# VALID BOX (data): log T 2.70..8.0, log rho >= TOPS floor (log T >= 4.0) or log R >= -8 (log T < 4.0); log R > 1 at log T < 4.0 EDGE-FILLED; below the floors the physical extension (model, not data)
# Read with he_planck_table (he_star_m1), same format as before.
# grid: nT nD lTmin dlT lDmin dlD
# 217 421 2.6 0.025 -21 0.05
# then nT*nD rows, T slowest: log10 kappa [cm^2/g]
0.49800
0.49800
0.49800
0.49800
0.49800
0.49800
0.49800
0.49800
0.49800
0.49800
0.49800
0.49800
0.49800
0.49800
0.49800
0.49800
0.49800
0.49800
0.49800
0.49800
0.49800
0.49800
0.49800
0.49800
0.49800
0.49800
0.49800
0.49800
0.49800
0.49800
0.49800
0.49800
0.49800
0.49800
0.49800
0.49800
0.49800
0.49800
0.49800
0.49800
0.49800
0.49800
0.49800
0.49800
0.49800
0.49800
0.49800
0.49800
0.49800
0.49800
0.49800
0.49800
0.49800
0.49800
0.49800
0.49800
0.49800
0.49800
0.49800
0.49800
0.49800
0.49800
0.49800
0.49800
0.49800
0.49800
0.49800
0.49800
0.49800
0.49800
0.49800
0.49800
0.49800
0.49800
0.49800
0.49800
0.49800
0.49800
0.49800
0.49800
0.49800
0.49800
0.49800
0.49910
0.50020
0.50130
0.50240
0.50350
0.50460
0.50570
0.50680
0.50790
0.50900
0.50900
0.50900
0.50900
0.50900
0.50900
0.50900
0.50900
0.50900
0.50900
0.50900
0.50780
0.50660
0.50540
0.50420
0.50300
0.50180
0.50060
0.49940
0.49820
0.49700
0.49700
0.49700
0.49700
0.49700
0.49700
0.49700
0.49700
0.49700
0.49700
0.49700
0.49700
0.49700
0.49700
0.49700
0.49700
0.49700
0.49700
0.49700
0.49700
0.49700
0.49810
0.49920
0.50030
0.50140
0.50250
0.50360
0.50470
0.50580
0.50690
0.50800
0.50680
0.50560
0.50440
0.50320
0.50200
0.50080
0.49960
0.49840
0.49720
0.49600
0.49600
0.49600
0.49600
0.49600
0.49600
0.49600
0.49600
0.49600
0.49600
0.49600
0.49900
0.50200
0.50500
0.50800
0.51100
0.51400
0.51700
0.52000
0.52300
0.52600
0.52420
0.52240
0.52060
0.51880
0.51700
0.51520
0.51340
0.51160
0.50980
0.50800
0.51570
0.52340
0.53110
0.53880
0.54650
0.55420
0.56190
0.56960
0.57730
0.58500
0.58080
0.57660
0.57240
0.56820
0.56400
0.55980
0.55560
0.55140
0.54720
0.54300
0.54590
0.54880
0.55170
0.55460
0.55750
0.56040
0.56330
0.56620
0.56910
0.57200
0.62380
0.67560
0.72740
0.77920
0.83100
0.88280
0.93460
0.98640
1.03820
1.09000
1.08780
1.08560
1.08340
1.08120
1.07900
1.07680
1.07460
1.07240
1.07020
1.06800
1.07230
1.07660
1.08090
1.08520
1.08950
1.09380
1.09810
1.10240
1.10670
1.11100
1.11100
1.11100
1.11100
1.11100
1.11100
1.11100
1.11100
1.11100
1.11100
1.11100
1.11100
1.11100
1.11100
1.11100
1.11100
1.11100
1.11100
1.11100
1.11100
1.11100
1.11100
1.11100
1.11100
1.11100
1.11100
1.11100
1.11100
1.11100
1.11100
1.11100
1.11100
1.11100
1.11100
1.11100
1.11100
1.11100
1.11100
1.11100
1.11100
1.11100
1.11100
1.11100
1.11100
1.11100
1.11100
1.11100
1.11100
1.11100
1.11100
1.11100
1.11100
1.11100
1.11100
1.11100
1.11100
1.11100
1.11100
1.11100
1.11100
1.11100
1.11100
1.11100
1.11100
1.11100
1.11100
1.11100
1.11100
1.11100
1.11100
1.11100
1.11100
1.11100
1.11100
1.11100
1.11100
1.11100
1.11100
1.11100
1.11100
1.11100
1.11100
1.11100
1.11100
1.11100
1.11100
1.11100
1.11100
1.11100
1.11100
1.11100
1.11100
1.11100
1.11100
1.11100
1.11100
1.11100
1.11100
1.11100
1.11100
1.11100
1.11100
1.11100
1.11100
1.11100
1.11100
1.11100
1.11100
1.11100
1.11100
1.11100
1.11100
1.11100
1.11100
1.11100
1.11100
1.11100
1.11100
1.11100
1.11100
1.11100
1.11100
1.11100
1.11100
1.11100
1.11100
1.11100
1.11100
1.11100
1.11100
1.11100
1.11100
1.11100
1.11100
1.11100
1.11100
1.11100
1.11100
1.11100
1.11100
1.11100
1.11100
1.11100
1.11100
1.11100
1.11100
1.11100
1.11100
1.11100
1.11100
1.11100
1.11100
1.11100
1.11100
1.11100
1.11100
1.11100
1.11100
1.11100
1.11100
1.11100
1.11100
1.11100
1.11100
1.11100
1.11100
1.11100
1.11100
1.11100
1.11100
1.11100
1.11100
1.11100
1.11100
1.11100
1.11100
1.11100
1.11100
1.11100
0.49800
0.49800
0.49800
0.49800
0.49800
0.49800
0.49800
0.49800
0.49800
0.49800
0.49800
0.49800
0.49800
0.49800
0.49800
0.49800
0.49800
0.49800
0.49800
0.49800
0.49800
0.49800
0.49800
0.49800
0.49800
0.49800
0.49800
0.49800
0.49800
0.49800
0.49800
0.49800
0.49800
0.49800
0.49800
0.49800
0.49800
0.49800
0.49800
0.49800
0.49800
0.49800
0.49800
0.49800
0.49800
0.49800
0.49800
0.49800
0.49800
0.49800
0.49800
0.49800
0.49800
0.49800
0.49800
0.49800
0.49800
0.49800
0.49800
0.49800
0.49800
0.49800
0.49800
0.49800
0.49800
0.49800
0.49800
0.49800
0.49800
0.49800
0.49800
0.49800
0.49800
0.49800
0.49800
0.49800
0.49800
0.49800
0.49800
0.49800
0.49800
0.49800
0.49800
0.49910
0.50020
0.50130
0.50240
0.50350
0.50460
0.50570
0.50680
0.50790
0.50900
0.50900
0.50900
0.50900
0.50900
0.50900
0.50900
0.50900
0.50900
0.50900
0.50900
0.50780
0.50660
0.50540
0.50420
0.50300
0.50180
0.50060
0.49940
0.49820
0.49700
0.49700
0.49700
0.49700
0.49700
0.49700
0.49700
0.49700
0.49700
0.49700
0.49700
0.49700
0.49700
0.49700
0.49700
0.49700
0.49700
0.49700
0.49700
0.49700
0.49700
0.49810
0.49920
0.50030
0.50140
0.50250
0.50360
0.50470
0.50580
0.50690
0.50800
0.50680
0.50560
0.50440
0.50320
0.50200
0.50080
0.49960
0.49840
0.49720
0.49600
0.49600
0.49600
0.49600
0.49600
0.49600
0.49600
0.49600
0.49600
0.49600
0.49600
0.49900
0.50200
0.50500
0.50800
0.51100
0.51400
0.51700
0.52000
0.52300
0.52600
0.52420
0.52240
0.52060
0.51880
0.51700
0.51520
0.51340
0.51160
0.50980
0.50800
0.51570
0.52340
0.53110
0.53880
0.54650
0.55420
0.56190
0.56960
0.57730
0.58500
0.58080
0.57660
0.57240
0.56820
0.56400
0.55980
0.55560
0.55140
0.54720
0.54300
0.54590
0.54880
0.55170
0.55460
0.55750
0.56040
0.56330
0.56620
0.56910
0.57200
0.62380
0.67560
0.72740
0.77920
0.83100
0.88280
0.93460
0.98640
1.03820
1.09000
1.08780
1.08560
1.08340
1.08120
1.07900
1.07680
1.07460
1.07240
1.07020
1.06800
1.07230
1.07660
1.08090
1.08520
1.08950
1.09380
1.09810
1.10240
1.10670
1.11100
1.11100
1.11100
1.11100
1.11100
1.11100
1.11100
1.11100
1.11100
1.11100
1.11100
1.11100
1.11100
1.11100
1.11100
1.11100
1.11100
1.11100
1.11100
1.11100
1.11100
1.11100
1.11100
1.11100
1.11100
1.11100
1.11100
1.11100
1.11100
1.11100
1.11100
1.11100
1.11100
1.11100
1.11100
1.11100
1.11100
1.11100
1.11100
1.11100
1.11100
1.11100
1.11100
1.11100
1.11100
1.11100
1.11100
1.11100
1.11100
1.11100
1.11100
1.11100
1.11100
1.11100
1.11100
1.11100
1.11100
1.11100
1.11100
1.11100
1.11100
1.11100
1.11100
1.11100
1.11100
1.11100
1.11100
1.11100
1.11100
1.11100
1.11100
1.11100
1.11100
1.11100
1.11100
1.11100
1.11100
1.11100
1.11100
1.11100
1.11100
1.11100
1.11100
1.11100
1.11100
1.11100
1.11100
1.11100
1.11100
1.11100
1.11100
1.11100
1.11100
1.11100
1.11100
1.11100
1.11100
1.11100
1.11100
1.11100
1.11100
1.11100
1.11100
1.11100
1.11100
1.11100
1.11100
1.11100
1.11100
1.11100
1.11100
1.11100
1.11100
1.11100
1.11100
1.11100
1.11100
1.11100
1.11100
1.11100
1.11100
1.11100
1.11100
1.11100
1.11100
1.11100
1.11100
1.11100
1.11100
1.11100
1.11100
1.11100
1.11100
1.11100
1.11100
1.11100
1.11100
1.11100
1.11100
1.11100
1.11100
1.11100
1.11100
1.11100
1.11100
1.11100
1.11100
1.11100
1.11100
1.11100
1.11100
1.11100
1.11100
1.11100
1.11100
1.11100
1.11100
1.11100
1.11100
1.11100
1.11100
1.11100
1.11100
1.11100
1.11100
1.11100
1.11100
1.11100
1.11100
1.11100
1.11100
1.11100
1.11100
1.11100
1.11100
1.11100
1.11100
1.11100
1.11100
0.49800
0.49800
0.49800
0.49800
0.49800
0.49800
0.49800
0.49800
0.49800
0.49800
0.49800
0.49800
0.49800
0.49800
0.49800
0.49800
0.49800
0.49800
0.49800
0.49800
0.49800
0.49800
0.49800
0.49800
0.49800
0.49800
0.49800
0.49800
0.49800
0.49800
0.49800
0.49800
0.49800
0.49800
0.49800
0.49800
0.49800
0.49800
0.49800
0.49800
0.49800
0.49800
0.49800
0.49800
0.49800
0.49800
0.49800
0.49800
0.49800
0.49800
0.49800
0.49800
0.49800
0.49800
0.49800
0.49800
0.49800
0.49800
0.49800
0.49800
0.49800
0.49800
0.49800
0.49800
0.49800
0.49800
0.49800
0.49800
0.49800
0.49800
0.49800
0.49800
0.49800
0.49800
0.49800
0.49800
0.49800
0.49800
0.49800
0.49800
0.49800
0.49800
0.49800
0.49910
0.50020
0.50130
0.50240
0.50350
0.50460
0.50570
0.50680
0.50790
0.50900
0.50900
0.50900
0.50900
0.50900
0.50900
0.50900
0.50900
0.50900
0.50900
0.50900
0.50780
0.50660
0.50540
0.50420
0.50300
0.50180
0.50060
0.49940
0.49820
0.49700
0.49700
0.49700
0.49700
0.49700
0.49700
0.49700
0.49700
0.49700
0.49700
0.49700
0.49700
0.49700
0.49700
0.49700
0.49700
0.49700
0.49700
0.49700
0.49700
0.49700
0.49810
0.49920
0.50030
0.50140
0.50250
0.50360
0.50470
0.50580
0.50690
0.50800
0.50680
0.50560
0.50440
0.50320
0.50200
0.50080
0.49960
0.49840
0.49720
0.49600
0.49600
0.49600
0.49600
0.49600
0.49600
0.49600
0.49600
0.49600
0.49600
0.49600
0.49900
0.50200
0.50500
0.50800
0.51100
0.51400
0.51700
0.52000
0.52300
0.52600
0.52420
0.52240
0.52060
0.51880
0.51700
0.51520
0.51340
0.51160
0.50980
0.50800
0.51570
0.52340
0.53110
0.53880
0.54650
0.55420
0.56190
0.56960
0.57730
0.58500
0.58080
0.57660
0.57240
0.56820
0.56400
0.55980
0.55560
0.55140
0.54720
0.54300
0.54590
0.54880
0.55170
0.55460
0.55750
0.56040
0.56330
0.56620
0.56910
0.57200
0.62380
0.67560
0.72740
0.77920
0.83100
0.88280
0.93460
0.98640
1.03820
1.09000
1.08780
1.08560
1.08340
1.08120
1.07900
1.07680
1.07460
1.07240
1.07020
1.06800
1.07230
1.07660
1.08090
1.08520
1.08950
1.09380
1.09810
1.10240
1.10670
1.11100
1.11100
1.11100
1.11100
1.11100
1.11100
1.11100
1.11100
1.11100
1.11100
1.11100
1.11100
1.11100
1.11100
1.11100
1.11100
1.11100
1.11100
1.11100
1.11100
1.11100
1.11100
1.11100
1.11100
1.11100
1.11100
1.11100
1.11100
1.11100
1.11100
1.11100
1.11100
1.11100
1.11100
1.11100
1.11100
1.11100
1.11100
1.11100
1.11100
1.11100
1.11100
1.11100
1.11100
1.11100
1.11100
1.11100
1.11100
1.11100
1.11100
1.11100
1.11100
1.11100
1.11100
1.11100
1.11100
1.11100
1.11100
1.11100
1.11100
1.11100
1.11100
1.11100
1.11100
1.11100
1.11100
1.11100
1.11100
1.11100
1.11100
1.11100
1.11100
1.11100
1.11100
1.11100
1.11100
1.11100
1.11100
1.11100
1.11100
1.11100
1.11100
1.11100
1.11100
1.11100
1.11100
1.11100
1.11100
1.11100
1.11100
1.11100
1.11100
1.11100
1.11100
1.11100
1.11100
1.11100
1.11100
1.11100
1.11100
1.11100
1.11100
1.11100
1.11100
1.11100
1.11100
1.11100
1.11100
1.11100
1.11100
1.11100
1.11100
1.11100
1.11100
1.11100
1.11100
1.11100
1.11100
1.11100
1.11100
1.11100
1.11100
1.11100
1.11100
1.11100
1.11100
1.11100
1.11100
1.11100
1.11100
1.11100
1.11100
1.11100
1.11100
1.11100
1.11100
1.11100
1.11100
1.11100
1.11100
1.11100
1.11100
1.11100
1.11100
1.11100
1.11100
1.11100
1.11100
1.11100
1.11100
1.11100
1.11100
1.11100
1.11100
1.11100
1.11100
1.11100
1.11100
1.11100
1.11100
1.11100
1.11100
1.11100
1.11100
1.11100
1.11100
1.11100
1.11100
1.11100
1.11100
1.11100
1.11100
1.11100
1.11100
1.11100
1.11100
1.11100
1.11100
1.11100
0.49800
0.49800
0.49800
0.49800
0.49800
0.49800
0.49800
0.49800
0.49800
0.49800
0.49800
0.49800
0.49800
0.49800
0.49800
0.49800
0.49800
0.49800
0.49800
0.49800
0.49800
0.49800
0.49800
0.49800
0.49800
0.49800
0.49800
0.49800
0.49800
0.49800
0.49800
0.49800
0.49800
0.49800
0.49800
0.49800
0.49800
0.49800
0.49800
0.49800
0.49800
0.49800
0.49800
0.49800
0.49800
0.49800
0.49800
0.49800
0.49800
0.49800
0.49800
0.49800
0.49800
0.49800
0.49800
0.49800
0.49800
0.49800
0.49800
0.49800
0.49800
0.49800
0.49800
0.49800
0.49800
0.49800
0.49800
0.49800
0.49800
0.49800
0.49800
0.49800
0.49800
0.49800
0.49800
0.49800
0.49800
0.49800
0.49800
0.49800
0.49800
0.49800
0.49800
0.49910
0.50020
0.50130
0.50240
0.50350
0.50460
0.50570
0.50680
0.50790
0.50900
0.50900
0.50900
0.50900
0.50900
0.50900
0.50900
0.50900
0.50900
0.50900
0.50900
0.50780
0.50660
0.50540
0.50420
0.50300
0.50180
0.50060
0.49940
0.49820
0.49700
0.49700
0.49700
0.49700
0.49700
0.49700
0.49700
0.49700
0.49700
0.49700
0.49700
0.49700
0.49700
0.49700
0.49700
0.49700
0.49700
0.49700
0.49700
0.49700
0.49700
0.49810
0.49920
0.50030
0.50140
0.50250
0.50360
0.50470
0.50580
0.50690
0.50800
0.50680
0.50560
0.50440
0.50320
0.50200
0.50080
0.49960
0.49840
0.49720
0.49600
0.49600
0.49600
0.49600
0.49600
0.49600
0.49600
0.49600
0.49600
0.49600
0.49600
0.49900
0.50200
0.50500
0.50800
0.51100
0.51400
0.51700
0.52000
0.52300
0.52600
0.52420
0.52240
0.52060
0.51880
0.51700
0.51520
0.51340
0.51160
0.50980
0.50800
0.51570
0.52340
0.53110
0.53880
0.54650
0.55420
0.56190
0.56960
0.57730
0.58500
0.58080
0.57660
0.57240
0.56820
0.56400
0.55980
0.55560
0.55140
0.54720
0.54300
0.54590
0.54880
0.55170
0.55460
0.55750
0.56040
0.56330
0.56620
0.56910
0.57200
0.62380
0.67560
0.72740
0.77920
0.83100
0.88280
0.93460
0.98640
1.03820
1.09000
1.08780
1.08560
1.08340
1.08120
1.07900
1.07680
1.07460
1.07240
1.07020
1.06800
1.07230
1.07660
1.08090
1.08520
1.08950
1.09380
1.09810
1.10240
1.10670
1.11100
1.11100
1.11100
1.11100
1.11100
1.11100
1.11100
1.11100
1.11100
1.11100
1.11100
1.11100
1.11100
1.11100
1.11100
1.11100
1.11100
1.11100
1.11100
1.11100
1.11100
1.11100
1.11100
1.11100
1.11100
1.11100
1.11100
1.11100
1.11100
1.11100
1.11100
1.11100
1.11100
1.11100
1.11100
1.11100
1.11100
1.11100
1.11100
1.11100
1.11100
1.11100
1.11100
1.11100
1.11100
1.11100
1.11100
1.11100
1.11100
1.11100
1.11100
1.11100
1.11100
1.11100
1.11100
1.11100
1.11100
1.11100
1.11100
1.11100
1.11100
1.11100
1.11100
1.11100
1.11100
1.11100
1.11100
1.11100
1.11100
1.11100
1.11100
1.11100
1.11100
1.11100
1.11100
1.11100
1.11100
1.11100
1.11100
1.11100
1.11100
1.11100
1.11100
1.11100
1.11100
1.11100
1.11100
1.11100
1.11100
1.11100
1.11100
1.11100
1.11100
1.11100
1.11100
1.11100
1.11100
1.11100
1.11100
1.11100
1.11100
1.11100
1.11100
1.11100
1.11100
1.11100
1.11100
1.11100
1.11100
1.11100
1.11100
1.11100
1.11100
1.11100
1.11100
1.11100
1.11100
1.11100
1.11100
1.11100
1.11100
1.11100
1.11100
1.11100
1.11100
1.11100
1.11100
1.11100
1.11100
1.11100
1.11100
1.11100
1.11100
1.11100
1.11100
1.11100
1.11100
1.11100
1.11100
1.11100
1.11100
1.11100
1.11100
1.11100
1.11100
1.11100
1.11100
1.11100
1.11100
1.11100
1.11100
1.11100
1.11100
1.11100
1.11100
1.11100
1.11100
1.11100
1.11100
1.11100
1.11100
1.11100
1.11100
1.11100
1.11100
1.11100
1.11100
1.11100
1.11100
1.11100
1.11100
1.11100
1.11100
1.11100
1.11100
1.11100
1.11100
1.11100
1.11100
0.49800
0.49800
0.49800
0.49800
0.49800
0.49800
0.49800
0.49800
0.49800
0.49800
0.49800
0.49800
0.49800
0.49800
0.49800
0.49800
0.49800
0.49800
0.49800
0.49800
0.49800
0.49800
0.49800
0.49800
0.49800
0.49800
0.49800
0.49800
0.49800
0.49800
0.49800
0.49800
0.49800
0.49800
0.49800
0.49800
0.49800
0.49800
0.49800
0.49800
0.49800
0.49800
0.49800
0.49800
0.49800
0.49800
0.49800
0.49800
0.49800
0.49800
0.49800
0.49800
0.49800
0.49800
0.49800
0.49800
0.49800
0.49800
0.49800
0.49800
0.49800
0.49800
0.49800
0.49800
0.49800
0.49800
0.49800
0.49800
0.49800
0.49800
0.49800
0.49800
0.49800
0.49800
0.49800
0.49800
0.49800
0.49800
0.49800
0.49800
0.49800
0.49800
0.49800
0.49910
0.50020
0.50130
0.50240
0.50350
0.50460
0.50570
0.50680
0.50790
0.50900
0.50900
0.50900
0.50900
0.50900
0.50900
0.50900
0.50900
0.50900
0.50900
0.50900
0.50780
0.50660
0.50540
0.50420
0.50300
0.50180
0.50060
0.49940
0.49820
0.49700
0.49700
0.49700
0.49700
0.49700
0.49700
0.49700
0.49700
0.49700
0.49700
0.49700
0.49700
0.49700
0.49700
0.49700
0.49700
0.49700
0.49700
0.49700
0.49700
0.49700
0.49810
0.49920
0.50030
0.50140
0.50250
0.50360
0.50470
0.50580
0.50690
0.50800
0.50680
0.50560
0.50440
0.50320
0.50200
0.50080
0.49960
0.49840
0.49720
0.49600
0.49600
0.49600
0.49600
0.49600
0.49600
0.49600
0.49600
0.49600
0.49600
0.49600
0.49900
0.50200
0.50500
0.50800
0.51100
0.51400
0.51700
0.52000
0.52300
0.52600
0.52420
0.52240
0.52060
0.51880
0.51700
0.51520
0.51340
0.51160
0.50980
0.50800
0.51570
0.52340
0.53110
0.53880
0.54650
0.55420
0.56190
0.56960
0.57730
0.58500
0.58080
0.57660
0.57240
0.56820
0.56400
0.55980
0.55560
0.55140
0.54720
0.54300
0.54590
0.54880
0.55170
0.55460
0.55750
0.56040
0.56330
0.56620
0.56910
0.57200
0.62380
0.67560
0.72740
0.77920
0.83100
0.88280
0.93460
0.98640
1.03820
1.09000
1.08780
1.08560
1.08340
1.08120
1.07900
1.07680
1.07460
1.07240
1.07020
1.06800
1.07230
1.07660
1.08090
1.08520
1.08950
1.09380
1.09810
1.10240
1.10670
1.11100
1.11100
1.11100
1.11100
1.11100
1.11100
1.11100
1.11100
1.11100
1.11100
1.11100
1.11100
1.11100
1.11100
1.11100
1.11100
1.11100
1.11100
1.11100
1.11100
1.11100
1.11100
1.11100
1.11100
1.11100
1.11100
1.11100
1.11100
1.11100
1.11100
1.11100
1.11100
1.11100
1.11100
1.11100
1.11100
1.11100
1.11100
1.11100
1.11100
1.11100
1.11100
1.11100
1.11100
1.11100
1.11100
1.11100
1.11100
1.11100
1.11100
1.11100
1.11100
1.11100
1.11100
1.11100
1.11100
1.11100
1.11100
1.11100
1.11100
1.11100
1.11100
1.11100
1.11100
1.11100
1.11100
1.11100
1.11100
1.11100
1.11100
1.11100
1.11100
1.11100
1.11100
1.11100
1.11100
1.11100
1.11100
1.11100
1.11100
1.11100
1.11100
1.11100
1.11100
1.11100
1.11100
1.11100
1.11100
1.11100
1.11100
1.11100
1.11100
1.11100
1.11100
1.11100
1.11100
1.11100
1.11100
1.11100
1.11100
1.11100
1.11100
1.11100
1.11100
1.11100
1.11100
1.11100
1.11100
1.11100
1.11100
1.11100
1.11100
1.11100
1.11100
1.11100
1.11100
1.11100
1.11100
1.11100
1.11100
1.11100
1.11100
1.11100
1.11100
1.11100
1.11100
1.11100
1.11100
1.11100
1.11100
1.11100
1.11100
1.11100
1.11100
1.11100
1.11100
1.11100
1.11100
1.11100
1.11100
1.11100
1.11100
1.11100
1.11100
1.11100
1.11100
1.11100
1.11100
1.11100
1.11100
1.11100
1.11100
1.11100
1.11100
1.11100
1.11100
1.11100
1.11100
1.11100
1.11100
1.11100
1.11100
1.11100
1.11100
1.11100
1.11100
1.11100
1.11100
1.11100
1.11100
1.11100
1.11100
1.11100
1.11100
1.11100
1.11100
1.11100
1.11100
1.11100
0.50815
0.50817
0.50819
0.50821
0.50823
0.50825
0.50827
0.50829
0.50831
0.50833
0.50835
0.50838
0.50840
0.50842
0.50844
0.50846
0.50848
0.50850
0.50852
0.50854
0.50856
0.50858
0.50860
0.50862
0.50865
0.50867
0.50869
0.50871
0.50873
0.50875
0.50877
0.50879
0.50881
0.50883
0.50885
0.50887
0.50890
0.50892
0.50894
0.50896
0.50898
0.50900
0.50902
0.50904
0.50906
0.50908
0.50910
0.50913
0.50915
0.50917
0.50919
0.50921
0.50923
0.50925
0.50927
0.50929
0.50931
0.50933
0.50935
0.50938
0.50940
0.50942
0.50944
0.50946
0.50950
0.50950
0.50950
0.50950
0.50950
0.50950
0.50950
0.50950
0.50950
0.50950
0.50950
0.50950
0.50950
0.50950
0.50950
0.50950
0.50950
0.50950
0.50950
0.50950
0.50977
0.51033
0.51088
0.51143
0.51197
0.51253
0.51307
0.51362
0.51418
0.51472
0.51500
0.51500
0.51500
0.51500
0.51500
0.51500
0.51500
0.51500
0.51500
0.51500
0.51467
0.51403
0.51338
0.51273
0.51208
0.51143
0.51077
0.51012
0.50948
0.50882
0.50850
0.50850
0.50850
0.50850
0.50850
0.50850
0.50850
0.50850
0.50850
0.50850
0.50850
0.50850
0.50850
0.50850
0.50850
0.50850
0.50850
0.50850
0.50850
0.50850
0.50877
0.50933
0.50988
0.51043
0.51098
0.51153
0.51207
0.51262
0.51317
0.51372
0.51370
0.51310
0.51250
0.51190
0.51130
0.51070
0.51010
0.50950
0.50890
0.50830
0.50800
0.50800
0.50800
0.50800
0.50800
0.50800
0.50800
0.50800
0.50800
0.50800
0.50872
0.51018
0.51162
0.51307
0.51453
0.51597
0.51743
0.51887
0.52032
0.52178
0.52205
0.52115
0.52025
0.51935
0.51845
0.51755
0.51665
0.51575
0.51485
0.51395
0.51545
0.51935
0.52325
0.52715
0.53105
0.53495
0.53885
0.54275
0.54665
0.55055
0.55168
0.55002
0.54838
0.54673
0.54507
0.54343
0.54178
0.54012
0.53848
0.53682
0.53830
0.54290
0.54750
0.55210
0.55670
0.56130
0.56590
0.57050
0.57510
0.57970
0.60002
0.63607
0.67212
0.70817
0.74423
0.78027
0.81632
0.85238
0.88842
0.92448
0.94720
0.95660
0.96600
0.97540
0.98480
0.99420
1.00360
1.01300
1.02240
1.03180
1.03960
1.04580
1.05200
1.05820
1.06440
1.07060
1.07680
1.08300
1.08920
1.09540
1.09445
1.09850
1.09850
1.09850
1.09850
1.09850
1.09850
1.09850
1.09850
1.09850
1.09850
1.09850
1.09850
1.09850
1.09850
1.09850
1.09850
1.09850
1.09850
1.09850
1.09850
1.09850
1.09850
1.09850
1.09850
1.09850
1.09850
1.09850
1.09850
1.09850
1.09850
1.09850
1.09850
1.09850
1.09850
1.09850
1.09850
1.09850
1.09850
1.09850
1.09850
1.09850
1.09850
1.09850
1.09850
1.09850
1.09850
1.09850
1.09850
1.09850
1.09850
1.09850
1.09850
1.09850
1.09850
1.09850
1.09850
1.09850
1.09850
1.09850
1.09850
1.09850
1.09850
1.09850
1.09850
1.09850
1.09850
1.09850
1.09850
1.09850
1.09850
1.09850
1.09850
1.09850
1.09850
1.09850
1.09850
1.09850
1.09850
1.09850
1.09850
1.09850
1.09850
1.09850
1.09850
1.09850
1.09850
1.09850
1.09850
1.09850
1.09850
1.09850
1.09850
1.09850
1.09850
1.09850
1.09850
1.09850
1.09850
1.09850
1.09850
1.09850
1.09850
1.09850
1.09850
1.09850
1.09850
1.09850
1.09850
1.09850
1.09850
1.09850
1.09850
1.09850
1.09850
1.09850
1.09850
1.09850
1.09850
1.09850
1.09850
1.09850
1.09850
1.09850
1.09850
1.09850
1.09850
1.09850
1.09850
1.09850
1.09850
1.09850
1.09850
1.09850
1.09850
1.09850
1.09850
1.09850
1.09850
1.09850
1.09850
1.09850
1.09850
1.09850
1.09850
1.09850
1.09850
1.09850
1.09850
1.09850
1.09850
1.09850
1.09850
1.09850
1.09850
1.09850
1.09850
1.09850
1.09850
1.09850
1.09850
1.09850
1.09850
1.09850
1.09850
1.09850
1.09850
1.09850
1.09850
1.09850
1.09850
1.09850
1.09850
1.09850
1.09850
1.09850
1.09850
0.51829
0.51833
0.51838
0.51842
0.51846
0.51850
0.51854
0.51858
0.51863
0.51867
0.51871
0.51875
0.51879
0.51883
0.51887
0.51892
0.51896
0.51900
0.51904
0.51908
0.51913
0.51917
0.51921
0.51925
0.51929
0.51933
0.51938
0.51942
0.51946
0.51950
0.51954
0.51958
0.51963
0.51967
0.51971
0.51975
0.51979
0.51983
0.51987
0.51992
0.51996
0.52000
0.52004
0.52008
0.52013
0.52017
0.52021
0.52025
0.52029
0.52033
0.52038
0.52042
0.52046
0.52050
0.52054
0.52058
0.52063
0.52067
0.52071
0.52075
0.52079
0.52083
0.52087
0.52092
0.52096
0.52100
0.52100
0.52100
0.52100
0.52100
0.52100
0.52100
0.52100
0.52100
0.52100
0.52100
0.52100
0.52100
0.52100
0.52100
0.52100
0.52100
0.52100
0.52100
0.52100
0.52100
0.52100
0.52100
0.52100
0.52100
0.52100
0.52100
0.52100
0.52100
0.52100
0.52100
0.52100
0.52100
0.52100
0.52100
0.52100
0.52100
0.52100
0.52100
0.52100
0.52100
0.52090
0.52080
0.52070
0.52060
0.52050
0.52040
0.52030
0.52020
0.52010
0.52000
0.52000
0.52000
0.52000
0.52000
0.52000
0.52000
0.52000
0.52000
0.52000
0.52000
0.52000
0.52000
0.52000
0.52000
0.52000
0.52000
0.52000
0.52000
0.52000
0.52000
0.52000
0.52000
0.52000
0.52000
0.52000
0.52000
0.52000
0.52000
0.52000
0.52000
0.52000
0.52000
0.52000
0.52000
0.52000
0.52000
0.52000
0.52000
0.52000
0.52000
0.52000
0.52000
0.52000
0.52000
0.52000
0.52000
0.52000
0.52000
0.52000
0.52000
0.51990
0.51980
0.51970
0.51960
0.51950
0.51940
0.51930
0.51920
0.51910
0.51900
0.51900
0.51900
0.51900
0.51900
0.51900
0.51900
0.51900
0.51900
0.51900
0.51900
0.51910
0.51920
0.51930
0.51940
0.51950
0.51960
0.51970
0.51980
0.51990
0.52000
0.52090
0.52180
0.52270
0.52360
0.52450
0.52540
0.52630
0.52720
0.52810
0.52900
0.53530
0.54160
0.54790
0.55420
0.56050
0.56680
0.57310
0.57940
0.58570
0.59200
0.61230
0.63260
0.65290
0.67320
0.69350
0.71380
0.73410
0.75440
0.77470
0.79500
0.81600
0.83700
0.85800
0.87900
0.90000
0.92100
0.94200
0.96300
0.98400
1.00500
1.01310
1.02120
1.02930
1.03740
1.04550
1.05360
1.06170
1.06980
1.07790
1.08600
1.08600
1.08600
1.08600
1.08600
1.08600
1.08600
1.08600
1.08600
1.08600
1.08600
1.08600
1.08600
1.08600
1.08600
1.08600
1.08600
1.08600
1.08600
1.08600
1.08600
1.08600
1.08600
1.08600
1.08600
1.08600
1.08600
1.08600
1.08600
1.08600
1.08600
1.08600
1.08600
1.08600
1.08600
1.08600
1.08600
1.08600
1.08600
1.08600
1.08600
1.08600
1.08600
1.08600
1.08600
1.08600
1.08600
1.08600
1.08600
1.08600
1.08600
1.08600
1.08600
1.08600
1.08600
1.08600
1.08600
1.08600
1.08600
1.08600
1.08600
1.08600
1.08600
1.08600
1.08600
1.08600
1.08600
1.08600
1.08600
1.08600
1.08600
1.08600
1.08600
1.08600
1.08600
1.08600
1.08600
1.08600
1.08600
1.08600
1.08600
1.08600
1.08600
1.08600
1.08600
1.08600
1.08600
1.08600
1.08600
1.08600
1.08600
1.08600
1.08600
1.08600
1.08600
1.08600
1.08600
1.08600
1.08600
1.08600
1.08600
1.08600
1.08600
1.08600
1.08600
1.08600
1.08600
1.08600
1.08600
1.08600
1.08600
1.08600
1.08600
1.08600
1.08600
1.08600
1.08600
1.08600
1.08600
1.08600
1.08600
1.08600
1.08600
1.08600
1.08600
1.08600
1.08600
1.08600
1.08600
1.08600
1.08600
1.08600
1.08600
1.08600
1.08600
1.08600
1.08600
1.08600
1.08600
1.08600
1.08600
1.08600
1.08600
1.08600
1.08600
1.08600
1.08600
1.08600
1.08600
1.08600
1.08600
1.08600
1.08600
1.08600
1.08600
1.08600
1.08600
1.08600
1.08600
1.08600
1.08600
1.08600
1.08600
1.08600
1.08600
1.08600
1.08600
1.08600
1.08600
1.08600
1.08600
1.08600
1.08600
1.08600
1.08600
1.08600
0.52033
0.52038
0.52043
0.52048
0.52052
0.52057
0.52062
0.52067
0.52071
0.52076
0.52081
0.52086
0.52090
0.52095
0.52100
0.52104
0.52109
0.52114
0.52119
0.52124
0.52128
0.52133
0.52138
0.52143
0.52147
0.52152
0.52157
0.52161
0.52166
0.52171
0.52176
0.52181
0.52185
0.52190
0.52195
0.52199
0.52204
0.52209
0.52214
0.52219
0.52223
0.52228
0.52233
0.52238
0.52242
0.52247
0.52252
0.52256
0.52261
0.52266
0.52271
0.52276
0.52280
0.52285
0.52290
0.52294
0.52299
0.52304
0.52309
0.52314
0.52318
0.52323
0.52328
0.52333
0.52337
0.52342
0.52345
0.52330
0.52290
0.52250
0.52210
0.52170
0.52130
0.52090
0.52050
0.52010
0.51970
0.51960
0.51980
0.52000
0.52020
0.52040
0.52060
0.52080
0.52100
0.52120
0.52140
0.52145
0.52135
0.52125
0.52115
0.52105
0.52095
0.52085
0.52075
0.52065
0.52055
0.52047
0.52043
0.52038
0.52033
0.52028
0.52022
0.52017
0.52012
0.52008
0.52003
0.51998
0.51992
0.51987
0.51982
0.51977
0.51972
0.51967
0.51963
0.51958
0.51953
0.51950
0.51950
0.51950
0.51950
0.51950
0.51950
0.51950
0.51950
0.51950
0.51950
0.51950
0.51950
0.51950
0.51950
0.51950
0.51950
0.51950
0.51950
0.51950
0.51950
0.51950
0.51950
0.51950
0.51950
0.51950
0.51950
0.51950
0.51950
0.51950
0.51950
0.51948
0.51943
0.51938
0.51933
0.51928
0.51923
0.51918
0.51913
0.51908
0.51903
0.51900
0.51900
0.51900
0.51900
0.51900
0.51900
0.51900
0.51900
0.51900
0.51900
0.51897
0.51892
0.51887
0.51882
0.51877
0.51872
0.51867
0.51863
0.51858
0.51853
0.51850
0.51850
0.51850
0.51850
0.51850
0.51850
0.51850
0.51850
0.51850
0.51850
0.51853
0.51858
0.51863
0.51867
0.51872
0.51877
0.51882
0.51887
0.51893
0.51897
0.51922
0.51967
0.52012
0.52058
0.52103
0.52148
0.52193
0.52238
0.52282
0.52328
0.52510
0.52830
0.53150
0.53470
0.53790
0.54110
0.54430
0.54750
0.55070
0.55390
0.56087
0.57163
0.58237
0.59313
0.60388
0.61462
0.62538
0.63613
0.64688
0.65763
0.67032
0.68498
0.69963
0.71428
0.72893
0.74357
0.75823
0.77287
0.78753
0.80218
0.81710
0.83230
0.84750
0.86270
0.87790
0.89310
0.90830
0.92350
0.93870
0.95390
0.95035
0.96150
0.96150
0.96150
0.96150
0.96150
0.96150
0.96150
0.96150
0.96150
0.96150
0.96150
0.96150
0.96150
0.96150
0.96150
0.96150
0.96150
0.96150
0.96150
0.96150
0.96150
0.96150
0.96150
0.96150
0.96150
0.96150
0.96150
0.96150
0.96150
0.96150
0.96150
0.96150
0.96150
0.96150
0.96150
0.96150
0.96150
0.96150
0.96150
0.96150
0.96150
0.96150
0.96150
0.96150
0.96150
0.96150
0.96150
0.96150
0.96150
0.96150
0.96150
0.96150
0.96150
0.96150
0.96150
0.96150
0.96150
0.96150
0.96150
0.96150
0.96150
0.96150
0.96150
0.96150
0.96150
0.96150
0.96150
0.96150
0.96150
0.96150
0.96150
0.96150
0.96150
0.96150
0.96150
0.96150
0.96150
0.96150
0.96150
0.96150
0.96150
0.96150
0.96150
0.96150
0.96150
0.96150
0.96150
0.96150
0.96150
0.96150
0.96150
0.96150
0.96150
0.96150
0.96150
0.96150
0.96150
0.96150
0.96150
0.96150
0.96150
0.96150
0.96150
0.96150
0.96150
0.96150
0.96150
0.96150
0.96150
0.96150
0.96150
0.96150
0.96150
0.96150
0.96150
0.96150
0.96150
0.96150
0.96150
0.96150
0.96150
0.96150
0.96150
0.96150
0.96150
0.96150
0.96150
0.96150
0.96150
0.96150
0.96150
0.96150
0.96150
0.96150
0.96150
0.96150
0.96150
0.96150
0.96150
0.96150
0.96150
0.96150
0.96150
0.96150
0.96150
0.96150
0.96150
0.96150
0.96150
0.96150
0.96150
0.96150
0.96150
0.96150
0.96150
0.96150
0.96150
0.96150
0.96150
0.96150
0.96150
0.96150
0.96150
0.96150
0.96150
0.96150
0.96150
0.96150
0.96150
0.96150
0.96150
0.96150
0.96150
0.52237
0.52243
0.52248
0.52253
0.52259
0.52264
0.52269
0.52275
0.52280
0.52285
0.52291
0.52296
0.52301
0.52307
0.52312
0.52317
0.52323
0.52328
0.52333
0.52339
0.52344
0.52349
0.52355
0.52360
0.52365
0.52371
0.52376
0.52381
0.52387
0.52392
0.52397
0.52403
0.52408
0.52413
0.52419
0.52424
0.52429
0.52435
0.52440
0.52445
0.52451
0.52456
0.52461
0.52467
0.52472
0.52477
0.52483
0.52488
0.52493
0.52499
0.52504
0.52509
0.52515
0.52520
0.52525
0.52531
0.52536
0.52541
0.52547
0.52552
0.52557
0.52563
0.52568
0.52573
0.52579
0.52584
0.52589
0.52595
0.52600
0.52520
0.52440
0.52360
0.52280
0.52200
0.52120
0.52040
0.51960
0.51880
0.51800
0.51840
0.51880
0.51920
0.51960
0.52000
0.52040
0.52080
0.52120
0.52160
0.52200
0.52180
0.52160
0.52140
0.52120
0.52100
0.52080
0.52060
0.52040
0.52020
0.52000
0.51990
0.51980
0.51970
0.51960
0.51950
0.51940
0.51930
0.51920
0.51910
0.51900
0.51900
0.51900
0.51900
0.51900
0.51900
0.51900
0.51900
0.51900
0.51900
0.51900
0.51900
0.51900
0.51900
0.51900
0.51900
0.51900
0.51900
0.51900
0.51900
0.51900
0.51900
0.51900
0.51900
0.51900
0.51900
0.51900
0.51900
0.51900
0.51900
0.51900
0.51900
0.51900
0.51900
0.51900
0.51900
0.51900
0.51900
0.51900
0.51900
0.51900
0.51890
0.51880
0.51870
0.51860
0.51850
0.51840
0.51830
0.51820
0.51810
0.51800
0.51800
0.51800
0.51800
0.51800
0.51800
0.51800
0.51800
0.51800
0.51800
0.51800
0.51800
0.51800
0.51800
0.51800
0.51800
0.51800
0.51800
0.51800
0.51800
0.51800
0.51800
0.51800
0.51800
0.51800
0.51800
0.51800
0.51800
0.51800
0.51800
0.51800
0.51800
0.51800
0.51800
0.51800
0.51800
0.51800
0.51800
0.51800
0.51800
0.51800
0.51800
0.51800
0.51800
0.51800
0.51800
0.51800
0.51800
0.51800
0.51800
0.51800
0.51810
0.51820
0.51830
0.51840
0.51850
0.51860
0.51870
0.51880
0.51890
0.51900
0.52020
0.52140
0.52260
0.52380
0.52500
0.52620
0.52740
0.52860
0.52980
0.53100
0.53930
0.54760
0.55590
0.56420
0.57250
0.58080
0.58910
0.59740
0.60570
0.61400
0.63630
0.65860
0.68090
0.70320
0.72550
0.74780
0.77010
0.79240
0.81470
0.83700
0.83700
0.83700
0.83700
0.83700
0.83700
0.83700
0.83700
0.83700
0.83700
0.83700
0.83700
0.83700
0.83700
0.83700
0.83700
0.83700
0.83700
0.83700
0.83700
0.83700
0.83700
0.83700
0.83700
0.83700
0.83700
0.83700
0.83700
0.83700
0.83700
0.83700
0.83700
0.83700
0.83700
0.83700
0.83700
0.83700
0.83700
0.83700
0.83700
0.83700
0.83700
0.83700
0.83700
0.83700
0.83700
0.83700
0.83700
0.83700
0.83700
0.83700
0.83700
0.83700
0.83700
0.83700
0.83700
0.83700
0.83700
0.83700
0.83700
0.83700
0.83700
0.83700
0.83700
0.83700
0.83700
0.83700
0.83700
0.83700
0.83700
0.83700
0.83700
0.83700
0.83700
0.83700
0.83700
0.83700
0.83700
0.83700
0.83700
0.83700
0.83700
0.83700
0.83700
0.83700
0.83700
0.83700
0.83700
0.83700
0.83700
0.83700
0.83700
0.83700
0.83700
0.83700
0.83700
0.83700
0.83700
0.83700
0.83700
0.83700
0.83700
0.83700
0.83700
0.83700
0.83700
0.83700
0.83700
0.83700
0.83700
0.83700
0.83700
0.83700
0.83700
0.83700
0.83700
0.83700
0.83700
0.83700
0.83700
0.83700
0.83700
0.83700
0.83700
0.83700
0.83700
0.83700
0.83700
0.83700
0.83700
0.83700
0.83700
0.83700
0.83700
0.83700
0.83700
0.83700
0.83700
0.83700
0.83700
0.83700
0.83700
0.83700
0.83700
0.83700
0.83700
0.83700
0.83700
0.83700
0.83700
0.83700
0.83700
0.83700
0.83700
0.83700
0.83700
0.83700
0.83700
0.83700
0.83700
0.83700
0.83700
0.83700
0.83700
0.83700
0.83700
0.83700
0.83700
0.83700
0.83700
0.83700
0.83700
0.83700
0.48766
0.48806
0.48846
0.48886
0.48926
0.48966
0.49006
0.49046
0.49086
0.49126
0.49166
0.49206
0.49246
0.49286
0.49326
0.49366
0.49406
0.49446
0.49487
0.49527
0.49567
0.49607
0.49647
0.49687
0.49727
0.49767
0.49807
0.49847
0.49887
0.49927
0.49967
0.50007
0.50047
0.50087
0.50127
0.50167
0.50207
0.50247
0.50287
0.50327
0.50367
0.50407
0.50447
0.50487
0.50527
0.50567
0.50607
0.50647
0.50687
0.50727
0.50767
0.50807
0.50847
0.50887
0.50928
0.50968
0.51008
0.51048
0.51088
0.51128
0.51168
0.51208
0.51248
0.51288
0.51328
0.51368
0.51408
0.51448
0.51488
0.51485
0.51585
0.51555
0.51525
0.51495
0.51465
0.51435
0.51405
0.51375
0.51345
0.51315
0.51310
0.51330
0.51350
0.51370
0.51390
0.51410
0.51430
0.51450
0.51470
0.51490
0.51492
0.51477
0.51462
0.51448
0.51432
0.51418
0.51402
0.51387
0.51372
0.51357
0.51340
0.51320
0.51300
0.51280
0.51260
0.51240
0.51220
0.51200
0.51180
0.51160
0.51142
0.51127
0.51112
0.51097
0.51082
0.51067
0.51052
0.51037
0.51022
0.51007
0.50992
0.50977
0.50962
0.50948
0.50932
0.50917
0.50902
0.50887
0.50872
0.50857
0.50852
0.50857
0.50862
0.50867
0.50872
0.50877
0.50882
0.50887
0.50892
0.50897
0.50897
0.50892
0.50887
0.50882
0.50877
0.50872
0.50867
0.50862
0.50857
0.50852
0.50847
0.50842
0.50837
0.50832
0.50827
0.50822
0.50817
0.50812
0.50807
0.50802
0.50797
0.50792
0.50787
0.50782
0.50777
0.50772
0.50767
0.50762
0.50757
0.50752
0.50750
0.50750
0.50750
0.50750
0.50750
0.50750
0.50750
0.50750
0.50750
0.50750
0.50750
0.50750
0.50750
0.50750
0.50750
0.50750
0.50750
0.50750
0.50750
0.50750
0.50750
0.50750
0.50750
0.50750
0.50750
0.50750
0.50750
0.50750
0.50750
0.50750
0.50747
0.50742
0.50737
0.50732
0.50727
0.50722
0.50717
0.50712
0.50707
0.50702
0.50702
0.50707
0.50712
0.50717
0.50722
0.50727
0.50732
0.50737
0.50742
0.50747
0.50780
0.50840
0.50900
0.50960
0.51020
0.51080
0.51140
0.51200
0.51260
0.51320
0.51567
0.52002
0.52437
0.52872
0.53307
0.53742
0.54177
0.54612
0.55047
0.55482
0.56327
0.57582
0.58837
0.60092
0.61347
0.62602
0.63857
0.65112
0.66367
0.67622
0.68110
0.68250
0.68250
0.68250
0.68250
0.68250
0.68250
0.68250
0.68250
0.68250
0.68250
0.68250
0.68250
0.68250
0.68250
0.68250
0.68250
0.68250
0.68250
0.68250
0.68250
0.68250
0.68250
0.68250
0.68250
0.68250
0.68250
0.68250
0.68250
0.68250
0.68250
0.68250
0.68250
0.68250
0.68250
0.68250
0.68250
0.68250
0.68250
0.68250
0.68250
0.68250
0.68250
0.68250
0.68250
0.68250
0.68250
0.68250
0.68250
0.68250
0.68250
0.68250
0.68250
0.68250
0.68250
0.68250
0.68250
0.68250
0.68250
0.68250
0.68250
0.68250
0.68250
0.68250
0.68250
0.68250
0.68250
0.68250
0.68250
0.68250
0.68250
0.68250
0.68250
0.68250
0.68250
0.68250
0.68250
0.68250
0.68250
0.68250
0.68250
0.68250
0.68250
0.68250
0.68250
0.68250
0.68250
0.68250
0.68250
0.68250
0.68250
0.68250
0.68250
0.68250
0.68250
0.68250
0.68250
0.68250
0.68250
0.68250
0.68250
0.68250
0.68250
0.68250
0.68250
0.68250
0.68250
0.68250
0.68250
0.68250
0.68250
0.68250
0.68250
0.68250
0.68250
0.68250
0.68250
0.68250
0.68250
0.68250
0.68250
0.68250
0.68250
0.68250
0.68250
0.68250
0.68250
0.68250
0.68250
0.68250
0.68250
0.68250
0.68250
0.68250
0.68250
0.68250
0.68250
0.68250
0.68250
0.68250
0.68250
0.68250
0.68250
0.68250
0.68250
0.68250
0.68250
0.68250
0.68250
0.68250
0.68250
0.68250
0.68250
0.68250
0.68250
0.68250
0.68250
0.68250
0.68250
0.68250
0.68250
0.68250
0.68250
0.68250
0.68250
0.68250
0.68250
0.68250
0.68250
0.68250
0.68250
0.45295
0.45369
0.45444
0.45519
0.45594
0.45668
0.45743
0.45818
0.45892
0.45967
0.46042
0.46117
0.46191
0.46266
0.46341
0.46416
0.46490
0.46565
0.46640
0.46714
0.46789
0.46864
0.46939
0.47013
0.47088
0.47163
0.47237
0.47312
0.47387
0.47462
0.47536
0.47611
0.47686
0.47761
0.47835
0.47910
0.47985
0.48059
0.48134
0.48209
0.48284
0.48358
0.48433
0.48508
0.48582
0.48657
0.48732
0.48807
0.48881
0.48956
0.49031
0.49106
0.49180
0.49255
0.49330
0.49404
0.49479
0.49554
0.49629
0.49703
0.49778
0.49853
0.49928
0.50002
0.50077
0.50152
0.50226
0.50301
0.50376
0.50451
0.50525
0.50600
0.50620
0.50640
0.50660
0.50680
0.50700
0.50720
0.50740
0.50760
0.50780
0.50800
0.50800
0.50800
0.50800
0.50800
0.50800
0.50800
0.50800
0.50800
0.50800
0.50800
0.50790
0.50780
0.50770
0.50760
0.50750
0.50740
0.50730
0.50720
0.50710
0.50700
0.50670
0.50640
0.50610
0.50580
0.50550
0.50520
0.50490
0.50460
0.50430
0.50400
0.50370
0.50340
0.50310
0.50280
0.50250
0.50220
0.50190
0.50160
0.50130
0.50100
0.50070
0.50040
0.50010
0.49980
0.49950
0.49920
0.49890
0.49860
0.49830
0.49800
0.49810
0.49820
0.49830
0.49840
0.49850
0.49860
0.49870
0.49880
0.49890
0.49900
0.49890
0.49880
0.49870
0.49860
0.49850
0.49840
0.49830
0.49820
0.49810
0.49800
0.49800
0.49800
0.49800
0.49800
0.49800
0.49800
0.49800
0.49800
0.49800
0.49800
0.49790
0.49780
0.49770
0.49760
0.49750
0.49740
0.49730
0.49720
0.49710
0.49700
0.49700
0.49700
0.49700
0.49700
0.49700
0.49700
0.49700
0.49700
0.49700
0.49700
0.49700
0.49700
0.49700
0.49700
0.49700
0.49700
0.49700
0.49700
0.49700
0.49700
0.49700
0.49700
0.49700
0.49700
0.49700
0.49700
0.49700
0.49700
0.49700
0.49700
0.49690
0.49680
0.49670
0.49660
0.49650
0.49640
0.49630
0.49620
0.49610
0.49600
0.49600
0.49600
0.49600
0.49600
0.49600
0.49600
0.49600
0.49600
0.49600
0.49600
0.49600
0.49600
0.49600
0.49600
0.49600
0.49600
0.49600
0.49600
0.49600
0.49600
0.49640
0.49680
0.49720
0.49760
0.49800
0.49840
0.49880
0.49920
0.49960
0.50000
0.50280
0.50560
0.50840
0.51120
0.51400
0.51680
0.51960
0.52240
0.52520
0.52800
0.52800
0.52800
0.52800
0.52800
0.52800
0.52800
0.52800
0.52800
0.52800
0.52800
0.52800
0.52800
0.52800
0.52800
0.52800
0.52800
0.52800
0.52800
0.52800
0.52800
0.52800
0.52800
0.52800
0.52800
0.52800
0.52800
0.52800
0.52800
0.52800
0.52800
0.52800
0.52800
0.52800
0.52800
0.52800
0.52800
0.52800
0.52800
0.52800
0.52800
0.52800
0.52800
0.52800
0.52800
0.52800
0.52800
0.52800
0.52800
0.52800
0.52800
0.52800
0.52800
0.52800
0.52800
0.52800
0.52800
0.52800
0.52800
0.52800
0.52800
0.52800
0.52800
0.52800
0.52800
0.52800
0.52800
0.52800
0.52800
0.52800
0.52800
0.52800
0.52800
0.52800
0.52800
0.52800
0.52800
0.52800
0.52800
0.52800
0.52800
0.52800
0.52800
0.52800
0.52800
0.52800
0.52800
0.52800
0.52800
0.52800
0.52800
0.52800
0.52800
0.52800
0.52800
0.52800
0.52800
0.52800
0.52800
0.52800
0.52800
0.52800
0.52800
0.52800
0.52800
0.52800
0.52800
0.52800
0.52800
0.52800
0.52800
0.52800
0.52800
0.52800
0.52800
0.52800
0.52800
0.52800
0.52800
0.52800
0.52800
0.52800
0.52800
0.52800
0.52800
0.52800
0.52800
0.52800
0.52800
0.52800
0.52800
0.52800
0.52800
0.52800
0.52800
0.52800
0.52800
0.52800
0.52800
0.52800
0.52800
0.52800
0.52800
0.52800
0.52800
0.52800
0.52800
0.52800
0.52800
0.52800
0.52800
0.52800
0.52800
0.52800
0.52800
0.52800
0.52800
0.52800
0.52800
0.52800
0.52800
0.52800
0.52800
0.52800
0.52800
0.52800
0.52800
0.52800
0.52800
0.52800
0.43191
0.43270
0.43350
0.43429
0.43508
0.43588
0.43667
0.43746
0.43826
0.43905
0.43984
0.44064
0.44143
0.44222
0.44302
0.44381
0.44460
0.44540
0.44619
0.44698
0.44778
0.44857
0.44936
0.45016
0.45095
0.45174
0.45254
0.45333
0.45412
0.45492
0.45571
0.45650
0.45730
0.45809
0.45888
0.45968
0.46047
0.46126
0.46206
0.46285
0.46365
0.46444
0.46523
0.46603
0.46682
0.46761
0.46841
0.46920
0.46999
0.47079
0.47158
0.47237
0.47317
0.47396
0.47475
0.47555
0.47634
0.47713
0.47793
0.47872
0.47951
0.48031
0.48110
0.48189
0.48269
0.48348
0.48427
0.48507
0.48586
0.48665
0.48745
0.48824
0.48876
0.48957
0.48972
0.48988
0.49003
0.49018
0.49033
0.49047
0.49062
0.49077
0.49092
0.49102
0.49107
0.49112
0.49117
0.49122
0.49128
0.49132
0.49138
0.49143
0.49147
0.49147
0.49143
0.49138
0.49133
0.49127
0.49123
0.49117
0.49112
0.49108
0.49103
0.49095
0.49085
0.49075
0.49065
0.49055
0.49045
0.49035
0.49025
0.49015
0.49005
0.49005
0.49015
0.49025
0.49035
0.49045
0.49055
0.49065
0.49075
0.49085
0.49095
0.49090
0.49070
0.49050
0.49030
0.49010
0.48990
0.48970
0.48950
0.48930
0.48910
0.48900
0.48900
0.48900
0.48900
0.48900
0.48900
0.48900
0.48900
0.48900
0.48900
0.48892
0.48878
0.48862
0.48847
0.48832
0.48817
0.48802
0.48788
0.48773
0.48757
0.48745
0.48735
0.48725
0.48715
0.48705
0.48695
0.48685
0.48675
0.48665
0.48655
0.48645
0.48635
0.48625
0.48615
0.48605
0.48595
0.48585
0.48575
0.48565
0.48555
0.48545
0.48535
0.48525
0.48515
0.48505
0.48495
0.48485
0.48475
0.48465
0.48455
0.48445
0.48435
0.48425
0.48415
0.48405
0.48395
0.48385
0.48375
0.48365
0.48355
0.48347
0.48342
0.48337
0.48333
0.48328
0.48322
0.48317
0.48313
0.48308
0.48302
0.48295
0.48285
0.48275
0.48265
0.48255
0.48245
0.48235
0.48225
0.48215
0.48205
0.48200
0.48200
0.48200
0.48200
0.48200
0.48200
0.48200
0.48200
0.48200
0.48200
0.48200
0.48200
0.48200
0.48200
0.48200
0.48200
0.48200
0.48200
0.48200
0.48200
0.48218
0.48253
0.48288
0.48323
0.48358
0.48392
0.48428
0.48462
0.48497
0.48533
0.48622
0.48767
0.48912
0.49057
0.49203
0.49347
0.49492
0.49638
0.49783
0.49928
0.49995
0.50000
0.50000
0.50000
0.50000
0.50000
0.50000
0.50000
0.50000
0.50000
0.50000
0.50000
0.50000
0.50000
0.50000
0.50000
0.50000
0.50000
0.50000
0.50000
0.50000
0.50000
0.50000
0.50000
0.50000
0.50000
0.50000
0.50000
0.50000
0.50000
0.50000
0.50000
0.50000
0.50000
0.50000
0.50000
0.50000
0.50000
0.50000
0.50000
0.50000
0.50000
0.50000
0.50000
0.50000
0.50000
0.50000
0.50000
0.50000
0.50000
0.50000
0.50000
0.50000
0.50000
0.50000
0.50000
0.50000
0.50000
0.50000
0.50000
0.50000
0.50000
0.50000
0.50000
0.50000
0.50000
0.50000
0.50000
0.50000
0.50000
0.50000
0.50000
0.50000
0.50000
0.50000
0.50000
0.50000
0.50000
0.50000
0.50000
0.50000
0.50000
0.50000
0.50000
0.50000
0.50000
0.50000
0.50000
0.50000
0.50000
0.50000
0.50000
0.50000
0.50000
0.50000
0.50000
0.50000
0.50000
0.50000
0.50000
0.50000
0.50000
0.50000
0.50000
0.50000
0.50000
0.50000
0.50000
0.50000
0.50000
0.50000
0.50000
0.50000
0.50000
0.50000
0.50000
0.50000
0.50000
0.50000
0.50000
0.50000
0.50000
0.50000
0.50000
0.50000
0.50000
0.50000
0.50000
0.50000
0.50000
0.50000
0.50000
0.50000
0.50000
0.50000
0.50000
0.50000
0.50000
0.50000
0.50000
0.50000
0.50000
0.50000
0.50000
0.50000
0.50000
0.50000
0.50000
0.50000
0.50000
0.50000
0.50000
0.50000
0.50000
0.50000
0.50000
0.50000
0.50000
0.50000
0.50000
0.50000
0.50000
0.50000
0.50000
0.50000
0.50000
0.50000
0.50000
0.41087
0.41171
0.41255
0.41339
0.41423
0.41507
0.41591
0.41675
0.41759
0.41843
0.41927
0.42011
0.42095
0.42179
0.42262
0.42346
0.42430
0.42514
0.42598
0.42682
0.42766
0.42850
0.42934
0.43018
0.43102
0.43186
0.43270
0.43354
0.43438
0.43522
0.43606
0.43690
0.43774
0.43858
0.43942
0.44026
0.44110
0.44194
0.44277
0.44361
0.44445
0.44529
0.44613
0.44697
0.44781
0.44865
0.44949
0.45033
0.45117
0.45201
0.45285
0.45369
0.45453
0.45537
0.45621
0.45705
0.45789
0.45873
0.45957
0.46041
0.46125
0.46209
0.46292
0.46376
0.46460
0.46544
0.46628
0.46712
0.46796
0.46880
0.46964
0.47048
0.47132
0.47216
0.47300
0.47310
0.47320
0.47330
0.47340
0.47350
0.47360
0.47370
0.47380
0.47390
0.47400
0.47410
0.47420
0.47430
0.47440
0.47450
0.47460
0.47470
0.47480
0.47490
0.47500
0.47500
0.47500
0.47500
0.47500
0.47500
0.47500
0.47500
0.47500
0.47500
0.47500
0.47510
0.47520
0.47530
0.47540
0.47550
0.47560
0.47570
0.47580
0.47590
0.47600
0.47650
0.47700
0.47750
0.47800
0.47850
0.47900
0.47950
0.48000
0.48050
0.48100
0.48090
0.48080
0.48070
0.48060
0.48050
0.48040
0.48030
0.48020
0.48010
0.48000
0.47990
0.47980
0.47970
0.47960
0.47950
0.47940
0.47930
0.47920
0.47910
0.47900
0.47880
0.47860
0.47840
0.47820
0.47800
0.47780
0.47760
0.47740
0.47720
0.47700
0.47680
0.47660
0.47640
0.47620
0.47600
0.47580
0.47560
0.47540
0.47520
0.47500
0.47490
0.47480
0.47470
0.47460
0.47450
0.47440
0.47430
0.47420
0.47410
0.47400
0.47380
0.47360
0.47340
0.47320
0.47300
0.47280
0.47260
0.47240
0.47220
0.47200
0.47180
0.47160
0.47140
0.47120
0.47100
0.47080
0.47060
0.47040
0.47020
0.47000
0.46990
0.46980
0.46970
0.46960
0.46950
0.46940
0.46930
0.46920
0.46910
0.46900
0.46890
0.46880
0.46870
0.46860
0.46850
0.46840
0.46830
0.46820
0.46810
0.46800
0.46800
0.46800
0.46800
0.46800
0.46800
0.46800
0.46800
0.46800
0.46800
0.46800
0.46800
0.46800
0.46800
0.46800
0.46800
0.46800
0.46800
0.46800
0.46800
0.46800
0.46830
0.46860
0.46890
0.46920
0.46950
0.46980
0.47010
0.47040
0.47070
0.47100
0.47110
0.47120
0.47130
0.47140
0.47150
0.47160
0.47170
0.47180
0.47190
0.47200
0.47200
0.47200
0.47200
0.47200
0.47200
0.47200
0.47200
0.47200
0.47200
0.47200
0.47200
0.47200
0.47200
0.47200
0.47200
0.47200
0.47200
0.47200
0.47200
0.47200
0.47200
0.47200
0.47200
0.47200
0.47200
0.47200
0.47200
0.47200
0.47200
0.47200
0.47200
0.47200
0.47200
0.47200
0.47200
0.47200
0.47200
0.47200
0.47200
0.47200
0.47200
0.47200
0.47200
0.47200
0.47200
0.47200
0.47200
0.47200
0.47200
0.47200
0.47200
0.47200
0.47200
0.47200
0.47200
0.47200
0.47200
0.47200
0.47200
0.47200
0.47200
0.47200
0.47200
0.47200
0.47200
0.47200
0.47200
0.47200
0.47200
0.47200
0.47200
0.47200
0.47200
0.47200
0.47200
0.47200
0.47200
0.47200
0.47200
0.47200
0.47200
0.47200
0.47200
0.47200
0.47200
0.47200
0.47200
0.47200
0.47200
0.47200
0.47200
0.47200
0.47200
0.47200
0.47200
0.47200
0.47200
0.47200
0.47200
0.47200
0.47200
0.47200
0.47200
0.47200
0.47200
0.47200
0.47200
0.47200
0.47200
0.47200
0.47200
0.47200
0.47200
0.47200
0.47200
0.47200
0.47200
0.47200
0.47200
0.47200
0.47200
0.47200
0.47200
0.47200
0.47200
0.47200
0.47200
0.47200
0.47200
0.47200
0.47200
0.47200
0.47200
0.47200
0.47200
0.47200
0.47200
0.47200
0.47200
0.47200
0.47200
0.47200
0.47200
0.47200
0.47200
0.47200
0.47200
0.47200
0.47200
0.47200
0.47200
0.47200
0.47200
0.47200
0.47200
0.47200
0.47200
0.47200
0.47200
0.47200
0.47200
0.47200
0.47200
0.47200
0.47200
0.47200
0.36324
0.36406
0.36488
0.36570
0.36651
0.36733
0.36815
0.36897
0.36979
0.37060
0.37142
0.37224
0.37306
0.37388
0.37470
0.37551
0.37633
0.37715
0.37797
0.37879
0.37961
0.38042
0.38124
0.38206
0.38288
0.38370
0.38452
0.38533
0.38615
0.38697
0.38779
0.38861
0.38943
0.39024
0.39106
0.39188
0.39270
0.39352
0.39434
0.39515
0.39597
0.39679
0.39761
0.39843
0.39925
0.40006
0.40088
0.40170
0.40252
0.40334
0.40415
0.40497
0.40579
0.40661
0.40743
0.40825
0.40906
0.40988
0.41070
0.41152
0.41234
0.41316
0.41397
0.41479
0.41561
0.41643
0.41725
0.41807
0.41888
0.41970
0.42052
0.42134
0.42216
0.42298
0.42379
0.42461
0.42586
0.42759
0.42931
0.43104
0.43276
0.43449
0.43621
0.43794
0.43966
0.44139
0.44275
0.44375
0.44475
0.44575
0.44675
0.44775
0.44875
0.44975
0.45075
0.45175
0.45253
0.45308
0.45363
0.45418
0.45473
0.45528
0.45583
0.45638
0.45693
0.45748
0.45784
0.45801
0.45819
0.45836
0.45854
0.45871
0.45889
0.45906
0.45924
0.45941
0.45956
0.45969
0.45981
0.45994
0.46006
0.46019
0.46031
0.46044
0.46056
0.46069
0.46080
0.46090
0.46100
0.46110
0.46120
0.46130
0.46140
0.46150
0.46160
0.46170
0.46179
0.46186
0.46194
0.46201
0.46209
0.46216
0.46224
0.46231
0.46239
0.46246
0.46245
0.46235
0.46225
0.46215
0.46205
0.46195
0.46185
0.46175
0.46165
0.46155
0.46146
0.46139
0.46131
0.46124
0.46116
0.46109
0.46101
0.46094
0.46086
0.46079
0.46066
0.46049
0.46031
0.46014
0.45996
0.45979
0.45961
0.45944
0.45926
0.45909
0.45890
0.45870
0.45850
0.45830
0.45810
0.45790
0.45770
0.45750
0.45730
0.45710
0.45694
0.45681
0.45669
0.45656
0.45644
0.45631
0.45619
0.45606
0.45594
0.45581
0.45565
0.45545
0.45525
0.45505
0.45485
0.45465
0.45445
0.45425
0.45405
0.45385
0.45369
0.45356
0.45344
0.45331
0.45319
0.45306
0.45294
0.45281
0.45269
0.45256
0.45246
0.45239
0.45231
0.45224
0.45216
0.45209
0.45201
0.45194
0.45186
0.45179
0.45171
0.45164
0.45156
0.45149
0.45141
0.45134
0.45126
0.45119
0.45111
0.45104
0.45099
0.45096
0.45094
0.45091
0.45089
0.45086
0.45084
0.45081
0.45079
0.45076
0.45075
0.45075
0.45075
0.45075
0.45075
0.45075
0.45075
0.45075
0.45075
0.45075
0.45075
0.45075
0.45075
0.45075
0.45075
0.45075
0.45075
0.45075
0.45075
0.45075
0.45075
0.45075
0.45075
0.45075
0.45075
0.45075
0.45075
0.45075
0.45075
0.45075
0.45075
0.45075
0.45075
0.45075
0.45075
0.45075
0.45075
0.45075
0.45075
0.45075
0.45075
0.45075
0.45075
0.45075
0.45075
0.45075
0.45075
0.45075
0.45075
0.45075
0.45075
0.45075
0.45075
0.45075
0.45075
0.45075
0.45075
0.45075
0.45075
0.45075
0.45075
0.45075
0.45075
0.45075
0.45075
0.45075
0.45075
0.45075
0.45075
0.45075
0.45075
0.45075
0.45075
0.45075
0.45075
0.45075
0.45075
0.45075
0.45075
0.45075
0.45075
0.45075
0.45075
0.45075
0.45075
0.45075
0.45075
0.45075
0.45075
0.45075
0.45075
0.45075
0.45075
0.45075
0.45075
0.45075
0.45075
0.45075
0.45075
0.45075
0.45075
0.45075
0.45075
0.45075
0.45075
0.45075
0.45075
0.45075
0.45075
0.45075
0.45075
0.45075
0.45075
0.45075
0.45075
0.45075
0.45075
0.45075
0.45075
0.45075
0.45075
0.45075
0.45075
0.45075
0.45075
0.45075
0.45075
0.45075
0.45075
0.45075
0.45075
0.45075
0.45075
0.45075
0.45075
0.45075
0.45075
0.45075
0.45075
0.45075
0.45075
0.45075
0.45075
0.45075
0.45075
0.45075
0.45075
0.45075
0.45075
0.45075
0.45075
0.45075
0.45075
0.45075
0.45075
0.45075
0.45075
0.45075
0.45075
0.45075
0.45075
0.45075
0.45075
0.45075
0.45075
0.45075
0.45075
0.45075
0.45075
0.45075
0.45075
0.45075
0.45075
0.45075
0.45075
0.29925
0.30000
0.30074
0.30148
0.30223
0.30297
0.30371
0.30446
0.30520
0.30594
0.30669
0.30743
0.30817
0.30892
0.30966
0.31040
0.31115
0.31189
0.31264
0.31338
0.31412
0.31487
0.31561
0.31635
0.31710
0.31784
0.31858
0.31933
0.32007
0.32081
0.32156
0.32230
0.32304
0.32379
0.32453
0.32527
0.32602
0.32676
0.32751
0.32825
0.32899
0.32974
0.33048
0.33122
0.33197
0.33271
0.33345
0.33420
0.33494
0.33568
0.33643
0.33717
0.33791
0.33866
0.33940
0.34015
0.34089
0.34163
0.34238
0.34312
0.34386
0.34461
0.34535
0.34609
0.34684
0.34758
0.34832
0.34907
0.34981
0.35055
0.35130
0.35204
0.35279
0.35353
0.35427
0.35502
0.35576
0.35650
0.35840
0.36030
0.36220
0.36410
0.36600
0.36790
0.36980
0.37170
0.37360
0.37550
0.37670
0.37790
0.37910
0.38030
0.38150
0.38270
0.38390
0.38510
0.38630
0.38750
0.39020
0.39290
0.39560
0.39830
0.40100
0.40370
0.40640
0.40910
0.41180
0.41450
0.41610
0.41770
0.41930
0.42090
0.42250
0.42410
0.42570
0.42730
0.42890
0.43050
0.43145
0.43240
0.43335
0.43430
0.43525
0.43620
0.43715
0.43810
0.43905
0.44000
0.44045
0.44090
0.44135
0.44180
0.44225
0.44270
0.44315
0.44360
0.44405
0.44450
0.44465
0.44480
0.44495
0.44510
0.44525
0.44540
0.44555
0.44570
0.44585
0.44600
0.44615
0.44630
0.44645
0.44660
0.44675
0.44690
0.44705
0.44720
0.44735
0.44750
0.44755
0.44760
0.44765
0.44770
0.44775
0.44780
0.44785
0.44790
0.44795
0.44800
0.44800
0.44800
0.44800
0.44800
0.44800
0.44800
0.44800
0.44800
0.44800
0.44800
0.44790
0.44780
0.44770
0.44760
0.44750
0.44740
0.44730
0.44720
0.44710
0.44700
0.44685
0.44670
0.44655
0.44640
0.44625
0.44610
0.44595
0.44580
0.44565
0.44550
0.44530
0.44510
0.44490
0.44470
0.44450
0.44430
0.44410
0.44390
0.44370
0.44350
0.44330
0.44310
0.44290
0.44270
0.44250
0.44230
0.44210
0.44190
0.44170
0.44150
0.44140
0.44130
0.44120
0.44110
0.44100
0.44090
0.44080
0.44070
0.44060
0.44050
0.44045
0.44040
0.44035
0.44030
0.44025
0.44020
0.44015
0.44010
0.44005
0.44000
0.43990
0.43980
0.43970
0.43960
0.43950
0.43940
0.43930
0.43920
0.43910
0.43900
0.43895
0.43890
0.43885
0.43880
0.43875
0.43870
0.43865
0.43860
0.43855
0.43850
0.43850
0.43850
0.43850
0.43850
0.43850
0.43850
0.43850
0.43850
0.43850
0.43850
0.43850
0.43850
0.43850
0.43850
0.43850
0.43850
0.43850
0.43850
0.43850
0.43850
0.43850
0.43850
0.43850
0.43850
0.43850
0.43850
0.43850
0.43850
0.43850
0.43850
0.43850
0.43850
0.43850
0.43850
0.43850
0.43850
0.43850
0.43850
0.43850
0.43850
0.43850
0.43850
0.43850
0.43850
0.43850
0.43850
0.43850
0.43850
0.43850
0.43850
0.43850
0.43850
0.43850
0.43850
0.43850
0.43850
0.43850
0.43850
0.43850
0.43850
0.43850
0.43850
0.43850
0.43850
0.43850
0.43850
0.43850
0.43850
0.43850
0.43850
0.43850
0.43850
0.43850
0.43850
0.43850
0.43850
0.43850
0.43850
0.43850
0.43850
0.43850
0.43850
0.43850
0.43850
0.43850
0.43850
0.43850
0.43850
0.43850
0.43850
0.43850
0.43850
0.43850
0.43850
0.43850
0.43850
0.43850
0.43850
0.43850
0.43850
0.43850
0.43850
0.43850
0.43850
0.43850
0.43850
0.43850
0.43850
0.43850
0.43850
0.43850
0.43850
0.43850
0.43850
0.43850
0.43850
0.43850
0.43850
0.43850
0.43850
0.43850
0.43850
0.43850
0.43850
0.43850
0.43850
0.43850
0.43850
0.43850
0.43850
0.43850
0.43850
0.43850
0.43850
0.43850
0.43850
0.43850
0.43850
0.43850
0.43850
0.43850
0.43850
0.43850
0.43850
0.43850
0.43850
0.43850
0.43850
0.43850
0.43850
0.43850
0.43850
0.43850
0.43850
0.43850
0.43850
0.43850
0.43850
0.43850
0.43850
0.43850
0.43850
0.43850
0.24852
0.24920
0.24988
0.25057
0.25125
0.25194
0.25262
0.25331
0.25399
0.25468
0.25536
0.25605
0.25673
0.25742
0.25810
0.25879
0.25947
0.26016
0.26084
0.26153
0.26221
0.26289
0.26358
0.26426
0.26495
0.26563
0.26632
0.26700
0.26769
0.26837
0.26906
0.26974
0.27043
0.27111
0.27180
0.27248
0.27317
0.27385
0.27453
0.27522
0.27590
0.27659
0.27727
0.27796
0.27864
0.27933
0.28001
0.28070
0.28138
0.28207
0.28275
0.28344
0.28412
0.28481
0.28549
0.28618
0.28686
0.28754
0.28823
0.28891
0.28960
0.29028
0.29097
0.29165
0.29234
0.29302
0.29371
0.29439
0.29508
0.29576
0.29645
0.29713
0.29782
0.29850
0.29918
0.29987
0.30055
0.30124
0.30190
0.30291
0.30424
0.30556
0.30689
0.30821
0.30954
0.31086
0.31219
0.31351
0.31484
0.31601
0.31704
0.31806
0.31909
0.32011
0.32114
0.32216
0.32319
0.32421
0.32524
0.32637
0.32762
0.32887
0.33012
0.33137
0.33262
0.33387
0.33512
0.33637
0.33762
0.33867
0.33952
0.34037
0.34122
0.34207
0.34292
0.34377
0.34462
0.34547
0.34632
0.34872
0.35267
0.35662
0.36057
0.36452
0.36847
0.37242
0.37637
0.38032
0.38427
0.38740
0.38970
0.39200
0.39430
0.39660
0.39890
0.40120
0.40350
0.40580
0.40810
0.41000
0.41150
0.41300
0.41450
0.41600
0.41750
0.41900
0.42050
0.42200
0.42350
0.42456
0.42519
0.42581
0.42644
0.42706
0.42769
0.42831
0.42894
0.42956
0.43019
0.43062
0.43087
0.43112
0.43137
0.43162
0.43187
0.43212
0.43237
0.43262
0.43288
0.43305
0.43315
0.43325
0.43335
0.43345
0.43355
0.43365
0.43375
0.43385
0.43395
0.43400
0.43400
0.43400
0.43400
0.43400
0.43400
0.43400
0.43400
0.43400
0.43400
0.43402
0.43407
0.43412
0.43417
0.43422
0.43427
0.43432
0.43437
0.43442
0.43448
0.43448
0.43442
0.43437
0.43432
0.43427
0.43422
0.43417
0.43412
0.43407
0.43402
0.43390
0.43370
0.43350
0.43330
0.43310
0.43290
0.43270
0.43250
0.43230
0.43210
0.43194
0.43181
0.43169
0.43156
0.43144
0.43131
0.43119
0.43106
0.43094
0.43081
0.43066
0.43049
0.43031
0.43014
0.42996
0.42979
0.42961
0.42944
0.42926
0.42909
0.42891
0.42874
0.42856
0.42839
0.42821
0.42804
0.42786
0.42769
0.42751
0.42734
0.42720
0.42710
0.42700
0.42690
0.42680
0.42670
0.42660
0.42650
0.42640
0.42630
0.42625
0.42625
0.42625
0.42625
0.42625
0.42625
0.42625
0.42625
0.42625
0.42625
0.42625
0.42625
0.42625
0.42625
0.42625
0.42625
0.42625
0.42625
0.42625
0.42625
0.42625
0.42625
0.42625
0.42625
0.42625
0.42625
0.42625
0.42625
0.42625
0.42625
0.42625
0.42625
0.42625
0.42625
0.42625
0.42625
0.42625
0.42625
0.42625
0.42625
0.42625
0.42625
0.42625
0.42625
0.42625
0.42625
0.42625
0.42625
0.42625
0.42625
0.42625
0.42625
0.42625
0.42625
0.42625
0.42625
0.42625
0.42625
0.42625
0.42625
0.42625
0.42625
0.42625
0.42625
0.42625
0.42625
0.42625
0.42625
0.42625
0.42625
0.42625
0.42625
0.42625
0.42625
0.42625
0.42625
0.42625
0.42625
0.42625
0.42625
0.42625
0.42625
0.42625
0.42625
0.42625
0.42625
0.42625
0.42625
0.42625
0.42625
0.42625
0.42625
0.42625
0.42625
0.42625
0.42625
0.42625
0.42625
0.42625
0.42625
0.42625
0.42625
0.42625
0.42625
0.42625
0.42625
0.42625
0.42625
0.42625
0.42625
0.42625
0.42625
0.42625
0.42625
0.42625
0.42625
0.42625
0.42625
0.42625
0.42625
0.42625
0.42625
0.42625
0.42625
0.42625
0.42625
0.42625
0.42625
0.42625
0.42625
0.42625
0.42625
0.42625
0.42625
0.42625
0.42625
0.42625
0.42625
0.42625
0.42625
0.42625
0.42625
0.42625
0.42625
0.42625
0.42625
0.42625
0.42625
0.42625
0.42625
0.42625
0.42625
0.42625
0.42625
0.42625
0.42625
0.42625
0.42625
0.42625
0.42625
0.42625
0.42625
0.20085
0.20149
0.20213
0.20277
0.20341
0.20405
0.20468
0.20532
0.20596
0.20660
0.20724
0.20788
0.20852
0.20916
0.20980
0.21044
0.21108
0.21172
0.21236
0.21300
0.21364
0.21428
0.21492
0.21555
0.21619
0.21683
0.21747
0.21811
0.21875
0.21939
0.22003
0.22067
0.22131
0.22195
0.22259
0.22323
0.22387
0.22451
0.22515
0.22578
0.22642
0.22706
0.22770
0.22834
0.22898
0.22962
0.23026
0.23090
0.23154
0.23218
0.23282
0.23346
0.23410
0.23474
0.23538
0.23602
0.23665
0.23729
0.23793
0.23857
0.23921
0.23985
0.24049
0.24113
0.24177
0.24241
0.24305
0.24369
0.24433
0.24497
0.24561
0.24625
0.24688
0.24752
0.24816
0.24880
0.24944
0.25008
0.25072
0.25136
0.25200
0.25220
0.25240
0.25260
0.25280
0.25300
0.25320
0.25340
0.25360
0.25380
0.25400
0.25440
0.25480
0.25520
0.25560
0.25600
0.25640
0.25680
0.25720
0.25760
0.25800
0.26000
0.26200
0.26400
0.26600
0.26800
0.27000
0.27200
0.27400
0.27600
0.27800
0.27890
0.27980
0.28070
0.28160
0.28250
0.28340
0.28430
0.28520
0.28610
0.28700
0.28800
0.28900
0.29000
0.29100
0.29200
0.29300
0.29400
0.29500
0.29600
0.29700
0.29740
0.29780
0.29820
0.29860
0.29900
0.29940
0.29980
0.30020
0.30060
0.30100
0.30680
0.31260
0.31840
0.32420
0.33000
0.33580
0.34160
0.34740
0.35320
0.35900
0.36210
0.36520
0.36830
0.37140
0.37450
0.37760
0.38070
0.38380
0.38690
0.39000
0.39190
0.39380
0.39570
0.39760
0.39950
0.40140
0.40330
0.40520
0.40710
0.40900
0.40980
0.41060
0.41140
0.41220
0.41300
0.41380
0.41460
0.41540
0.41620
0.41700
0.41730
0.41760
0.41790
0.41820
0.41850
0.41880
0.41910
0.41940
0.41970
0.42000
0.42010
0.42020
0.42030
0.42040
0.42050
0.42060
0.42070
0.42080
0.42090
0.42100
0.42100
0.42100
0.42100
0.42100
0.42100
0.42100
0.42100
0.42100
0.42100
0.42100
0.42110
0.42120
0.42130
0.42140
0.42150
0.42160
0.42170
0.42180
0.42190
0.42200
0.42190
0.42180
0.42170
0.42160
0.42150
0.42140
0.42130
0.42120
0.42110
0.42100
0.42090
0.42080
0.42070
0.42060
0.42050
0.42040
0.42030
0.42020
0.42010
0.42000
0.41980
0.41960
0.41940
0.41920
0.41900
0.41880
0.41860
0.41840
0.41820
0.41800
0.41790
0.41780
0.41770
0.41760
0.41750
0.41740
0.41730
0.41720
0.41710
0.41700
0.41700
0.41700
0.41700
0.41700
0.41700
0.41700
0.41700
0.41700
0.41700
0.41700
0.41700
0.41700
0.41700
0.41700
0.41700
0.41700
0.41700
0.41700
0.41700
0.41700
0.41700
0.41700
0.41700
0.41700
0.41700
0.41700
0.41700
0.41700
0.41700
0.41700
0.41700
0.41700
0.41700
0.41700
0.41700
0.41700
0.41700
0.41700
0.41700
0.41700
0.41700
0.41700
0.41700
0.41700
0.41700
0.41700
0.41700
0.41700
0.41700
0.41700
0.41700
0.41700
0.41700
0.41700
0.41700
0.41700
0.41700
0.41700
0.41700
0.41700
0.41700
0.41700
0.41700
0.41700
0.41700
0.41700
0.41700
0.41700
0.41700
0.41700
0.41700
0.41700
0.41700
0.41700
0.41700
0.41700
0.41700
0.41700
0.41700
0.41700
0.41700
0.41700
0.41700
0.41700
0.41700
0.41700
0.41700
0.41700
0.41700
0.41700
0.41700
0.41700
0.41700
0.41700
0.41700
0.41700
0.41700
0.41700
0.41700
0.41700
0.41700
0.41700
0.41700
0.41700
0.41700
0.41700
0.41700
0.41700
0.41700
0.41700
0.41700
0.41700
0.41700
0.41700
0.41700
0.41700
0.41700
0.41700
0.41700
0.41700
0.41700
0.41700
0.41700
0.41700
0.41700
0.41700
0.41700
0.41700
0.41700
0.41700
0.41700
0.41700
0.41700
0.41700
0.41700
0.41700
0.41700
0.41700
0.41700
0.41700
0.41700
0.41700
0.41700
0.41700
0.41700
0.41700
0.41700
0.41700
0.41700
0.41700
0.41700
0.41700
0.41700
0.41700
0.41700
0.41700
0.41700
0.41700
0.41700
0.41700
0.14120
0.14228
0.14336
0.14444
0.14552
0.14660
0.14768
0.14877
0.14985
0.15093
0.15201
0.15309
0.15417
0.15525
0.15633
0.15741
0.15849
0.15957
0.16065
0.16173
0.16281
0.16389
0.16497
0.16605
0.16713
0.16821
0.16929
0.17037
0.17145
0.17253
0.17361
0.17469
0.17577
0.17685
0.17793
0.17901
0.18009
0.18117
0.18225
0.18333
0.18442
0.18550
0.18658
0.18766
0.18874
0.18982
0.19090
0.19198
0.19306
0.19414
0.19522
0.19630
0.19738
0.19846
0.19954
0.20062
0.20170
0.20278
0.20386
0.20494
0.20602
0.20710
0.20818
0.20926
0.21034
0.21142
0.21250
0.21358
0.21466
0.21574
0.21682
0.21790
0.21898
0.22007
0.22115
0.22223
0.22331
0.22439
0.22547
0.22655
0.22763
0.22871
0.22949
0.22946
0.22944
0.22941
0.22939
0.22936
0.22934
0.22931
0.22929
0.22926
0.22929
0.22936
0.22944
0.22951
0.22959
0.22966
0.22974
0.22981
0.22989
0.22996
0.23000
0.23000
0.23000
0.23000
0.23000
0.23000
0.23000
0.23000
0.23000
0.23000
0.23004
0.23011
0.23019
0.23026
0.23034
0.23041
0.23049
0.23056
0.23064
0.23071
0.23136
0.23259
0.23381
0.23504
0.23626
0.23749
0.23871
0.23994
0.24116
0.24239
0.24344
0.24431
0.24519
0.24606
0.24694
0.24781
0.24869
0.24956
0.25044
0.25131
0.25223
0.25318
0.25413
0.25508
0.25603
0.25698
0.25793
0.25888
0.25983
0.26078
0.26300
0.26650
0.27000
0.27350
0.27700
0.28050
0.28400
0.28750
0.29100
0.29450
0.29771
0.30064
0.30356
0.30649
0.30941
0.31234
0.31526
0.31819
0.32111
0.32404
0.32745
0.33135
0.33525
0.33915
0.34305
0.34695
0.35085
0.35475
0.35865
0.36255
0.36574
0.36821
0.37069
0.37316
0.37564
0.37811
0.38059
0.38306
0.38554
0.38801
0.38990
0.39120
0.39250
0.39380
0.39510
0.39640
0.39770
0.39900
0.40030
0.40160
0.40250
0.40300
0.40350
0.40400
0.40450
0.40500
0.40550
0.40600
0.40650
0.40700
0.40736
0.40759
0.40781
0.40804
0.40826
0.40849
0.40871
0.40894
0.40916
0.40939
0.40949
0.40946
0.40944
0.40941
0.40939
0.40936
0.40934
0.40931
0.40929
0.40926
0.40927
0.40933
0.40937
0.40943
0.40948
0.40953
0.40958
0.40963
0.40968
0.40973
0.40970
0.40960
0.40950
0.40940
0.40930
0.40920
0.40910
0.40900
0.40890
0.40880
0.40873
0.40868
0.40863
0.40858
0.40853
0.40848
0.40843
0.40838
0.40833
0.40827
0.40824
0.40825
0.40825
0.40825
0.40825
0.40825
0.40825
0.40825
0.40825
0.40825
0.40825
0.40825
0.40825
0.40825
0.40825
0.40825
0.40825
0.40825
0.40825
0.40825
0.40825
0.40825
0.40825
0.40825
0.40825
0.40825
0.40825
0.40825
0.40825
0.40825
0.40825
0.40825
0.40825
0.40825
0.40825
0.40825
0.40825
0.40825
0.40825
0.40825
0.40825
0.40825
0.40825
0.40825
0.40825
0.40825
0.40825
0.40825
0.40825
0.40825
0.40825
0.40825
0.40825
0.40825
0.40825
0.40825
0.40825
0.40825
0.40825
0.40825
0.40825
0.40825
0.40825
0.40825
0.40825
0.40825
0.40825
0.40825
0.40825
0.40825
0.40825
0.40825
0.40825
0.40825
0.40825
0.40825
0.40825
0.40825
0.40825
0.40825
0.40825
0.40825
0.40825
0.40825
0.40825
0.40825
0.40825
0.40825
0.40825
0.40825
0.40825
0.40825
0.40825
0.40825
0.40825
0.40825
0.40825
0.40825
0.40825
0.40825
0.40825
0.40825
0.40825
0.40825
0.40825
0.40825
0.40825
0.40825
0.40825
0.40825
0.40825
0.40825
0.40825
0.40825
0.40825
0.40825
0.40825
0.40825
0.40825
0.40825
0.40825
0.40825
0.40825
0.40825
0.40825
0.40825
0.40825
0.40825
0.40825
0.40825
0.40825
0.40825
0.40825
0.40825
0.40825
0.40825
0.40825
0.40825
0.40825
0.40825
0.40825
0.40825
0.40825
0.40825
0.40825
0.40825
0.40825
0.40825
0.40825
0.40825
0.40825
0.40825
0.40825
0.40825
0.40825
0.40825
0.40825
0.40825
0.40825
-0.00108
0.00140
0.00389
0.00637
0.00886
0.01134
0.01383
0.01631
0.01880
0.02128
0.02377
0.02625
0.02874
0.03122
0.03371
0.03619
0.03868
0.04116
0.04365
0.04613
0.04862
0.05110
0.05359
0.05607
0.05856
0.06104
0.06353
0.06601
0.06850
0.07098
0.07346
0.07595
0.07843
0.08092
0.08340
0.08589
0.08837
0.09086
0.09334
0.09583
0.09831
0.10080
0.10328
0.10577
0.10825
0.11074
0.11322
0.11571
0.11819
0.12068
0.12316
0.12565
0.12813
0.13062
0.13310
0.13559
0.13807
0.14056
0.14304
0.14553
0.14801
0.15050
0.15298
0.15546
0.15795
0.16043
0.16292
0.16540
0.16789
0.17037
0.17286
0.17534
0.17783
0.18031
0.18280
0.18528
0.18777
0.19025
0.19274
0.19522
0.19771
0.20019
0.20268
0.20550
0.20550
0.20550
0.20550
0.20550
0.20550
0.20550
0.20550
0.20550
0.20550
0.20550
0.20550
0.20550
0.20550
0.20550
0.20550
0.20550
0.20550
0.20550
0.20550
0.20550
0.20550
0.20550
0.20550
0.20550
0.20550
0.20550
0.20550
0.20550
0.20550
0.20550
0.20545
0.20540
0.20535
0.20530
0.20525
0.20520
0.20515
0.20510
0.20505
0.20500
0.20505
0.20510
0.20515
0.20520
0.20525
0.20530
0.20535
0.20540
0.20545
0.20550
0.20545
0.20540
0.20535
0.20530
0.20525
0.20520
0.20515
0.20510
0.20505
0.20500
0.20555
0.20610
0.20665
0.20720
0.20775
0.20830
0.20885
0.20940
0.20995
0.21050
0.21125
0.21200
0.21275
0.21350
0.21425
0.21500
0.21575
0.21650
0.21725
0.21800
0.21880
0.21960
0.22040
0.22120
0.22200
0.22280
0.22360
0.22440
0.22520
0.22600
0.22950
0.23300
0.23650
0.24000
0.24350
0.24700
0.25050
0.25400
0.25750
0.26100
0.26560
0.27020
0.27480
0.27940
0.28400
0.28860
0.29320
0.29780
0.30240
0.30700
0.31090
0.31480
0.31870
0.32260
0.32650
0.33040
0.33430
0.33820
0.34210
0.34600
0.34895
0.35190
0.35485
0.35780
0.36075
0.36370
0.36665
0.36960
0.37255
0.37550
0.37710
0.37870
0.38030
0.38190
0.38350
0.38510
0.38670
0.38830
0.38990
0.39150
0.39215
0.39280
0.39345
0.39410
0.39475
0.39540
0.39605
0.39670
0.39735
0.39800
0.39815
0.39830
0.39845
0.39860
0.39875
0.39890
0.39905
0.39920
0.39935
0.39950
0.39950
0.39950
0.39950
0.39950
0.39950
0.39950
0.39950
0.39950
0.39950
0.39950
0.39950
0.39950
0.39950
0.39950
0.39950
0.39950
0.39950
0.39950
0.39950
0.39950
0.39950
0.39950
0.39950
0.39950
0.39950
0.39950
0.39950
0.39950
0.39950
0.39950
0.39950
0.39950
0.39950
0.39950
0.39950
0.39950
0.39950
0.39950
0.39950
0.39950
0.39950
0.39950
0.39950
0.39950
0.39950
0.39950
0.39950
0.39950
0.39950
0.39950
0.39950
0.39950
0.39950
0.39950
0.39950
0.39950
0.39950
0.39950
0.39950
0.39950
0.39950
0.39950
0.39950
0.39950
0.39950
0.39950
0.39950
0.39950
0.39950
0.39950
0.39950
0.39950
0.39950
0.39950
0.39950
0.39950
0.39950
0.39950
0.39950
0.39950
0.39950
0.39950
0.39950
0.39950
0.39950
0.39950
0.39950
0.39950
0.39950
0.39950
0.39950
0.39950
0.39950
0.39950
0.39950
0.39950
0.39950
0.39950
0.39950
0.39950
0.39950
0.39950
0.39950
0.39950
0.39950
0.39950
0.39950
0.39950
0.39950
0.39950
0.39950
0.39950
0.39950
0.39950
0.39950
0.39950
0.39950
0.39950
0.39950
0.39950
0.39950
0.39950
0.39950
0.39950
0.39950
0.39950
0.39950
0.39950
0.39950
0.39950
0.39950
0.39950
0.39950
0.39950
0.39950
0.39950
0.39950
0.39950
0.39950
0.39950
0.39950
0.39950
0.39950
0.39950
0.39950
0.39950
0.39950
0.39950
0.39950
0.39950
0.39950
0.39950
0.39950
0.39950
0.39950
0.39950
0.39950
0.39950
0.39950
0.39950
0.39950
0.39950
0.39950
0.39950
0.39950
0.39950
0.39950
0.39950
0.39950
0.39950
0.39950
0.39950
0.39950
0.39950
0.39950
0.39950
0.39950
-0.09454
-0.09130
-0.08806
-0.08482
-0.08158
-0.07834
-0.07510
-0.07186
-0.06862
-0.06538
-0.06214
-0.05890
-0.05566
-0.05242
-0.04918
-0.04595
-0.04271
-0.03947
-0.03623
-0.03299
-0.02975
-0.02651
-0.02327
-0.02003
-0.01679
-0.01355
-0.01031
-0.00707
-0.00383
-0.00059
0.00265
0.00589
0.00912
0.01236
0.01560
0.01884
0.02208
0.02532
0.02856
0.03180
0.03504
0.03828
0.04152
0.04476
0.04800
0.05124
0.05448
0.05772
0.06095
0.06419
0.06743
0.07067
0.07391
0.07715
0.08039
0.08363
0.08687
0.09011
0.09335
0.09659
0.09983
0.10307
0.10631
0.10955
0.11279
0.11602
0.11926
0.12250
0.12574
0.12898
0.13222
0.13546
0.13870
0.14194
0.14518
0.14842
0.15166
0.15490
0.15814
0.16138
0.16462
0.16785
0.17109
0.17433
0.17728
0.17926
0.17929
0.17931
0.17934
0.17936
0.17939
0.17941
0.17944
0.17946
0.17949
0.17954
0.17961
0.17969
0.17976
0.17984
0.17991
0.17999
0.18006
0.18014
0.18021
0.18025
0.18025
0.18025
0.18025
0.18025
0.18025
0.18025
0.18025
0.18025
0.18025
0.18027
0.18032
0.18037
0.18042
0.18047
0.18052
0.18057
0.18062
0.18067
0.18072
0.18075
0.18075
0.18075
0.18075
0.18075
0.18075
0.18075
0.18075
0.18075
0.18075
0.18071
0.18064
0.18056
0.18049
0.18041
0.18034
0.18026
0.18019
0.18011
0.18004
0.17996
0.17989
0.17981
0.17974
0.17966
0.17959
0.17951
0.17944
0.17936
0.17929
0.17930
0.17940
0.17950
0.17960
0.17970
0.17980
0.17990
0.18000
0.18010
0.18020
0.18030
0.18040
0.18050
0.18060
0.18070
0.18080
0.18090
0.18100
0.18110
0.18120
0.18149
0.18196
0.18244
0.18291
0.18339
0.18386
0.18434
0.18481
0.18529
0.18576
0.18666
0.18799
0.18931
0.19064
0.19196
0.19329
0.19461
0.19594
0.19726
0.19859
0.20036
0.20259
0.20481
0.20704
0.20926
0.21149
0.21371
0.21594
0.21816
0.22039
0.22487
0.23162
0.23837
0.24512
0.25187
0.25862
0.26537
0.27212
0.27887
0.28562
0.29142
0.29627
0.30112
0.30597
0.31082
0.31567
0.32052
0.32537
0.33022
0.33507
0.33914
0.34241
0.34569
0.34896
0.35224
0.35551
0.35879
0.36206
0.36534
0.36861
0.37101
0.37254
0.37406
0.37559
0.37711
0.37864
0.38016
0.38169
0.38321
0.38474
0.38577
0.38632
0.38687
0.38742
0.38797
0.38852
0.38907
0.38962
0.39017
0.39072
0.39106
0.39119
0.39131
0.39144
0.39156
0.39169
0.39181
0.39194
0.39206
0.39219
0.39225
0.39225
0.39225
0.39225
0.39225
0.39225
0.39225
0.39225
0.39225
0.39225
0.39225
0.39225
0.39225
0.39225
0.39225
0.39225
0.39225
0.39225
0.39225
0.39225
0.39225
0.39225
0.39225
0.39225
0.39225
0.39225
0.39225
0.39225
0.39225
0.39225
0.39225
0.39225
0.39225
0.39225
0.39225
0.39225
0.39225
0.39225
0.39225
0.39225
0.39225
0.39225
0.39225
0.39225
0.39225
0.39225
0.39225
0.39225
0.39225
0.39225
0.39225
0.39225
0.39225
0.39225
0.39225
0.39225
0.39225
0.39225
0.39225
0.39225
0.39225
0.39225
0.39225
0.39225
0.39225
0.39225
0.39225
0.39225
0.39225
0.39225
0.39225
0.39225
0.39225
0.39225
0.39225
0.39225
0.39225
0.39225
0.39225
0.39225
0.39225
0.39225
0.39225
0.39225
0.39225
0.39225
0.39225
0.39225
0.39225
0.39225
0.39225
0.39225
0.39225
0.39225
0.39225
0.39225
0.39225
0.39225
0.39225
0.39225
0.39225
0.39225
0.39225
0.39225
0.39225
0.39225
0.39225
0.39225
0.39225
0.39225
0.39225
0.39225
0.39225
0.39225
0.39225
0.39225
0.39225
0.39225
0.39225
0.39225
0.39225
0.39225
0.39225
0.39225
0.39225
0.39225
0.39225
0.39225
0.39225
0.39225
0.39225
0.39225
0.39225
0.39225
0.39225
0.39225
0.39225
0.39225
0.39225
0.39225
0.39225
0.39225
0.39225
0.39225
0.39225
0.39225
0.39225
0.39225
0.39225
0.39225
0.39225
0.39225
0.39225
0.39225
0.39225
0.39225
-0.13037
-0.12716
-0.12395
-0.12073
-0.11752
-0.11430
-0.11109
-0.10788
-0.10466
-0.10145
-0.09824
-0.09502
-0.09181
-0.08860
-0.08538
-0.08217
-0.07895
-0.07574
-0.07253
-0.06931
-0.06610
-0.06289
-0.05967
-0.05646
-0.05325
-0.05003
-0.04682
-0.04360
-0.04039
-0.03718
-0.03396
-0.03075
-0.02754
-0.02432
-0.02111
-0.01790
-0.01468
-0.01147
-0.00825
-0.00504
-0.00183
0.00139
0.00460
0.00781
0.01103
0.01424
0.01745
0.02067
0.02388
0.02710
0.03031
0.03352
0.03674
0.03995
0.04316
0.04638
0.04959
0.05280
0.05602
0.05923
0.06245
0.06566
0.06887
0.07209
0.07530
0.07851
0.08173
0.08494
0.08815
0.09137
0.09458
0.09780
0.10101
0.10422
0.10744
0.11065
0.11386
0.11708
0.12029
0.12350
0.12672
0.12993
0.13315
0.13636
0.13957
0.14279
0.14600
0.14640
0.14680
0.14720
0.14760
0.14800
0.14840
0.14880
0.14920
0.14960
0.15000
0.15020
0.15040
0.15060
0.15080
0.15100
0.15120
0.15140
0.15160
0.15180
0.15200
0.15210
0.15220
0.15230
0.15240
0.15250
0.15260
0.15270
0.15280
0.15290
0.15300
0.15310
0.15320
0.15330
0.15340
0.15350
0.15360
0.15370
0.15380
0.15390
0.15400
0.15410
0.15420
0.15430
0.15440
0.15450
0.15460
0.15470
0.15480
0.15490
0.15500
0.15510
0.15520
0.15530
0.15540
0.15550
0.15560
0.15570
0.15580
0.15590
0.15600
0.15600
0.15600
0.15600
0.15600
0.15600
0.15600
0.15600
0.15600
0.15600
0.15600
0.15590
0.15580
0.15570
0.15560
0.15550
0.15540
0.15530
0.15520
0.15510
0.15500
0.15500
0.15500
0.15500
0.15500
0.15500
0.15500
0.15500
0.15500
0.15500
0.15500
0.15490
0.15480
0.15470
0.15460
0.15450
0.15440
0.15430
0.15420
0.15410
0.15400
0.15410
0.15420
0.15430
0.15440
0.15450
0.15460
0.15470
0.15480
0.15490
0.15500
0.15510
0.15520
0.15530
0.15540
0.15550
0.15560
0.15570
0.15580
0.15590
0.15600
0.15640
0.15680
0.15720
0.15760
0.15800
0.15840
0.15880
0.15920
0.15960
0.16000
0.16690
0.17380
0.18070
0.18760
0.19450
0.20140
0.20830
0.21520
0.22210
0.22900
0.23480
0.24060
0.24640
0.25220
0.25800
0.26380
0.26960
0.27540
0.28120
0.28700
0.29250
0.29800
0.30350
0.30900
0.31450
0.32000
0.32550
0.33100
0.33650
0.34200
0.34500
0.34800
0.35100
0.35400
0.35700
0.36000
0.36300
0.36600
0.36900
0.37200
0.37320
0.37440
0.37560
0.37680
0.37800
0.37920
0.38040
0.38160
0.38280
0.38400
0.38400
0.38400
0.38400
0.38400
0.38400
0.38400
0.38400
0.38400
0.38400
0.38400
0.38400
0.38400
0.38400
0.38400
0.38400
0.38400
0.38400
0.38400
0.38400
0.38400
0.38400
0.38400
0.38400
0.38400
0.38400
0.38400
0.38400
0.38400
0.38400
0.38400
0.38400
0.38400
0.38400
0.38400
0.38400
0.38400
0.38400
0.38400
0.38400
0.38400
0.38400
0.38400
0.38400
0.38400
0.38400
0.38400
0.38400
0.38400
0.38400
0.38400
0.38400
0.38400
0.38400
0.38400
0.38400
0.38400
0.38400
0.38400
0.38400
0.38400
0.38400
0.38400
0.38400
0.38400
0.38400
0.38400
0.38400
0.38400
0.38400
0.38400
0.38400
0.38400
0.38400
0.38400
0.38400
0.38400
0.38400
0.38400
0.38400
0.38400
0.38400
0.38400
0.38400
0.38400
0.38400
0.38400
0.38400
0.38400
0.38400
0.38400
0.38400
0.38400
0.38400
0.38400
0.38400
0.38400
0.38400
0.38400
0.38400
0.38400
0.38400
0.38400
0.38400
0.38400
0.38400
0.38400
0.38400
0.38400
0.38400
0.38400
0.38400
0.38400
0.38400
0.38400
0.38400
0.38400
0.38400
0.38400
0.38400
0.38400
0.38400
0.38400
0.38400
0.38400
0.38400
0.38400
0.38400
0.38400
0.38400
0.38400
0.38400
0.38400
0.38400
0.38400
0.38400
0.38400
0.38400
0.38400
0.38400
0.38400
0.38400
0.38400
0.38400
0.38400
0.38400
0.38400
0.38400
0.38400
0.38400
0.38400
0.38400
0.38400
0.38400
0.38400
-0.24171
-0.23848
-0.23525
-0.23202
-0.22880
-0.22557
-0.22234
-0.21911
-0.21588
-0.21266
-0.20943
-0.20620
-0.20297
-0.19974
-0.19652
-0.19329
-0.19006
-0.18683
-0.18360
-0.18038
-0.17715
-0.17392
-0.17069
-0.16746
-0.16424
-0.16101
-0.15778
-0.15455
-0.15132
-0.14810
-0.14487
-0.14164
-0.13841
-0.13518
-0.13196
-0.12873
-0.12550
-0.12227
-0.11904
-0.11582
-0.11259
-0.10936
-0.10613
-0.10290
-0.09968
-0.09645
-0.09322
-0.08999
-0.08676
-0.08354
-0.08031
-0.07708
-0.07385
-0.07062
-0.06740
-0.06417
-0.06094
-0.05771
-0.05448
-0.05125
-0.04803
-0.04480
-0.04157
-0.03834
-0.03511
-0.03189
-0.02866
-0.02543
-0.02220
-0.01897
-0.01575
-0.01252
-0.00929
-0.00606
-0.00283
0.00039
0.00362
0.00685
0.01008
0.01331
0.01653
0.01976
0.02299
0.02622
0.02945
0.03267
0.03590
0.03913
0.04344
0.04881
0.05419
0.05956
0.06494
0.07031
0.07569
0.08106
0.08644
0.09181
0.09534
0.09701
0.09869
0.10036
0.10204
0.10371
0.10539
0.10706
0.10874
0.11041
0.11164
0.11241
0.11319
0.11396
0.11474
0.11551
0.11629
0.11706
0.11784
0.11861
0.11918
0.11953
0.11988
0.12023
0.12058
0.12093
0.12128
0.12163
0.12198
0.12233
0.12263
0.12288
0.12313
0.12338
0.12363
0.12388
0.12413
0.12438
0.12463
0.12488
0.12509
0.12526
0.12544
0.12561
0.12579
0.12596
0.12614
0.12631
0.12649
0.12666
0.12688
0.12713
0.12738
0.12763
0.12788
0.12813
0.12838
0.12863
0.12888
0.12913
0.12933
0.12948
0.12963
0.12978
0.12993
0.13008
0.13023
0.13038
0.13053
0.13068
0.13078
0.13083
0.13088
0.13093
0.13098
0.13103
0.13108
0.13113
0.13118
0.13123
0.13128
0.13133
0.13138
0.13143
0.13148
0.13153
0.13158
0.13163
0.13168
0.13173
0.13173
0.13168
0.13163
0.13158
0.13153
0.13148
0.13143
0.13138
0.13133
0.13128
0.13124
0.13121
0.13119
0.13116
0.13114
0.13111
0.13109
0.13106
0.13104
0.13101
0.13099
0.13096
0.13094
0.13091
0.13089
0.13086
0.13084
0.13081
0.13079
0.13076
0.13080
0.13090
0.13100
0.13110
0.13120
0.13130
0.13140
0.13150
0.13160
0.13170
0.13194
0.13231
0.13269
0.13306
0.13344
0.13381
0.13419
0.13456
0.13494
0.13531
0.13976
0.14829
0.15681
0.16534
0.17386
0.18239
0.19091
0.19944
0.20796
0.21649
0.22453
0.23208
0.23963
0.24718
0.25473
0.26228
0.26983
0.27738
0.28493
0.29248
0.29879
0.30386
0.30894
0.31401
0.31909
0.32416
0.32924
0.33431
0.33939
0.34446
0.34626
0.34700
0.34700
0.34700
0.34700
0.34700
0.34700
0.34700
0.34700
0.34700
0.34700
0.34700
0.34700
0.34700
0.34700
0.34700
0.34700
0.34700
0.34700
0.34700
0.34700
0.34700
0.34700
0.34700
0.34700
0.34700
0.34700
0.34700
0.34700
0.34700
0.34700
0.34700
0.34700
0.34700
0.34700
0.34700
0.34700
0.34700
0.34700
0.34700
0.34700
0.34700
0.34700
0.34700
0.34700
0.34700
0.34700
0.34700
0.34700
0.34700
0.34700
0.34700
0.34700
0.34700
0.34700
0.34700
0.34700
0.34700
0.34700
0.34700
0.34700
0.34700
0.34700
0.34700
0.34700
0.34700
0.34700
0.34700
0.34700
0.34700
0.34700
0.34700
0.34700
0.34700
0.34700
0.34700
0.34700
0.34700
0.34700
0.34700
0.34700
0.34700
0.34700
0.34700
0.34700
0.34700
0.34700
0.34700
0.34700
0.34700
0.34700
0.34700
0.34700
0.34700
0.34700
0.34700
0.34700
0.34700
0.34700
0.34700
0.34700
0.34700
0.34700
0.34700
0.34700
0.34700
0.34700
0.34700
0.34700
0.34700
0.34700
0.34700
0.34700
0.34700
0.34700
0.34700
0.34700
0.34700
0.34700
0.34700
0.34700
0.34700
0.34700
0.34700
0.34700
0.34700
0.34700
0.34700
0.34700
0.34700
0.34700
0.34700
0.34700
0.34700
0.34700
0.34700
0.34700
0.34700
0.34700
0.34700
0.34700
0.34700
0.34700
0.34700
0.34700
0.34700
0.34700
0.34700
0.34700
0.34700
0.34700
0.34700
0.34700
-0.54397
-0.54071
-0.53745
-0.53418
-0.53092
-0.52765
-0.52439
-0.52113
-0.51786
-0.51460
-0.51134
-0.50807
-0.50481
-0.50155
-0.49828
-0.49502
-0.49175
-0.48849
-0.48523
-0.48196
-0.47870
-0.47544
-0.47217
-0.46891
-0.46565
-0.46238
-0.45912
-0.45585
-0.45259
-0.44933
-0.44606
-0.44280
-0.43954
-0.43627
-0.43301
-0.42975
-0.42648
-0.42322
-0.41995
-0.41669
-0.41343
-0.41016
-0.40690
-0.40364
-0.40037
-0.39711
-0.39385
-0.39058
-0.38732
-0.38405
-0.38079
-0.37753
-0.37426
-0.37100
-0.36774
-0.36447
-0.36121
-0.35795
-0.35468
-0.35142
-0.34815
-0.34489
-0.34163
-0.33836
-0.33510
-0.33184
-0.32857
-0.32531
-0.32205
-0.31878
-0.31552
-0.31225
-0.30899
-0.30573
-0.30246
-0.29920
-0.29594
-0.29267
-0.28941
-0.28615
-0.28288
-0.27962
-0.27635
-0.27309
-0.26983
-0.26656
-0.26330
-0.26004
-0.25677
-0.25350
-0.23860
-0.22370
-0.20880
-0.19390
-0.17900
-0.16410
-0.14920
-0.13430
-0.11940
-0.10450
-0.09215
-0.07980
-0.06745
-0.05510
-0.04275
-0.03040
-0.01805
-0.00570
0.00665
0.01900
0.02400
0.02900
0.03400
0.03900
0.04400
0.04900
0.05400
0.05900
0.06400
0.06900
0.07055
0.07210
0.07365
0.07520
0.07675
0.07830
0.07985
0.08140
0.08295
0.08450
0.08510
0.08570
0.08630
0.08690
0.08750
0.08810
0.08870
0.08930
0.08990
0.09050
0.09090
0.09130
0.09170
0.09210
0.09250
0.09290
0.09330
0.09370
0.09410
0.09450
0.09475
0.09500
0.09525
0.09550
0.09575
0.09600
0.09625
0.09650
0.09675
0.09700
0.09745
0.09790
0.09835
0.09880
0.09925
0.09970
0.10015
0.10060
0.10105
0.10150
0.10195
0.10240
0.10285
0.10330
0.10375
0.10420
0.10465
0.10510
0.10555
0.10600
0.10635
0.10670
0.10705
0.10740
0.10775
0.10810
0.10845
0.10880
0.10915
0.10950
0.10975
0.11000
0.11025
0.11050
0.11075
0.11100
0.11125
0.11150
0.11175
0.11200
0.11210
0.11220
0.11230
0.11240
0.11250
0.11260
0.11270
0.11280
0.11290
0.11300
0.11295
0.11290
0.11285
0.11280
0.11275
0.11270
0.11265
0.11260
0.11255
0.11250
0.11250
0.11250
0.11250
0.11250
0.11250
0.11250
0.11250
0.11250
0.11250
0.11250
0.11250
0.11250
0.11250
0.11250
0.11250
0.11250
0.11250
0.11250
0.11250
0.11250
0.11225
0.11200
0.11175
0.11150
0.11125
0.11100
0.11075
0.11050
0.11025
0.11000
0.11565
0.12130
0.12695
0.13260
0.13825
0.14390
0.14955
0.15520
0.16085
0.16650
0.17530
0.18410
0.19290
0.20170
0.21050
0.21930
0.22810
0.23690
0.24570
0.25450
0.25450
0.25450
0.25450
0.25450
0.25450
0.25450
0.25450
0.25450
0.25450
0.25450
0.25450
0.25450
0.25450
0.25450
0.25450
0.25450
0.25450
0.25450
0.25450
0.25450
0.25450
0.25450
0.25450
0.25450
0.25450
0.25450
0.25450
0.25450
0.25450
0.25450
0.25450
0.25450
0.25450
0.25450
0.25450
0.25450
0.25450
0.25450
0.25450
0.25450
0.25450
0.25450
0.25450
0.25450
0.25450
0.25450
0.25450
0.25450
0.25450
0.25450
0.25450
0.25450
0.25450
0.25450
0.25450
0.25450
0.25450
0.25450
0.25450
0.25450
0.25450
0.25450
0.25450
0.25450
0.25450
0.25450
0.25450
0.25450
0.25450
0.25450
0.25450
0.25450
0.25450
0.25450
0.25450
0.25450
0.25450
0.25450
0.25450
0.25450
0.25450
0.25450
0.25450
0.25450
0.25450
0.25450
0.25450
0.25450
0.25450
0.25450
0.25450
0.25450
0.25450
0.25450
0.25450
0.25450
0.25450
0.25450
0.25450
0.25450
0.25450
0.25450
0.25450
0.25450
0.25450
0.25450
0.25450
0.25450
0.25450
0.25450
0.25450
0.25450
0.25450
0.25450
0.25450
0.25450
0.25450
0.25450
0.25450
0.25450
0.25450
0.25450
0.25450
0.25450
0.25450
0.25450
0.25450
0.25450
0.25450
0.25450
0.25450
0.25450
0.25450
0.25450
0.25450
0.25450
0.25450
0.25450
0.25450
0.25450
0.25450
0.25450
0.25450
0.25450
0.25450
0.25450
0.25450
0.25450
0.25450
0.25450
0.25450
-0.74167
-0.73838
-0.73509
-0.73179
-0.72850
-0.72520
-0.72191
-0.71861
-0.71532
-0.71202
-0.70873
-0.70543
-0.70214
-0.69884
-0.69555
-0.69225
-0.68896
-0.68566
-0.68237
-0.67908
-0.67578
-0.67249
-0.66919
-0.66590
-0.66260
-0.65931
-0.65601
-0.65272
-0.64942
-0.64613
-0.64283
-0.63954
-0.63624
-0.63295
-0.62966
-0.62636
-0.62307
-0.61977
-0.61648
-0.61318
-0.60989
-0.60659
-0.60330
-0.60000
-0.59671
-0.59341
-0.59012
-0.58682
-0.58353
-0.58023
-0.57694
-0.57365
-0.57035
-0.56706
-0.56376
-0.56047
-0.55717
-0.55388
-0.55058
-0.54729
-0.54399
-0.54070
-0.53740
-0.53411
-0.53081
-0.52752
-0.52422
-0.52093
-0.51764
-0.51434
-0.51105
-0.50775
-0.50446
-0.50116
-0.49787
-0.49457
-0.49128
-0.48798
-0.48469
-0.48139
-0.47810
-0.47480
-0.47151
-0.46821
-0.46492
-0.46163
-0.45833
-0.45504
-0.45174
-0.44845
-0.44402
-0.44092
-0.43577
-0.43062
-0.42547
-0.42032
-0.41517
-0.41002
-0.40487
-0.39972
-0.39457
-0.38592
-0.37377
-0.36162
-0.34947
-0.33732
-0.32517
-0.31302
-0.30087
-0.28872
-0.27657
-0.26165
-0.24395
-0.22625
-0.20855
-0.19085
-0.17315
-0.15545
-0.13775
-0.12005
-0.10235
-0.08807
-0.07722
-0.06637
-0.05552
-0.04467
-0.03382
-0.02297
-0.01212
-0.00127
0.00958
0.01679
0.02036
0.02394
0.02751
0.03109
0.03466
0.03824
0.04181
0.04539
0.04896
0.05136
0.05259
0.05381
0.05504
0.05626
0.05749
0.05871
0.05994
0.06116
0.06239
0.06324
0.06371
0.06419
0.06466
0.06514
0.06561
0.06609
0.06656
0.06704
0.06751
0.06794
0.06831
0.06869
0.06906
0.06944
0.06981
0.07019
0.07056
0.07094
0.07131
0.07170
0.07210
0.07250
0.07290
0.07330
0.07370
0.07410
0.07450
0.07490
0.07530
0.07583
0.07648
0.07713
0.07778
0.07843
0.07908
0.07973
0.08038
0.08103
0.08168
0.08243
0.08328
0.08413
0.08498
0.08583
0.08668
0.08753
0.08838
0.08923
0.09008
0.09080
0.09140
0.09200
0.09260
0.09320
0.09380
0.09440
0.09500
0.09560
0.09620
0.09669
0.09706
0.09744
0.09781
0.09819
0.09856
0.09894
0.09931
0.09969
0.10006
0.10035
0.10055
0.10075
0.10095
0.10115
0.10135
0.10155
0.10175
0.10195
0.10215
0.10225
0.10225
0.10225
0.10225
0.10225
0.10225
0.10225
0.10225
0.10225
0.10225
0.10216
0.10199
0.10181
0.10164
0.10146
0.10129
0.10111
0.10094
0.10076
0.10059
0.10050
0.10050
0.10050
0.10050
0.10050
0.10050
0.10050
0.10050
0.10050
0.10050
0.10174
0.10421
0.10669
0.10916
0.11164
0.11411
0.11659
0.11906
0.12154
0.12401
0.12525
0.12525
0.12525
0.12525
0.12525
0.12525
0.12525
0.12525
0.12525
0.12525
0.12525
0.12525
0.12525
0.12525
0.12525
0.12525
0.12525
0.12525
0.12525
0.12525
0.12525
0.12525
0.12525
0.12525
0.12525
0.12525
0.12525
0.12525
0.12525
0.12525
0.12525
0.12525
0.12525
0.12525
0.12525
0.12525
0.12525
0.12525
0.12525
0.12525
0.12525
0.12525
0.12525
0.12525
0.12525
0.12525
0.12525
0.12525
0.12525
0.12525
0.12525
0.12525
0.12525
0.12525
0.12525
0.12525
0.12525
0.12525
0.12525
0.12525
0.12525
0.12525
0.12525
0.12525
0.12525
0.12525
0.12525
0.12525
0.12525
0.12525
0.12525
0.12525
0.12525
0.12525
0.12525
0.12525
0.12525
0.12525
0.12525
0.12525
0.12525
0.12525
0.12525
0.12525
0.12525
0.12525
0.12525
0.12525
0.12525
0.12525
0.12525
0.12525
0.12525
0.12525
0.12525
0.12525
0.12525
0.12525
0.12525
0.12525
0.12525
0.12525
0.12525
0.12525
0.12525
0.12525
0.12525
0.12525
0.12525
0.12525
0.12525
0.12525
0.12525
0.12525
0.12525
0.12525
0.12525
0.12525
0.12525
0.12525
0.12525
0.12525
0.12525
0.12525
0.12525
0.12525
0.12525
0.12525
0.12525
0.12525
0.12525
0.12525
0.12525
0.12525
0.12525
0.12525
0.12525
0.12525
0.12525
0.12525
0.12525
0.12525
0.12525
0.12525
0.12525
0.12525
0.12525
0.12525
0.12525
0.12525
-0.80395
-0.80061
-0.79727
-0.79394
-0.79060
-0.78726
-0.78393
-0.78059
-0.77725
-0.77392
-0.77058
-0.76725
-0.76391
-0.76057
-0.75724
-0.75390
-0.75056
-0.74723
-0.74389
-0.74055
-0.73722
-0.73388
-0.73055
-0.72721
-0.72387
-0.72054
-0.71720
-0.71386
-0.71053
-0.70719
-0.70385
-0.70052
-0.69718
-0.69385
-0.69051
-0.68717
-0.68384
-0.68050
-0.67716
-0.67383
-0.67049
-0.66715
-0.66382
-0.66048
-0.65715
-0.65381
-0.65047
-0.64714
-0.64380
-0.64046
-0.63713
-0.63379
-0.63045
-0.62712
-0.62378
-0.62045
-0.61711
-0.61377
-0.61044
-0.60710
-0.60376
-0.60043
-0.59709
-0.59375
-0.59042
-0.58708
-0.58375
-0.58041
-0.57707
-0.57374
-0.57040
-0.56706
-0.56373
-0.56039
-0.55705
-0.55372
-0.55038
-0.54705
-0.54371
-0.54037
-0.53704
-0.53370
-0.53036
-0.52703
-0.52369
-0.52035
-0.51702
-0.51368
-0.51035
-0.50701
-0.50367
-0.50034
-0.49700
-0.49660
-0.49620
-0.49580
-0.49540
-0.49500
-0.49460
-0.49420
-0.49380
-0.49340
-0.49300
-0.49160
-0.49020
-0.48880
-0.48740
-0.48600
-0.48460
-0.48320
-0.48180
-0.48040
-0.47900
-0.47260
-0.46620
-0.45980
-0.45340
-0.44700
-0.44060
-0.43420
-0.42780
-0.42140
-0.41500
-0.39670
-0.37840
-0.36010
-0.34180
-0.32350
-0.30520
-0.28690
-0.26860
-0.25030
-0.23200
-0.21430
-0.19660
-0.17890
-0.16120
-0.14350
-0.12580
-0.10810
-0.09040
-0.07270
-0.05500
-0.04800
-0.04100
-0.03400
-0.02700
-0.02000
-0.01300
-0.00600
0.00100
0.00800
0.01500
0.01750
0.02000
0.02250
0.02500
0.02750
0.03000
0.03250
0.03500
0.03750
0.04000
0.04100
0.04200
0.04300
0.04400
0.04500
0.04600
0.04700
0.04800
0.04900
0.05000
0.05050
0.05100
0.05150
0.05200
0.05250
0.05300
0.05350
0.05400
0.05450
0.05500
0.05550
0.05600
0.05650
0.05700
0.05750
0.05800
0.05850
0.05900
0.05950
0.06000
0.06060
0.06120
0.06180
0.06240
0.06300
0.06360
0.06420
0.06480
0.06540
0.06600
0.06670
0.06740
0.06810
0.06880
0.06950
0.07020
0.07090
0.07160
0.07230
0.07300
0.07440
0.07580
0.07720
0.07860
0.08000
0.08140
0.08280
0.08420
0.08560
0.08700
0.08790
0.08880
0.08970
0.09060
0.09150
0.09240
0.09330
0.09420
0.09510
0.09600
0.09660
0.09720
0.09780
0.09840
0.09900
0.09960
0.10020
0.10080
0.10140
0.10200
0.10230
0.10260
0.10290
0.10320
0.10350
0.10380
0.10410
0.10440
0.10470
0.10500
0.10490
0.10480
0.10470
0.10460
0.10450
0.10440
0.10430
0.10420
0.10410
0.10400
0.10370
0.10340
0.10310
0.10280
0.10250
0.10220
0.10190
0.10160
0.10130
0.10100
0.10100
0.10100
0.10100
0.10100
0.10100
0.10100
0.10100
0.10100
0.10100
0.10100
0.10100
0.10100
0.10100
0.10100
0.10100
0.10100
0.10100
0.10100
0.10100
0.10100
0.10100
0.10100
0.10100
0.10100
0.10100
0.10100
0.10100
0.10100
0.10100
0.10100
0.10100
0.10100
0.10100
0.10100
0.10100
0.10100
0.10100
0.10100
0.10100
0.10100
0.10100
0.10100
0.10100
0.10100
0.10100
0.10100
0.10100
0.10100
0.10100
0.10100
0.10100
0.10100
0.10100
0.10100
0.10100
0.10100
0.10100
0.10100
0.10100
0.10100
0.10100
0.10100
0.10100
0.10100
0.10100
0.10100
0.10100
0.10100
0.10100
0.10100
0.10100
0.10100
0.10100
0.10100
0.10100
0.10100
0.10100
0.10100
0.10100
0.10100
0.10100
0.10100
0.10100
0.10100
0.10100
0.10100
0.10100
0.10100
0.10100
0.10100
0.10100
0.10100
0.10100
0.10100
0.10100
0.10100
0.10100
0.10100
0.10100
0.10100
0.10100
0.10100
0.10100
0.10100
0.10100
0.10100
0.10100
0.10100
0.10100
0.10100
0.10100
0.10100
0.10100
0.10100
0.10100
0.10100
0.10100
0.10100
0.10100
0.10100
0.10100
0.10100
0.10100
0.10100
0.10100
0.10100
0.10100
0.10100
0.10100
0.10100
0.10100
0.10100
0.10100
0.10100
0.10100
0.10100
0.10100
0.10100
0.10100
0.10100
0.10100
0.10100
0.10100
0.10100
0.10100
0.10100
0.10100
0.10100
-0.84984
-0.84654
-0.84323
-0.83992
-0.83662
-0.83331
-0.83001
-0.82670
-0.82339
-0.82009
-0.81678
-0.81348
-0.81017
-0.80686
-0.80356
-0.80025
-0.79695
-0.79364
-0.79033
-0.78703
-0.78372
-0.78041
-0.77711
-0.77380
-0.77050
-0.76719
-0.76388
-0.76058
-0.75727
-0.75397
-0.75066
-0.74735
-0.74405
-0.74074
-0.73744
-0.73413
-0.73082
-0.72752
-0.72421
-0.72091
-0.71760
-0.71429
-0.71099
-0.70768
-0.70438
-0.70107
-0.69776
-0.69446
-0.69115
-0.68785
-0.68454
-0.68123
-0.67793
-0.67462
-0.67131
-0.66801
-0.66470
-0.66140
-0.65809
-0.65478
-0.65148
-0.64817
-0.64487
-0.64156
-0.63825
-0.63495
-0.63164
-0.62834
-0.62503
-0.62172
-0.61842
-0.61511
-0.61181
-0.60850
-0.60519
-0.60189
-0.59858
-0.59528
-0.59197
-0.58866
-0.58536
-0.58205
-0.57875
-0.57544
-0.57213
-0.56883
-0.56552
-0.56221
-0.55891
-0.55560
-0.55230
-0.54899
-0.54568
-0.54238
-0.54060
-0.54030
-0.54000
-0.53970
-0.53940
-0.53910
-0.53880
-0.53850
-0.53820
-0.53790
-0.53755
-0.53715
-0.53675
-0.53635
-0.53595
-0.53555
-0.53515
-0.53475
-0.53435
-0.53395
-0.53317
-0.53202
-0.53087
-0.52972
-0.52857
-0.52742
-0.52627
-0.52512
-0.52397
-0.52282
-0.52020
-0.51610
-0.51200
-0.50790
-0.50380
-0.49970
-0.49560
-0.49150
-0.48740
-0.48330
-0.47485
-0.46205
-0.44925
-0.43645
-0.42365
-0.41085
-0.39805
-0.38525
-0.37245
-0.35965
-0.34402
-0.32557
-0.30712
-0.28867
-0.27022
-0.25177
-0.23332
-0.21487
-0.19642
-0.17797
-0.16245
-0.14985
-0.13725
-0.12465
-0.11205
-0.09945
-0.08685
-0.07425
-0.06165
-0.04905
-0.03981
-0.03394
-0.02806
-0.02219
-0.01631
-0.01044
-0.00456
0.00131
0.00719
0.01306
0.01729
0.01986
0.02244
0.02501
0.02759
0.03016
0.03274
0.03531
0.03789
0.04046
0.04236
0.04359
0.04481
0.04604
0.04726
0.04849
0.04971
0.05094
0.05216
0.05339
0.05442
0.05527
0.05612
0.05697
0.05783
0.05867
0.05952
0.06037
0.06122
0.06207
0.06296
0.06389
0.06481
0.06574
0.06666
0.06759
0.06851
0.06944
0.07036
0.07129
0.07226
0.07329
0.07431
0.07534
0.07636
0.07739
0.07841
0.07944
0.08046
0.08149
0.08259
0.08376
0.08494
0.08611
0.08729
0.08846
0.08964
0.09081
0.09199
0.09316
0.09445
0.09585
0.09725
0.09865
0.10005
0.10145
0.10285
0.10425
0.10565
0.10705
0.10824
0.10921
0.11019
0.11116
0.11214
0.11311
0.11409
0.11506
0.11604
0.11701
0.11784
0.11851
0.11919
0.11986
0.12054
0.12121
0.12189
0.12256
0.12324
0.12391
0.12442
0.12477
0.12512
0.12547
0.12582
0.12617
0.12652
0.12687
0.12722
0.12757
0.12767
0.12775
0.12775
0.12775
0.12775
0.12775
0.12775
0.12775
0.12775
0.12775
0.12775
0.12775
0.12775
0.12775
0.12775
0.12775
0.12775
0.12775
0.12775
0.12775
0.12775
0.12775
0.12775
0.12775
0.12775
0.12775
0.12775
0.12775
0.12775
0.12775
0.12775
0.12775
0.12775
0.12775
0.12775
0.12775
0.12775
0.12775
0.12775
0.12775
0.12775
0.12775
0.12775
0.12775
0.12775
0.12775
0.12775
0.12775
0.12775
0.12775
0.12775
0.12775
0.12775
0.12775
0.12775
0.12775
0.12775
0.12775
0.12775
0.12775
0.12775
0.12775
0.12775
0.12775
0.12775
0.12775
0.12775
0.12775
0.12775
0.12775
0.12775
0.12775
0.12775
0.12775
0.12775
0.12775
0.12775
0.12775
0.12775
0.12775
0.12775
0.12775
0.12775
0.12775
0.12775
0.12775
0.12775
0.12775
0.12775
0.12775
0.12775
0.12775
0.12775
0.12775
0.12775
0.12775
0.12775
0.12775
0.12775
0.12775
0.12775
0.12775
0.12775
0.12775
0.12775
0.12775
0.12775
0.12775
0.12775
0.12775
0.12775
0.12775
0.12775
0.12775
0.12775
0.12775
0.12775
0.12775
0.12775
0.12775
0.12775
0.12775
0.12775
0.12775
0.12775
0.12775
0.12775
0.12775
0.12775
0.12775
0.12775
0.12775
0.12775
0.12775
0.12775
0.12775
0.12775
0.12775
0.12775
0.12775
0.12775
0.12775
0.12775
0.12775
0.12775
0.12775
0.12775
-0.84025
-0.83756
-0.83486
-0.83216
-0.82947
-0.82677
-0.82408
-0.82138
-0.81869
-0.81599
-0.81330
-0.81060
-0.80791
-0.80521
-0.80251
-0.79982
-0.79712
-0.79443
-0.79173
-0.78904
-0.78634
-0.78365
-0.78095
-0.77826
-0.77556
-0.77286
-0.77017
-0.76747
-0.76478
-0.76208
-0.75939
-0.75669
-0.75400
-0.75130
-0.74861
-0.74591
-0.74321
-0.74052
-0.73782
-0.73513
-0.73243
-0.72974
-0.72704
-0.72435
-0.72165
-0.71896
-0.71626
-0.71356
-0.71087
-0.70817
-0.70548
-0.70278
-0.70009
-0.69739
-0.69470
-0.69200
-0.68931
-0.68661
-0.68391
-0.68122
-0.67852
-0.67583
-0.67313
-0.67044
-0.66774
-0.66505
-0.66235
-0.65966
-0.65696
-0.65426
-0.65157
-0.64887
-0.64618
-0.64348
-0.64079
-0.63809
-0.63540
-0.63270
-0.63001
-0.62731
-0.62461
-0.62192
-0.61922
-0.61653
-0.61383
-0.61114
-0.60844
-0.60575
-0.60305
-0.60036
-0.59766
-0.59496
-0.59227
-0.58957
-0.58688
-0.58450
-0.58420
-0.58390
-0.58360
-0.58330
-0.58300
-0.58270
-0.58240
-0.58210
-0.58180
-0.58150
-0.58105
-0.58060
-0.58015
-0.57970
-0.57925
-0.57880
-0.57835
-0.57790
-0.57745
-0.57700
-0.57630
-0.57560
-0.57490
-0.57420
-0.57350
-0.57280
-0.57210
-0.57140
-0.57070
-0.57000
-0.56880
-0.56760
-0.56640
-0.56520
-0.56400
-0.56280
-0.56160
-0.56040
-0.55920
-0.55800
-0.55490
-0.55180
-0.54870
-0.54560
-0.54250
-0.53940
-0.53630
-0.53320
-0.53010
-0.52700
-0.51780
-0.50860
-0.49940
-0.49020
-0.48100
-0.47180
-0.46260
-0.45340
-0.44420
-0.43500
-0.41800
-0.40100
-0.38400
-0.36700
-0.35000
-0.33300
-0.31600
-0.29900
-0.28200
-0.26500
-0.24820
-0.23140
-0.21460
-0.19780
-0.18100
-0.16420
-0.14740
-0.13060
-0.11380
-0.09700
-0.08710
-0.07720
-0.06730
-0.05740
-0.04750
-0.03760
-0.02770
-0.01780
-0.00790
0.00200
0.00670
0.01140
0.01610
0.02080
0.02550
0.03020
0.03490
0.03960
0.04430
0.04900
0.05135
0.05370
0.05605
0.05840
0.06075
0.06310
0.06545
0.06780
0.07015
0.07250
0.07395
0.07540
0.07685
0.07830
0.07975
0.08120
0.08265
0.08410
0.08555
0.08700
0.08825
0.08950
0.09075
0.09200
0.09325
0.09450
0.09575
0.09700
0.09825
0.09950
0.10095
0.10240
0.10385
0.10530
0.10675
0.10820
0.10965
0.11110
0.11255
0.11400
0.11555
0.11710
0.11865
0.12020
0.12175
0.12330
0.12485
0.12640
0.12795
0.12950
0.13095
0.13240
0.13385
0.13530
0.13675
0.13820
0.13965
0.14110
0.14255
0.14400
0.14530
0.14660
0.14790
0.14920
0.15050
0.15180
0.15310
0.15440
0.15570
0.15700
0.15790
0.15880
0.15970
0.16060
0.16150
0.16240
0.16330
0.16420
0.16510
0.16600
0.16600
0.16600
0.16600
0.16600
0.16600
0.16600
0.16600
0.16600
0.16600
0.16600
0.16600
0.16600
0.16600
0.16600
0.16600
0.16600
0.16600
0.16600
0.16600
0.16600
0.16600
0.16600
0.16600
0.16600
0.16600
0.16600
0.16600
0.16600
0.16600
0.16600
0.16600
0.16600
0.16600
0.16600
0.16600
0.16600
0.16600
0.16600
0.16600
0.16600
0.16600
0.16600
0.16600
0.16600
0.16600
0.16600
0.16600
0.16600
0.16600
0.16600
0.16600
0.16600
0.16600
0.16600
0.16600
0.16600
0.16600
0.16600
0.16600
0.16600
0.16600
0.16600
0.16600
0.16600
0.16600
0.16600
0.16600
0.16600
0.16600
0.16600
0.16600
0.16600
0.16600
0.16600
0.16600
0.16600
0.16600
0.16600
0.16600
0.16600
0.16600
0.16600
0.16600
0.16600
0.16600
0.16600
0.16600
0.16600
0.16600
0.16600
0.16600
0.16600
0.16600
0.16600
0.16600
0.16600
0.16600
0.16600
0.16600
0.16600
0.16600
0.16600
0.16600
0.16600
0.16600
0.16600
0.16600
0.16600
0.16600
0.16600
0.16600
0.16600
0.16600
0.16600
0.16600
0.16600
0.16600
0.16600
0.16600
0.16600
0.16600
0.16600
0.16600
0.16600
0.16600
0.16600
0.16600
0.16600
0.16600
0.16600
0.16600
0.16600
0.16600
0.16600
0.16600
0.16600
0.16600
0.16600
0.16600
0.16600
0.16600
0.16600
0.16600
0.16600
0.16600
-0.75293
-0.75161
-0.75028
-0.74896
-0.74763
-0.74630
-0.74498
-0.74365
-0.74233
-0.74100
-0.73968
-0.73835
-0.73702
-0.73570
-0.73437
-0.73305
-0.73172
-0.73040
-0.72907
-0.72774
-0.72642
-0.72509
-0.72377
-0.72244
-0.72112
-0.71979
-0.71846
-0.71714
-0.71581
-0.71449
-0.71316
-0.71183
-0.71051
-0.70918
-0.70786
-0.70653
-0.70521
-0.70388
-0.70255
-0.70123
-0.69990
-0.69858
-0.69725
-0.69593
-0.69460
-0.69327
-0.69195
-0.69062
-0.68930
-0.68797
-0.68665
-0.68532
-0.68399
-0.68267
-0.68134
-0.68002
-0.67869
-0.67737
-0.67604
-0.67471
-0.67339
-0.67206
-0.67074
-0.66941
-0.66808
-0.66676
-0.66543
-0.66411
-0.66278
-0.66146
-0.66013
-0.65880
-0.65748
-0.65615
-0.65483
-0.65350
-0.65218
-0.65085
-0.64952
-0.64820
-0.64687
-0.64555
-0.64422
-0.64290
-0.64157
-0.64024
-0.63892
-0.63759
-0.63627
-0.63494
-0.63362
-0.63229
-0.63096
-0.62964
-0.62831
-0.62699
-0.62585
-0.62510
-0.62480
-0.62450
-0.62420
-0.62390
-0.62360
-0.62330
-0.62300
-0.62270
-0.62240
-0.62204
-0.62161
-0.62119
-0.62076
-0.62034
-0.61991
-0.61949
-0.61906
-0.61864
-0.61821
-0.61769
-0.61706
-0.61644
-0.61581
-0.61519
-0.61456
-0.61394
-0.61331
-0.61269
-0.61206
-0.61118
-0.61003
-0.60888
-0.60773
-0.60658
-0.60543
-0.60428
-0.60313
-0.60198
-0.60083
-0.59943
-0.59777
-0.59613
-0.59448
-0.59283
-0.59118
-0.58953
-0.58788
-0.58623
-0.58458
-0.58220
-0.57910
-0.57600
-0.57290
-0.56980
-0.56670
-0.56360
-0.56050
-0.55740
-0.55430
-0.54914
-0.54191
-0.53469
-0.52746
-0.52024
-0.51301
-0.50579
-0.49856
-0.49134
-0.48411
-0.47294
-0.45781
-0.44269
-0.42756
-0.41244
-0.39731
-0.38219
-0.36706
-0.35194
-0.33681
-0.31951
-0.30004
-0.28056
-0.26109
-0.24161
-0.22214
-0.20266
-0.18319
-0.16371
-0.14424
-0.12753
-0.11357
-0.09963
-0.08568
-0.07173
-0.05778
-0.04382
-0.02988
-0.01593
-0.00197
0.00857
0.01573
0.02287
0.03002
0.03718
0.04432
0.05148
0.05862
0.06578
0.07293
0.07842
0.08228
0.08613
0.08998
0.09383
0.09767
0.10153
0.10538
0.10923
0.11308
0.11615
0.11845
0.12075
0.12305
0.12535
0.12765
0.12995
0.13225
0.13455
0.13685
0.13890
0.14070
0.14250
0.14430
0.14610
0.14790
0.14970
0.15150
0.15330
0.15510
0.15689
0.15866
0.16044
0.16221
0.16399
0.16576
0.16754
0.16931
0.17109
0.17286
0.17471
0.17664
0.17856
0.18049
0.18241
0.18434
0.18626
0.18819
0.19011
0.19204
0.19393
0.19578
0.19763
0.19948
0.20133
0.20318
0.20503
0.20688
0.20873
0.21058
0.21223
0.21368
0.21513
0.21658
0.21803
0.21948
0.22093
0.22238
0.22383
0.22528
0.22600
0.22600
0.22600
0.22600
0.22600
0.22600
0.22600
0.22600
0.22600
0.22600
0.22600
0.22600
0.22600
0.22600
0.22600
0.22600
0.22600
0.22600
0.22600
0.22600
0.22600
0.22600
0.22600
0.22600
0.22600
0.22600
0.22600
0.22600
0.22600
0.22600
0.22600
0.22600
0.22600
0.22600
0.22600
0.22600
0.22600
0.22600
0.22600
0.22600
0.22600
0.22600
0.22600
0.22600
0.22600
0.22600
0.22600
0.22600
0.22600
0.22600
0.22600
0.22600
0.22600
0.22600
0.22600
0.22600
0.22600
0.22600
0.22600
0.22600
0.22600
0.22600
0.22600
0.22600
0.22600
0.22600
0.22600
0.22600
0.22600
0.22600
0.22600
0.22600
0.22600
0.22600
0.22600
0.22600
0.22600
0.22600
0.22600
0.22600
0.22600
0.22600
0.22600
0.22600
0.22600
0.22600
0.22600
0.22600
0.22600
0.22600
0.22600
0.22600
0.22600
0.22600
0.22600
0.22600
0.22600
0.22600
0.22600
0.22600
0.22600
0.22600
0.22600
0.22600
0.22600
0.22600
0.22600
0.22600
0.22600
0.22600
0.22600
0.22600
0.22600
0.22600
0.22600
0.22600
0.22600
0.22600
0.22600
0.22600
0.22600
0.22600
0.22600
0.22600
0.22600
0.22600
0.22600
0.22600
0.22600
0.22600
0.22600
0.22600
0.22600
0.22600
0.22600
0.22600
0.22600
0.22600
0.22600
0.22600
0.22600
0.22600
0.22600
0.22600
-0.75619
-0.75518
-0.75416
-0.75315
-0.75214
-0.75113
-0.75012
-0.74910
-0.74809
-0.74708
-0.74607
-0.74505
-0.74404
-0.74303
-0.74202
-0.74101
-0.73999
-0.73898
-0.73797
-0.73696
-0.73595
-0.73493
-0.73392
-0.73291
-0.73190
-0.73088
-0.72987
-0.72886
-0.72785
-0.72684
-0.72582
-0.72481
-0.72380
-0.72279
-0.72178
-0.72076
-0.71975
-0.71874
-0.71773
-0.71672
-0.71570
-0.71469
-0.71368
-0.71267
-0.71165
-0.71064
-0.70963
-0.70862
-0.70761
-0.70659
-0.70558
-0.70457
-0.70356
-0.70255
-0.70153
-0.70052
-0.69951
-0.69850
-0.69748
-0.69647
-0.69546
-0.69445
-0.69344
-0.69242
-0.69141
-0.69040
-0.68939
-0.68838
-0.68736
-0.68635
-0.68534
-0.68433
-0.68332
-0.68230
-0.68129
-0.68028
-0.67927
-0.67825
-0.67724
-0.67623
-0.67522
-0.67421
-0.67319
-0.67218
-0.67117
-0.67016
-0.66915
-0.66813
-0.66712
-0.66611
-0.66510
-0.66408
-0.66307
-0.66206
-0.66105
-0.66004
-0.65902
-0.65801
-0.65700
-0.65660
-0.65620
-0.65580
-0.65540
-0.65500
-0.65460
-0.65420
-0.65380
-0.65340
-0.65300
-0.65250
-0.65200
-0.65150
-0.65100
-0.65050
-0.65000
-0.64950
-0.64900
-0.64850
-0.64800
-0.64740
-0.64680
-0.64620
-0.64560
-0.64500
-0.64440
-0.64380
-0.64320
-0.64260
-0.64200
-0.64120
-0.64040
-0.63960
-0.63880
-0.63800
-0.63720
-0.63640
-0.63560
-0.63480
-0.63400
-0.63240
-0.63080
-0.62920
-0.62760
-0.62600
-0.62440
-0.62280
-0.62120
-0.61960
-0.61800
-0.61540
-0.61280
-0.61020
-0.60760
-0.60500
-0.60240
-0.59980
-0.59720
-0.59460
-0.59200
-0.58820
-0.58440
-0.58060
-0.57680
-0.57300
-0.56920
-0.56540
-0.56160
-0.55780
-0.55400
-0.54750
-0.54100
-0.53450
-0.52800
-0.52150
-0.51500
-0.50850
-0.50200
-0.49550
-0.48900
-0.47540
-0.46180
-0.44820
-0.43460
-0.42100
-0.40740
-0.39380
-0.38020
-0.36660
-0.35300
-0.33190
-0.31080
-0.28970
-0.26860
-0.24750
-0.22640
-0.20530
-0.18420
-0.16310
-0.14200
-0.12480
-0.10760
-0.09040
-0.07320
-0.05600
-0.03880
-0.02160
-0.00440
0.01280
0.03000
0.03980
0.04960
0.05940
0.06920
0.07900
0.08880
0.09860
0.10840
0.11820
0.12800
0.13350
0.13900
0.14450
0.15000
0.15550
0.16100
0.16650
0.17200
0.17750
0.18300
0.18650
0.19000
0.19350
0.19700
0.20050
0.20400
0.20750
0.21100
0.21450
0.21800
0.22030
0.22260
0.22490
0.22720
0.22950
0.23180
0.23410
0.23640
0.23870
0.24100
0.24310
0.24520
0.24730
0.24940
0.25150
0.25360
0.25570
0.25780
0.25990
0.26200
0.26420
0.26640
0.26860
0.27080
0.27300
0.27520
0.27740
0.27960
0.28180
0.28400
0.28610
0.28820
0.29030
0.29240
0.29450
0.29660
0.29870
0.30080
0.30290
0.30500
0.30500
0.30500
0.30500
0.30500
0.30500
0.30500
0.30500
0.30500
0.30500
0.30500
0.30500
0.30500
0.30500
0.30500
0.30500
0.30500
0.30500
0.30500
0.30500
0.30500
0.30500
0.30500
0.30500
0.30500
0.30500
0.30500
0.30500
0.30500
0.30500
0.30500
0.30500
0.30500
0.30500
0.30500
0.30500
0.30500
0.30500
0.30500
0.30500
0.30500
0.30500
0.30500
0.30500
0.30500
0.30500
0.30500
0.30500
0.30500
0.30500
0.30500
0.30500
0.30500
0.30500
0.30500
0.30500
0.30500
0.30500
0.30500
0.30500
0.30500
0.30500
0.30500
0.30500
0.30500
0.30500
0.30500
0.30500
0.30500
0.30500
0.30500
0.30500
0.30500
0.30500
0.30500
0.30500
0.30500
0.30500
0.30500
0.30500
0.30500
0.30500
0.30500
0.30500
0.30500
0.30500
0.30500
0.30500
0.30500
0.30500
0.30500
0.30500
0.30500
0.30500
0.30500
0.30500
0.30500
0.30500
0.30500
0.30500
0.30500
0.30500
0.30500
0.30500
0.30500
0.30500
0.30500
0.30500
0.30500
0.30500
0.30500
0.30500
0.30500
0.30500
0.30500
0.30500
0.30500
0.30500
0.30500
0.30500
0.30500
0.30500
0.30500
0.30500
0.30500
0.30500
0.30500
0.30500
0.30500
0.30500
0.30500
0.30500
0.30500
0.30500
0.30500
0.30500
0.30500
0.30500
0.30500
0.30500
0.30500
0.30500
0.30500
-0.78052
-0.77928
-0.77804
-0.77679
-0.77555
-0.77430
-0.77306
-0.77182
-0.77057
-0.76933
-0.76809
-0.76684
-0.76560
-0.76436
-0.76311
-0.76187
-0.76063
-0.75938
-0.75814
-0.75689
-0.75565
-0.75441
-0.75316
-0.75192
-0.75068
-0.74943
-0.74819
-0.74695
-0.74570
-0.74446
-0.74322
-0.74197
-0.74073
-0.73948
-0.73824
-0.73700
-0.73575
-0.73451
-0.73327
-0.73202
-0.73078
-0.72954
-0.72829
-0.72705
-0.72581
-0.72456
-0.72332
-0.72207
-0.72083
-0.71959
-0.71834
-0.71710
-0.71586
-0.71461
-0.71337
-0.71213
-0.71088
-0.70964
-0.70840
-0.70715
-0.70591
-0.70466
-0.70342
-0.70218
-0.70093
-0.69969
-0.69845
-0.69720
-0.69596
-0.69472
-0.69347
-0.69223
-0.69099
-0.68974
-0.68850
-0.68726
-0.68601
-0.68477
-0.68352
-0.68228
-0.68104
-0.67979
-0.67855
-0.67731
-0.67606
-0.67482
-0.67358
-0.67233
-0.67109
-0.66985
-0.66860
-0.66736
-0.66611
-0.66487
-0.66363
-0.66238
-0.66114
-0.65990
-0.65865
-0.65741
-0.65655
-0.65615
-0.65575
-0.65535
-0.65495
-0.65455
-0.65415
-0.65375
-0.65335
-0.65295
-0.65250
-0.65200
-0.65150
-0.65100
-0.65050
-0.65000
-0.64950
-0.64900
-0.64850
-0.64800
-0.64742
-0.64677
-0.64612
-0.64547
-0.64482
-0.64417
-0.64352
-0.64287
-0.64222
-0.64157
-0.64086
-0.64009
-0.63931
-0.63854
-0.63776
-0.63699
-0.63621
-0.63544
-0.63466
-0.63389
-0.63291
-0.63174
-0.63056
-0.62939
-0.62821
-0.62704
-0.62586
-0.62469
-0.62351
-0.62234
-0.62076
-0.61879
-0.61681
-0.61484
-0.61286
-0.61089
-0.60891
-0.60694
-0.60496
-0.60299
-0.60031
-0.59694
-0.59356
-0.59019
-0.58681
-0.58344
-0.58006
-0.57669
-0.57331
-0.56994
-0.56569
-0.56056
-0.55544
-0.55031
-0.54519
-0.54006
-0.53494
-0.52981
-0.52469
-0.51956
-0.51311
-0.50534
-0.49756
-0.48979
-0.48201
-0.47424
-0.46646
-0.45869
-0.45091
-0.44314
-0.43258
-0.41923
-0.40588
-0.39253
-0.37918
-0.36583
-0.35248
-0.33913
-0.32578
-0.31243
-0.29609
-0.27676
-0.25744
-0.23811
-0.21879
-0.19946
-0.18014
-0.16081
-0.14149
-0.12216
-0.10338
-0.08513
-0.06688
-0.04863
-0.03038
-0.01213
0.00612
0.02437
0.04262
0.06087
0.07625
0.08875
0.10125
0.11375
0.12625
0.13875
0.15125
0.16375
0.17625
0.18875
0.19884
0.20651
0.21419
0.22186
0.22954
0.23721
0.24489
0.25256
0.26024
0.26791
0.27413
0.27888
0.28363
0.28838
0.29313
0.29788
0.30263
0.30738
0.31213
0.31688
0.32086
0.32409
0.32731
0.33054
0.33376
0.33699
0.34021
0.34344
0.34666
0.34989
0.35279
0.35536
0.35794
0.36051
0.36309
0.36566
0.36824
0.37081
0.37339
0.37596
0.37843
0.38078
0.38313
0.38548
0.38783
0.39018
0.39253
0.39488
0.39723
0.39958
0.40050
0.40075
0.40075
0.40075
0.40075
0.40075
0.40075
0.40075
0.40075
0.40075
0.40075
0.40075
0.40075
0.40075
0.40075
0.40075
0.40075
0.40075
0.40075
0.40075
0.40075
0.40075
0.40075
0.40075
0.40075
0.40075
0.40075
0.40075
0.40075
0.40075
0.40075
0.40075
0.40075
0.40075
0.40075
0.40075
0.40075
0.40075
0.40075
0.40075
0.40075
0.40075
0.40075
0.40075
0.40075
0.40075
0.40075
0.40075
0.40075
0.40075
0.40075
0.40075
0.40075
0.40075
0.40075
0.40075
0.40075
0.40075
0.40075
0.40075
0.40075
0.40075
0.40075
0.40075
0.40075
0.40075
0.40075
0.40075
0.40075
0.40075
0.40075
0.40075
0.40075
0.40075
0.40075
0.40075
0.40075
0.40075
0.40075
0.40075
0.40075
0.40075
0.40075
0.40075
0.40075
0.40075
0.40075
0.40075
0.40075
0.40075
0.40075
0.40075
0.40075
0.40075
0.40075
0.40075
0.40075
0.40075
0.40075
0.40075
0.40075
0.40075
0.40075
0.40075
0.40075
0.40075
0.40075
0.40075
0.40075
0.40075
0.40075
0.40075
0.40075
0.40075
0.40075
0.40075
0.40075
0.40075
0.40075
0.40075
0.40075
0.40075
0.40075
0.40075
0.40075
0.40075
0.40075
0.40075
0.40075
0.40075
0.40075
0.40075
0.40075
0.40075
0.40075
0.40075
0.40075
0.40075
0.40075
0.40075
0.40075
-0.76219
-0.76080
-0.75941
-0.75802
-0.75664
-0.75525
-0.75386
-0.75247
-0.75108
-0.74970
-0.74831
-0.74692
-0.74553
-0.74414
-0.74276
-0.74137
-0.73998
-0.73859
-0.73720
-0.73582
-0.73443
-0.73304
-0.73165
-0.73027
-0.72888
-0.72749
-0.72610
-0.72471
-0.72333
-0.72194
-0.72055
-0.71916
-0.71777
-0.71639
-0.71500
-0.71361
-0.71222
-0.71084
-0.70945
-0.70806
-0.70667
-0.70528
-0.70390
-0.70251
-0.70112
-0.69973
-0.69834
-0.69696
-0.69557
-0.69418
-0.69279
-0.69140
-0.69002
-0.68863
-0.68724
-0.68585
-0.68447
-0.68308
-0.68169
-0.68030
-0.67891
-0.67753
-0.67614
-0.67475
-0.67336
-0.67197
-0.67059
-0.66920
-0.66781
-0.66642
-0.66504
-0.66365
-0.66226
-0.66087
-0.65948
-0.65810
-0.65671
-0.65532
-0.65393
-0.65254
-0.65116
-0.64977
-0.64838
-0.64699
-0.64560
-0.64422
-0.64283
-0.64144
-0.64005
-0.63867
-0.63728
-0.63589
-0.63450
-0.63311
-0.63173
-0.63034
-0.62895
-0.62756
-0.62617
-0.62479
-0.62340
-0.62200
-0.62070
-0.61940
-0.61810
-0.61680
-0.61550
-0.61420
-0.61290
-0.61160
-0.61030
-0.60900
-0.60810
-0.60720
-0.60630
-0.60540
-0.60450
-0.60360
-0.60270
-0.60180
-0.60090
-0.60000
-0.59930
-0.59860
-0.59790
-0.59720
-0.59650
-0.59580
-0.59510
-0.59440
-0.59370
-0.59300
-0.59230
-0.59160
-0.59090
-0.59020
-0.58950
-0.58880
-0.58810
-0.58740
-0.58670
-0.58600
-0.58500
-0.58400
-0.58300
-0.58200
-0.58100
-0.58000
-0.57900
-0.57800
-0.57700
-0.57600
-0.57455
-0.57310
-0.57165
-0.57020
-0.56875
-0.56730
-0.56585
-0.56440
-0.56295
-0.56150
-0.55920
-0.55690
-0.55460
-0.55230
-0.55000
-0.54770
-0.54540
-0.54310
-0.54080
-0.53850
-0.53460
-0.53070
-0.52680
-0.52290
-0.51900
-0.51510
-0.51120
-0.50730
-0.50340
-0.49950
-0.49340
-0.48730
-0.48120
-0.47510
-0.46900
-0.46290
-0.45680
-0.45070
-0.44460
-0.43850
-0.42945
-0.42040
-0.41135
-0.40230
-0.39325
-0.38420
-0.37515
-0.36610
-0.35705
-0.34800
-0.33485
-0.32170
-0.30855
-0.29540
-0.28225
-0.26910
-0.25595
-0.24280
-0.22965
-0.21650
-0.19850
-0.18050
-0.16250
-0.14450
-0.12650
-0.10850
-0.09050
-0.07250
-0.05450
-0.03650
-0.01825
-0.00000
0.01825
0.03650
0.05475
0.07300
0.09125
0.10950
0.12775
0.14600
0.16010
0.17420
0.18830
0.20240
0.21650
0.23060
0.24470
0.25880
0.27290
0.28700
0.29630
0.30560
0.31490
0.32420
0.33350
0.34280
0.35210
0.36140
0.37070
0.38000
0.38590
0.39180
0.39770
0.40360
0.40950
0.41540
0.42130
0.42720
0.43310
0.43900
0.44290
0.44680
0.45070
0.45460
0.45850
0.46240
0.46630
0.47020
0.47410
0.47800
0.48085
0.48370
0.48655
0.48940
0.49225
0.49510
0.49795
0.50080
0.50365
0.50650
0.50650
0.50650
0.50650
0.50650
0.50650
0.50650
0.50650
0.50650
0.50650
0.50650
0.50650
0.50650
0.50650
0.50650
0.50650
0.50650
0.50650
0.50650
0.50650
0.50650
0.50650
0.50650
0.50650
0.50650
0.50650
0.50650
0.50650
0.50650
0.50650
0.50650
0.50650
0.50650
0.50650
0.50650
0.50650
0.50650
0.50650
0.50650
0.50650
0.50650
0.50650
0.50650
0.50650
0.50650
0.50650
0.50650
0.50650
0.50650
0.50650
0.50650
0.50650
0.50650
0.50650
0.50650
0.50650
0.50650
0.50650
0.50650
0.50650
0.50650
0.50650
0.50650
0.50650
0.50650
0.50650
0.50650
0.50650
0.50650
0.50650
0.50650
0.50650
0.50650
0.50650
0.50650
0.50650
0.50650
0.50650
0.50650
0.50650
0.50650
0.50650
0.50650
0.50650
0.50650
0.50650
0.50650
0.50650
0.50650
0.50650
0.50650
0.50650
0.50650
0.50650
0.50650
0.50650
0.50650
0.50650
0.50650
0.50650
0.50650
0.50650
0.50650
0.50650
0.50650
0.50650
0.50650
0.50650
0.50650
0.50650
0.50650
0.50650
0.50650
0.50650
0.50650
0.50650
0.50650
0.50650
0.50650
0.50650
0.50650
0.50650
0.50650
0.50650
0.50650
0.50650
0.50650
0.50650
0.50650
0.50650
0.50650
0.50650
0.50650
0.50650
0.50650
0.50650
0.50650
0.50650
0.50650
0.50650
-0.71197
-0.71058
-0.70918
-0.70779
-0.70640
-0.70501
-0.70361
-0.70222
-0.70083
-0.69944
-0.69805
-0.69665
-0.69526
-0.69387
-0.69248
-0.69108
-0.68969
-0.68830
-0.68691
-0.68551
-0.68412
-0.68273
-0.68134
-0.67994
-0.67855
-0.67716
-0.67577
-0.67437
-0.67298
-0.67159
-0.67020
-0.66880
-0.66741
-0.66602
-0.66463
-0.66323
-0.66184
-0.66045
-0.65906
-0.65766
-0.65627
-0.65488
-0.65349
-0.65210
-0.65070
-0.64931
-0.64792
-0.64653
-0.64513
-0.64374
-0.64235
-0.64096
-0.63956
-0.63817
-0.63678
-0.63539
-0.63399
-0.63260
-0.63121
-0.62982
-0.62842
-0.62703
-0.62564
-0.62425
-0.62285
-0.62146
-0.62007
-0.61868
-0.61728
-0.61589
-0.61450
-0.61311
-0.61171
-0.61032
-0.60893
-0.60754
-0.60615
-0.60475
-0.60336
-0.60197
-0.60058
-0.59918
-0.59779
-0.59640
-0.59501
-0.59361
-0.59222
-0.59083
-0.58944
-0.58804
-0.58665
-0.58526
-0.58387
-0.58247
-0.58108
-0.57969
-0.57830
-0.57690
-0.57551
-0.57412
-0.57273
-0.57133
-0.56989
-0.56781
-0.56494
-0.56206
-0.55919
-0.55631
-0.55344
-0.55056
-0.54769
-0.54481
-0.54194
-0.53917
-0.53652
-0.53387
-0.53122
-0.52857
-0.52592
-0.52327
-0.52062
-0.51797
-0.51532
-0.51299
-0.51096
-0.50894
-0.50691
-0.50489
-0.50286
-0.50084
-0.49881
-0.49679
-0.49476
-0.49310
-0.49180
-0.49050
-0.48920
-0.48790
-0.48660
-0.48530
-0.48400
-0.48270
-0.48140
-0.48022
-0.47917
-0.47812
-0.47707
-0.47602
-0.47497
-0.47392
-0.47287
-0.47182
-0.47077
-0.46967
-0.46852
-0.46737
-0.46622
-0.46507
-0.46392
-0.46277
-0.46162
-0.46047
-0.45932
-0.45799
-0.45646
-0.45494
-0.45341
-0.45189
-0.45036
-0.44884
-0.44731
-0.44579
-0.44426
-0.44227
-0.43982
-0.43737
-0.43492
-0.43247
-0.43002
-0.42757
-0.42512
-0.42267
-0.42022
-0.41701
-0.41304
-0.40906
-0.40509
-0.40111
-0.39714
-0.39316
-0.38919
-0.38521
-0.38124
-0.37601
-0.36954
-0.36306
-0.35659
-0.35011
-0.34364
-0.33716
-0.33069
-0.32421
-0.31774
-0.30974
-0.30021
-0.29069
-0.28116
-0.27164
-0.26211
-0.25259
-0.24306
-0.23354
-0.22401
-0.21278
-0.19983
-0.18687
-0.17392
-0.16097
-0.14803
-0.13508
-0.12213
-0.10917
-0.09622
-0.08146
-0.06489
-0.04831
-0.03174
-0.01516
0.00141
0.01799
0.03456
0.05114
0.06771
0.08491
0.10274
0.12056
0.13839
0.15621
0.17404
0.19186
0.20969
0.22751
0.24534
0.26159
0.27626
0.29094
0.30561
0.32029
0.33496
0.34964
0.36431
0.37899
0.39366
0.40611
0.41634
0.42656
0.43679
0.44701
0.45724
0.46746
0.47769
0.48791
0.49814
0.50661
0.51334
0.52006
0.52679
0.53351
0.54024
0.54696
0.55369
0.56041
0.56714
0.57263
0.57688
0.58113
0.58538
0.58963
0.59388
0.59813
0.60238
0.60663
0.61088
0.61300
0.61300
0.61300
0.61300
0.61300
0.61300
0.61300
0.61300
0.61300
0.61300
0.61300
0.61300
0.61300
0.61300
0.61300
0.61300
0.61300
0.61300
0.61300
0.61300
0.61300
0.61300
0.61300
0.61300
0.61300
0.61300
0.61300
0.61300
0.61300
0.61300
0.61300
0.61300
0.61300
0.61300
0.61300
0.61300
0.61300
0.61300
0.61300
0.61300
0.61300
0.61300
0.61300
0.61300
0.61300
0.61300
0.61300
0.61300
0.61300
0.61300
0.61300
0.61300
0.61300
0.61300
0.61300
0.61300
0.61300
0.61300
0.61300
0.61300
0.61300
0.61300
0.61300
0.61300
0.61300
0.61300
0.61300
0.61300
0.61300
0.61300
0.61300
0.61300
0.61300
0.61300
0.61300
0.61300
0.61300
0.61300
0.61300
0.61300
0.61300
0.61300
0.61300
0.61300
0.61300
0.61300
0.61300
0.61300
0.61300
0.61300
0.61300
0.61300
0.61300
0.61300
0.61300
0.61300
0.61300
0.61300
0.61300
0.61300
0.61300
0.61300
0.61300
0.61300
0.61300
0.61300
0.61300
0.61300
0.61300
0.61300
0.61300
0.61300
0.61300
0.61300
0.61300
0.61300
0.61300
0.61300
0.61300
0.61300
0.61300
0.61300
0.61300
0.61300
0.61300
0.61300
0.61300
0.61300
0.61300
0.61300
0.61300
0.61300
0.61300
0.61300
0.61300
0.61300
0.61300
0.61300
-0.62929
-0.62792
-0.62655
-0.62519
-0.62382
-0.62245
-0.62108
-0.61971
-0.61835
-0.61698
-0.61561
-0.61424
-0.61287
-0.61150
-0.61014
-0.60877
-0.60740
-0.60603
-0.60466
-0.60330
-0.60193
-0.60056
-0.59919
-0.59782
-0.59645
-0.59509
-0.59372
-0.59235
-0.59098
-0.58961
-0.58825
-0.58688
-0.58551
-0.58414
-0.58277
-0.58140
-0.58004
-0.57867
-0.57730
-0.57593
-0.57456
-0.57320
-0.57183
-0.57046
-0.56909
-0.56772
-0.56635
-0.56499
-0.56362
-0.56225
-0.56088
-0.55951
-0.55815
-0.55678
-0.55541
-0.55404
-0.55267
-0.55130
-0.54994
-0.54857
-0.54720
-0.54583
-0.54446
-0.54310
-0.54173
-0.54036
-0.53899
-0.53762
-0.53625
-0.53489
-0.53352
-0.53215
-0.53078
-0.52941
-0.52805
-0.52668
-0.52531
-0.52394
-0.52257
-0.52120
-0.51984
-0.51847
-0.51710
-0.51573
-0.51436
-0.51300
-0.51163
-0.51026
-0.50889
-0.50752
-0.50615
-0.50479
-0.50342
-0.50205
-0.50068
-0.49931
-0.49795
-0.49658
-0.49521
-0.49384
-0.49247
-0.49110
-0.48974
-0.48837
-0.48700
-0.48430
-0.48160
-0.47890
-0.47620
-0.47350
-0.47080
-0.46810
-0.46540
-0.46270
-0.46000
-0.45620
-0.45240
-0.44860
-0.44480
-0.44100
-0.43720
-0.43340
-0.42960
-0.42580
-0.42200
-0.41760
-0.41320
-0.40880
-0.40440
-0.40000
-0.39560
-0.39120
-0.38680
-0.38240
-0.37800
-0.37440
-0.37080
-0.36720
-0.36360
-0.36000
-0.35640
-0.35280
-0.34920
-0.34560
-0.34200
-0.33960
-0.33720
-0.33480
-0.33240
-0.33000
-0.32760
-0.32520
-0.32280
-0.32040
-0.31800
-0.31640
-0.31480
-0.31320
-0.31160
-0.31000
-0.30840
-0.30680
-0.30520
-0.30360
-0.30200
-0.30070
-0.29940
-0.29810
-0.29680
-0.29550
-0.29420
-0.29290
-0.29160
-0.29030
-0.28900
-0.28740
-0.28580
-0.28420
-0.28260
-0.28100
-0.27940
-0.27780
-0.27620
-0.27460
-0.27300
-0.27070
-0.26840
-0.26610
-0.26380
-0.26150
-0.25920
-0.25690
-0.25460
-0.25230
-0.25000
-0.24630
-0.24260
-0.23890
-0.23520
-0.23150
-0.22780
-0.22410
-0.22040
-0.21670
-0.21300
-0.20700
-0.20100
-0.19500
-0.18900
-0.18300
-0.17700
-0.17100
-0.16500
-0.15900
-0.15300
-0.14370
-0.13440
-0.12510
-0.11580
-0.10650
-0.09720
-0.08790
-0.07860
-0.06930
-0.06000
-0.04770
-0.03540
-0.02310
-0.01080
0.00150
0.01380
0.02610
0.03840
0.05070
0.06300
0.07840
0.09380
0.10920
0.12460
0.14000
0.15540
0.17080
0.18620
0.20160
0.21700
0.23390
0.25080
0.26770
0.28460
0.30150
0.31840
0.33530
0.35220
0.36910
0.38600
0.40060
0.41520
0.42980
0.44440
0.45900
0.47360
0.48820
0.50280
0.51740
0.53200
0.54260
0.55320
0.56380
0.57440
0.58500
0.59560
0.60620
0.61680
0.62740
0.63800
0.64490
0.65180
0.65870
0.66560
0.67250
0.67940
0.68630
0.69320
0.70010
0.70700
0.70700
0.70700
0.70700
0.70700
0.70700
0.70700
0.70700
0.70700
0.70700
0.70700
0.70700
0.70700
0.70700
0.70700
0.70700
0.70700
0.70700
0.70700
0.70700
0.70700
0.70700
0.70700
0.70700
0.70700
0.70700
0.70700
0.70700
0.70700
0.70700
0.70700
0.70700
0.70700
0.70700
0.70700
0.70700
0.70700
0.70700
0.70700
0.70700
0.70700
0.70700
0.70700
0.70700
0.70700
0.70700
0.70700
0.70700
0.70700
0.70700
0.70700
0.70700
0.70700
0.70700
0.70700
0.70700
0.70700
0.70700
0.70700
0.70700
0.70700
0.70700
0.70700
0.70700
0.70700
0.70700
0.70700
0.70700
0.70700
0.70700
0.70700
0.70700
0.70700
0.70700
0.70700
0.70700
0.70700
0.70700
0.70700
0.70700
0.70700
0.70700
0.70700
0.70700
0.70700
0.70700
0.70700
0.70700
0.70700
0.70700
0.70700
0.70700
0.70700
0.70700
0.70700
0.70700
0.70700
0.70700
0.70700
0.70700
0.70700
0.70700
0.70700
0.70700
0.70700
0.70700
0.70700
0.70700
0.70700
0.70700
0.70700
0.70700
0.70700
0.70700
0.70700
0.70700
0.70700
0.70700
0.70700
0.70700
0.70700
0.70700
0.70700
0.70700
0.70700
0.70700
0.70700
0.70700
0.70700
0.70700
0.70700
0.70700
0.70700
0.70700
0.70700
0.70700
0.70700
-0.52097
-0.51948
-0.51798
-0.51649
-0.51499
-0.51350
-0.51200
-0.51051
-0.50901
-0.50752
-0.50602
-0.50453
-0.50303
-0.50154
-0.50005
-0.49855
-0.49706
-0.49556
-0.49407
-0.49257
-0.49108
-0.48958
-0.48809
-0.48659
-0.48510
-0.48360
-0.48211
-0.48061
-0.47912
-0.47762
-0.47613
-0.47464
-0.47314
-0.47165
-0.47015
-0.46866
-0.46716
-0.46567
-0.46417
-0.46268
-0.46118
-0.45969
-0.45819
-0.45670
-0.45520
-0.45371
-0.45221
-0.45072
-0.44922
-0.44773
-0.44624
-0.44474
-0.44325
-0.44175
-0.44026
-0.43876
-0.43727
-0.43577
-0.43428
-0.43278
-0.43129
-0.42979
-0.42830
-0.42680
-0.42531
-0.42381
-0.42232
-0.42083
-0.41933
-0.41784
-0.41634
-0.41485
-0.41335
-0.41186
-0.41036
-0.40887
-0.40737
-0.40588
-0.40438
-0.40289
-0.40139
-0.39990
-0.39840
-0.39691
-0.39541
-0.39392
-0.39243
-0.39093
-0.38944
-0.38794
-0.38645
-0.38495
-0.38346
-0.38196
-0.38047
-0.37897
-0.37748
-0.37598
-0.37449
-0.37299
-0.37150
-0.37000
-0.36851
-0.36702
-0.36552
-0.36403
-0.36201
-0.35954
-0.35706
-0.35459
-0.35211
-0.34964
-0.34716
-0.34469
-0.34221
-0.33974
-0.33710
-0.33430
-0.33150
-0.32870
-0.32590
-0.32310
-0.32030
-0.31750
-0.31470
-0.31190
-0.30856
-0.30469
-0.30081
-0.29694
-0.29306
-0.28919
-0.28531
-0.28144
-0.27756
-0.27369
-0.26923
-0.26418
-0.25913
-0.25408
-0.24903
-0.24398
-0.23893
-0.23388
-0.22883
-0.22378
-0.21871
-0.21364
-0.20856
-0.20349
-0.19841
-0.19334
-0.18826
-0.18319
-0.17811
-0.17304
-0.16854
-0.16461
-0.16069
-0.15676
-0.15284
-0.14891
-0.14499
-0.14106
-0.13714
-0.13321
-0.12989
-0.12716
-0.12444
-0.12171
-0.11899
-0.11626
-0.11354
-0.11081
-0.10809
-0.10536
-0.10301
-0.10104
-0.09906
-0.09709
-0.09511
-0.09314
-0.09116
-0.08919
-0.08721
-0.08524
-0.08336
-0.08159
-0.07981
-0.07804
-0.07626
-0.07449
-0.07271
-0.07094
-0.06916
-0.06739
-0.06535
-0.06305
-0.06075
-0.05845
-0.05615
-0.05385
-0.05155
-0.04925
-0.04695
-0.04465
-0.04181
-0.03844
-0.03506
-0.03169
-0.02831
-0.02494
-0.02156
-0.01819
-0.01481
-0.01144
-0.00699
-0.00146
0.00406
0.00959
0.01511
0.02064
0.02616
0.03169
0.03721
0.04274
0.04969
0.05806
0.06644
0.07481
0.08319
0.09156
0.09994
0.10831
0.11669
0.12506
0.13500
0.14650
0.15800
0.16950
0.18100
0.19250
0.20400
0.21550
0.22700
0.23850
0.25130
0.26540
0.27950
0.29360
0.30770
0.32180
0.33590
0.35000
0.36410
0.37820
0.39280
0.40790
0.42300
0.43810
0.45320
0.46830
0.48340
0.49850
0.51360
0.52870
0.54299
0.55646
0.56994
0.58341
0.59689
0.61036
0.62384
0.63731
0.65079
0.66426
0.67610
0.68630
0.69650
0.70670
0.71690
0.72710
0.73730
0.74750
0.75770
0.76790
0.77180
0.77300
0.77300
0.77300
0.77300
0.77300
0.77300
0.77300
0.77300
0.77300
0.77300
0.77300
0.77300
0.77300
0.77300
0.77300
0.77300
0.77300
0.77300
0.77300
0.77300
0.77300
0.77300
0.77300
0.77300
0.77300
0.77300
0.77300
0.77300
0.77300
0.77300
0.77300
0.77300
0.77300
0.77300
0.77300
0.77300
0.77300
0.77300
0.77300
0.77300
0.77300
0.77300
0.77300
0.77300
0.77300
0.77300
0.77300
0.77300
0.77300
0.77300
0.77300
0.77300
0.77300
0.77300
0.77300
0.77300
0.77300
0.77300
0.77300
0.77300
0.77300
0.77300
0.77300
0.77300
0.77300
0.77300
0.77300
0.77300
0.77300
0.77300
0.77300
0.77300
0.77300
0.77300
0.77300
0.77300
0.77300
0.77300
0.77300
0.77300
0.77300
0.77300
0.77300
0.77300
0.77300
0.77300
0.77300
0.77300
0.77300
0.77300
0.77300
0.77300
0.77300
0.77300
0.77300
0.77300
0.77300
0.77300
0.77300
0.77300
0.77300
0.77300
0.77300
0.77300
0.77300
0.77300
0.77300
0.77300
0.77300
0.77300
0.77300
0.77300
0.77300
0.77300
0.77300
0.77300
0.77300
0.77300
0.77300
0.77300
0.77300
0.77300
0.77300
0.77300
0.77300
0.77300
0.77300
0.77300
0.77300
0.77300
0.77300
0.77300
0.77300
0.77300
-0.36760
-0.36599
-0.36438
-0.36276
-0.36115
-0.35954
-0.35792
-0.35631
-0.35470
-0.35308
-0.35147
-0.34986
-0.34825
-0.34663
-0.34502
-0.34341
-0.34179
-0.34018
-0.33857
-0.33696
-0.33534
-0.33373
-0.33212
-0.33050
-0.32889
-0.32728
-0.32566
-0.32405
-0.32244
-0.32083
-0.31921
-0.31760
-0.31599
-0.31437
-0.31276
-0.31115
-0.30953
-0.30792
-0.30631
-0.30470
-0.30308
-0.30147
-0.29986
-0.29824
-0.29663
-0.29502
-0.29341
-0.29179
-0.29018
-0.28857
-0.28695
-0.28534
-0.28373
-0.28211
-0.28050
-0.27889
-0.27728
-0.27566
-0.27405
-0.27244
-0.27082
-0.26921
-0.26760
-0.26598
-0.26437
-0.26276
-0.26115
-0.25953
-0.25792
-0.25631
-0.25469
-0.25308
-0.25147
-0.24986
-0.24824
-0.24663
-0.24502
-0.24340
-0.24179
-0.24018
-0.23856
-0.23695
-0.23534
-0.23373
-0.23211
-0.23050
-0.22889
-0.22727
-0.22566
-0.22405
-0.22243
-0.22082
-0.21921
-0.21760
-0.21598
-0.21437
-0.21276
-0.21114
-0.20953
-0.20792
-0.20631
-0.20469
-0.20308
-0.20147
-0.19985
-0.19824
-0.19663
-0.19500
-0.19365
-0.19230
-0.19095
-0.18960
-0.18825
-0.18690
-0.18555
-0.18420
-0.18285
-0.18150
-0.17960
-0.17770
-0.17580
-0.17390
-0.17200
-0.17010
-0.16820
-0.16630
-0.16440
-0.16250
-0.16015
-0.15780
-0.15545
-0.15310
-0.15075
-0.14840
-0.14605
-0.14370
-0.14135
-0.13900
-0.13545
-0.13190
-0.12835
-0.12480
-0.12125
-0.11770
-0.11415
-0.11060
-0.10705
-0.10350
-0.09840
-0.09330
-0.08820
-0.08310
-0.07800
-0.07290
-0.06780
-0.06270
-0.05760
-0.05250
-0.04650
-0.04050
-0.03450
-0.02850
-0.02250
-0.01650
-0.01050
-0.00450
0.00150
0.00750
0.01295
0.01840
0.02385
0.02930
0.03475
0.04020
0.04565
0.05110
0.05655
0.06200
0.06595
0.06990
0.07385
0.07780
0.08175
0.08570
0.08965
0.09360
0.09755
0.10150
0.10425
0.10700
0.10975
0.11250
0.11525
0.11800
0.12075
0.12350
0.12625
0.12900
0.13120
0.13340
0.13560
0.13780
0.14000
0.14220
0.14440
0.14660
0.14880
0.15100
0.15330
0.15560
0.15790
0.16020
0.16250
0.16480
0.16710
0.16940
0.17170
0.17400
0.17720
0.18040
0.18360
0.18680
0.19000
0.19320
0.19640
0.19960
0.20280
0.20600
0.21080
0.21560
0.22040
0.22520
0.23000
0.23480
0.23960
0.24440
0.24920
0.25400
0.26150
0.26900
0.27650
0.28400
0.29150
0.29900
0.30650
0.31400
0.32150
0.32900
0.33935
0.34970
0.36005
0.37040
0.38075
0.39110
0.40145
0.41180
0.42215
0.43250
0.44525
0.45800
0.47075
0.48350
0.49625
0.50900
0.52175
0.53450
0.54725
0.56000
0.57345
0.58690
0.60035
0.61380
0.62725
0.64070
0.65415
0.66760
0.68105
0.69450
0.70675
0.71900
0.73125
0.74350
0.75575
0.76800
0.78025
0.79250
0.80475
0.81700
0.81700
0.81700
0.81700
0.81700
0.81700
0.81700
0.81700
0.81700
0.81700
0.81700
0.81700
0.81700
0.81700
0.81700
0.81700
0.81700
0.81700
0.81700
0.81700
0.81700
0.81700
0.81700
0.81700
0.81700
0.81700
0.81700
0.81700
0.81700
0.81700
0.81700
0.81700
0.81700
0.81700
0.81700
0.81700
0.81700
0.81700
0.81700
0.81700
0.81700
0.81700
0.81700
0.81700
0.81700
0.81700
0.81700
0.81700
0.81700
0.81700
0.81700
0.81700
0.81700
0.81700
0.81700
0.81700
0.81700
0.81700
0.81700
0.81700
0.81700
0.81700
0.81700
0.81700
0.81700
0.81700
0.81700
0.81700
0.81700
0.81700
0.81700
0.81700
0.81700
0.81700
0.81700
0.81700
0.81700
0.81700
0.81700
0.81700
0.81700
0.81700
0.81700
0.81700
0.81700
0.81700
0.81700
0.81700
0.81700
0.81700
0.81700
0.81700
0.81700
0.81700
0.81700
0.81700
0.81700
0.81700
0.81700
0.81700
0.81700
0.81700
0.81700
0.81700
0.81700
0.81700
0.81700
0.81700
0.81700
0.81700
0.81700
0.81700
0.81700
0.81700
0.81700
0.81700
0.81700
0.81700
0.81700
0.81700
0.81700
0.81700
0.81700
0.81700
0.81700
0.81700
0.81700
0.81700
0.81700
0.81700
0.81700
0.81700
0.81700
0.81700
-0.16671
-0.16508
-0.16346
-0.16184
-0.16022
-0.15860
-0.15698
-0.15535
-0.15373
-0.15211
-0.15049
-0.14887
-0.14725
-0.14562
-0.14400
-0.14238
-0.14076
-0.13914
-0.13751
-0.13589
-0.13427
-0.13265
-0.13103
-0.12941
-0.12778
-0.12616
-0.12454
-0.12292
-0.12130
-0.11968
-0.11805
-0.11643
-0.11481
-0.11319
-0.11157
-0.10994
-0.10832
-0.10670
-0.10508
-0.10346
-0.10184
-0.10021
-0.09859
-0.09697
-0.09535
-0.09373
-0.09211
-0.09048
-0.08886
-0.08724
-0.08562
-0.08400
-0.08237
-0.08075
-0.07913
-0.07751
-0.07589
-0.07427
-0.07264
-0.07102
-0.06940
-0.06778
-0.06616
-0.06454
-0.06291
-0.06129
-0.05967
-0.05805
-0.05643
-0.05480
-0.05318
-0.05156
-0.04994
-0.04832
-0.04670
-0.04507
-0.04345
-0.04183
-0.04021
-0.03859
-0.03697
-0.03534
-0.03372
-0.03210
-0.03048
-0.02886
-0.02723
-0.02561
-0.02399
-0.02237
-0.02075
-0.01913
-0.01750
-0.01588
-0.01426
-0.01264
-0.01102
-0.00940
-0.00777
-0.00615
-0.00453
-0.00291
-0.00129
0.00033
0.00196
0.00358
0.00520
0.00682
0.00834
0.00936
0.00959
0.00981
0.01004
0.01026
0.01049
0.01071
0.01094
0.01116
0.01139
0.01178
0.01233
0.01288
0.01343
0.01398
0.01453
0.01508
0.01563
0.01618
0.01673
0.01749
0.01846
0.01944
0.02041
0.02139
0.02236
0.02334
0.02431
0.02529
0.02626
0.02759
0.02926
0.03094
0.03261
0.03429
0.03596
0.03764
0.03931
0.04099
0.04266
0.04498
0.04793
0.05088
0.05383
0.05678
0.05973
0.06268
0.06563
0.06858
0.07153
0.07535
0.08005
0.08475
0.08945
0.09415
0.09885
0.10355
0.10825
0.11295
0.11765
0.12323
0.12968
0.13613
0.14258
0.14903
0.15548
0.16193
0.16838
0.17483
0.18128
0.18784
0.19451
0.20119
0.20786
0.21454
0.22121
0.22789
0.23456
0.24124
0.24791
0.25394
0.25931
0.26469
0.27006
0.27544
0.28081
0.28619
0.29156
0.29694
0.30231
0.30680
0.31040
0.31400
0.31760
0.32120
0.32480
0.32840
0.33200
0.33560
0.33920
0.34236
0.34509
0.34781
0.35054
0.35326
0.35599
0.35871
0.36144
0.36416
0.36689
0.36944
0.37181
0.37419
0.37656
0.37894
0.38131
0.38369
0.38606
0.38844
0.39081
0.39348
0.39643
0.39938
0.40233
0.40528
0.40823
0.41118
0.41413
0.41708
0.42003
0.42366
0.42799
0.43231
0.43664
0.44096
0.44529
0.44961
0.45394
0.45826
0.46259
0.46801
0.47454
0.48106
0.48759
0.49411
0.50064
0.50716
0.51369
0.52021
0.52674
0.53464
0.54391
0.55319
0.56246
0.57174
0.58101
0.59029
0.59956
0.60884
0.61811
0.62841
0.63974
0.65106
0.66239
0.67371
0.68504
0.69636
0.70769
0.71901
0.73034
0.74199
0.75396
0.76594
0.77791
0.78989
0.80186
0.81384
0.82581
0.83779
0.84976
0.85575
0.85575
0.85575
0.85575
0.85575
0.85575
0.85575
0.85575
0.85575
0.85575
0.85575
0.85575
0.85575
0.85575
0.85575
0.85575
0.85575
0.85575
0.85575
0.85575
0.85575
0.85575
0.85575
0.85575
0.85575
0.85575
0.85575
0.85575
0.85575
0.85575
0.85575
0.85575
0.85575
0.85575
0.85575
0.85575
0.85575
0.85575
0.85575
0.85575
0.85575
0.85575
0.85575
0.85575
0.85575
0.85575
0.85575
0.85575
0.85575
0.85575
0.85575
0.85575
0.85575
0.85575
0.85575
0.85575
0.85575
0.85575
0.85575
0.85575
0.85575
0.85575
0.85575
0.85575
0.85575
0.85575
0.85575
0.85575
0.85575
0.85575
0.85575
0.85575
0.85575
0.85575
0.85575
0.85575
0.85575
0.85575
0.85575
0.85575
0.85575
0.85575
0.85575
0.85575
0.85575
0.85575
0.85575
0.85575
0.85575
0.85575
0.85575
0.85575
0.85575
0.85575
0.85575
0.85575
0.85575
0.85575
0.85575
0.85575
0.85575
0.85575
0.85575
0.85575
0.85575
0.85575
0.85575
0.85575
0.85575
0.85575
0.85575
0.85575
0.85575
0.85575
0.85575
0.85575
0.85575
0.85575
0.85575
0.85575
0.85575
0.85575
0.85575
0.85575
0.85575
0.85575
0.85575
0.85575
0.85575
0.85575
0.85575
0.85575
0.00681
0.00867
0.01053
0.01238
0.01424
0.01609
0.01795
0.01981
0.02166
0.02352
0.02538
0.02723
0.02909
0.03094
0.03280
0.03466
0.03651
0.03837
0.04023
0.04208
0.04394
0.04579
0.04765
0.04951
0.05136
0.05322
0.05508
0.05693
0.05879
0.06064
0.06250
0.06436
0.06621
0.06807
0.06993
0.07178
0.07364
0.07549
0.07735
0.07921
0.08106
0.08292
0.08478
0.08663
0.08849
0.09034
0.09220
0.09406
0.09591
0.09777
0.09963
0.10148
0.10334
0.10519
0.10705
0.10891
0.11076
0.11262
0.11447
0.11633
0.11819
0.12004
0.12190
0.12376
0.12561
0.12747
0.12933
0.13118
0.13304
0.13489
0.13675
0.13861
0.14046
0.14232
0.14417
0.14603
0.14789
0.14974
0.15160
0.15346
0.15531
0.15717
0.15903
0.16088
0.16274
0.16459
0.16645
0.16831
0.17016
0.17202
0.17388
0.17573
0.17759
0.17944
0.18130
0.18316
0.18501
0.18687
0.18872
0.19058
0.19244
0.19429
0.19615
0.19801
0.19986
0.20172
0.20358
0.20543
0.20729
0.20914
0.21100
0.21110
0.21120
0.21130
0.21140
0.21150
0.21160
0.21170
0.21180
0.21190
0.21200
0.21210
0.21220
0.21230
0.21240
0.21250
0.21260
0.21270
0.21280
0.21290
0.21300
0.21310
0.21320
0.21330
0.21340
0.21350
0.21360
0.21370
0.21380
0.21390
0.21400
0.21440
0.21480
0.21520
0.21560
0.21600
0.21640
0.21680
0.21720
0.21760
0.21800
0.21900
0.22000
0.22100
0.22200
0.22300
0.22400
0.22500
0.22600
0.22700
0.22800
0.23020
0.23240
0.23460
0.23680
0.23900
0.24120
0.24340
0.24560
0.24780
0.25000
0.25410
0.25820
0.26230
0.26640
0.27050
0.27460
0.27870
0.28280
0.28690
0.29100
0.29770
0.30440
0.31110
0.31780
0.32450
0.33120
0.33790
0.34460
0.35130
0.35800
0.36570
0.37340
0.38110
0.38880
0.39650
0.40420
0.41190
0.41960
0.42730
0.43500
0.44170
0.44840
0.45510
0.46180
0.46850
0.47520
0.48190
0.48860
0.49530
0.50200
0.50650
0.51100
0.51550
0.52000
0.52450
0.52900
0.53350
0.53800
0.54250
0.54700
0.55020
0.55340
0.55660
0.55980
0.56300
0.56620
0.56940
0.57260
0.57580
0.57900
0.58160
0.58420
0.58680
0.58940
0.59200
0.59460
0.59720
0.59980
0.60240
0.60500
0.60780
0.61060
0.61340
0.61620
0.61900
0.62180
0.62460
0.62740
0.63020
0.63300
0.63680
0.64060
0.64440
0.64820
0.65200
0.65580
0.65960
0.66340
0.66720
0.67100
0.67680
0.68260
0.68840
0.69420
0.70000
0.70580
0.71160
0.71740
0.72320
0.72900
0.73720
0.74540
0.75360
0.76180
0.77000
0.77820
0.78640
0.79460
0.80280
0.81100
0.82100
0.83100
0.84100
0.85100
0.86100
0.87100
0.88100
0.89100
0.90100
0.91100
0.91100
0.91100
0.91100
0.91100
0.91100
0.91100
0.91100
0.91100
0.91100
0.91100
0.91100
0.91100
0.91100
0.91100
0.91100
0.91100
0.91100
0.91100
0.91100
0.91100
0.91100
0.91100
0.91100
0.91100
0.91100
0.91100
0.91100
0.91100
0.91100
0.91100
0.91100
0.91100
0.91100
0.91100
0.91100
0.91100
0.91100
0.91100
0.91100
0.91100
0.91100
0.91100
0.91100
0.91100
0.91100
0.91100
0.91100
0.91100
0.91100
0.91100
0.91100
0.91100
0.91100
0.91100
0.91100
0.91100
0.91100
0.91100
0.91100
0.91100
0.91100
0.91100
0.91100
0.91100
0.91100
0.91100
0.91100
0.91100
0.91100
0.91100
0.91100
0.91100
0.91100
0.91100
0.91100
0.91100
0.91100
0.91100
0.91100
0.91100
0.91100
0.91100
0.91100
0.91100
0.91100
0.91100
0.91100
0.91100
0.91100
0.91100
0.91100
0.91100
0.91100
0.91100
0.91100
0.91100
0.91100
0.91100
0.91100
0.91100
0.91100
0.91100
0.91100
0.91100
0.91100
0.91100
0.91100
0.91100
0.91100
0.91100
0.91100
0.91100
0.91100
0.91100
0.91100
0.91100
0.91100
0.91100
0.91100
0.91100
0.91100
0.91100
0.91100
0.91100
0.91100
0.91100
0.91100
0.91100
0.91100
0.91100
0.14745
0.14955
0.15165
0.15375
0.15585
0.15795
0.16005
0.16215
0.16425
0.16635
0.16845
0.17055
0.17265
0.17475
0.17685
0.17895
0.18105
0.18315
0.18525
0.18735
0.18945
0.19155
0.19365
0.19575
0.19785
0.19995
0.20205
0.20415
0.20625
0.20836
0.21046
0.21256
0.21466
0.21676
0.21886
0.22096
0.22306
0.22516
0.22726
0.22936
0.23146
0.23356
0.23566
0.23776
0.23986
0.24196
0.24406
0.24616
0.24826
0.25036
0.25246
0.25456
0.25666
0.25876
0.26086
0.26296
0.26506
0.26716
0.26927
0.27137
0.27347
0.27557
0.27767
0.27977
0.28187
0.28397
0.28607
0.28817
0.29027
0.29237
0.29447
0.29657
0.29867
0.30077
0.30287
0.30497
0.30707
0.30917
0.31127
0.31337
0.31547
0.31757
0.31967
0.32177
0.32387
0.32597
0.32808
0.33018
0.33228
0.33438
0.33648
0.33858
0.34068
0.34278
0.34488
0.34698
0.34908
0.35118
0.35328
0.35538
0.35748
0.35958
0.36168
0.36378
0.36588
0.36798
0.37008
0.37218
0.37428
0.37638
0.37848
0.37971
0.38233
0.38298
0.38363
0.38427
0.38493
0.38558
0.38623
0.38687
0.38753
0.38817
0.38867
0.38903
0.38938
0.38972
0.39007
0.39042
0.39077
0.39112
0.39148
0.39182
0.39210
0.39230
0.39250
0.39270
0.39290
0.39310
0.39330
0.39350
0.39370
0.39390
0.39415
0.39445
0.39475
0.39505
0.39535
0.39565
0.39595
0.39625
0.39655
0.39685
0.39727
0.39783
0.39837
0.39892
0.39948
0.40002
0.40058
0.40112
0.40168
0.40222
0.40310
0.40430
0.40550
0.40670
0.40790
0.40910
0.41030
0.41150
0.41270
0.41390
0.41562
0.41788
0.42012
0.42238
0.42463
0.42687
0.42913
0.43137
0.43363
0.43588
0.43900
0.44300
0.44700
0.45100
0.45500
0.45900
0.46300
0.46700
0.47100
0.47500
0.47967
0.48503
0.49037
0.49573
0.50108
0.50642
0.51178
0.51713
0.52248
0.52783
0.53367
0.54003
0.54637
0.55273
0.55908
0.56542
0.57178
0.57812
0.58448
0.59083
0.59725
0.60375
0.61025
0.61675
0.62325
0.62975
0.63625
0.64275
0.64925
0.65575
0.66197
0.66793
0.67388
0.67983
0.68578
0.69172
0.69768
0.70362
0.70958
0.71553
0.72080
0.72540
0.73000
0.73460
0.73920
0.74380
0.74840
0.75300
0.75760
0.76220
0.76635
0.77005
0.77375
0.77745
0.78115
0.78485
0.78855
0.79225
0.79595
0.79965
0.80330
0.80690
0.81050
0.81410
0.81770
0.82130
0.82490
0.82850
0.83210
0.83570
0.83972
0.84418
0.84863
0.85308
0.85753
0.86197
0.86643
0.87087
0.87533
0.87978
0.88495
0.89085
0.89675
0.90265
0.90855
0.91445
0.92035
0.92625
0.93215
0.93805
0.94470
0.95210
0.95950
0.96690
0.97430
0.98170
0.98910
0.99650
1.00390
1.01130
1.01260
1.01500
1.01500
1.01500
1.01500
1.01500
1.01500
1.01500
1.01500
1.01500
1.01500
1.01500
1.01500
1.01500
1.01500
1.01500
1.01500
1.01500
1.01500
1.01500
1.01500
1.01500
1.01500
1.01500
1.01500
1.01500
1.01500
1.01500
1.01500
1.01500
1.01500
1.01500
1.01500
1.01500
1.01500
1.01500
1.01500
1.01500
1.01500
1.01500
1.01500
1.01500
1.01500
1.01500
1.01500
1.01500
1.01500
1.01500
1.01500
1.01500
1.01500
1.01500
1.01500
1.01500
1.01500
1.01500
1.01500
1.01500
1.01500
1.01500
1.01500
1.01500
1.01500
1.01500
1.01500
1.01500
1.01500
1.01500
1.01500
1.01500
1.01500
1.01500
1.01500
1.01500
1.01500
1.01500
1.01500
1.01500
1.01500
1.01500
1.01500
1.01500
1.01500
1.01500
1.01500
1.01500
1.01500
1.01500
1.01500
1.01500
1.01500
1.01500
1.01500
1.01500
1.01500
1.01500
1.01500
1.01500
1.01500
1.01500
1.01500
1.01500
1.01500
1.01500
1.01500
1.01500
1.01500
1.01500
1.01500
1.01500
1.01500
1.01500
1.01500
1.01500
1.01500
1.01500
1.01500
1.01500
1.01500
1.01500
1.01500
1.01500
1.01500
1.01500
1.01500
1.01500
1.01500
1.01500
1.01500
0.28808
0.29042
0.29277
0.29511
0.29746
0.29980
0.30214
0.30449
0.30683
0.30918
0.31152
0.31387
0.31621
0.31856
0.32090
0.32324
0.32559
0.32793
0.33028
0.33262
0.33497
0.33731
0.33966
0.34200
0.34434
0.34669
0.34903
0.35138
0.35372
0.35607
0.35841
0.36076
0.36310
0.36544
0.36779
0.37013
0.37248
0.37482
0.37717
0.37951
0.38186
0.38420
0.38654
0.38889
0.39123
0.39358
0.39592
0.39827
0.40061
0.40296
0.40530
0.40764
0.40999
0.41233
0.41468
0.41702
0.41937
0.42171
0.42406
0.42640
0.42874
0.43109
0.43343
0.43578
0.43812
0.44047
0.44281
0.44516
0.44750
0.44984
0.45219
0.45453
0.45688
0.45922
0.46157
0.46391
0.46626
0.46860
0.47094
0.47329
0.47563
0.47798
0.48032
0.48267
0.48501
0.48736
0.48970
0.49204
0.49439
0.49673
0.49908
0.50142
0.50377
0.50611
0.50846
0.51080
0.51314
0.51549
0.51783
0.52018
0.52252
0.52487
0.52721
0.52956
0.53190
0.53424
0.53659
0.53893
0.54128
0.54362
0.54597
0.54831
0.55066
0.55300
0.55420
0.55540
0.55660
0.55780
0.55900
0.56020
0.56140
0.56260
0.56380
0.56500
0.56560
0.56620
0.56680
0.56740
0.56800
0.56860
0.56920
0.56980
0.57040
0.57100
0.57130
0.57160
0.57190
0.57220
0.57250
0.57280
0.57310
0.57340
0.57370
0.57400
0.57420
0.57440
0.57460
0.57480
0.57500
0.57520
0.57540
0.57560
0.57580
0.57600
0.57610
0.57620
0.57630
0.57640
0.57650
0.57660
0.57670
0.57680
0.57690
0.57700
0.57720
0.57740
0.57760
0.57780
0.57800
0.57820
0.57840
0.57860
0.57880
0.57900
0.57940
0.57980
0.58020
0.58060
0.58100
0.58140
0.58180
0.58220
0.58260
0.58300
0.58430
0.58560
0.58690
0.58820
0.58950
0.59080
0.59210
0.59340
0.59470
0.59600
0.59900
0.60200
0.60500
0.60800
0.61100
0.61400
0.61700
0.62000
0.62300
0.62600
0.63200
0.63800
0.64400
0.65000
0.65600
0.66200
0.66800
0.67400
0.68000
0.68600
0.69450
0.70300
0.71150
0.72000
0.72850
0.73700
0.74550
0.75400
0.76250
0.77100
0.77970
0.78840
0.79710
0.80580
0.81450
0.82320
0.83190
0.84060
0.84930
0.85800
0.86460
0.87120
0.87780
0.88440
0.89100
0.89760
0.90420
0.91080
0.91740
0.92400
0.92860
0.93320
0.93780
0.94240
0.94700
0.95160
0.95620
0.96080
0.96540
0.97000
0.97340
0.97680
0.98020
0.98360
0.98700
0.99040
0.99380
0.99720
1.00060
1.00400
1.00710
1.01020
1.01330
1.01640
1.01950
1.02260
1.02570
1.02880
1.03190
1.03500
1.03860
1.04220
1.04580
1.04940
1.05300
1.05660
1.06020
1.06380
1.06740
1.07100
1.07580
1.08060
1.08540
1.09020
1.09500
1.09980
1.10460
1.10940
1.11420
1.11900
1.11900
1.11900
1.11900
1.11900
1.11900
1.11900
1.11900
1.11900
1.11900
1.11900
1.11900
1.11900
1.11900
1.11900
1.11900
1.11900
1.11900
1.11900
1.11900
1.11900
1.11900
1.11900
1.11900
1.11900
1.11900
1.11900
1.11900
1.11900
1.11900
1.11900
1.11900
1.11900
1.11900
1.11900
1.11900
1.11900
1.11900
1.11900
1.11900
1.11900
1.11900
1.11900
1.11900
1.11900
1.11900
1.11900
1.11900
1.11900
1.11900
1.11900
1.11900
1.11900
1.11900
1.11900
1.11900
1.11900
1.11900
1.11900
1.11900
1.11900
1.11900
1.11900
1.11900
1.11900
1.11900
1.11900
1.11900
1.11900
1.11900
1.11900
1.11900
1.11900
1.11900
1.11900
1.11900
1.11900
1.11900
1.11900
1.11900
1.11900
1.11900
1.11900
1.11900
1.11900
1.11900
1.11900
1.11900
1.11900
1.11900
1.11900
1.11900
1.11900
1.11900
1.11900
1.11900
1.11900
1.11900
1.11900
1.11900
1.11900
1.11900
1.11900
1.11900
1.11900
1.11900
1.11900
1.11900
1.11900
1.11900
1.11900
1.11900
1.11900
1.11900
1.11900
1.11900
1.11900
1.11900
1.11900
1.11900
1.11900
1.11900
1.11900
1.11900
1.11900
1.11900
1.11900
1.11900
0.32932
0.33216
0.33500
0.33785
0.34069
0.34353
0.34637
0.34921
0.35206
0.35490
0.35774
0.36058
0.36343
0.36627
0.36911
0.37195
0.37479
0.37764
0.38048
0.38332
0.38616
0.38901
0.39185
0.39469
0.39753
0.40037
0.40322
0.40606
0.40890
0.41174
0.41459
0.41743
0.42027
0.42311
0.42595
0.42880
0.43164
0.43448
0.43732
0.44017
0.44301
0.44585
0.44869
0.45153
0.45438
0.45722
0.46006
0.46290
0.46575
0.46859
0.47143
0.47427
0.47711
0.47996
0.48280
0.48564
0.48848
0.49133
0.49417
0.49701
0.49985
0.50269
0.50554
0.50838
0.51122
0.51406
0.51691
0.51975
0.52259
0.52543
0.52827
0.53112
0.53396
0.53680
0.53964
0.54249
0.54533
0.54817
0.55101
0.55385
0.55670
0.55954
0.56238
0.56522
0.56807
0.57091
0.57375
0.57659
0.57943
0.58228
0.58512
0.58796
0.59080
0.59365
0.59649
0.59933
0.60217
0.60501
0.60786
0.61070
0.61354
0.61638
0.61923
0.62207
0.62491
0.62775
0.63059
0.63344
0.63628
0.63912
0.64196
0.64481
0.64765
0.65049
0.65276
0.65715
0.66045
0.66375
0.66705
0.67035
0.67365
0.67695
0.68025
0.68355
0.68685
0.68955
0.69165
0.69375
0.69585
0.69795
0.70005
0.70215
0.70425
0.70635
0.70845
0.71013
0.71138
0.71263
0.71388
0.71513
0.71638
0.71763
0.71888
0.72013
0.72138
0.72235
0.72305
0.72375
0.72445
0.72515
0.72585
0.72655
0.72725
0.72795
0.72865
0.72920
0.72960
0.73000
0.73040
0.73080
0.73120
0.73160
0.73200
0.73240
0.73280
0.73315
0.73345
0.73375
0.73405
0.73435
0.73465
0.73495
0.73525
0.73555
0.73585
0.73615
0.73645
0.73675
0.73705
0.73735
0.73765
0.73795
0.73825
0.73855
0.73885
0.73938
0.74013
0.74088
0.74163
0.74238
0.74313
0.74388
0.74463
0.74538
0.74613
0.74735
0.74905
0.75075
0.75245
0.75415
0.75585
0.75755
0.75925
0.76095
0.76265
0.76525
0.76875
0.77225
0.77575
0.77925
0.78275
0.78625
0.78975
0.79325
0.79675
0.80133
0.80698
0.81263
0.81828
0.82393
0.82958
0.83523
0.84088
0.84653
0.85218
0.85865
0.86595
0.87325
0.88055
0.88785
0.89515
0.90245
0.90975
0.91705
0.92435
0.93190
0.93970
0.94750
0.95530
0.96310
0.97090
0.97870
0.98650
0.99430
1.00210
1.00965
1.01695
1.02425
1.03155
1.03885
1.04615
1.05345
1.06075
1.06805
1.07535
1.08188
1.08763
1.09338
1.09913
1.10488
1.11063
1.11638
1.12213
1.12788
1.13363
1.13873
1.14318
1.14763
1.15208
1.15653
1.16098
1.16543
1.16988
1.17433
1.17878
1.18300
1.18700
1.19100
1.19500
1.19900
1.20300
1.20700
1.21100
1.21500
1.21900
1.22325
1.22775
1.23225
1.23675
1.24125
1.24575
1.25025
1.25475
1.25925
1.26375
1.26390
1.26600
1.26600
1.26600
1.26600
1.26600
1.26600
1.26600
1.26600
1.26600
1.26600
1.26600
1.26600
1.26600
1.26600
1.26600
1.26600
1.26600
1.26600
1.26600
1.26600
1.26600
1.26600
1.26600
1.26600
1.26600
1.26600
1.26600
1.26600
1.26600
1.26600
1.26600
1.26600
1.26600
1.26600
1.26600
1.26600
1.26600
1.26600
1.26600
1.26600
1.26600
1.26600
1.26600
1.26600
1.26600
1.26600
1.26600
1.26600
1.26600
1.26600
1.26600
1.26600
1.26600
1.26600
1.26600
1.26600
1.26600
1.26600
1.26600
1.26600
1.26600
1.26600
1.26600
1.26600
1.26600
1.26600
1.26600
1.26600
1.26600
1.26600
1.26600
1.26600
1.26600
1.26600
1.26600
1.26600
1.26600
1.26600
1.26600
1.26600
1.26600
1.26600
1.26600
1.26600
1.26600
1.26600
1.26600
1.26600
1.26600
1.26600
1.26600
1.26600
1.26600
1.26600
1.26600
1.26600
1.26600
1.26600
1.26600
1.26600
1.26600
1.26600
1.26600
1.26600
1.26600
1.26600
1.26600
1.26600
1.26600
1.26600
1.26600
1.26600
1.26600
1.26600
1.26600
1.26600
1.26600
1.26600
1.26600
1.26600
1.26600
1.26600
1.26600
1.26600
1.26600
0.37056
0.37390
0.37724
0.38058
0.38392
0.38726
0.39060
0.39394
0.39728
0.40062
0.40396
0.40730
0.41064
0.41398
0.41732
0.42066
0.42400
0.42734
0.43068
0.43402
0.43736
0.44070
0.44404
0.44738
0.45072
0.45406
0.45740
0.46074
0.46408
0.46742
0.47076
0.47410
0.47744
0.48078
0.48412
0.48746
0.49080
0.49414
0.49748
0.50082
0.50416
0.50750
0.51084
0.51418
0.51752
0.52086
0.52420
0.52754
0.53088
0.53422
0.53756
0.54090
0.54424
0.54758
0.55092
0.55426
0.55760
0.56094
0.56428
0.56762
0.57096
0.57430
0.57764
0.58098
0.58432
0.58766
0.59100
0.59434
0.59768
0.60102
0.60436
0.60770
0.61104
0.61438
0.61772
0.62106
0.62440
0.62774
0.63108
0.63442
0.63776
0.64110
0.64444
0.64778
0.65112
0.65446
0.65780
0.66114
0.66448
0.66782
0.67116
0.67450
0.67784
0.68118
0.68452
0.68786
0.69120
0.69454
0.69788
0.70122
0.70456
0.70790
0.71124
0.71458
0.71792
0.72126
0.72460
0.72794
0.73128
0.73462
0.73796
0.74130
0.74464
0.74798
0.75132
0.75466
0.75800
0.76340
0.76880
0.77420
0.77960
0.78500
0.79040
0.79580
0.80120
0.80660
0.81200
0.81560
0.81920
0.82280
0.82640
0.83000
0.83360
0.83720
0.84080
0.84440
0.84800
0.85020
0.85240
0.85460
0.85680
0.85900
0.86120
0.86340
0.86560
0.86780
0.87000
0.87120
0.87240
0.87360
0.87480
0.87600
0.87720
0.87840
0.87960
0.88080
0.88200
0.88270
0.88340
0.88410
0.88480
0.88550
0.88620
0.88690
0.88760
0.88830
0.88900
0.88940
0.88980
0.89020
0.89060
0.89100
0.89140
0.89180
0.89220
0.89260
0.89300
0.89320
0.89340
0.89360
0.89380
0.89400
0.89420
0.89440
0.89460
0.89480
0.89500
0.89520
0.89540
0.89560
0.89580
0.89600
0.89620
0.89640
0.89660
0.89680
0.89700
0.89740
0.89780
0.89820
0.89860
0.89900
0.89940
0.89980
0.90020
0.90060
0.90100
0.90200
0.90300
0.90400
0.90500
0.90600
0.90700
0.90800
0.90900
0.91000
0.91100
0.91380
0.91660
0.91940
0.92220
0.92500
0.92780
0.93060
0.93340
0.93620
0.93900
0.94490
0.95080
0.95670
0.96260
0.96850
0.97440
0.98030
0.98620
0.99210
0.99800
1.00700
1.01600
1.02500
1.03400
1.04300
1.05200
1.06100
1.07000
1.07900
1.08800
1.09800
1.10800
1.11800
1.12800
1.13800
1.14800
1.15800
1.16800
1.17800
1.18800
1.19610
1.20420
1.21230
1.22040
1.22850
1.23660
1.24470
1.25280
1.26090
1.26900
1.27480
1.28060
1.28640
1.29220
1.29800
1.30380
1.30960
1.31540
1.32120
1.32700
1.33140
1.33580
1.34020
1.34460
1.34900
1.35340
1.35780
1.36220
1.36660
1.37100
1.37520
1.37940
1.38360
1.38780
1.39200
1.39620
1.40040
1.40460
1.40880
1.41300
1.41300
1.41300
1.41300
1.41300
1.41300
1.41300
1.41300
1.41300
1.41300
1.41300
1.41300
1.41300
1.41300
1.41300
1.41300
1.41300
1.41300
1.41300
1.41300
1.41300
1.41300
1.41300
1.41300
1.41300
1.41300
1.41300
1.41300
1.41300
1.41300
1.41300
1.41300
1.41300
1.41300
1.41300
1.41300
1.41300
1.41300
1.41300
1.41300
1.41300
1.41300
1.41300
1.41300
1.41300
1.41300
1.41300
1.41300
1.41300
1.41300
1.41300
1.41300
1.41300
1.41300
1.41300
1.41300
1.41300
1.41300
1.41300
1.41300
1.41300
1.41300
1.41300
1.41300
1.41300
1.41300
1.41300
1.41300
1.41300
1.41300
1.41300
1.41300
1.41300
1.41300
1.41300
1.41300
1.41300
1.41300
1.41300
1.41300
1.41300
1.41300
1.41300
1.41300
1.41300
1.41300
1.41300
1.41300
1.41300
1.41300
1.41300
1.41300
1.41300
1.41300
1.41300
1.41300
1.41300
1.41300
1.41300
1.41300
1.41300
1.41300
1.41300
1.41300
1.41300
1.41300
1.41300
1.41300
1.41300
1.41300
1.41300
1.41300
1.41300
1.41300
1.41300
1.41300
1.41300
1.41300
1.41300
1.41300
1.41300
1.41300
1.41300
1.41300
1.41300
0.34343
0.34755
0.35167
0.35578
0.35990
0.36402
0.36814
0.37226
0.37638
0.38049
0.38461
0.38873
0.39285
0.39697
0.40109
0.40520
0.40932
0.41344
0.41756
0.42168
0.42580
0.42991
0.43403
0.43815
0.44227
0.44639
0.45051
0.45462
0.45874
0.46286
0.46698
0.47110
0.47522
0.47933
0.48345
0.48757
0.49169
0.49581
0.49992
0.50404
0.50816
0.51228
0.51640
0.52052
0.52463
0.52875
0.53287
0.53699
0.54111
0.54523
0.54935
0.55346
0.55758
0.56170
0.56582
0.56994
0.57406
0.57817
0.58229
0.58641
0.59053
0.59465
0.59877
0.60288
0.60700
0.61112
0.61524
0.61936
0.62348
0.62759
0.63171
0.63583
0.63995
0.64407
0.64819
0.65230
0.65642
0.66054
0.66466
0.66878
0.67290
0.67701
0.68113
0.68525
0.68937
0.69349
0.69761
0.70172
0.70584
0.70996
0.71408
0.71820
0.72232
0.72643
0.73055
0.73467
0.73879
0.74291
0.74702
0.75114
0.75526
0.75938
0.76350
0.76762
0.77173
0.77585
0.77997
0.78409
0.78821
0.79233
0.79645
0.80056
0.80468
0.80880
0.81292
0.81704
0.82116
0.82630
0.83160
0.83780
0.84400
0.85020
0.85640
0.86260
0.86880
0.87500
0.88120
0.88740
0.89302
0.89807
0.90312
0.90818
0.91323
0.91827
0.92332
0.92838
0.93343
0.93848
0.94290
0.94670
0.95050
0.95430
0.95810
0.96190
0.96570
0.96950
0.97330
0.97710
0.98025
0.98275
0.98525
0.98775
0.99025
0.99275
0.99525
0.99775
1.00025
1.00275
1.00480
1.00640
1.00800
1.00960
1.01120
1.01280
1.01440
1.01600
1.01760
1.01920
1.02050
1.02150
1.02250
1.02350
1.02450
1.02550
1.02650
1.02750
1.02850
1.02950
1.03028
1.03082
1.03138
1.03192
1.03248
1.03302
1.03358
1.03412
1.03468
1.03523
1.03567
1.03602
1.03638
1.03673
1.03707
1.03743
1.03777
1.03812
1.03848
1.03883
1.03920
1.03960
1.04000
1.04040
1.04080
1.04120
1.04160
1.04200
1.04240
1.04280
1.04332
1.04397
1.04463
1.04527
1.04592
1.04658
1.04723
1.04788
1.04852
1.04917
1.05030
1.05190
1.05350
1.05510
1.05670
1.05830
1.05990
1.06150
1.06310
1.06470
1.06730
1.07090
1.07450
1.07810
1.08170
1.08530
1.08890
1.09250
1.09610
1.09970
1.10452
1.11058
1.11662
1.12268
1.12873
1.13477
1.14082
1.14688
1.15293
1.15898
1.16612
1.17437
1.18263
1.19088
1.19913
1.20737
1.21562
1.22388
1.23212
1.24038
1.24897
1.25792
1.26687
1.27582
1.28478
1.29372
1.30267
1.31162
1.32058
1.32953
1.33815
1.34645
1.35475
1.36305
1.37135
1.37965
1.38795
1.39625
1.40455
1.41285
1.42040
1.42720
1.43400
1.44080
1.44760
1.45440
1.46120
1.46800
1.47480
1.48160
1.48800
1.49400
1.50000
1.50600
1.51200
1.51800
1.52400
1.53000
1.53600
1.54200
1.54110
1.54500
1.54500
1.54500
1.54500
1.54500
1.54500
1.54500
1.54500
1.54500
1.54500
1.54500
1.54500
1.54500
1.54500
1.54500
1.54500
1.54500
1.54500
1.54500
1.54500
1.54500
1.54500
1.54500
1.54500
1.54500
1.54500
1.54500
1.54500
1.54500
1.54500
1.54500
1.54500
1.54500
1.54500
1.54500
1.54500
1.54500
1.54500
1.54500
1.54500
1.54500
1.54500
1.54500
1.54500
1.54500
1.54500
1.54500
1.54500
1.54500
1.54500
1.54500
1.54500
1.54500
1.54500
1.54500
1.54500
1.54500
1.54500
1.54500
1.54500
1.54500
1.54500
1.54500
1.54500
1.54500
1.54500
1.54500
1.54500
1.54500
1.54500
1.54500
1.54500
1.54500
1.54500
1.54500
1.54500
1.54500
1.54500
1.54500
1.54500
1.54500
1.54500
1.54500
1.54500
1.54500
1.54500
1.54500
1.54500
1.54500
1.54500
1.54500
1.54500
1.54500
1.54500
1.54500
1.54500
1.54500
1.54500
1.54500
1.54500
1.54500
1.54500
1.54500
1.54500
1.54500
1.54500
1.54500
1.54500
1.54500
1.54500
1.54500
1.54500
1.54500
1.54500
1.54500
1.54500
1.54500
1.54500
1.54500
1.54500
1.54500
1.54500
0.31630
0.32119
0.32609
0.33099
0.33588
0.34078
0.34568
0.35057
0.35547
0.36037
0.36526
0.37016
0.37506
0.37995
0.38485
0.38975
0.39464
0.39954
0.40444
0.40933
0.41423
0.41913
0.42402
0.42892
0.43382
0.43871
0.44361
0.44851
0.45340
0.45830
0.46320
0.46809
0.47299
0.47789
0.48278
0.48768
0.49258
0.49747
0.50237
0.50727
0.51216
0.51706
0.52196
0.52685
0.53175
0.53665
0.54154
0.54644
0.55134
0.55623
0.56113
0.56603
0.57092
0.57582
0.58072
0.58561
0.59051
0.59541
0.60030
0.60520
0.61010
0.61499
0.61989
0.62479
0.62968
0.63458
0.63948
0.64437
0.64927
0.65417
0.65906
0.66396
0.66886
0.67375
0.67865
0.68355
0.68844
0.69334
0.69824
0.70313
0.70803
0.71293
0.71782
0.72272
0.72762
0.73251
0.73741
0.74231
0.74720
0.75210
0.75700
0.76189
0.76679
0.77169
0.77658
0.78148
0.78638
0.79127
0.79617
0.80107
0.80596
0.81086
0.81576
0.82065
0.82555
0.83045
0.83534
0.84024
0.84514
0.85003
0.85493
0.85983
0.86472
0.86962
0.87452
0.87941
0.88431
0.88921
0.89410
0.89900
0.90600
0.91300
0.92000
0.92700
0.93400
0.94100
0.94800
0.95500
0.96200
0.96900
0.97550
0.98200
0.98850
0.99500
1.00150
1.00800
1.01450
1.02100
1.02750
1.03400
1.03940
1.04480
1.05020
1.05560
1.06100
1.06640
1.07180
1.07720
1.08260
1.08800
1.09180
1.09560
1.09940
1.10320
1.10700
1.11080
1.11460
1.11840
1.12220
1.12600
1.12850
1.13100
1.13350
1.13600
1.13850
1.14100
1.14350
1.14600
1.14850
1.15100
1.15260
1.15420
1.15580
1.15740
1.15900
1.16060
1.16220
1.16380
1.16540
1.16700
1.16790
1.16880
1.16970
1.17060
1.17150
1.17240
1.17330
1.17420
1.17510
1.17600
1.17650
1.17700
1.17750
1.17800
1.17850
1.17900
1.17950
1.18000
1.18050
1.18100
1.18140
1.18180
1.18220
1.18260
1.18300
1.18340
1.18380
1.18420
1.18460
1.18500
1.18530
1.18560
1.18590
1.18620
1.18650
1.18680
1.18710
1.18740
1.18770
1.18800
1.18840
1.18880
1.18920
1.18960
1.19000
1.19040
1.19080
1.19120
1.19160
1.19200
1.19330
1.19460
1.19590
1.19720
1.19850
1.19980
1.20110
1.20240
1.20370
1.20500
1.20810
1.21120
1.21430
1.21740
1.22050
1.22360
1.22670
1.22980
1.23290
1.23600
1.24250
1.24900
1.25550
1.26200
1.26850
1.27500
1.28150
1.28800
1.29450
1.30100
1.31080
1.32060
1.33040
1.34020
1.35000
1.35980
1.36960
1.37940
1.38920
1.39900
1.40980
1.42060
1.43140
1.44220
1.45300
1.46380
1.47460
1.48540
1.49620
1.50700
1.51620
1.52540
1.53460
1.54380
1.55300
1.56220
1.57140
1.58060
1.58980
1.59900
1.60680
1.61460
1.62240
1.63020
1.63800
1.64580
1.65360
1.66140
1.66920
1.67700
1.67700
1.67700
1.67700
1.67700
1.67700
1.67700
1.67700
1.67700
1.67700
1.67700
1.67700
1.67700
1.67700
1.67700
1.67700
1.67700
1.67700
1.67700
1.67700
1.67700
1.67700
1.67700
1.67700
1.67700
1.67700
1.67700
1.67700
1.67700
1.67700
1.67700
1.67700
1.67700
1.67700
1.67700
1.67700
1.67700
1.67700
1.67700
1.67700
1.67700
1.67700
1.67700
1.67700
1.67700
1.67700
1.67700
1.67700
1.67700
1.67700
1.67700
1.67700
1.67700
1.67700
1.67700
1.67700
1.67700
1.67700
1.67700
1.67700
1.67700
1.67700
1.67700
1.67700
1.67700
1.67700
1.67700
1.67700
1.67700
1.67700
1.67700
1.67700
1.67700
1.67700
1.67700
1.67700
1.67700
1.67700
1.67700
1.67700
1.67700
1.67700
1.67700
1.67700
1.67700
1.67700
1.67700
1.67700
1.67700
1.67700
1.67700
1.67700
1.67700
1.67700
1.67700
1.67700
1.67700
1.67700
1.67700
1.67700
1.67700
1.67700
1.67700
1.67700
1.67700
1.67700
1.67700
1.67700
1.67700
1.67700
1.67700
1.67700
1.67700
1.67700
1.67700
1.67700
1.67700
1.67700
1.67700
1.67700
1.67700
1.67700
0.20874
0.21574
0.22275
0.22975
0.23676
0.24376
0.25077
0.25777
0.26478
0.27178
0.27879
0.28579
0.29280
0.29980
0.30681
0.31381
0.32082
0.32782
0.33483
0.34183
0.34884
0.35584
0.36285
0.36985
0.37686
0.38386
0.39087
0.39787
0.40488
0.41188
0.41889
0.42589
0.43290
0.43990
0.44691
0.45391
0.46092
0.46792
0.47493
0.48193
0.48894
0.49594
0.50295
0.50995
0.51696
0.52396
0.53097
0.53797
0.54497
0.55198
0.55899
0.56599
0.57300
0.58000
0.58700
0.59401
0.60102
0.60802
0.61502
0.62203
0.62903
0.63604
0.64304
0.65005
0.65705
0.66406
0.67106
0.67807
0.68507
0.69208
0.69908
0.70609
0.71309
0.72010
0.72710
0.73411
0.74111
0.74812
0.75512
0.76213
0.76913
0.77614
0.78314
0.79015
0.79715
0.80416
0.81116
0.81817
0.82517
0.83218
0.83918
0.84619
0.85319
0.86020
0.86720
0.87421
0.88121
0.88822
0.89522
0.90223
0.90923
0.91624
0.92324
0.93025
0.93725
0.94426
0.95126
0.95827
0.96527
0.97228
0.97928
0.98629
0.99329
1.00030
1.00730
1.01431
1.02131
1.02832
1.03532
1.04233
1.05039
1.05860
1.06380
1.06900
1.07420
1.07940
1.08460
1.08980
1.09500
1.10020
1.10540
1.11060
1.11580
1.12100
1.12620
1.13140
1.13660
1.14180
1.14700
1.15220
1.15740
1.16245
1.16735
1.17225
1.17715
1.18205
1.18695
1.19185
1.19675
1.20165
1.20655
1.21105
1.21515
1.21925
1.22335
1.22745
1.23155
1.23565
1.23975
1.24385
1.24795
1.25157
1.25472
1.25787
1.26102
1.26417
1.26732
1.27047
1.27362
1.27677
1.27992
1.28265
1.28495
1.28725
1.28955
1.29185
1.29415
1.29645
1.29875
1.30105
1.30335
1.30525
1.30675
1.30825
1.30975
1.31125
1.31275
1.31425
1.31575
1.31725
1.31875
1.31995
1.32085
1.32175
1.32265
1.32355
1.32445
1.32535
1.32625
1.32715
1.32805
1.32882
1.32947
1.33012
1.33077
1.33142
1.33207
1.33272
1.33337
1.33402
1.33467
1.33520
1.33560
1.33600
1.33640
1.33680
1.33720
1.33760
1.33800
1.33840
1.33880
1.33920
1.33960
1.34000
1.34040
1.34080
1.34120
1.34160
1.34200
1.34240
1.34280
1.34342
1.34427
1.34512
1.34597
1.34682
1.34767
1.34852
1.34937
1.35022
1.35107
1.35245
1.35435
1.35625
1.35815
1.36005
1.36195
1.36385
1.36575
1.36765
1.36955
1.37252
1.37657
1.38062
1.38467
1.38872
1.39277
1.39682
1.40087
1.40492
1.40897
1.41440
1.42120
1.42800
1.43480
1.44160
1.44840
1.45520
1.46200
1.46880
1.47560
1.48350
1.49250
1.50150
1.51050
1.51950
1.52850
1.53750
1.54650
1.55550
1.56450
1.57392
1.58378
1.59362
1.60347
1.61332
1.62317
1.63302
1.64287
1.65272
1.66257
1.67242
1.68227
1.69212
1.70197
1.71182
1.72167
1.73152
1.74137
1.75122
1.76107
1.76005
1.76600
1.76600
1.76600
1.76600
1.76600
1.76600
1.76600
1.76600
1.76600
1.76600
1.76600
1.76600
1.76600
1.76600
1.76600
1.76600
1.76600
1.76600
1.76600
1.76600
1.76600
1.76600
1.76600
1.76600
1.76600
1.76600
1.76600
1.76600
1.76600
1.76600
1.76600
1.76600
1.76600
1.76600
1.76600
1.76600
1.76600
1.76600
1.76600
1.76600
1.76600
1.76600
1.76600
1.76600
1.76600
1.76600
1.76600
1.76600
1.76600
1.76600
1.76600
1.76600
1.76600
1.76600
1.76600
1.76600
1.76600
1.76600
1.76600
1.76600
1.76600
1.76600
1.76600
1.76600
1.76600
1.76600
1.76600
1.76600
1.76600
1.76600
1.76600
1.76600
1.76600
1.76600
1.76600
1.76600
1.76600
1.76600
1.76600
1.76600
1.76600
1.76600
1.76600
1.76600
1.76600
1.76600
1.76600
1.76600
1.76600
1.76600
1.76600
1.76600
1.76600
1.76600
1.76600
1.76600
1.76600
1.76600
1.76600
1.76600
1.76600
1.76600
1.76600
1.76600
1.76600
1.76600
1.76600
1.76600
1.76600
1.76600
1.76600
1.76600
1.76600
1.76600
1.76600
1.76600
1.76600
1.76600
1.76600
0.10117
0.11029
0.11940
0.12851
0.13763
0.14674
0.15585
0.16497
0.17408
0.18319
0.19231
0.20142
0.21053
0.21965
0.22876
0.23787
0.24699
0.25610
0.26521
0.27433
0.28344
0.29255
0.30167
0.31078
0.31989
0.32901
0.33812
0.34723
0.35635
0.36546
0.37457
0.38369
0.39280
0.40191
0.41103
0.42014
0.42925
0.43837
0.44748
0.45659
0.46571
0.47482
0.48393
0.49305
0.50216
0.51127
0.52039
0.52950
0.53861
0.54773
0.55684
0.56595
0.57507
0.58418
0.59329
0.60241
0.61152
0.62063
0.62975
0.63886
0.64797
0.65709
0.66620
0.67531
0.68443
0.69354
0.70265
0.71177
0.72088
0.72999
0.73911
0.74822
0.75733
0.76645
0.77556
0.78467
0.79379
0.80290
0.81201
0.82113
0.83024
0.83935
0.84847
0.85758
0.86669
0.87581
0.88492
0.89403
0.90315
0.91226
0.92137
0.93049
0.93960
0.94871
0.95783
0.96694
0.97605
0.98517
0.99428
1.00339
1.01251
1.02162
1.03073
1.03985
1.04896
1.05807
1.06719
1.07630
1.08541
1.09453
1.10364
1.11275
1.12187
1.13098
1.14009
1.14921
1.15832
1.16743
1.17655
1.18566
1.19477
1.20389
1.21300
1.21640
1.21980
1.22320
1.22660
1.23000
1.23340
1.23680
1.24020
1.24360
1.24700
1.25090
1.25480
1.25870
1.26260
1.26650
1.27040
1.27430
1.27820
1.28210
1.28600
1.29040
1.29480
1.29920
1.30360
1.30800
1.31240
1.31680
1.32120
1.32560
1.33000
1.33440
1.33880
1.34320
1.34760
1.35200
1.35640
1.36080
1.36520
1.36960
1.37400
1.37780
1.38160
1.38540
1.38920
1.39300
1.39680
1.40060
1.40440
1.40820
1.41200
1.41500
1.41800
1.42100
1.42400
1.42700
1.43000
1.43300
1.43600
1.43900
1.44200
1.44410
1.44620
1.44830
1.45040
1.45250
1.45460
1.45670
1.45880
1.46090
1.46300
1.46430
1.46560
1.46690
1.46820
1.46950
1.47080
1.47210
1.47340
1.47470
1.47600
1.47690
1.47780
1.47870
1.47960
1.48050
1.48140
1.48230
1.48320
1.48410
1.48500
1.48550
1.48600
1.48650
1.48700
1.48750
1.48800
1.48850
1.48900
1.48950
1.49000
1.49040
1.49080
1.49120
1.49160
1.49200
1.49240
1.49280
1.49320
1.49360
1.49400
1.49440
1.49480
1.49520
1.49560
1.49600
1.49640
1.49680
1.49720
1.49760
1.49800
1.49870
1.49940
1.50010
1.50080
1.50150
1.50220
1.50290
1.50360
1.50430
1.50500
1.50660
1.50820
1.50980
1.51140
1.51300
1.51460
1.51620
1.51780
1.51940
1.52100
1.52480
1.52860
1.53240
1.53620
1.54000
1.54380
1.54760
1.55140
1.55520
1.55900
1.56620
1.57340
1.58060
1.58780
1.59500
1.60220
1.60940
1.61660
1.62380
1.63100
1.64150
1.65200
1.66250
1.67300
1.68350
1.69400
1.70450
1.71500
1.72550
1.73600
1.74790
1.75980
1.77170
1.78360
1.79550
1.80740
1.81930
1.83120
1.84310
1.85500
1.85500
1.85500
1.85500
1.85500
1.85500
1.85500
1.85500
1.85500
1.85500
1.85500
1.85500
1.85500
1.85500
1.85500
1.85500
1.85500
1.85500
1.85500
1.85500
1.85500
1.85500
1.85500
1.85500
1.85500
1.85500
1.85500
1.85500
1.85500
1.85500
1.85500
1.85500
1.85500
1.85500
1.85500
1.85500
1.85500
1.85500
1.85500
1.85500
1.85500
1.85500
1.85500
1.85500
1.85500
1.85500
1.85500
1.85500
1.85500
1.85500
1.85500
1.85500
1.85500
1.85500
1.85500
1.85500
1.85500
1.85500
1.85500
1.85500
1.85500
1.85500
1.85500
1.85500
1.85500
1.85500
1.85500
1.85500
1.85500
1.85500
1.85500
1.85500
1.85500
1.85500
1.85500
1.85500
1.85500
1.85500
1.85500
1.85500
1.85500
1.85500
1.85500
1.85500
1.85500
1.85500
1.85500
1.85500
1.85500
1.85500
1.85500
1.85500
1.85500
1.85500
1.85500
1.85500
1.85500
1.85500
1.85500
1.85500
1.85500
1.85500
1.85500
1.85500
1.85500
1.85500
1.85500
1.85500
1.85500
1.85500
1.85500
1.85500
1.85500
1.85500
1.85500
1.85500
1.85500
1.85500
1.85500
-0.08804
-0.07602
-0.06399
-0.05197
-0.03995
-0.02793
-0.01591
-0.00389
0.00814
0.02016
0.03218
0.04420
0.05622
0.06824
0.08027
0.09229
0.10431
0.11633
0.12835
0.14037
0.15240
0.16442
0.17644
0.18846
0.20048
0.21250
0.22453
0.23655
0.24857
0.26059
0.27261
0.28463
0.29666
0.30868
0.32070
0.33272
0.34474
0.35676
0.36878
0.38081
0.39283
0.40485
0.41687
0.42889
0.44092
0.45294
0.46496
0.47698
0.48900
0.50102
0.51305
0.52507
0.53709
0.54911
0.56113
0.57315
0.58518
0.59720
0.60922
0.62124
0.63326
0.64528
0.65731
0.66933
0.68135
0.69337
0.70539
0.71741
0.72943
0.74146
0.75348
0.76550
0.77752
0.78954
0.80156
0.81359
0.82561
0.83763
0.84965
0.86167
0.87370
0.88572
0.89774
0.90976
0.92178
0.93380
0.94583
0.95785
0.96987
0.98189
0.99391
1.00593
1.01796
1.02998
1.04200
1.05402
1.06604
1.07806
1.09008
1.10211
1.11413
1.12615
1.13817
1.15019
1.16221
1.17424
1.18626
1.19828
1.21030
1.22232
1.23435
1.24637
1.25839
1.27041
1.28243
1.29445
1.30648
1.31850
1.33052
1.34254
1.35456
1.36658
1.37860
1.38777
1.40392
1.40978
1.41562
1.42147
1.42733
1.43317
1.43902
1.44488
1.45072
1.45658
1.46192
1.46677
1.47163
1.47647
1.48133
1.48617
1.49103
1.49587
1.50072
1.50558
1.51012
1.51438
1.51863
1.52287
1.52713
1.53137
1.53563
1.53987
1.54412
1.54838
1.55240
1.55620
1.56000
1.56380
1.56760
1.57140
1.57520
1.57900
1.58280
1.58660
1.59013
1.59337
1.59662
1.59987
1.60313
1.60637
1.60962
1.61288
1.61612
1.61938
1.62235
1.62505
1.62775
1.63045
1.63315
1.63585
1.63855
1.64125
1.64395
1.64665
1.64903
1.65108
1.65312
1.65517
1.65723
1.65928
1.66133
1.66338
1.66542
1.66748
1.66922
1.67067
1.67212
1.67357
1.67503
1.67647
1.67792
1.67938
1.68083
1.68227
1.68352
1.68457
1.68562
1.68667
1.68772
1.68878
1.68982
1.69087
1.69192
1.69298
1.69380
1.69440
1.69500
1.69560
1.69620
1.69680
1.69740
1.69800
1.69860
1.69920
1.69975
1.70025
1.70075
1.70125
1.70175
1.70225
1.70275
1.70325
1.70375
1.70425
1.70470
1.70510
1.70550
1.70590
1.70630
1.70670
1.70710
1.70750
1.70790
1.70830
1.70875
1.70925
1.70975
1.71025
1.71075
1.71125
1.71175
1.71225
1.71275
1.71325
1.71402
1.71507
1.71612
1.71717
1.71823
1.71927
1.72032
1.72138
1.72242
1.72348
1.72517
1.72752
1.72988
1.73222
1.73457
1.73692
1.73927
1.74162
1.74397
1.74633
1.74980
1.75440
1.75900
1.76360
1.76820
1.77280
1.77740
1.78200
1.78660
1.79120
1.79715
1.80445
1.81175
1.81905
1.82635
1.83365
1.84095
1.84825
1.85555
1.86285
1.87142
1.88127
1.89113
1.90097
1.91083
1.92067
1.93053
1.94037
1.95022
1.96008
1.96110
1.96500
1.96500
1.96500
1.96500
1.96500
1.96500
1.96500
1.96500
1.96500
1.96500
1.96500
1.96500
1.96500
1.96500
1.96500
1.96500
1.96500
1.96500
1.96500
1.96500
1.96500
1.96500
1.96500
1.96500
1.96500
1.96500
1.96500
1.96500
1.96500
1.96500
1.96500
1.96500
1.96500
1.96500
1.96500
1.96500
1.96500
1.96500
1.96500
1.96500
1.96500
1.96500
1.96500
1.96500
1.96500
1.96500
1.96500
1.96500
1.96500
1.96500
1.96500
1.96500
1.96500
1.96500
1.96500
1.96500
1.96500
1.96500
1.96500
1.96500
1.96500
1.96500
1.96500
1.96500
1.96500
1.96500
1.96500
1.96500
1.96500
1.96500
1.96500
1.96500
1.96500
1.96500
1.96500
1.96500
1.96500
1.96500
1.96500
1.96500
1.96500
1.96500
1.96500
1.96500
1.96500
1.96500
1.96500
1.96500
1.96500
1.96500
1.96500
1.96500
1.96500
1.96500
1.96500
1.96500
1.96500
1.96500
1.96500
1.96500
1.96500
1.96500
1.96500
1.96500
1.96500
1.96500
1.96500
1.96500
1.96500
1.96500
1.96500
1.96500
1.96500
1.96500
1.96500
1.96500
-0.27725
-0.26232
-0.24739
-0.23246
-0.21753
-0.20260
-0.18767
-0.17274
-0.15781
-0.14288
-0.12795
-0.11302
-0.09809
-0.08316
-0.06823
-0.05330
-0.03837
-0.02344
-0.00851
0.00642
0.02135
0.03628
0.05121
0.06614
0.08107
0.09600
0.11093
0.12586
0.14079
0.15572
0.17065
0.18558
0.20051
0.21544
0.23037
0.24530
0.26023
0.27516
0.29009
0.30502
0.31995
0.33488
0.34981
0.36474
0.37967
0.39460
0.40953
0.42446
0.43939
0.45432
0.46925
0.48418
0.49911
0.51404
0.52897
0.54390
0.55883
0.57376
0.58869
0.60362
0.61855
0.63348
0.64841
0.66334
0.67827
0.69320
0.70813
0.72306
0.73799
0.75292
0.76785
0.78278
0.79771
0.81264
0.82757
0.84250
0.85743
0.87236
0.88729
0.90222
0.91715
0.93208
0.94701
0.96194
0.97687
0.99180
1.00673
1.02166
1.03659
1.05152
1.06645
1.08138
1.09631
1.11124
1.12617
1.14110
1.15603
1.17096
1.18589
1.20082
1.21575
1.23068
1.24561
1.26054
1.27547
1.29040
1.30533
1.32026
1.33519
1.35012
1.36505
1.37998
1.39491
1.40984
1.42477
1.43970
1.45463
1.46956
1.48449
1.49942
1.51435
1.52928
1.54421
1.55914
1.57407
1.58900
1.59730
1.60560
1.61390
1.62220
1.63050
1.63880
1.64710
1.65540
1.66370
1.67200
1.67780
1.68360
1.68940
1.69520
1.70100
1.70680
1.71260
1.71840
1.72420
1.73000
1.73410
1.73820
1.74230
1.74640
1.75050
1.75460
1.75870
1.76280
1.76690
1.77100
1.77420
1.77740
1.78060
1.78380
1.78700
1.79020
1.79340
1.79660
1.79980
1.80300
1.80570
1.80840
1.81110
1.81380
1.81650
1.81920
1.82190
1.82460
1.82730
1.83000
1.83240
1.83480
1.83720
1.83960
1.84200
1.84440
1.84680
1.84920
1.85160
1.85400
1.85600
1.85800
1.86000
1.86200
1.86400
1.86600
1.86800
1.87000
1.87200
1.87400
1.87560
1.87720
1.87880
1.88040
1.88200
1.88360
1.88520
1.88680
1.88840
1.89000
1.89120
1.89240
1.89360
1.89480
1.89600
1.89720
1.89840
1.89960
1.90080
1.90200
1.90270
1.90340
1.90410
1.90480
1.90550
1.90620
1.90690
1.90760
1.90830
1.90900
1.90960
1.91020
1.91080
1.91140
1.91200
1.91260
1.91320
1.91380
1.91440
1.91500
1.91540
1.91580
1.91620
1.91660
1.91700
1.91740
1.91780
1.91820
1.91860
1.91900
1.91930
1.91960
1.91990
1.92020
1.92050
1.92080
1.92110
1.92140
1.92170
1.92200
1.92250
1.92300
1.92350
1.92400
1.92450
1.92500
1.92550
1.92600
1.92650
1.92700
1.92790
1.92880
1.92970
1.93060
1.93150
1.93240
1.93330
1.93420
1.93510
1.93600
1.93800
1.94000
1.94200
1.94400
1.94600
1.94800
1.95000
1.95200
1.95400
1.95600
1.96010
1.96420
1.96830
1.97240
1.97650
1.98060
1.98470
1.98880
1.99290
1.99700
2.00480
2.01260
2.02040
2.02820
2.03600
2.04380
2.05160
2.05940
2.06720
2.07500
2.07500
2.07500
2.07500
2.07500
2.07500
2.07500
2.07500
2.07500
2.07500
2.07500
2.07500
2.07500
2.07500
2.07500
2.07500
2.07500
2.07500
2.07500
2.07500
2.07500
2.07500
2.07500
2.07500
2.07500
2.07500
2.07500
2.07500
2.07500
2.07500
2.07500
2.07500
2.07500
2.07500
2.07500
2.07500
2.07500
2.07500
2.07500
2.07500
2.07500
2.07500
2.07500
2.07500
2.07500
2.07500
2.07500
2.07500
2.07500
2.07500
2.07500
2.07500
2.07500
2.07500
2.07500
2.07500
2.07500
2.07500
2.07500
2.07500
2.07500
2.07500
2.07500
2.07500
2.07500
2.07500
2.07500
2.07500
2.07500
2.07500
2.07500
2.07500
2.07500
2.07500
2.07500
2.07500
2.07500
2.07500
2.07500
2.07500
2.07500
2.07500
2.07500
2.07500
2.07500
2.07500
2.07500
2.07500
2.07500
2.07500
2.07500
2.07500
2.07500
2.07500
2.07500
2.07500
2.07500
2.07500
2.07500
2.07500
2.07500
2.07500
2.07500
2.07500
2.07500
2.07500
2.07500
2.07500
2.07500
2.07500
2.07500
2.07500
2.07500
2.07500
2.07500
2.07500
-0.47987
-0.46334
-0.44680
-0.43027
-0.41374
-0.39720
-0.38067
-0.36414
-0.34760
-0.33107
-0.31454
-0.29800
-0.28147
-0.26494
-0.24840
-0.23187
-0.21534
-0.19880
-0.18227
-0.16574
-0.14920
-0.13267
-0.11614
-0.09960
-0.08307
-0.06654
-0.05000
-0.03347
-0.01694
-0.00040
0.01613
0.03266
0.04920
0.06573
0.08226
0.09880
0.11533
0.13186
0.14840
0.16493
0.18146
0.19800
0.21453
0.23106
0.24760
0.26413
0.28066
0.29720
0.31373
0.33026
0.34680
0.36333
0.37986
0.39640
0.41293
0.42946
0.44600
0.46253
0.47906
0.49560
0.51213
0.52866
0.54520
0.56173
0.57826
0.59480
0.61133
0.62786
0.64440
0.66093
0.67746
0.69400
0.71053
0.72706
0.74360
0.76013
0.77666
0.79320
0.80973
0.82626
0.84280
0.85933
0.87586
0.89240
0.90893
0.92546
0.94200
0.95853
0.97506
0.99160
1.00813
1.02466
1.04120
1.05773
1.07426
1.09080
1.10733
1.12386
1.14039
1.15693
1.17346
1.19000
1.20653
1.22306
1.23960
1.25613
1.27266
1.28920
1.30573
1.32226
1.33880
1.35533
1.37186
1.38840
1.40493
1.42146
1.43800
1.45453
1.47106
1.48760
1.50413
1.52066
1.53720
1.55373
1.57026
1.58680
1.60001
1.62172
1.63718
1.65263
1.66808
1.68353
1.69897
1.71443
1.72987
1.74533
1.76078
1.77497
1.78793
1.80088
1.81383
1.82678
1.83972
1.85268
1.86563
1.87858
1.89153
1.90287
1.91263
1.92237
1.93212
1.94188
1.95162
1.96138
1.97113
1.98088
1.99063
1.99883
2.00548
2.01213
2.01878
2.02543
2.03207
2.03873
2.04537
2.05203
2.05868
2.06425
2.06875
2.07325
2.07775
2.08225
2.08675
2.09125
2.09575
2.10025
2.10475
2.10855
2.11165
2.11475
2.11785
2.12095
2.12405
2.12715
2.13025
2.13335
2.13645
2.13912
2.14138
2.14363
2.14588
2.14813
2.15038
2.15263
2.15488
2.15713
2.15938
2.16133
2.16298
2.16463
2.16628
2.16792
2.16958
2.17123
2.17287
2.17453
2.17617
2.17757
2.17873
2.17988
2.18102
2.18217
2.18332
2.18447
2.18562
2.18677
2.18792
2.18887
2.18962
2.19037
2.19112
2.19188
2.19263
2.19338
2.19412
2.19488
2.19562
2.19630
2.19690
2.19750
2.19810
2.19870
2.19930
2.19990
2.20050
2.20110
2.20170
2.20220
2.20260
2.20300
2.20340
2.20380
2.20420
2.20460
2.20500
2.20540
2.20580
2.20615
2.20645
2.20675
2.20705
2.20735
2.20765
2.20795
2.20825
2.20855
2.20885
2.20920
2.20960
2.21000
2.21040
2.21080
2.21120
2.21160
2.21200
2.21240
2.21280
2.21332
2.21398
2.21462
2.21528
2.21593
2.21657
2.21723
2.21788
2.21853
2.21917
2.22015
2.22145
2.22275
2.22405
2.22535
2.22665
2.22795
2.22925
2.23055
2.23185
2.23388
2.23663
2.23937
2.24212
2.24487
2.24762
2.25038
2.25312
2.25588
2.25863
2.26273
2.26818
2.27363
2.27908
2.28453
2.28998
2.29543
2.30088
2.30633
2.31177
2.31295
2.31450
2.31450
2.31450
2.31450
2.31450
2.31450
2.31450
2.31450
2.31450
2.31450
2.31450
2.31450
2.31450
2.31450
2.31450
2.31450
2.31450
2.31450
2.31450
2.31450
2.31450
2.31450
2.31450
2.31450
2.31450
2.31450
2.31450
2.31450
2.31450
2.31450
2.31450
2.31450
2.31450
2.31450
2.31450
2.31450
2.31450
2.31450
2.31450
2.31450
2.31450
2.31450
2.31450
2.31450
2.31450
2.31450
2.31450
2.31450
2.31450
2.31450
2.31450
2.31450
2.31450
2.31450
2.31450
2.31450
2.31450
2.31450
2.31450
2.31450
2.31450
2.31450
2.31450
2.31450
2.31450
2.31450
2.31450
2.31450
2.31450
2.31450
2.31450
2.31450
2.31450
2.31450
2.31450
2.31450
2.31450
2.31450
2.31450
2.31450
2.31450
2.31450
2.31450
2.31450
2.31450
2.31450
2.31450
2.31450
2.31450
2.31450
2.31450
2.31450
2.31450
2.31450
2.31450
2.31450
2.31450
2.31450
2.31450
2.31450
2.31450
2.31450
2.31450
2.31450
2.31450
2.31450
2.31450
2.31450
2.31450
2.31450
2.31450
2.31450
2.31450
-0.68249
-0.66436
-0.64622
-0.62808
-0.60995
-0.59181
-0.57367
-0.55554
-0.53740
-0.51926
-0.50113
-0.48299
-0.46485
-0.44672
-0.42858
-0.41044
-0.39231
-0.37417
-0.35603
-0.33790
-0.31976
-0.30162
-0.28349
-0.26535
-0.24721
-0.22908
-0.21094
-0.19280
-0.17467
-0.15653
-0.13839
-0.12026
-0.10212
-0.08398
-0.06585
-0.04771
-0.02957
-0.01144
0.00670
0.02484
0.04297
0.06111
0.07925
0.09738
0.11552
0.13366
0.15179
0.16993
0.18807
0.20620
0.22434
0.24248
0.26061
0.27875
0.29689
0.31502
0.33316
0.35130
0.36943
0.38757
0.40571
0.42384
0.44198
0.46012
0.47825
0.49639
0.51453
0.53266
0.55080
0.56894
0.58707
0.60521
0.62335
0.64148
0.65962
0.67776
0.69589
0.71403
0.73217
0.75030
0.76844
0.78658
0.80471
0.82285
0.84099
0.85912
0.87726
0.89540
0.91353
0.93167
0.94981
0.96794
0.98608
1.00422
1.02235
1.04049
1.05863
1.07676
1.09490
1.11304
1.13117
1.14931
1.16745
1.18558
1.20372
1.22186
1.23999
1.25813
1.27627
1.29440
1.31254
1.33068
1.34881
1.36695
1.38509
1.40322
1.42136
1.43950
1.45763
1.47577
1.49391
1.51204
1.53018
1.54832
1.56645
1.58459
1.60273
1.62086
1.63900
1.66160
1.68420
1.70680
1.72940
1.75200
1.77460
1.79720
1.81980
1.84240
1.86500
1.88510
1.90520
1.92530
1.94540
1.96550
1.98560
2.00570
2.02580
2.04590
2.06600
2.08140
2.09680
2.11220
2.12760
2.14300
2.15840
2.17380
2.18920
2.20460
2.22000
2.23010
2.24020
2.25030
2.26040
2.27050
2.28060
2.29070
2.30080
2.31090
2.32100
2.32730
2.33360
2.33990
2.34620
2.35250
2.35880
2.36510
2.37140
2.37770
2.38400
2.38780
2.39160
2.39540
2.39920
2.40300
2.40680
2.41060
2.41440
2.41820
2.42200
2.42450
2.42700
2.42950
2.43200
2.43450
2.43700
2.43950
2.44200
2.44450
2.44700
2.44870
2.45040
2.45210
2.45380
2.45550
2.45720
2.45890
2.46060
2.46230
2.46400
2.46510
2.46620
2.46730
2.46840
2.46950
2.47060
2.47170
2.47280
2.47390
2.47500
2.47580
2.47660
2.47740
2.47820
2.47900
2.47980
2.48060
2.48140
2.48220
2.48300
2.48360
2.48420
2.48480
2.48540
2.48600
2.48660
2.48720
2.48780
2.48840
2.48900
2.48940
2.48980
2.49020
2.49060
2.49100
2.49140
2.49180
2.49220
2.49260
2.49300
2.49330
2.49360
2.49390
2.49420
2.49450
2.49480
2.49510
2.49540
2.49570
2.49600
2.49630
2.49660
2.49690
2.49720
2.49750
2.49780
2.49810
2.49840
2.49870
2.49900
2.49940
2.49980
2.50020
2.50060
2.50100
2.50140
2.50180
2.50220
2.50260
2.50300
2.50360
2.50420
2.50480
2.50540
2.50600
2.50660
2.50720
2.50780
2.50840
2.50900
2.51040
2.51180
2.51320
2.51460
2.51600
2.51740
2.51880
2.52020
2.52160
2.52300
2.52610
2.52920
2.53230
2.53540
2.53850
2.54160
2.54470
2.54780
2.55090
2.55400
2.55400
2.55400
2.55400
2.55400
2.55400
2.55400
2.55400
2.55400
2.55400
2.55400
2.55400
2.55400
2.55400
2.55400
2.55400
2.55400
2.55400
2.55400
2.55400
2.55400
2.55400
2.55400
2.55400
2.55400
2.55400
2.55400
2.55400
2.55400
2.55400
2.55400
2.55400
2.55400
2.55400
2.55400
2.55400
2.55400
2.55400
2.55400
2.55400
2.55400
2.55400
2.55400
2.55400
2.55400
2.55400
2.55400
2.55400
2.55400
2.55400
2.55400
2.55400
2.55400
2.55400
2.55400
2.55400
2.55400
2.55400
2.55400
2.55400
2.55400
2.55400
2.55400
2.55400
2.55400
2.55400
2.55400
2.55400
2.55400
2.55400
2.55400
2.55400
2.55400
2.55400
2.55400
2.55400
2.55400
2.55400
2.55400
2.55400
2.55400
2.55400
2.55400
2.55400
2.55400
2.55400
2.55400
2.55400
2.55400
2.55400
2.55400
2.55400
2.55400
2.55400
2.55400
2.55400
2.55400
2.55400
2.55400
2.55400
2.55400
2.55400
2.55400
2.55400
2.55400
2.55400
2.55400
2.55400
2.55400
2.55400
2.55400
2.55400
2.55400
-0.89983
-0.88146
-0.86310
-0.84473
-0.82636
-0.80800
-0.78963
-0.77126
-0.75290
-0.73453
-0.71616
-0.69780
-0.67943
-0.66106
-0.64270
-0.62433
-0.60596
-0.58760
-0.56923
-0.55086
-0.53250
-0.51413
-0.49576
-0.47740
-0.45903
-0.44066
-0.42230
-0.40393
-0.38556
-0.36720
-0.34883
-0.33046
-0.31210
-0.29373
-0.27536
-0.25700
-0.23863
-0.22026
-0.20190
-0.18353
-0.16516
-0.14680
-0.12843
-0.11006
-0.09170
-0.07333
-0.05496
-0.03660
-0.01823
0.00014
0.01850
0.03687
0.05524
0.07360
0.09197
0.11034
0.12870
0.14707
0.16544
0.18380
0.20217
0.22054
0.23890
0.25727
0.27564
0.29400
0.31237
0.33074
0.34910
0.36747
0.38584
0.40420
0.42257
0.44094
0.45930
0.47767
0.49604
0.51440
0.53277
0.55114
0.56950
0.58787
0.60624
0.62460
0.64297
0.66134
0.67970
0.69807
0.71644
0.73480
0.75317
0.77154
0.78990
0.80827
0.82664
0.84500
0.86337
0.88174
0.90010
0.91847
0.93684
0.95520
0.97357
0.99194
1.01030
1.02867
1.04704
1.06540
1.08377
1.10214
1.12050
1.13887
1.15724
1.17560
1.19397
1.21234
1.23070
1.24907
1.26744
1.28580
1.30417
1.32254
1.34090
1.35927
1.37764
1.39600
1.41437
1.43274
1.45110
1.47170
1.49325
1.52175
1.55025
1.57875
1.60725
1.63575
1.66425
1.69275
1.72125
1.74975
1.77730
1.80390
1.83050
1.85710
1.88370
1.91030
1.93690
1.96350
1.99010
2.01670
2.04180
2.06540
2.08900
2.11260
2.13620
2.15980
2.18340
2.20700
2.23060
2.25420
2.27550
2.29450
2.31350
2.33250
2.35150
2.37050
2.38950
2.40850
2.42750
2.44650
2.46270
2.47610
2.48950
2.50290
2.51630
2.52970
2.54310
2.55650
2.56990
2.58330
2.59423
2.60268
2.61113
2.61958
2.62803
2.63648
2.64493
2.65338
2.66183
2.67028
2.67708
2.68223
2.68738
2.69253
2.69768
2.70283
2.70798
2.71313
2.71828
2.72343
2.72758
2.73073
2.73388
2.73703
2.74018
2.74333
2.74648
2.74963
2.75278
2.75593
2.75843
2.76028
2.76213
2.76398
2.76583
2.76768
2.76953
2.77138
2.77323
2.77508
2.77660
2.77780
2.77900
2.78020
2.78140
2.78260
2.78380
2.78500
2.78620
2.78740
2.78840
2.78920
2.79000
2.79080
2.79160
2.79240
2.79320
2.79400
2.79480
2.79560
2.79625
2.79675
2.79725
2.79775
2.79825
2.79875
2.79925
2.79975
2.80025
2.80075
2.80118
2.80153
2.80188
2.80223
2.80258
2.80293
2.80328
2.80363
2.80398
2.80433
2.80468
2.80503
2.80538
2.80573
2.80608
2.80643
2.80678
2.80713
2.80748
2.80783
2.80820
2.80860
2.80900
2.80940
2.80980
2.81020
2.81060
2.81100
2.81140
2.81180
2.81228
2.81283
2.81338
2.81393
2.81448
2.81503
2.81558
2.81613
2.81668
2.81723
2.81815
2.81945
2.82075
2.82205
2.82335
2.82465
2.82595
2.82725
2.82855
2.82985
2.83185
2.83455
2.83725
2.83995
2.84265
2.84535
2.84805
2.85075
2.85345
2.85615
2.85635
2.85750
2.85750
2.85750
2.85750
2.85750
2.85750
2.85750
2.85750
2.85750
2.85750
2.85750
2.85750
2.85750
2.85750
2.85750
2.85750
2.85750
2.85750
2.85750
2.85750
2.85750
2.85750
2.85750
2.85750
2.85750
2.85750
2.85750
2.85750
2.85750
2.85750
2.85750
2.85750
2.85750
2.85750
2.85750
2.85750
2.85750
2.85750
2.85750
2.85750
2.85750
2.85750
2.85750
2.85750
2.85750
2.85750
2.85750
2.85750
2.85750
2.85750
2.85750
2.85750
2.85750
2.85750
2.85750
2.85750
2.85750
2.85750
2.85750
2.85750
2.85750
2.85750
2.85750
2.85750
2.85750
2.85750
2.85750
2.85750
2.85750
2.85750
2.85750
2.85750
2.85750
2.85750
2.85750
2.85750
2.85750
2.85750
2.85750
2.85750
2.85750
2.85750
2.85750
2.85750
2.85750
2.85750
2.85750
2.85750
2.85750
2.85750
2.85750
2.85750
2.85750
2.85750
2.85750
2.85750
2.85750
2.85750
2.85750
2.85750
2.85750
2.85750
2.85750
2.85750
2.85750
2.85750
2.85750
2.85750
2.85750
2.85750
-1.11716
-1.09857
-1.07997
-1.06137
-1.04278
-1.02418
-1.00558
-0.98699
-0.96839
-0.94979
-0.93120
-0.91260
-0.89400
-0.87541
-0.85681
-0.83821
-0.81962
-0.80102
-0.78242
-0.76383
-0.74523
-0.72663
-0.70804
-0.68944
-0.67084
-0.65225
-0.63365
-0.61505
-0.59646
-0.57786
-0.55926
-0.54067
-0.52207
-0.50347
-0.48488
-0.46628
-0.44768
-0.42909
-0.41049
-0.39189
-0.37330
-0.35470
-0.33610
-0.31751
-0.29891
-0.28031
-0.26172
-0.24312
-0.22452
-0.20593
-0.18733
-0.16873
-0.15014
-0.13154
-0.11294
-0.09435
-0.07575
-0.05715
-0.03856
-0.01996
-0.00136
0.01723
0.03583
0.05443
0.07302
0.09162
0.11022
0.12881
0.14741
0.16601
0.18460
0.20320
0.22180
0.24039
0.25899
0.27759
0.29618
0.31478
0.33338
0.35197
0.37057
0.38917
0.40776
0.42636
0.44496
0.46355
0.48215
0.50075
0.51934
0.53794
0.55654
0.57513
0.59373
0.61233
0.63092
0.64952
0.66812
0.68671
0.70531
0.72391
0.74250
0.76110
0.77970
0.79829
0.81689
0.83549
0.85408
0.87268
0.89128
0.90987
0.92847
0.94707
0.96566
0.98426
1.00286
1.02145
1.04005
1.05865
1.07724
1.09584
1.11444
1.13303
1.15163
1.17023
1.18882
1.20742
1.22602
1.24461
1.26321
1.28181
1.30040
1.31900
1.35340
1.38780
1.42220
1.45660
1.49100
1.52540
1.55980
1.59420
1.62860
1.66300
1.69610
1.72920
1.76230
1.79540
1.82850
1.86160
1.89470
1.92780
1.96090
1.99400
2.02580
2.05760
2.08940
2.12120
2.15300
2.18480
2.21660
2.24840
2.28020
2.31200
2.33990
2.36780
2.39570
2.42360
2.45150
2.47940
2.50730
2.53520
2.56310
2.59100
2.61150
2.63200
2.65250
2.67300
2.69350
2.71400
2.73450
2.75500
2.77550
2.79600
2.80910
2.82220
2.83530
2.84840
2.86150
2.87460
2.88770
2.90080
2.91390
2.92700
2.93480
2.94260
2.95040
2.95820
2.96600
2.97380
2.98160
2.98940
2.99720
3.00500
3.00960
3.01420
3.01880
3.02340
3.02800
3.03260
3.03720
3.04180
3.04640
3.05100
3.05360
3.05620
3.05880
3.06140
3.06400
3.06660
3.06920
3.07180
3.07440
3.07700
3.07860
3.08020
3.08180
3.08340
3.08500
3.08660
3.08820
3.08980
3.09140
3.09300
3.09400
3.09500
3.09600
3.09700
3.09800
3.09900
3.10000
3.10100
3.10200
3.10300
3.10360
3.10420
3.10480
3.10540
3.10600
3.10660
3.10720
3.10780
3.10840
3.10900
3.10940
3.10980
3.11020
3.11060
3.11100
3.11140
3.11180
3.11220
3.11260
3.11300
3.11340
3.11380
3.11420
3.11460
3.11500
3.11540
3.11580
3.11620
3.11660
3.11700
3.11740
3.11780
3.11820
3.11860
3.11900
3.11940
3.11980
3.12020
3.12060
3.12100
3.12150
3.12200
3.12250
3.12300
3.12350
3.12400
3.12450
3.12500
3.12550
3.12600
3.12720
3.12840
3.12960
3.13080
3.13200
3.13320
3.13440
3.13560
3.13680
3.13800
3.14030
3.14260
3.14490
3.14720
3.14950
3.15180
3.15410
3.15640
3.15870
3.16100
3.16100
3.16100
3.16100
3.16100
3.16100
3.16100
3.16100
3.16100
3.16100
3.16100
3.16100
3.16100
3.16100
3.16100
3.16100
3.16100
3.16100
3.16100
3.16100
3.16100
3.16100
3.16100
3.16100
3.16100
3.16100
3.16100
3.16100
3.16100
3.16100
3.16100
3.16100
3.16100
3.16100
3.16100
3.16100
3.16100
3.16100
3.16100
3.16100
3.16100
3.16100
3.16100
3.16100
3.16100
3.16100
3.16100
3.16100
3.16100
3.16100
3.16100
3.16100
3.16100
3.16100
3.16100
3.16100
3.16100
3.16100
3.16100
3.16100
3.16100
3.16100
3.16100
3.16100
3.16100
3.16100
3.16100
3.16100
3.16100
3.16100
3.16100
3.16100
3.16100
3.16100
3.16100
3.16100
3.16100
3.16100
3.16100
3.16100
3.16100
3.16100
3.16100
3.16100
3.16100
3.16100
3.16100
3.16100
3.16100
3.16100
3.16100
3.16100
3.16100
3.16100
3.16100
3.16100
3.16100
3.16100
3.16100
3.16100
3.16100
3.16100
3.16100
3.16100
3.16100
3.16100
3.16100
3.16100
3.16100
3.16100
-1.14225
-1.12428
-1.10630
-1.08833
-1.07035
-1.05238
-1.03440
-1.01643
-0.99845
-0.98048
-0.96250
-0.94453
-0.92655
-0.90858
-0.89060
-0.87263
-0.85465
-0.83668
-0.81870
-0.80073
-0.78275
-0.76478
-0.74680
-0.72883
-0.71085
-0.69288
-0.67490
-0.65693
-0.63895
-0.62098
-0.60300
-0.58503
-0.56705
-0.54908
-0.53110
-0.51313
-0.49515
-0.47718
-0.45920
-0.44123
-0.42325
-0.40528
-0.38730
-0.36933
-0.35135
-0.33338
-0.31540
-0.29743
-0.27946
-0.26148
-0.24350
-0.22553
-0.20755
-0.18958
-0.17160
-0.15363
-0.13565
-0.11768
-0.09971
-0.08173
-0.06375
-0.04578
-0.02780
-0.00983
0.00815
0.02612
0.04410
0.06207
0.08004
0.09802
0.11600
0.13397
0.15195
0.16992
0.18790
0.20587
0.22385
0.24182
0.25979
0.27777
0.29575
0.31372
0.33170
0.34967
0.36764
0.38562
0.40360
0.42157
0.43954
0.45752
0.47550
0.49347
0.51145
0.52942
0.54739
0.56537
0.58335
0.60132
0.61929
0.63727
0.65525
0.67322
0.69120
0.70917
0.72714
0.74512
0.76310
0.78107
0.79905
0.81702
0.83500
0.85297
0.87094
0.88892
0.90689
0.92487
0.94285
0.96082
0.97880
0.99677
1.01475
1.03272
1.05069
1.06867
1.08664
1.10462
1.12260
1.14057
1.15855
1.17652
1.19449
1.21247
1.23835
1.25237
1.28012
1.30787
1.33563
1.36338
1.39112
1.41887
1.44663
1.47438
1.50213
1.53232
1.56497
1.59763
1.63028
1.66293
1.69557
1.72822
1.76087
1.79353
1.82618
1.86002
1.89507
1.93012
1.96518
2.00023
2.03527
2.07032
2.10537
2.14043
2.17548
2.20982
2.24347
2.27712
2.31078
2.34443
2.37807
2.41172
2.44537
2.47903
2.51268
2.54395
2.57285
2.60175
2.63065
2.65955
2.68845
2.71735
2.74625
2.77515
2.80405
2.82955
2.85165
2.87375
2.89585
2.91795
2.94005
2.96215
2.98425
3.00635
3.02845
3.04690
3.06170
3.07650
3.09130
3.10610
3.12090
3.13570
3.15050
3.16530
3.18010
3.19205
3.20115
3.21025
3.21935
3.22845
3.23755
3.24665
3.25575
3.26485
3.27395
3.28115
3.28645
3.29175
3.29705
3.30235
3.30765
3.31295
3.31825
3.32355
3.32885
3.33305
3.33615
3.33925
3.34235
3.34545
3.34855
3.35165
3.35475
3.35785
3.36095
3.36342
3.36527
3.36713
3.36898
3.37082
3.37267
3.37452
3.37637
3.37822
3.38008
3.38152
3.38257
3.38363
3.38467
3.38572
3.38678
3.38782
3.38887
3.38992
3.39098
3.39185
3.39255
3.39325
3.39395
3.39465
3.39535
3.39605
3.39675
3.39745
3.39815
3.39878
3.39933
3.39987
3.40043
3.40097
3.40152
3.40207
3.40263
3.40318
3.40372
3.40427
3.40482
3.40537
3.40592
3.40648
3.40702
3.40758
3.40813
3.40868
3.40923
3.40990
3.41070
3.41150
3.41230
3.41310
3.41390
3.41470
3.41550
3.41630
3.41710
3.41832
3.41997
3.42163
3.42327
3.42492
3.42658
3.42822
3.42988
3.43153
3.43318
3.43550
3.43850
3.44150
3.44450
3.44750
3.45050
3.45350
3.45650
3.45950
3.46250
3.46215
3.46400
3.46400
3.46400
3.46400
3.46400
3.46400
3.46400
3.46400
3.46400
3.46400
3.46400
3.46400
3.46400
3.46400
3.46400
3.46400
3.46400
3.46400
3.46400
3.46400
3.46400
3.46400
3.46400
3.46400
3.46400
3.46400
3.46400
3.46400
3.46400
3.46400
3.46400
3.46400
3.46400
3.46400
3.46400
3.46400
3.46400
3.46400
3.46400
3.46400
3.46400
3.46400
3.46400
3.46400
3.46400
3.46400
3.46400
3.46400
3.46400
3.46400
3.46400
3.46400
3.46400
3.46400
3.46400
3.46400
3.46400
3.46400
3.46400
3.46400
3.46400
3.46400
3.46400
3.46400
3.46400
3.46400
3.46400
3.46400
3.46400
3.46400
3.46400
3.46400
3.46400
3.46400
3.46400
3.46400
3.46400
3.46400
3.46400
3.46400
3.46400
3.46400
3.46400
3.46400
3.46400
3.46400
3.46400
3.46400
3.46400
3.46400
3.46400
3.46400
3.46400
3.46400
3.46400
3.46400
3.46400
3.46400
3.46400
3.46400
3.46400
3.46400
3.46400
3.46400
3.46400
3.46400
3.46400
-1.16735
-1.14999
-1.13264
-1.11529
-1.09793
-1.08058
-1.06323
-1.04587
-1.02852
-1.01117
-0.99381
-0.97646
-0.95911
-0.94175
-0.92440
-0.90705
-0.88969
-0.87234
-0.85499
-0.83763
-0.82028
-0.80293
-0.78557
-0.76822
-0.75087
-0.73351
-0.71616
-0.69881
-0.68145
-0.66410
-0.64675
-0.62939
-0.61204
-0.59469
-0.57733
-0.55998
-0.54263
-0.52527
-0.50792
-0.49057
-0.47321
-0.45586
-0.43851
-0.42115
-0.40380
-0.38645
-0.36909
-0.35174
-0.33439
-0.31703
-0.29968
-0.28233
-0.26497
-0.24762
-0.23027
-0.21291
-0.19556
-0.17821
-0.16085
-0.14350
-0.12615
-0.10879
-0.09144
-0.07409
-0.05673
-0.03938
-0.02203
-0.00467
0.01268
0.03003
0.04739
0.06474
0.08209
0.09945
0.11680
0.13415
0.15151
0.16886
0.18621
0.20357
0.22092
0.23827
0.25563
0.27298
0.29033
0.30769
0.32504
0.34239
0.35975
0.37710
0.39445
0.41181
0.42916
0.44651
0.46387
0.48122
0.49857
0.51593
0.53328
0.55063
0.56799
0.58534
0.60269
0.62005
0.63740
0.65475
0.67211
0.68946
0.70681
0.72417
0.74152
0.75887
0.77623
0.79358
0.81093
0.82829
0.84564
0.86299
0.88035
0.89770
0.91505
0.93241
0.94976
0.96711
0.98447
1.00182
1.01917
1.03653
1.05388
1.07123
1.08859
1.10594
1.12329
1.14065
1.15800
1.17910
1.20020
1.22130
1.24240
1.26350
1.28460
1.30570
1.32680
1.34790
1.36900
1.40120
1.43340
1.46560
1.49780
1.53000
1.56220
1.59440
1.62660
1.65880
1.69100
1.72930
1.76760
1.80590
1.84420
1.88250
1.92080
1.95910
1.99740
2.03570
2.07400
2.11340
2.15280
2.19220
2.23160
2.27100
2.31040
2.34980
2.38920
2.42860
2.46800
2.50530
2.54260
2.57990
2.61720
2.65450
2.69180
2.72910
2.76640
2.80370
2.84100
2.87210
2.90320
2.93430
2.96540
2.99650
3.02760
3.05870
3.08980
3.12090
3.15200
3.17380
3.19560
3.21740
3.23920
3.26100
3.28280
3.30460
3.32640
3.34820
3.37000
3.38360
3.39720
3.41080
3.42440
3.43800
3.45160
3.46520
3.47880
3.49240
3.50600
3.51400
3.52200
3.53000
3.53800
3.54600
3.55400
3.56200
3.57000
3.57800
3.58600
3.59060
3.59520
3.59980
3.60440
3.60900
3.61360
3.61820
3.62280
3.62740
3.63200
3.63470
3.63740
3.64010
3.64280
3.64550
3.64820
3.65090
3.65360
3.65630
3.65900
3.66050
3.66200
3.66350
3.66500
3.66650
3.66800
3.66950
3.67100
3.67250
3.67400
3.67500
3.67600
3.67700
3.67800
3.67900
3.68000
3.68100
3.68200
3.68300
3.68400
3.68470
3.68540
3.68610
3.68680
3.68750
3.68820
3.68890
3.68960
3.69030
3.69100
3.69170
3.69240
3.69310
3.69380
3.69450
3.69520
3.69590
3.69660
3.69730
3.69800
3.69910
3.70020
3.70130
3.70240
3.70350
3.70460
3.70570
3.70680
3.70790
3.70900
3.71110
3.71320
3.71530
3.71740
3.71950
3.72160
3.72370
3.72580
3.72790
3.73000
3.73370
3.73740
3.74110
3.74480
3.74850
3.75220
3.75590
3.75960
3.76330
3.76700
3.76700
3.76700
3.76700
3.76700
3.76700
3.76700
3.76700
3.76700
3.76700
3.76700
3.76700
3.76700
3.76700
3.76700
3.76700
3.76700
3.76700
3.76700
3.76700
3.76700
3.76700
3.76700
3.76700
3.76700
3.76700
3.76700
3.76700
3.76700
3.76700
3.76700
3.76700
3.76700
3.76700
3.76700
3.76700
3.76700
3.76700
3.76700
3.76700
3.76700
3.76700
3.76700
3.76700
3.76700
3.76700
3.76700
3.76700
3.76700
3.76700
3.76700
3.76700
3.76700
3.76700
3.76700
3.76700
3.76700
3.76700
3.76700
3.76700
3.76700
3.76700
3.76700
3.76700
3.76700
3.76700
3.76700
3.76700
3.76700
3.76700
3.76700
3.76700
3.76700
3.76700
3.76700
3.76700
3.76700
3.76700
3.76700
3.76700
3.76700
3.76700
3.76700
3.76700
3.76700
3.76700
3.76700
3.76700
3.76700
3.76700
3.76700
3.76700
3.76700
3.76700
3.76700
3.76700
3.76700
3.76700
3.76700
3.76700
3.76700
3.76700
3.76700
3.76700
3.76700
3.76700
3.76700
-0.76874
-0.75346
-0.73817
-0.72288
-0.70760
-0.69231
-0.67702
-0.66174
-0.64645
-0.63116
-0.61588
-0.60059
-0.58530
-0.57002
-0.55473
-0.53944
-0.52416
-0.50887
-0.49358
-0.47830
-0.46301
-0.44772
-0.43244
-0.41715
-0.40186
-0.38658
-0.37129
-0.35600
-0.34072
-0.32543
-0.31014
-0.29486
-0.27957
-0.26428
-0.24900
-0.23371
-0.21842
-0.20314
-0.18785
-0.17256
-0.15728
-0.14199
-0.12670
-0.11142
-0.09613
-0.08084
-0.06556
-0.05027
-0.03498
-0.01970
-0.00441
0.01088
0.02616
0.04145
0.05674
0.07202
0.08731
0.10260
0.11788
0.13317
0.14846
0.16374
0.17903
0.19432
0.20960
0.22489
0.24018
0.25546
0.27075
0.28604
0.30132
0.31661
0.33190
0.34718
0.36247
0.37776
0.39304
0.40833
0.42362
0.43890
0.45419
0.46948
0.48476
0.50005
0.51534
0.53062
0.54591
0.56120
0.57648
0.59177
0.60706
0.62234
0.63763
0.65292
0.66820
0.68349
0.69878
0.71406
0.72935
0.74464
0.75992
0.77521
0.79050
0.80578
0.82107
0.83636
0.85164
0.86693
0.88222
0.89750
0.91279
0.92808
0.94336
0.95865
0.97394
0.98922
1.00451
1.01980
1.03508
1.05037
1.06566
1.08094
1.09623
1.11152
1.12680
1.14209
1.15738
1.17266
1.18795
1.20324
1.21852
1.23381
1.24910
1.26438
1.27967
1.29683
1.30592
1.31877
1.33162
1.34447
1.35732
1.37017
1.38302
1.39587
1.40872
1.42157
1.43898
1.46093
1.48287
1.50483
1.52678
1.54873
1.57068
1.59263
1.61458
1.63653
1.66300
1.69400
1.72500
1.75600
1.78700
1.81800
1.84900
1.88000
1.91100
1.94200
1.97625
2.01375
2.05125
2.08875
2.12625
2.16375
2.20125
2.23875
2.27625
2.31375
2.35225
2.39175
2.43125
2.47075
2.51025
2.54975
2.58925
2.62875
2.66825
2.70775
2.74585
2.78255
2.81925
2.85595
2.89265
2.92935
2.96605
3.00275
3.03945
3.07615
3.10955
3.13965
3.16975
3.19985
3.22995
3.26005
3.29015
3.32025
3.35035
3.38045
3.40638
3.42813
3.44987
3.47163
3.49338
3.51513
3.53688
3.55862
3.58037
3.60212
3.62000
3.63400
3.64800
3.66200
3.67600
3.69000
3.70400
3.71800
3.73200
3.74600
3.75717
3.76552
3.77387
3.78222
3.79057
3.79892
3.80727
3.81562
3.82397
3.83232
3.83892
3.84377
3.84862
3.85347
3.85832
3.86317
3.86802
3.87287
3.87772
3.88257
3.88645
3.88935
3.89225
3.89515
3.89805
3.90095
3.90385
3.90675
3.90965
3.91255
3.91490
3.91670
3.91850
3.92030
3.92210
3.92390
3.92570
3.92750
3.92930
3.93110
3.93267
3.93402
3.93537
3.93672
3.93807
3.93942
3.94077
3.94212
3.94347
3.94482
3.94630
3.94790
3.94950
3.95110
3.95270
3.95430
3.95590
3.95750
3.95910
3.96070
3.96237
3.96412
3.96587
3.96762
3.96937
3.97112
3.97287
3.97462
3.97637
3.97812
3.98042
3.98327
3.98612
3.98897
3.99182
3.99467
3.99752
4.00037
4.00322
4.00607
4.00512
4.00037
3.99562
3.99087
3.98612
3.98137
3.97662
3.97187
3.96712
3.96237
3.96660
3.96000
3.96000
3.96000
3.96000
3.96000
3.96000
3.96000
3.96000
3.96000
3.96000
3.96000
3.96000
3.96000
3.96000
3.96000
3.96000
3.96000
3.96000
3.96000
3.96000
3.96000
3.96000
3.96000
3.96000
3.96000
3.96000
3.96000
3.96000
3.96000
3.96000
3.96000
3.96000
3.96000
3.96000
3.96000
3.96000
3.96000
3.96000
3.96000
3.96000
3.96000
3.96000
3.96000
3.96000
3.96000
3.96000
3.96000
3.96000
3.96000
3.96000
3.96000
3.96000
3.96000
3.96000
3.96000
3.96000
3.96000
3.96000
3.96000
3.96000
3.96000
3.96000
3.96000
3.96000
3.96000
3.96000
3.96000
3.96000
3.96000
3.96000
3.96000
3.96000
3.96000
3.96000
3.96000
3.96000
3.96000
3.96000
3.96000
3.96000
3.96000
3.96000
3.96000
3.96000
3.96000
3.96000
3.96000
3.96000
3.96000
3.96000
3.96000
3.96000
3.96000
3.96000
3.96000
3.96000
3.96000
3.96000
3.96000
3.96000
3.96000
3.96000
3.96000
3.96000
-0.37014
-0.35692
-0.34370
-0.33048
-0.31726
-0.30404
-0.29082
-0.27760
-0.26438
-0.25116
-0.23794
-0.22472
-0.21150
-0.19828
-0.18506
-0.17184
-0.15862
-0.14540
-0.13218
-0.11896
-0.10574
-0.09252
-0.07930
-0.06608
-0.05286
-0.03964
-0.02642
-0.01320
0.00002
0.01324
0.02646
0.03968
0.05290
0.06612
0.07934
0.09256
0.10578
0.11900
0.13222
0.14544
0.15866
0.17188
0.18510
0.19832
0.21154
0.22476
0.23798
0.25120
0.26442
0.27764
0.29086
0.30408
0.31730
0.33052
0.34374
0.35696
0.37018
0.38340
0.39662
0.40984
0.42306
0.43628
0.44950
0.46272
0.47594
0.48916
0.50238
0.51560
0.52882
0.54204
0.55526
0.56848
0.58170
0.59492
0.60814
0.62136
0.63458
0.64780
0.66102
0.67424
0.68746
0.70068
0.71390
0.72712
0.74034
0.75356
0.76678
0.78000
0.79322
0.80644
0.81966
0.83288
0.84610
0.85932
0.87254
0.88576
0.89898
0.91220
0.92542
0.93864
0.95186
0.96508
0.97830
0.99152
1.00474
1.01796
1.03118
1.04440
1.05762
1.07084
1.08406
1.09728
1.11050
1.12372
1.13694
1.15016
1.16338
1.17660
1.18982
1.20304
1.21626
1.22948
1.24270
1.25592
1.26914
1.28236
1.29558
1.30880
1.32202
1.33524
1.34846
1.36168
1.37490
1.38812
1.40134
1.41456
1.42778
1.44100
1.44560
1.45020
1.45480
1.45940
1.46400
1.46860
1.47320
1.47780
1.48240
1.48700
1.49870
1.51040
1.52210
1.53380
1.54550
1.55720
1.56890
1.58060
1.59230
1.60400
1.62770
1.65140
1.67510
1.69880
1.72250
1.74620
1.76990
1.79360
1.81730
1.84100
1.87660
1.91220
1.94780
1.98340
2.01900
2.05460
2.09020
2.12580
2.16140
2.19700
2.23870
2.28040
2.32210
2.36380
2.40550
2.44720
2.48890
2.53060
2.57230
2.61400
2.65630
2.69860
2.74090
2.78320
2.82550
2.86780
2.91010
2.95240
2.99470
3.03700
3.07540
3.11380
3.15220
3.19060
3.22900
3.26740
3.30580
3.34420
3.38260
3.42100
3.45090
3.48080
3.51070
3.54060
3.57050
3.60040
3.63030
3.66020
3.69010
3.72000
3.74000
3.76000
3.78000
3.80000
3.82000
3.84000
3.86000
3.88000
3.90000
3.92000
3.93210
3.94420
3.95630
3.96840
3.98050
3.99260
4.00470
4.01680
4.02890
4.04100
4.04800
4.05500
4.06200
4.06900
4.07600
4.08300
4.09000
4.09700
4.10400
4.11100
4.11530
4.11960
4.12390
4.12820
4.13250
4.13680
4.14110
4.14540
4.14970
4.15400
4.15660
4.15920
4.16180
4.16440
4.16700
4.16960
4.17220
4.17480
4.17740
4.18000
4.18200
4.18400
4.18600
4.18800
4.19000
4.19200
4.19400
4.19600
4.19800
4.20000
4.20250
4.20500
4.20750
4.21000
4.21250
4.21500
4.21750
4.22000
4.22250
4.22500
4.22740
4.22980
4.23220
4.23460
4.23700
4.23940
4.24180
4.24420
4.24660
4.24900
4.25260
4.25620
4.25980
4.26340
4.26700
4.27060
4.27420
4.27780
4.28140
4.28500
4.27180
4.25860
4.24540
4.23220
4.21900
4.20580
4.19260
4.17940
4.16620
4.15300
4.15300
4.15300
4.15300
4.15300
4.15300
4.15300
4.15300
4.15300
4.15300
4.15300
4.15300
4.15300
4.15300
4.15300
4.15300
4.15300
4.15300
4.15300
4.15300
4.15300
4.15300
4.15300
4.15300
4.15300
4.15300
4.15300
4.15300
4.15300
4.15300
4.15300
4.15300
4.15300
4.15300
4.15300
4.15300
4.15300
4.15300
4.15300
4.15300
4.15300
4.15300
4.15300
4.15300
4.15300
4.15300
4.15300
4.15300
4.15300
4.15300
4.15300
4.15300
4.15300
4.15300
4.15300
4.15300
4.15300
4.15300
4.15300
4.15300
4.15300
4.15300
4.15300
4.15300
4.15300
4.15300
4.15300
4.15300
4.15300
4.15300
4.15300
4.15300
4.15300
4.15300
4.15300
4.15300
4.15300
4.15300
4.15300
4.15300
4.15300
4.15300
4.15300
4.15300
4.15300
4.15300
4.15300
4.15300
4.15300
4.15300
4.15300
4.15300
4.15300
4.15300
4.15300
4.15300
4.15300
4.15300
4.15300
4.15300
4.15300
4.15300
4.15300
4.15300
0.23390
0.24388
0.25386
0.26384
0.27382
0.28380
0.29379
0.30377
0.31375
0.32373
0.33371
0.34370
0.35368
0.36366
0.37364
0.38362
0.39360
0.40359
0.41357
0.42355
0.43353
0.44351
0.45349
0.46347
0.47346
0.48344
0.49342
0.50340
0.51338
0.52336
0.53335
0.54333
0.55331
0.56329
0.57327
0.58325
0.59324
0.60322
0.61320
0.62318
0.63316
0.64315
0.65313
0.66311
0.67309
0.68307
0.69305
0.70304
0.71302
0.72300
0.73298
0.74296
0.75294
0.76292
0.77291
0.78289
0.79287
0.80285
0.81283
0.82281
0.83280
0.84278
0.85276
0.86274
0.87272
0.88270
0.89269
0.90267
0.91265
0.92263
0.93261
0.94260
0.95258
0.96256
0.97254
0.98252
0.99250
1.00249
1.01247
1.02245
1.03243
1.04241
1.05239
1.06237
1.07236
1.08234
1.09232
1.10230
1.11228
1.12226
1.13225
1.14223
1.15221
1.16219
1.17217
1.18215
1.19214
1.20212
1.21210
1.22208
1.23206
1.24205
1.25203
1.26201
1.27199
1.28197
1.29195
1.30193
1.31192
1.32190
1.33188
1.34186
1.35184
1.36183
1.37181
1.38179
1.39177
1.40175
1.41173
1.42171
1.43170
1.44168
1.45166
1.46164
1.47162
1.48160
1.49159
1.50157
1.51155
1.52153
1.53151
1.54149
1.55148
1.56146
1.57144
1.58142
1.59140
1.60139
1.60706
1.61300
1.61600
1.61900
1.62200
1.62500
1.62800
1.63100
1.63400
1.63700
1.64000
1.64517
1.65253
1.65987
1.66722
1.67458
1.68192
1.68928
1.69663
1.70397
1.71133
1.72282
1.73847
1.75412
1.76977
1.78543
1.80107
1.81672
1.83237
1.84802
1.86368
1.88477
1.91132
1.93787
1.96442
1.99098
2.01752
2.04407
2.07062
2.09717
2.12373
2.15510
2.19130
2.22750
2.26370
2.29990
2.33610
2.37230
2.40850
2.44470
2.48090
2.51970
2.56110
2.60250
2.64390
2.68530
2.72670
2.76810
2.80950
2.85090
2.89230
2.93362
2.97487
3.01613
3.05737
3.09863
3.13987
3.18112
3.22237
3.26362
3.30488
3.34355
3.37965
3.41575
3.45185
3.48795
3.52405
3.56015
3.59625
3.63235
3.66845
3.70040
3.72820
3.75600
3.78380
3.81160
3.83940
3.86720
3.89500
3.92280
3.95060
3.97390
3.99270
4.01150
4.03030
4.04910
4.06790
4.08670
4.10550
4.12430
4.14310
4.15835
4.17005
4.18175
4.19345
4.20515
4.21685
4.22855
4.24025
4.25195
4.26365
4.27313
4.28037
4.28762
4.29487
4.30213
4.30938
4.31663
4.32387
4.33113
4.33838
4.34448
4.34942
4.35438
4.35932
4.36428
4.36923
4.37418
4.37913
4.38407
4.38903
4.39320
4.39660
4.40000
4.40340
4.40680
4.41020
4.41360
4.41700
4.42040
4.42380
4.42725
4.43075
4.43425
4.43775
4.44125
4.44475
4.44825
4.45175
4.45525
4.45875
4.45742
4.45127
4.44512
4.43898
4.43282
4.42667
4.42052
4.41437
4.40823
4.40207
4.39902
4.39907
4.39913
4.39917
4.39923
4.39928
4.39933
4.39938
4.39942
4.39948
4.39870
4.39710
4.39550
4.39390
4.39230
4.39070
4.38910
4.38750
4.38590
4.38430
4.37850
4.38350
4.38350
4.38350
4.38350
4.38350
4.38350
4.38350
4.38350
4.38350
4.38350
4.38350
4.38350
4.38350
4.38350
4.38350
4.38350
4.38350
4.38350
4.38350
4.38350
4.38350
4.38350
4.38350
4.38350
4.38350
4.38350
4.38350
4.38350
4.38350
4.38350
4.38350
4.38350
4.38350
4.38350
4.38350
4.38350
4.38350
4.38350
4.38350
4.38350
4.38350
4.38350
4.38350
4.38350
4.38350
4.38350
4.38350
4.38350
4.38350
4.38350
4.38350
4.38350
4.38350
4.38350
4.38350
4.38350
4.38350
4.38350
4.38350
4.38350
4.38350
4.38350
4.38350
4.38350
4.38350
4.38350
4.38350
4.38350
4.38350
4.38350
4.38350
4.38350
4.38350
4.38350
4.38350
4.38350
4.38350
4.38350
4.38350
4.38350
4.38350
4.38350
4.38350
4.38350
4.38350
4.38350
4.38350
4.38350
4.38350
4.38350
4.38350
4.38350
4.38350
4.38350
4.38350
4.38350
4.38350
4.38350
4.38350
4.38350
4.38350
0.83793
0.84468
0.85142
0.85816
0.86491
0.87165
0.87839
0.88514
0.89188
0.89862
0.90537
0.91211
0.91885
0.92560
0.93234
0.93908
0.94583
0.95257
0.95931
0.96606
0.97280
0.97954
0.98629
0.99303
0.99977
1.00652
1.01326
1.02000
1.02675
1.03349
1.04023
1.04698
1.05372
1.06046
1.06721
1.07395
1.08069
1.08744
1.09418
1.10092
1.10767
1.11441
1.12115
1.12790
1.13464
1.14138
1.14813
1.15487
1.16161
1.16836
1.17510
1.18184
1.18859
1.19533
1.20207
1.20882
1.21556
1.22230
1.22905
1.23579
1.24253
1.24928
1.25602
1.26276
1.26951
1.27625
1.28299
1.28974
1.29648
1.30322
1.30997
1.31671
1.32345
1.33020
1.33694
1.34368
1.35043
1.35717
1.36391
1.37066
1.37740
1.38414
1.39089
1.39763
1.40437
1.41112
1.41786
1.42460
1.43135
1.43809
1.44483
1.45158
1.45832
1.46506
1.47181
1.47855
1.48529
1.49204
1.49878
1.50552
1.51227
1.51901
1.52575
1.53250
1.53924
1.54598
1.55273
1.55947
1.56621
1.57296
1.57970
1.58644
1.59319
1.59993
1.60667
1.61342
1.62016
1.62690
1.63365
1.64039
1.64713
1.65388
1.66062
1.66736
1.67411
1.68085
1.68759
1.69434
1.70108
1.70782
1.71457
1.72131
1.72805
1.73480
1.74154
1.74828
1.75503
1.76177
1.76851
1.77526
1.78200
1.78340
1.78480
1.78620
1.78760
1.78900
1.79040
1.79180
1.79320
1.79460
1.79600
1.79900
1.80200
1.80500
1.80800
1.81100
1.81400
1.81700
1.82000
1.82300
1.82600
1.83360
1.84120
1.84880
1.85640
1.86400
1.87160
1.87920
1.88680
1.89440
1.90200
1.91950
1.93700
1.95450
1.97200
1.98950
2.00700
2.02450
2.04200
2.05950
2.07700
2.10770
2.13840
2.16910
2.19980
2.23050
2.26120
2.29190
2.32260
2.35330
2.38400
2.42450
2.46500
2.50550
2.54600
2.58650
2.62700
2.66750
2.70800
2.74850
2.78900
2.83310
2.87720
2.92130
2.96540
3.00950
3.05360
3.09770
3.14180
3.18590
3.23000
3.27230
3.31460
3.35690
3.39920
3.44150
3.48380
3.52610
3.56840
3.61070
3.65300
3.68860
3.72420
3.75980
3.79540
3.83100
3.86660
3.90220
3.93780
3.97340
4.00900
4.03450
4.06000
4.08550
4.11100
4.13650
4.16200
4.18750
4.21300
4.23850
4.26400
4.28040
4.29680
4.31320
4.32960
4.34600
4.36240
4.37880
4.39520
4.41160
4.42800
4.43820
4.44840
4.45860
4.46880
4.47900
4.48920
4.49940
4.50960
4.51980
4.53000
4.53730
4.54460
4.55190
4.55920
4.56650
4.57380
4.58110
4.58840
4.59570
4.60300
4.60780
4.61260
4.61740
4.62220
4.62700
4.63180
4.63660
4.64140
4.64620
4.65100
4.65550
4.66000
4.66450
4.66900
4.67350
4.67800
4.68250
4.68700
4.69150
4.69600
4.68130
4.66660
4.65190
4.63720
4.62250
4.60780
4.59310
4.57840
4.56370
4.54900
4.54550
4.54200
4.53850
4.53500
4.53150
4.52800
4.52450
4.52100
4.51750
4.51400
4.52400
4.53400
4.54400
4.55400
4.56400
4.57400
4.58400
4.59400
4.60400
4.61400
4.61400
4.61400
4.61400
4.61400
4.61400
4.61400
4.61400
4.61400
4.61400
4.61400
4.61400
4.61400
4.61400
4.61400
4.61400
4.61400
4.61400
4.61400
4.61400
4.61400
4.61400
4.61400
4.61400
4.61400
4.61400
4.61400
4.61400
4.61400
4.61400
4.61400
4.61400
4.61400
4.61400
4.61400
4.61400
4.61400
4.61400
4.61400
4.61400
4.61400
4.61400
4.61400
4.61400
4.61400
4.61400
4.61400
4.61400
4.61400
4.61400
4.61400
4.61400
4.61400
4.61400
4.61400
4.61400
4.61400
4.61400
4.61400
4.61400
4.61400
4.61400
4.61400
4.61400
4.61400
4.61400
4.61400
4.61400
4.61400
4.61400
4.61400
4.61400
4.61400
4.61400
4.61400
4.61400
4.61400
4.61400
4.61400
4.61400
4.61400
4.61400
4.61400
4.61400
4.61400
4.61400
4.61400
4.61400
4.61400
4.61400
4.61400
4.61400
4.61400
4.61400
4.61400
4.61400
4.61400
4.61400
4.61400
4.61400
4.61400
1.01956
1.02540
1.03124
1.03708
1.04291
1.04875
1.05459
1.06043
1.06626
1.07210
1.07794
1.08378
1.08961
1.09545
1.10129
1.10713
1.11296
1.11880
1.12464
1.13048
1.13631
1.14215
1.14799
1.15383
1.15966
1.16550
1.17134
1.17718
1.18301
1.18885
1.19469
1.20053
1.20636
1.21220
1.21804
1.22388
1.22971
1.23555
1.24139
1.24723
1.25306
1.25890
1.26474
1.27058
1.27641
1.28225
1.28809
1.29393
1.29976
1.30560
1.31144
1.31728
1.32311
1.32895
1.33479
1.34063
1.34646
1.35230
1.35814
1.36398
1.36981
1.37565
1.38149
1.38733
1.39316
1.39900
1.40484
1.41068
1.41651
1.42235
1.42819
1.43403
1.43986
1.44570
1.45154
1.45738
1.46321
1.46905
1.47489
1.48073
1.48656
1.49240
1.49824
1.50408
1.50991
1.51575
1.52159
1.52743
1.53326
1.53910
1.54494
1.55078
1.55661
1.56245
1.56829
1.57413
1.57996
1.58580
1.59164
1.59748
1.60331
1.60915
1.61499
1.62083
1.62666
1.63250
1.63834
1.64418
1.65001
1.65561
1.66120
1.66679
1.67239
1.67835
1.68432
1.69029
1.69625
1.70271
1.70916
1.71561
1.72207
1.72872
1.73536
1.74201
1.74866
1.75567
1.76268
1.76969
1.77670
1.78284
1.78898
1.79513
1.80127
1.80762
1.81397
1.82033
1.82668
1.83361
1.84054
1.84748
1.85441
1.85914
1.86493
1.86868
1.87243
1.87669
1.88095
1.88521
1.88948
1.89352
1.89756
1.90160
1.90601
1.91203
1.91806
1.92408
1.93011
1.93630
1.94249
1.94867
1.95486
1.96034
1.96703
1.97496
1.98288
1.98991
1.99694
2.00396
2.01099
2.01811
2.02523
2.03235
2.04240
2.05567
2.06894
2.08222
2.09549
2.10870
2.12192
2.13513
2.14835
2.16106
2.17845
2.20053
2.22260
2.24487
2.26715
2.28943
2.31170
2.33442
2.35715
2.37987
2.40758
2.44032
2.47306
2.50580
2.53854
2.57121
2.60389
2.63657
2.66924
2.70236
2.73879
2.77855
2.81832
2.85869
2.89906
2.93943
2.97980
3.02001
3.06023
3.10045
3.14145
3.18381
3.22616
3.26852
3.31087
3.35297
3.39507
3.43717
3.47926
3.52143
3.56212
3.60131
3.64051
3.68008
3.71966
3.75924
3.79881
3.83756
3.87631
3.91506
3.95047
3.98264
4.01482
4.04700
4.07917
4.11101
4.14284
4.17468
4.20651
4.23841
4.26642
4.29053
4.31465
4.33772
4.36080
4.38387
4.40695
4.42991
4.45287
4.47583
4.49556
4.51257
4.52959
4.54661
4.56363
4.57912
4.59462
4.61012
4.62562
4.64118
4.65440
4.66528
4.67617
4.68752
4.69888
4.71023
4.72159
4.73191
4.74222
4.75254
4.76146
4.76870
4.77595
4.78319
4.79044
4.79786
4.80529
4.81271
4.82013
4.82778
4.82872
4.82298
4.81723
4.81074
4.80424
4.79775
4.79125
4.78485
4.77846
4.77206
4.76796
4.76611
4.76425
4.76240
4.76054
4.75881
4.75707
4.75533
4.75360
4.75147
4.75184
4.75471
4.75757
4.76053
4.76349
4.76646
4.76942
4.77233
4.77524
4.77816
4.78378
4.79224
4.80069
4.80915
4.81760
4.82576
4.83392
4.84208
4.85024
4.85844
4.85887
4.86270
4.86280
4.86291
4.86302
4.86313
4.86323
4.86338
4.86354
4.86369
4.86384
4.86380
4.86377
4.86374
4.86371
4.86360
4.86349
4.86339
4.86328
4.86320
4.86312
4.86304
4.86296
4.86288
4.86281
4.86273
4.86265
4.86243
4.86221
4.86198
4.86176
4.86135
4.86094
4.86054
4.86013
4.85982
4.85952
4.85921
4.85891
4.85868
4.85846
4.85823
4.85801
4.85758
4.85714
4.85671
4.85628
4.85554
4.85480
4.85406
4.85331
4.85229
4.85127
4.85025
4.84923
4.84755
4.84587
4.84418
4.84250
4.84111
4.83971
4.83832
4.83693
4.83427
4.83162
4.82897
4.82632
4.82331
4.82030
4.81729
4.81428
4.81298
4.81169
4.81040
4.80910
4.81272
4.81633
4.81995
4.82356
4.83224
4.84092
4.84960
4.85827
4.87750
4.89672
4.91595
4.93517
4.95543
4.97569
4.99596
5.01622
5.01825
5.02027
5.02230
5.02433
5.00706
4.98980
4.97253
4.95527
1.27391
1.27896
1.28402
1.28907
1.29412
1.29917
1.30422
1.30928
1.31433
1.31938
1.32443
1.32948
1.33454
1.33959
1.34464
1.34969
1.35474
1.35979
1.36485
1.36990
1.37495
1.38000
1.38505
1.39011
1.39516
1.40021
1.40526
1.41031
1.41537
1.42042
1.42547
1.43052
1.43557
1.44062
1.44568
1.45073
1.45578
1.46083
1.46588
1.47094
1.47599
1.48104
1.48609
1.49114
1.49620
1.50125
1.50630
1.51135
1.51640
1.52145
1.52651
1.53156
1.53661
1.54166
1.54671
1.55177
1.55682
1.56187
1.56692
1.57197
1.57703
1.58208
1.58713
1.59218
1.59723
1.60228
1.60734
1.61239
1.61744
1.62249
1.62754
1.63260
1.63765
1.64270
1.64775
1.65280
1.65785
1.66291
1.66796
1.67301
1.67806
1.68311
1.68817
1.69322
1.69827
1.70332
1.70837
1.71343
1.71848
1.72353
1.72858
1.73363
1.73868
1.74374
1.74879
1.75384
1.75889
1.76394
1.76900
1.77405
1.77910
1.78415
1.78920
1.79426
1.79931
1.80436
1.80941
1.81446
1.81951
1.82439
1.82926
1.83413
1.83900
1.84335
1.84769
1.85204
1.85639
1.86158
1.86678
1.87198
1.87718
1.88265
1.88812
1.89359
1.89906
1.90499
1.91093
1.91687
1.92280
1.92830
1.93380
1.93930
1.94480
1.95040
1.95600
1.96160
1.96720
1.97360
1.98000
1.98640
1.99280
1.99897
2.00513
2.01129
2.01576
2.02120
2.02663
2.03206
2.03750
2.04191
2.04632
2.05074
2.05515
2.06104
2.06700
2.07296
2.07892
2.08411
2.08930
2.09448
2.09967
2.10443
2.10919
2.11395
2.11947
2.12407
2.12867
2.13327
2.13788
2.14247
2.14706
2.15165
2.15624
2.16110
2.16858
2.17606
2.18354
2.19089
2.19825
2.20560
2.21295
2.22021
2.22747
2.23473
2.24813
2.26191
2.27569
2.28947
2.30325
2.31788
2.33251
2.34714
2.36176
2.37626
2.40051
2.42476
2.44900
2.47384
2.49868
2.52352
2.54836
2.57508
2.60181
2.62854
2.66396
2.70090
2.73783
2.77477
2.81171
2.84912
2.88654
2.92395
2.96136
2.99980
3.04228
3.08476
3.12725
3.17003
3.21282
3.25561
3.29840
3.34160
3.38480
3.42801
3.47113
3.51474
3.55834
3.60194
3.64554
3.68839
3.73124
3.77409
3.81694
3.86022
3.89960
3.93898
3.97836
4.01627
4.05417
4.09207
4.12998
4.16849
4.20700
4.24551
4.27749
4.30737
4.33725
4.36713
4.39701
4.42635
4.45568
4.48501
4.51434
4.54488
4.56897
4.59306
4.61715
4.63731
4.65746
4.67762
4.69778
4.71846
4.73914
4.75983
4.77466
4.79074
4.80681
4.82289
4.83897
4.85189
4.86481
4.87774
4.89066
4.90291
4.91223
4.92155
4.93087
4.94088
4.95090
4.96091
4.97093
4.98145
4.99197
5.00250
4.99029
4.97576
4.96123
4.94670
4.93217
4.91793
4.90369
4.88944
4.87520
4.86122
4.86952
4.87782
4.88612
4.89471
4.90330
4.91189
4.92048
4.92789
4.93529
4.94270
4.95025
4.95800
4.96575
4.97350
4.98124
4.98913
4.99703
5.00492
5.01281
5.02102
5.02841
5.03580
5.04319
5.04973
5.05627
5.06280
5.06934
5.07597
5.08260
5.08923
5.08948
5.08984
5.09020
5.09055
5.09091
5.09145
5.09199
5.09253
5.09307
5.09314
5.09322
5.09329
5.09337
5.09334
5.09331
5.09328
5.09325
5.09327
5.09329
5.09331
5.09333
5.09340
5.09346
5.09353
5.09359
5.09343
5.09327
5.09310
5.09294
5.09255
5.09216
5.09177
5.09139
5.09103
5.09067
5.09031
5.08995
5.08957
5.08919
5.08880
5.08842
5.08761
5.08681
5.08600
5.08519
5.08378
5.08237
5.08096
5.07955
5.07734
5.07512
5.07291
5.07069
5.06690
5.06312
5.05934
5.05555
5.05342
5.05129
5.04916
5.04703
5.04317
5.03931
5.03545
5.03159
5.02584
5.02010
5.01435
5.00860
5.00332
4.99804
4.99276
4.98747
4.99393
5.00039
5.00684
5.01330
5.02962
5.04595
5.06227
5.07860
5.11480
5.15100
5.18720
5.22340
5.25841
5.29342
5.32843
5.36344
5.36503
5.36662
5.36821
5.36980
5.33635
5.30290
5.26945
5.23600
1.43387
1.43899
1.44410
1.44921
1.45432
1.45943
1.46455
1.46966
1.47477
1.47988
1.48499
1.49011
1.49522
1.50033
1.50544
1.51055
1.51567
1.52078
1.52589
1.53100
1.53612
1.54123
1.54634
1.55145
1.55656
1.56168
1.56679
1.57190
1.57701
1.58212
1.58724
1.59235
1.59746
1.60257
1.60768
1.61280
1.61791
1.62302
1.62813
1.63324
1.63836
1.64347
1.64858
1.65369
1.65880
1.66392
1.66903
1.67414
1.67925
1.68436
1.68948
1.69459
1.69970
1.70481
1.70992
1.71504
1.72015
1.72526
1.73037
1.73549
1.74060
1.74571
1.75082
1.75593
1.76105
1.76616
1.77127
1.77638
1.78149
1.78661
1.79172
1.79683
1.80194
1.80705
1.81217
1.81728
1.82239
1.82750
1.83261
1.83773
1.84284
1.84795
1.85306
1.85817
1.86329
1.86840
1.87351
1.87862
1.88373
1.88885
1.89396
1.89907
1.90418
1.90930
1.91441
1.91952
1.92463
1.92974
1.93486
1.93997
1.94508
1.95019
1.95530
1.96042
1.96553
1.97064
1.97575
1.98086
1.98598
1.99109
1.99620
2.00131
2.00642
2.00972
2.01301
2.01630
2.01959
2.02395
2.02831
2.03267
2.03704
2.04168
2.04632
2.05097
2.05561
2.06071
2.06580
2.07089
2.07598
2.08154
2.08709
2.09265
2.09820
2.10368
2.10915
2.11462
2.12009
2.12642
2.13274
2.13907
2.14539
2.15104
2.15670
2.16235
2.16729
2.17418
2.18004
2.18590
2.19176
2.19587
2.19997
2.20408
2.20818
2.21345
2.21872
2.22382
2.22874
2.23187
2.23499
2.23811
2.24124
2.24440
2.24757
2.25073
2.25390
2.25676
2.25972
2.26268
2.26563
2.26817
2.27072
2.27326
2.27580
2.27851
2.28122
2.28468
2.28889
2.29278
2.29668
2.30058
2.30447
2.30893
2.31338
2.31784
2.32229
2.32903
2.33761
2.34620
2.35478
2.36443
2.37407
2.38372
2.39337
2.40269
2.41202
2.42464
2.44055
2.45787
2.47519
2.49250
2.50982
2.53051
2.55121
2.57190
2.59260
2.61944
2.65006
2.68068
2.71130
2.74329
2.77527
2.80725
2.83924
2.87267
2.90610
2.94225
2.98112
3.02123
3.06134
3.10144
3.14155
3.18259
3.22362
3.26466
3.30570
3.34836
3.39202
3.43568
3.47934
3.52291
3.56649
3.61006
3.65363
3.69813
3.74263
3.78646
3.82961
3.87031
3.91101
3.95170
3.99240
4.03438
4.07636
4.11834
4.16032
4.19783
4.23363
4.26943
4.30523
4.34003
4.37482
4.40961
4.44440
4.48100
4.51761
4.55146
4.58257
4.60762
4.63268
4.65773
4.68279
4.70894
4.73509
4.76123
4.78738
4.80982
4.82698
4.84414
4.86130
4.87339
4.88548
4.89757
4.90966
4.92066
4.93167
4.94200
4.95167
4.96204
4.97241
4.98278
4.99315
5.00448
5.01581
5.02715
5.03848
5.04218
5.04232
5.04246
5.04259
5.04278
5.04296
5.04314
5.04332
5.04434
5.04536
5.05055
5.05991
5.06973
5.07954
5.08935
5.09917
5.10655
5.11394
5.12133
5.12872
5.13575
5.14209
5.14844
5.15479
5.16163
5.16847
5.17531
5.18215
5.18938
5.19661
5.20304
5.20868
5.21280
5.21693
5.22106
5.22519
5.22949
5.23380
5.23811
5.24241
5.24393
5.24586
5.24662
5.24739
5.24841
5.24942
5.25043
5.25145
5.25170
5.25194
5.25219
5.25244
5.25260
5.25277
5.25293
5.25309
5.25336
5.25362
5.25388
5.25414
5.25444
5.25475
5.25505
5.25536
5.25536
5.25535
5.25535
5.25535
5.25518
5.25500
5.25482
5.25464
5.25436
5.25408
5.25380
5.25352
5.25294
5.25237
5.25180
5.25122
5.24995
5.24868
5.24740
5.24613
5.24390
5.24166
5.23943
5.23719
5.23345
5.22972
5.22598
5.22224
5.21656
5.21088
5.20521
5.19953
5.19671
5.19390
5.19108
5.18826
5.18335
5.17844
5.17352
5.16861
5.16110
5.15360
5.14609
5.13858
5.12935
5.12012
5.11088
5.10165
5.11046
5.11927
5.12808
5.13689
5.16016
5.18343
5.20670
5.22997
5.28009
5.33020
5.38032
5.43044
5.47492
5.51941
5.56390
5.60838
5.60778
5.60717
5.60656
5.60595
5.55730
5.50864
5.45999
5.41134
1.57713
1.58196
1.58680
1.59163
1.59646
1.60129
1.60612
1.61096
1.61579
1.62062
1.62545
1.63028
1.63512
1.63995
1.64478
1.64961
1.65445
1.65928
1.66411
1.66894
1.67377
1.67861
1.68344
1.68827
1.69310
1.69794
1.70277
1.70760
1.71243
1.71726
1.72210
1.72693
1.73176
1.73659
1.74142
1.74626
1.75109
1.75592
1.76075
1.76559
1.77042
1.77525
1.78008
1.78491
1.78975
1.79458
1.79941
1.80424
1.80907
1.81391
1.81874
1.82357
1.82840
1.83324
1.83807
1.84290
1.84773
1.85256
1.85740
1.86223
1.86706
1.87189
1.87672
1.88156
1.88639
1.89122
1.89605
1.90089
1.90572
1.91055
1.91538
1.92021
1.92505
1.92988
1.93471
1.93954
1.94438
1.94921
1.95404
1.95887
1.96370
1.96854
1.97337
1.97820
1.98303
1.98786
1.99270
1.99753
2.00236
2.00719
2.01203
2.01686
2.02169
2.02652
2.03135
2.03619
2.04102
2.04585
2.05068
2.05551
2.06035
2.06518
2.07001
2.07484
2.07968
2.08451
2.08934
2.09417
2.09900
2.10384
2.10867
2.11350
2.11833
2.12101
2.12368
2.12636
2.12904
2.13281
2.13658
2.14035
2.14413
2.14821
2.15230
2.15639
2.16048
2.16507
2.16966
2.17425
2.17885
2.18399
2.18914
2.19429
2.19943
2.20463
2.20982
2.21501
2.22021
2.22642
2.23263
2.23884
2.24505
2.25082
2.25659
2.26236
2.26813
2.27539
2.28266
2.28929
2.29592
2.30112
2.30632
2.31152
2.31672
2.32296
2.32919
2.33542
2.34166
2.34594
2.35023
2.35452
2.35881
2.36250
2.36619
2.36988
2.37357
2.37735
2.38113
2.38471
2.38829
2.39058
2.39287
2.39516
2.39744
2.40014
2.40283
2.40552
2.40822
2.41077
2.41333
2.41588
2.41844
2.42142
2.42441
2.42739
2.43038
2.43366
2.43694
2.44202
2.44710
2.45306
2.45903
2.46499
2.47096
2.47669
2.48242
2.48815
2.49388
2.50516
2.51643
2.52770
2.53897
2.55362
2.56827
2.58292
2.59758
2.61488
2.63218
2.65578
2.67938
2.70466
2.72995
2.75523
2.78052
2.80777
2.83502
2.86228
2.88953
2.92465
2.95976
2.99487
3.02999
3.06655
3.10311
3.13966
3.17622
3.21416
3.25209
3.29328
3.33446
3.37635
3.41823
3.46012
3.50200
3.54546
3.58892
3.63238
3.67584
3.71794
3.76003
3.80212
3.84421
3.88790
3.93158
3.97526
4.01895
4.06024
4.10152
4.14171
4.18190
4.22104
4.26019
4.29933
4.33847
4.37964
4.42080
4.46197
4.50313
4.53375
4.56438
4.59500
4.62562
4.65758
4.68953
4.72148
4.75344
4.78571
4.81797
4.83724
4.85651
4.87097
4.88543
4.89989
4.91435
4.92752
4.94069
4.95386
4.96703
4.97893
4.99082
5.00272
5.01461
5.02824
5.04187
5.05550
5.06913
5.07780
5.08648
5.09890
5.11132
5.12232
5.13332
5.14431
5.15531
5.16777
5.18022
5.19268
5.20514
5.21659
5.22805
5.23950
5.25096
5.25825
5.26553
5.27282
5.28011
5.28800
5.29590
5.30149
5.30708
5.31356
5.32003
5.32651
5.33298
5.33939
5.34581
5.35222
5.35863
5.36106
5.36348
5.36590
5.36833
5.37107
5.37382
5.37656
5.37931
5.38254
5.38577
5.38715
5.38853
5.38987
5.39120
5.39254
5.39388
5.39425
5.39462
5.39499
5.39536
5.39573
5.39609
5.39646
5.39683
5.39741
5.39798
5.39856
5.39914
5.39958
5.40003
5.40047
5.40092
5.40092
5.40093
5.40093
5.40093
5.40077
5.40061
5.40045
5.40029
5.40004
5.39979
5.39953
5.39928
5.39832
5.39737
5.39642
5.39547
5.39341
5.39135
5.38929
5.38723
5.38366
5.38009
5.37652
5.37295
5.36712
5.36130
5.35548
5.34965
5.34327
5.33688
5.33050
5.32411
5.31971
5.31530
5.31089
5.30648
5.29869
5.29089
5.28310
5.27530
5.26810
5.26091
5.25371
5.24651
5.23759
5.22867
5.21975
5.21082
5.22195
5.23307
5.24419
5.25531
5.28533
5.31535
5.34537
5.37538
5.43511
5.49483
5.55455
5.61428
5.66334
5.71240
5.76145
5.81051
5.80703
5.80355
5.80007
5.79659
5.73357
5.67055
5.60752
5.54450
1.71926
1.72358
1.72791
1.73224
1.73656
1.74089
1.74521
1.74954
1.75386
1.75819
1.76251
1.76684
1.77116
1.77549
1.77981
1.78414
1.78846
1.79279
1.79711
1.80144
1.80576
1.81009
1.81441
1.81874
1.82306
1.82739
1.83171
1.83604
1.84036
1.84469
1.84901
1.85334
1.85766
1.86199
1.86632
1.87064
1.87497
1.87929
1.88362
1.88794
1.89227
1.89659
1.90092
1.90524
1.90957
1.91389
1.91822
1.92254
1.92687
1.93119
1.93552
1.93984
1.94417
1.94849
1.95282
1.95714
1.96147
1.96579
1.97012
1.97444
1.97877
1.98309
1.98742
1.99174
1.99607
2.00040
2.00472
2.00905
2.01337
2.01770
2.02202
2.02635
2.03067
2.03500
2.03932
2.04365
2.04797
2.05230
2.05662
2.06095
2.06527
2.06960
2.07392
2.07825
2.08257
2.08690
2.09122
2.09555
2.09987
2.10420
2.10852
2.11285
2.11717
2.12150
2.12582
2.13015
2.13448
2.13880
2.14313
2.14745
2.15178
2.15610
2.16043
2.16475
2.16908
2.17340
2.17773
2.18205
2.18638
2.19070
2.19503
2.19935
2.20368
2.20565
2.20762
2.20958
2.21155
2.21448
2.21741
2.22033
2.22326
2.22651
2.22975
2.23300
2.23624
2.24000
2.24375
2.24751
2.25126
2.25564
2.26001
2.26439
2.26876
2.27339
2.27802
2.28265
2.28727
2.29302
2.29877
2.30453
2.31028
2.31605
2.32182
2.32759
2.33336
2.34068
2.34800
2.35509
2.36300
2.37047
2.37795
2.38542
2.39290
2.40101
2.40912
2.41723
2.42534
2.43309
2.44040
2.44726
2.45413
2.45944
2.46475
2.47006
2.47537
2.48156
2.48775
2.49394
2.49983
2.50286
2.50590
2.50893
2.51197
2.51573
2.51950
2.52326
2.52703
2.52935
2.53160
2.53379
2.53597
2.53831
2.54064
2.54297
2.54531
2.54764
2.54998
2.55232
2.55498
2.55841
2.56183
2.56526
2.56869
2.57208
2.57546
2.57885
2.58223
2.58701
2.59291
2.59994
2.60697
2.61682
2.62666
2.63651
2.64636
2.65889
2.67142
2.68395
2.69853
2.71711
2.73569
2.75426
2.77284
2.79393
2.81501
2.83610
2.85719
2.88086
2.90690
2.93532
2.96373
2.99421
3.02469
3.05517
3.08565
3.11854
3.15142
3.18430
3.21890
3.25713
3.29535
3.33358
3.37180
3.41242
3.45304
3.49366
3.53429
3.57446
3.61538
3.65706
3.69873
3.74224
3.78576
3.82927
3.87278
3.91492
3.95707
3.99921
4.04145
4.08285
4.12426
4.16566
4.20707
4.25050
4.29394
4.33737
4.38080
4.41922
4.45639
4.49233
4.52826
4.56571
4.60315
4.64060
4.67804
4.71365
4.74926
4.78487
4.81494
4.83589
4.85684
4.87779
4.89874
4.91828
4.93782
4.95736
4.97690
4.99257
5.00998
5.02911
5.04825
5.07012
5.09198
5.11385
5.13571
5.15197
5.16824
5.18450
5.20061
5.21293
5.22526
5.23758
5.24991
5.26448
5.27906
5.29363
5.30821
5.32328
5.33717
5.34986
5.36255
5.36886
5.37518
5.38149
5.38781
5.39508
5.40236
5.40963
5.41591
5.42257
5.42924
5.43590
5.44256
5.44843
5.45429
5.46015
5.46602
5.46942
5.47220
5.47437
5.47653
5.47920
5.48187
5.48454
5.48721
5.49064
5.49407
5.49750
5.49973
5.50195
5.50360
5.50525
5.50690
5.50742
5.50793
5.50844
5.50895
5.50960
5.51025
5.51089
5.51154
5.51255
5.51355
5.51456
5.51557
5.51618
5.51678
5.51738
5.51799
5.51800
5.51801
5.51803
5.51804
5.51793
5.51783
5.51772
5.51762
5.51745
5.51729
5.51713
5.51696
5.51553
5.51411
5.51268
5.51125
5.50823
5.50520
5.50218
5.49915
5.49395
5.48875
5.48354
5.47834
5.47001
5.46168
5.45336
5.44503
5.43853
5.43203
5.42553
5.41903
5.41270
5.40638
5.40006
5.39373
5.38243
5.37113
5.35982
5.34852
5.34304
5.33756
5.33209
5.32661
5.31969
5.31277
5.30585
5.29893
5.31205
5.32517
5.33829
5.35141
5.38767
5.42394
5.46021
5.49647
5.56225
5.62803
5.69381
5.75958
5.80809
5.85660
5.90510
5.95361
5.94592
5.93823
5.93054
5.92285
5.84639
5.76992
5.69345
5.61698
1.91739
1.92088
1.92437
1.92787
1.93136
1.93485
1.93835
1.94184
1.94533
1.94882
1.95232
1.95581
1.95930
1.96280
1.96629
1.96978
1.97328
1.97677
1.98026
1.98376
1.98725
1.99074
1.99424
1.99773
2.00122
2.00472
2.00821
2.01170
2.01519
2.01869
2.02218
2.02567
2.02917
2.03266
2.03615
2.03965
2.04314
2.04663
2.05013
2.05362
2.05711
2.06061
2.06410
2.06759
2.07109
2.07458
2.07807
2.08156
2.08506
2.08855
2.09204
2.09554
2.09903
2.10252
2.10602
2.10951
2.11300
2.11650
2.11999
2.12348
2.12698
2.13047
2.13396
2.13745
2.14095
2.14444
2.14793
2.15143
2.15492
2.15841
2.16191
2.16540
2.16889
2.17239
2.17588
2.17937
2.18287
2.18636
2.18985
2.19335
2.19684
2.20033
2.20382
2.20732
2.21081
2.21430
2.21780
2.22129
2.22478
2.22828
2.23177
2.23526
2.23876
2.24225
2.24574
2.24924
2.25273
2.25622
2.25972
2.26321
2.26670
2.27019
2.27369
2.27718
2.28067
2.28417
2.28766
2.29115
2.29465
2.29814
2.30163
2.30513
2.30862
2.30969
2.31076
2.31184
2.31291
2.31464
2.31636
2.31809
2.31982
2.32183
2.32385
2.32587
2.32789
2.33038
2.33286
2.33535
2.33783
2.34097
2.34411
2.34725
2.35038
2.35406
2.35774
2.36142
2.36510
2.36995
2.37479
2.37964
2.38448
2.39004
2.39560
2.40115
2.40671
2.41375
2.42079
2.42782
2.43486
2.44251
2.45152
2.46053
2.46955
2.47855
2.48755
2.49654
2.50554
2.51569
2.52583
2.53597
2.54524
2.55167
2.55809
2.56452
2.57094
2.57935
2.58776
2.59617
2.60458
2.60884
2.61237
2.61591
2.61944
2.62412
2.62879
2.63347
2.63814
2.64053
2.64292
2.64531
2.64720
2.64879
2.65038
2.65197
2.65356
2.65471
2.65587
2.65703
2.65819
2.65906
2.65991
2.66076
2.66161
2.66271
2.66381
2.66490
2.66600
2.66821
2.67041
2.67261
2.67579
2.68067
2.68555
2.69043
2.69531
2.70265
2.70999
2.71733
2.72467
2.73414
2.74594
2.75774
2.76953
2.78440
2.79927
2.81414
2.82901
2.84729
2.86557
2.88385
2.90545
2.92985
2.95424
2.97864
3.00303
3.03112
3.05921
3.08730
3.11539
3.14698
3.18154
3.21610
3.25067
3.28862
3.32657
3.36452
3.40247
3.44208
3.48168
3.52128
3.56266
3.60607
3.64947
3.69287
3.73628
3.77999
3.82370
3.86741
3.91112
3.95418
3.99804
4.04189
4.08575
4.13145
4.17714
4.22284
4.26853
4.31124
4.35394
4.39664
4.43830
4.48157
4.52485
4.56813
4.61141
4.64980
4.68820
4.72660
4.76500
4.80203
4.83078
4.85953
4.88829
4.91559
4.94289
4.97019
4.99749
5.01711
5.03674
5.05636
5.08071
5.10900
5.13730
5.16559
5.19388
5.21616
5.23844
5.26072
5.28299
5.29868
5.31209
5.32551
5.33892
5.35555
5.37218
5.38880
5.40543
5.42250
5.43957
5.45664
5.47129
5.47688
5.48248
5.48808
5.49367
5.50066
5.50765
5.51463
5.52162
5.53059
5.53806
5.54553
5.55300
5.55864
5.56428
5.56993
5.57557
5.57829
5.58101
5.58373
5.58581
5.58861
5.59141
5.59421
5.59701
5.60090
5.60479
5.60868
5.61257
5.61528
5.61724
5.61919
5.62115
5.62183
5.62250
5.62318
5.62385
5.62485
5.62585
5.62685
5.62785
5.62940
5.63096
5.63251
5.63407
5.63485
5.63563
5.63641
5.63720
5.63722
5.63724
5.63727
5.63729
5.63728
5.63727
5.63726
5.63725
5.63723
5.63722
5.63720
5.63719
5.63519
5.63319
5.63120
5.62920
5.62503
5.62086
5.61669
5.61252
5.60539
5.59826
5.59113
5.58400
5.57274
5.56149
5.55024
5.53898
5.53296
5.52694
5.52091
5.51489
5.50633
5.49776
5.48920
5.48064
5.46520
5.44977
5.43433
5.41890
5.41655
5.41420
5.41184
5.40949
5.40627
5.40305
5.39982
5.39660
5.41140
5.42621
5.44101
5.45581
5.49782
5.53984
5.58185
5.62386
5.69214
5.76042
5.82870
5.89699
5.93981
5.98264
6.02546
6.06828
6.05505
6.04182
6.02859
6.01536
5.92637
5.83739
5.74840
5.65941
2.12558
2.12849
2.13139
2.13430
2.13721
2.14011
2.14302
2.14593
2.14883
2.15174
2.15465
2.15755
2.16046
2.16337
2.16628
2.16918
2.17209
2.17500
2.17790
2.18081
2.18372
2.18662
2.18953
2.19244
2.19534
2.19825
2.20116
2.20406
2.20697
2.20988
2.21278
2.21569
2.21860
2.22150
2.22441
2.22732
2.23022
2.23313
2.23604
2.23894
2.24185
2.24476
2.24766
2.25057
2.25348
2.25638
2.25929
2.26220
2.26510
2.26801
2.27092
2.27382
2.27673
2.27964
2.28254
2.28545
2.28836
2.29126
2.29417
2.29708
2.29998
2.30289
2.30580
2.30870
2.31161
2.31452
2.31742
2.32033
2.32324
2.32614
2.32905
2.33196
2.33486
2.33777
2.34068
2.34358
2.34649
2.34940
2.35230
2.35521
2.35812
2.36102
2.36393
2.36684
2.36975
2.37265
2.37556
2.37847
2.38137
2.38428
2.38719
2.39009
2.39300
2.39591
2.39881
2.40172
2.40463
2.40753
2.41044
2.41335
2.41625
2.41916
2.42207
2.42497
2.42788
2.43079
2.43369
2.43660
2.43951
2.44241
2.44532
2.44823
2.45113
2.45188
2.45262
2.45337
2.45411
2.45517
2.45623
2.45730
2.45836
2.46001
2.46167
2.46333
2.46498
2.46713
2.46927
2.47142
2.47357
2.47599
2.47842
2.48085
2.48327
2.48646
2.48965
2.49283
2.49602
2.49996
2.50389
2.50783
2.51177
2.51678
2.52179
2.52680
2.53181
2.53795
2.54409
2.55024
2.55638
2.56373
2.57142
2.57870
2.58628
2.59345
2.60063
2.60781
2.61499
2.62398
2.63297
2.64196
2.65095
2.65672
2.66248
2.66824
2.67400
2.68210
2.69020
2.69830
2.70640
2.71000
2.71360
2.71715
2.72067
2.72542
2.73018
2.73493
2.73968
2.74201
2.74433
2.74665
2.74897
2.75067
2.75223
2.75379
2.75535
2.75635
2.75736
2.75836
2.75937
2.75974
2.76010
2.76037
2.76054
2.76117
2.76180
2.76243
2.76306
2.76446
2.76586
2.76726
2.76867
2.77111
2.77361
2.77612
2.77863
2.78304
2.78746
2.79187
2.79629
2.80260
2.80892
2.81560
2.82265
2.83261
2.84257
2.85253
2.86249
2.87571
2.88894
2.90217
2.91540
2.93216
2.94968
2.96720
2.98472
3.00616
3.02761
3.04906
3.07051
3.09588
3.12126
3.14747
3.17452
3.20592
3.23732
3.26872
3.30012
3.33438
3.36865
3.40291
3.43718
3.47546
3.51435
3.55325
3.59214
3.63303
3.67392
3.71481
3.75571
3.79748
3.83925
3.88136
3.92383
3.96870
4.01358
4.05845
4.10333
4.14775
4.19217
4.23660
4.28102
4.32706
4.37256
4.41805
4.46355
4.50321
4.54286
4.58252
4.62218
4.66185
4.70152
4.74020
4.77788
4.81428
4.85067
4.88707
4.92347
4.95048
4.97748
5.00449
5.03150
5.06360
5.09641
5.12923
5.16204
5.18833
5.21462
5.24090
5.26719
5.28619
5.30520
5.32343
5.34089
5.36132
5.38174
5.40217
5.42259
5.44143
5.46026
5.47910
5.49793
5.50755
5.51648
5.52542
5.53436
5.54380
5.55324
5.56269
5.57213
5.58183
5.59153
5.60085
5.60979
5.61727
5.62475
5.63223
5.63971
5.64471
5.64972
5.65472
5.65972
5.66314
5.66638
5.66962
5.67286
5.67756
5.68226
5.68696
5.69166
5.69542
5.69918
5.70243
5.70600
5.70766
5.70932
5.71098
5.71264
5.71401
5.71537
5.71673
5.71809
5.72021
5.72232
5.72444
5.72656
5.72804
5.72952
5.73101
5.73249
5.73251
5.73253
5.73255
5.73256
5.73216
5.73176
5.73136
5.73095
5.73029
5.72963
5.72896
5.72830
5.72510
5.72191
5.71871
5.71552
5.71081
5.70610
5.70140
5.69669
5.68869
5.68069
5.67268
5.66468
5.65205
5.63941
5.62677
5.61414
5.60809
5.60205
5.59600
5.58996
5.58012
5.57027
5.56043
5.55059
5.53285
5.51511
5.49737
5.47963
5.47945
5.47928
5.47910
5.47893
5.47881
5.47869
5.47858
5.47846
5.49591
5.51335
5.53080
5.54825
5.59344
5.63863
5.68381
5.72900
5.79534
5.86167
5.92801
5.99434
6.03308
6.07182
6.11055
6.14929
6.12983
6.11037
6.09091
6.07145
5.97150
5.87154
5.77159
5.67164
2.38293
2.38527
2.38761
2.38995
2.39229
2.39464
2.39698
2.39932
2.40166
2.40401
2.40635
2.40869
2.41103
2.41337
2.41572
2.41806
2.42040
2.42274
2.42509
2.42743
2.42977
2.43211
2.43446
2.43680
2.43914
2.44148
2.44382
2.44617
2.44851
2.45085
2.45319
2.45554
2.45788
2.46022
2.46256
2.46491
2.46725
2.46959
2.47193
2.47427
2.47662
2.47896
2.48130
2.48364
2.48599
2.48833
2.49067
2.49301
2.49536
2.49770
2.50004
2.50238
2.50472
2.50707
2.50941
2.51175
2.51409
2.51644
2.51878
2.52112
2.52346
2.52580
2.52815
2.53049
2.53283
2.53517
2.53752
2.53986
2.54220
2.54454
2.54689
2.54923
2.55157
2.55391
2.55625
2.55860
2.56094
2.56328
2.56562
2.56797
2.57031
2.57265
2.57499
2.57734
2.57968
2.58202
2.58436
2.58670
2.58905
2.59139
2.59373
2.59607
2.59842
2.60076
2.60310
2.60544
2.60778
2.61013
2.61247
2.61481
2.61715
2.61950
2.62184
2.62418
2.62652
2.62887
2.63121
2.63355
2.63589
2.63823
2.64058
2.64292
2.64526
2.64607
2.64688
2.64769
2.64851
2.64930
2.65009
2.65088
2.65168
2.65379
2.65591
2.65802
2.66014
2.66286
2.66558
2.66831
2.67103
2.67316
2.67529
2.67741
2.67954
2.68253
2.68553
2.68852
2.69151
2.69429
2.69706
2.69984
2.70262
2.70634
2.71006
2.71378
2.71750
2.72169
2.72589
2.73008
2.73427
2.73934
2.74441
2.74948
2.75455
2.75926
2.76397
2.76869
2.77340
2.77937
2.78534
2.79131
2.79728
2.80100
2.80471
2.80842
2.81213
2.81751
2.82288
2.82825
2.83362
2.83584
2.83807
2.84029
2.84251
2.84564
2.84876
2.85189
2.85501
2.85650
2.85798
2.85946
2.86094
2.86208
2.86321
2.86435
2.86548
2.86637
2.86725
2.86814
2.86902
2.86945
2.86988
2.87030
2.87073
2.87171
2.87269
2.87367
2.87465
2.87605
2.87746
2.87886
2.88027
2.88257
2.88486
2.88716
2.88946
2.89276
2.89606
2.89937
2.90267
2.90712
2.91157
2.91603
2.92048
2.92675
2.93302
2.93929
2.94556
2.95370
2.96184
2.96999
2.97813
2.98810
2.99806
3.00803
3.01799
3.03072
3.04344
3.05617
3.06889
3.08436
3.09984
3.11532
3.13079
3.15148
3.17216
3.19285
3.21354
3.23698
3.26043
3.28388
3.30733
3.33709
3.36685
3.39661
3.42637
3.45966
3.49295
3.52624
3.55953
3.59679
3.63405
3.67130
3.70856
3.74982
3.79108
3.83234
3.87360
3.91732
3.96104
4.00476
4.04849
4.09546
4.14244
4.18941
4.23639
4.27943
4.32248
4.36552
4.40857
4.45171
4.49486
4.53801
4.58115
4.62344
4.66573
4.70802
4.75030
4.78440
4.81850
4.85260
4.88670
4.92455
4.96240
5.00026
5.03811
5.06873
5.09935
5.12998
5.16060
5.18630
5.21201
5.23771
5.26341
5.29025
5.31709
5.34392
5.37076
5.39149
5.41221
5.43293
5.45366
5.47048
5.48729
5.50411
5.52093
5.53568
5.55042
5.56517
5.57992
5.59022
5.60052
5.61082
5.62112
5.63216
5.64319
5.65423
5.66526
5.67541
5.68557
5.69572
5.70587
5.70946
5.71305
5.71664
5.72023
5.72568
5.73113
5.73658
5.74203
5.74797
5.75391
5.75985
5.76579
5.76947
5.77315
5.77683
5.78051
5.78223
5.78395
5.78567
5.78738
5.79005
5.79272
5.79539
5.79805
5.80089
5.80373
5.80657
5.80941
5.80940
5.80940
5.80939
5.80938
5.80796
5.80654
5.80512
5.80370
5.80136
5.79902
5.79668
5.79435
5.78918
5.78402
5.77886
5.77369
5.76927
5.76484
5.76042
5.75599
5.74854
5.74108
5.73362
5.72616
5.71420
5.70224
5.69028
5.67833
5.67147
5.66462
5.65777
5.65092
5.64110
5.63127
5.62145
5.61163
5.59406
5.57649
5.55893
5.54136
5.54179
5.54221
5.54263
5.54306
5.54485
5.54664
5.54844
5.55023
5.57162
5.59301
5.61440
5.63579
5.68104
5.72629
5.77154
5.81679
5.87649
5.93619
5.99588
6.05558
6.09361
6.13163
6.16965
6.20768
6.18148
6.15527
6.12907
6.10286
5.99367
5.88447
5.77527
5.66608
2.61776
2.61969
2.62161
2.62354
2.62547
2.62739
2.62932
2.63124
2.63317
2.63510
2.63702
2.63895
2.64088
2.64280
2.64473
2.64665
2.64858
2.65051
2.65243
2.65436
2.65629
2.65821
2.66014
2.66206
2.66399
2.66592
2.66784
2.66977
2.67169
2.67362
2.67555
2.67747
2.67940
2.68133
2.68325
2.68518
2.68710
2.68903
2.69096
2.69288
2.69481
2.69674
2.69866
2.70059
2.70251
2.70444
2.70637
2.70829
2.71022
2.71214
2.71407
2.71600
2.71792
2.71985
2.72178
2.72370
2.72563
2.72755
2.72948
2.73141
2.73333
2.73526
2.73719
2.73911
2.74104
2.74296
2.74489
2.74682
2.74874
2.75067
2.75259
2.75452
2.75645
2.75837
2.76030
2.76223
2.76415
2.76608
2.76800
2.76993
2.77186
2.77378
2.77571
2.77764
2.77956
2.78149
2.78341
2.78534
2.78727
2.78919
2.79112
2.79304
2.79497
2.79690
2.79882
2.80075
2.80268
2.80460
2.80653
2.80845
2.81038
2.81231
2.81423
2.81616
2.81809
2.82001
2.82194
2.82386
2.82579
2.82772
2.82964
2.83157
2.83349
2.83483
2.83616
2.83750
2.83884
2.83977
2.84071
2.84164
2.84258
2.84548
2.84838
2.85128
2.85418
2.85774
2.86130
2.86486
2.86842
2.87046
2.87250
2.87454
2.87659
2.87950
2.88241
2.88532
2.88823
2.88984
2.89146
2.89307
2.89468
2.89696
2.89924
2.90152
2.90380
2.90573
2.90766
2.90959
2.91152
2.91383
2.91613
2.91843
2.92074
2.92278
2.92481
2.92685
2.92889
2.93138
2.93388
2.93637
2.93886
2.94048
2.94210
2.94372
2.94535
2.94761
2.94988
2.95215
2.95441
2.95552
2.95664
2.95775
2.95886
2.96037
2.96187
2.96337
2.96487
2.96587
2.96687
2.96786
2.96886
2.96973
2.97060
2.97147
2.97235
2.97335
2.97436
2.97537
2.97638
2.97719
2.97801
2.97883
2.97965
2.98105
2.98244
2.98384
2.98524
2.98660
2.98797
2.98933
2.99070
2.99274
2.99478
2.99681
2.99885
3.00072
3.00258
3.00445
3.00631
3.00831
3.01030
3.01230
3.01429
3.01660
3.01891
3.02122
3.02352
3.02584
3.02817
3.03049
3.03281
3.03559
3.03837
3.04115
3.04393
3.04774
3.05155
3.05535
3.05916
3.06398
3.06881
3.07363
3.07846
3.08874
3.09902
3.10930
3.11958
3.13211
3.14464
3.15718
3.16971
3.19097
3.21223
3.23349
3.25474
3.28079
3.30683
3.33288
3.35892
3.39189
3.42486
3.45783
3.49079
3.52901
3.56723
3.60545
3.64367
3.68733
3.73099
3.77466
3.81832
3.86601
3.91371
3.96140
4.00910
4.05561
4.10212
4.14863
4.19515
4.24184
4.28854
4.33523
4.38193
4.42837
4.47481
4.52126
4.56770
4.60849
4.64929
4.69008
4.73088
4.77418
4.81748
4.86079
4.90409
4.94039
4.97669
5.01300
5.04930
5.08409
5.11888
5.15366
5.18845
5.22212
5.25578
5.28945
5.32312
5.34638
5.36964
5.39290
5.41615
5.44137
5.46658
5.49180
5.51701
5.53751
5.55800
5.57850
5.59900
5.61031
5.62162
5.63293
5.64424
5.65869
5.67314
5.68759
5.70204
5.71755
5.73306
5.74857
5.76409
5.76809
5.77210
5.77610
5.78011
5.78616
5.79222
5.79828
5.80433
5.81245
5.82056
5.82867
5.83679
5.84225
5.84771
5.85317
5.85864
5.86052
5.86240
5.86428
5.86616
5.86908
5.87200
5.87491
5.87783
5.88181
5.88579
5.88977
5.89375
5.89372
5.89369
5.89365
5.89362
5.89124
5.88886
5.88647
5.88409
5.88017
5.87625
5.87234
5.86842
5.86175
5.85507
5.84840
5.84172
5.83825
5.83478
5.83131
5.82784
5.82207
5.81630
5.81053
5.80476
5.79528
5.78580
5.77633
5.76685
5.76005
5.75326
5.74646
5.73967
5.73127
5.72287
5.71448
5.70608
5.69122
5.67636
5.66151
5.64665
5.64770
5.64874
5.64979
5.65084
5.65456
5.65828
5.66200
5.66572
5.68856
5.71140
5.73424
5.75707
5.79593
5.83479
5.87365
5.91251
5.95609
5.99968
6.04326
6.08684
6.11862
6.15040
6.18218
6.21396
6.18379
6.15362
6.12345
6.09328
5.98912
5.88496
5.78080
5.67665
2.78627
2.78808
2.78990
2.79171
2.79352
2.79534
2.79715
2.79896
2.80077
2.80259
2.80440
2.80621
2.80803
2.80984
2.81165
2.81346
2.81528
2.81709
2.81890
2.82072
2.82253
2.82434
2.82616
2.82797
2.82978
2.83159
2.83341
2.83522
2.83703
2.83885
2.84066
2.84247
2.84429
2.84610
2.84791
2.84972
2.85154
2.85335
2.85516
2.85698
2.85879
2.86060
2.86242
2.86423
2.86604
2.86785
2.86967
2.87148
2.87329
2.87511
2.87692
2.87873
2.88054
2.88236
2.88417
2.88598
2.88780
2.88961
2.89142
2.89324
2.89505
2.89686
2.89867
2.90049
2.90230
2.90411
2.90593
2.90774
2.90955
2.91137
2.91318
2.91499
2.91680
2.91862
2.92043
2.92224
2.92406
2.92587
2.92768
2.92950
2.93131
2.93312
2.93493
2.93675
2.93856
2.94037
2.94219
2.94400
2.94581
2.94762
2.94944
2.95125
2.95306
2.95488
2.95669
2.95850
2.96032
2.96213
2.96394
2.96575
2.96757
2.96938
2.97119
2.97301
2.97482
2.97663
2.97845
2.98026
2.98207
2.98388
2.98570
2.98751
2.98932
2.99114
2.99295
2.99476
2.99658
2.99780
2.99902
3.00024
3.00146
3.00470
3.00794
3.01118
3.01443
3.01842
3.02242
3.02641
3.03041
3.03243
3.03445
3.03647
3.03849
3.04120
3.04392
3.04663
3.04934
3.05024
3.05113
3.05202
3.05291
3.05419
3.05547
3.05675
3.05803
3.05850
3.05898
3.05946
3.05994
3.06045
3.06096
3.06147
3.06198
3.06229
3.06261
3.06292
3.06323
3.06347
3.06370
3.06394
3.06418
3.06438
3.06459
3.06479
3.06500
3.06517
3.06534
3.06551
3.06568
3.06588
3.06607
3.06627
3.06646
3.06663
3.06679
3.06695
3.06712
3.06732
3.06753
3.06774
3.06794
3.06796
3.06798
3.06800
3.06801
3.06825
3.06849
3.06873
3.06897
3.06869
3.06841
3.06814
3.06786
3.06844
3.06901
3.06959
3.07017
3.06962
3.06906
3.06851
3.06796
3.06876
3.06956
3.07036
3.07116
3.07058
3.07001
3.06944
3.06887
3.06836
3.06786
3.06736
3.06685
3.06583
3.06481
3.06380
3.06278
3.06089
3.05900
3.05712
3.05523
3.05331
3.05139
3.04947
3.04756
3.04563
3.04370
3.04178
3.03985
3.03816
3.03646
3.03477
3.03308
3.03665
3.04023
3.04380
3.04738
3.05301
3.05864
3.06427
3.06990
3.08521
3.10052
3.11583
3.13113
3.15189
3.17265
3.19340
3.21416
3.24339
3.27262
3.30184
3.33107
3.36621
3.40135
3.43648
3.47162
3.51394
3.55627
3.59859
3.64091
3.68788
3.73486
3.78183
3.82880
3.87665
3.92451
3.97236
4.02021
4.06850
4.11679
4.16508
4.21337
4.26196
4.31055
4.35914
4.40773
4.45269
4.49765
4.54261
4.58757
4.63417
4.68077
4.72736
4.77396
4.81428
4.85461
4.89494
4.93526
4.97591
5.01655
5.05720
5.09785
5.13633
5.17481
5.21329
5.25177
5.27772
5.30367
5.32963
5.35558
5.38691
5.41825
5.44959
5.48092
5.50604
5.53115
5.55626
5.58138
5.59511
5.60884
5.62257
5.63630
5.65449
5.67268
5.69087
5.70906
5.72832
5.74758
5.76683
5.78609
5.79225
5.79840
5.80455
5.81070
5.81848
5.82626
5.83404
5.84182
5.85166
5.86150
5.87134
5.88118
5.88872
5.89626
5.90380
5.91134
5.91434
5.91734
5.92034
5.92334
5.92636
5.92938
5.93240
5.93542
5.94004
5.94466
5.94928
5.95391
5.95425
5.95459
5.95493
5.95528
5.95260
5.94993
5.94725
5.94458
5.94017
5.93577
5.93136
5.92696
5.92012
5.91328
5.90644
5.89960
5.89691
5.89422
5.89154
5.88885
5.88421
5.87956
5.87492
5.87027
5.86247
5.85467
5.84687
5.83908
5.83242
5.82576
5.81910
5.81244
5.80534
5.79823
5.79113
5.78403
5.77157
5.75912
5.74666
5.73421
5.73589
5.73758
5.73926
5.74095
5.74620
5.75145
5.75671
5.76196
5.78483
5.80770
5.83057
5.85344
5.88660
5.91976
5.95293
5.98609
6.01780
6.04951
6.08123
6.11294
6.13916
6.16539
6.19161
6.21783
6.18396
6.15009
6.11622
6.08234
5.98282
5.88329
5.78377
5.68424
2.84245
2.84467
2.84688
2.84909
2.85131
2.85352
2.85573
2.85794
2.86016
2.86237
2.86458
2.86679
2.86901
2.87122
2.87343
2.87564
2.87786
2.88007
2.88228
2.88450
2.88671
2.88892
2.89113
2.89335
2.89556
2.89777
2.89998
2.90220
2.90441
2.90662
2.90884
2.91105
2.91326
2.91547
2.91769
2.91990
2.92211
2.92432
2.92654
2.92875
2.93096
2.93317
2.93539
2.93760
2.93981
2.94203
2.94424
2.94645
2.94866
2.95088
2.95309
2.95530
2.95751
2.95973
2.96194
2.96415
2.96636
2.96858
2.97079
2.97300
2.97522
2.97743
2.97964
2.98185
2.98407
2.98628
2.98849
2.99070
2.99292
2.99513
2.99734
2.99955
3.00177
3.00398
3.00619
3.00841
3.01062
3.01283
3.01504
3.01726
3.01947
3.02168
3.02389
3.02611
3.02832
3.03053
3.03275
3.03496
3.03717
3.03938
3.04160
3.04381
3.04602
3.04823
3.05045
3.05266
3.05487
3.05708
3.05930
3.06151
3.06372
3.06594
3.06815
3.07036
3.07257
3.07479
3.07700
3.07921
3.08142
3.08364
3.08585
3.08806
3.09027
3.09249
3.09470
3.09691
3.09913
3.10087
3.10262
3.10437
3.10612
3.10895
3.11178
3.11460
3.11743
3.12119
3.12494
3.12870
3.13246
3.13456
3.13667
3.13877
3.14088
3.14320
3.14553
3.14785
3.15018
3.15109
3.15200
3.15291
3.15383
3.15485
3.15587
3.15689
3.15792
3.15832
3.15872
3.15912
3.15952
3.15989
3.16026
3.16062
3.16099
3.16118
3.16137
3.16156
3.16175
3.16180
3.16185
3.16190
3.16195
3.16188
3.16181
3.16175
3.16168
3.16147
3.16125
3.16104
3.16083
3.16043
3.16004
3.15964
3.15925
3.15855
3.15785
3.15716
3.15646
3.15536
3.15427
3.15317
3.15208
3.15024
3.14840
3.14656
3.14472
3.14268
3.14065
3.13861
3.13658
3.13268
3.12878
3.12489
3.12099
3.11866
3.11633
3.11400
3.11167
3.10601
3.10035
3.09469
3.08903
3.08694
3.08484
3.08275
3.08066
3.07595
3.07125
3.06654
3.06184
3.05877
3.05569
3.05262
3.04955
3.04628
3.04301
3.03974
3.03647
3.03311
3.02975
3.02639
3.02303
3.02062
3.01820
3.01579
3.01338
3.01111
3.00885
3.00658
3.00432
3.00310
3.00189
3.00067
2.99946
3.00260
3.00573
3.00887
3.01201
3.01754
3.02307
3.02860
3.03413
3.04781
3.06148
3.07515
3.08883
3.10761
3.12640
3.14519
3.16398
3.19040
3.21682
3.24323
3.26965
3.30163
3.33362
3.36560
3.39758
3.43640
3.47522
3.51404
3.55286
3.59667
3.64047
3.68428
3.72809
3.77367
3.81926
3.86485
3.91044
3.95701
4.00359
4.05016
4.09674
4.14408
4.19142
4.23876
4.28611
4.33094
4.37578
4.42061
4.46545
4.51169
4.55793
4.60418
4.65042
4.69196
4.73350
4.77504
4.81658
4.85762
4.89867
4.93971
4.98075
5.02063
5.06052
5.10040
5.14028
5.16920
5.19811
5.22702
5.25593
5.28953
5.32314
5.35675
5.39036
5.41817
5.44599
5.47380
5.50161
5.52015
5.53869
5.55723
5.57577
5.59825
5.62073
5.64320
5.66568
5.68596
5.70623
5.72651
5.74678
5.75801
5.76924
5.78046
5.79169
5.80309
5.81449
5.82588
5.83728
5.84810
5.85891
5.86972
5.88054
5.89065
5.90077
5.91088
5.92099
5.92672
5.93245
5.93818
5.94391
5.94679
5.94968
5.95256
5.95544
5.95985
5.96426
5.96867
5.97308
5.97448
5.97589
5.97729
5.97869
5.97686
5.97502
5.97319
5.97135
5.96831
5.96526
5.96222
5.95918
5.95445
5.94973
5.94500
5.94027
5.93808
5.93589
5.93369
5.93150
5.92703
5.92257
5.91810
5.91364
5.90615
5.89867
5.89118
5.88370
5.87732
5.87093
5.86455
5.85816
5.85212
5.84609
5.84005
5.83401
5.82345
5.81288
5.80232
5.79176
5.79409
5.79643
5.79877
5.80111
5.80723
5.81335
5.81947
5.82559
5.84609
5.86659
5.88709
5.90758
5.93623
5.96488
5.99353
6.02217
6.04920
6.07623
6.10326
6.13030
6.15213
6.17397
6.19580
6.21764
6.18051
6.14338
6.10625
6.06912
5.97355
5.87797
5.78239
5.68681
2.89864
2.90125
2.90386
2.90648
2.90909
2.91170
2.91431
2.91693
2.91954
2.92215
2.92476
2.92738
2.92999
2.93260
2.93521
2.93782
2.94044
2.94305
2.94566
2.94827
2.95089
2.95350
2.95611
2.95872
2.96134
2.96395
2.96656
2.96917
2.97179
2.97440
2.97701
2.97962
2.98224
2.98485
2.98746
2.99007
2.99269
2.99530
2.99791
3.00052
3.00313
3.00575
3.00836
3.01097
3.01358
3.01620
3.01881
3.02142
3.02403
3.02665
3.02926
3.03187
3.03448
3.03710
3.03971
3.04232
3.04493
3.04755
3.05016
3.05277
3.05538
3.05799
3.06061
3.06322
3.06583
3.06844
3.07106
3.07367
3.07628
3.07889
3.08151
3.08412
3.08673
3.08934
3.09196
3.09457
3.09718
3.09979
3.10241
3.10502
3.10763
3.11024
3.11285
3.11547
3.11808
3.12069
3.12330
3.12592
3.12853
3.13114
3.13375
3.13637
3.13898
3.14159
3.14420
3.14682
3.14943
3.15204
3.15465
3.15727
3.15988
3.16249
3.16510
3.16771
3.17033
3.17294
3.17555
3.17816
3.18078
3.18339
3.18600
3.18861
3.19123
3.19384
3.19645
3.19906
3.20168
3.20395
3.20623
3.20851
3.21078
3.21319
3.21561
3.21802
3.22043
3.22395
3.22747
3.23099
3.23451
3.23670
3.23889
3.24108
3.24327
3.24520
3.24714
3.24907
3.25101
3.25194
3.25287
3.25381
3.25474
3.25551
3.25627
3.25704
3.25781
3.25813
3.25846
3.25878
3.25911
3.25933
3.25955
3.25977
3.25999
3.26006
3.26013
3.26019
3.26026
3.26012
3.25999
3.25985
3.25971
3.25938
3.25904
3.25870
3.25836
3.25777
3.25717
3.25657
3.25597
3.25499
3.25400
3.25302
3.25203
3.25047
3.24892
3.24736
3.24580
3.24340
3.24101
3.23861
3.23621
3.23252
3.22882
3.22512
3.22143
3.21712
3.21280
3.20849
3.20418
3.19667
3.18915
3.18163
3.17412
3.16888
3.16364
3.15840
3.15316
3.14240
3.13163
3.12087
3.11010
3.10512
3.10013
3.09515
3.09016
3.08132
3.07248
3.06365
3.05481
3.04917
3.04353
3.03788
3.03224
3.02672
3.02120
3.01568
3.01016
3.00533
3.00050
2.99566
2.99083
2.98792
2.98502
2.98211
2.97920
2.97660
2.97399
2.97139
2.96879
2.96805
2.96732
2.96658
2.96584
2.96854
2.97124
2.97394
2.97664
2.98207
2.98750
2.99293
2.99837
3.01040
3.02244
3.03448
3.04652
3.06334
3.08016
3.09698
3.11380
3.13740
3.16101
3.18462
3.20823
3.23706
3.26589
3.29472
3.32355
3.35886
3.39418
3.42949
3.46481
3.50545
3.54609
3.58673
3.62737
3.67070
3.71402
3.75735
3.80067
3.84553
3.89039
3.93525
3.98011
4.02620
4.07229
4.11839
4.16448
4.20919
4.25390
4.29861
4.34332
4.38921
4.43510
4.48099
4.52688
4.56964
4.61239
4.65515
4.69790
4.73934
4.78078
4.82221
4.86365
4.90494
4.94623
4.98751
5.02880
5.06067
5.09254
5.12441
5.15628
5.19215
5.22803
5.26391
5.29979
5.33031
5.36082
5.39134
5.42185
5.44520
5.46855
5.49189
5.51524
5.54201
5.56877
5.59554
5.62231
5.64360
5.66489
5.68618
5.70747
5.72377
5.74008
5.75638
5.77268
5.78770
5.80271
5.81773
5.83274
5.84453
5.85632
5.86811
5.87989
5.89258
5.90527
5.91796
5.93064
5.93910
5.94757
5.95603
5.96449
5.96723
5.96998
5.97272
5.97546
5.97966
5.98386
5.98806
5.99226
5.99472
5.99718
5.99964
6.00210
6.00111
6.00012
5.99912
5.99813
5.99644
5.99476
5.99308
5.99140
5.98879
5.98618
5.98356
5.98095
5.97925
5.97755
5.97585
5.97414
5.96986
5.96557
5.96129
5.95700
5.94983
5.94266
5.93549
5.92832
5.92221
5.91610
5.90999
5.90388
5.89891
5.89394
5.88897
5.88400
5.87532
5.86665
5.85798
5.84930
5.85229
5.85529
5.85828
5.86127
5.86826
5.87525
5.88223
5.88922
5.90735
5.92548
5.94360
5.96173
5.98586
6.00999
6.03412
6.05826
6.08060
6.10295
6.12530
6.14765
6.16510
6.18255
6.19999
6.21744
6.17706
6.13668
6.09629
6.05591
5.96427
5.87264
5.78101
5.68937
2.95482
2.95784
2.96085
2.96386
2.96687
2.96988
2.97290
2.97591
2.97892
2.98193
2.98494
2.98796
2.99097
2.99398
2.99699
3.00001
3.00302
3.00603
3.00904
3.01205
3.01507
3.01808
3.02109
3.02410
3.02711
3.03013
3.03314
3.03615
3.03916
3.04217
3.04519
3.04820
3.05121
3.05422
3.05723
3.06025
3.06326
3.06627
3.06928
3.07230
3.07531
3.07832
3.08133
3.08434
3.08736
3.09037
3.09338
3.09639
3.09940
3.10242
3.10543
3.10844
3.11145
3.11446
3.11748
3.12049
3.12350
3.12651
3.12952
3.13254
3.13555
3.13856
3.14157
3.14459
3.14760
3.15061
3.15362
3.15663
3.15965
3.16266
3.16567
3.16868
3.17169
3.17471
3.17772
3.18073
3.18374
3.18675
3.18977
3.19278
3.19579
3.19880
3.20181
3.20483
3.20784
3.21085
3.21386
3.21688
3.21989
3.22290
3.22591
3.22892
3.23194
3.23495
3.23796
3.24097
3.24398
3.24700
3.25001
3.25302
3.25603
3.25904
3.26206
3.26507
3.26808
3.27109
3.27411
3.27712
3.28013
3.28314
3.28615
3.28917
3.29218
3.29519
3.29820
3.30121
3.30423
3.30703
3.30983
3.31264
3.31544
3.31744
3.31944
3.32143
3.32343
3.32672
3.33000
3.33328
3.33657
3.33884
3.34111
3.34338
3.34565
3.34720
3.34875
3.35029
3.35184
3.35279
3.35375
3.35470
3.35566
3.35617
3.35668
3.35719
3.35769
3.35795
3.35820
3.35845
3.35870
3.35877
3.35885
3.35892
3.35900
3.35894
3.35889
3.35883
3.35877
3.35845
3.35813
3.35781
3.35748
3.35687
3.35627
3.35566
3.35505
3.35407
3.35308
3.35210
3.35112
3.34954
3.34797
3.34639
3.34482
3.34240
3.33998
3.33756
3.33514
3.33144
3.32774
3.32404
3.32035
3.31479
3.30924
3.30369
3.29814
3.29155
3.28496
3.27837
3.27179
3.26065
3.24952
3.23838
3.22725
3.21910
3.21095
3.20281
3.19466
3.17879
3.16292
3.14705
3.13118
3.12330
3.11542
3.10754
3.09966
3.08669
3.07372
3.06075
3.04778
3.03957
3.03136
3.02315
3.01494
3.00717
2.99939
2.99162
2.98385
2.97755
2.97124
2.96494
2.95863
2.95523
2.95183
2.94842
2.94502
2.94208
2.93914
2.93620
2.93326
2.93300
2.93274
2.93248
2.93223
2.93449
2.93675
2.93901
2.94127
2.94660
2.95193
2.95727
2.96260
2.97300
2.98341
2.99381
3.00421
3.01906
3.03391
3.04876
3.06361
3.08441
3.10521
3.12601
3.14681
3.17249
3.19816
3.22384
3.24951
3.28132
3.31313
3.34494
3.37675
3.41423
3.45170
3.48918
3.52665
3.56772
3.60878
3.64984
3.69090
3.73405
3.77719
3.82033
3.86348
3.90832
3.95317
3.99801
4.04286
4.08744
4.13203
4.17662
4.22120
4.26674
4.31227
4.35781
4.40334
4.44731
4.49128
4.53525
4.57922
4.62105
4.66289
4.70472
4.74655
4.78924
4.83193
4.87462
4.91731
4.95214
4.98697
5.02180
5.05663
5.09478
5.13293
5.17108
5.20923
5.24244
5.27566
5.30887
5.34209
5.37024
5.39840
5.42656
5.45471
5.48577
5.51682
5.54788
5.57893
5.60124
5.62355
5.64585
5.66816
5.68954
5.71091
5.73229
5.75367
5.77230
5.79094
5.80957
5.82820
5.84096
5.85372
5.86649
5.87925
5.89451
5.90977
5.92503
5.94029
5.95149
5.96268
5.97387
5.98507
5.98767
5.99028
5.99288
5.99548
5.99947
6.00346
6.00744
6.01143
6.01495
6.01847
6.02200
6.02552
6.02536
6.02521
6.02506
6.02490
6.02458
6.02426
6.02394
6.02362
6.02312
6.02262
6.02213
6.02163
6.02042
6.01921
6.01800
6.01679
6.01268
6.00858
6.00447
6.00036
5.99351
5.98666
5.97980
5.97295
5.96711
5.96127
5.95544
5.94960
5.94570
5.94179
5.93789
5.93398
5.92720
5.92042
5.91363
5.90685
5.91049
5.91414
5.91779
5.92144
5.92929
5.93714
5.94500
5.95285
5.96861
5.98437
6.00012
6.01588
6.03549
6.05511
6.07472
6.09434
6.11201
6.12967
6.14734
6.16501
6.17807
6.19113
6.20419
6.21725
6.17361
6.12997
6.08633
6.04269
5.95500
5.86731
5.77963
5.69194
3.01101
3.01442
3.01783
3.02124
3.02466
3.02807
3.03148
3.03489
3.03830
3.04171
3.04513
3.04854
3.05195
3.05536
3.05877
3.06219
3.06560
3.06901
3.07242
3.07583
3.07924
3.08266
3.08607
3.08948
3.09289
3.09630
3.09971
3.10313
3.10654
3.10995
3.11336
3.11677
3.12019
3.12360
3.12701
3.13042
3.13383
3.13724
3.14066
3.14407
3.14748
3.15089
3.15430
3.15772
3.16113
3.16454
3.16795
3.17136
3.17477
3.17819
3.18160
3.18501
3.18842
3.19183
3.19525
3.19866
3.20207
3.20548
3.20889
3.21230
3.21572
3.21913
3.22254
3.22595
3.22936
3.23277
3.23619
3.23960
3.24301
3.24642
3.24983
3.25325
3.25666
3.26007
3.26348
3.26689
3.27030
3.27372
3.27713
3.28054
3.28395
3.28736
3.29078
3.29419
3.29760
3.30101
3.30442
3.30783
3.31125
3.31466
3.31807
3.32148
3.32489
3.32831
3.33172
3.33513
3.33854
3.34195
3.34536
3.34878
3.35219
3.35560
3.35901
3.36242
3.36583
3.36925
3.37266
3.37607
3.37948
3.38289
3.38631
3.38972
3.39313
3.39654
3.39995
3.40336
3.40678
3.41011
3.41344
3.41677
3.42010
3.42169
3.42327
3.42485
3.42643
3.42948
3.43253
3.43557
3.43862
3.44098
3.44333
3.44569
3.44804
3.44920
3.45036
3.45151
3.45267
3.45365
3.45462
3.45560
3.45657
3.45683
3.45708
3.45733
3.45758
3.45776
3.45793
3.45811
3.45828
3.45821
3.45814
3.45808
3.45801
3.45783
3.45765
3.45747
3.45729
3.45678
3.45627
3.45576
3.45525
3.45437
3.45349
3.45261
3.45173
3.45037
3.44900
3.44763
3.44627
3.44410
3.44193
3.43977
3.43760
3.43432
3.43104
3.42776
3.42448
3.41948
3.41448
3.40948
3.40448
3.39707
3.38966
3.38225
3.37484
3.36598
3.35712
3.34825
3.33939
3.32464
3.30989
3.29513
3.28038
3.26933
3.25827
3.24721
3.23615
3.21518
3.19420
3.17323
3.15225
3.14148
3.13071
3.11993
3.10916
3.09206
3.07496
3.05785
3.04075
3.02997
3.01919
3.00841
2.99763
2.98761
2.97759
2.96756
2.95754
2.94976
2.94199
2.93421
2.92644
2.92254
2.91864
2.91474
2.91084
2.90756
2.90429
2.90101
2.89773
2.89795
2.89817
2.89839
2.89861
2.90043
2.90226
2.90408
2.90590
2.91113
2.91637
2.92160
2.92683
2.93560
2.94437
2.95314
2.96191
2.97479
2.98767
3.00055
3.01343
3.03142
3.04941
3.06740
3.08539
3.10791
3.13043
3.15295
3.17548
3.20378
3.23209
3.26039
3.28870
3.32301
3.35732
3.39163
3.42594
3.46474
3.50354
3.54234
3.58114
3.62256
3.66399
3.70542
3.74685
3.79044
3.83404
3.87763
3.92123
3.96569
4.01015
4.05462
4.09908
4.14426
4.18944
4.23462
4.27980
4.32499
4.37017
4.41536
4.46054
4.50277
4.54500
4.58723
4.62946
4.67355
4.71764
4.76173
4.80583
4.84361
4.88140
4.91919
4.95697
4.99740
5.03782
5.07824
5.11866
5.15458
5.19049
5.22641
5.26233
5.29529
5.32825
5.36122
5.39418
5.42953
5.46487
5.50021
5.53556
5.55888
5.58220
5.60552
5.62885
5.65530
5.68175
5.70821
5.73466
5.75691
5.77916
5.80141
5.82366
5.83740
5.85113
5.86487
5.87860
5.89644
5.91427
5.93211
5.94994
5.96387
5.97779
5.99172
6.00565
6.00811
6.01057
6.01304
6.01550
6.01928
6.02305
6.02683
6.03061
6.03519
6.03977
6.04435
6.04893
6.04962
6.05030
6.05099
6.05168
6.05272
6.05376
6.05480
6.05584
6.05746
6.05907
6.06069
6.06231
6.06159
6.06087
6.06015
6.05944
6.05551
6.05158
6.04766
6.04373
6.03719
6.03065
6.02411
6.01757
6.01201
6.00645
6.00088
5.99532
5.99248
5.98964
5.98681
5.98397
5.97908
5.97418
5.96929
5.96439
5.96870
5.97300
5.97730
5.98160
5.99032
5.99904
6.00776
6.01648
6.02987
6.04326
6.05664
6.07003
6.08513
6.10023
6.11532
6.13042
6.14341
6.15639
6.16938
6.18237
6.19104
6.19971
6.20838
6.21705
6.17016
6.12326
6.07637
6.02947
5.94573
5.86199
5.77825
5.69450
2.92378
2.92738
2.93098
2.93458
2.93817
2.94177
2.94537
2.94897
2.95257
2.95617
2.95976
2.96336
2.96696
2.97056
2.97416
2.97775
2.98135
2.98495
2.98855
2.99215
2.99575
2.99934
3.00294
3.00654
3.01014
3.01374
3.01733
3.02093
3.02453
3.02813
3.03173
3.03533
3.03892
3.04252
3.04612
3.04972
3.05332
3.05691
3.06051
3.06411
3.06771
3.07131
3.07491
3.07850
3.08210
3.08570
3.08930
3.09290
3.09649
3.10009
3.10369
3.10729
3.11089
3.11449
3.11808
3.12168
3.12528
3.12888
3.13248
3.13608
3.13967
3.14327
3.14687
3.15047
3.15407
3.15766
3.16126
3.16486
3.16846
3.17206
3.17566
3.17925
3.18285
3.18645
3.19005
3.19365
3.19724
3.20084
3.20444
3.20804
3.21164
3.21524
3.21883
3.22243
3.22603
3.22963
3.23323
3.23682
3.24042
3.24402
3.24762
3.25122
3.25482
3.25841
3.26201
3.26561
3.26921
3.27281
3.27640
3.28000
3.28360
3.28720
3.29080
3.29440
3.29799
3.30159
3.30519
3.30879
3.31239
3.31598
3.31958
3.32318
3.32678
3.33038
3.33398
3.33757
3.34117
3.34477
3.34837
3.35197
3.35557
3.35705
3.35853
3.36002
3.36150
3.36453
3.36757
3.37060
3.37363
3.37646
3.37928
3.38211
3.38494
3.38618
3.38742
3.38866
3.38990
3.39122
3.39254
3.39386
3.39518
3.39559
3.39600
3.39640
3.39681
3.39715
3.39749
3.39783
3.39817
3.39823
3.39829
3.39835
3.39841
3.39827
3.39812
3.39798
3.39783
3.39736
3.39689
3.39642
3.39594
3.39500
3.39406
3.39312
3.39218
3.39074
3.38929
3.38785
3.38641
3.38408
3.38176
3.37943
3.37711
3.37361
3.37010
3.36660
3.36310
3.35779
3.35247
3.34716
3.34185
3.33402
3.32618
3.31835
3.31052
3.30116
3.29180
3.28243
3.27307
3.25763
3.24219
3.22675
3.21131
3.19966
3.18801
3.17636
3.16471
3.14296
3.12121
3.09946
3.07771
3.06653
3.05535
3.04417
3.03298
3.01562
2.99825
2.98089
2.96352
2.95295
2.94238
2.93181
2.92123
2.91152
2.90180
2.89209
2.88237
2.87542
2.86847
2.86152
2.85456
2.85137
2.84819
2.84500
2.84181
2.83945
2.83709
2.83474
2.83238
2.83346
2.83454
2.83562
2.83670
2.83872
2.84074
2.84276
2.84478
2.85009
2.85539
2.86069
2.86600
2.87362
2.88124
2.88886
2.89648
2.90782
2.91917
2.93051
2.94186
2.95750
2.97313
2.98877
3.00441
3.02434
3.04427
3.06420
3.08414
3.10953
3.13493
3.16033
3.18573
3.21728
3.24883
3.28038
3.31194
3.34852
3.38511
3.42170
3.45829
3.49807
3.53785
3.57763
3.61741
3.65963
3.70185
3.74407
3.78629
3.83028
3.87427
3.91825
3.96224
4.00692
4.05160
4.09628
4.14096
4.18672
4.23249
4.27825
4.32402
4.36695
4.40989
4.45283
4.49577
4.54116
4.58655
4.63193
4.67732
4.71791
4.75850
4.79909
4.83967
4.88225
4.92483
4.96741
5.00999
5.04873
5.08746
5.12619
5.16493
5.20152
5.23810
5.27469
5.31127
5.34996
5.38865
5.42734
5.46603
5.49123
5.51644
5.54165
5.56686
5.59729
5.62772
5.65816
5.68859
5.71390
5.73921
5.76452
5.78983
5.80489
5.81995
5.83501
5.85007
5.87029
5.89051
5.91073
5.93094
5.94685
5.96275
5.97865
5.99455
5.99859
6.00262
6.00666
6.01069
6.01642
6.02214
6.02787
6.03359
6.03904
6.04448
6.04992
6.05537
6.05730
6.05923
6.06116
6.06309
6.06600
6.06892
6.07183
6.07475
6.07768
6.08062
6.08356
6.08650
6.08621
6.08592
6.08564
6.08535
6.08203
6.07872
6.07540
6.07209
6.06638
6.06068
6.05497
6.04927
6.04433
6.03939
6.03445
6.02951
6.02743
6.02536
6.02329
6.02122
6.01814
6.01507
6.01199
6.00892
6.01375
6.01857
6.02340
6.02823
6.03735
6.04647
6.05560
6.06472
6.07633
6.08794
6.09955
6.11117
6.12301
6.13485
6.14670
6.15854
6.16784
6.17714
6.18645
6.19575
6.20041
6.20507
6.20974
6.21440
6.16504
6.11568
6.06632
6.01697
5.93564
5.85432
5.77300
5.69168
2.59622
2.59965
2.60308
2.60650
2.60993
2.61336
2.61678
2.62021
2.62364
2.62707
2.63049
2.63392
2.63735
2.64077
2.64420
2.64763
2.65106
2.65448
2.65791
2.66134
2.66476
2.66819
2.67162
2.67505
2.67847
2.68190
2.68533
2.68875
2.69218
2.69561
2.69904
2.70246
2.70589
2.70932
2.71274
2.71617
2.71960
2.72303
2.72645
2.72988
2.73331
2.73673
2.74016
2.74359
2.74702
2.75044
2.75387
2.75730
2.76072
2.76415
2.76758
2.77101
2.77443
2.77786
2.78129
2.78471
2.78814
2.79157
2.79500
2.79842
2.80185
2.80528
2.80870
2.81213
2.81556
2.81899
2.82241
2.82584
2.82927
2.83269
2.83612
2.83955
2.84298
2.84640
2.84983
2.85326
2.85668
2.86011
2.86354
2.86697
2.87039
2.87382
2.87725
2.88067
2.88410
2.88753
2.89096
2.89438
2.89781
2.90124
2.90466
2.90809
2.91152
2.91495
2.91837
2.92180
2.92523
2.92865
2.93208
2.93551
2.93894
2.94236
2.94579
2.94922
2.95264
2.95607
2.95950
2.96293
2.96635
2.96978
2.97321
2.97663
2.98006
2.98349
2.98692
2.99034
2.99377
2.99720
3.00062
3.00405
3.00748
3.00940
3.01131
3.01323
3.01515
3.01853
3.02192
3.02531
3.02870
3.03265
3.03660
3.04056
3.04451
3.04662
3.04873
3.05085
3.05296
3.05517
3.05738
3.05959
3.06180
3.06305
3.06429
3.06553
3.06678
3.06769
3.06860
3.06951
3.07041
3.07107
3.07173
3.07238
3.07304
3.07319
3.07334
3.07348
3.07363
3.07357
3.07352
3.07346
3.07340
3.07275
3.07211
3.07146
3.07081
3.06980
3.06880
3.06779
3.06678
3.06503
3.06327
3.06151
3.05975
3.05709
3.05444
3.05178
3.04912
3.04516
3.04119
3.03723
3.03326
3.02741
3.02156
3.01570
3.00985
3.00297
2.99609
2.98920
2.98232
2.97110
2.95988
2.94865
2.93743
2.92907
2.92070
2.91234
2.90398
2.88872
2.87346
2.85820
2.84294
2.83551
2.82808
2.82065
2.81322
2.80208
2.79094
2.77979
2.76865
2.76294
2.75723
2.75152
2.74581
2.74069
2.73557
2.73045
2.72533
2.72305
2.72076
2.71848
2.71620
2.71574
2.71529
2.71483
2.71437
2.71504
2.71571
2.71638
2.71705
2.71963
2.72221
2.72479
2.72737
2.73066
2.73394
2.73723
2.74051
2.74617
2.75183
2.75749
2.76315
2.77044
2.77773
2.78502
2.79231
2.80284
2.81337
2.82390
2.83443
2.84849
2.86254
2.87659
2.89064
2.90893
2.92722
2.94551
2.96380
2.98728
3.01077
3.03426
3.05775
3.08723
3.11671
3.14619
3.17567
3.21013
3.24459
3.27905
3.31351
3.35176
3.39001
3.42826
3.46650
3.50714
3.54777
3.58841
3.62904
3.67197
3.71489
3.75782
3.80074
3.84467
3.88860
3.93253
3.97645
4.02174
4.06702
4.11231
4.15759
4.20176
4.24594
4.29011
4.33429
4.38079
4.42729
4.47380
4.52030
4.56343
4.60655
4.64967
4.69280
4.73734
4.78189
4.82644
4.87098
4.91273
4.95448
4.99623
5.03798
5.07620
5.11442
5.15264
5.19086
5.23131
5.27176
5.31221
5.35266
5.38121
5.40976
5.43832
5.46687
5.49945
5.53202
5.56459
5.59716
5.62460
5.65204
5.67948
5.70692
5.72389
5.74086
5.75783
5.77480
5.79708
5.81937
5.84165
5.86394
5.88055
5.89716
5.91376
5.93037
5.93885
5.94732
5.95580
5.96428
5.97557
5.98687
5.99816
6.00946
6.01543
6.02140
6.02737
6.03334
6.03720
6.04105
6.04490
6.04875
6.05440
6.06005
6.06569
6.07134
6.07427
6.07720
6.08013
6.08306
6.08310
6.08314
6.08318
6.08322
6.08124
6.07926
6.07727
6.07529
6.07130
6.06730
6.06330
6.05930
6.05556
6.05183
6.04810
6.04437
6.04255
6.04074
6.03893
6.03711
6.03574
6.03437
6.03300
6.03163
6.03676
6.04190
6.04703
6.05216
6.06091
6.06966
6.07841
6.08716
6.09800
6.10883
6.11967
6.13050
6.14120
6.15190
6.16261
6.17331
6.18060
6.18789
6.19518
6.20247
6.20376
6.20505
6.20634
6.20762
6.15714
6.10664
6.05615
6.00566
5.92420
5.84273
5.76127
5.67980
2.26866
2.27192
2.27517
2.27843
2.28169
2.28494
2.28820
2.29145
2.29471
2.29797
2.30122
2.30448
2.30773
2.31099
2.31425
2.31750
2.32076
2.32402
2.32727
2.33053
2.33378
2.33704
2.34030
2.34355
2.34681
2.35006
2.35332
2.35658
2.35983
2.36309
2.36634
2.36960
2.37286
2.37611
2.37937
2.38262
2.38588
2.38914
2.39239
2.39565
2.39891
2.40216
2.40542
2.40867
2.41193
2.41519
2.41844
2.42170
2.42495
2.42821
2.43147
2.43472
2.43798
2.44123
2.44449
2.44775
2.45100
2.45426
2.45751
2.46077
2.46403
2.46728
2.47054
2.47380
2.47705
2.48031
2.48356
2.48682
2.49008
2.49333
2.49659
2.49984
2.50310
2.50636
2.50961
2.51287
2.51612
2.51938
2.52264
2.52589
2.52915
2.53240
2.53566
2.53892
2.54217
2.54543
2.54869
2.55194
2.55520
2.55845
2.56171
2.56497
2.56822
2.57148
2.57473
2.57799
2.58125
2.58450
2.58776
2.59101
2.59427
2.59753
2.60078
2.60404
2.60730
2.61055
2.61381
2.61706
2.62032
2.62358
2.62683
2.63009
2.63334
2.63660
2.63986
2.64311
2.64637
2.64962
2.65288
2.65614
2.65939
2.66174
2.66409
2.66644
2.66879
2.67253
2.67628
2.68003
2.68377
2.68885
2.69392
2.69900
2.70407
2.70706
2.71005
2.71303
2.71602
2.71912
2.72222
2.72532
2.72842
2.73050
2.73259
2.73467
2.73675
2.73823
2.73971
2.74118
2.74266
2.74391
2.74516
2.74642
2.74767
2.74811
2.74855
2.74899
2.74943
2.74979
2.75015
2.75050
2.75086
2.75051
2.75015
2.74979
2.74944
2.74887
2.74830
2.74773
2.74716
2.74597
2.74478
2.74358
2.74239
2.74058
2.73877
2.73695
2.73514
2.73253
2.72991
2.72730
2.72468
2.72081
2.71693
2.71305
2.70918
2.70478
2.70038
2.69597
2.69157
2.68457
2.67756
2.67056
2.66355
2.65848
2.65340
2.64833
2.64326
2.63448
2.62571
2.61694
2.60816
2.60449
2.60081
2.59714
2.59346
2.58854
2.58362
2.57870
2.57378
2.57293
2.57208
2.57123
2.57038
2.56986
2.56933
2.56881
2.56829
2.57067
2.57306
2.57545
2.57784
2.58011
2.58238
2.58466
2.58693
2.59063
2.59432
2.59802
2.60172
2.60580
2.60988
2.61396
2.61804
2.62259
2.62714
2.63169
2.63624
2.64226
2.64827
2.65429
2.66031
2.66727
2.67422
2.68118
2.68813
2.69785
2.70757
2.71729
2.72701
2.73948
2.75195
2.76441
2.77688
2.79352
2.81017
2.82681
2.84346
2.86504
2.88661
2.90819
2.92977
2.95718
2.98459
3.01200
3.03941
3.07174
3.10408
3.13641
3.16874
3.20545
3.24217
3.27889
3.31560
3.35465
3.39370
3.43275
3.47180
3.51366
3.55552
3.59738
3.63924
3.68242
3.72560
3.76878
3.81195
3.85676
3.90156
3.94636
3.99116
4.03657
4.08198
4.12739
4.17280
4.22042
4.26804
4.31566
4.36328
4.40894
4.45460
4.50026
4.54592
4.59243
4.63895
4.68546
4.73198
4.77674
4.82150
4.86627
4.91103
4.95089
4.99074
5.03060
5.07045
5.11266
5.15487
5.19708
5.23929
5.27119
5.30309
5.33499
5.36689
5.40160
5.43631
5.47102
5.50573
5.53530
5.56487
5.59444
5.62400
5.64288
5.66177
5.68065
5.69953
5.72388
5.74823
5.77258
5.79694
5.81425
5.83157
5.84888
5.86619
5.87911
5.89202
5.90494
5.91786
5.93472
5.95159
5.96845
5.98532
5.99182
5.99832
6.00482
6.01132
6.01709
6.02287
6.02864
6.03442
6.04280
6.05117
6.05955
6.06793
6.07085
6.07377
6.07670
6.07962
6.07998
6.08035
6.08072
6.08108
6.08044
6.07979
6.07915
6.07850
6.07621
6.07391
6.07162
6.06933
6.06680
6.06428
6.06175
6.05923
6.05767
6.05612
6.05456
6.05301
6.05334
6.05367
6.05400
6.05433
6.05978
6.06522
6.07066
6.07610
6.08448
6.09285
6.10123
6.10960
6.11966
6.12972
6.13978
6.14984
6.15940
6.16896
6.17851
6.18807
6.19335
6.19863
6.20391
6.20919
6.20711
6.20502
6.20294
6.20085
6.14923
6.09760
6.04598
5.99435
5.91275
5.83114
5.74954
5.66793
1.94110
1.94419
1.94727
1.95036
1.95344
1.95653
1.95961
1.96270
1.96578
1.96887
1.97195
1.97504
1.97812
1.98121
1.98429
1.98738
1.99046
1.99355
1.99663
1.99972
2.00280
2.00589
2.00897
2.01206
2.01514
2.01823
2.02131
2.02440
2.02748
2.03057
2.03365
2.03674
2.03982
2.04291
2.04599
2.04908
2.05216
2.05525
2.05833
2.06142
2.06450
2.06759
2.07067
2.07376
2.07684
2.07993
2.08301
2.08610
2.08918
2.09227
2.09535
2.09844
2.10152
2.10461
2.10769
2.11078
2.11386
2.11695
2.12003
2.12312
2.12620
2.12929
2.13237
2.13546
2.13854
2.14163
2.14471
2.14780
2.15088
2.15397
2.15705
2.16014
2.16322
2.16631
2.16939
2.17248
2.17556
2.17865
2.18173
2.18482
2.18790
2.19099
2.19407
2.19716
2.20024
2.20333
2.20641
2.20950
2.21259
2.21567
2.21876
2.22184
2.22493
2.22801
2.23110
2.23418
2.23727
2.24035
2.24344
2.24652
2.24961
2.25269
2.25578
2.25886
2.26195
2.26503
2.26812
2.27120
2.27429
2.27737
2.28046
2.28354
2.28663
2.28971
2.29280
2.29588
2.29897
2.30205
2.30514
2.30822
2.31131
2.31409
2.31687
2.31965
2.32243
2.32654
2.33064
2.33474
2.33884
2.34504
2.35124
2.35744
2.36364
2.36750
2.37136
2.37522
2.37908
2.38307
2.38706
2.39105
2.39504
2.39796
2.40088
2.40380
2.40672
2.40877
2.41082
2.41286
2.41491
2.41675
2.41860
2.42045
2.42229
2.42303
2.42376
2.42450
2.42523
2.42600
2.42678
2.42755
2.42832
2.42826
2.42819
2.42813
2.42806
2.42793
2.42780
2.42767
2.42754
2.42691
2.42628
2.42566
2.42503
2.42407
2.42310
2.42213
2.42116
2.41990
2.41863
2.41736
2.41610
2.41420
2.41230
2.41041
2.40851
2.40659
2.40467
2.40275
2.40082
2.39804
2.39525
2.39246
2.38968
2.38789
2.38610
2.38432
2.38253
2.38024
2.37796
2.37567
2.37339
2.37347
2.37355
2.37362
2.37370
2.37500
2.37630
2.37760
2.37890
2.38291
2.38693
2.39094
2.39495
2.39902
2.40310
2.40717
2.41124
2.41830
2.42536
2.43242
2.43947
2.44448
2.44948
2.45449
2.45949
2.46622
2.47294
2.47966
2.48638
2.49197
2.49755
2.50313
2.50872
2.51453
2.52034
2.52615
2.53196
2.53834
2.54472
2.55109
2.55747
2.56409
2.57072
2.57734
2.58396
2.59287
2.60177
2.61068
2.61959
2.63047
2.64135
2.65223
2.66312
2.67812
2.69312
2.70812
2.72312
2.74279
2.76246
2.78213
2.80180
2.82713
2.85247
2.87781
2.90315
2.93335
2.96356
2.99376
3.02397
3.05915
3.09433
3.12952
3.16470
3.20216
3.23962
3.27709
3.31455
3.35535
3.39615
3.43695
3.47775
3.52017
3.56260
3.60503
3.64745
3.69177
3.73609
3.78042
3.82474
3.87138
3.91803
3.96468
4.01132
4.06006
4.10879
4.15753
4.20626
4.25446
4.30265
4.35085
4.39904
4.44752
4.49601
4.54449
4.59297
4.64075
4.68853
4.73630
4.78408
4.82557
4.86706
4.90855
4.95005
4.99401
5.03798
5.08195
5.12592
5.16116
5.19641
5.23166
5.26690
5.30375
5.34060
5.37745
5.41430
5.44600
5.47770
5.50939
5.54109
5.56188
5.58267
5.60346
5.62425
5.65067
5.67709
5.70351
5.72993
5.74795
5.76597
5.78399
5.80202
5.81937
5.83673
5.85408
5.87144
5.89387
5.91631
5.93874
5.96118
5.96821
5.97524
5.98227
5.98930
5.99699
6.00469
6.01239
6.02008
6.03119
6.04230
6.05341
6.06452
6.06744
6.07035
6.07326
6.07618
6.07687
6.07756
6.07826
6.07895
6.07964
6.08033
6.08102
6.08171
6.08112
6.08053
6.07994
6.07936
6.07804
6.07672
6.07541
6.07409
6.07280
6.07150
6.07020
6.06890
6.07094
6.07297
6.07501
6.07704
6.08279
6.08854
6.09429
6.10004
6.10804
6.11604
6.12404
6.13205
6.14133
6.15061
6.15989
6.16917
6.17759
6.18601
6.19442
6.20284
6.20611
6.20938
6.21265
6.21592
6.21046
6.20500
6.19953
6.19407
6.14132
6.08856
6.03580
5.98305
5.90130
5.81955
5.73781
5.65606
1.86627
1.86916
1.87204
1.87492
1.87781
1.88069
1.88357
1.88646
1.88934
1.89223
1.89511
1.89799
1.90088
1.90376
1.90664
1.90953
1.91241
1.91529
1.91818
1.92106
1.92394
1.92683
1.92971
1.93259
1.93548
1.93836
1.94124
1.94413
1.94701
1.94989
1.95278
1.95566
1.95854
1.96143
1.96431
1.96719
1.97008
1.97296
1.97584
1.97873
1.98161
1.98449
1.98738
1.99026
1.99314
1.99603
1.99891
2.00179
2.00468
2.00756
2.01044
2.01333
2.01621
2.01910
2.02198
2.02486
2.02775
2.03063
2.03351
2.03640
2.03928
2.04216
2.04505
2.04793
2.05081
2.05370
2.05658
2.05946
2.06235
2.06523
2.06811
2.07100
2.07388
2.07676
2.07965
2.08253
2.08541
2.08830
2.09118
2.09406
2.09695
2.09983
2.10271
2.10560
2.10848
2.11136
2.11425
2.11713
2.12001
2.12290
2.12578
2.12866
2.13155
2.13443
2.13732
2.14020
2.14308
2.14597
2.14885
2.15173
2.15462
2.15750
2.16038
2.16327
2.16615
2.16903
2.17192
2.17480
2.17768
2.18057
2.18345
2.18633
2.18922
2.19210
2.19498
2.19787
2.20075
2.20363
2.20652
2.20940
2.21228
2.21517
2.21805
2.22093
2.22382
2.22751
2.23120
2.23488
2.23857
2.24459
2.25060
2.25661
2.26262
2.26664
2.27067
2.27469
2.27871
2.28261
2.28651
2.29041
2.29431
2.29738
2.30044
2.30351
2.30658
2.30858
2.31058
2.31258
2.31458
2.31645
2.31831
2.32018
2.32204
2.32267
2.32329
2.32392
2.32454
2.32512
2.32571
2.32629
2.32687
2.32649
2.32610
2.32572
2.32533
2.32463
2.32392
2.32321
2.32250
2.32118
2.31985
2.31853
2.31720
2.31536
2.31352
2.31168
2.30985
2.30751
2.30518
2.30284
2.30051
2.29822
2.29593
2.29365
2.29136
2.28846
2.28557
2.28267
2.27977
2.27825
2.27672
2.27519
2.27367
2.27190
2.27014
2.26837
2.26661
2.26739
2.26818
2.26896
2.26975
2.27144
2.27314
2.27483
2.27652
2.28126
2.28600
2.29074
2.29548
2.30267
2.30986
2.31705
2.32425
2.33211
2.33997
2.34783
2.35569
2.36695
2.37821
2.38947
2.40073
2.40986
2.41899
2.42811
2.43724
2.44817
2.45910
2.47004
2.48097
2.49080
2.50064
2.51047
2.52030
2.52965
2.53899
2.54834
2.55768
2.56800
2.57833
2.58865
2.59897
2.60747
2.61597
2.62446
2.63296
2.64402
2.65509
2.66615
2.67722
2.68817
2.69911
2.71006
2.72101
2.73549
2.74998
2.76446
2.77894
2.79659
2.81424
2.83189
2.84954
2.87144
2.89333
2.91523
2.93712
2.96310
2.98908
3.01506
3.04104
3.07108
3.10112
3.13117
3.16121
3.19347
3.22574
3.25801
3.29027
3.32557
3.36088
3.39618
3.43148
3.46887
3.50626
3.54364
3.58103
3.62065
3.66027
3.69989
3.73951
3.78265
3.82579
3.86894
3.91208
3.95773
4.00338
4.04903
4.09468
4.14135
4.18801
4.23467
4.28133
4.32859
4.37584
4.42310
4.47035
4.51806
4.56577
4.61348
4.66119
4.70325
4.74531
4.78737
4.82943
4.87387
4.91830
4.96273
5.00716
5.04495
5.08274
5.12053
5.15832
5.19656
5.23479
5.27303
5.31127
5.34565
5.38003
5.41441
5.44879
5.47139
5.49399
5.51659
5.53919
5.56746
5.59573
5.62400
5.65227
5.67208
5.69190
5.71172
5.73153
5.75222
5.77291
5.79360
5.81429
5.84051
5.86673
5.89295
5.91917
5.92722
5.93528
5.94333
5.95138
5.96133
5.97128
5.98122
5.99117
6.00452
6.01787
6.03123
6.04458
6.04776
6.05094
6.05412
6.05730
6.05912
6.06093
6.06275
6.06456
6.06701
6.06946
6.07190
6.07435
6.07498
6.07562
6.07626
6.07689
6.07692
6.07695
6.07698
6.07701
6.07686
6.07672
6.07657
6.07642
6.07963
6.08284
6.08604
6.08925
6.09535
6.10144
6.10754
6.11363
6.12139
6.12916
6.13692
6.14468
6.15340
6.16211
6.17083
6.17954
6.18703
6.19452
6.20201
6.20950
6.21140
6.21330
6.21521
6.21711
6.20904
6.20097
6.19290
6.18483
6.13129
6.07774
6.02420
5.97065
5.89096
5.81128
5.73159
5.65191
2.04691
2.04956
2.05221
2.05486
2.05751
2.06016
2.06281
2.06546
2.06812
2.07077
2.07342
2.07607
2.07872
2.08137
2.08402
2.08667
2.08932
2.09197
2.09462
2.09727
2.09993
2.10258
2.10523
2.10788
2.11053
2.11318
2.11583
2.11848
2.12113
2.12378
2.12643
2.12909
2.13174
2.13439
2.13704
2.13969
2.14234
2.14499
2.14764
2.15029
2.15294
2.15559
2.15825
2.16090
2.16355
2.16620
2.16885
2.17150
2.17415
2.17680
2.17945
2.18210
2.18475
2.18740
2.19006
2.19271
2.19536
2.19801
2.20066
2.20331
2.20596
2.20861
2.21126
2.21391
2.21656
2.21922
2.22187
2.22452
2.22717
2.22982
2.23247
2.23512
2.23777
2.24042
2.24307
2.24572
2.24838
2.25103
2.25368
2.25633
2.25898
2.26163
2.26428
2.26693
2.26958
2.27223
2.27488
2.27753
2.28019
2.28284
2.28549
2.28814
2.29079
2.29344
2.29609
2.29874
2.30139
2.30404
2.30669
2.30935
2.31200
2.31465
2.31730
2.31995
2.32260
2.32525
2.32790
2.33055
2.33320
2.33585
2.33851
2.34116
2.34381
2.34646
2.34911
2.35176
2.35441
2.35706
2.35971
2.36236
2.36501
2.36766
2.37032
2.37297
2.37562
2.37811
2.38061
2.38311
2.38561
2.39010
2.39460
2.39910
2.40360
2.40707
2.41053
2.41400
2.41747
2.42029
2.42311
2.42593
2.42875
2.43126
2.43377
2.43629
2.43880
2.44013
2.44147
2.44281
2.44415
2.44545
2.44675
2.44805
2.44935
2.44946
2.44956
2.44967
2.44977
2.44955
2.44933
2.44911
2.44890
2.44758
2.44625
2.44493
2.44361
2.44130
2.43899
2.43668
2.43437
2.43107
2.42776
2.42446
2.42116
2.41672
2.41227
2.40783
2.40338
2.39754
2.39169
2.38585
2.38000
2.37493
2.36986
2.36478
2.35971
2.35235
2.34498
2.33762
2.33026
2.32700
2.32374
2.32048
2.31722
2.31218
2.30714
2.30210
2.29705
2.29746
2.29786
2.29826
2.29867
2.29981
2.30096
2.30210
2.30325
2.30861
2.31397
2.31934
2.32470
2.33337
2.34205
2.35072
2.35939
2.37022
2.38105
2.39189
2.40272
2.41771
2.43270
2.44769
2.46268
2.47734
2.49200
2.50666
2.52131
2.53765
2.55398
2.57032
2.58665
2.60351
2.62038
2.63724
2.65411
2.66928
2.68445
2.69962
2.71480
2.73269
2.75059
2.76848
2.78638
2.79898
2.81158
2.82418
2.83678
2.85301
2.86923
2.88546
2.90169
2.91437
2.92705
2.93973
2.95241
2.96751
2.98262
2.99773
3.01283
3.02835
3.04387
3.05939
3.07491
3.09198
3.10904
3.12611
3.14317
3.16280
3.18244
3.20207
3.22171
3.24296
3.26422
3.28547
3.30672
3.33014
3.35356
3.37698
3.40040
3.42572
3.45105
3.47637
3.50169
3.52970
3.55772
3.58573
3.61374
3.64440
3.67506
3.70571
3.73637
3.77121
3.80605
3.84090
3.87574
3.91406
3.95239
3.99071
4.02904
4.07006
4.11108
4.15210
4.19311
4.23591
4.27871
4.32151
4.36430
4.40883
4.45335
4.49787
4.54239
4.58395
4.62550
4.66706
4.70861
4.75220
4.79579
4.83938
4.88297
4.92249
4.96201
5.00152
5.04104
5.07991
5.11878
5.15765
5.19651
5.23414
5.27176
5.30939
5.34701
5.37131
5.39561
5.41992
5.44422
5.47412
5.50402
5.53393
5.56383
5.58654
5.60925
5.63197
5.65468
5.67759
5.70049
5.72340
5.74630
5.77450
5.80269
5.83089
5.85908
5.86867
5.87825
5.88783
5.89741
5.90994
5.92246
5.93498
5.94750
5.96261
5.97772
5.99283
6.00794
6.01166
6.01538
6.01911
6.02283
6.02657
6.03031
6.03405
6.03779
6.04242
6.04705
6.05167
6.05630
6.05768
6.05905
6.06042
6.06180
6.06331
6.06483
6.06634
6.06786
6.06976
6.07166
6.07356
6.07546
6.07931
6.08316
6.08701
6.09085
6.09733
6.10381
6.11029
6.11677
6.12443
6.13209
6.13975
6.14740
6.15577
6.16413
6.17249
6.18085
6.18763
6.19440
6.20118
6.20795
6.20914
6.21034
6.21153
6.21272
6.20282
6.19291
6.18300
6.17309
6.11911
6.06512
6.01114
5.95715
5.88175
5.80635
5.73095
5.65555
2.22754
2.22996
2.23238
2.23480
2.23722
2.23963
2.24205
2.24447
2.24689
2.24931
2.25173
2.25414
2.25656
2.25898
2.26140
2.26382
2.26624
2.26865
2.27107
2.27349
2.27591
2.27833
2.28075
2.28316
2.28558
2.28800
2.29042
2.29284
2.29526
2.29767
2.30009
2.30251
2.30493
2.30735
2.30977
2.31218
2.31460
2.31702
2.31944
2.32186
2.32428
2.32669
2.32911
2.33153
2.33395
2.33637
2.33879
2.34120
2.34362
2.34604
2.34846
2.35088
2.35330
2.35571
2.35813
2.36055
2.36297
2.36539
2.36781
2.37022
2.37264
2.37506
2.37748
2.37990
2.38232
2.38473
2.38715
2.38957
2.39199
2.39441
2.39683
2.39924
2.40166
2.40408
2.40650
2.40892
2.41134
2.41376
2.41617
2.41859
2.42101
2.42343
2.42585
2.42827
2.43068
2.43310
2.43552
2.43794
2.44036
2.44278
2.44519
2.44761
2.45003
2.45245
2.45487
2.45729
2.45970
2.46212
2.46454
2.46696
2.46938
2.47180
2.47421
2.47663
2.47905
2.48147
2.48389
2.48631
2.48872
2.49114
2.49356
2.49598
2.49840
2.50082
2.50323
2.50565
2.50807
2.51049
2.51291
2.51533
2.51774
2.52016
2.52258
2.52500
2.52742
2.52872
2.53003
2.53133
2.53264
2.53562
2.53861
2.54159
2.54457
2.54749
2.55040
2.55331
2.55623
2.55797
2.55971
2.56145
2.56319
2.56515
2.56710
2.56906
2.57102
2.57169
2.57236
2.57303
2.57371
2.57444
2.57518
2.57592
2.57666
2.57624
2.57583
2.57542
2.57500
2.57398
2.57296
2.57194
2.57092
2.56866
2.56641
2.56415
2.56189
2.55798
2.55406
2.55015
2.54623
2.54096
2.53568
2.53040
2.52512
2.51807
2.51102
2.50397
2.49692
2.48756
2.47821
2.46885
2.45950
2.45164
2.44378
2.43592
2.42806
2.41623
2.40440
2.39257
2.38074
2.37575
2.37076
2.36577
2.36078
2.35246
2.34414
2.33582
2.32750
2.32752
2.32754
2.32756
2.32759
2.32818
2.32878
2.32938
2.32997
2.33596
2.34195
2.34793
2.35392
2.36408
2.37423
2.38439
2.39454
2.40834
2.42214
2.43595
2.44975
2.46847
2.48719
2.50592
2.52464
2.54482
2.56501
2.58520
2.60539
2.62712
2.64886
2.67060
2.69233
2.71623
2.74012
2.76402
2.78791
2.80891
2.82991
2.85091
2.87191
2.89738
2.92285
2.94832
2.97379
2.99049
3.00720
3.02390
3.04061
3.06200
3.08338
3.10477
3.12615
3.14057
3.15498
3.16940
3.18381
3.19954
3.21527
3.23099
3.24672
3.26011
3.27350
3.28689
3.30028
3.31251
3.32475
3.33698
3.34921
3.36250
3.37579
3.38908
3.40237
3.41484
3.42731
3.43977
3.45224
3.46681
3.48138
3.49596
3.51053
3.52587
3.54121
3.55656
3.57190
3.59054
3.60918
3.62782
3.64646
3.66815
3.68984
3.71153
3.73323
3.75977
3.78631
3.81286
3.83940
3.87040
3.90140
3.93240
3.96339
3.99877
4.03414
4.06952
4.10489
4.14323
4.18157
4.21991
4.25826
4.29959
4.34093
4.38226
4.42360
4.46465
4.50570
4.54675
4.58779
4.63054
4.67329
4.71604
4.75878
4.80003
4.84127
4.88252
4.92376
4.96326
5.00276
5.04226
5.08176
5.12263
5.16349
5.20436
5.24523
5.27124
5.29724
5.32324
5.34925
5.38078
5.41232
5.44385
5.47539
5.50100
5.52661
5.55222
5.57783
5.60295
5.62807
5.65319
5.67832
5.70849
5.73866
5.76883
5.79900
5.81011
5.82122
5.83233
5.84344
5.85854
5.87364
5.88874
5.90384
5.92071
5.93757
5.95444
5.97130
5.97556
5.97983
5.98409
5.98835
5.99402
5.99969
6.00535
6.01102
6.01783
6.02464
6.03145
6.03826
6.04037
6.04248
6.04459
6.04670
6.04970
6.05271
6.05571
6.05871
6.06266
6.06661
6.07056
6.07451
6.07899
6.08348
6.08797
6.09245
6.09932
6.10618
6.11305
6.11991
6.12747
6.13502
6.14257
6.15013
6.15814
6.16615
6.17415
6.18216
6.18822
6.19428
6.20034
6.20640
6.20689
6.20737
6.20785
6.20833
6.19659
6.18484
6.17309
6.16135
6.10692
6.05250
5.99808
5.94365
5.87254
5.80142
5.73031
5.65919
2.35649
2.35879
2.36108
2.36338
2.36568
2.36798
2.37028
2.37258
2.37488
2.37718
2.37948
2.38178
2.38407
2.38637
2.38867
2.39097
2.39327
2.39557
2.39787
2.40017
2.40247
2.40477
2.40706
2.40936
2.41166
2.41396
2.41626
2.41856
2.42086
2.42316
2.42546
2.42776
2.43005
2.43235
2.43465
2.43695
2.43925
2.44155
2.44385
2.44615
2.44845
2.45074
2.45304
2.45534
2.45764
2.45994
2.46224
2.46454
2.46684
2.46914
2.47144
2.47373
2.47603
2.47833
2.48063
2.48293
2.48523
2.48753
2.48983
2.49213
2.49443
2.49672
2.49902
2.50132
2.50362
2.50592
2.50822
2.51052
2.51282
2.51512
2.51742
2.51971
2.52201
2.52431
2.52661
2.52891
2.53121
2.53351
2.53581
2.53811
2.54040
2.54270
2.54500
2.54730
2.54960
2.55190
2.55420
2.55650
2.55880
2.56110
2.56339
2.56569
2.56799
2.57029
2.57259
2.57489
2.57719
2.57949
2.58179
2.58409
2.58638
2.58868
2.59098
2.59328
2.59558
2.59788
2.60018
2.60248
2.60478
2.60708
2.60937
2.61167
2.61397
2.61627
2.61857
2.62087
2.62317
2.62547
2.62777
2.63007
2.63236
2.63466
2.63696
2.63926
2.64156
2.64232
2.64308
2.64384
2.64460
2.64521
2.64583
2.64644
2.64706
2.64701
2.64696
2.64691
2.64687
2.64603
2.64520
2.64436
2.64353
2.64351
2.64348
2.64345
2.64343
2.64233
2.64123
2.64014
2.63904
2.63871
2.63839
2.63806
2.63773
2.63636
2.63499
2.63362
2.63224
2.63068
2.62912
2.62756
2.62600
2.62322
2.62045
2.61767
2.61489
2.61059
2.60629
2.60199
2.59769
2.59201
2.58634
2.58066
2.57499
2.56758
2.56018
2.55277
2.54537
2.53558
2.52579
2.51599
2.50620
2.49821
2.49021
2.48221
2.47422
2.46197
2.44972
2.43747
2.42522
2.42051
2.41580
2.41109
2.40638
2.39789
2.38940
2.38091
2.37242
2.37290
2.37337
2.37385
2.37433
2.37502
2.37570
2.37639
2.37708
2.38324
2.38941
2.39558
2.40175
2.41184
2.42193
2.43202
2.44211
2.45641
2.47070
2.48499
2.49928
2.51820
2.53712
2.55604
2.57495
2.59638
2.61781
2.63924
2.66066
2.68338
2.70609
2.72880
2.75151
2.77731
2.80310
2.82889
2.85469
2.87737
2.90006
2.92275
2.94543
2.97339
3.00135
3.02931
3.05726
3.07571
3.09415
3.11259
3.13104
3.15453
3.17802
3.20151
3.22500
3.24060
3.25620
3.27180
3.28740
3.30349
3.31959
3.33568
3.35177
3.36461
3.37744
3.39028
3.40312
3.41275
3.42238
3.43201
3.44164
3.45194
3.46223
3.47253
3.48282
3.49022
3.49761
3.50501
3.51241
3.52214
3.53188
3.54161
3.55135
3.56075
3.57014
3.57954
3.58894
3.60186
3.61477
3.62769
3.64061
3.65650
3.67238
3.68827
3.70416
3.72488
3.74560
3.76632
3.78704
3.81265
3.83826
3.86387
3.88948
3.92020
3.95092
3.98164
4.01236
4.04706
4.08175
4.11645
4.15115
4.18981
4.22846
4.26712
4.30578
4.34629
4.38680
4.42730
4.46781
4.50972
4.55163
4.59353
4.63544
4.67793
4.72043
4.76292
4.80541
4.84537
4.88534
4.92530
4.96526
5.00823
5.05120
5.09417
5.13714
5.16541
5.19368
5.22194
5.25021
5.28313
5.31604
5.34895
5.38187
5.41033
5.43880
5.46727
5.49573
5.52269
5.54964
5.57660
5.60356
5.63544
5.66733
5.69922
5.73111
5.74427
5.75742
5.77057
5.78373
5.80127
5.81881
5.83635
5.85389
5.87266
5.89144
5.91021
5.92898
5.93411
5.93923
5.94435
5.94948
5.95712
5.96475
5.97239
5.98003
5.98874
5.99745
6.00616
6.01487
6.01792
6.02098
6.02403
6.02709
6.03173
6.03637
6.04101
6.04566
6.05140
6.05715
6.06289
6.06864
6.07376
6.07889
6.08401
6.08913
6.09657
6.10400
6.11143
6.11886
6.12632
6.13378
6.14124
6.14869
6.15646
6.16422
6.17198
6.17975
6.18518
6.19061
6.19604
6.20147
6.20128
6.20109
6.20090
6.20071
6.18706
6.17341
6.15976
6.14611
6.09191
6.03771
5.98350
5.92930
5.86158
5.79386
5.72614
5.65842
2.38052
2.38293
2.38534
2.38775
2.39016
2.39256
2.39497
2.39738
2.39979
2.40220
2.40461
2.40702
2.40943
2.41184
2.41425
2.41666
2.41907
2.42148
2.42389
2.42629
2.42870
2.43111
2.43352
2.43593
2.43834
2.44075
2.44316
2.44557
2.44798
2.45039
2.45280
2.45521
2.45762
2.46002
2.46243
2.46484
2.46725
2.46966
2.47207
2.47448
2.47689
2.47930
2.48171
2.48412
2.48653
2.48894
2.49135
2.49375
2.49616
2.49857
2.50098
2.50339
2.50580
2.50821
2.51062
2.51303
2.51544
2.51785
2.52026
2.52267
2.52507
2.52748
2.52989
2.53230
2.53471
2.53712
2.53953
2.54194
2.54435
2.54676
2.54917
2.55158
2.55399
2.55640
2.55880
2.56121
2.56362
2.56603
2.56844
2.57085
2.57326
2.57567
2.57808
2.58049
2.58290
2.58531
2.58772
2.59013
2.59253
2.59494
2.59735
2.59976
2.60217
2.60458
2.60699
2.60940
2.61181
2.61422
2.61663
2.61904
2.62145
2.62385
2.62626
2.62867
2.63108
2.63349
2.63590
2.63831
2.64072
2.64313
2.64554
2.64795
2.65036
2.65277
2.65518
2.65758
2.65999
2.66240
2.66481
2.66722
2.66963
2.67204
2.67445
2.67686
2.67927
2.68079
2.68232
2.68384
2.68537
2.68188
2.67840
2.67491
2.67143
2.66353
2.65563
2.64773
2.63983
2.63339
2.62694
2.62050
2.61405
2.60915
2.60425
2.59935
2.59445
2.58934
2.58423
2.57911
2.57400
2.57160
2.56919
2.56678
2.56437
2.56115
2.55793
2.55471
2.55149
2.54992
2.54834
2.54677
2.54520
2.54275
2.54031
2.53786
2.53542
2.53320
2.53097
2.52875
2.52653
2.52366
2.52079
2.51793
2.51506
2.51187
2.50868
2.50549
2.50230
2.49831
2.49433
2.49035
2.48636
2.48360
2.48084
2.47808
2.47532
2.47087
2.46643
2.46199
2.45754
2.45718
2.45682
2.45647
2.45611
2.45376
2.45141
2.44906
2.44671
2.44935
2.45198
2.45462
2.45726
2.45933
2.46140
2.46347
2.46554
2.47099
2.47644
2.48189
2.48734
2.49423
2.50113
2.50802
2.51492
2.52466
2.53440
2.54414
2.55389
2.56583
2.57777
2.58971
2.60165
2.61561
2.62958
2.64354
2.65750
2.67220
2.68691
2.70161
2.71631
2.73359
2.75086
2.76814
2.78542
2.80139
2.81736
2.83333
2.84930
2.86942
2.88955
2.90968
2.92980
2.94518
2.96055
2.97592
2.99130
3.01069
3.03008
3.04947
3.06887
3.08455
3.10022
3.11590
3.13158
3.14751
3.16345
3.17938
3.19531
3.21080
3.22628
3.24176
3.25724
3.26880
3.28035
3.29191
3.30347
3.31757
3.33166
3.34576
3.35986
3.36973
3.37960
3.38947
3.39934
3.41237
3.42541
3.43845
3.45149
3.46313
3.47477
3.48642
3.49806
3.51267
3.52727
3.54187
3.55648
3.57298
3.58948
3.60597
3.62247
3.64239
3.66231
3.68222
3.70214
3.72630
3.75047
3.77463
3.79880
3.82686
3.85493
3.88300
3.91106
3.94377
3.97648
4.00918
4.04189
4.07890
4.11591
4.15292
4.18993
4.22983
4.26973
4.30963
4.34953
4.39060
4.43167
4.47275
4.51382
4.55659
4.59936
4.64212
4.68489
4.72498
4.76506
4.80515
4.84523
4.88798
4.93073
4.97349
5.01624
5.04791
5.07958
5.11126
5.14293
5.17670
5.21048
5.24426
5.27803
5.30927
5.34052
5.37176
5.40300
5.43101
5.45902
5.48703
5.51504
5.54812
5.58120
5.61428
5.64737
5.66361
5.67986
5.69611
5.71236
5.73206
5.75176
5.77146
5.79116
5.81216
5.83316
5.85415
5.87515
5.88178
5.88841
5.89504
5.90168
5.91138
5.92108
5.93078
5.94047
5.95052
5.96056
5.97061
5.98065
5.98506
5.98947
5.99388
5.99829
6.00489
6.01149
6.01809
6.02469
6.03172
6.03874
6.04577
6.05280
6.05855
6.06431
6.07007
6.07583
6.08420
6.09257
6.10094
6.10931
6.11668
6.12406
6.13144
6.13882
6.14656
6.15429
6.16203
6.16976
6.17474
6.17972
6.18469
6.18967
6.18889
6.18810
6.18731
6.18653
6.17084
6.15516
6.13947
6.12379
6.07115
6.01851
5.96586
5.91322
5.84709
5.78096
5.71483
5.64870
2.40455
2.40707
2.40959
2.41211
2.41463
2.41715
2.41967
2.42219
2.42471
2.42723
2.42975
2.43227
2.43479
2.43730
2.43982
2.44234
2.44486
2.44738
2.44990
2.45242
2.45494
2.45746
2.45998
2.46250
2.46502
2.46754
2.47006
2.47258
2.47510
2.47762
2.48014
2.48266
2.48518
2.48770
2.49022
2.49274
2.49525
2.49777
2.50029
2.50281
2.50533
2.50785
2.51037
2.51289
2.51541
2.51793
2.52045
2.52297
2.52549
2.52801
2.53053
2.53305
2.53557
2.53809
2.54061
2.54313
2.54565
2.54817
2.55069
2.55320
2.55572
2.55824
2.56076
2.56328
2.56580
2.56832
2.57084
2.57336
2.57588
2.57840
2.58092
2.58344
2.58596
2.58848
2.59100
2.59352
2.59604
2.59856
2.60108
2.60360
2.60612
2.60863
2.61115
2.61367
2.61619
2.61871
2.62123
2.62375
2.62627
2.62879
2.63131
2.63383
2.63635
2.63887
2.64139
2.64391
2.64643
2.64895
2.65147
2.65399
2.65651
2.65903
2.66155
2.66407
2.66658
2.66910
2.67162
2.67414
2.67666
2.67918
2.68170
2.68422
2.68674
2.68926
2.69178
2.69430
2.69682
2.69934
2.70186
2.70438
2.70690
2.70942
2.71194
2.71446
2.71698
2.71927
2.72156
2.72385
2.72614
2.71856
2.71097
2.70338
2.69580
2.68005
2.66430
2.64854
2.63279
2.62074
2.60868
2.59663
2.58457
2.57480
2.56502
2.55525
2.54548
2.53635
2.52722
2.51809
2.50897
2.50448
2.49999
2.49550
2.49102
2.48595
2.48088
2.47581
2.47074
2.46915
2.46757
2.46598
2.46439
2.46228
2.46017
2.45805
2.45594
2.45580
2.45566
2.45551
2.45537
2.45531
2.45525
2.45519
2.45513
2.45615
2.45718
2.45820
2.45923
2.46105
2.46287
2.46470
2.46652
2.46899
2.47147
2.47394
2.47642
2.47978
2.48314
2.48650
2.48986
2.49385
2.49785
2.50184
2.50584
2.50963
2.51342
2.51721
2.52100
2.52580
2.53060
2.53539
2.54019
2.54365
2.54710
2.55056
2.55401
2.55874
2.56347
2.56820
2.57293
2.57663
2.58032
2.58402
2.58772
2.59291
2.59811
2.60330
2.60850
2.61346
2.61842
2.62338
2.62834
2.63484
2.64134
2.64784
2.65434
2.66103
2.66772
2.67441
2.68111
2.68987
2.69863
2.70739
2.71615
2.72540
2.73466
2.74391
2.75316
2.76545
2.77775
2.79005
2.80234
2.81465
2.82695
2.83926
2.85156
2.86685
2.88215
2.89744
2.91274
2.92849
2.94425
2.96000
2.97576
2.99153
3.00731
3.02308
3.03886
3.05698
3.07511
3.09323
3.11136
3.12484
3.13833
3.15181
3.16530
3.18319
3.20109
3.21899
3.23689
3.24924
3.26158
3.27392
3.28627
3.30261
3.31895
3.33528
3.35162
3.36551
3.37940
3.39329
3.40718
3.42347
3.43977
3.45606
3.47235
3.48946
3.50657
3.52368
3.54079
3.55990
3.57901
3.59813
3.61724
3.63996
3.66267
3.68539
3.70811
3.73352
3.75894
3.78435
3.80977
3.84049
3.87120
3.90192
3.93264
3.96800
4.00336
4.03872
4.07408
4.11337
4.15266
4.19195
4.23124
4.27148
4.31172
4.35196
4.39220
4.43524
4.47829
4.52133
4.56437
4.60458
4.64479
4.68500
4.72521
4.76774
4.81027
4.85280
4.89533
4.93041
4.96549
5.00057
5.03565
5.07028
5.10492
5.13956
5.17420
5.20821
5.24223
5.27625
5.31027
5.33934
5.36840
5.39747
5.42653
5.46080
5.49508
5.52935
5.56362
5.58296
5.60231
5.62165
5.64099
5.66285
5.68472
5.70658
5.72844
5.75166
5.77488
5.79809
5.82131
5.82945
5.83760
5.84574
5.85388
5.86564
5.87740
5.88916
5.90092
5.91230
5.92367
5.93505
5.94643
5.95220
5.95796
5.96373
5.96950
5.97805
5.98661
5.99517
6.00372
6.01203
6.02034
6.02865
6.03696
6.04335
6.04974
6.05613
6.06252
6.07183
6.08113
6.09044
6.09975
6.10705
6.11435
6.12165
6.12895
6.13666
6.14436
6.15207
6.15978
6.16430
6.16883
6.17335
6.17787
6.17649
6.17511
6.17372
6.17234
6.15462
6.13690
6.11919
6.10147
6.05039
5.99930
5.94822
5.89714
5.83260
5.76806
5.70352
5.63898
2.17585
2.17840
2.18096
2.18351
2.18607
2.18862
2.19118
2.19373
2.19629
2.19884
2.20140
2.20395
2.20651
2.20906
2.21162
2.21417
2.21673
2.21928
2.22184
2.22439
2.22695
2.22950
2.23206
2.23461
2.23717
2.23972
2.24227
2.24483
2.24738
2.24994
2.25249
2.25505
2.25760
2.26016
2.26271
2.26527
2.26782
2.27038
2.27293
2.27549
2.27804
2.28060
2.28315
2.28571
2.28826
2.29082
2.29337
2.29593
2.29848
2.30104
2.30359
2.30614
2.30870
2.31125
2.31381
2.31636
2.31892
2.32147
2.32403
2.32658
2.32914
2.33169
2.33425
2.33680
2.33936
2.34191
2.34447
2.34702
2.34958
2.35213
2.35469
2.35724
2.35980
2.36235
2.36491
2.36746
2.37002
2.37257
2.37512
2.37768
2.38023
2.38279
2.38534
2.38790
2.39045
2.39301
2.39556
2.39812
2.40067
2.40323
2.40578
2.40834
2.41089
2.41345
2.41600
2.41856
2.42111
2.42367
2.42622
2.42878
2.43133
2.43389
2.43644
2.43899
2.44155
2.44410
2.44666
2.44921
2.45177
2.45432
2.45688
2.45943
2.46199
2.46454
2.46710
2.46965
2.47221
2.47476
2.47732
2.47987
2.48243
2.48498
2.48754
2.49009
2.49265
2.49520
2.49776
2.50031
2.50286
2.49701
2.49115
2.48529
2.47943
2.46815
2.45686
2.44558
2.43429
2.42667
2.41904
2.41141
2.40378
2.39729
2.39079
2.38429
2.37780
2.37270
2.36761
2.36252
2.35742
2.35555
2.35367
2.35180
2.34992
2.34857
2.34722
2.34587
2.34451
2.34520
2.34589
2.34658
2.34727
2.34826
2.34925
2.35024
2.35123
2.35336
2.35549
2.35762
2.35975
2.36214
2.36453
2.36693
2.36932
2.37269
2.37606
2.37942
2.38279
2.38695
2.39111
2.39527
2.39944
2.40421
2.40898
2.41374
2.41851
2.42459
2.43067
2.43675
2.44283
2.44916
2.45549
2.46181
2.46814
2.47512
2.48210
2.48908
2.49606
2.50387
2.51168
2.51949
2.52730
2.53419
2.54109
2.54798
2.55487
2.56360
2.57232
2.58105
2.58977
2.59637
2.60296
2.60956
2.61616
2.62464
2.63313
2.64161
2.65010
2.65637
2.66265
2.66892
2.67520
2.68248
2.68976
2.69704
2.70433
2.71086
2.71738
2.72391
2.73044
2.73736
2.74429
2.75121
2.75814
2.76606
2.77398
2.78190
2.78982
2.79881
2.80779
2.81678
2.82577
2.83664
2.84751
2.85839
2.86926
2.88176
2.89427
2.90677
2.91927
2.93424
2.94921
2.96418
2.97915
2.99402
3.00889
3.02376
3.03863
3.05724
3.07585
3.09446
3.11307
3.12795
3.14283
3.15771
3.17259
3.19220
3.21181
3.23142
3.25103
3.26560
3.28017
3.29474
3.30930
3.32688
3.34445
3.36202
3.37960
3.39493
3.41025
3.42558
3.44091
3.45624
3.47157
3.48690
3.50223
3.51866
3.53509
3.55151
3.56794
3.58427
3.60060
3.61693
3.63326
3.65319
3.67312
3.69305
3.71297
3.73366
3.75435
3.77504
3.79572
3.82157
3.84741
3.87325
3.89909
3.92906
3.95904
3.98901
4.01898
4.05337
4.08777
4.12217
4.15656
4.19290
4.22924
4.26557
4.30191
4.34190
4.38189
4.42189
4.46188
4.50025
4.53862
4.57699
4.61536
4.65542
4.69548
4.73554
4.77559
4.81218
4.84877
4.88536
4.92195
4.95763
4.99331
5.02900
5.06468
5.10146
5.13824
5.17502
5.21180
5.24172
5.27164
5.30156
5.33148
5.36638
5.40129
5.43619
5.47110
5.49353
5.51597
5.53840
5.56083
5.58398
5.60712
5.63026
5.65340
5.67861
5.70381
5.72902
5.75422
5.76425
5.77427
5.78429
5.79431
5.80847
5.82263
5.83678
5.85094
5.86423
5.87752
5.89081
5.90410
5.91136
5.91861
5.92587
5.93313
5.94371
5.95429
5.96488
5.97546
5.98491
5.99436
6.00381
6.01326
6.02038
6.02751
6.03463
6.04175
6.05208
6.06241
6.07274
6.08306
6.09028
6.09750
6.10473
6.11195
6.11971
6.12748
6.13524
6.14301
6.14714
6.15127
6.15540
6.15953
6.15760
6.15567
6.15374
6.15181
6.13246
6.11312
6.09377
6.07443
6.02503
5.97562
5.92622
5.87681
5.81294
5.74906
5.68518
5.62130
1.81237
1.81492
1.81747
1.82002
1.82257
1.82512
1.82767
1.83022
1.83277
1.83532
1.83787
1.84042
1.84297
1.84552
1.84807
1.85062
1.85317
1.85572
1.85827
1.86082
1.86337
1.86592
1.86847
1.87102
1.87357
1.87612
1.87867
1.88122
1.88377
1.88632
1.88887
1.89142
1.89397
1.89652
1.89907
1.90162
1.90417
1.90672
1.90927
1.91182
1.91437
1.91692
1.91947
1.92202
1.92457
1.92712
1.92967
1.93222
1.93477
1.93732
1.93987
1.94242
1.94497
1.94752
1.95007
1.95262
1.95517
1.95772
1.96027
1.96282
1.96537
1.96792
1.97047
1.97302
1.97557
1.97812
1.98067
1.98322
1.98577
1.98832
1.99087
1.99342
1.99597
1.99852
2.00107
2.00362
2.00617
2.00872
2.01127
2.01382
2.01637
2.01892
2.02147
2.02402
2.02657
2.02912
2.03167
2.03422
2.03677
2.03932
2.04187
2.04442
2.04697
2.04952
2.05207
2.05462
2.05717
2.05972
2.06227
2.06482
2.06737
2.06992
2.07247
2.07502
2.07757
2.08012
2.08267
2.08522
2.08777
2.09032
2.09287
2.09542
2.09797
2.10052
2.10307
2.10562
2.10817
2.11072
2.11327
2.11582
2.11837
2.12092
2.12347
2.12602
2.12857
2.13112
2.13367
2.13622
2.13877
2.13775
2.13673
2.13571
2.13469
2.13444
2.13419
2.13394
2.13369
2.13584
2.13799
2.14014
2.14230
2.14343
2.14456
2.14569
2.14682
2.15005
2.15328
2.15651
2.15974
2.16299
2.16623
2.16947
2.17271
2.17804
2.18337
2.18870
2.19404
2.19822
2.20241
2.20660
2.21079
2.21635
2.22192
2.22749
2.23306
2.23756
2.24207
2.24657
2.25108
2.25574
2.26039
2.26505
2.26971
2.27442
2.27914
2.28385
2.28857
2.29321
2.29786
2.30251
2.30716
2.31265
2.31815
2.32365
2.32914
2.33523
2.34131
2.34740
2.35348
2.36107
2.36865
2.37624
2.38382
2.39242
2.40101
2.40960
2.41819
2.42947
2.44075
2.45203
2.46331
2.47474
2.48616
2.49759
2.50902
2.52425
2.53948
2.55471
2.56994
2.58269
2.59544
2.60819
2.62094
2.63689
2.65285
2.66881
2.68476
2.69677
2.70878
2.72079
2.73280
2.74526
2.75773
2.77019
2.78266
2.79321
2.80376
2.81431
2.82486
2.83350
2.84215
2.85080
2.85944
2.86891
2.87837
2.88783
2.89730
2.90539
2.91348
2.92157
2.92966
2.93997
2.95029
2.96061
2.97092
2.98133
2.99174
3.00214
3.01255
3.02628
3.04000
3.05373
3.06745
3.08102
3.09459
3.10816
3.12173
3.13967
3.15761
3.17555
3.19349
3.20948
3.22548
3.24147
3.25747
3.27767
3.29788
3.31808
3.33829
3.35495
3.37160
3.38826
3.40492
3.42263
3.44033
3.45804
3.47574
3.49208
3.50842
3.52476
3.54110
3.55405
3.56701
3.57996
3.59291
3.60797
3.62303
3.63808
3.65314
3.66563
3.67812
3.69062
3.70311
3.71953
3.73595
3.75238
3.76880
3.78365
3.79851
3.81336
3.82821
3.84764
3.86707
3.88650
3.90593
3.92852
3.95110
3.97369
3.99628
4.02349
4.05071
4.07792
4.10514
4.13593
4.16673
4.19753
4.22832
4.26349
4.29866
4.33383
4.36900
4.40449
4.43997
4.47546
4.51095
4.54733
4.58371
4.62009
4.65647
4.69356
4.73065
4.76774
4.80483
4.84166
4.87848
4.91531
4.95213
4.99167
5.03120
5.07074
5.11027
5.14094
5.17160
5.20227
5.23294
5.26818
5.30342
5.33866
5.37389
5.39942
5.42494
5.45047
5.47599
5.49994
5.52389
5.54785
5.57180
5.59886
5.62593
5.65300
5.68007
5.69217
5.70427
5.71637
5.72847
5.74520
5.76194
5.77867
5.79540
5.81092
5.82643
5.84194
5.85745
5.86626
5.87508
5.88390
5.89271
5.90536
5.91801
5.93066
5.94331
5.95383
5.96434
5.97486
5.98538
5.99328
6.00119
6.00909
6.01700
6.02839
6.03979
6.05118
6.06258
6.06972
6.07686
6.08400
6.09114
6.09901
6.10688
6.11475
6.12262
6.12639
6.13016
6.13393
6.13770
6.13525
6.13280
6.13035
6.12790
6.10714
6.08638
6.06563
6.04487
5.99721
5.94955
5.90189
5.85423
5.79052
5.72680
5.66309
5.59938
1.57819
1.58073
1.58328
1.58583
1.58837
1.59092
1.59347
1.59601
1.59856
1.60111
1.60366
1.60620
1.60875
1.61130
1.61384
1.61639
1.61894
1.62148
1.62403
1.62658
1.62912
1.63167
1.63422
1.63676
1.63931
1.64186
1.64440
1.64695
1.64950
1.65204
1.65459
1.65714
1.65969
1.66223
1.66478
1.66733
1.66987
1.67242
1.67497
1.67751
1.68006
1.68261
1.68515
1.68770
1.69025
1.69279
1.69534
1.69789
1.70043
1.70298
1.70553
1.70808
1.71062
1.71317
1.71572
1.71826
1.72081
1.72336
1.72590
1.72845
1.73100
1.73354
1.73609
1.73864
1.74118
1.74373
1.74628
1.74882
1.75137
1.75392
1.75646
1.75901
1.76156
1.76411
1.76665
1.76920
1.77175
1.77429
1.77684
1.77939
1.78193
1.78448
1.78703
1.78957
1.79212
1.79467
1.79721
1.79976
1.80231
1.80485
1.80740
1.80995
1.81249
1.81504
1.81759
1.82014
1.82268
1.82523
1.82778
1.83032
1.83287
1.83542
1.83796
1.84051
1.84306
1.84560
1.84815
1.85070
1.85324
1.85579
1.85834
1.86088
1.86343
1.86598
1.86852
1.87107
1.87362
1.87617
1.87871
1.88126
1.88381
1.88635
1.88890
1.89145
1.89399
1.89654
1.89909
1.90163
1.90418
1.90642
1.90865
1.91089
1.91313
1.91972
1.92632
1.93292
1.93951
1.94764
1.95577
1.96390
1.97203
1.97785
1.98368
1.98950
1.99532
2.00338
2.01143
2.01948
2.02753
2.03361
2.03969
2.04577
2.05185
2.06070
2.06956
2.07842
2.08727
2.09308
2.09889
2.10470
2.11051
2.11816
2.12581
2.13347
2.14112
2.14631
2.15150
2.15669
2.16188
2.16718
2.17248
2.17778
2.18308
2.18764
2.19220
2.19676
2.20132
2.20550
2.20967
2.21385
2.21803
2.22304
2.22805
2.23306
2.23807
2.24349
2.24891
2.25433
2.25975
2.26760
2.27545
2.28331
2.29116
2.30041
2.30966
2.31891
2.32817
2.34142
2.35468
2.36794
2.38120
2.39542
2.40965
2.42387
2.43809
2.45699
2.47589
2.49479
2.51368
2.53035
2.54701
2.56367
2.58034
2.60025
2.62016
2.64008
2.65999
2.67556
2.69114
2.70671
2.72228
2.73745
2.75261
2.76777
2.78294
2.79589
2.80884
2.82180
2.83475
2.84446
2.85418
2.86390
2.87361
2.88417
2.89472
2.90528
2.91583
2.92373
2.93162
2.93952
2.94742
2.95776
2.96811
2.97845
2.98880
2.99844
3.00809
3.01773
3.02737
3.04065
3.05393
3.06722
3.08050
3.09382
3.10714
3.12046
3.13377
3.15128
3.16879
3.18629
3.20380
3.22099
3.23818
3.25538
3.27257
3.29300
3.31342
3.33384
3.35427
3.37284
3.39141
3.40999
3.42856
3.44679
3.46503
3.48327
3.50150
3.51947
3.53745
3.55542
3.57339
3.58617
3.59895
3.61173
3.62452
3.64014
3.65577
3.67140
3.68702
3.69873
3.71044
3.72215
3.73386
3.74943
3.76500
3.78057
3.79615
3.80872
3.82129
3.83387
3.84644
3.86224
3.87805
3.89385
3.90966
3.92804
3.94643
3.96482
3.98320
4.00504
4.02688
4.04871
4.07055
4.09711
4.12368
4.15025
4.17681
4.20737
4.23792
4.26847
4.29903
4.33142
4.36381
4.39620
4.42859
4.46131
4.49403
4.52674
4.55946
4.59566
4.63186
4.66806
4.70426
4.74091
4.77757
4.81422
4.85087
4.89129
4.93171
4.97213
5.01255
5.04382
5.07508
5.10635
5.13761
5.17261
5.20760
5.24259
5.27759
5.30580
5.33401
5.36222
5.39043
5.41496
5.43949
5.46401
5.48854
5.51705
5.54555
5.57405
5.60255
5.61696
5.63137
5.64578
5.66019
5.67911
5.69802
5.71693
5.73585
5.75366
5.77147
5.78929
5.80710
5.81740
5.82771
5.83801
5.84831
5.86287
5.87744
5.89200
5.90656
5.91828
5.93000
5.94171
5.95343
5.96213
5.97082
5.97952
5.98821
6.00066
6.01311
6.02556
6.03801
6.04522
6.05242
6.05962
6.06683
6.07486
6.08290
6.09094
6.09897
6.10254
6.10611
6.10967
6.11324
6.11044
6.10763
6.10482
6.10202
6.08024
6.05846
6.03667
6.01489
5.96910
5.92331
5.87752
5.83173
5.76925
5.70676
5.64427
5.58179
1.60355
1.60609
1.60864
1.61119
1.61373
1.61628
1.61883
1.62137
1.62392
1.62647
1.62901
1.63156
1.63411
1.63665
1.63920
1.64175
1.64429
1.64684
1.64939
1.65194
1.65448
1.65703
1.65958
1.66212
1.66467
1.66722
1.66976
1.67231
1.67486
1.67740
1.67995
1.68250
1.68504
1.68759
1.69014
1.69268
1.69523
1.69778
1.70032
1.70287
1.70542
1.70797
1.71051
1.71306
1.71561
1.71815
1.72070
1.72325
1.72579
1.72834
1.73089
1.73343
1.73598
1.73853
1.74107
1.74362
1.74617
1.74871
1.75126
1.75381
1.75635
1.75890
1.76145
1.76400
1.76654
1.76909
1.77164
1.77418
1.77673
1.77928
1.78182
1.78437
1.78692
1.78946
1.79201
1.79456
1.79710
1.79965
1.80220
1.80474
1.80729
1.80984
1.81239
1.81493
1.81748
1.82003
1.82257
1.82512
1.82767
1.83021
1.83276
1.83531
1.83785
1.84040
1.84295
1.84549
1.84804
1.85059
1.85313
1.85568
1.85823
1.86077
1.86332
1.86587
1.86842
1.87096
1.87351
1.87606
1.87860
1.88115
1.88370
1.88624
1.88879
1.89134
1.89388
1.89643
1.89898
1.90152
1.90407
1.90662
1.90916
1.91171
1.91426
1.91680
1.91935
1.92190
1.92445
1.92699
1.92954
1.93186
1.93419
1.93651
1.93884
1.94387
1.94891
1.95395
1.95898
1.96546
1.97193
1.97841
1.98488
1.98951
1.99414
1.99876
2.00339
2.00923
2.01507
2.02091
2.02674
2.03108
2.03542
2.03976
2.04410
2.05014
2.05618
2.06221
2.06825
2.07192
2.07558
2.07925
2.08291
2.08764
2.09237
2.09711
2.10184
2.10432
2.10680
2.10929
2.11177
2.11445
2.11713
2.11981
2.12248
2.12388
2.12529
2.12669
2.12809
2.12987
2.13166
2.13344
2.13522
2.13731
2.13941
2.14150
2.14359
2.14699
2.15039
2.15379
2.15719
2.16333
2.16947
2.17561
2.18175
2.18974
2.19774
2.20573
2.21373
2.22597
2.23821
2.25046
2.26270
2.27624
2.28978
2.30331
2.31685
2.33371
2.35057
2.36743
2.38429
2.40038
2.41647
2.43256
2.44865
2.46546
2.48227
2.49908
2.51590
2.53068
2.54547
2.56026
2.57505
2.58792
2.60080
2.61367
2.62655
2.63865
2.65075
2.66285
2.67495
2.68443
2.69391
2.70338
2.71286
2.72360
2.73433
2.74507
2.75581
2.76493
2.77404
2.78315
2.79227
2.80383
2.81538
2.82694
2.83850
2.85004
2.86159
2.87313
2.88468
2.89913
2.91358
2.92803
2.94248
2.95766
2.97285
2.98803
3.00321
3.02075
3.03830
3.05584
3.07338
3.09194
3.11050
3.12906
3.14762
3.16751
3.18740
3.20728
3.22717
3.24730
3.26744
3.28757
3.30770
3.32727
3.34684
3.36641
3.38597
3.40683
3.42769
3.44854
3.46940
3.48643
3.50346
3.52049
3.53752
3.55761
3.57771
3.59781
3.61791
3.63496
3.65201
3.66907
3.68612
3.70617
3.72622
3.74627
3.76632
3.78376
3.80119
3.81862
3.83605
3.85383
3.87161
3.88938
3.90716
3.92773
3.94831
3.96888
3.98945
4.00953
4.02960
4.04968
4.06976
4.09472
4.11969
4.14465
4.16962
4.19597
4.22232
4.24868
4.27503
4.30390
4.33277
4.36164
4.39051
4.41959
4.44867
4.47775
4.50683
4.53934
4.57186
4.60437
4.63689
4.67074
4.70458
4.73842
4.77227
4.80983
4.84739
4.88495
4.92251
4.95406
4.98562
5.01717
5.04872
5.08231
5.11590
5.14949
5.18308
5.21317
5.24325
5.27334
5.30343
5.32806
5.35270
5.37734
5.40197
5.43106
5.46014
5.48922
5.51830
5.53548
5.55266
5.56984
5.58702
5.60732
5.62762
5.64792
5.66822
5.68850
5.70878
5.72906
5.74934
5.76098
5.77262
5.78426
5.79590
5.81207
5.82824
5.84441
5.86058
5.87377
5.88695
5.90014
5.91332
5.92282
5.93233
5.94183
5.95133
5.96481
5.97829
5.99176
6.00524
6.01280
6.02035
6.02791
6.03546
6.04380
6.05213
6.06046
6.06880
6.07247
6.07615
6.07982
6.08350
6.08067
6.07784
6.07501
6.07219
6.05016
6.02813
6.00610
5.98407
5.94041
5.89674
5.85308
5.80941
5.75028
5.69114
5.63201
5.57287
1.62890
1.63145
1.63400
1.63654
1.63909
1.64164
1.64418
1.64673
1.64928
1.65183
1.65437
1.65692
1.65947
1.66201
1.66456
1.66711
1.66965
1.67220
1.67475
1.67729
1.67984
1.68239
1.68493
1.68748
1.69003
1.69257
1.69512
1.69767
1.70022
1.70276
1.70531
1.70786
1.71040
1.71295
1.71550
1.71804
1.72059
1.72314
1.72568
1.72823
1.73078
1.73332
1.73587
1.73842
1.74096
1.74351
1.74606
1.74860
1.75115
1.75370
1.75625
1.75879
1.76134
1.76389
1.76643
1.76898
1.77153
1.77407
1.77662
1.77917
1.78171
1.78426
1.78681
1.78935
1.79190
1.79445
1.79699
1.79954
1.80209
1.80463
1.80718
1.80973
1.81228
1.81482
1.81737
1.81992
1.82246
1.82501
1.82756
1.83010
1.83265
1.83520
1.83774
1.84029
1.84284
1.84538
1.84793
1.85048
1.85302
1.85557
1.85812
1.86066
1.86321
1.86576
1.86831
1.87085
1.87340
1.87595
1.87849
1.88104
1.88359
1.88613
1.88868
1.89123
1.89377
1.89632
1.89887
1.90141
1.90396
1.90651
1.90905
1.91160
1.91415
1.91670
1.91924
1.92179
1.92434
1.92688
1.92943
1.93198
1.93452
1.93707
1.93962
1.94216
1.94471
1.94726
1.94980
1.95235
1.95490
1.95731
1.95972
1.96213
1.96454
1.96802
1.97150
1.97498
1.97845
1.98327
1.98809
1.99291
1.99773
2.00117
2.00460
2.00803
2.01146
2.01508
2.01870
2.02233
2.02595
2.02855
2.03116
2.03376
2.03636
2.03958
2.04279
2.04601
2.04923
2.05075
2.05227
2.05379
2.05532
2.05713
2.05893
2.06074
2.06255
2.06233
2.06211
2.06189
2.06166
2.06172
2.06178
2.06183
2.06189
2.06013
2.05837
2.05661
2.05486
2.05425
2.05364
2.05303
2.05242
2.05159
2.05076
2.04994
2.04911
2.05049
2.05187
2.05325
2.05462
2.05905
2.06348
2.06791
2.07234
2.07908
2.08582
2.09255
2.09929
2.11052
2.12175
2.13298
2.14420
2.15706
2.16991
2.18276
2.19561
2.21043
2.22525
2.24007
2.25489
2.27040
2.28592
2.30144
2.31696
2.33067
2.34438
2.35809
2.37180
2.38581
2.39981
2.41381
2.42781
2.43840
2.44898
2.45957
2.47016
2.48141
2.49266
2.50391
2.51516
2.52440
2.53363
2.54286
2.55210
2.56302
2.57395
2.58487
2.59580
2.60613
2.61646
2.62679
2.63712
2.64989
2.66266
2.67543
2.68820
2.70165
2.71509
2.72854
2.74199
2.75761
2.77323
2.78885
2.80447
2.82151
2.83856
2.85560
2.87265
2.89023
2.90781
2.92538
2.94296
2.96289
2.98282
3.00275
3.02267
3.04202
3.06137
3.08072
3.10007
3.12177
3.14346
3.16515
3.18685
3.20775
3.22865
3.24955
3.27045
3.29419
3.31793
3.34167
3.36540
3.38668
3.40796
3.42924
3.45052
3.47509
3.49965
3.52422
3.54879
3.57119
3.59359
3.61599
3.63839
3.66291
3.68744
3.71197
3.73650
3.75879
3.78108
3.80338
3.82567
3.84542
3.86516
3.88491
3.90466
3.92742
3.95018
3.97294
3.99570
4.01402
4.03233
4.05065
4.06896
4.09233
4.11569
4.13905
4.16242
4.18457
4.20673
4.22888
4.25104
4.27638
4.30173
4.32708
4.35242
4.37787
4.40331
4.42875
4.45419
4.48302
4.51186
4.54069
4.56952
4.60056
4.63159
4.66263
4.69366
4.72836
4.76306
4.79776
4.83246
4.86430
4.89615
4.92799
4.95984
4.99202
5.02421
5.05639
5.08858
5.12054
5.15250
5.18446
5.21642
5.24117
5.26592
5.29066
5.31541
5.34507
5.37473
5.40439
5.43405
5.45400
5.47395
5.49390
5.51385
5.53553
5.55722
5.57891
5.60059
5.62334
5.64608
5.66883
5.69157
5.70455
5.71753
5.73051
5.74349
5.76127
5.77905
5.79683
5.81461
5.82926
5.84391
5.85856
5.87321
5.88352
5.89383
5.90414
5.91445
5.92895
5.94346
5.95797
5.97247
5.98038
5.98828
5.99619
6.00410
6.01273
6.02136
6.02999
6.03862
6.04241
6.04619
6.04997
6.05375
6.05090
6.04806
6.04521
6.04236
6.02008
5.99780
5.97552
5.95325
5.91171
5.87017
5.82863
5.78709
5.73131
5.67553
5.61975
5.56396
1.65426
1.65681
1.65936
1.66190
1.66445
1.66700
1.66954
1.67209
1.67464
1.67718
1.67973
1.68228
1.68482
1.68737
1.68992
1.69246
1.69501
1.69756
1.70011
1.70265
1.70520
1.70775
1.71029
1.71284
1.71539
1.71793
1.72048
1.72303
1.72557
1.72812
1.73067
1.73321
1.73576
1.73831
1.74085
1.74340
1.74595
1.74849
1.75104
1.75359
1.75614
1.75868
1.76123
1.76378
1.76632
1.76887
1.77142
1.77396
1.77651
1.77906
1.78160
1.78415
1.78670
1.78924
1.79179
1.79434
1.79688
1.79943
1.80198
1.80453
1.80707
1.80962
1.81217
1.81471
1.81726
1.81981
1.82235
1.82490
1.82745
1.82999
1.83254
1.83509
1.83763
1.84018
1.84273
1.84527
1.84782
1.85037
1.85291
1.85546
1.85801
1.86056
1.86310
1.86565
1.86820
1.87074
1.87329
1.87584
1.87838
1.88093
1.88348
1.88602
1.88857
1.89112
1.89366
1.89621
1.89876
1.90130
1.90385
1.90640
1.90894
1.91149
1.91404
1.91659
1.91913
1.92168
1.92423
1.92677
1.92932
1.93187
1.93441
1.93696
1.93951
1.94205
1.94460
1.94715
1.94969
1.95224
1.95479
1.95733
1.95988
1.96243
1.96497
1.96752
1.97007
1.97262
1.97516
1.97771
1.98026
1.98276
1.98525
1.98775
1.99025
1.99217
1.99409
1.99601
1.99792
2.00109
2.00426
2.00742
2.01059
2.01282
2.01505
2.01729
2.01952
2.02093
2.02234
2.02375
2.02516
2.02603
2.02689
2.02775
2.02862
2.02901
2.02941
2.02981
2.03021
2.02959
2.02896
2.02834
2.02772
2.02661
2.02550
2.02438
2.02327
2.02034
2.01741
2.01448
2.01155
2.00899
2.00643
2.00386
2.00130
1.99638
1.99146
1.98654
1.98162
1.97862
1.97562
1.97261
1.96961
1.96587
1.96212
1.95837
1.95463
1.95399
1.95335
1.95271
1.95206
1.95478
1.95750
1.96021
1.96293
1.96841
1.97389
1.97937
1.98486
1.99507
2.00528
2.01550
2.02571
2.03787
2.05004
2.06220
2.07437
2.08715
2.09993
2.11271
2.12549
2.14043
2.15538
2.17032
2.18527
2.19588
2.20649
2.21710
2.22771
2.24093
2.25414
2.26736
2.28057
2.28887
2.29717
2.30547
2.31377
2.32417
2.33457
2.34497
2.35537
2.36436
2.37336
2.38235
2.39134
2.40245
2.41356
2.42467
2.43578
2.44733
2.45888
2.47043
2.48197
2.49596
2.50994
2.52392
2.53790
2.55325
2.56860
2.58395
2.59929
2.61608
2.63287
2.64966
2.66645
2.68536
2.70427
2.72317
2.74208
2.75970
2.77732
2.79493
2.81255
2.83384
2.85514
2.87643
2.89772
2.91654
2.93535
2.95416
2.97297
2.99623
3.01948
3.04274
3.06599
3.08822
3.11046
3.13269
3.15492
3.18154
3.20817
3.23479
3.26141
3.28694
3.31246
3.33799
3.36352
3.39256
3.42160
3.45064
3.47968
3.50742
3.53516
3.56291
3.59065
3.61966
3.64866
3.67767
3.70667
3.73383
3.76098
3.78813
3.81528
3.83700
3.85872
3.88044
3.90216
3.92711
3.95205
3.97700
4.00195
4.01851
4.03506
4.05162
4.06817
4.08993
4.11170
4.13346
4.15522
4.17318
4.19113
4.20909
4.22705
4.24887
4.27069
4.29252
4.31434
4.33614
4.35795
4.37975
4.40156
4.42671
4.45186
4.47701
4.50216
4.53038
4.55860
4.58683
4.61505
4.64689
4.67873
4.71057
4.74241
4.77455
4.80668
4.83882
4.87095
4.90173
4.93251
4.96329
4.99407
5.02791
5.06175
5.09558
5.12942
5.15428
5.17913
5.20398
5.22884
5.25908
5.28932
5.31956
5.34980
5.37252
5.39524
5.41796
5.44068
5.46375
5.48682
5.50989
5.53296
5.55817
5.58339
5.60860
5.63381
5.64813
5.66245
5.67676
5.69108
5.71047
5.72985
5.74924
5.76863
5.78475
5.80087
5.81699
5.83311
5.84422
5.85534
5.86645
5.87757
5.89310
5.90863
5.92417
5.93970
5.94796
5.95622
5.96447
5.97273
5.98166
5.99059
5.99952
6.00845
6.01234
6.01623
6.02012
6.02401
6.02114
6.01827
6.01540
6.01253
5.99000
5.96747
5.94495
5.92242
5.88301
5.84360
5.80419
5.76477
5.71234
5.65991
5.60748
5.55505
1.68689
1.68915
1.69141
1.69367
1.69593
1.69819
1.70045
1.70270
1.70496
1.70722
1.70948
1.71174
1.71400
1.71626
1.71852
1.72077
1.72303
1.72529
1.72755
1.72981
1.73207
1.73433
1.73659
1.73884
1.74110
1.74336
1.74562
1.74788
1.75014
1.75240
1.75466
1.75691
1.75917
1.76143
1.76369
1.76595
1.76821
1.77047
1.77273
1.77498
1.77724
1.77950
1.78176
1.78402
1.78628
1.78854
1.79080
1.79306
1.79531
1.79757
1.79983
1.80209
1.80435
1.80661
1.80887
1.81113
1.81338
1.81564
1.81790
1.82016
1.82242
1.82468
1.82694
1.82920
1.83145
1.83371
1.83597
1.83823
1.84049
1.84275
1.84501
1.84727
1.84952
1.85178
1.85404
1.85630
1.85856
1.86082
1.86308
1.86534
1.86759
1.86985
1.87211
1.87437
1.87663
1.87889
1.88115
1.88341
1.88566
1.88792
1.89018
1.89244
1.89470
1.89696
1.89922
1.90148
1.90373
1.90599
1.90825
1.91051
1.91277
1.91503
1.91729
1.91955
1.92180
1.92406
1.92632
1.92858
1.93084
1.93310
1.93536
1.93762
1.93987
1.94213
1.94439
1.94665
1.94891
1.95117
1.95343
1.95569
1.95794
1.96020
1.96246
1.96472
1.96698
1.96924
1.97150
1.97376
1.97601
1.97827
1.98053
1.98279
1.98505
1.98595
1.98684
1.98774
1.98863
1.99030
1.99197
1.99364
1.99531
1.99623
1.99715
1.99807
1.99899
1.99871
1.99844
1.99816
1.99789
1.99711
1.99633
1.99555
1.99477
1.99311
1.99145
1.98979
1.98814
1.98568
1.98322
1.98076
1.97829
1.97524
1.97218
1.96912
1.96606
1.96183
1.95759
1.95336
1.94912
1.94567
1.94222
1.93876
1.93531
1.93082
1.92634
1.92185
1.91736
1.91547
1.91359
1.91170
1.90982
1.90800
1.90619
1.90437
1.90256
1.90453
1.90649
1.90846
1.91043
1.91477
1.91912
1.92346
1.92781
1.93555
1.94329
1.95102
1.95876
1.96916
1.97955
1.98994
2.00033
2.01298
2.02563
2.03829
2.05094
2.06255
2.07416
2.08577
2.09738
2.11139
2.12540
2.13941
2.15342
2.16220
2.17098
2.17976
2.18854
2.20020
2.21186
2.22352
2.23518
2.24184
2.24849
2.25515
2.26180
2.27033
2.27886
2.28738
2.29591
2.30344
2.31096
2.31849
2.32602
2.33510
2.34418
2.35326
2.36234
2.37195
2.38157
2.39118
2.40080
2.41272
2.42464
2.43655
2.44847
2.46147
2.47447
2.48748
2.50048
2.51509
2.52970
2.54431
2.55892
2.57576
2.59260
2.60944
2.62628
2.64183
2.65737
2.67291
2.68845
2.70840
2.72835
2.74829
2.76824
2.78582
2.80340
2.82097
2.83855
2.86172
2.88489
2.90806
2.93123
2.95410
2.97697
2.99984
3.02271
3.05067
3.07863
3.10659
3.13455
3.16288
3.19120
3.21952
3.24784
3.27941
3.31098
3.34255
3.37412
3.40568
3.43725
3.46881
3.50038
3.53250
3.56463
3.59675
3.62887
3.66018
3.69148
3.72278
3.75408
3.77876
3.80344
3.82811
3.85279
3.88071
3.90862
3.93654
3.96446
3.98273
4.00100
4.01927
4.03754
4.06034
4.08313
4.10593
4.12872
4.14663
4.16454
4.18245
4.20036
4.22107
4.24177
4.26247
4.28318
4.30414
4.32511
4.34607
4.36704
4.38943
4.41181
4.43420
4.45659
4.48282
4.50904
4.53526
4.56149
4.59003
4.61857
4.64712
4.67566
4.70665
4.73765
4.76864
4.79963
4.82852
4.85740
4.88629
4.91517
4.94867
4.98218
5.01568
5.04918
5.07412
5.09906
5.12400
5.14894
5.17865
5.20836
5.23807
5.26778
5.29255
5.31732
5.34209
5.36686
5.39076
5.41466
5.43856
5.46246
5.48951
5.51656
5.54361
5.57066
5.58652
5.60238
5.61823
5.63409
5.65467
5.67524
5.69582
5.71640
5.73421
5.75203
5.76984
5.78766
5.79947
5.81128
5.82309
5.83490
5.85129
5.86768
5.88407
5.90046
5.90934
5.91822
5.92710
5.93598
5.94519
5.95440
5.96362
5.97283
5.97702
5.98121
5.98540
5.98959
5.98685
5.98412
5.98139
5.97866
5.95635
5.93405
5.91174
5.88943
5.85208
5.81473
5.77738
5.74003
5.69007
5.64011
5.59015
5.54019
1.72820
1.72982
1.73145
1.73308
1.73470
1.73633
1.73796
1.73959
1.74121
1.74284
1.74447
1.74609
1.74772
1.74935
1.75098
1.75260
1.75423
1.75586
1.75749
1.75911
1.76074
1.76237
1.76399
1.76562
1.76725
1.76888
1.77050
1.77213
1.77376
1.77538
1.77701
1.77864
1.78027
1.78189
1.78352
1.78515
1.78678
1.78840
1.79003
1.79166
1.79328
1.79491
1.79654
1.79817
1.79979
1.80142
1.80305
1.80467
1.80630
1.80793
1.80956
1.81118
1.81281
1.81444
1.81606
1.81769
1.81932
1.82095
1.82257
1.82420
1.82583
1.82746
1.82908
1.83071
1.83234
1.83396
1.83559
1.83722
1.83885
1.84047
1.84210
1.84373
1.84535
1.84698
1.84861
1.85024
1.85186
1.85349
1.85512
1.85675
1.85837
1.86000
1.86163
1.86325
1.86488
1.86651
1.86814
1.86976
1.87139
1.87302
1.87464
1.87627
1.87790
1.87953
1.88115
1.88278
1.88441
1.88603
1.88766
1.88929
1.89092
1.89254
1.89417
1.89580
1.89743
1.89905
1.90068
1.90231
1.90393
1.90556
1.90719
1.90882
1.91044
1.91207
1.91370
1.91532
1.91695
1.91858
1.92021
1.92183
1.92346
1.92509
1.92671
1.92834
1.92997
1.93160
1.93322
1.93485
1.93648
1.93811
1.93973
1.94136
1.94299
1.94350
1.94402
1.94453
1.94505
1.94541
1.94577
1.94614
1.94650
1.94596
1.94542
1.94488
1.94434
1.94302
1.94169
1.94037
1.93905
1.93673
1.93442
1.93210
1.92979
1.92698
1.92418
1.92138
1.91858
1.91465
1.91071
1.90678
1.90284
1.89900
1.89516
1.89132
1.88748
1.88361
1.87974
1.87587
1.87199
1.86972
1.86744
1.86517
1.86289
1.86312
1.86334
1.86356
1.86378
1.86720
1.87062
1.87404
1.87746
1.88336
1.88926
1.89516
1.90106
1.91115
1.92125
1.93134
1.94144
1.95140
1.96136
1.97132
1.98127
1.99546
2.00964
2.02383
2.03801
2.05001
2.06200
2.07400
2.08599
2.10053
2.11506
2.12960
2.14413
2.15561
2.16709
2.17856
2.19004
2.20269
2.21534
2.22799
2.24065
2.24911
2.25757
2.26603
2.27449
2.28368
2.29286
2.30205
2.31123
2.31702
2.32280
2.32858
2.33437
2.33980
2.34522
2.35065
2.35608
2.36069
2.36529
2.36990
2.37450
2.37891
2.38331
2.38771
2.39212
2.39604
2.39997
2.40390
2.40783
2.41378
2.41973
2.42569
2.43164
2.43722
2.44281
2.44839
2.45397
2.46242
2.47086
2.47930
2.48775
2.49783
2.50792
2.51801
2.52810
2.53904
2.54999
2.56094
2.57189
2.58726
2.60262
2.61799
2.63336
2.64887
2.66438
2.67989
2.69539
2.71652
2.73765
2.75877
2.77990
2.80257
2.82525
2.84793
2.87060
2.89806
2.92552
2.95297
2.98043
3.00981
3.03920
3.06858
3.09797
3.12975
3.16153
3.19331
3.22510
3.25867
3.29224
3.32581
3.35939
3.39301
3.42663
3.46025
3.49387
3.52847
3.56308
3.59769
3.63230
3.66111
3.68991
3.71872
3.74753
3.77935
3.81117
3.84298
3.87480
3.89893
3.92307
3.94721
3.97134
3.99831
4.02528
4.05224
4.07921
4.10203
4.12484
4.14766
4.17047
4.19292
4.21537
4.23782
4.26027
4.28373
4.30719
4.33066
4.35412
4.37485
4.39557
4.41630
4.43703
4.46222
4.48740
4.51259
4.53778
4.56251
4.58723
4.61196
4.63668
4.66483
4.69297
4.72112
4.74926
4.77567
4.80207
4.82848
4.85489
4.88541
4.91594
4.94647
4.97700
5.00200
5.02700
5.05200
5.07701
5.10486
5.13272
5.16058
5.18843
5.21439
5.24035
5.26630
5.29226
5.31633
5.34040
5.36446
5.38853
5.41667
5.44481
5.47295
5.50109
5.51873
5.53636
5.55400
5.57163
5.59290
5.61417
5.63544
5.65671
5.67649
5.69627
5.71606
5.73584
5.74822
5.76060
5.77297
5.78535
5.80239
5.81943
5.83647
5.85351
5.86333
5.87315
5.88297
5.89279
5.90227
5.91176
5.92124
5.93073
5.93544
5.94015
5.94487
5.94958
5.94718
5.94478
5.94238
5.93998
5.91845
5.89692
5.87539
5.85386
5.81849
5.78313
5.74776
5.71239
5.66385
5.61531
5.56677
5.51823
1.76950
1.77049
1.77149
1.77248
1.77348
1.77448
1.77547
1.77647
1.77746
1.77846
1.77945
1.78045
1.78145
1.78244
1.78344
1.78443
1.78543
1.78642
1.78742
1.78842
1.78941
1.79041
1.79140
1.79240
1.79339
1.79439
1.79539
1.79638
1.79738
1.79837
1.79937
1.80036
1.80136
1.80235
1.80335
1.80435
1.80534
1.80634
1.80733
1.80833
1.80932
1.81032
1.81132
1.81231
1.81331
1.81430
1.81530
1.81629
1.81729
1.81829
1.81928
1.82028
1.82127
1.82227
1.82326
1.82426
1.82525
1.82625
1.82725
1.82824
1.82924
1.83023
1.83123
1.83222
1.83322
1.83422
1.83521
1.83621
1.83720
1.83820
1.83919
1.84019
1.84119
1.84218
1.84318
1.84417
1.84517
1.84616
1.84716
1.84815
1.84915
1.85015
1.85114
1.85214
1.85313
1.85413
1.85512
1.85612
1.85712
1.85811
1.85911
1.86010
1.86110
1.86209
1.86309
1.86409
1.86508
1.86608
1.86707
1.86807
1.86906
1.87006
1.87105
1.87205
1.87305
1.87404
1.87504
1.87603
1.87703
1.87802
1.87902
1.88002
1.88101
1.88201
1.88300
1.88400
1.88499
1.88599
1.88699
1.88798
1.88898
1.88997
1.89097
1.89196
1.89296
1.89395
1.89495
1.89595
1.89694
1.89794
1.89893
1.89993
1.90092
1.90106
1.90119
1.90133
1.90146
1.90052
1.89957
1.89863
1.89768
1.89569
1.89369
1.89169
1.88969
1.88732
1.88495
1.88257
1.88020
1.87635
1.87250
1.86865
1.86481
1.86086
1.85692
1.85297
1.84903
1.84362
1.83821
1.83280
1.82739
1.82276
1.81814
1.81352
1.80890
1.80539
1.80188
1.79838
1.79487
1.79377
1.79267
1.79158
1.79048
1.79541
1.80034
1.80528
1.81021
1.81893
1.82766
1.83638
1.84511
1.85872
1.87233
1.88594
1.89956
1.91778
1.93600
1.95423
1.97245
1.98802
2.00360
2.01917
2.03474
2.05537
2.07600
2.09663
2.11726
2.13086
2.14446
2.15805
2.17165
2.18807
2.20449
2.22091
2.23733
2.24867
2.26002
2.27136
2.28270
2.29399
2.30528
2.31657
2.32787
2.33601
2.34415
2.35229
2.36044
2.36715
2.37386
2.38057
2.38728
2.39219
2.39711
2.40202
2.40693
2.40926
2.41159
2.41392
2.41625
2.41794
2.41962
2.42130
2.42298
2.42271
2.42244
2.42217
2.42190
2.42014
2.41838
2.41662
2.41486
2.41484
2.41483
2.41482
2.41480
2.41297
2.41114
2.40930
2.40747
2.40975
2.41202
2.41430
2.41657
2.41991
2.42324
2.42657
2.42991
2.43626
2.44262
2.44897
2.45532
2.46611
2.47690
2.48769
2.49847
2.51192
2.52536
2.53880
2.55224
2.57132
2.59040
2.60948
2.62856
2.65104
2.67353
2.69601
2.71850
2.74545
2.77240
2.79935
2.82630
2.85675
2.88720
2.91765
2.94810
2.98009
3.01209
3.04408
3.07608
3.11166
3.14724
3.18282
3.21839
3.25351
3.28863
3.32374
3.35886
3.39677
3.43468
3.47260
3.51051
3.54345
3.57639
3.60933
3.64228
3.67799
3.71371
3.74942
3.78514
3.81514
3.84514
3.87514
3.90514
3.93628
3.96742
3.99856
4.02970
4.05742
4.08514
4.11286
4.14058
4.16478
4.18897
4.21317
4.23736
4.26332
4.28928
4.31524
4.34120
4.36027
4.37933
4.39840
4.41746
4.44162
4.46577
4.48992
4.51408
4.53499
4.55589
4.57680
4.59771
4.62301
4.64830
4.67360
4.69890
4.72282
4.74675
4.77067
4.79460
4.82215
4.84971
4.87726
4.90482
4.92988
4.95494
4.98000
5.00507
5.03107
5.05707
5.08308
5.10908
5.13623
5.16338
5.19052
5.21767
5.24190
5.26613
5.29036
5.31460
5.34383
5.37306
5.40229
5.43152
5.45094
5.47035
5.48976
5.50917
5.53113
5.55310
5.57506
5.59702
5.61877
5.64052
5.66227
5.68403
5.69697
5.70991
5.72285
5.73580
5.75349
5.77118
5.78887
5.80656
5.81732
5.82808
5.83884
5.84960
5.85936
5.86911
5.87887
5.88862
5.89386
5.89910
5.90434
5.90958
5.90751
5.90544
5.90336
5.90129
5.88054
5.85979
5.83904
5.81829
5.78490
5.75152
5.71814
5.68476
5.63764
5.59051
5.54339
5.49627
1.75758
1.75808
1.75857
1.75907
1.75956
1.76006
1.76055
1.76105
1.76154
1.76204
1.76253
1.76303
1.76352
1.76402
1.76451
1.76501
1.76551
1.76600
1.76650
1.76699
1.76749
1.76798
1.76848
1.76897
1.76947
1.76996
1.77046
1.77095
1.77145
1.77194
1.77244
1.77293
1.77343
1.77392
1.77442
1.77491
1.77541
1.77590
1.77640
1.77690
1.77739
1.77789
1.77838
1.77888
1.77937
1.77987
1.78036
1.78086
1.78135
1.78185
1.78234
1.78284
1.78333
1.78383
1.78432
1.78482
1.78531
1.78581
1.78630
1.78680
1.78729
1.78779
1.78829
1.78878
1.78928
1.78977
1.79027
1.79076
1.79126
1.79175
1.79225
1.79274
1.79324
1.79373
1.79423
1.79472
1.79522
1.79571
1.79621
1.79670
1.79720
1.79769
1.79819
1.79868
1.79918
1.79968
1.80017
1.80067
1.80116
1.80166
1.80215
1.80265
1.80314
1.80364
1.80413
1.80463
1.80512
1.80562
1.80611
1.80661
1.80710
1.80760
1.80809
1.80859
1.80908
1.80958
1.81007
1.81057
1.81107
1.81156
1.81206
1.81255
1.81305
1.81354
1.81404
1.81453
1.81503
1.81552
1.81602
1.81651
1.81701
1.81750
1.81800
1.81849
1.81899
1.81948
1.81998
1.82047
1.82097
1.82146
1.82196
1.82245
1.82295
1.82284
1.82272
1.82261
1.82249
1.82064
1.81880
1.81695
1.81511
1.81196
1.80881
1.80567
1.80252
1.79933
1.79615
1.79296
1.78978
1.78528
1.78078
1.77628
1.77178
1.76746
1.76314
1.75882
1.75450
1.74891
1.74332
1.73773
1.73215
1.72780
1.72346
1.71912
1.71478
1.71246
1.71014
1.70782
1.70550
1.70613
1.70676
1.70739
1.70802
1.71686
1.72571
1.73455
1.74339
1.75655
1.76971
1.78287
1.79603
1.81563
1.83522
1.85481
1.87441
1.89897
1.92354
1.94810
1.97267
1.99320
2.01374
2.03428
2.05482
2.08050
2.10618
2.13187
2.15755
2.17373
2.18991
2.20609
2.22227
2.24062
2.25897
2.27732
2.29567
2.30842
2.32118
2.33393
2.34669
2.35778
2.36888
2.37998
2.39108
2.40055
2.41001
2.41948
2.42894
2.43483
2.44072
2.44661
2.45249
2.45833
2.46416
2.47000
2.47583
2.47704
2.47824
2.47944
2.48064
2.48158
2.48252
2.48345
2.48439
2.48188
2.47936
2.47685
2.47433
2.46961
2.46489
2.46018
2.45546
2.45188
2.44831
2.44474
2.44117
2.43466
2.42815
2.42164
2.41513
2.41294
2.41075
2.40856
2.40637
2.40447
2.40257
2.40068
2.39878
2.40066
2.40255
2.40443
2.40632
2.41226
2.41819
2.42413
2.43007
2.43942
2.44877
2.45812
2.46747
2.48279
2.49810
2.51342
2.52873
2.54799
2.56724
2.58649
2.60575
2.62998
2.65420
2.67843
2.70266
2.73158
2.76051
2.78943
2.81836
2.84906
2.87977
2.91047
2.94118
2.97705
3.01293
3.04880
3.08468
3.12049
3.15630
3.19211
3.22793
3.26796
3.30800
3.34803
3.38807
3.42442
3.46078
3.49714
3.53349
3.57222
3.61095
3.64967
3.68840
3.72345
3.75850
3.79355
3.82860
3.86310
3.89760
3.93210
3.96660
3.99891
4.03123
4.06355
4.09586
4.12189
4.14792
4.17395
4.19998
4.22853
4.25709
4.28564
4.31419
4.33305
4.35192
4.37078
4.38964
4.41356
4.43747
4.46138
4.48529
4.50417
4.52304
4.54192
4.56079
4.58387
4.60695
4.63002
4.65310
4.67538
4.69766
4.71994
4.74222
4.76693
4.79164
4.81635
4.84107
4.86602
4.89098
4.91594
4.94090
4.96480
4.98869
5.01259
5.03649
5.06392
5.09136
5.11879
5.14623
5.17041
5.19459
5.21877
5.24295
5.27261
5.30227
5.33193
5.36159
5.38278
5.40396
5.42515
5.44634
5.46871
5.49108
5.51345
5.53582
5.55942
5.58303
5.60663
5.63023
5.64367
5.65712
5.67056
5.68400
5.70220
5.72040
5.73860
5.75681
5.76861
5.78041
5.79222
5.80402
5.81401
5.82399
5.83398
5.84397
5.84982
5.85567
5.86153
5.86738
5.86564
5.86390
5.86216
5.86042
5.84058
5.82074
5.80090
5.78106
5.74973
5.71840
5.68707
5.65574
5.61028
5.56482
5.51936
5.47390
1.61465
1.61497
1.61529
1.61560
1.61592
1.61624
1.61656
1.61687
1.61719
1.61751
1.61783
1.61814
1.61846
1.61878
1.61910
1.61941
1.61973
1.62005
1.62037
1.62068
1.62100
1.62132
1.62164
1.62196
1.62227
1.62259
1.62291
1.62323
1.62354
1.62386
1.62418
1.62450
1.62481
1.62513
1.62545
1.62577
1.62608
1.62640
1.62672
1.62704
1.62735
1.62767
1.62799
1.62831
1.62862
1.62894
1.62926
1.62958
1.62989
1.63021
1.63053
1.63085
1.63116
1.63148
1.63180
1.63212
1.63243
1.63275
1.63307
1.63339
1.63370
1.63402
1.63434
1.63466
1.63497
1.63529
1.63561
1.63593
1.63624
1.63656
1.63688
1.63720
1.63752
1.63783
1.63815
1.63847
1.63879
1.63910
1.63942
1.63974
1.64006
1.64037
1.64069
1.64101
1.64133
1.64164
1.64196
1.64228
1.64260
1.64291
1.64323
1.64355
1.64387
1.64418
1.64450
1.64482
1.64514
1.64545
1.64577
1.64609
1.64641
1.64672
1.64704
1.64736
1.64768
1.64799
1.64831
1.64863
1.64895
1.64926
1.64958
1.64990
1.65022
1.65053
1.65085
1.65117
1.65149
1.65181
1.65212
1.65244
1.65276
1.65308
1.65339
1.65371
1.65403
1.65435
1.65466
1.65498
1.65530
1.65562
1.65593
1.65625
1.65657
1.65653
1.65649
1.65646
1.65642
1.65467
1.65291
1.65116
1.64941
1.64587
1.64234
1.63881
1.63528
1.63187
1.62845
1.62503
1.62162
1.61864
1.61566
1.61268
1.60970
1.60690
1.60411
1.60131
1.59852
1.59594
1.59336
1.59077
1.58819
1.58675
1.58530
1.58386
1.58241
1.58331
1.58420
1.58510
1.58600
1.58971
1.59342
1.59713
1.60084
1.61163
1.62241
1.63320
1.64399
1.65944
1.67490
1.69035
1.70581
1.72712
1.74843
1.76974
1.79105
1.81755
1.84406
1.87056
1.89706
1.92097
1.94488
1.96878
1.99269
2.01999
2.04730
2.07461
2.10192
2.12310
2.14428
2.16545
2.18663
2.20702
2.22741
2.24780
2.26819
2.28616
2.30413
2.32210
2.34007
2.35385
2.36763
2.38142
2.39520
2.41003
2.42486
2.43969
2.45452
2.46364
2.47277
2.48190
2.49102
2.50220
2.51338
2.52456
2.53573
2.54065
2.54557
2.55049
2.55541
2.56096
2.56651
2.57207
2.57762
2.57885
2.58008
2.58131
2.58255
2.58158
2.58062
2.57966
2.57869
2.57749
2.57629
2.57509
2.57389
2.56945
2.56501
2.56058
2.55614
2.55367
2.55121
2.54874
2.54627
2.54289
2.53951
2.53612
2.53274
2.53046
2.52819
2.52591
2.52363
2.52405
2.52447
2.52490
2.52532
2.52560
2.52589
2.52618
2.52646
2.53377
2.54108
2.54839
2.55570
2.56425
2.57280
2.58134
2.58989
2.60593
2.62198
2.63802
2.65406
2.67509
2.69612
2.71715
2.73818
2.76389
2.78961
2.81532
2.84103
2.87299
2.90495
2.93691
2.96887
3.00341
3.03794
3.07248
3.10702
3.14627
3.18552
3.22476
3.26401
3.30202
3.34002
3.37803
3.41603
3.45558
3.49512
3.53467
3.57422
3.61231
3.65041
3.68850
3.72660
3.76245
3.79831
3.83417
3.87003
3.90619
3.94234
3.97850
4.01466
4.04274
4.07081
4.09889
4.12697
4.15835
4.18973
4.22111
4.25249
4.27474
4.29700
4.31925
4.34150
4.36713
4.39276
4.41838
4.44401
4.46524
4.48647
4.50771
4.52894
4.55134
4.57374
4.59614
4.61855
4.64124
4.66392
4.68661
4.70930
4.73149
4.75368
4.77587
4.79806
4.82251
4.84696
4.87141
4.89586
4.91702
4.93819
4.95935
4.98051
5.00603
5.03154
5.05706
5.08257
5.10616
5.12975
5.15334
5.17693
5.20538
5.23384
5.26230
5.29076
5.31371
5.33666
5.35961
5.38256
5.40465
5.42673
5.44881
5.47090
5.49607
5.52124
5.54641
5.57158
5.58535
5.59913
5.61290
5.62667
5.64504
5.66342
5.68179
5.70016
5.71325
5.72635
5.73944
5.75254
5.76266
5.77278
5.78290
5.79302
5.79971
5.80640
5.81309
5.81978
5.81837
5.81696
5.81556
5.81415
5.79556
5.77696
5.75837
5.73978
5.71067
5.68155
5.65244
5.62332
5.58012
5.53691
5.49371
5.45050
1.47172
1.47186
1.47200
1.47214
1.47228
1.47242
1.47256
1.47270
1.47284
1.47298
1.47312
1.47326
1.47340
1.47354
1.47368
1.47382
1.47396
1.47410
1.47424
1.47438
1.47452
1.47466
1.47480
1.47494
1.47508
1.47522
1.47536
1.47550
1.47564
1.47578
1.47592
1.47606
1.47620
1.47634
1.47648
1.47662
1.47676
1.47690
1.47704
1.47718
1.47732
1.47746
1.47760
1.47774
1.47788
1.47802
1.47816
1.47830
1.47844
1.47858
1.47872
1.47886
1.47900
1.47914
1.47928
1.47941
1.47955
1.47969
1.47983
1.47997
1.48011
1.48025
1.48039
1.48053
1.48067
1.48081
1.48095
1.48109
1.48123
1.48137
1.48151
1.48165
1.48179
1.48193
1.48207
1.48221
1.48235
1.48249
1.48263
1.48277
1.48291
1.48305
1.48319
1.48333
1.48347
1.48361
1.48375
1.48389
1.48403
1.48417
1.48431
1.48445
1.48459
1.48473
1.48487
1.48501
1.48515
1.48529
1.48543
1.48557
1.48571
1.48585
1.48599
1.48613
1.48627
1.48641
1.48655
1.48669
1.48683
1.48697
1.48711
1.48725
1.48739
1.48753
1.48767
1.48781
1.48795
1.48809
1.48823
1.48837
1.48851
1.48865
1.48879
1.48893
1.48907
1.48921
1.48935
1.48949
1.48963
1.48977
1.48991
1.49005
1.49019
1.49023
1.49027
1.49031
1.49035
1.48869
1.48703
1.48537
1.48370
1.47979
1.47587
1.47196
1.46804
1.46440
1.46075
1.45711
1.45346
1.45200
1.45054
1.44908
1.44762
1.44635
1.44508
1.44380
1.44253
1.44296
1.44339
1.44381
1.44424
1.44569
1.44714
1.44859
1.45004
1.45415
1.45827
1.46238
1.46649
1.47329
1.48008
1.48687
1.49366
1.50639
1.51912
1.53185
1.54458
1.56233
1.58008
1.59783
1.61558
1.63861
1.66164
1.68466
1.70769
1.73613
1.76458
1.79302
1.82146
1.84874
1.87601
1.90328
1.93056
1.95949
1.98842
2.01736
2.04629
2.07247
2.09864
2.12482
2.15100
2.17342
2.19585
2.21828
2.24070
2.26389
2.28708
2.31027
2.33345
2.34992
2.36638
2.38285
2.39932
2.41951
2.43970
2.45990
2.48009
2.49246
2.50482
2.51719
2.52955
2.54607
2.56259
2.57911
2.59563
2.60427
2.61290
2.62154
2.63018
2.64034
2.65051
2.66068
2.67085
2.67583
2.68080
2.68578
2.69076
2.69355
2.69634
2.69914
2.70193
2.70310
2.70427
2.70544
2.70661
2.70424
2.70188
2.69951
2.69715
2.69441
2.69166
2.68892
2.68618
2.68131
2.67644
2.67157
2.66670
2.66026
2.65382
2.64738
2.64094
2.63585
2.63075
2.62566
2.62057
2.61179
2.60301
2.59423
2.58545
2.58476
2.58406
2.58337
2.58267
2.58051
2.57835
2.57619
2.57403
2.58189
2.58975
2.59761
2.60547
2.61860
2.63173
2.64486
2.65799
2.67872
2.69944
2.72017
2.74089
2.76894
2.79698
2.82502
2.85306
2.88633
2.91959
2.95285
2.98611
3.02457
3.06304
3.10150
3.13996
3.17961
3.21926
3.25892
3.29857
3.33894
3.37930
3.41967
3.46004
3.50118
3.54232
3.58346
3.62459
3.66181
3.69903
3.73625
3.77347
3.81346
3.85346
3.89345
3.93345
3.96358
3.99370
4.02383
4.05395
4.08816
4.12237
4.15658
4.19079
4.21643
4.24208
4.26772
4.29337
4.32070
4.34804
4.37538
4.40272
4.42631
4.44990
4.47350
4.49709
4.51882
4.54054
4.56227
4.58399
4.60709
4.63019
4.65329
4.67639
4.69606
4.71572
4.73539
4.75505
4.77899
4.80294
4.82688
4.85083
4.86925
4.88768
4.90611
4.92453
4.94813
4.97173
4.99532
5.01892
5.04191
5.06491
5.08791
5.11090
5.13816
5.16541
5.19267
5.21992
5.24464
5.26936
5.29407
5.31879
5.34058
5.36238
5.38418
5.40597
5.43271
5.45945
5.48619
5.51293
5.52703
5.54114
5.55524
5.56935
5.58789
5.60643
5.62497
5.64351
5.65790
5.67228
5.68667
5.70105
5.71131
5.72157
5.73182
5.74208
5.74961
5.75713
5.76466
5.77218
5.77111
5.77003
5.76895
5.76788
5.75053
5.73319
5.71584
5.69849
5.67160
5.64470
5.61780
5.59091
5.54996
5.50901
5.46805
5.42710
1.36361
1.36396
1.36432
1.36467
1.36503
1.36538
1.36574
1.36610
1.36645
1.36681
1.36716
1.36752
1.36787
1.36823
1.36858
1.36894
1.36929
1.36965
1.37000
1.37036
1.37071
1.37107
1.37143
1.37178
1.37214
1.37249
1.37285
1.37320
1.37356
1.37391
1.37427
1.37462
1.37498
1.37533
1.37569
1.37605
1.37640
1.37676
1.37711
1.37747
1.37782
1.37818
1.37853
1.37889
1.37924
1.37960
1.37995
1.38031
1.38066
1.38102
1.38138
1.38173
1.38209
1.38244
1.38280
1.38315
1.38351
1.38386
1.38422
1.38457
1.38493
1.38528
1.38564
1.38600
1.38635
1.38671
1.38706
1.38742
1.38777
1.38813
1.38848
1.38884
1.38919
1.38955
1.38990
1.39026
1.39061
1.39097
1.39133
1.39168
1.39204
1.39239
1.39275
1.39310
1.39346
1.39381
1.39417
1.39452
1.39488
1.39523
1.39559
1.39595
1.39630
1.39666
1.39701
1.39737
1.39772
1.39808
1.39843
1.39879
1.39914
1.39950
1.39985
1.40021
1.40056
1.40092
1.40128
1.40163
1.40199
1.40234
1.40270
1.40305
1.40341
1.40376
1.40412
1.40447
1.40483
1.40518
1.40554
1.40590
1.40625
1.40661
1.40696
1.40732
1.40767
1.40803
1.40838
1.40874
1.40909
1.40945
1.40980
1.41016
1.41051
1.41087
1.41123
1.41158
1.41194
1.41075
1.40956
1.40837
1.40718
1.40425
1.40131
1.39838
1.39545
1.39280
1.39014
1.38749
1.38484
1.38563
1.38643
1.38722
1.38802
1.38967
1.39132
1.39298
1.39463
1.39794
1.40125
1.40456
1.40787
1.41260
1.41734
1.42207
1.42681
1.43336
1.43992
1.44648
1.45303
1.46174
1.47045
1.47917
1.48788
1.50075
1.51363
1.52651
1.53938
1.55594
1.57250
1.58905
1.60561
1.62622
1.64684
1.66745
1.68807
1.71183
1.73559
1.75935
1.78311
1.80705
1.83098
1.85491
1.87884
1.90183
1.92481
1.94780
1.97079
1.99331
2.01584
2.03837
2.06090
2.07858
2.09626
2.11394
2.13162
2.15098
2.17033
2.18969
2.20904
2.22236
2.23567
2.24899
2.26230
2.27911
2.29591
2.31271
2.32951
2.33988
2.35025
2.36062
2.37098
2.38499
2.39899
2.41300
2.42700
2.43477
2.44254
2.45031
2.45808
2.46722
2.47637
2.48551
2.49465
2.49983
2.50500
2.51018
2.51535
2.51891
2.52246
2.52602
2.52957
2.53175
2.53393
2.53611
2.53829
2.53792
2.53754
2.53717
2.53680
2.53588
2.53497
2.53406
2.53315
2.53081
2.52847
2.52613
2.52379
2.52031
2.51682
2.51334
2.50986
2.50770
2.50555
2.50339
2.50124
2.49646
2.49169
2.48692
2.48215
2.48420
2.48626
2.48832
2.49038
2.49143
2.49248
2.49353
2.49458
2.50426
2.51394
2.52361
2.53329
2.54704
2.56079
2.57453
2.58828
2.60933
2.63038
2.65142
2.67247
2.69874
2.72501
2.75127
2.77754
2.80977
2.84200
2.87424
2.90647
2.94254
2.97861
3.01468
3.05075
3.08975
3.12875
3.16775
3.20675
3.24562
3.28450
3.32337
3.36224
3.40336
3.44448
3.48560
3.52672
3.56370
3.60069
3.63767
3.67466
3.71493
3.75519
3.79546
3.83573
3.86765
3.89958
3.93150
3.96342
3.99845
4.03348
4.06851
4.10354
4.13254
4.16153
4.19053
4.21953
4.24852
4.27751
4.30651
4.33550
4.36266
4.38981
4.41697
4.44412
4.46655
4.48898
4.51140
4.53383
4.55906
4.58429
4.60952
4.63475
4.65377
4.67280
4.69182
4.71085
4.73457
4.75829
4.78201
4.80573
4.82343
4.84113
4.85883
4.87653
4.89812
4.91972
4.94131
4.96290
4.98518
5.00745
5.02973
5.05201
5.07764
5.10327
5.12890
5.15453
5.18033
5.20612
5.23191
5.25771
5.27874
5.29977
5.32079
5.34182
5.36848
5.39514
5.42180
5.44846
5.46378
5.47911
5.49443
5.50976
5.52814
5.54651
5.56489
5.58327
5.59891
5.61456
5.63020
5.64585
5.65608
5.66632
5.67655
5.68679
5.69520
5.70361
5.71203
5.72044
5.71937
5.71831
5.71724
5.71617
5.70051
5.68485
5.66919
5.65352
5.62898
5.60443
5.57988
5.55533
5.51701
5.47869
5.44037
5.40205
1.27766
1.27848
1.27930
1.28012
1.28095
1.28177
1.28259
1.28341
1.28423
1.28505
1.28587
1.28669
1.28751
1.28834
1.28916
1.28998
1.29080
1.29162
1.29244
1.29326
1.29408
1.29490
1.29573
1.29655
1.29737
1.29819
1.29901
1.29983
1.30065
1.30147
1.30230
1.30312
1.30394
1.30476
1.30558
1.30640
1.30722
1.30804
1.30886
1.30969
1.31051
1.31133
1.31215
1.31297
1.31379
1.31461
1.31543
1.31625
1.31708
1.31790
1.31872
1.31954
1.32036
1.32118
1.32200
1.32282
1.32364
1.32447
1.32529
1.32611
1.32693
1.32775
1.32857
1.32939
1.33021
1.33103
1.33186
1.33268
1.33350
1.33432
1.33514
1.33596
1.33678
1.33760
1.33842
1.33925
1.34007
1.34089
1.34171
1.34253
1.34335
1.34417
1.34499
1.34581
1.34664
1.34746
1.34828
1.34910
1.34992
1.35074
1.35156
1.35238
1.35320
1.35403
1.35485
1.35567
1.35649
1.35731
1.35813
1.35895
1.35977
1.36059
1.36142
1.36224
1.36306
1.36388
1.36470
1.36552
1.36634
1.36716
1.36799
1.36881
1.36963
1.37045
1.37127
1.37209
1.37291
1.37373
1.37455
1.37538
1.37620
1.37702
1.37784
1.37866
1.37948
1.38030
1.38112
1.38194
1.38277
1.38359
1.38441
1.38523
1.38605
1.38687
1.38769
1.38851
1.38933
1.38886
1.38838
1.38790
1.38742
1.38635
1.38527
1.38420
1.38312
1.38224
1.38135
1.38047
1.37959
1.38311
1.38662
1.39014
1.39366
1.39913
1.40460
1.41007
1.41553
1.42165
1.42776
1.43388
1.43999
1.44826
1.45653
1.46479
1.47306
1.48157
1.49007
1.49858
1.50709
1.51698
1.52687
1.53676
1.54665
1.55853
1.57041
1.58229
1.59417
1.60731
1.62045
1.63359
1.64673
1.66231
1.67788
1.69345
1.70903
1.72389
1.73876
1.75362
1.76848
1.78480
1.80112
1.81744
1.83376
1.84598
1.85820
1.87041
1.88263
1.89601
1.90938
1.92276
1.93613
1.94475
1.95336
1.96198
1.97059
1.98035
1.99011
1.99987
2.00963
2.01608
2.02254
2.02899
2.03544
2.04327
2.05111
2.05894
2.06678
2.07181
2.07685
2.08189
2.08693
2.09341
2.09990
2.10639
2.11287
2.11686
2.12084
2.12483
2.12882
2.13334
2.13786
2.14239
2.14691
2.15003
2.15315
2.15626
2.15938
2.16179
2.16420
2.16662
2.16903
2.17135
2.17366
2.17598
2.17830
2.17987
2.18144
2.18301
2.18457
2.18683
2.18909
2.19135
2.19361
2.19635
2.19910
2.20184
2.20459
2.20860
2.21261
2.21662
2.22063
2.22679
2.23295
2.23912
2.24528
2.25284
2.26040
2.26796
2.27551
2.28717
2.29883
2.31049
2.32215
2.33527
2.34839
2.36151
2.37463
2.39250
2.41037
2.42824
2.44611
2.46589
2.48567
2.50545
2.52523
2.54999
2.57474
2.59949
2.62425
2.65010
2.67596
2.70181
2.72767
2.75902
2.79038
2.82174
2.85309
2.88575
2.91841
2.95106
2.98372
3.02061
3.05749
3.09438
3.13126
3.16717
3.20307
3.23897
3.27487
3.31402
3.35317
3.39232
3.43147
3.46721
3.50295
3.53869
3.57443
3.61269
3.65096
3.68922
3.72748
3.76105
3.79461
3.82818
3.86174
3.89632
3.93089
3.96547
4.00004
4.03236
4.06468
4.09700
4.12932
4.15993
4.19054
4.22115
4.25177
4.28325
4.31474
4.34623
4.37772
4.40172
4.42572
4.44972
4.47372
4.50217
4.53063
4.55909
4.58754
4.60713
4.62671
4.64629
4.66588
4.68956
4.71324
4.73692
4.76060
4.77885
4.79711
4.81536
4.83361
4.85314
4.87268
4.89221
4.91175
4.93322
4.95470
4.97618
4.99766
5.02139
5.04513
5.06886
5.09260
5.11904
5.14547
5.17191
5.19835
5.21830
5.23825
5.25821
5.27816
5.30369
5.32922
5.35475
5.38029
5.39740
5.41451
5.43162
5.44873
5.46673
5.48474
5.50274
5.52074
5.53762
5.55451
5.57139
5.58828
5.59839
5.60850
5.61861
5.62872
5.63806
5.64739
5.65673
5.66606
5.66480
5.66353
5.66227
5.66101
5.64731
5.63361
5.61991
5.60621
5.58409
5.56197
5.53985
5.51774
5.48229
5.44683
5.41138
5.37593
1.24208
1.24329
1.24450
1.24570
1.24691
1.24811
1.24932
1.25052
1.25173
1.25294
1.25414
1.25535
1.25655
1.25776
1.25897
1.26017
1.26138
1.26258
1.26379
1.26499
1.26620
1.26741
1.26861
1.26982
1.27102
1.27223
1.27344
1.27464
1.27585
1.27705
1.27826
1.27946
1.28067
1.28188
1.28308
1.28429
1.28549
1.28670
1.28791
1.28911
1.29032
1.29152
1.29273
1.29394
1.29514
1.29635
1.29755
1.29876
1.29996
1.30117
1.30238
1.30358
1.30479
1.30599
1.30720
1.30841
1.30961
1.31082
1.31202
1.31323
1.31443
1.31564
1.31685
1.31805
1.31926
1.32046
1.32167
1.32288
1.32408
1.32529
1.32649
1.32770
1.32890
1.33011
1.33132
1.33252
1.33373
1.33493
1.33614
1.33735
1.33855
1.33976
1.34096
1.34217
1.34337
1.34458
1.34579
1.34699
1.34820
1.34940
1.35061
1.35182
1.35302
1.35423
1.35543
1.35664
1.35784
1.35905
1.36026
1.36146
1.36267
1.36387
1.36508
1.36629
1.36749
1.36870
1.36990
1.37111
1.37231
1.37352
1.37473
1.37593
1.37714
1.37834
1.37955
1.38076
1.38196
1.38317
1.38437
1.38558
1.38678
1.38799
1.38920
1.39040
1.39161
1.39281
1.39402
1.39523
1.39643
1.39764
1.39884
1.40005
1.40125
1.40246
1.40367
1.40487
1.40608
1.40632
1.40656
1.40680
1.40705
1.40738
1.40771
1.40803
1.40836
1.40892
1.40948
1.41004
1.41059
1.41582
1.42105
1.42629
1.43152
1.43951
1.44751
1.45550
1.46349
1.47156
1.47963
1.48770
1.49577
1.50614
1.51651
1.52689
1.53726
1.54704
1.55682
1.56660
1.57638
1.58631
1.59623
1.60616
1.61609
1.62667
1.63726
1.64784
1.65842
1.66800
1.67758
1.68716
1.69674
1.70763
1.71851
1.72939
1.74027
1.74750
1.75473
1.76196
1.76918
1.77826
1.78733
1.79640
1.80547
1.80884
1.81221
1.81557
1.81894
1.82387
1.82880
1.83372
1.83865
1.83953
1.84040
1.84128
1.84215
1.84363
1.84512
1.84660
1.84808
1.84825
1.84841
1.84857
1.84874
1.84917
1.84961
1.85004
1.85048
1.85045
1.85043
1.85041
1.85039
1.85087
1.85136
1.85184
1.85233
1.85266
1.85299
1.85333
1.85366
1.85450
1.85534
1.85617
1.85701
1.85805
1.85910
1.86014
1.86118
1.86286
1.86454
1.86622
1.86790
1.87059
1.87327
1.87596
1.87864
1.88214
1.88564
1.88914
1.89264
1.89795
1.90327
1.90859
1.91391
1.92096
1.92802
1.93507
1.94212
1.95195
1.96177
1.97160
1.98142
1.99386
2.00629
2.01872
2.03116
2.04717
2.06317
2.07918
2.09519
2.11354
2.13189
2.15025
2.16860
2.18949
2.21038
2.23127
2.25216
2.27548
2.29881
2.32214
2.34547
2.36886
2.39225
2.41564
2.43903
2.46607
2.49311
2.52015
2.54719
2.57245
2.59771
2.62296
2.64822
2.67855
2.70888
2.73921
2.76955
2.79935
2.82915
2.85895
2.88875
2.92336
2.95797
2.99258
3.02718
3.06061
3.09404
3.12746
3.16089
3.19792
3.23496
3.27199
3.30903
3.34414
3.37926
3.41438
3.44950
3.48669
3.52389
3.56108
3.59828
3.63406
3.66984
3.70562
3.74140
3.77679
3.81218
3.84757
3.88296
3.91907
3.95519
3.99131
4.02742
4.06006
4.09269
4.12532
4.15795
4.19348
4.22901
4.26453
4.30006
4.32626
4.35245
4.37865
4.40485
4.43609
4.46733
4.49858
4.52982
4.55071
4.57159
4.59247
4.61336
4.63668
4.66000
4.68332
4.70664
4.72597
4.74531
4.76464
4.78398
4.80251
4.82105
4.83959
4.85812
4.87979
4.90145
4.92312
4.94479
4.96668
4.98857
5.01047
5.03236
5.05890
5.08545
5.11199
5.13853
5.15777
5.17701
5.19625
5.21549
5.23976
5.26403
5.28831
5.31258
5.33129
5.35000
5.36871
5.38742
5.40492
5.42241
5.43991
5.45740
5.47544
5.49348
5.51152
5.52956
5.53948
5.54939
5.55931
5.56922
5.57945
5.58967
5.59990
5.61013
5.60871
5.60729
5.60587
5.60445
5.59274
5.58103
5.56932
5.55762
5.53792
5.51822
5.49853
5.47883
5.44622
5.41361
5.38099
5.34838
1.32904
1.33043
1.33183
1.33322
1.33461
1.33601
1.33740
1.33879
1.34019
1.34158
1.34297
1.34437
1.34576
1.34715
1.34855
1.34994
1.35133
1.35273
1.35412
1.35551
1.35691
1.35830
1.35969
1.36109
1.36248
1.36387
1.36527
1.36666
1.36805
1.36945
1.37084
1.37223
1.37363
1.37502
1.37641
1.37781
1.37920
1.38059
1.38199
1.38338
1.38477
1.38617
1.38756
1.38895
1.39035
1.39174
1.39313
1.39453
1.39592
1.39731
1.39871
1.40010
1.40149
1.40289
1.40428
1.40567
1.40707
1.40846
1.40985
1.41125
1.41264
1.41404
1.41543
1.41682
1.41822
1.41961
1.42100
1.42240
1.42379
1.42518
1.42658
1.42797
1.42936
1.43076
1.43215
1.43354
1.43494
1.43633
1.43772
1.43912
1.44051
1.44190
1.44330
1.44469
1.44608
1.44748
1.44887
1.45026
1.45166
1.45305
1.45444
1.45584
1.45723
1.45862
1.46002
1.46141
1.46280
1.46420
1.46559
1.46698
1.46838
1.46977
1.47116
1.47256
1.47395
1.47534
1.47674
1.47813
1.47952
1.48092
1.48231
1.48370
1.48510
1.48649
1.48788
1.48928
1.49067
1.49206
1.49346
1.49485
1.49624
1.49764
1.49903
1.50042
1.50182
1.50321
1.50461
1.50600
1.50739
1.50879
1.51018
1.51157
1.51297
1.51436
1.51575
1.51715
1.51854
1.51952
1.52050
1.52148
1.52245
1.52309
1.52373
1.52437
1.52501
1.52621
1.52741
1.52861
1.52980
1.53428
1.53877
1.54325
1.54773
1.55511
1.56250
1.56989
1.57727
1.58523
1.59319
1.60115
1.60911
1.61810
1.62710
1.63610
1.64510
1.65451
1.66392
1.67333
1.68274
1.68993
1.69712
1.70431
1.71150
1.72005
1.72861
1.73717
1.74572
1.75138
1.75704
1.76270
1.76836
1.77541
1.78246
1.78950
1.79655
1.79920
1.80186
1.80452
1.80717
1.80989
1.81260
1.81532
1.81803
1.81721
1.81639
1.81558
1.81476
1.81295
1.81115
1.80935
1.80755
1.80390
1.80026
1.79662
1.79298
1.78940
1.78581
1.78222
1.77864
1.77392
1.76919
1.76447
1.75975
1.75660
1.75345
1.75030
1.74714
1.74272
1.73829
1.73386
1.72943
1.72761
1.72579
1.72396
1.72214
1.71914
1.71613
1.71313
1.71013
1.70955
1.70897
1.70839
1.70781
1.70674
1.70567
1.70460
1.70353
1.70548
1.70743
1.70939
1.71134
1.71493
1.71853
1.72213
1.72573
1.73113
1.73654
1.74195
1.74735
1.75546
1.76357
1.77167
1.77978
1.78925
1.79872
1.80819
1.81766
1.82923
1.84079
1.85236
1.86392
1.87763
1.89135
1.90506
1.91877
1.93380
1.94882
1.96385
1.97887
1.99684
2.01482
2.03279
2.05077
2.06895
2.08714
2.10532
2.12351
2.14566
2.16781
2.18997
2.21212
2.23321
2.25431
2.27541
2.29650
2.32238
2.34826
2.37413
2.40001
2.42421
2.44841
2.47261
2.49682
2.52576
2.55471
2.58366
2.61261
2.64091
2.66921
2.69751
2.72581
2.75775
2.78968
2.82162
2.85355
2.88570
2.91786
2.95001
2.98216
3.01673
3.05129
3.08586
3.12043
3.15644
3.19246
3.22847
3.26448
3.30288
3.34127
3.37967
3.41807
3.45746
3.49685
3.53625
3.57564
3.61493
3.65423
3.69353
3.73282
3.77389
3.81496
3.85603
3.89710
3.93272
3.96834
4.00397
4.03959
4.07845
4.11732
4.15618
4.19504
4.22495
4.25485
4.28475
4.31465
4.34762
4.38059
4.41356
4.44652
4.47051
4.49449
4.51847
4.54245
4.56463
4.58682
4.60900
4.63119
4.65290
4.67460
4.69631
4.71801
4.73813
4.75825
4.77837
4.79849
4.82275
4.84701
4.87127
4.89552
4.91570
4.93588
4.95606
4.97623
5.00158
5.02693
5.05228
5.07762
5.09702
5.11642
5.13581
5.15521
5.17791
5.20061
5.22331
5.24601
5.26586
5.28572
5.30557
5.32543
5.34210
5.35877
5.37544
5.39212
5.41110
5.43009
5.44908
5.46807
5.47761
5.48714
5.49668
5.50622
5.51727
5.52832
5.53937
5.55042
5.54894
5.54745
5.54597
5.54449
5.53485
5.52521
5.51557
5.50593
5.48863
5.47133
5.45403
5.43673
5.40689
5.37704
5.34720
5.31736
1.41279
1.41428
1.41576
1.41724
1.41873
1.42021
1.42169
1.42318
1.42466
1.42614
1.42763
1.42911
1.43059
1.43208
1.43356
1.43505
1.43653
1.43801
1.43950
1.44098
1.44246
1.44395
1.44543
1.44691
1.44840
1.44988
1.45136
1.45285
1.45433
1.45581
1.45730
1.45878
1.46027
1.46175
1.46323
1.46472
1.46620
1.46768
1.46917
1.47065
1.47213
1.47362
1.47510
1.47658
1.47807
1.47955
1.48103
1.48252
1.48400
1.48549
1.48697
1.48845
1.48994
1.49142
1.49290
1.49439
1.49587
1.49735
1.49884
1.50032
1.50180
1.50329
1.50477
1.50625
1.50774
1.50922
1.51071
1.51219
1.51367
1.51516
1.51664
1.51812
1.51961
1.52109
1.52257
1.52406
1.52554
1.52702
1.52851
1.52999
1.53147
1.53296
1.53444
1.53593
1.53741
1.53889
1.54038
1.54186
1.54334
1.54483
1.54631
1.54779
1.54928
1.55076
1.55224
1.55373
1.55521
1.55669
1.55818
1.55966
1.56115
1.56263
1.56411
1.56560
1.56708
1.56856
1.57005
1.57153
1.57301
1.57450
1.57598
1.57746
1.57895
1.58043
1.58191
1.58340
1.58488
1.58637
1.58785
1.58933
1.59082
1.59230
1.59378
1.59527
1.59675
1.59823
1.59972
1.60120
1.60268
1.60417
1.60565
1.60713
1.60862
1.61010
1.61159
1.61307
1.61455
1.61604
1.61752
1.61900
1.62049
1.62135
1.62221
1.62308
1.62394
1.62573
1.62752
1.62932
1.63111
1.63495
1.63880
1.64265
1.64649
1.65297
1.65945
1.66593
1.67241
1.67992
1.68742
1.69493
1.70243
1.70982
1.71721
1.72460
1.73199
1.74066
1.74932
1.75798
1.76664
1.77153
1.77642
1.78131
1.78619
1.79289
1.79959
1.80629
1.81299
1.81546
1.81793
1.82040
1.82287
1.82632
1.82978
1.83323
1.83668
1.83568
1.83468
1.83368
1.83268
1.83027
1.82787
1.82547
1.82306
1.81886
1.81466
1.81046
1.80626
1.79950
1.79274
1.78598
1.77922
1.77198
1.76474
1.75750
1.75027
1.74290
1.73553
1.72816
1.72079
1.71195
1.70311
1.69428
1.68544
1.67955
1.67366
1.66777
1.66188
1.65377
1.64566
1.63755
1.62944
1.62578
1.62213
1.61847
1.61481
1.60938
1.60395
1.59852
1.59309
1.59174
1.59039
1.58903
1.58768
1.58603
1.58438
1.58272
1.58107
1.58415
1.58723
1.59031
1.59339
1.59904
1.60470
1.61035
1.61601
1.62437
1.63273
1.64110
1.64946
1.66114
1.67282
1.68450
1.69618
1.70927
1.72237
1.73546
1.74856
1.76264
1.77672
1.79080
1.80488
1.82122
1.83756
1.85391
1.87025
1.88501
1.89976
1.91452
1.92927
1.94772
1.96617
1.98462
2.00307
2.01907
2.03506
2.05106
2.06705
2.08784
2.10862
2.12940
2.15019
2.16866
2.18714
2.20561
2.22409
2.24735
2.27062
2.29388
2.31715
2.33897
2.36078
2.38260
2.40442
2.43000
2.45559
2.48117
2.50675
2.53206
2.55737
2.58267
2.60798
2.63587
2.66375
2.69164
2.71952
2.74912
2.77872
2.80832
2.83792
2.86920
2.90048
2.93176
2.96304
2.99853
3.03402
3.06951
3.10500
3.14329
3.18157
3.21986
3.25814
3.29952
3.34090
3.38228
3.42366
3.46544
3.50722
3.54900
3.59078
3.63519
3.67961
3.72403
3.76844
3.80663
3.84482
3.88301
3.92119
3.96255
4.00390
4.04525
4.08660
4.12008
4.15356
4.18704
4.22052
4.25502
4.28951
4.32401
4.35851
4.38600
4.41349
4.44098
4.46848
4.49012
4.51177
4.53341
4.55506
4.57933
4.60361
4.62789
4.65216
4.67356
4.69495
4.71635
4.73774
4.76415
4.79056
4.81696
4.84337
4.86251
4.88165
4.90080
4.91994
4.94409
4.96824
4.99239
5.01654
5.03627
5.05601
5.07575
5.09549
5.11661
5.13773
5.15885
5.17997
5.20087
5.22176
5.24266
5.26355
5.27934
5.29513
5.31092
5.32670
5.34628
5.36585
5.38542
5.40499
5.41437
5.42376
5.43314
5.44253
5.45409
5.46565
5.47721
5.48877
5.48750
5.48624
5.48498
5.48371
5.47616
5.46861
5.46106
5.45350
5.43842
5.42334
5.40826
5.39317
5.36636
5.33954
5.31272
5.28590
1.48669
1.48797
1.48924
1.49051
1.49179
1.49306
1.49434
1.49561
1.49688
1.49816
1.49943
1.50071
1.50198
1.50325
1.50453
1.50580
1.50707
1.50835
1.50962
1.51090
1.51217
1.51344
1.51472
1.51599
1.51727
1.51854
1.51981
1.52109
1.52236
1.52363
1.52491
1.52618
1.52746
1.52873
1.53000
1.53128
1.53255
1.53383
1.53510
1.53637
1.53765
1.53892
1.54020
1.54147
1.54274
1.54402
1.54529
1.54656
1.54784
1.54911
1.55039
1.55166
1.55293
1.55421
1.55548
1.55676
1.55803
1.55930
1.56058
1.56185
1.56312
1.56440
1.56567
1.56695
1.56822
1.56949
1.57077
1.57204
1.57332
1.57459
1.57586
1.57714
1.57841
1.57969
1.58096
1.58223
1.58351
1.58478
1.58605
1.58733
1.58860
1.58988
1.59115
1.59242
1.59370
1.59497
1.59625
1.59752
1.59879
1.60007
1.60134
1.60261
1.60389
1.60516
1.60644
1.60771
1.60898
1.61026
1.61153
1.61281
1.61408
1.61535
1.61663
1.61790
1.61918
1.62045
1.62172
1.62300
1.62427
1.62554
1.62682
1.62809
1.62937
1.63064
1.63191
1.63319
1.63446
1.63574
1.63701
1.63828
1.63956
1.64083
1.64210
1.64338
1.64465
1.64593
1.64720
1.64847
1.64975
1.65102
1.65230
1.65357
1.65484
1.65612
1.65739
1.65867
1.65994
1.66121
1.66249
1.66376
1.66503
1.66585
1.66667
1.66749
1.66830
1.67055
1.67280
1.67505
1.67730
1.68086
1.68443
1.68799
1.69156
1.69621
1.70086
1.70552
1.71017
1.71617
1.72217
1.72817
1.73416
1.73923
1.74430
1.74937
1.75444
1.76119
1.76794
1.77469
1.78144
1.78536
1.78929
1.79322
1.79714
1.80251
1.80787
1.81324
1.81861
1.82013
1.82166
1.82318
1.82470
1.82532
1.82593
1.82654
1.82715
1.82530
1.82345
1.82160
1.81975
1.81604
1.81234
1.80863
1.80493
1.79982
1.79471
1.78959
1.78448
1.77823
1.77197
1.76572
1.75946
1.75145
1.74344
1.73543
1.72742
1.72022
1.71302
1.70583
1.69863
1.68805
1.67747
1.66689
1.65631
1.65029
1.64427
1.63825
1.63223
1.62266
1.61309
1.60352
1.59395
1.58992
1.58590
1.58187
1.57785
1.57279
1.56773
1.56267
1.55762
1.55747
1.55732
1.55718
1.55703
1.55951
1.56198
1.56446
1.56693
1.57377
1.58061
1.58745
1.59429
1.60553
1.61677
1.62801
1.63925
1.65379
1.66834
1.68288
1.69742
1.71510
1.73277
1.75044
1.76811
1.78854
1.80897
1.82940
1.84983
1.86882
1.88781
1.90680
1.92578
1.94891
1.97203
1.99516
2.01828
2.03498
2.05167
2.06837
2.08506
2.10660
2.12815
2.14969
2.17124
2.18663
2.20201
2.21740
2.23279
2.25162
2.27044
2.28927
2.30810
2.32294
2.33779
2.35263
2.36748
2.38367
2.39987
2.41607
2.43226
2.44761
2.46296
2.47831
2.49366
2.50978
2.52590
2.54202
2.55814
2.57585
2.59356
2.61127
2.62899
2.64858
2.66818
2.68778
2.70738
2.73050
2.75362
2.77674
2.79986
2.82532
2.85078
2.87624
2.90170
2.93231
2.96292
2.99353
3.02414
3.05826
3.09238
3.12650
3.16062
3.19900
3.23737
3.27575
3.31412
3.35399
3.39386
3.43374
3.47361
3.51644
3.55927
3.60210
3.64493
3.68437
3.72381
3.76326
3.80270
3.84393
3.88516
3.92638
3.96761
4.00429
4.04096
4.07763
4.11430
4.14972
4.18513
4.22054
4.25595
4.28823
4.32051
4.35279
4.38508
4.40802
4.43096
4.45390
4.47684
4.50429
4.53175
4.55920
4.58666
4.60839
4.63012
4.65186
4.67359
4.70077
4.72794
4.75512
4.78229
4.80250
4.82271
4.84292
4.86313
4.88607
4.90902
4.93196
4.95490
4.97555
4.99619
5.01684
5.03748
5.05701
5.07653
5.09606
5.11558
5.13720
5.15881
5.18042
5.20204
5.21676
5.23148
5.24620
5.26092
5.27995
5.29898
5.31801
5.33704
5.34695
5.35687
5.36678
5.37669
5.38780
5.39891
5.41002
5.42112
5.42095
5.42078
5.42060
5.42043
5.41503
5.40962
5.40422
5.39881
5.38539
5.37197
5.35855
5.34513
5.32213
5.29913
5.27613
5.25313
1.49668
1.49787
1.49906
1.50025
1.50144
1.50263
1.50382
1.50501
1.50620
1.50739
1.50857
1.50976
1.51095
1.51214
1.51333
1.51452
1.51571
1.51690
1.51809
1.51928
1.52046
1.52165
1.52284
1.52403
1.52522
1.52641
1.52760
1.52879
1.52998
1.53117
1.53235
1.53354
1.53473
1.53592
1.53711
1.53830
1.53949
1.54068
1.54187
1.54306
1.54425
1.54543
1.54662
1.54781
1.54900
1.55019
1.55138
1.55257
1.55376
1.55495
1.55614
1.55732
1.55851
1.55970
1.56089
1.56208
1.56327
1.56446
1.56565
1.56684
1.56803
1.56921
1.57040
1.57159
1.57278
1.57397
1.57516
1.57635
1.57754
1.57873
1.57992
1.58111
1.58229
1.58348
1.58467
1.58586
1.58705
1.58824
1.58943
1.59062
1.59181
1.59300
1.59418
1.59537
1.59656
1.59775
1.59894
1.60013
1.60132
1.60251
1.60370
1.60489
1.60607
1.60726
1.60845
1.60964
1.61083
1.61202
1.61321
1.61440
1.61559
1.61678
1.61796
1.61915
1.62034
1.62153
1.62272
1.62391
1.62510
1.62629
1.62748
1.62867
1.62986
1.63104
1.63223
1.63342
1.63461
1.63580
1.63699
1.63818
1.63937
1.64056
1.64175
1.64293
1.64412
1.64531
1.64650
1.64769
1.64888
1.65007
1.65126
1.65245
1.65364
1.65482
1.65601
1.65720
1.65839
1.65958
1.66077
1.66196
1.66315
1.66385
1.66456
1.66527
1.66597
1.66806
1.67016
1.67225
1.67434
1.67705
1.67975
1.68246
1.68517
1.68834
1.69151
1.69468
1.69785
1.70291
1.70797
1.71304
1.71810
1.72201
1.72591
1.72982
1.73372
1.73932
1.74492
1.75053
1.75613
1.75986
1.76360
1.76734
1.77107
1.77564
1.78022
1.78479
1.78936
1.79094
1.79251
1.79409
1.79566
1.79532
1.79497
1.79462
1.79427
1.79305
1.79184
1.79062
1.78940
1.78601
1.78262
1.77922
1.77583
1.77154
1.76724
1.76295
1.75866
1.75390
1.74913
1.74437
1.73961
1.73258
1.72556
1.71854
1.71151
1.70561
1.69971
1.69381
1.68791
1.67778
1.66765
1.65753
1.64740
1.64212
1.63684
1.63156
1.62628
1.61674
1.60719
1.59765
1.58811
1.58395
1.57978
1.57562
1.57146
1.56655
1.56165
1.55675
1.55185
1.55137
1.55088
1.55040
1.54992
1.55368
1.55744
1.56120
1.56497
1.57202
1.57908
1.58614
1.59320
1.60588
1.61856
1.63124
1.64392
1.66009
1.67626
1.69243
1.70861
1.72820
1.74780
1.76739
1.78699
1.81051
1.83404
1.85756
1.88109
1.90235
1.92362
1.94489
1.96615
1.99239
2.01862
2.04486
2.07110
2.08917
2.10725
2.12533
2.14341
2.16585
2.18830
2.21074
2.23318
2.24854
2.26390
2.27926
2.29462
2.31145
2.32829
2.34512
2.36196
2.37481
2.38766
2.40051
2.41335
2.42514
2.43693
2.44871
2.46050
2.47223
2.48396
2.49568
2.50741
2.51831
2.52922
2.54012
2.55102
2.56471
2.57841
2.59211
2.60580
2.62091
2.63602
2.65113
2.66624
2.68571
2.70519
2.72467
2.74414
2.76620
2.78826
2.81031
2.83237
2.85955
2.88673
2.91391
2.94109
2.97222
3.00336
3.03449
3.06563
3.10134
3.13706
3.17277
3.20849
3.24666
3.28483
3.32300
3.36116
3.40235
3.44353
3.48471
3.52590
3.56600
3.60611
3.64621
3.68632
3.72711
3.76790
3.80869
3.84948
3.88829
3.92710
3.96591
4.00473
4.04088
4.07704
4.11320
4.14935
4.18493
4.22050
4.25607
4.29164
4.31650
4.34137
4.36623
4.39109
4.42074
4.45039
4.48003
4.50968
4.53279
4.55589
4.57900
4.60211
4.62993
4.65776
4.68558
4.71341
4.73553
4.75765
4.77977
4.80189
4.82393
4.84598
4.86802
4.89006
4.91177
4.93347
4.95518
4.97688
4.99525
5.01363
5.03200
5.05037
5.07201
5.09365
5.11529
5.13693
5.15119
5.16544
5.17969
5.19395
5.21205
5.23015
5.24826
5.26636
5.27690
5.28744
5.29798
5.30853
5.31907
5.32961
5.34016
5.35070
5.35173
5.35275
5.35377
5.35479
5.35117
5.34755
5.34393
5.34031
5.32901
5.31771
5.30641
5.29511
5.27581
5.25651
5.23721
5.21792
1.41656
1.41784
1.41912
1.42040
1.42168
1.42296
1.42424
1.42552
1.42680
1.42808
1.42936
1.43064
1.43192
1.43320
1.43448
1.43576
1.43704
1.43832
1.43960
1.44088
1.44216
1.44344
1.44472
1.44600
1.44728
1.44856
1.44984
1.45112
1.45240
1.45368
1.45496
1.45624
1.45752
1.45880
1.46008
1.46136
1.46264
1.46392
1.46520
1.46648
1.46776
1.46904
1.47032
1.47160
1.47288
1.47416
1.47544
1.47673
1.47801
1.47929
1.48057
1.48185
1.48313
1.48441
1.48569
1.48697
1.48825
1.48953
1.49081
1.49209
1.49337
1.49465
1.49593
1.49721
1.49849
1.49977
1.50105
1.50233
1.50361
1.50489
1.50617
1.50745
1.50873
1.51001
1.51129
1.51257
1.51385
1.51513
1.51641
1.51769
1.51897
1.52025
1.52153
1.52281
1.52409
1.52537
1.52665
1.52793
1.52921
1.53049
1.53177
1.53305
1.53433
1.53561
1.53689
1.53817
1.53945
1.54073
1.54201
1.54329
1.54457
1.54585
1.54714
1.54842
1.54970
1.55098
1.55226
1.55354
1.55482
1.55610
1.55738
1.55866
1.55994
1.56122
1.56250
1.56378
1.56506
1.56634
1.56762
1.56890
1.57018
1.57146
1.57274
1.57402
1.57530
1.57658
1.57786
1.57914
1.58042
1.58170
1.58298
1.58426
1.58554
1.58682
1.58810
1.58938
1.59066
1.59194
1.59322
1.59450
1.59578
1.59628
1.59679
1.59729
1.59779
1.59886
1.59994
1.60101
1.60208
1.60311
1.60414
1.60518
1.60621
1.60839
1.61056
1.61274
1.61491
1.61984
1.62477
1.62971
1.63464
1.63901
1.64339
1.64776
1.65214
1.65767
1.66320
1.66873
1.67426
1.67890
1.68353
1.68817
1.69281
1.69734
1.70188
1.70642
1.71096
1.71399
1.71702
1.72006
1.72309
1.72444
1.72578
1.72713
1.72847
1.72998
1.73148
1.73299
1.73449
1.73369
1.73289
1.73209
1.73129
1.73025
1.72921
1.72816
1.72712
1.72525
1.72338
1.72150
1.71963
1.71607
1.71250
1.70894
1.70538
1.70236
1.69935
1.69633
1.69331
1.68674
1.68016
1.67359
1.66701
1.66370
1.66038
1.65707
1.65375
1.64634
1.63892
1.63150
1.62408
1.62010
1.61613
1.61215
1.60818
1.60313
1.59808
1.59303
1.58797
1.58498
1.58198
1.57898
1.57599
1.57703
1.57808
1.57912
1.58017
1.58244
1.58472
1.58700
1.58928
1.59756
1.60584
1.61412
1.62239
1.63378
1.64516
1.65654
1.66793
1.68370
1.69948
1.71526
1.73104
1.75168
1.77233
1.79298
1.81363
1.83346
1.85329
1.87312
1.89295
1.91712
1.94129
1.96546
1.98963
2.00832
2.02700
2.04569
2.06437
2.08461
2.10486
2.12510
2.14535
2.16149
2.17763
2.19376
2.20990
2.22471
2.23951
2.25431
2.26911
2.28226
2.29542
2.30857
2.32172
2.33285
2.34397
2.35509
2.36622
2.37834
2.39046
2.40259
2.41471
2.42638
2.43806
2.44973
2.46140
2.47612
2.49085
2.50557
2.52030
2.53628
2.55226
2.56824
2.58422
2.60404
2.62387
2.64370
2.66352
2.68559
2.70766
2.72973
2.75179
2.77758
2.80337
2.82915
2.85494
2.88475
2.91457
2.94438
2.97419
3.00774
3.04128
3.07483
3.10838
3.14513
3.18188
3.21863
3.25538
3.29484
3.33429
3.37374
3.41319
3.45312
3.49305
3.53298
3.57291
3.61282
3.65272
3.69263
3.73254
3.77201
3.81148
3.85095
3.89042
3.92708
3.96373
4.00039
4.03704
4.07380
4.11055
4.14731
4.18406
4.21173
4.23940
4.26707
4.29473
4.32519
4.35564
4.38609
4.41654
4.44247
4.46841
4.49435
4.52028
4.54859
4.57690
4.60521
4.63351
4.65873
4.68395
4.70917
4.73439
4.75597
4.77755
4.79913
4.82071
4.84369
4.86666
4.88964
4.91261
4.93046
4.94830
4.96615
4.98400
5.00469
5.02538
5.04608
5.06677
5.08140
5.09603
5.11066
5.12529
5.14193
5.15857
5.17521
5.19185
5.20315
5.21445
5.22576
5.23706
5.24689
5.25671
5.26654
5.27637
5.27873
5.28110
5.28347
5.28584
5.28349
5.28113
5.27878
5.27643
5.26790
5.25936
5.25083
5.24230
5.22653
5.21077
5.19501
5.17925
1.33643
1.33780
1.33917
1.34054
1.34191
1.34329
1.34466
1.34603
1.34740
1.34877
1.35014
1.35151
1.35288
1.35426
1.35563
1.35700
1.35837
1.35974
1.36111
1.36248
1.36386
1.36523
1.36660
1.36797
1.36934
1.37071
1.37208
1.37345
1.37483
1.37620
1.37757
1.37894
1.38031
1.38168
1.38305
1.38443
1.38580
1.38717
1.38854
1.38991
1.39128
1.39265
1.39402
1.39540
1.39677
1.39814
1.39951
1.40088
1.40225
1.40362
1.40500
1.40637
1.40774
1.40911
1.41048
1.41185
1.41322
1.41460
1.41597
1.41734
1.41871
1.42008
1.42145
1.42282
1.42419
1.42557
1.42694
1.42831
1.42968
1.43105
1.43242
1.43379
1.43517
1.43654
1.43791
1.43928
1.44065
1.44202
1.44339
1.44476
1.44614
1.44751
1.44888
1.45025
1.45162
1.45299
1.45436
1.45574
1.45711
1.45848
1.45985
1.46122
1.46259
1.46396
1.46533
1.46671
1.46808
1.46945
1.47082
1.47219
1.47356
1.47493
1.47631
1.47768
1.47905
1.48042
1.48179
1.48316
1.48453
1.48590
1.48728
1.48865
1.49002
1.49139
1.49276
1.49413
1.49550
1.49688
1.49825
1.49962
1.50099
1.50236
1.50373
1.50510
1.50647
1.50785
1.50922
1.51059
1.51196
1.51333
1.51470
1.51607
1.51745
1.51882
1.52019
1.52156
1.52293
1.52430
1.52567
1.52704
1.52842
1.52871
1.52901
1.52931
1.52961
1.52966
1.52971
1.52977
1.52982
1.52918
1.52854
1.52789
1.52725
1.52843
1.52962
1.53080
1.53198
1.53678
1.54158
1.54637
1.55117
1.55602
1.56086
1.56571
1.57056
1.57602
1.58147
1.58693
1.59239
1.59793
1.60346
1.60900
1.61454
1.61904
1.62354
1.62805
1.63255
1.63704
1.64153
1.64603
1.65052
1.65356
1.65660
1.65963
1.66267
1.66690
1.67113
1.67535
1.67958
1.68137
1.68316
1.68495
1.68674
1.68895
1.69117
1.69338
1.69559
1.69660
1.69762
1.69863
1.69964
1.69955
1.69945
1.69935
1.69925
1.69912
1.69899
1.69885
1.69872
1.69570
1.69267
1.68964
1.68662
1.68527
1.68393
1.68258
1.68123
1.67594
1.67064
1.66534
1.66005
1.65626
1.65247
1.64869
1.64490
1.63970
1.63450
1.62930
1.62410
1.61859
1.61308
1.60757
1.60205
1.60038
1.59871
1.59704
1.59536
1.59287
1.59037
1.58787
1.58537
1.58924
1.59312
1.59700
1.60087
1.60747
1.61406
1.62065
1.62725
1.63920
1.65116
1.66312
1.67508
1.69285
1.71063
1.72840
1.74617
1.76456
1.78296
1.80135
1.81975
1.84186
1.86396
1.88607
1.90817
1.92746
1.94675
1.96604
1.98533
2.00337
2.02142
2.03947
2.05751
2.07443
2.09135
2.10827
2.12519
2.13796
2.15073
2.16349
2.17626
2.18972
2.20318
2.21664
2.23009
2.24055
2.25102
2.26148
2.27194
2.28445
2.29697
2.30949
2.32201
2.33445
2.34689
2.35934
2.37178
2.38753
2.40329
2.41904
2.43480
2.45165
2.46850
2.48535
2.50220
2.52237
2.54255
2.56273
2.58291
2.60498
2.62706
2.64914
2.67122
2.69561
2.72001
2.74440
2.76879
2.79728
2.82577
2.85427
2.88276
2.91413
2.94551
2.97689
3.00826
3.04360
3.07893
3.11427
3.14961
3.18733
3.22504
3.26276
3.30048
3.34024
3.37999
3.41975
3.45950
3.49853
3.53755
3.57658
3.61560
3.65573
3.69586
3.73599
3.77612
3.81327
3.85043
3.88758
3.92473
3.96267
4.00061
4.03854
4.07648
4.10695
4.13743
4.16790
4.19838
4.22963
4.26089
4.29214
4.32339
4.35216
4.38093
4.40969
4.43846
4.46725
4.49604
4.52483
4.55362
4.58194
4.61026
4.63858
4.66689
4.68801
4.70913
4.73025
4.75137
4.77561
4.79986
4.82410
4.84834
4.86566
4.88298
4.90030
4.91762
4.93737
4.95712
4.97686
4.99661
5.01162
5.02663
5.04164
5.05664
5.07182
5.08699
5.10216
5.11733
5.12940
5.14146
5.15353
5.16560
5.17470
5.18381
5.19292
5.20203
5.20574
5.20946
5.21317
5.21688
5.21580
5.21472
5.21363
5.21255
5.20678
5.20102
5.19525
5.18949
5.17726
5.16504
5.15281
5.14059
1.25630
1.25776
1.25923
1.26069
1.26215
1.26361
1.26508
1.26654
1.26800
1.26946
1.27093
1.27239
1.27385
1.27531
1.27678
1.27824
1.27970
1.28116
1.28263
1.28409
1.28555
1.28701
1.28848
1.28994
1.29140
1.29286
1.29433
1.29579
1.29725
1.29871
1.30018
1.30164
1.30310
1.30456
1.30603
1.30749
1.30895
1.31041
1.31188
1.31334
1.31480
1.31626
1.31773
1.31919
1.32065
1.32211
1.32358
1.32504
1.32650
1.32796
1.32943
1.33089
1.33235
1.33381
1.33528
1.33674
1.33820
1.33966
1.34113
1.34259
1.34405
1.34551
1.34698
1.34844
1.34990
1.35136
1.35283
1.35429
1.35575
1.35721
1.35868
1.36014
1.36160
1.36306
1.36453
1.36599
1.36745
1.36891
1.37038
1.37184
1.37330
1.37476
1.37623
1.37769
1.37915
1.38061
1.38208
1.38354
1.38500
1.38646
1.38793
1.38939
1.39085
1.39231
1.39378
1.39524
1.39670
1.39816
1.39963
1.40109
1.40255
1.40401
1.40548
1.40694
1.40840
1.40986
1.41133
1.41279
1.41425
1.41571
1.41718
1.41864
1.42010
1.42156
1.42303
1.42449
1.42595
1.42741
1.42888
1.43034
1.43180
1.43326
1.43473
1.43619
1.43765
1.43911
1.44058
1.44204
1.44350
1.44496
1.44643
1.44789
1.44935
1.45081
1.45228
1.45374
1.45520
1.45666
1.45813
1.45959
1.46105
1.46114
1.46124
1.46133
1.46143
1.46046
1.45949
1.45853
1.45756
1.45524
1.45293
1.45061
1.44829
1.44848
1.44867
1.44886
1.44905
1.45371
1.45838
1.46304
1.46770
1.47302
1.47834
1.48366
1.48897
1.49436
1.49975
1.50514
1.51052
1.51696
1.52340
1.52983
1.53627
1.54074
1.54521
1.54968
1.55414
1.56009
1.56604
1.57199
1.57794
1.58268
1.58741
1.59214
1.59687
1.60382
1.61077
1.61772
1.62467
1.62905
1.63343
1.63782
1.64220
1.64766
1.65313
1.65859
1.66405
1.66796
1.67186
1.67576
1.67966
1.68303
1.68639
1.68976
1.69312
1.69587
1.69863
1.70138
1.70413
1.70465
1.70518
1.70570
1.70623
1.70685
1.70747
1.70809
1.70871
1.70554
1.70236
1.69919
1.69602
1.69242
1.68882
1.68522
1.68162
1.67627
1.67092
1.66557
1.66022
1.65220
1.64417
1.63615
1.62812
1.62373
1.61934
1.61495
1.61056
1.60329
1.59601
1.58873
1.58145
1.58093
1.58040
1.57988
1.57935
1.58116
1.58296
1.58476
1.58656
1.59471
1.60285
1.61099
1.61913
1.63402
1.64892
1.66381
1.67871
1.69567
1.71263
1.72959
1.74655
1.76659
1.78663
1.80667
1.82671
1.84660
1.86650
1.88639
1.90629
1.92214
1.93798
1.95383
1.96968
1.98738
2.00508
2.02278
2.04048
2.05121
2.06195
2.07268
2.08341
2.09717
2.11094
2.12470
2.13846
2.14826
2.15806
2.16786
2.17765
2.19057
2.20348
2.21640
2.22931
2.24252
2.25573
2.26895
2.28216
2.29894
2.31573
2.33251
2.34930
2.36702
2.38474
2.40246
2.42017
2.44070
2.46123
2.48176
2.50229
2.52438
2.54646
2.56855
2.59064
2.61364
2.63664
2.65964
2.68265
2.70981
2.73698
2.76415
2.79132
2.82053
2.84974
2.87894
2.90815
2.94207
2.97599
3.00991
3.04383
3.07981
3.11580
3.15179
3.18778
3.22736
3.26694
3.30652
3.34609
3.38424
3.42238
3.46052
3.49867
3.53945
3.58024
3.62103
3.66182
3.69947
3.73712
3.77477
3.81242
3.85154
3.89066
3.92978
3.96890
4.00218
4.03546
4.06874
4.10202
4.13408
4.16613
4.19819
4.23025
4.26185
4.29344
4.32504
4.35664
4.38591
4.41518
4.44446
4.47373
4.50515
4.53656
4.56798
4.59940
4.62005
4.64071
4.66136
4.68202
4.70753
4.73305
4.75856
4.78408
4.80087
4.81766
4.83445
4.85125
4.87005
4.88885
4.90765
4.92645
4.94184
4.95722
4.97261
4.98799
5.00170
5.01540
5.02911
5.04282
5.05565
5.06847
5.08130
5.09413
5.10252
5.11091
5.11930
5.12769
5.13275
5.13781
5.14287
5.14793
5.14812
5.14830
5.14848
5.14867
5.14567
5.14267
5.13967
5.13667
5.12799
5.11930
5.11061
5.10192
1.17185
1.17329
1.17473
1.17617
1.17762
1.17906
1.18050
1.18194
1.18338
1.18483
1.18627
1.18771
1.18915
1.19060
1.19204
1.19348
1.19492
1.19637
1.19781
1.19925
1.20069
1.20214
1.20358
1.20502
1.20646
1.20791
1.20935
1.21079
1.21223
1.21368
1.21512
1.21656
1.21800
1.21944
1.22089
1.22233
1.22377
1.22521
1.22666
1.22810
1.22954
1.23098
1.23243
1.23387
1.23531
1.23675
1.23820
1.23964
1.24108
1.24252
1.24397
1.24541
1.24685
1.24829
1.24974
1.25118
1.25262
1.25406
1.25551
1.25695
1.25839
1.25983
1.26127
1.26272
1.26416
1.26560
1.26704
1.26849
1.26993
1.27137
1.27281
1.27426
1.27570
1.27714
1.27858
1.28003
1.28147
1.28291
1.28435
1.28580
1.28724
1.28868
1.29012
1.29157
1.29301
1.29445
1.29589
1.29733
1.29878
1.30022
1.30166
1.30310
1.30455
1.30599
1.30743
1.30887
1.31032
1.31176
1.31320
1.31464
1.31609
1.31753
1.31897
1.32041
1.32186
1.32330
1.32474
1.32618
1.32763
1.32907
1.33051
1.33195
1.33339
1.33484
1.33628
1.33772
1.33916
1.34061
1.34205
1.34349
1.34493
1.34638
1.34782
1.34926
1.35070
1.35215
1.35359
1.35503
1.35647
1.35792
1.35936
1.36080
1.36224
1.36369
1.36513
1.36657
1.36801
1.36945
1.37090
1.37234
1.37378
1.37378
1.37378
1.37378
1.37378
1.37263
1.37148
1.37032
1.36917
1.36705
1.36492
1.36280
1.36068
1.36114
1.36159
1.36205
1.36251
1.36731
1.37211
1.37691
1.38171
1.38775
1.39379
1.39984
1.40588
1.41173
1.41758
1.42343
1.42928
1.43677
1.44426
1.45174
1.45923
1.46460
1.46997
1.47535
1.48072
1.48794
1.49516
1.50238
1.50960
1.51587
1.52214
1.52841
1.53468
1.54272
1.55077
1.55882
1.56686
1.57292
1.57898
1.58504
1.59109
1.59763
1.60417
1.61072
1.61726
1.62267
1.62809
1.63351
1.63892
1.64368
1.64844
1.65319
1.65795
1.66231
1.66666
1.67102
1.67538
1.67799
1.68060
1.68321
1.68582
1.68823
1.69065
1.69307
1.69549
1.69481
1.69414
1.69347
1.69279
1.69134
1.68988
1.68843
1.68698
1.68378
1.68059
1.67739
1.67420
1.66776
1.66132
1.65487
1.64843
1.64491
1.64138
1.63785
1.63433
1.62712
1.61991
1.61270
1.60549
1.60414
1.60279
1.60144
1.60009
1.59995
1.59981
1.59967
1.59953
1.60511
1.61069
1.61627
1.62185
1.63308
1.64431
1.65555
1.66678
1.68026
1.69374
1.70722
1.72070
1.73630
1.75191
1.76751
1.78312
1.79946
1.81580
1.83213
1.84847
1.86053
1.87259
1.88465
1.89671
1.91151
1.92630
1.94110
1.95589
1.96420
1.97252
1.98083
1.98914
2.00148
2.01382
2.02615
2.03849
2.04763
2.05677
2.06591
2.07505
2.08789
2.10073
2.11356
2.12640
2.14026
2.15412
2.16798
2.18184
2.19905
2.21626
2.23347
2.25068
2.26951
2.28833
2.30716
2.32598
2.34694
2.36790
2.38885
2.40981
2.43290
2.45600
2.47909
2.50218
2.52539
2.54861
2.57182
2.59504
2.62250
2.64996
2.67742
2.70488
2.73342
2.76195
2.79048
2.81901
2.85212
2.88522
2.91832
2.95142
2.98606
3.02070
3.05534
3.08998
3.12822
3.16646
3.20470
3.24293
3.28012
3.31731
3.35450
3.39169
3.43165
3.47161
3.51157
3.55153
3.58940
3.62728
3.66516
3.70304
3.74216
3.78129
3.82041
3.85953
3.89511
3.93069
3.96628
4.00186
4.03432
4.06679
4.09926
4.13172
4.16533
4.19894
4.23255
4.26616
4.29615
4.32615
4.35615
4.38615
4.41933
4.45251
4.48570
4.51888
4.54082
4.56275
4.58469
4.60663
4.63274
4.65886
4.68498
4.71110
4.72928
4.74746
4.76564
4.78382
4.80207
4.82032
4.83857
4.85682
4.87355
4.89029
4.90702
4.92375
4.93662
4.94948
4.96235
4.97522
4.98896
5.00269
5.01643
5.03017
5.03854
5.04691
5.05528
5.06365
5.07013
5.07661
5.08309
5.08957
5.09092
5.09227
5.09362
5.09496
5.09426
5.09356
5.09286
5.09215
5.08568
5.07920
5.07273
5.06625
1.08368
1.08501
1.08634
1.08766
1.08899
1.09032
1.09164
1.09297
1.09430
1.09562
1.09695
1.09828
1.09961
1.10093
1.10226
1.10359
1.10491
1.10624
1.10757
1.10889
1.11022
1.11155
1.11288
1.11420
1.11553
1.11686
1.11818
1.11951
1.12084
1.12216
1.12349
1.12482
1.12615
1.12747
1.12880
1.13013
1.13145
1.13278
1.13411
1.13543
1.13676
1.13809
1.13941
1.14074
1.14207
1.14340
1.14472
1.14605
1.14738
1.14870
1.15003
1.15136
1.15268
1.15401
1.15534
1.15667
1.15799
1.15932
1.16065
1.16197
1.16330
1.16463
1.16595
1.16728
1.16861
1.16994
1.17126
1.17259
1.17392
1.17524
1.17657
1.17790
1.17922
1.18055
1.18188
1.18320
1.18453
1.18586
1.18719
1.18851
1.18984
1.19117
1.19249
1.19382
1.19515
1.19647
1.19780
1.19913
1.20046
1.20178
1.20311
1.20444
1.20576
1.20709
1.20842
1.20974
1.21107
1.21240
1.21373
1.21505
1.21638
1.21771
1.21903
1.22036
1.22169
1.22301
1.22434
1.22567
1.22700
1.22832
1.22965
1.23098
1.23230
1.23363
1.23496
1.23628
1.23761
1.23894
1.24026
1.24159
1.24292
1.24425
1.24557
1.24690
1.24823
1.24955
1.25088
1.25221
1.25353
1.25486
1.25619
1.25752
1.25884
1.26017
1.26150
1.26282
1.26415
1.26548
1.26680
1.26813
1.26946
1.26946
1.26946
1.26946
1.26946
1.26883
1.26821
1.26758
1.26695
1.26663
1.26630
1.26597
1.26564
1.26745
1.26926
1.27106
1.27287
1.27804
1.28320
1.28837
1.29353
1.30053
1.30752
1.31451
1.32150
1.32827
1.33504
1.34181
1.34858
1.35724
1.36591
1.37457
1.38323
1.39031
1.39739
1.40448
1.41156
1.41989
1.42823
1.43656
1.44489
1.45256
1.46023
1.46790
1.47557
1.48332
1.49108
1.49883
1.50658
1.51352
1.52047
1.52742
1.53436
1.54012
1.54587
1.55163
1.55738
1.56313
1.56889
1.57464
1.58039
1.58477
1.58914
1.59352
1.59789
1.60276
1.60762
1.61249
1.61735
1.62079
1.62423
1.62767
1.63111
1.63518
1.63925
1.64332
1.64739
1.64954
1.65168
1.65383
1.65598
1.65834
1.66071
1.66308
1.66545
1.66639
1.66732
1.66826
1.66920
1.66785
1.66650
1.66515
1.66381
1.66421
1.66462
1.66503
1.66543
1.66245
1.65946
1.65647
1.65349
1.65438
1.65527
1.65616
1.65705
1.65740
1.65776
1.65811
1.65846
1.66256
1.66666
1.67076
1.67486
1.68175
1.68864
1.69554
1.70243
1.71068
1.71892
1.72717
1.73542
1.74456
1.75371
1.76285
1.77199
1.78121
1.79042
1.79963
1.80885
1.81576
1.82267
1.82958
1.83649
1.84522
1.85395
1.86267
1.87140
1.87697
1.88253
1.88809
1.89365
1.90308
1.91251
1.92194
1.93137
1.93986
1.94835
1.95684
1.96533
1.97768
1.99003
2.00238
2.01473
2.02914
2.04355
2.05796
2.07237
2.08948
2.10659
2.12371
2.14082
2.16096
2.18109
2.20123
2.22136
2.24281
2.26427
2.28572
2.30717
2.33212
2.35707
2.38202
2.40696
2.43177
2.45657
2.48137
2.50617
2.53531
2.56445
2.59359
2.62273
2.65187
2.68100
2.71014
2.73928
2.77208
2.80488
2.83768
2.87049
2.90411
2.93773
2.97134
3.00496
3.04086
3.07676
3.11266
3.14856
3.18473
3.22090
3.25707
3.29324
3.33110
3.36896
3.40681
3.44467
3.48254
3.52042
3.55829
3.59617
3.63428
3.67240
3.71051
3.74863
3.78608
3.82353
3.86098
3.89844
3.93097
3.96351
3.99604
4.02858
4.06350
4.09842
4.13334
4.16826
4.19919
4.23012
4.26104
4.29197
4.32578
4.35959
4.39340
4.42721
4.45192
4.47663
4.50134
4.52605
4.55220
4.57836
4.60451
4.63066
4.65187
4.67307
4.69428
4.71549
4.73353
4.75157
4.76961
4.78765
4.80656
4.82547
4.84437
4.86328
4.87585
4.88841
4.90098
4.91354
4.92832
4.94309
4.95787
4.97265
4.98160
4.99054
4.99949
5.00844
5.01640
5.02437
5.03233
5.04029
5.04271
5.04513
5.04756
5.04998
5.05117
5.05236
5.05355
5.05474
5.04934
5.04395
5.03855
5.03315
0.99552
0.99673
0.99794
0.99915
1.00036
1.00158
1.00279
1.00400
1.00521
1.00642
1.00763
1.00885
1.01006
1.01127
1.01248
1.01369
1.01490
1.01611
1.01733
1.01854
1.01975
1.02096
1.02217
1.02338
1.02460
1.02581
1.02702
1.02823
1.02944
1.03065
1.03186
1.03308
1.03429
1.03550
1.03671
1.03792
1.03913
1.04035
1.04156
1.04277
1.04398
1.04519
1.04640
1.04761
1.04883
1.05004
1.05125
1.05246
1.05367
1.05488
1.05610
1.05731
1.05852
1.05973
1.06094
1.06215
1.06336
1.06458
1.06579
1.06700
1.06821
1.06942
1.07063
1.07185
1.07306
1.07427
1.07548
1.07669
1.07790
1.07911
1.08033
1.08154
1.08275
1.08396
1.08517
1.08638
1.08760
1.08881
1.09002
1.09123
1.09244
1.09365
1.09486
1.09608
1.09729
1.09850
1.09971
1.10092
1.10213
1.10335
1.10456
1.10577
1.10698
1.10819
1.10940
1.11061
1.11183
1.11304
1.11425
1.11546
1.11667
1.11788
1.11910
1.12031
1.12152
1.12273
1.12394
1.12515
1.12637
1.12758
1.12879
1.13000
1.13121
1.13242
1.13363
1.13485
1.13606
1.13727
1.13848
1.13969
1.14090
1.14212
1.14333
1.14454
1.14575
1.14696
1.14817
1.14938
1.15060
1.15181
1.15302
1.15423
1.15544
1.15665
1.15787
1.15908
1.16029
1.16150
1.16271
1.16392
1.16513
1.16513
1.16513
1.16513
1.16513
1.16504
1.16494
1.16484
1.16474
1.16621
1.16767
1.16914
1.17061
1.17377
1.17692
1.18008
1.18323
1.18877
1.19430
1.19983
1.20536
1.21330
1.22124
1.22918
1.23712
1.24481
1.25250
1.26019
1.26788
1.27772
1.28756
1.29739
1.30723
1.31602
1.32482
1.33361
1.34240
1.35184
1.36129
1.37073
1.38018
1.38925
1.39832
1.40739
1.41647
1.42392
1.43138
1.43884
1.44629
1.45413
1.46196
1.46980
1.47763
1.48260
1.48757
1.49254
1.49751
1.50360
1.50969
1.51578
1.52187
1.52586
1.52985
1.53384
1.53783
1.54321
1.54858
1.55396
1.55933
1.56360
1.56786
1.57213
1.57640
1.58212
1.58785
1.59357
1.59930
1.60426
1.60923
1.61419
1.61916
1.62535
1.63154
1.63773
1.64392
1.64899
1.65406
1.65912
1.66419
1.66794
1.67169
1.67543
1.67918
1.68352
1.68786
1.69220
1.69654
1.69777
1.69901
1.70025
1.70148
1.70461
1.70774
1.71087
1.71400
1.71485
1.71570
1.71655
1.71740
1.72002
1.72263
1.72525
1.72786
1.73042
1.73297
1.73553
1.73808
1.74110
1.74411
1.74713
1.75014
1.75282
1.75550
1.75818
1.76086
1.76295
1.76504
1.76713
1.76922
1.77098
1.77274
1.77450
1.77626
1.77893
1.78159
1.78425
1.78692
1.78973
1.79254
1.79535
1.79816
1.80468
1.81121
1.81773
1.82425
1.83209
1.83993
1.84776
1.85560
1.86746
1.87933
1.89120
1.90306
1.91802
1.93297
1.94793
1.96289
1.97991
1.99693
2.01395
2.03097
2.05241
2.07385
2.09530
2.11674
2.13869
2.16064
2.18259
2.20454
2.23134
2.25814
2.28494
2.31175
2.33814
2.36453
2.39092
2.41731
2.44813
2.47894
2.50976
2.54057
2.57031
2.60006
2.62980
2.65954
2.69204
2.72455
2.75705
2.78955
2.82215
2.85475
2.88735
2.91995
2.95350
2.98706
3.02062
3.05418
3.08933
3.12449
3.15964
3.19480
3.23055
3.26631
3.30206
3.33781
3.37568
3.41355
3.45142
3.48929
3.52640
3.56351
3.60062
3.63773
3.67705
3.71637
3.75569
3.79501
3.82762
3.86022
3.89283
3.92543
3.96167
3.99790
4.03413
4.07036
4.10222
4.13408
4.16594
4.19780
4.23223
4.26667
4.30110
4.33554
4.36303
4.39051
4.41799
4.44548
4.47166
4.49785
4.52404
4.55022
4.57445
4.59869
4.62292
4.64715
4.66499
4.68282
4.70065
4.71848
4.73956
4.76065
4.78173
4.80281
4.81508
4.82734
4.83960
4.85186
4.86768
4.88349
4.89931
4.91512
4.92465
4.93418
4.94370
4.95323
4.96268
4.97212
4.98156
4.99101
4.99450
4.99800
5.00150
5.00499
5.00807
5.01116
5.01424
5.01732
5.01300
5.00869
5.00437
5.00006
0.83627
0.83765
0.83903
0.84041
0.84179
0.84317
0.84455
0.84593
0.84731
0.84869
0.85007
0.85145
0.85283
0.85421
0.85559
0.85697
0.85835
0.85973
0.86111
0.86249
0.86387
0.86525
0.86663
0.86801
0.86939
0.87077
0.87215
0.87353
0.87491
0.87629
0.87767
0.87905
0.88043
0.88181
0.88319
0.88457
0.88595
0.88733
0.88871
0.89009
0.89147
0.89285
0.89423
0.89561
0.89699
0.89837
0.89975
0.90113
0.90251
0.90389
0.90527
0.90665
0.90803
0.90941
0.91079
0.91216
0.91354
0.91492
0.91630
0.91768
0.91906
0.92044
0.92182
0.92320
0.92458
0.92596
0.92734
0.92872
0.93010
0.93148
0.93286
0.93424
0.93562
0.93700
0.93838
0.93976
0.94114
0.94252
0.94390
0.94528
0.94666
0.94804
0.94942
0.95080
0.95218
0.95356
0.95494
0.95632
0.95770
0.95908
0.96046
0.96184
0.96322
0.96460
0.96598
0.96736
0.96874
0.97012
0.97150
0.97288
0.97426
0.97564
0.97702
0.97840
0.97978
0.98116
0.98254
0.98392
0.98530
0.98668
0.98806
0.98943
0.99081
0.99219
0.99357
0.99495
0.99633
0.99771
0.99909
1.00047
1.00185
1.00323
1.00461
1.00599
1.00737
1.00875
1.01013
1.01151
1.01289
1.01427
1.01565
1.01703
1.01841
1.01979
1.02117
1.02255
1.02393
1.02531
1.02669
1.02807
1.02945
1.02945
1.02945
1.02945
1.02945
1.02967
1.02988
1.03010
1.03031
1.03277
1.03522
1.03767
1.04013
1.04419
1.04826
1.05232
1.05639
1.06226
1.06813
1.07400
1.07987
1.08852
1.09718
1.10583
1.11448
1.12320
1.13193
1.14065
1.14937
1.15991
1.17044
1.18098
1.19152
1.20156
1.21159
1.22162
1.23166
1.24168
1.25169
1.26171
1.27172
1.28146
1.29121
1.30095
1.31069
1.31801
1.32534
1.33267
1.33999
1.34841
1.35682
1.36524
1.37366
1.37868
1.38369
1.38871
1.39373
1.40065
1.40758
1.41450
1.42142
1.42631
1.43119
1.43608
1.44097
1.44773
1.45450
1.46126
1.46803
1.47438
1.48072
1.48707
1.49342
1.50114
1.50886
1.51659
1.52431
1.53240
1.54050
1.54860
1.55670
1.56600
1.57531
1.58462
1.59393
1.60255
1.61117
1.61979
1.62841
1.63606
1.64370
1.65135
1.65899
1.66643
1.67388
1.68132
1.68877
1.69337
1.69797
1.70257
1.70717
1.71202
1.71688
1.72174
1.72659
1.72834
1.73008
1.73183
1.73357
1.73531
1.73704
1.73877
1.74051
1.74058
1.74065
1.74072
1.74079
1.74055
1.74031
1.74007
1.73983
1.73857
1.73731
1.73605
1.73479
1.73282
1.73085
1.72888
1.72691
1.72593
1.72495
1.72396
1.72298
1.72247
1.72195
1.72144
1.72093
1.72273
1.72453
1.72633
1.72813
1.73327
1.73842
1.74356
1.74871
1.75646
1.76422
1.77198
1.77974
1.79137
1.80300
1.81463
1.82626
1.84126
1.85626
1.87126
1.88626
1.90295
1.91964
1.93633
1.95302
1.97441
1.99580
2.01720
2.03859
2.06025
2.08190
2.10356
2.12521
2.15194
2.17867
2.20540
2.23213
2.25866
2.28519
2.31172
2.33825
2.36890
2.39956
2.43021
2.46086
2.49025
2.51963
2.54902
2.57841
2.60999
2.64157
2.67315
2.70473
2.73632
2.76790
2.79949
2.83108
2.86297
2.89487
2.92676
2.95865
2.99303
3.02740
3.06177
3.09615
3.13057
3.16499
3.19941
3.23383
3.27145
3.30906
3.34667
3.38428
3.42078
3.45727
3.49377
3.53026
3.57026
3.61026
3.65026
3.69026
3.72332
3.75637
3.78942
3.82247
3.85942
3.89637
3.93332
3.97027
4.00326
4.03626
4.06925
4.10224
4.13698
4.17173
4.20647
4.24122
4.27101
4.30080
4.33059
4.36037
4.38692
4.41347
4.44002
4.46657
4.49304
4.51951
4.54598
4.57246
4.59093
4.60940
4.62788
4.64635
4.66887
4.69139
4.71391
4.73643
4.74948
4.76252
4.77557
4.78861
4.80515
4.82168
4.83822
4.85476
4.86548
4.87621
4.88693
4.89766
4.90812
4.91859
4.92905
4.93951
4.94448
4.94945
4.95443
4.95940
4.96380
4.96820
4.97260
4.97701
4.97404
4.97108
4.96811
4.96514
0.55666
0.55869
0.56072
0.56274
0.56477
0.56680
0.56883
0.57086
0.57289
0.57492
0.57694
0.57897
0.58100
0.58303
0.58506
0.58709
0.58912
0.59114
0.59317
0.59520
0.59723
0.59926
0.60129
0.60332
0.60534
0.60737
0.60940
0.61143
0.61346
0.61549
0.61752
0.61954
0.62157
0.62360
0.62563
0.62766
0.62969
0.63171
0.63374
0.63577
0.63780
0.63983
0.64186
0.64389
0.64591
0.64794
0.64997
0.65200
0.65403
0.65606
0.65809
0.66011
0.66214
0.66417
0.66620
0.66823
0.67026
0.67229
0.67431
0.67634
0.67837
0.68040
0.68243
0.68446
0.68649
0.68851
0.69054
0.69257
0.69460
0.69663
0.69866
0.70069
0.70271
0.70474
0.70677
0.70880
0.71083
0.71286
0.71489
0.71691
0.71894
0.72097
0.72300
0.72503
0.72706
0.72909
0.73111
0.73314
0.73517
0.73720
0.73923
0.74126
0.74329
0.74531
0.74734
0.74937
0.75140
0.75343
0.75546
0.75748
0.75951
0.76154
0.76357
0.76560
0.76763
0.76966
0.77168
0.77371
0.77574
0.77777
0.77980
0.78183
0.78386
0.78588
0.78791
0.78994
0.79197
0.79400
0.79603
0.79806
0.80008
0.80211
0.80414
0.80617
0.80820
0.81023
0.81226
0.81428
0.81631
0.81834
0.82037
0.82240
0.82443
0.82646
0.82848
0.83051
0.83254
0.83457
0.83660
0.83863
0.84066
0.84066
0.84066
0.84066
0.84066
0.84082
0.84099
0.84116
0.84133
0.84340
0.84547
0.84754
0.84960
0.85383
0.85806
0.86229
0.86652
0.87268
0.87884
0.88500
0.89117
0.90014
0.90912
0.91809
0.92707
0.93700
0.94694
0.95688
0.96682
0.97725
0.98769
0.99812
1.00856
1.01904
1.02953
1.04001
1.05050
1.06017
1.06984
1.07952
1.08919
1.09836
1.10753
1.11670
1.12587
1.13334
1.14081
1.14828
1.15575
1.16423
1.17272
1.18120
1.18969
1.19617
1.20265
1.20913
1.21561
1.22420
1.23280
1.24139
1.24999
1.25793
1.26588
1.27382
1.28177
1.29142
1.30107
1.31072
1.32037
1.33092
1.34147
1.35202
1.36257
1.37287
1.38317
1.39347
1.40377
1.41553
1.42728
1.43904
1.45080
1.46203
1.47326
1.48450
1.49573
1.50693
1.51812
1.52932
1.54052
1.55003
1.55954
1.56906
1.57857
1.58772
1.59687
1.60602
1.61517
1.62167
1.62818
1.63469
1.64119
1.64691
1.65262
1.65833
1.66405
1.66737
1.67069
1.67401
1.67733
1.67919
1.68106
1.68293
1.68479
1.68552
1.68626
1.68699
1.68772
1.68757
1.68742
1.68726
1.68711
1.68619
1.68526
1.68433
1.68340
1.68257
1.68173
1.68089
1.68006
1.68040
1.68075
1.68109
1.68144
1.68265
1.68385
1.68506
1.68627
1.69000
1.69373
1.69747
1.70120
1.70756
1.71391
1.72027
1.72663
1.73528
1.74394
1.75259
1.76124
1.77306
1.78487
1.79668
1.80850
1.82269
1.83688
1.85108
1.86527
1.88123
1.89719
1.91316
1.92912
1.94816
1.96719
1.98623
2.00527
2.02530
2.04532
2.06535
2.08538
2.10877
2.13216
2.15555
2.17895
2.20316
2.22737
2.25157
2.27578
2.30316
2.33053
2.35791
2.38528
2.41269
2.44009
2.46750
2.49490
2.52451
2.55412
2.58372
2.61333
2.64392
2.67452
2.70511
2.73570
2.76707
2.79845
2.82982
2.86119
2.89518
2.92917
2.96316
2.99716
3.03155
3.06594
3.10033
3.13472
3.17165
3.20858
3.24551
3.28244
3.31899
3.35553
3.39208
3.42863
3.46729
3.50595
3.54461
3.58327
3.61740
3.65154
3.68568
3.71982
3.75648
3.79314
3.82981
3.86647
3.90094
3.93540
3.96987
4.00434
4.03885
4.07337
4.10789
4.14241
4.17371
4.20501
4.23630
4.26760
4.29507
4.32254
4.35001
4.37748
4.40485
4.43223
4.45960
4.48697
4.50753
4.52809
4.54865
4.56921
4.59191
4.61462
4.63732
4.66003
4.67569
4.69136
4.70703
4.72269
4.73942
4.75614
4.77286
4.78959
4.80256
4.81554
4.82851
4.84148
4.85218
4.86287
4.87357
4.88426
4.89139
4.89852
4.90564
4.91277
4.91753
4.92228
4.92704
4.93180
4.93064
4.92948
4.92832
4.92716
0.27704
0.27972
0.28240
0.28507
0.28775
0.29043
0.29311
0.29578
0.29846
0.30114
0.30382
0.30649
0.30917
0.31185
0.31452
0.31720
0.31988
0.32256
0.32523
0.32791
0.33059
0.33327
0.33594
0.33862
0.34130
0.34397
0.34665
0.34933
0.35201
0.35468
0.35736
0.36004
0.36272
0.36539
0.36807
0.37075
0.37342
0.37610
0.37878
0.38146
0.38413
0.38681
0.38949
0.39217
0.39484
0.39752
0.40020
0.40287
0.40555
0.40823
0.41091
0.41358
0.41626
0.41894
0.42162
0.42429
0.42697
0.42965
0.43232
0.43500
0.43768
0.44036
0.44303
0.44571
0.44839
0.45107
0.45374
0.45642
0.45910
0.46177
0.46445
0.46713
0.46981
0.47248
0.47516
0.47784
0.48052
0.48319
0.48587
0.48855
0.49122
0.49390
0.49658
0.49926
0.50193
0.50461
0.50729
0.50997
0.51264
0.51532
0.51800
0.52067
0.52335
0.52603
0.52871
0.53138
0.53406
0.53674
0.53942
0.54209
0.54477
0.54745
0.55012
0.55280
0.55548
0.55816
0.56083
0.56351
0.56619
0.56887
0.57154
0.57422
0.57690
0.57957
0.58225
0.58493
0.58761
0.59028
0.59296
0.59564
0.59832
0.60099
0.60367
0.60635
0.60902
0.61170
0.61438
0.61706
0.61973
0.62241
0.62509
0.62777
0.63044
0.63312
0.63580
0.63847
0.64115
0.64383
0.64651
0.64918
0.65186
0.65186
0.65186
0.65186
0.65186
0.65198
0.65211
0.65223
0.65235
0.65403
0.65572
0.65740
0.65908
0.66348
0.66787
0.67226
0.67665
0.68310
0.68956
0.69601
0.70246
0.71176
0.72106
0.73035
0.73965
0.75080
0.76196
0.77311
0.78426
0.79460
0.80493
0.81526
0.82559
0.83653
0.84747
0.85840
0.86934
0.87867
0.88800
0.89733
0.90666
0.91526
0.92385
0.93245
0.94105
0.94867
0.95628
0.96390
0.97151
0.98006
0.98861
0.99716
1.00571
1.01366
1.02160
1.02955
1.03749
1.04776
1.05802
1.06829
1.07855
1.08956
1.10056
1.11156
1.12256
1.13510
1.14764
1.16018
1.17271
1.18746
1.20221
1.21697
1.23172
1.24460
1.25748
1.27035
1.28323
1.29865
1.31407
1.32948
1.34490
1.35805
1.37121
1.38437
1.39753
1.41130
1.42507
1.43885
1.45262
1.46400
1.47539
1.48677
1.49815
1.50901
1.51986
1.53071
1.54157
1.54998
1.55839
1.56681
1.57522
1.58179
1.58836
1.59493
1.60150
1.60640
1.61129
1.61619
1.62108
1.62308
1.62508
1.62708
1.62908
1.63047
1.63186
1.63325
1.63464
1.63458
1.63452
1.63446
1.63440
1.63380
1.63321
1.63261
1.63202
1.63231
1.63261
1.63290
1.63320
1.63488
1.63655
1.63823
1.63990
1.64283
1.64575
1.64868
1.65160
1.65727
1.66294
1.66860
1.67427
1.68184
1.68941
1.69698
1.70456
1.71410
1.72365
1.73320
1.74274
1.75474
1.76674
1.77874
1.79074
1.80412
1.81751
1.83089
1.84428
1.85951
1.87475
1.88998
1.90521
1.92190
1.93858
1.95527
1.97196
1.99035
2.00875
2.02714
2.04554
2.06559
2.08565
2.10571
2.12576
2.14765
2.16954
2.19143
2.21332
2.23741
2.26151
2.28561
2.30971
2.33513
2.36055
2.38598
2.41140
2.43903
2.46667
2.49430
2.52193
2.55153
2.58113
2.61073
2.64033
2.67117
2.70202
2.73287
2.76372
2.79733
2.83094
2.86456
2.89817
2.93253
2.96689
3.00125
3.03561
3.07185
3.10810
3.14435
3.18059
3.21719
3.25379
3.29039
3.32699
3.36431
3.40163
3.43895
3.47627
3.51149
3.54672
3.58194
3.61716
3.65354
3.68992
3.72629
3.76267
3.79861
3.83455
3.87049
3.90643
3.94073
3.97502
4.00931
4.04360
4.07641
4.10921
4.14202
4.17482
4.20322
4.23161
4.26000
4.28839
4.31667
4.34494
4.37322
4.40149
4.42413
4.44678
4.46942
4.49207
4.51496
4.53785
4.56074
4.58362
4.60191
4.62020
4.63848
4.65677
4.67368
4.69059
4.70751
4.72442
4.73964
4.75486
4.77008
4.78531
4.79623
4.80716
4.81809
4.82902
4.83830
4.84758
4.85686
4.86614
4.87125
4.87636
4.88147
4.88658
4.88723
4.88788
4.88853
4.88917
-0.00257
0.00075
0.00408
0.00740
0.01073
0.01406
0.01738
0.02071
0.02403
0.02736
0.03069
0.03401
0.03734
0.04066
0.04399
0.04732
0.05064
0.05397
0.05729
0.06062
0.06395
0.06727
0.07060
0.07392
0.07725
0.08058
0.08390
0.08723
0.09055
0.09388
0.09721
0.10053
0.10386
0.10718
0.11051
0.11384
0.11716
0.12049
0.12381
0.12714
0.13047
0.13379
0.13712
0.14044
0.14377
0.14710
0.15042
0.15375
0.15707
0.16040
0.16373
0.16705
0.17038
0.17370
0.17703
0.18036
0.18368
0.18701
0.19033
0.19366
0.19699
0.20031
0.20364
0.20696
0.21029
0.21362
0.21694
0.22027
0.22359
0.22692
0.23025
0.23357
0.23690
0.24022
0.24355
0.24688
0.25020
0.25353
0.25685
0.26018
0.26351
0.26683
0.27016
0.27348
0.27681
0.28014
0.28346
0.28679
0.29011
0.29344
0.29677
0.30009
0.30342
0.30674
0.31007
0.31340
0.31672
0.32005
0.32337
0.32670
0.33003
0.33335
0.33668
0.34000
0.34333
0.34666
0.34998
0.35331
0.35663
0.35996
0.36329
0.36661
0.36994
0.37326
0.37659
0.37992
0.38324
0.38657
0.38989
0.39322
0.39655
0.39987
0.40320
0.40652
0.40985
0.41318
0.41650
0.41983
0.42316
0.42648
0.42981
0.43313
0.43646
0.43979
0.44311
0.44644
0.44976
0.45309
0.45642
0.45974
0.46307
0.46307
0.46307
0.46307
0.46307
0.46314
0.46322
0.46329
0.46337
0.46467
0.46597
0.46727
0.46856
0.47312
0.47767
0.48223
0.48678
0.49352
0.50027
0.50702
0.51376
0.52338
0.53300
0.54261
0.55223
0.56460
0.57697
0.58934
0.60171
0.61194
0.62217
0.63240
0.64263
0.65402
0.66540
0.67679
0.68818
0.69716
0.70615
0.71514
0.72413
0.73215
0.74018
0.74821
0.75623
0.76399
0.77175
0.77951
0.78727
0.79589
0.80451
0.81312
0.82174
0.83115
0.84056
0.84996
0.85937
0.87131
0.88325
0.89518
0.90712
0.92118
0.93524
0.94930
0.96336
0.97879
0.99421
1.00963
1.02506
1.04401
1.06296
1.08191
1.10086
1.11632
1.13178
1.14724
1.16270
1.18177
1.20085
1.21992
1.23900
1.25408
1.26916
1.28425
1.29933
1.31568
1.33203
1.34837
1.36472
1.37798
1.39123
1.40448
1.41773
1.43029
1.44285
1.45541
1.46796
1.47828
1.48860
1.49892
1.50924
1.51667
1.52410
1.53153
1.53896
1.54543
1.55190
1.55837
1.56484
1.56697
1.56910
1.57123
1.57337
1.57542
1.57747
1.57952
1.58157
1.58160
1.58163
1.58166
1.58169
1.58142
1.58116
1.58090
1.58063
1.58206
1.58349
1.58492
1.58634
1.58935
1.59235
1.59536
1.59837
1.60301
1.60765
1.61229
1.61694
1.62454
1.63214
1.63974
1.64735
1.65613
1.66491
1.67370
1.68248
1.69292
1.70336
1.71380
1.72424
1.73643
1.74861
1.76080
1.77298
1.78556
1.79813
1.81071
1.82329
1.83779
1.85230
1.86680
1.88131
1.89564
1.90997
1.92431
1.93864
1.95540
1.97217
1.98894
2.00570
2.02242
2.03914
2.05586
2.07258
2.09214
2.11171
2.13128
2.15085
2.17167
2.19249
2.21331
2.23413
2.25757
2.28101
2.30446
2.32790
2.35355
2.37921
2.40487
2.43053
2.45914
2.48774
2.51635
2.54495
2.57528
2.60560
2.63593
2.66625
2.69949
2.73272
2.76595
2.79918
2.83351
2.86783
2.90216
2.93649
2.97206
3.00762
3.04318
3.07875
3.11540
3.15205
3.18870
3.22535
3.26133
3.29731
3.33329
3.36927
3.40558
3.44189
3.47820
3.51451
3.55060
3.58669
3.62278
3.65887
3.69628
3.73370
3.77111
3.80853
3.84260
3.87666
3.91073
3.94479
3.97911
4.01342
4.04774
4.08205
4.11136
4.14068
4.16999
4.19930
4.22848
4.25766
4.28683
4.31601
4.34074
4.36547
4.39020
4.41493
4.43800
4.46108
4.48415
4.50722
4.52813
4.54904
4.56994
4.59085
4.60795
4.62505
4.64215
4.65925
4.67672
4.69419
4.71166
4.72913
4.74029
4.75145
4.76261
4.77377
4.78521
4.79664
4.80808
4.81952
4.82498
4.83044
4.83591
4.84137
4.84383
4.84628
4.84873
4.85119
-0.28219
-0.27821
-0.27424
-0.27027
-0.26629
-0.26232
-0.25834
-0.25437
-0.25039
-0.24642
-0.24244
-0.23847
-0.23449
-0.23052
-0.22654
-0.22257
-0.21859
-0.21462
-0.21064
-0.20667
-0.20269
-0.19872
-0.19475
-0.19077
-0.18680
-0.18282
-0.17885
-0.17487
-0.17090
-0.16692
-0.16295
-0.15897
-0.15500
-0.15102
-0.14705
-0.14307
-0.13910
-0.13512
-0.13115
-0.12718
-0.12320
-0.11923
-0.11525
-0.11128
-0.10730
-0.10333
-0.09935
-0.09538
-0.09140
-0.08743
-0.08345
-0.07948
-0.07550
-0.07153
-0.06755
-0.06358
-0.05960
-0.05563
-0.05166
-0.04768
-0.04371
-0.03973
-0.03576
-0.03178
-0.02781
-0.02383
-0.01986
-0.01588
-0.01191
-0.00793
-0.00396
0.00002
0.00399
0.00797
0.01194
0.01592
0.01989
0.02386
0.02784
0.03181
0.03579
0.03976
0.04374
0.04771
0.05169
0.05566
0.05964
0.06361
0.06759
0.07156
0.07554
0.07951
0.08349
0.08746
0.09144
0.09541
0.09938
0.10336
0.10733
0.11131
0.11528
0.11926
0.12323
0.12721
0.13118
0.13516
0.13913
0.14311
0.14708
0.15106
0.15503
0.15901
0.16298
0.16696
0.17093
0.17490
0.17888
0.18285
0.18683
0.19080
0.19478
0.19875
0.20273
0.20670
0.21068
0.21465
0.21863
0.22260
0.22658
0.23055
0.23453
0.23850
0.24247
0.24645
0.25042
0.25440
0.25837
0.26235
0.26632
0.27030
0.27427
0.27427
0.27427
0.27427
0.27427
0.27430
0.27433
0.27436
0.27439
0.27530
0.27622
0.27713
0.27804
0.28276
0.28748
0.29219
0.29691
0.30395
0.31099
0.31802
0.32506
0.33500
0.34494
0.35487
0.36481
0.37840
0.39199
0.40557
0.41916
0.42929
0.43941
0.44954
0.45967
0.47150
0.48334
0.49518
0.50702
0.51566
0.52430
0.53295
0.54159
0.54905
0.55650
0.56396
0.57142
0.57932
0.58722
0.59513
0.60303
0.61172
0.62040
0.62908
0.63777
0.64864
0.65951
0.67038
0.68125
0.69486
0.70847
0.72208
0.73568
0.75280
0.76992
0.78704
0.80416
0.82247
0.84078
0.85909
0.87740
0.90055
0.92370
0.94686
0.97001
0.98805
1.00609
1.02412
1.04216
1.06489
1.08763
1.11036
1.13310
1.15010
1.16711
1.18412
1.20113
1.22005
1.23898
1.25790
1.27683
1.29195
1.30707
1.32219
1.33731
1.35158
1.36584
1.38010
1.39436
1.40659
1.41882
1.43104
1.44327
1.45156
1.45984
1.46813
1.47641
1.48446
1.49250
1.50055
1.50859
1.51086
1.51312
1.51539
1.51765
1.52036
1.52307
1.52578
1.52849
1.52861
1.52873
1.52885
1.52897
1.52904
1.52911
1.52918
1.52925
1.53181
1.53437
1.53693
1.53949
1.54382
1.54816
1.55249
1.55683
1.56319
1.56955
1.57591
1.58227
1.59181
1.60135
1.61088
1.62042
1.63042
1.64041
1.65041
1.66041
1.67174
1.68307
1.69441
1.70574
1.71811
1.73048
1.74285
1.75522
1.76699
1.77876
1.79053
1.80230
1.81607
1.82985
1.84363
1.85741
1.86938
1.88136
1.89334
1.90532
1.92046
1.93559
1.95073
1.96586
1.97925
1.99263
2.00601
2.01939
2.03664
2.05388
2.07113
2.08838
2.10592
2.12347
2.14101
2.15856
2.18002
2.20148
2.22293
2.24439
2.26808
2.29176
2.31545
2.33914
2.36674
2.39435
2.42196
2.44957
2.47938
2.50918
2.53898
2.56879
2.60164
2.63449
2.66734
2.70019
2.73448
2.76878
2.80308
2.83738
2.87226
2.90714
2.94202
2.97690
3.01360
3.05031
3.08701
3.12371
3.15835
3.19299
3.22763
3.26227
3.29967
3.33706
3.37446
3.41185
3.44766
3.48346
3.51926
3.55507
3.59396
3.63285
3.67174
3.71063
3.74447
3.77831
3.81215
3.84598
3.88181
3.91763
3.95345
3.98928
4.01951
4.04975
4.07998
4.11022
4.14029
4.17037
4.20045
4.23052
4.25734
4.28416
4.31097
4.33779
4.36105
4.38430
4.40756
4.43082
4.45435
4.47787
4.50140
4.52493
4.54222
4.55950
4.57679
4.59408
4.61380
4.63352
4.65323
4.67295
4.68434
4.69574
4.70713
4.71852
4.73211
4.74571
4.75930
4.77289
4.77871
4.78453
4.79034
4.79616
4.80042
4.80468
4.80894
4.81320
-0.53718
-0.53259
-0.52801
-0.52343
-0.51885
-0.51427
-0.50968
-0.50510
-0.50052
-0.49594
-0.49136
-0.48678
-0.48219
-0.47761
-0.47303
-0.46845
-0.46387
-0.45928
-0.45470
-0.45012
-0.44554
-0.44096
-0.43638
-0.43179
-0.42721
-0.42263
-0.41805
-0.41347
-0.40889
-0.40430
-0.39972
-0.39514
-0.39056
-0.38598
-0.38139
-0.37681
-0.37223
-0.36765
-0.36307
-0.35849
-0.35390
-0.34932
-0.34474
-0.34016
-0.33558
-0.33099
-0.32641
-0.32183
-0.31725
-0.31267
-0.30809
-0.30350
-0.29892
-0.29434
-0.28976
-0.28518
-0.28060
-0.27601
-0.27143
-0.26685
-0.26227
-0.25769
-0.25310
-0.24852
-0.24394
-0.23936
-0.23478
-0.23020
-0.22561
-0.22103
-0.21645
-0.21187
-0.20729
-0.20270
-0.19812
-0.19354
-0.18896
-0.18438
-0.17980
-0.17521
-0.17063
-0.16605
-0.16147
-0.15689
-0.15231
-0.14772
-0.14314
-0.13856
-0.13398
-0.12940
-0.12481
-0.12023
-0.11565
-0.11107
-0.10649
-0.10191
-0.09732
-0.09274
-0.08816
-0.08358
-0.07900
-0.07441
-0.06983
-0.06525
-0.06067
-0.05609
-0.05151
-0.04692
-0.04234
-0.03776
-0.03318
-0.02860
-0.02402
-0.01943
-0.01485
-0.01027
-0.00569
-0.00111
0.00348
0.00806
0.01264
0.01722
0.02180
0.02638
0.03097
0.03555
0.04013
0.04471
0.04929
0.05388
0.05846
0.06304
0.06762
0.07220
0.07678
0.08137
0.08595
0.09053
0.09511
0.09969
0.10427
0.10427
0.10427
0.10427
0.10427
0.10427
0.10427
0.10427
0.10427
0.10488
0.10549
0.10610
0.10671
0.11124
0.11577
0.12031
0.12484
0.13191
0.13897
0.14604
0.15310
0.16285
0.17260
0.18235
0.19210
0.20527
0.21844
0.23162
0.24479
0.25418
0.26357
0.27296
0.28235
0.29357
0.30478
0.31600
0.32721
0.33523
0.34325
0.35127
0.35929
0.36631
0.37332
0.38034
0.38736
0.39547
0.40359
0.41170
0.41982
0.42895
0.43809
0.44722
0.45636
0.46872
0.48108
0.49345
0.50581
0.52095
0.53610
0.55124
0.56639
0.58580
0.60521
0.62463
0.64404
0.66454
0.68505
0.70555
0.72606
0.75164
0.77722
0.80280
0.82838
0.84857
0.86877
0.88897
0.90917
0.93357
0.95798
0.98238
1.00679
1.02544
1.04408
1.06273
1.08138
1.10094
1.12050
1.14006
1.15962
1.17576
1.19190
1.20803
1.22417
1.23855
1.25293
1.26731
1.28168
1.29442
1.30716
1.31990
1.33263
1.34108
1.34953
1.35798
1.36644
1.37513
1.38383
1.39253
1.40122
1.40412
1.40702
1.40992
1.41282
1.41675
1.42068
1.42462
1.42855
1.43007
1.43159
1.43311
1.43464
1.43643
1.43822
1.44001
1.44180
1.44658
1.45136
1.45614
1.46093
1.46713
1.47333
1.47953
1.48573
1.49444
1.50315
1.51186
1.52056
1.53163
1.54269
1.55375
1.56482
1.57638
1.58794
1.59950
1.61105
1.62307
1.63509
1.64711
1.65913
1.67198
1.68484
1.69769
1.71054
1.72194
1.73334
1.74473
1.75613
1.76944
1.78275
1.79606
1.80936
1.82009
1.83081
1.84153
1.85225
1.86619
1.88014
1.89408
1.90802
1.91962
1.93122
1.94281
1.95441
1.97008
1.98575
2.00143
2.01710
2.03287
2.04865
2.06442
2.08019
2.10022
2.12025
2.14027
2.16030
2.18287
2.20544
2.22801
2.25059
2.27719
2.30379
2.33039
2.35699
2.38639
2.41579
2.44520
2.47460
2.50681
2.53903
2.57125
2.60346
2.63761
2.67176
2.70591
2.74006
2.77434
2.80861
2.84289
2.87716
2.91374
2.95032
2.98690
3.02348
3.05742
3.09135
3.12529
3.15923
3.19706
3.23490
3.27274
3.31058
3.34637
3.38216
3.41795
3.45374
3.49323
3.53273
3.57222
3.61172
3.64592
3.68013
3.71434
3.74854
3.78500
3.82146
3.85792
3.89439
3.92590
3.95742
3.98894
4.02046
4.05099
4.08151
4.11204
4.14257
4.17124
4.19991
4.22858
4.25726
4.28101
4.30477
4.32853
4.35229
4.37781
4.40332
4.42884
4.45436
4.47249
4.49062
4.50875
4.52688
4.54820
4.56952
4.59084
4.61216
4.62458
4.63699
4.64941
4.66183
4.67685
4.69187
4.70689
4.72191
4.72873
4.73556
4.74239
4.74921
4.75485
4.76049
4.76613
4.77177
-0.75088
-0.74577
-0.74065
-0.73553
-0.73041
-0.72529
-0.72017
-0.71505
-0.70993
-0.70481
-0.69969
-0.69458
-0.68946
-0.68434
-0.67922
-0.67410
-0.66898
-0.66386
-0.65874
-0.65362
-0.64850
-0.64339
-0.63827
-0.63315
-0.62803
-0.62291
-0.61779
-0.61267
-0.60755
-0.60243
-0.59731
-0.59220
-0.58708
-0.58196
-0.57684
-0.57172
-0.56660
-0.56148
-0.55636
-0.55124
-0.54612
-0.54101
-0.53589
-0.53077
-0.52565
-0.52053
-0.51541
-0.51029
-0.50517
-0.50005
-0.49493
-0.48982
-0.48470
-0.47958
-0.47446
-0.46934
-0.46422
-0.45910
-0.45398
-0.44886
-0.44374
-0.43863
-0.43351
-0.42839
-0.42327
-0.41815
-0.41303
-0.40791
-0.40279
-0.39767
-0.39255
-0.38744
-0.38232
-0.37720
-0.37208
-0.36696
-0.36184
-0.35672
-0.35160
-0.34648
-0.34136
-0.33625
-0.33113
-0.32601
-0.32089
-0.31577
-0.31065
-0.30553
-0.30041
-0.29529
-0.29017
-0.28506
-0.27994
-0.27482
-0.26970
-0.26458
-0.25946
-0.25434
-0.24922
-0.24410
-0.23898
-0.23387
-0.22875
-0.22363
-0.21851
-0.21339
-0.20827
-0.20315
-0.19803
-0.19291
-0.18779
-0.18268
-0.17756
-0.17244
-0.16732
-0.16220
-0.15708
-0.15196
-0.14684
-0.14172
-0.13660
-0.13149
-0.12637
-0.12125
-0.11613
-0.11101
-0.10589
-0.10077
-0.09565
-0.09053
-0.08541
-0.08030
-0.07518
-0.07006
-0.06494
-0.05982
-0.05470
-0.04958
-0.04446
-0.03934
-0.03422
-0.03422
-0.03422
-0.03422
-0.03422
-0.03422
-0.03422
-0.03422
-0.03422
-0.03379
-0.03336
-0.03292
-0.03249
-0.02871
-0.02494
-0.02117
-0.01740
-0.01075
-0.00410
0.00255
0.00920
0.01790
0.02661
0.03532
0.04403
0.05405
0.06408
0.07410
0.08412
0.09172
0.09932
0.10692
0.11451
0.12330
0.13209
0.14088
0.14967
0.15659
0.16352
0.17044
0.17737
0.18417
0.19097
0.19777
0.20457
0.21301
0.22144
0.22988
0.23832
0.24855
0.25877
0.26900
0.27923
0.29314
0.30704
0.32094
0.33484
0.35130
0.36776
0.38422
0.40068
0.42110
0.44152
0.46194
0.48236
0.50391
0.52545
0.54700
0.56855
0.59358
0.61861
0.64364
0.66868
0.69033
0.71199
0.73364
0.75529
0.77804
0.80079
0.82354
0.84628
0.86609
0.88590
0.90571
0.92552
0.94246
0.95941
0.97636
0.99330
1.00902
1.02475
1.04047
1.05619
1.06802
1.07986
1.09169
1.10352
1.11443
1.12533
1.13624
1.14715
1.15460
1.16206
1.16951
1.17697
1.18477
1.19257
1.20037
1.20817
1.21255
1.21692
1.22130
1.22568
1.23177
1.23787
1.24396
1.25006
1.25518
1.26030
1.26542
1.27055
1.27638
1.28222
1.28806
1.29390
1.30274
1.31157
1.32040
1.32924
1.33820
1.34717
1.35614
1.36511
1.37721
1.38932
1.40143
1.41353
1.42544
1.43735
1.44926
1.46116
1.47487
1.48858
1.50229
1.51599
1.52835
1.54070
1.55305
1.56540
1.57924
1.59308
1.60692
1.62075
1.63251
1.64426
1.65602
1.66777
1.68105
1.69432
1.70760
1.72087
1.73218
1.74348
1.75478
1.76608
1.77956
1.79305
1.80653
1.82002
1.83243
1.84484
1.85725
1.86966
1.88501
1.90036
1.91571
1.93106
1.94758
1.96410
1.98062
1.99714
2.01667
2.03619
2.05571
2.07523
2.09813
2.12102
2.14391
2.16681
2.19238
2.21795
2.24352
2.26909
2.29829
2.32749
2.35669
2.38590
2.41706
2.44822
2.47938
2.51055
2.54435
2.57815
2.61195
2.64576
2.67956
2.71336
2.74716
2.78096
2.81712
2.85329
2.88946
2.92563
2.95992
2.99421
3.02851
3.06280
3.10001
3.13721
3.17441
3.21162
3.24785
3.28409
3.32032
3.35656
3.39520
3.43384
3.47248
3.51112
3.54669
3.58226
3.61783
3.65340
3.68903
3.72467
3.76031
3.79595
3.82936
3.86277
3.89617
3.92958
3.95980
3.99003
4.02025
4.05048
4.08062
4.11076
4.14090
4.17104
4.19583
4.22061
4.24540
4.27019
4.29664
4.32309
4.34955
4.37600
4.39607
4.41615
4.43622
4.45629
4.47813
4.49996
4.52180
4.54363
4.55840
4.57317
4.58794
4.60271
4.61794
4.63317
4.64839
4.66362
4.67255
4.68149
4.69042
4.69935
4.70565
4.71195
4.71825
4.72455
-0.96459
-0.95894
-0.95328
-0.94763
-0.94197
-0.93631
-0.93066
-0.92500
-0.91934
-0.91369
-0.90803
-0.90238
-0.89672
-0.89106
-0.88541
-0.87975
-0.87409
-0.86844
-0.86278
-0.85713
-0.85147
-0.84581
-0.84016
-0.83450
-0.82885
-0.82319
-0.81753
-0.81188
-0.80622
-0.80056
-0.79491
-0.78925
-0.78360
-0.77794
-0.77228
-0.76663
-0.76097
-0.75531
-0.74966
-0.74400
-0.73835
-0.73269
-0.72703
-0.72138
-0.71572
-0.71006
-0.70441
-0.69875
-0.69310
-0.68744
-0.68178
-0.67613
-0.67047
-0.66481
-0.65916
-0.65350
-0.64785
-0.64219
-0.63653
-0.63088
-0.62522
-0.61956
-0.61391
-0.60825
-0.60260
-0.59694
-0.59128
-0.58563
-0.57997
-0.57432
-0.56866
-0.56300
-0.55735
-0.55169
-0.54603
-0.54038
-0.53472
-0.52907
-0.52341
-0.51775
-0.51210
-0.50644
-0.50078
-0.49513
-0.48947
-0.48382
-0.47816
-0.47250
-0.46685
-0.46119
-0.45553
-0.44988
-0.44422
-0.43857
-0.43291
-0.42725
-0.42160
-0.41594
-0.41028
-0.40463
-0.39897
-0.39332
-0.38766
-0.38200
-0.37635
-0.37069
-0.36504
-0.35938
-0.35372
-0.34807
-0.34241
-0.33675
-0.33110
-0.32544
-0.31979
-0.31413
-0.30847
-0.30282
-0.29716
-0.29150
-0.28585
-0.28019
-0.27454
-0.26888
-0.26322
-0.25757
-0.25191
-0.24625
-0.24060
-0.23494
-0.22929
-0.22363
-0.21797
-0.21232
-0.20666
-0.20100
-0.19535
-0.18969
-0.18404
-0.17838
-0.17272
-0.17272
-0.17272
-0.17272
-0.17272
-0.17272
-0.17272
-0.17272
-0.17272
-0.17246
-0.17220
-0.17194
-0.17168
-0.16867
-0.16566
-0.16265
-0.15963
-0.15340
-0.14717
-0.14094
-0.13471
-0.12704
-0.11937
-0.11171
-0.10404
-0.09717
-0.09029
-0.08342
-0.07654
-0.07074
-0.06493
-0.05913
-0.05333
-0.04696
-0.04060
-0.03423
-0.02787
-0.02204
-0.01621
-0.01038
-0.00456
0.00203
0.00862
0.01520
0.02179
0.03055
0.03930
0.04806
0.05681
0.06814
0.07946
0.09079
0.10211
0.11755
0.13299
0.14844
0.16388
0.18165
0.19942
0.21720
0.23497
0.25640
0.27783
0.29925
0.32068
0.34327
0.36586
0.38845
0.41104
0.43552
0.46001
0.48449
0.50898
0.53209
0.55520
0.57831
0.60142
0.62251
0.64360
0.66469
0.68578
0.70675
0.72772
0.74869
0.76966
0.78399
0.79832
0.81265
0.82698
0.84229
0.85759
0.87290
0.88821
0.89750
0.90678
0.91607
0.92536
0.93443
0.94351
0.95258
0.96166
0.96812
0.97458
0.98104
0.98750
0.99441
1.00131
1.00821
1.01512
1.02097
1.02682
1.03268
1.03853
1.04679
1.05505
1.06331
1.07157
1.08029
1.08901
1.09773
1.10645
1.11634
1.12623
1.13612
1.14601
1.15889
1.17178
1.18466
1.19755
1.20928
1.22101
1.23275
1.24448
1.25999
1.27549
1.29099
1.30650
1.31925
1.33200
1.34476
1.35751
1.37337
1.38922
1.40508
1.42093
1.43362
1.44631
1.45899
1.47168
1.48650
1.50132
1.51614
1.53096
1.54308
1.55519
1.56730
1.57942
1.59266
1.60590
1.61914
1.63238
1.64426
1.65614
1.66802
1.67990
1.69293
1.70596
1.71898
1.73201
1.74523
1.75846
1.77168
1.78491
1.79993
1.81496
1.82999
1.84501
1.86228
1.87955
1.89682
1.91409
1.93311
1.95213
1.97115
1.99016
2.01338
2.03660
2.05981
2.08303
2.10757
2.13211
2.15665
2.18119
2.21019
2.23919
2.26819
2.29720
2.32730
2.35741
2.38752
2.41763
2.45108
2.48454
2.51800
2.55145
2.58478
2.61810
2.65142
2.68475
2.72050
2.75626
2.79201
2.82777
2.86242
2.89708
2.93173
2.96638
3.00295
3.03952
3.07608
3.11265
3.14933
3.18601
3.22269
3.25937
3.29716
3.33495
3.37273
3.41052
3.44745
3.48438
3.52132
3.55825
3.59307
3.62788
3.66270
3.69752
3.73281
3.76811
3.80340
3.83870
3.86862
3.89854
3.92846
3.95838
3.98999
4.02160
4.05321
4.08482
4.11064
4.13645
4.16227
4.18809
4.21548
4.24287
4.27025
4.29764
4.31966
4.34167
4.36368
4.38570
4.40805
4.43040
4.45276
4.47511
4.49223
4.50935
4.52648
4.54360
4.55903
4.57447
4.58990
4.60533
4.61637
4.62741
4.63845
4.64949
4.65645
4.66341
4.67037
4.67733
-1.17830
-1.17211
-1.16592
-1.15972
-1.15353
-1.14734
-1.14114
-1.13495
-1.12876
-1.12256
-1.11637
-1.11018
-1.10398
-1.09779
-1.09160
-1.08540
-1.07921
-1.07302
-1.06682
-1.06063
-1.05444
-1.04824
-1.04205
-1.03585
-1.02966
-1.02347
-1.01727
-1.01108
-1.00489
-0.99869
-0.99250
-0.98631
-0.98011
-0.97392
-0.96773
-0.96153
-0.95534
-0.94915
-0.94295
-0.93676
-0.93057
-0.92437
-0.91818
-0.91199
-0.90579
-0.89960
-0.89341
-0.88721
-0.88102
-0.87483
-0.86863
-0.86244
-0.85625
-0.85005
-0.84386
-0.83766
-0.83147
-0.82528
-0.81908
-0.81289
-0.80670
-0.80050
-0.79431
-0.78812
-0.78192
-0.77573
-0.76954
-0.76334
-0.75715
-0.75096
-0.74476
-0.73857
-0.73238
-0.72618
-0.71999
-0.71380
-0.70760
-0.70141
-0.69522
-0.68902
-0.68283
-0.67664
-0.67044
-0.66425
-0.65806
-0.65186
-0.64567
-0.63947
-0.63328
-0.62709
-0.62089
-0.61470
-0.60851
-0.60231
-0.59612
-0.58993
-0.58373
-0.57754
-0.57135
-0.56515
-0.55896
-0.55277
-0.54657
-0.54038
-0.53419
-0.52799
-0.52180
-0.51561
-0.50941
-0.50322
-0.49703
-0.49083
-0.48464
-0.47845
-0.47225
-0.46606
-0.45987
-0.45367
-0.44748
-0.44128
-0.43509
-0.42890
-0.42270
-0.41651
-0.41032
-0.40412
-0.39793
-0.39174
-0.38554
-0.37935
-0.37316
-0.36696
-0.36077
-0.35458
-0.34838
-0.34219
-0.33600
-0.32980
-0.32361
-0.31742
-0.31122
-0.31122
-0.31122
-0.31122
-0.31122
-0.31122
-0.31122
-0.31122
-0.31122
-0.31114
-0.31105
-0.31096
-0.31087
-0.30862
-0.30637
-0.30412
-0.30187
-0.29606
-0.29024
-0.28443
-0.27861
-0.27199
-0.26536
-0.25874
-0.25211
-0.24839
-0.24466
-0.24093
-0.23721
-0.23320
-0.22919
-0.22518
-0.22116
-0.21722
-0.21328
-0.20934
-0.20540
-0.20067
-0.19594
-0.19121
-0.18648
-0.18011
-0.17374
-0.16736
-0.16099
-0.15192
-0.14284
-0.13376
-0.12469
-0.11227
-0.09985
-0.08743
-0.07501
-0.05803
-0.04105
-0.02407
-0.00709
0.01200
0.03109
0.05017
0.06926
0.09170
0.11413
0.13657
0.15900
0.18263
0.20627
0.22990
0.25353
0.27746
0.30140
0.32534
0.34928
0.37384
0.39841
0.42298
0.44755
0.46698
0.48641
0.50584
0.52527
0.54740
0.56953
0.59166
0.61379
0.62551
0.63723
0.64894
0.66066
0.67555
0.69044
0.70533
0.72023
0.72697
0.73371
0.74046
0.74720
0.75444
0.76168
0.76893
0.77617
0.78164
0.78710
0.79257
0.79803
0.80404
0.81005
0.81606
0.82207
0.82940
0.83673
0.84406
0.85139
0.86181
0.87224
0.88266
0.89308
0.90540
0.91772
0.93004
0.94236
0.95630
0.97024
0.98417
0.99811
1.01505
1.03198
1.04892
1.06585
1.08036
1.09486
1.10936
1.12386
1.14276
1.16166
1.18056
1.19947
1.21306
1.22666
1.24026
1.25386
1.27186
1.28987
1.30787
1.32587
1.33889
1.35191
1.36493
1.37795
1.39376
1.40956
1.42537
1.44118
1.45365
1.46612
1.47859
1.49106
1.50427
1.51748
1.53069
1.54389
1.55635
1.56881
1.58127
1.59373
1.60630
1.61887
1.63143
1.64400
1.65804
1.67208
1.68612
1.70016
1.71486
1.72956
1.74427
1.75897
1.77699
1.79501
1.81303
1.83105
1.84956
1.86807
1.88658
1.90510
1.92863
1.95217
1.97571
1.99925
2.02276
2.04627
2.06978
2.09329
2.12209
2.15089
2.17969
2.20849
2.23755
2.26660
2.29565
2.32471
2.35782
2.39093
2.42404
2.45715
2.49000
2.52285
2.55569
2.58854
2.62388
2.65923
2.69457
2.72991
2.76492
2.79994
2.83495
2.86996
2.90589
2.94182
2.97775
3.01369
3.05081
3.08794
3.12507
3.16219
3.19912
3.23606
3.27299
3.30992
3.34822
3.38651
3.42481
3.46310
3.49710
3.53109
3.56509
3.59908
3.63627
3.67345
3.71064
3.74782
3.77744
3.80706
3.83667
3.86629
3.89937
3.93245
3.96552
3.99860
4.02545
4.05230
4.07914
4.10599
4.13431
4.16264
4.19096
4.21928
4.24324
4.26720
4.29115
4.31511
4.33798
4.36085
4.38371
4.40658
4.42606
4.44553
4.46501
4.48448
4.50013
4.51577
4.53141
4.54705
4.56019
4.57334
4.58648
4.59963
4.60725
4.61487
4.62249
4.63012
-1.35099
-1.34435
-1.33771
-1.33107
-1.32444
-1.31780
-1.31116
-1.30452
-1.29788
-1.29124
-1.28461
-1.27797
-1.27133
-1.26469
-1.25805
-1.25141
-1.24478
-1.23814
-1.23150
-1.22486
-1.21822
-1.21158
-1.20495
-1.19831
-1.19167
-1.18503
-1.17839
-1.17176
-1.16512
-1.15848
-1.15184
-1.14520
-1.13856
-1.13193
-1.12529
-1.11865
-1.11201
-1.10537
-1.09873
-1.09210
-1.08546
-1.07882
-1.07218
-1.06554
-1.05890
-1.05227
-1.04563
-1.03899
-1.03235
-1.02571
-1.01908
-1.01244
-1.00580
-0.99916
-0.99252
-0.98588
-0.97925
-0.97261
-0.96597
-0.95933
-0.95269
-0.94605
-0.93942
-0.93278
-0.92614
-0.91950
-0.91286
-0.90622
-0.89959
-0.89295
-0.88631
-0.87967
-0.87303
-0.86639
-0.85976
-0.85312
-0.84648
-0.83984
-0.83320
-0.82657
-0.81993
-0.81329
-0.80665
-0.80001
-0.79337
-0.78674
-0.78010
-0.77346
-0.76682
-0.76018
-0.75354
-0.74691
-0.74027
-0.73363
-0.72699
-0.72035
-0.71371
-0.70708
-0.70044
-0.69380
-0.68716
-0.68052
-0.67388
-0.66725
-0.66061
-0.65397
-0.64733
-0.64069
-0.63406
-0.62742
-0.62078
-0.61414
-0.60750
-0.60086
-0.59423
-0.58759
-0.58095
-0.57431
-0.56767
-0.56103
-0.55440
-0.54776
-0.54112
-0.53448
-0.52784
-0.52120
-0.51457
-0.50793
-0.50129
-0.49465
-0.48801
-0.48138
-0.47474
-0.46810
-0.46146
-0.45482
-0.44818
-0.44155
-0.43491
-0.42827
-0.42163
-0.42163
-0.42163
-0.42163
-0.42163
-0.42163
-0.42163
-0.42163
-0.42163
-0.42163
-0.42163
-0.42163
-0.42163
-0.42006
-0.41848
-0.41691
-0.41533
-0.40924
-0.40314
-0.39705
-0.39095
-0.38361
-0.37627
-0.36892
-0.36158
-0.35834
-0.35509
-0.35185
-0.34860
-0.34477
-0.34093
-0.33709
-0.33325
-0.33010
-0.32695
-0.32379
-0.32064
-0.31689
-0.31314
-0.30939
-0.30563
-0.30022
-0.29480
-0.28938
-0.28396
-0.27647
-0.26898
-0.26149
-0.25400
-0.24347
-0.23295
-0.22242
-0.21189
-0.19712
-0.18235
-0.16758
-0.15281
-0.13648
-0.12014
-0.10381
-0.08748
-0.06778
-0.04809
-0.02839
-0.00870
0.01221
0.03312
0.05403
0.07493
0.09583
0.11672
0.13761
0.15850
0.18126
0.20401
0.22676
0.24951
0.26686
0.28421
0.30156
0.31891
0.34020
0.36149
0.38278
0.40407
0.41517
0.42626
0.43736
0.44845
0.46328
0.47811
0.49294
0.50777
0.51513
0.52249
0.52984
0.53720
0.54490
0.55260
0.56030
0.56800
0.57515
0.58230
0.58945
0.59660
0.60370
0.61080
0.61790
0.62500
0.63505
0.64509
0.65514
0.66518
0.67750
0.68982
0.70214
0.71446
0.72979
0.74511
0.76044
0.77577
0.79218
0.80859
0.82500
0.84141
0.86087
0.88032
0.89978
0.91924
0.93599
0.95275
0.96951
0.98626
1.00728
1.02831
1.04933
1.07035
1.08601
1.10167
1.11733
1.13299
1.15297
1.17295
1.19292
1.21290
1.22823
1.24355
1.25887
1.27420
1.29159
1.30898
1.32637
1.34376
1.35871
1.37365
1.38859
1.40354
1.41769
1.43184
1.44599
1.46014
1.47480
1.48946
1.50412
1.51878
1.53175
1.54472
1.55769
1.57066
1.58610
1.60154
1.61698
1.63242
1.64725
1.66209
1.67692
1.69175
1.71016
1.72857
1.74698
1.76539
1.78351
1.80164
1.81976
1.83789
1.86070
1.88352
1.90634
1.92916
1.95169
1.97422
1.99675
2.01929
2.04674
2.07420
2.10165
2.12910
2.15706
2.18502
2.21297
2.24093
2.27279
2.30466
2.33652
2.36839
2.40075
2.43312
2.46549
2.49786
2.53214
2.56643
2.60071
2.63499
2.67014
2.70529
2.74044
2.77559
2.81087
2.84615
2.88143
2.91672
2.95411
2.99150
3.02888
3.06627
3.10264
3.13901
3.17537
3.21174
3.25056
3.28937
3.32819
3.36701
3.40095
3.43490
3.46884
3.50279
3.54054
3.57830
3.61605
3.65381
3.68418
3.71456
3.74493
3.77531
3.80883
3.84235
3.87587
3.90939
3.93786
3.96632
3.99479
4.02325
4.05197
4.08069
4.10941
4.13813
4.16436
4.19059
4.21682
4.24305
4.26614
4.28923
4.31232
4.33541
4.35719
4.37898
4.40077
4.42255
4.43852
4.45449
4.47046
4.48643
4.50148
4.51653
4.53158
4.54663
4.55494
4.56325
4.57157
4.57988
-1.48221
-1.47522
-1.46823
-1.46124
-1.45425
-1.44726
-1.44027
-1.43328
-1.42629
-1.41930
-1.41231
-1.40532
-1.39833
-1.39134
-1.38435
-1.37736
-1.37037
-1.36338
-1.35639
-1.34940
-1.34241
-1.33542
-1.32843
-1.32144
-1.31445
-1.30746
-1.30047
-1.29348
-1.28649
-1.27950
-1.27251
-1.26552
-1.25853
-1.25154
-1.24456
-1.23757
-1.23058
-1.22359
-1.21660
-1.20961
-1.20262
-1.19563
-1.18864
-1.18165
-1.17466
-1.16767
-1.16068
-1.15369
-1.14670
-1.13971
-1.13272
-1.12573
-1.11874
-1.11175
-1.10476
-1.09777
-1.09078
-1.08379
-1.07680
-1.06981
-1.06282
-1.05583
-1.04884
-1.04185
-1.03486
-1.02787
-1.02088
-1.01389
-1.00690
-0.99991
-0.99292
-0.98594
-0.97895
-0.97196
-0.96497
-0.95798
-0.95099
-0.94400
-0.93701
-0.93002
-0.92303
-0.91604
-0.90905
-0.90206
-0.89507
-0.88808
-0.88109
-0.87410
-0.86711
-0.86012
-0.85313
-0.84614
-0.83915
-0.83216
-0.82517
-0.81818
-0.81119
-0.80420
-0.79721
-0.79022
-0.78323
-0.77624
-0.76925
-0.76226
-0.75527
-0.74828
-0.74129
-0.73430
-0.72732
-0.72033
-0.71334
-0.70635
-0.69936
-0.69237
-0.68538
-0.67839
-0.67140
-0.66441
-0.65742
-0.65043
-0.64344
-0.63645
-0.62946
-0.62247
-0.61548
-0.60849
-0.60150
-0.59451
-0.58752
-0.58053
-0.57354
-0.56655
-0.55956
-0.55257
-0.54558
-0.53859
-0.53160
-0.52461
-0.51762
-0.51063
-0.50364
-0.50364
-0.50364
-0.50364
-0.50364
-0.50364
-0.50364
-0.50364
-0.50364
-0.50364
-0.50364
-0.50364
-0.50364
-0.50266
-0.50167
-0.50069
-0.49970
-0.49263
-0.48555
-0.47847
-0.47139
-0.46155
-0.45171
-0.44187
-0.43202
-0.42657
-0.42111
-0.41566
-0.41020
-0.40489
-0.39959
-0.39428
-0.38898
-0.38496
-0.38094
-0.37692
-0.37291
-0.37002
-0.36713
-0.36424
-0.36135
-0.35763
-0.35390
-0.35018
-0.34646
-0.34248
-0.33851
-0.33453
-0.33056
-0.32494
-0.31933
-0.31371
-0.30810
-0.29933
-0.29056
-0.28179
-0.27302
-0.26355
-0.25408
-0.24461
-0.23514
-0.22198
-0.20882
-0.19566
-0.18249
-0.16811
-0.15373
-0.13935
-0.12497
-0.10965
-0.09432
-0.07900
-0.06368
-0.04605
-0.02842
-0.01079
0.00685
0.02168
0.03652
0.05136
0.06620
0.08463
0.10305
0.12148
0.13990
0.15239
0.16488
0.17737
0.18986
0.20498
0.22011
0.23524
0.25037
0.26153
0.27270
0.28386
0.29503
0.30550
0.31597
0.32644
0.33690
0.34845
0.35999
0.37153
0.38307
0.39327
0.40348
0.41368
0.42388
0.43790
0.45191
0.46592
0.47994
0.49388
0.50781
0.52175
0.53569
0.55343
0.57117
0.58891
0.60665
0.62394
0.64123
0.65852
0.67581
0.69624
0.71667
0.73710
0.75754
0.77603
0.79452
0.81302
0.83151
0.85336
0.87522
0.89707
0.91892
0.93787
0.95682
0.97577
0.99472
1.01650
1.03827
1.06005
1.08182
1.10144
1.12106
1.14068
1.16030
1.17989
1.19947
1.21906
1.23865
1.25820
1.27775
1.29730
1.31686
1.33294
1.34901
1.36509
1.38117
1.39967
1.41818
1.43668
1.45519
1.46943
1.48366
1.49790
1.51214
1.52958
1.54702
1.56445
1.58189
1.59731
1.61272
1.62814
1.64356
1.66200
1.68043
1.69887
1.71731
1.73516
1.75302
1.77087
1.78873
1.80977
1.83082
1.85186
1.87290
1.89451
1.91612
1.93773
1.95934
1.98428
2.00923
2.03418
2.05913
2.08594
2.11276
2.13957
2.16639
2.19610
2.22580
2.25551
2.28522
2.31711
2.34899
2.38088
2.41276
2.44533
2.47790
2.51047
2.54304
2.57810
2.61317
2.64823
2.68329
2.71791
2.75253
2.78714
2.82176
2.85923
2.89670
2.93417
2.97163
3.00773
3.04382
3.07991
3.11600
3.15449
3.19298
3.23147
3.26996
3.30463
3.33930
3.37397
3.40865
3.44564
3.48264
3.51963
3.55663
3.58883
3.62104
3.65325
3.68545
3.71838
3.75130
3.78423
3.81716
3.84784
3.87851
3.90919
3.93987
3.96843
3.99700
4.02557
4.05414
4.08299
4.11183
4.14068
4.16952
4.19253
4.21553
4.23854
4.26155
4.28561
4.30966
4.33372
4.35778
4.37420
4.39062
4.40704
4.42347
4.44022
4.45697
4.47372
4.49047
4.49950
4.50853
4.51755
4.52658
-1.61342
-1.60608
-1.59874
-1.59140
-1.58406
-1.57672
-1.56938
-1.56203
-1.55469
-1.54735
-1.54001
-1.53267
-1.52533
-1.51799
-1.51065
-1.50331
-1.49596
-1.48862
-1.48128
-1.47394
-1.46660
-1.45926
-1.45192
-1.44458
-1.43723
-1.42989
-1.42255
-1.41521
-1.40787
-1.40053
-1.39319
-1.38585
-1.37851
-1.37116
-1.36382
-1.35648
-1.34914
-1.34180
-1.33446
-1.32712
-1.31978
-1.31243
-1.30509
-1.29775
-1.29041
-1.28307
-1.27573
-1.26839
-1.26105
-1.25371
-1.24636
-1.23902
-1.23168
-1.22434
-1.21700
-1.20966
-1.20232
-1.19498
-1.18763
-1.18029
-1.17295
-1.16561
-1.15827
-1.15093
-1.14359
-1.13625
-1.12890
-1.12156
-1.11422
-1.10688
-1.09954
-1.09220
-1.08486
-1.07752
-1.07018
-1.06283
-1.05549
-1.04815
-1.04081
-1.03347
-1.02613
-1.01879
-1.01145
-1.00410
-0.99676
-0.98942
-0.98208
-0.97474
-0.96740
-0.96006
-0.95272
-0.94538
-0.93803
-0.93069
-0.92335
-0.91601
-0.90867
-0.90133
-0.89399
-0.88665
-0.87930
-0.87196
-0.86462
-0.85728
-0.84994
-0.84260
-0.83526
-0.82792
-0.82058
-0.81323
-0.80589
-0.79855
-0.79121
-0.78387
-0.77653
-0.76919
-0.76185
-0.75450
-0.74716
-0.73982
-0.73248
-0.72514
-0.71780
-0.71046
-0.70312
-0.69578
-0.68843
-0.68109
-0.67375
-0.66641
-0.65907
-0.65173
-0.64439
-0.63705
-0.62970
-0.62236
-0.61502
-0.60768
-0.60034
-0.59300
-0.58566
-0.58566
-0.58566
-0.58566
-0.58566
-0.58566
-0.58566
-0.58566
-0.58566
-0.58566
-0.58566
-0.58566
-0.58566
-0.58526
-0.58487
-0.58447
-0.58408
-0.57602
-0.56796
-0.55989
-0.55183
-0.53949
-0.52715
-0.51481
-0.50247
-0.49480
-0.48713
-0.47946
-0.47180
-0.46502
-0.45825
-0.45148
-0.44471
-0.43982
-0.43494
-0.43005
-0.42517
-0.42315
-0.42112
-0.41909
-0.41707
-0.41504
-0.41301
-0.41098
-0.40896
-0.40850
-0.40804
-0.40758
-0.40712
-0.40642
-0.40571
-0.40501
-0.40431
-0.40154
-0.39877
-0.39599
-0.39322
-0.39062
-0.38802
-0.38541
-0.38281
-0.37618
-0.36955
-0.36292
-0.35629
-0.34843
-0.34058
-0.33273
-0.32487
-0.31512
-0.30537
-0.29561
-0.28586
-0.27335
-0.26084
-0.24833
-0.23582
-0.22350
-0.21117
-0.19884
-0.18651
-0.17095
-0.15539
-0.13983
-0.12426
-0.11038
-0.09650
-0.08262
-0.06874
-0.05331
-0.03789
-0.02246
-0.00703
0.00794
0.02291
0.03788
0.05285
0.06609
0.07933
0.09257
0.10581
0.12174
0.13767
0.15361
0.16954
0.18285
0.19615
0.20946
0.22277
0.24075
0.25873
0.27671
0.29469
0.31025
0.32581
0.34137
0.35693
0.37708
0.39722
0.41737
0.43752
0.45569
0.47386
0.49203
0.51020
0.53161
0.55302
0.57443
0.59583
0.61607
0.63630
0.65653
0.67676
0.69944
0.72213
0.74481
0.76749
0.78973
0.81197
0.83421
0.85645
0.88003
0.90360
0.92717
0.95074
0.97466
0.99857
1.02249
1.04640
1.06818
1.08997
1.11175
1.13353
1.15769
1.18185
1.20601
1.23018
1.24818
1.26619
1.28419
1.30220
1.32455
1.34690
1.36924
1.39159
1.40710
1.42261
1.43812
1.45362
1.47306
1.49249
1.51193
1.53136
1.54736
1.56336
1.57936
1.59536
1.61383
1.63230
1.65076
1.66923
1.68682
1.70440
1.72199
1.73957
1.75884
1.77811
1.79738
1.81665
1.83733
1.85802
1.87870
1.89939
1.92183
1.94427
1.96671
1.98915
2.01482
2.04050
2.06617
2.09184
2.11940
2.14695
2.17451
2.20206
2.23346
2.26486
2.29626
2.32766
2.35852
2.38937
2.42023
2.45109
2.48606
2.52104
2.55602
2.59100
2.62495
2.65890
2.69285
2.72681
2.76435
2.80190
2.83945
2.87700
2.91281
2.94863
2.98444
3.02025
3.05842
3.09658
3.13474
3.17290
3.20831
3.24371
3.27911
3.31451
3.35074
3.38698
3.42321
3.45945
3.49349
3.52752
3.56156
3.59559
3.62793
3.66026
3.69259
3.72492
3.75781
3.79070
3.82359
3.85648
3.88490
3.91332
3.94173
3.97015
4.00161
4.03307
4.06453
4.09599
4.11891
4.14184
4.16476
4.18769
4.21402
4.24035
4.26668
4.29301
4.30988
4.32675
4.34362
4.36050
4.37895
4.39740
4.41586
4.43431
4.44405
4.45380
4.46354
4.47328
-1.64951
-1.64227
-1.63503
-1.62779
-1.62055
-1.61331
-1.60608
-1.59884
-1.59160
-1.58436
-1.57712
-1.56988
-1.56264
-1.55541
-1.54817
-1.54093
-1.53369
-1.52645
-1.51921
-1.51197
-1.50473
-1.49750
-1.49026
-1.48302
-1.47578
-1.46854
-1.46130
-1.45406
-1.44683
-1.43959
-1.43235
-1.42511
-1.41787
-1.41063
-1.40339
-1.39615
-1.38892
-1.38168
-1.37444
-1.36720
-1.35996
-1.35272
-1.34548
-1.33825
-1.33101
-1.32377
-1.31653
-1.30929
-1.30205
-1.29481
-1.28757
-1.28034
-1.27310
-1.26586
-1.25862
-1.25138
-1.24414
-1.23690
-1.22967
-1.22243
-1.21519
-1.20795
-1.20071
-1.19347
-1.18623
-1.17900
-1.17176
-1.16452
-1.15728
-1.15004
-1.14280
-1.13556
-1.12832
-1.12109
-1.11385
-1.10661
-1.09937
-1.09213
-1.08489
-1.07765
-1.07042
-1.06318
-1.05594
-1.04870
-1.04146
-1.03422
-1.02698
-1.01974
-1.01251
-1.00527
-0.99803
-0.99079
-0.98355
-0.97631
-0.96907
-0.96184
-0.95460
-0.94736
-0.94012
-0.93288
-0.92564
-0.91840
-0.91116
-0.90393
-0.89669
-0.88945
-0.88221
-0.87497
-0.86773
-0.86049
-0.85326
-0.84602
-0.83878
-0.83154
-0.82430
-0.81706
-0.80982
-0.80258
-0.79535
-0.78811
-0.78087
-0.77363
-0.76639
-0.75915
-0.75191
-0.74468
-0.73744
-0.73020
-0.72296
-0.71572
-0.70848
-0.70124
-0.69400
-0.68677
-0.67953
-0.67229
-0.66505
-0.65781
-0.65057
-0.64333
-0.63610
-0.63610
-0.63610
-0.63610
-0.63610
-0.63610
-0.63610
-0.63610
-0.63610
-0.63610
-0.63610
-0.63610
-0.63610
-0.63610
-0.63610
-0.63610
-0.63610
-0.62795
-0.61981
-0.61167
-0.60352
-0.59134
-0.57916
-0.56698
-0.55480
-0.54811
-0.54142
-0.53473
-0.52804
-0.52229
-0.51655
-0.51081
-0.50507
-0.50182
-0.49857
-0.49531
-0.49206
-0.49254
-0.49302
-0.49350
-0.49398
-0.49456
-0.49514
-0.49572
-0.49630
-0.49965
-0.50300
-0.50635
-0.50971
-0.51255
-0.51540
-0.51825
-0.52110
-0.52273
-0.52436
-0.52599
-0.52761
-0.52917
-0.53072
-0.53227
-0.53382
-0.53126
-0.52869
-0.52612
-0.52355
-0.51974
-0.51594
-0.51213
-0.50832
-0.50189
-0.49546
-0.48903
-0.48260
-0.47333
-0.46405
-0.45478
-0.44550
-0.43449
-0.42348
-0.41247
-0.40146
-0.38766
-0.37385
-0.36005
-0.34624
-0.33113
-0.31602
-0.30091
-0.28580
-0.26997
-0.25415
-0.23832
-0.22250
-0.20489
-0.18728
-0.16967
-0.15207
-0.13670
-0.12133
-0.10597
-0.09060
-0.07193
-0.05326
-0.03459
-0.01592
-0.00028
0.01535
0.03099
0.04663
0.06705
0.08748
0.10790
0.12833
0.14537
0.16241
0.17945
0.19649
0.21820
0.23991
0.26162
0.28333
0.30262
0.32190
0.34118
0.36046
0.38239
0.40432
0.42626
0.44819
0.46974
0.49129
0.51285
0.53440
0.55734
0.58028
0.60323
0.62617
0.65027
0.67438
0.69848
0.72258
0.74705
0.77151
0.79597
0.82043
0.84685
0.87326
0.89967
0.92609
0.94940
0.97272
0.99603
1.01934
1.04646
1.07357
1.10068
1.12779
1.14773
1.16768
1.18762
1.20757
1.23262
1.25767
1.28272
1.30777
1.32519
1.34260
1.36002
1.37743
1.39853
1.41963
1.44073
1.46184
1.47922
1.49660
1.51398
1.53136
1.55028
1.56921
1.58813
1.60705
1.62519
1.64333
1.66147
1.67961
1.69811
1.71660
1.73510
1.75359
1.77399
1.79439
1.81479
1.83519
1.85620
1.87720
1.89821
1.91921
1.94404
1.96886
1.99368
2.01850
2.04462
2.07073
2.09684
2.12296
2.15364
2.18433
2.21502
2.24570
2.27540
2.30509
2.33479
2.36448
2.39892
2.43336
2.46780
2.50224
2.53571
2.56919
2.60266
2.63614
2.67328
2.71043
2.74757
2.78472
2.82035
2.85598
2.89160
2.92723
2.96488
3.00254
3.04019
3.07784
3.11379
3.14973
3.18567
3.22162
3.25728
3.29294
3.32861
3.36427
3.39956
3.43486
3.47016
3.50545
3.53759
3.56973
3.60187
3.63402
3.66834
3.70266
3.73698
3.77130
3.80006
3.82882
3.85758
3.88634
3.91945
3.95255
3.98566
4.01876
4.04241
4.06605
4.08969
4.11334
4.14107
4.16880
4.19653
4.22426
4.24235
4.26043
4.27852
4.29661
4.31610
4.33559
4.35508
4.37457
4.38557
4.39658
4.40759
4.41859
-1.49250
-1.48629
-1.48007
-1.47386
-1.46764
-1.46143
-1.45521
-1.44900
-1.44279
-1.43657
-1.43036
-1.42414
-1.41793
-1.41171
-1.40550
-1.39928
-1.39307
-1.38685
-1.38064
-1.37442
-1.36821
-1.36199
-1.35578
-1.34956
-1.34335
-1.33714
-1.33092
-1.32471
-1.31849
-1.31228
-1.30606
-1.29985
-1.29363
-1.28742
-1.28120
-1.27499
-1.26877
-1.26256
-1.25634
-1.25013
-1.24391
-1.23770
-1.23149
-1.22527
-1.21906
-1.21284
-1.20663
-1.20041
-1.19420
-1.18798
-1.18177
-1.17555
-1.16934
-1.16312
-1.15691
-1.15069
-1.14448
-1.13827
-1.13205
-1.12584
-1.11962
-1.11341
-1.10719
-1.10098
-1.09476
-1.08855
-1.08233
-1.07612
-1.06990
-1.06369
-1.05747
-1.05126
-1.04504
-1.03883
-1.03262
-1.02640
-1.02019
-1.01397
-1.00776
-1.00154
-0.99533
-0.98911
-0.98290
-0.97668
-0.97047
-0.96425
-0.95804
-0.95182
-0.94561
-0.93939
-0.93318
-0.92697
-0.92075
-0.91454
-0.90832
-0.90211
-0.89589
-0.88968
-0.88346
-0.87725
-0.87103
-0.86482
-0.85860
-0.85239
-0.84617
-0.83996
-0.83375
-0.82753
-0.82132
-0.81510
-0.80889
-0.80267
-0.79646
-0.79024
-0.78403
-0.77781
-0.77160
-0.76538
-0.75917
-0.75295
-0.74674
-0.74052
-0.73431
-0.72810
-0.72188
-0.71567
-0.70945
-0.70324
-0.69702
-0.69081
-0.68459
-0.67838
-0.67216
-0.66595
-0.65973
-0.65352
-0.64730
-0.64109
-0.63487
-0.62866
-0.62245
-0.62245
-0.62245
-0.62245
-0.62245
-0.62245
-0.62245
-0.62245
-0.62245
-0.62245
-0.62245
-0.62245
-0.62245
-0.62245
-0.62245
-0.62245
-0.62245
-0.61605
-0.60965
-0.60325
-0.59685
-0.59023
-0.58361
-0.57699
-0.57036
-0.57113
-0.57189
-0.57265
-0.57341
-0.57377
-0.57412
-0.57448
-0.57484
-0.57829
-0.58174
-0.58519
-0.58865
-0.59496
-0.60128
-0.60759
-0.61391
-0.61895
-0.62399
-0.62903
-0.63407
-0.64183
-0.64960
-0.65736
-0.66513
-0.66876
-0.67239
-0.67602
-0.67965
-0.68244
-0.68523
-0.68802
-0.69081
-0.69101
-0.69122
-0.69142
-0.69163
-0.68811
-0.68460
-0.68109
-0.67757
-0.67277
-0.66796
-0.66316
-0.65835
-0.65069
-0.64303
-0.63537
-0.62770
-0.61783
-0.60796
-0.59808
-0.58821
-0.57610
-0.56400
-0.55189
-0.53978
-0.52548
-0.51118
-0.49688
-0.48258
-0.46657
-0.45056
-0.43455
-0.41854
-0.40212
-0.38569
-0.36926
-0.35283
-0.33496
-0.31710
-0.29923
-0.28136
-0.26517
-0.24898
-0.23279
-0.21660
-0.19856
-0.18051
-0.16246
-0.14441
-0.12801
-0.11161
-0.09521
-0.07881
-0.05903
-0.03925
-0.01947
0.00030
0.01854
0.03677
0.05501
0.07324
0.09480
0.11635
0.13791
0.15946
0.18032
0.20119
0.22205
0.24292
0.26446
0.28599
0.30753
0.32907
0.35110
0.37313
0.39515
0.41718
0.43923
0.46128
0.48333
0.50537
0.52844
0.55151
0.57457
0.59764
0.62115
0.64466
0.66817
0.69169
0.71695
0.74222
0.76748
0.79274
0.81625
0.83975
0.86326
0.88676
0.91345
0.94014
0.96683
0.99352
1.01542
1.03733
1.05923
1.08113
1.10658
1.13203
1.15747
1.18292
1.20353
1.22414
1.24475
1.26536
1.28746
1.30956
1.33166
1.35376
1.37413
1.39450
1.41488
1.43525
1.45551
1.47576
1.49602
1.51627
1.53663
1.55699
1.57735
1.59771
1.61747
1.63723
1.65698
1.67674
1.69814
1.71955
1.74096
1.76236
1.78412
1.80587
1.82762
1.84938
1.87393
1.89849
1.92305
1.94760
1.97373
1.99985
2.02598
2.05211
2.08161
2.11111
2.14061
2.17011
2.19976
2.22942
2.25908
2.28873
2.32171
2.35469
2.38766
2.42064
2.45402
2.48741
2.52079
2.55418
2.58994
2.62571
2.66147
2.69724
2.73286
2.76848
2.80410
2.83973
2.87650
2.91328
2.95005
2.98683
3.02293
3.05904
3.09515
3.13125
3.16672
3.20220
3.23767
3.27314
3.30854
3.34394
3.37934
3.41474
3.44751
3.48027
3.51303
3.54579
3.57996
3.61414
3.64831
3.68248
3.71258
3.74269
3.77279
3.80289
3.83568
3.86847
3.90125
3.93404
3.96003
3.98602
4.01200
4.03799
4.06536
4.09272
4.12009
4.14746
4.16830
4.18915
4.20999
4.23084
4.25002
4.26919
4.28837
4.30755
4.32093
4.33432
4.34770
4.36109
-1.33550
-1.33031
-1.32512
-1.31993
-1.31473
-1.30954
-1.30435
-1.29916
-1.29397
-1.28878
-1.28359
-1.27840
-1.27321
-1.26802
-1.26283
-1.25764
-1.25245
-1.24726
-1.24206
-1.23687
-1.23168
-1.22649
-1.22130
-1.21611
-1.21092
-1.20573
-1.20054
-1.19535
-1.19016
-1.18497
-1.17978
-1.17458
-1.16939
-1.16420
-1.15901
-1.15382
-1.14863
-1.14344
-1.13825
-1.13306
-1.12787
-1.12268
-1.11749
-1.11230
-1.10711
-1.10191
-1.09672
-1.09153
-1.08634
-1.08115
-1.07596
-1.07077
-1.06558
-1.06039
-1.05520
-1.05001
-1.04482
-1.03963
-1.03444
-1.02924
-1.02405
-1.01886
-1.01367
-1.00848
-1.00329
-0.99810
-0.99291
-0.98772
-0.98253
-0.97734
-0.97215
-0.96696
-0.96177
-0.95657
-0.95138
-0.94619
-0.94100
-0.93581
-0.93062
-0.92543
-0.92024
-0.91505
-0.90986
-0.90467
-0.89948
-0.89429
-0.88909
-0.88390
-0.87871
-0.87352
-0.86833
-0.86314
-0.85795
-0.85276
-0.84757
-0.84238
-0.83719
-0.83200
-0.82681
-0.82162
-0.81642
-0.81123
-0.80604
-0.80085
-0.79566
-0.79047
-0.78528
-0.78009
-0.77490
-0.76971
-0.76452
-0.75933
-0.75414
-0.74895
-0.74375
-0.73856
-0.73337
-0.72818
-0.72299
-0.71780
-0.71261
-0.70742
-0.70223
-0.69704
-0.69185
-0.68666
-0.68147
-0.67627
-0.67108
-0.66589
-0.66070
-0.65551
-0.65032
-0.64513
-0.63994
-0.63475
-0.62956
-0.62437
-0.61918
-0.61399
-0.60880
-0.60880
-0.60880
-0.60880
-0.60880
-0.60880
-0.60880
-0.60880
-0.60880
-0.60880
-0.60880
-0.60880
-0.60880
-0.60880
-0.60880
-0.60880
-0.60880
-0.60414
-0.59949
-0.59483
-0.59018
-0.58912
-0.58806
-0.58699
-0.58593
-0.59415
-0.60236
-0.61058
-0.61879
-0.62524
-0.63170
-0.63815
-0.64460
-0.65476
-0.66492
-0.67507
-0.68523
-0.69738
-0.70953
-0.72169
-0.73384
-0.74334
-0.75284
-0.76234
-0.77184
-0.78401
-0.79619
-0.80837
-0.82054
-0.82496
-0.82937
-0.83379
-0.83820
-0.84215
-0.84610
-0.85005
-0.85400
-0.85286
-0.85172
-0.85058
-0.84944
-0.84497
-0.84051
-0.83605
-0.83159
-0.82579
-0.81999
-0.81419
-0.80839
-0.79949
-0.79060
-0.78170
-0.77281
-0.76234
-0.75186
-0.74139
-0.73092
-0.71771
-0.70451
-0.69131
-0.67811
-0.66331
-0.64851
-0.63371
-0.61891
-0.60201
-0.58510
-0.56820
-0.55129
-0.53426
-0.51723
-0.50020
-0.48316
-0.46504
-0.44691
-0.42878
-0.41066
-0.39364
-0.37663
-0.35962
-0.34260
-0.32518
-0.30776
-0.29033
-0.27291
-0.25574
-0.23857
-0.22141
-0.20424
-0.18511
-0.16598
-0.14685
-0.12772
-0.10829
-0.08886
-0.06943
-0.05000
-0.02860
-0.00721
0.01419
0.03559
0.05803
0.08048
0.10293
0.12538
0.14652
0.16766
0.18881
0.20995
0.23245
0.25496
0.27746
0.29996
0.32112
0.34227
0.36342
0.38458
0.40661
0.42864
0.45067
0.47270
0.49526
0.51782
0.54038
0.56294
0.58705
0.61117
0.63529
0.65940
0.68309
0.70679
0.73048
0.75417
0.78044
0.80671
0.83298
0.85925
0.88311
0.90697
0.93084
0.95470
0.98054
1.00638
1.03222
1.05806
1.08187
1.10568
1.12948
1.15329
1.17639
1.19949
1.22258
1.24568
1.26905
1.29241
1.31578
1.33914
1.36073
1.38232
1.40390
1.42549
1.44807
1.47065
1.49324
1.51582
1.53683
1.55785
1.57887
1.59988
1.62230
1.64471
1.66712
1.68954
1.71204
1.73454
1.75704
1.77954
1.80383
1.82812
1.85241
1.87670
1.90284
1.92898
1.95512
1.98125
2.00957
2.03788
2.06620
2.09451
2.12413
2.15375
2.18337
2.21299
2.24450
2.27601
2.30752
2.33903
2.37233
2.40562
2.43892
2.47221
2.50660
2.54099
2.57537
2.60976
2.64538
2.68099
2.71661
2.75222
2.78812
2.82401
2.85991
2.89581
2.93208
2.96835
3.00462
3.04089
3.07617
3.11145
3.14673
3.18201
3.21752
3.25302
3.28853
3.32403
3.35742
3.39080
3.42419
3.45757
3.49159
3.52561
3.55963
3.59365
3.62510
3.65655
3.68800
3.71944
3.75191
3.78438
3.81685
3.84931
3.87765
3.90598
3.93431
3.96265
3.98965
4.01665
4.04365
4.07065
4.09426
4.11786
4.14147
4.16507
4.18394
4.20280
4.22166
4.24053
4.25629
4.27205
4.28781
4.30358
-1.17849
-1.17433
-1.17016
-1.16599
-1.16183
-1.15766
-1.15349
-1.14933
-1.14516
-1.14099
-1.13682
-1.13266
-1.12849
-1.12432
-1.12016
-1.11599
-1.11182
-1.10766
-1.10349
-1.09932
-1.09516
-1.09099
-1.08682
-1.08266
-1.07849
-1.07432
-1.07016
-1.06599
-1.06182
-1.05766
-1.05349
-1.04932
-1.04516
-1.04099
-1.03682
-1.03266
-1.02849
-1.02432
-1.02016
-1.01599
-1.01182
-1.00766
-1.00349
-0.99932
-0.99515
-0.99099
-0.98682
-0.98265
-0.97849
-0.97432
-0.97015
-0.96599
-0.96182
-0.95765
-0.95349
-0.94932
-0.94515
-0.94099
-0.93682
-0.93265
-0.92849
-0.92432
-0.92015
-0.91599
-0.91182
-0.90765
-0.90349
-0.89932
-0.89515
-0.89099
-0.88682
-0.88265
-0.87849
-0.87432
-0.87015
-0.86599
-0.86182
-0.85765
-0.85348
-0.84932
-0.84515
-0.84098
-0.83682
-0.83265
-0.82848
-0.82432
-0.82015
-0.81598
-0.81182
-0.80765
-0.80348
-0.79932
-0.79515
-0.79098
-0.78682
-0.78265
-0.77848
-0.77432
-0.77015
-0.76598
-0.76182
-0.75765
-0.75348
-0.74932
-0.74515
-0.74098
-0.73682
-0.73265
-0.72848
-0.72432
-0.72015
-0.71598
-0.71181
-0.70765
-0.70348
-0.69931
-0.69515
-0.69098
-0.68681
-0.68265
-0.67848
-0.67431
-0.67015
-0.66598
-0.66181
-0.65765
-0.65348
-0.64931
-0.64515
-0.64098
-0.63681
-0.63265
-0.62848
-0.62431
-0.62015
-0.61598
-0.61181
-0.60765
-0.60348
-0.59931
-0.59515
-0.59515
-0.59515
-0.59515
-0.59515
-0.59515
-0.59515
-0.59515
-0.59515
-0.59515
-0.59515
-0.59515
-0.59515
-0.59515
-0.59515
-0.59515
-0.59515
-0.59224
-0.58933
-0.58642
-0.58351
-0.58801
-0.59250
-0.59700
-0.60150
-0.61716
-0.63283
-0.64850
-0.66417
-0.67672
-0.68927
-0.70182
-0.71437
-0.73123
-0.74809
-0.76495
-0.78181
-0.79980
-0.81779
-0.83578
-0.85377
-0.86773
-0.88169
-0.89564
-0.90960
-0.92619
-0.94278
-0.95937
-0.97596
-0.98116
-0.98636
-0.99155
-0.99675
-1.00186
-1.00697
-1.01208
-1.01719
-1.01470
-1.01222
-1.00973
-1.00724
-1.00183
-0.99642
-0.99102
-0.98561
-0.97881
-0.97202
-0.96522
-0.95842
-0.94830
-0.93817
-0.92804
-0.91791
-0.90684
-0.89577
-0.88470
-0.87363
-0.85933
-0.84503
-0.83073
-0.81643
-0.80113
-0.78584
-0.77055
-0.75525
-0.73745
-0.71964
-0.70184
-0.68404
-0.66640
-0.64877
-0.63113
-0.61350
-0.59511
-0.57672
-0.55834
-0.53995
-0.52212
-0.50428
-0.48644
-0.46861
-0.45181
-0.43500
-0.41820
-0.40140
-0.38347
-0.36554
-0.34761
-0.32967
-0.31119
-0.29271
-0.27423
-0.25575
-0.23512
-0.21450
-0.19387
-0.17324
-0.15201
-0.13077
-0.10953
-0.08829
-0.06426
-0.04023
-0.01620
0.00783
0.02858
0.04933
0.07008
0.09083
0.11381
0.13679
0.15977
0.18275
0.20300
0.22326
0.24352
0.26378
0.28477
0.30577
0.32676
0.34775
0.36936
0.39097
0.41258
0.43419
0.45716
0.48012
0.50309
0.52606
0.54994
0.57382
0.59771
0.62159
0.64743
0.67328
0.69913
0.72498
0.75080
0.77662
0.80244
0.82827
0.85450
0.88074
0.90697
0.93321
0.96021
0.98721
1.01421
1.04122
1.06531
1.08941
1.11351
1.13761
1.16396
1.19032
1.21668
1.24304
1.26596
1.28887
1.31179
1.33471
1.35951
1.38432
1.40912
1.43392
1.45620
1.47848
1.50075
1.52303
1.54645
1.56987
1.59329
1.61671
1.63996
1.66321
1.68646
1.70970
1.73373
1.75775
1.78178
1.80580
1.83195
1.85810
1.88425
1.91040
1.93753
1.96466
1.99179
2.01892
2.04850
2.07808
2.10766
2.13724
2.16729
2.19734
2.22738
2.25743
2.29064
2.32384
2.35705
2.39025
2.42326
2.45627
2.48927
2.52228
2.55789
2.59350
2.62911
2.66472
2.69973
2.73475
2.76977
2.80479
2.84122
2.87766
2.91409
2.95052
2.98561
3.02070
3.05579
3.09088
3.12649
3.16210
3.19771
3.23332
3.26733
3.30134
3.33535
3.36935
3.40322
3.43709
3.47096
3.50483
3.53762
3.57041
3.60320
3.63600
3.66814
3.70029
3.73244
3.76459
3.79527
3.82595
3.85662
3.88730
3.91394
3.94057
3.96721
3.99385
4.02021
4.04658
4.07294
4.09931
4.11786
4.13641
4.15496
4.17351
4.19165
4.20979
4.22793
4.24607
-1.02149
-1.01834
-1.01520
-1.01206
-1.00892
-1.00577
-1.00263
-0.99949
-0.99634
-0.99320
-0.99006
-0.98692
-0.98377
-0.98063
-0.97749
-0.97435
-0.97120
-0.96806
-0.96492
-0.96177
-0.95863
-0.95549
-0.95235
-0.94920
-0.94606
-0.94292
-0.93977
-0.93663
-0.93349
-0.93035
-0.92720
-0.92406
-0.92092
-0.91777
-0.91463
-0.91149
-0.90835
-0.90520
-0.90206
-0.89892
-0.89578
-0.89263
-0.88949
-0.88635
-0.88320
-0.88006
-0.87692
-0.87378
-0.87063
-0.86749
-0.86435
-0.86120
-0.85806
-0.85492
-0.85178
-0.84863
-0.84549
-0.84235
-0.83920
-0.83606
-0.83292
-0.82978
-0.82663
-0.82349
-0.82035
-0.81721
-0.81406
-0.81092
-0.80778
-0.80463
-0.80149
-0.79835
-0.79521
-0.79206
-0.78892
-0.78578
-0.78263
-0.77949
-0.77635
-0.77321
-0.77006
-0.76692
-0.76378
-0.76063
-0.75749
-0.75435
-0.75121
-0.74806
-0.74492
-0.74178
-0.73864
-0.73549
-0.73235
-0.72921
-0.72606
-0.72292
-0.71978
-0.71664
-0.71349
-0.71035
-0.70721
-0.70406
-0.70092
-0.69778
-0.69464
-0.69149
-0.68835
-0.68521
-0.68206
-0.67892
-0.67578
-0.67264
-0.66949
-0.66635
-0.66321
-0.66007
-0.65692
-0.65378
-0.65064
-0.64749
-0.64435
-0.64121
-0.63807
-0.63492
-0.63178
-0.62864
-0.62549
-0.62235
-0.61921
-0.61607
-0.61292
-0.60978
-0.60664
-0.60349
-0.60035
-0.59721
-0.59407
-0.59092
-0.58778
-0.58464
-0.58150
-0.58150
-0.58150
-0.58150
-0.58150
-0.58150
-0.58150
-0.58150
-0.58150
-0.58150
-0.58150
-0.58150
-0.58150
-0.58150
-0.58150
-0.58150
-0.58150
-0.58033
-0.57917
-0.57800
-0.57684
-0.58689
-0.59695
-0.60701
-0.61706
-0.64018
-0.66330
-0.68642
-0.70954
-0.72819
-0.74684
-0.76549
-0.78414
-0.80770
-0.83127
-0.85483
-0.87840
-0.90222
-0.92605
-0.94987
-0.97369
-0.99211
-1.01053
-1.02895
-1.04737
-1.06838
-1.08938
-1.11038
-1.13138
-1.13736
-1.14334
-1.14932
-1.15530
-1.16157
-1.16784
-1.17411
-1.18038
-1.17655
-1.17271
-1.16888
-1.16505
-1.15869
-1.15234
-1.14598
-1.13963
-1.13183
-1.12404
-1.11625
-1.10846
-1.09710
-1.08574
-1.07438
-1.06302
-1.05135
-1.03968
-1.02800
-1.01633
-1.00094
-0.98554
-0.97015
-0.95475
-0.93896
-0.92317
-0.90738
-0.89159
-0.87289
-0.85419
-0.83549
-0.81678
-0.79855
-0.78031
-0.76207
-0.74383
-0.72519
-0.70654
-0.68789
-0.66925
-0.65059
-0.63193
-0.61327
-0.59461
-0.57843
-0.56225
-0.54607
-0.52990
-0.51120
-0.49250
-0.47381
-0.45511
-0.43727
-0.41944
-0.40161
-0.38377
-0.36195
-0.34013
-0.31831
-0.29649
-0.27541
-0.25433
-0.23324
-0.21216
-0.18655
-0.16093
-0.13532
-0.10971
-0.08935
-0.06900
-0.04864
-0.02829
-0.00483
0.01862
0.04207
0.06553
0.08489
0.10426
0.12362
0.14299
0.16294
0.18290
0.20285
0.22281
0.24346
0.26412
0.28478
0.30544
0.32726
0.34908
0.37090
0.39272
0.41679
0.44086
0.46493
0.48900
0.51443
0.53985
0.56528
0.59071
0.61849
0.64627
0.67405
0.70183
0.72846
0.75509
0.78172
0.80835
0.83855
0.86875
0.89895
0.92915
0.95424
0.97934
1.00443
1.02953
1.05888
1.08823
1.11758
1.14693
1.17118
1.19543
1.21968
1.24392
1.27095
1.29798
1.32500
1.35203
1.37556
1.39910
1.42264
1.44617
1.47060
1.49503
1.51946
1.54389
1.56788
1.59188
1.61587
1.63987
1.66362
1.68738
1.71114
1.73490
1.76106
1.78722
1.81339
1.83955
1.86549
1.89144
1.91738
1.94332
1.97287
2.00241
2.03195
2.06149
2.09008
2.11866
2.14725
2.17583
2.20894
2.24206
2.27517
2.30829
2.33992
2.37155
2.40317
2.43480
2.47040
2.50601
2.54161
2.57721
2.61135
2.64549
2.67963
2.71377
2.75037
2.78696
2.82356
2.86016
2.89506
2.92996
2.96486
2.99976
3.03547
3.07118
3.10690
3.14261
3.17724
3.21187
3.24650
3.28113
3.31485
3.34857
3.38228
3.41600
3.45014
3.48427
3.51841
3.55255
3.58438
3.61621
3.64803
3.67986
3.71289
3.74591
3.77893
3.81196
3.83823
3.86450
3.89077
3.91704
3.94617
3.97529
4.00442
4.03354
4.05178
4.07001
4.08825
4.10649
4.12701
4.14752
4.16804
4.18856
-0.88846
-0.88598
-0.88350
-0.88102
-0.87854
-0.87606
-0.87358
-0.87110
-0.86862
-0.86614
-0.86366
-0.86118
-0.85870
-0.85622
-0.85374
-0.85126
-0.84878
-0.84630
-0.84383
-0.84135
-0.83887
-0.83639
-0.83391
-0.83143
-0.82895
-0.82647
-0.82399
-0.82151
-0.81903
-0.81655
-0.81407
-0.81159
-0.80911
-0.80663
-0.80415
-0.80167
-0.79919
-0.79671
-0.79423
-0.79176
-0.78928
-0.78680
-0.78432
-0.78184
-0.77936
-0.77688
-0.77440
-0.77192
-0.76944
-0.76696
-0.76448
-0.76200
-0.75952
-0.75704
-0.75456
-0.75208
-0.74960
-0.74712
-0.74464
-0.74217
-0.73969
-0.73721
-0.73473
-0.73225
-0.72977
-0.72729
-0.72481
-0.72233
-0.71985
-0.71737
-0.71489
-0.71241
-0.70993
-0.70745
-0.70497
-0.70249
-0.70001
-0.69753
-0.69505
-0.69257
-0.69010
-0.68762
-0.68514
-0.68266
-0.68018
-0.67770
-0.67522
-0.67274
-0.67026
-0.66778
-0.66530
-0.66282
-0.66034
-0.65786
-0.65538
-0.65290
-0.65042
-0.64794
-0.64546
-0.64298
-0.64051
-0.63803
-0.63555
-0.63307
-0.63059
-0.62811
-0.62563
-0.62315
-0.62067
-0.61819
-0.61571
-0.61323
-0.61075
-0.60827
-0.60579
-0.60331
-0.60083
-0.59835
-0.59587
-0.59339
-0.59091
-0.58844
-0.58596
-0.58348
-0.58100
-0.57852
-0.57604
-0.57356
-0.57108
-0.56860
-0.56612
-0.56364
-0.56116
-0.55868
-0.55620
-0.55372
-0.55124
-0.54876
-0.54628
-0.54380
-0.54132
-0.54132
-0.54132
-0.54132
-0.54132
-0.54132
-0.54132
-0.54132
-0.54132
-0.54132
-0.54132
-0.54132
-0.54132
-0.54132
-0.54132
-0.54132
-0.54132
-0.54132
-0.54132
-0.54132
-0.54132
-0.55384
-0.56635
-0.57886
-0.59137
-0.61657
-0.64177
-0.66697
-0.69217
-0.71224
-0.73230
-0.75236
-0.77243
-0.79757
-0.82272
-0.84787
-0.87302
-0.89763
-0.92225
-0.94687
-0.97149
-0.99054
-1.00959
-1.02864
-1.04769
-1.06893
-1.09017
-1.11141
-1.13265
-1.13804
-1.14343
-1.14883
-1.15422
-1.16006
-1.16591
-1.17175
-1.17760
-1.17274
-1.16788
-1.16302
-1.15816
-1.15137
-1.14458
-1.13779
-1.13100
-1.12293
-1.11485
-1.10678
-1.09870
-1.08767
-1.07663
-1.06560
-1.05457
-1.04376
-1.03295
-1.02214
-1.01133
-0.99733
-0.98334
-0.96934
-0.95534
-0.94192
-0.92851
-0.91509
-0.90168
-0.88529
-0.86890
-0.85251
-0.83612
-0.82149
-0.80686
-0.79223
-0.77760
-0.76231
-0.74702
-0.73173
-0.71644
-0.70181
-0.68718
-0.67255
-0.65792
-0.64609
-0.63427
-0.62244
-0.61062
-0.59521
-0.57980
-0.56439
-0.54898
-0.53510
-0.52122
-0.50733
-0.49345
-0.47298
-0.45251
-0.43204
-0.41157
-0.39227
-0.37298
-0.35368
-0.33439
-0.30867
-0.28296
-0.25725
-0.23154
-0.21143
-0.19133
-0.17123
-0.15113
-0.12749
-0.10385
-0.08022
-0.05658
-0.03703
-0.01748
0.00208
0.02163
0.04142
0.06122
0.08101
0.10080
0.12175
0.14270
0.16365
0.18460
0.20631
0.22801
0.24972
0.27143
0.29632
0.32121
0.34610
0.37100
0.39662
0.42224
0.44787
0.47349
0.50284
0.53219
0.56154
0.59089
0.61813
0.64536
0.67260
0.69984
0.73187
0.76391
0.79594
0.82798
0.85411
0.88023
0.90636
0.93248
0.96326
0.99403
1.02480
1.05558
1.08104
1.10650
1.13195
1.15741
1.18544
1.21346
1.24149
1.26951
1.29425
1.31898
1.34372
1.36845
1.39341
1.41837
1.44333
1.46829
1.49312
1.51795
1.54278
1.56761
1.59130
1.61499
1.63868
1.66238
1.68869
1.71500
1.74131
1.76761
1.79290
1.81819
1.84348
1.86877
1.89815
1.92752
1.95690
1.98627
2.01402
2.04176
2.06951
2.09725
2.12997
2.16268
2.19540
2.22811
2.25894
2.28978
2.32061
2.35144
2.38661
2.42179
2.45696
2.49213
2.52582
2.55950
2.59318
2.62687
2.66314
2.69942
2.73569
2.77197
2.80689
2.84181
2.87673
2.91165
2.94714
2.98262
3.01810
3.05358
3.08872
3.12386
3.15899
3.19413
3.22773
3.26132
3.29492
3.32852
3.36358
3.39865
3.43371
3.46878
3.50058
3.53237
3.56417
3.59597
3.63049
3.66501
3.69953
3.73405
3.76062
3.78719
3.81375
3.84032
3.87109
3.90186
3.93262
3.96339
3.98232
4.00124
4.02017
4.03909
4.06104
4.08298
4.10492
4.12687
-0.80355
-0.80101
-0.79847
-0.79593
-0.79339
-0.79085
-0.78831
-0.78577
-0.78323
-0.78069
-0.77815
-0.77561
-0.77307
-0.77053
-0.76799
-0.76545
-0.76291
-0.76037
-0.75783
-0.75529
-0.75275
-0.75021
-0.74767
-0.74513
-0.74259
-0.74005
-0.73750
-0.73496
-0.73242
-0.72988
-0.72734
-0.72480
-0.72226
-0.71972
-0.71718
-0.71464
-0.71210
-0.70956
-0.70702
-0.70448
-0.70194
-0.69940
-0.69686
-0.69432
-0.69178
-0.68924
-0.68670
-0.68416
-0.68162
-0.67908
-0.67654
-0.67400
-0.67146
-0.66892
-0.66638
-0.66384
-0.66130
-0.65876
-0.65622
-0.65368
-0.65114
-0.64860
-0.64606
-0.64352
-0.64098
-0.63844
-0.63590
-0.63335
-0.63081
-0.62827
-0.62573
-0.62319
-0.62065
-0.61811
-0.61557
-0.61303
-0.61049
-0.60795
-0.60541
-0.60287
-0.60033
-0.59779
-0.59525
-0.59271
-0.59017
-0.58763
-0.58509
-0.58255
-0.58001
-0.57747
-0.57493
-0.57239
-0.56985
-0.56731
-0.56477
-0.56223
-0.55969
-0.55715
-0.55461
-0.55207
-0.54953
-0.54699
-0.54445
-0.54191
-0.53937
-0.53683
-0.53429
-0.53175
-0.52920
-0.52666
-0.52412
-0.52158
-0.51904
-0.51650
-0.51396
-0.51142
-0.50888
-0.50634
-0.50380
-0.50126
-0.49872
-0.49618
-0.49364
-0.49110
-0.48856
-0.48602
-0.48348
-0.48094
-0.47840
-0.47586
-0.47332
-0.47078
-0.46824
-0.46570
-0.46316
-0.46062
-0.45808
-0.45554
-0.45300
-0.45046
-0.44792
-0.44792
-0.44792
-0.44792
-0.44792
-0.44792
-0.44792
-0.44792
-0.44792
-0.44792
-0.44792
-0.44792
-0.44792
-0.44792
-0.44792
-0.44792
-0.44792
-0.44792
-0.44792
-0.44792
-0.44792
-0.45665
-0.46539
-0.47413
-0.48286
-0.49936
-0.51585
-0.53235
-0.54885
-0.56092
-0.57300
-0.58508
-0.59715
-0.61360
-0.63005
-0.64650
-0.66295
-0.67825
-0.69354
-0.70883
-0.72413
-0.73611
-0.74810
-0.76009
-0.77207
-0.78517
-0.79827
-0.81137
-0.82447
-0.82653
-0.82859
-0.83064
-0.83270
-0.83494
-0.83717
-0.83941
-0.84165
-0.83641
-0.83117
-0.82593
-0.82068
-0.81449
-0.80829
-0.80210
-0.79590
-0.78897
-0.78204
-0.77511
-0.76818
-0.76061
-0.75303
-0.74545
-0.73788
-0.73086
-0.72385
-0.71683
-0.70981
-0.70222
-0.69463
-0.68704
-0.67945
-0.67417
-0.66890
-0.66362
-0.65834
-0.65071
-0.64307
-0.63543
-0.62779
-0.62523
-0.62266
-0.62010
-0.61753
-0.61285
-0.60817
-0.60349
-0.59881
-0.59795
-0.59709
-0.59624
-0.59538
-0.59539
-0.59541
-0.59542
-0.59544
-0.59146
-0.58748
-0.58350
-0.57952
-0.57621
-0.57290
-0.56960
-0.56629
-0.55228
-0.53827
-0.52426
-0.51025
-0.49601
-0.48178
-0.46754
-0.45330
-0.43047
-0.40763
-0.38480
-0.36197
-0.34184
-0.32171
-0.30158
-0.28145
-0.25821
-0.23498
-0.21174
-0.18850
-0.16659
-0.14467
-0.12276
-0.10084
-0.07946
-0.05807
-0.03668
-0.01529
0.00843
0.03216
0.05589
0.07962
0.10330
0.12698
0.15067
0.17435
0.20133
0.22830
0.25528
0.28226
0.30932
0.33638
0.36344
0.39050
0.42063
0.45077
0.48090
0.51104
0.53931
0.56758
0.59586
0.62413
0.65527
0.68642
0.71756
0.74870
0.77592
0.80314
0.83036
0.85758
0.88662
0.91567
0.94472
0.97376
1.00019
1.02662
1.05305
1.07948
1.10604
1.13261
1.15918
1.18575
1.21156
1.23738
1.26319
1.28900
1.31354
1.33807
1.36260
1.38713
1.41297
1.43881
1.46465
1.49048
1.51451
1.53854
1.56257
1.58660
1.61333
1.64005
1.66678
1.69350
1.71920
1.74490
1.77060
1.79630
1.82525
1.85420
1.88315
1.91210
1.94026
1.96843
1.99659
2.02476
2.05645
2.08814
2.11983
2.15152
2.18273
2.21393
2.24514
2.27635
2.31024
2.34414
2.37803
2.41192
2.44600
2.48008
2.51415
2.54823
2.58321
2.61818
2.65316
2.68813
2.72351
2.75888
2.79425
2.82963
2.86420
2.89877
2.93335
2.96792
3.00333
3.03875
3.07416
3.10957
3.14311
3.17664
3.21018
3.24372
3.27888
3.31404
3.34920
3.38436
3.41671
3.44906
3.48141
3.51376
3.54807
3.58238
3.61669
3.65100
3.67919
3.70738
3.73558
3.76377
3.79394
3.82410
3.85427
3.88443
3.90606
3.92769
3.94932
3.97095
3.99240
4.01386
4.03532
4.05677
-0.71865
-0.71605
-0.71344
-0.71084
-0.70824
-0.70564
-0.70304
-0.70044
-0.69784
-0.69524
-0.69264
-0.69004
-0.68743
-0.68483
-0.68223
-0.67963
-0.67703
-0.67443
-0.67183
-0.66923
-0.66663
-0.66403
-0.66142
-0.65882
-0.65622
-0.65362
-0.65102
-0.64842
-0.64582
-0.64322
-0.64062
-0.63802
-0.63542
-0.63281
-0.63021
-0.62761
-0.62501
-0.62241
-0.61981
-0.61721
-0.61461
-0.61201
-0.60941
-0.60680
-0.60420
-0.60160
-0.59900
-0.59640
-0.59380
-0.59120
-0.58860
-0.58600
-0.58340
-0.58079
-0.57819
-0.57559
-0.57299
-0.57039
-0.56779
-0.56519
-0.56259
-0.55999
-0.55739
-0.55478
-0.55218
-0.54958
-0.54698
-0.54438
-0.54178
-0.53918
-0.53658
-0.53398
-0.53138
-0.52878
-0.52617
-0.52357
-0.52097
-0.51837
-0.51577
-0.51317
-0.51057
-0.50797
-0.50537
-0.50277
-0.50016
-0.49756
-0.49496
-0.49236
-0.48976
-0.48716
-0.48456
-0.48196
-0.47936
-0.47676
-0.47415
-0.47155
-0.46895
-0.46635
-0.46375
-0.46115
-0.45855
-0.45595
-0.45335
-0.45075
-0.44814
-0.44554
-0.44294
-0.44034
-0.43774
-0.43514
-0.43254
-0.42994
-0.42734
-0.42474
-0.42214
-0.41953
-0.41693
-0.41433
-0.41173
-0.40913
-0.40653
-0.40393
-0.40133
-0.39873
-0.39613
-0.39352
-0.39092
-0.38832
-0.38572
-0.38312
-0.38052
-0.37792
-0.37532
-0.37272
-0.37012
-0.36751
-0.36491
-0.36231
-0.35971
-0.35711
-0.35451
-0.35451
-0.35451
-0.35451
-0.35451
-0.35451
-0.35451
-0.35451
-0.35451
-0.35451
-0.35451
-0.35451
-0.35451
-0.35451
-0.35451
-0.35451
-0.35451
-0.35451
-0.35451
-0.35451
-0.35451
-0.35947
-0.36443
-0.36939
-0.37435
-0.38214
-0.38993
-0.39773
-0.40552
-0.40961
-0.41370
-0.41779
-0.42188
-0.42963
-0.43738
-0.44514
-0.45289
-0.45886
-0.46483
-0.47080
-0.47676
-0.48169
-0.48661
-0.49154
-0.49646
-0.50142
-0.50638
-0.51134
-0.51630
-0.51502
-0.51374
-0.51246
-0.51117
-0.50981
-0.50844
-0.50707
-0.50570
-0.50008
-0.49445
-0.48883
-0.48320
-0.47760
-0.47200
-0.46640
-0.46080
-0.45501
-0.44923
-0.44345
-0.43766
-0.43355
-0.42943
-0.42531
-0.42119
-0.41797
-0.41474
-0.41152
-0.40830
-0.40711
-0.40593
-0.40474
-0.40356
-0.40642
-0.40928
-0.41214
-0.41501
-0.41612
-0.41724
-0.41835
-0.41947
-0.42897
-0.43847
-0.44797
-0.45747
-0.46340
-0.46932
-0.47525
-0.48118
-0.49410
-0.50701
-0.51992
-0.53284
-0.54469
-0.55655
-0.56841
-0.58026
-0.58771
-0.59515
-0.60260
-0.61005
-0.61732
-0.62459
-0.63187
-0.63914
-0.63159
-0.62404
-0.61649
-0.60894
-0.59976
-0.59058
-0.58139
-0.57221
-0.55226
-0.53230
-0.51235
-0.49240
-0.47224
-0.45208
-0.43193
-0.41177
-0.38893
-0.36610
-0.34326
-0.32043
-0.29615
-0.27187
-0.24759
-0.22332
-0.20033
-0.17735
-0.15437
-0.13139
-0.10488
-0.07838
-0.05187
-0.02536
0.00029
0.02595
0.05161
0.07726
0.10633
0.13539
0.16446
0.19352
0.22202
0.25051
0.27901
0.30751
0.33843
0.36935
0.40027
0.43118
0.46049
0.48980
0.51911
0.54842
0.57867
0.60893
0.63918
0.66943
0.69774
0.72605
0.75436
0.78267
0.80999
0.83731
0.86463
0.89195
0.91934
0.94674
0.97414
1.00154
1.02665
1.05176
1.07687
1.10198
1.12888
1.15577
1.18266
1.20955
1.23366
1.25776
1.28187
1.30597
1.33282
1.35967
1.38651
1.41336
1.43773
1.46209
1.48646
1.51083
1.53797
1.56511
1.59225
1.61939
1.64550
1.67161
1.69773
1.72384
1.75236
1.78088
1.80941
1.83793
1.86651
1.89509
1.92367
1.95226
1.98292
2.01359
2.04426
2.07492
2.10651
2.13809
2.16967
2.20126
2.23387
2.26648
2.29910
2.33171
2.36618
2.40065
2.43512
2.46959
2.50327
2.53695
2.57062
2.60430
2.64012
2.67595
2.71177
2.74760
2.78126
2.81493
2.84860
2.88226
2.91795
2.95364
2.98932
3.02501
3.05849
3.09197
3.12544
3.15892
3.19417
3.22943
3.26469
3.29994
3.33284
3.36575
3.39865
3.43155
3.46565
3.49975
3.53385
3.56795
3.59776
3.62758
3.65740
3.68722
3.71678
3.74635
3.77591
3.80548
3.82981
3.85414
3.87847
3.90280
3.92377
3.94474
3.96571
3.98668
-0.63374
-0.63108
-0.62842
-0.62576
-0.62309
-0.62043
-0.61777
-0.61511
-0.61245
-0.60979
-0.60712
-0.60446
-0.60180
-0.59914
-0.59648
-0.59382
-0.59115
-0.58849
-0.58583
-0.58317
-0.58051
-0.57785
-0.57518
-0.57252
-0.56986
-0.56720
-0.56454
-0.56188
-0.55921
-0.55655
-0.55389
-0.55123
-0.54857
-0.54590
-0.54324
-0.54058
-0.53792
-0.53526
-0.53260
-0.52993
-0.52727
-0.52461
-0.52195
-0.51929
-0.51663
-0.51396
-0.51130
-0.50864
-0.50598
-0.50332
-0.50066
-0.49799
-0.49533
-0.49267
-0.49001
-0.48735
-0.48469
-0.48202
-0.47936
-0.47670
-0.47404
-0.47138
-0.46872
-0.46605
-0.46339
-0.46073
-0.45807
-0.45541
-0.45275
-0.45008
-0.44742
-0.44476
-0.44210
-0.43944
-0.43677
-0.43411
-0.43145
-0.42879
-0.42613
-0.42347
-0.42080
-0.41814
-0.41548
-0.41282
-0.41016
-0.40750
-0.40483
-0.40217
-0.39951
-0.39685
-0.39419
-0.39153
-0.38886
-0.38620
-0.38354
-0.38088
-0.37822
-0.37556
-0.37289
-0.37023
-0.36757
-0.36491
-0.36225
-0.35959
-0.35692
-0.35426
-0.35160
-0.34894
-0.34628
-0.34362
-0.34095
-0.33829
-0.33563
-0.33297
-0.33031
-0.32764
-0.32498
-0.32232
-0.31966
-0.31700
-0.31434
-0.31167
-0.30901
-0.30635
-0.30369
-0.30103
-0.29837
-0.29570
-0.29304
-0.29038
-0.28772
-0.28506
-0.28240
-0.27973
-0.27707
-0.27441
-0.27175
-0.26909
-0.26643
-0.26376
-0.26110
-0.26110
-0.26110
-0.26110
-0.26110
-0.26110
-0.26110
-0.26110
-0.26110
-0.26110
-0.26110
-0.26110
-0.26110
-0.26110
-0.26110
-0.26110
-0.26110
-0.26110
-0.26110
-0.26110
-0.26110
-0.26229
-0.26347
-0.26465
-0.26584
-0.26492
-0.26401
-0.26310
-0.26219
-0.25829
-0.25440
-0.25050
-0.24660
-0.24566
-0.24471
-0.24377
-0.24282
-0.23947
-0.23611
-0.23276
-0.22940
-0.22726
-0.22512
-0.22298
-0.22085
-0.21767
-0.21449
-0.21131
-0.20813
-0.20351
-0.19889
-0.19427
-0.18965
-0.18468
-0.17970
-0.17473
-0.16975
-0.16375
-0.15774
-0.15173
-0.14573
-0.14072
-0.13571
-0.13070
-0.12570
-0.12106
-0.11642
-0.11178
-0.10715
-0.10649
-0.10582
-0.10516
-0.10450
-0.10507
-0.10564
-0.10621
-0.10678
-0.11200
-0.11722
-0.12244
-0.12767
-0.13867
-0.14967
-0.16067
-0.17167
-0.18154
-0.19141
-0.20128
-0.21114
-0.23271
-0.25427
-0.27583
-0.29740
-0.31394
-0.33048
-0.34702
-0.36356
-0.39024
-0.41693
-0.44361
-0.47030
-0.49399
-0.51769
-0.54139
-0.56508
-0.58396
-0.60283
-0.62170
-0.64058
-0.65843
-0.67628
-0.69414
-0.71199
-0.71090
-0.70981
-0.70872
-0.70763
-0.70350
-0.69938
-0.69525
-0.69112
-0.67405
-0.65698
-0.63990
-0.62283
-0.60264
-0.58246
-0.56227
-0.54209
-0.51965
-0.49722
-0.47478
-0.45235
-0.42571
-0.39907
-0.37243
-0.34579
-0.32121
-0.29664
-0.27206
-0.24749
-0.21820
-0.18892
-0.15963
-0.13034
-0.10271
-0.07508
-0.04745
-0.01982
0.01133
0.04248
0.07363
0.10478
0.13472
0.16465
0.19458
0.22452
0.25622
0.28792
0.31963
0.35133
0.38168
0.41202
0.44237
0.47272
0.50207
0.53143
0.56079
0.59015
0.61956
0.64896
0.67837
0.70777
0.73336
0.75895
0.78454
0.81013
0.83850
0.86687
0.89524
0.92361
0.94726
0.97091
0.99457
1.01822
1.04619
1.07416
1.10213
1.13010
1.15378
1.17746
1.20113
1.22481
1.25267
1.28052
1.30838
1.33624
1.36094
1.38564
1.41035
1.43505
1.46261
1.49017
1.51772
1.54528
1.57180
1.59832
1.62485
1.65137
1.67947
1.70757
1.73566
1.76376
1.79276
1.82176
1.85076
1.87976
1.90940
1.93904
1.96869
1.99833
2.03029
2.06225
2.09421
2.12617
2.15750
2.18883
2.22017
2.25150
2.28636
2.32123
2.35609
2.39096
2.42333
2.45571
2.48809
2.52047
2.55674
2.59302
2.62930
2.66557
2.69833
2.73109
2.76384
2.79660
2.83257
2.86853
2.90449
2.94045
2.97387
3.00729
3.04070
3.07412
3.10947
3.14482
3.18018
3.21553
3.24898
3.28243
3.31588
3.34933
3.38322
3.41712
3.45101
3.48490
3.51634
3.54778
3.57923
3.61067
3.63963
3.66859
3.69756
3.72652
3.75355
3.78058
3.80762
3.83465
3.85513
3.87562
3.89610
3.91659
-0.74699
-0.74333
-0.73966
-0.73600
-0.73234
-0.72868
-0.72502
-0.72135
-0.71769
-0.71403
-0.71037
-0.70671
-0.70304
-0.69938
-0.69572
-0.69206
-0.68840
-0.68473
-0.68107
-0.67741
-0.67375
-0.67009
-0.66642
-0.66276
-0.65910
-0.65544
-0.65178
-0.64811
-0.64445
-0.64079
-0.63713
-0.63347
-0.62980
-0.62614
-0.62248
-0.61882
-0.61516
-0.61149
-0.60783
-0.60417
-0.60051
-0.59685
-0.59318
-0.58952
-0.58586
-0.58220
-0.57854
-0.57487
-0.57121
-0.56755
-0.56389
-0.56023
-0.55656
-0.55290
-0.54924
-0.54558
-0.54192
-0.53825
-0.53459
-0.53093
-0.52727
-0.52360
-0.51994
-0.51628
-0.51262
-0.50896
-0.50529
-0.50163
-0.49797
-0.49431
-0.49065
-0.48698
-0.48332
-0.47966
-0.47600
-0.47234
-0.46867
-0.46501
-0.46135
-0.45769
-0.45403
-0.45036
-0.44670
-0.44304
-0.43938
-0.43572
-0.43205
-0.42839
-0.42473
-0.42107
-0.41741
-0.41374
-0.41008
-0.40642
-0.40276
-0.39910
-0.39543
-0.39177
-0.38811
-0.38445
-0.38079
-0.37712
-0.37346
-0.36980
-0.36614
-0.36248
-0.35881
-0.35515
-0.35149
-0.34783
-0.34417
-0.34050
-0.33684
-0.33318
-0.32952
-0.32586
-0.32219
-0.31853
-0.31487
-0.31121
-0.30755
-0.30388
-0.30022
-0.29656
-0.29290
-0.28923
-0.28557
-0.28191
-0.27825
-0.27459
-0.27092
-0.26726
-0.26360
-0.25994
-0.25628
-0.25261
-0.24895
-0.24529
-0.24163
-0.23797
-0.23430
-0.23430
-0.23430
-0.23430
-0.23430
-0.23430
-0.23430
-0.23430
-0.23430
-0.23430
-0.23430
-0.23430
-0.23430
-0.23430
-0.23430
-0.23430
-0.23430
-0.23430
-0.23430
-0.23430
-0.23430
-0.23356
-0.23281
-0.23207
-0.23132
-0.22638
-0.22144
-0.21650
-0.21155
-0.20424
-0.19692
-0.18960
-0.18229
-0.17644
-0.17058
-0.16473
-0.15888
-0.14936
-0.13985
-0.13034
-0.12082
-0.11294
-0.10505
-0.09716
-0.08928
-0.08006
-0.07085
-0.06164
-0.05242
-0.04365
-0.03488
-0.02611
-0.01734
-0.00997
-0.00259
0.00479
0.01216
0.01952
0.02688
0.03425
0.04161
0.04605
0.05050
0.05495
0.05940
0.06324
0.06708
0.07092
0.07476
0.07344
0.07212
0.07080
0.06949
0.06638
0.06328
0.06018
0.05708
0.04835
0.03962
0.03089
0.02216
0.00686
-0.00843
-0.02373
-0.03902
-0.05426
-0.06949
-0.08473
-0.09996
-0.12660
-0.15324
-0.17988
-0.20652
-0.22949
-0.25247
-0.27544
-0.29842
-0.32951
-0.36060
-0.39170
-0.42279
-0.45178
-0.48077
-0.50976
-0.53875
-0.56099
-0.58324
-0.60548
-0.62772
-0.64923
-0.67074
-0.69225
-0.71376
-0.71660
-0.71944
-0.72227
-0.72511
-0.72497
-0.72484
-0.72470
-0.72457
-0.71236
-0.70015
-0.68794
-0.67574
-0.65990
-0.64407
-0.62824
-0.61240
-0.59444
-0.57648
-0.55852
-0.54055
-0.51682
-0.49308
-0.46935
-0.44561
-0.42315
-0.40068
-0.37822
-0.35575
-0.32664
-0.29752
-0.26840
-0.23929
-0.21112
-0.18296
-0.15479
-0.12663
-0.09448
-0.06232
-0.03017
0.00198
0.03347
0.06495
0.09644
0.12792
0.16014
0.19236
0.22458
0.25680
0.28866
0.32052
0.35238
0.38424
0.41365
0.44307
0.47249
0.50190
0.53278
0.56366
0.59454
0.62541
0.65128
0.67714
0.70300
0.72886
0.75860
0.78834
0.81808
0.84782
0.87205
0.89628
0.92051
0.94474
0.97368
1.00261
1.03155
1.06048
1.08494
1.10940
1.13386
1.15832
1.18623
1.21414
1.24205
1.26996
1.29531
1.32067
1.34602
1.37138
1.39828
1.42519
1.45210
1.47900
1.50584
1.53268
1.55952
1.58636
1.61354
1.64072
1.66790
1.69507
1.72424
1.75340
1.78256
1.81172
1.84042
1.86911
1.89780
1.92649
1.95839
1.99028
2.02218
2.05407
2.08451
2.11494
2.14538
2.17581
2.21035
2.24488
2.27942
2.31395
2.34565
2.37736
2.40906
2.44076
2.47667
2.51257
2.54848
2.58438
2.61692
2.64946
2.68200
2.71454
2.75016
2.78578
2.82140
2.85701
2.89077
2.92452
2.95828
2.99203
3.02702
3.06202
3.09701
3.13201
3.16623
3.20046
3.23468
3.26891
3.30231
3.33572
3.36912
3.40253
3.43530
3.46807
3.50085
3.53362
3.56227
3.59092
3.61957
3.64823
3.67707
3.70591
3.73475
3.76360
3.78436
3.80513
3.82590
3.84667
-1.09652
-1.09074
-1.08495
-1.07917
-1.07339
-1.06761
-1.06182
-1.05604
-1.05026
-1.04448
-1.03869
-1.03291
-1.02713
-1.02134
-1.01556
-1.00978
-1.00400
-0.99821
-0.99243
-0.98665
-0.98086
-0.97508
-0.96930
-0.96352
-0.95773
-0.95195
-0.94617
-0.94039
-0.93460
-0.92882
-0.92304
-0.91725
-0.91147
-0.90569
-0.89991
-0.89412
-0.88834
-0.88256
-0.87678
-0.87099
-0.86521
-0.85943
-0.85364
-0.84786
-0.84208
-0.83630
-0.83051
-0.82473
-0.81895
-0.81316
-0.80738
-0.80160
-0.79582
-0.79003
-0.78425
-0.77847
-0.77269
-0.76690
-0.76112
-0.75534
-0.74955
-0.74377
-0.73799
-0.73221
-0.72642
-0.72064
-0.71486
-0.70907
-0.70329
-0.69751
-0.69173
-0.68594
-0.68016
-0.67438
-0.66860
-0.66281
-0.65703
-0.65125
-0.64546
-0.63968
-0.63390
-0.62812
-0.62233
-0.61655
-0.61077
-0.60499
-0.59920
-0.59342
-0.58764
-0.58185
-0.57607
-0.57029
-0.56451
-0.55872
-0.55294
-0.54716
-0.54137
-0.53559
-0.52981
-0.52403
-0.51824
-0.51246
-0.50668
-0.50090
-0.49511
-0.48933
-0.48355
-0.47776
-0.47198
-0.46620
-0.46042
-0.45463
-0.44885
-0.44307
-0.43729
-0.43150
-0.42572
-0.41994
-0.41415
-0.40837
-0.40259
-0.39681
-0.39102
-0.38524
-0.37946
-0.37367
-0.36789
-0.36211
-0.35633
-0.35054
-0.34476
-0.33898
-0.33320
-0.32741
-0.32163
-0.31585
-0.31006
-0.30428
-0.29850
-0.29272
-0.28693
-0.28693
-0.28693
-0.28693
-0.28693
-0.28693
-0.28693
-0.28693
-0.28693
-0.28693
-0.28693
-0.28693
-0.28693
-0.28693
-0.28693
-0.28693
-0.28693
-0.28693
-0.28693
-0.28693
-0.28693
-0.28646
-0.28599
-0.28552
-0.28505
-0.28165
-0.27825
-0.27484
-0.27144
-0.26615
-0.26086
-0.25557
-0.25028
-0.24404
-0.23780
-0.23156
-0.22532
-0.21342
-0.20153
-0.18964
-0.17774
-0.16568
-0.15361
-0.14154
-0.12947
-0.11673
-0.10400
-0.09126
-0.07853
-0.06464
-0.05075
-0.03686
-0.02297
-0.01462
-0.00628
0.00206
0.01041
0.02028
0.03015
0.04002
0.04990
0.05382
0.05775
0.06168
0.06561
0.06907
0.07253
0.07598
0.07944
0.07791
0.07638
0.07485
0.07332
0.06918
0.06505
0.06092
0.05679
0.04800
0.03922
0.03043
0.02165
0.00664
-0.00836
-0.02336
-0.03836
-0.05493
-0.07149
-0.08805
-0.10461
-0.12799
-0.15137
-0.17475
-0.19813
-0.22257
-0.24700
-0.27144
-0.29588
-0.32021
-0.34454
-0.36887
-0.39320
-0.41968
-0.44615
-0.47263
-0.49910
-0.51511
-0.53112
-0.54713
-0.56314
-0.58005
-0.59696
-0.61387
-0.63078
-0.63453
-0.63827
-0.64202
-0.64576
-0.64835
-0.65093
-0.65351
-0.65610
-0.65112
-0.64615
-0.64118
-0.63620
-0.62994
-0.62368
-0.61742
-0.61116
-0.60253
-0.59390
-0.58527
-0.57663
-0.56208
-0.54753
-0.53298
-0.51843
-0.50249
-0.48656
-0.47062
-0.45469
-0.42925
-0.40382
-0.37839
-0.35296
-0.32598
-0.29899
-0.27201
-0.24503
-0.21317
-0.18131
-0.14946
-0.11760
-0.08442
-0.05124
-0.01806
0.01512
0.04753
0.07994
0.11235
0.14476
0.17870
0.21265
0.24659
0.28053
0.31114
0.34174
0.37235
0.40295
0.43576
0.46856
0.50137
0.53417
0.56269
0.59121
0.61973
0.64825
0.67983
0.71142
0.74301
0.77460
0.80184
0.82907
0.85631
0.88354
0.91330
0.94306
0.97281
1.00257
1.02926
1.05594
1.08263
1.10932
1.13614
1.16296
1.18978
1.21661
1.24299
1.26937
1.29575
1.32213
1.34712
1.37210
1.39709
1.42207
1.44912
1.47616
1.50321
1.53026
1.55592
1.58159
1.60726
1.63293
1.66195
1.69097
1.72000
1.74902
1.77684
1.80467
1.83249
1.86032
1.89163
1.92294
1.95425
1.98556
2.01555
2.04553
2.07552
2.10551
2.13886
2.17220
2.20555
2.23889
2.27066
2.30244
2.33421
2.36598
2.40053
2.43509
2.46964
2.50420
2.53734
2.57049
2.60363
2.63678
2.67131
2.70584
2.74037
2.77490
2.80947
2.84404
2.87860
2.91317
2.94727
2.98137
3.01547
3.04956
3.08483
3.12009
3.15535
3.19061
3.22320
3.25580
3.28839
3.32098
3.35473
3.38848
3.42222
3.45597
3.48466
3.51334
3.54203
3.57072
3.60031
3.62990
3.65949
3.68908
3.71105
3.73302
3.75500
3.77697
-1.44605
-1.43815
-1.43024
-1.42234
-1.41444
-1.40653
-1.39863
-1.39073
-1.38282
-1.37492
-1.36702
-1.35911
-1.35121
-1.34331
-1.33540
-1.32750
-1.31960
-1.31169
-1.30379
-1.29588
-1.28798
-1.28008
-1.27217
-1.26427
-1.25637
-1.24846
-1.24056
-1.23266
-1.22475
-1.21685
-1.20895
-1.20104
-1.19314
-1.18524
-1.17733
-1.16943
-1.16153
-1.15362
-1.14572
-1.13781
-1.12991
-1.12201
-1.11410
-1.10620
-1.09830
-1.09039
-1.08249
-1.07459
-1.06668
-1.05878
-1.05088
-1.04297
-1.03507
-1.02717
-1.01926
-1.01136
-1.00346
-0.99555
-0.98765
-0.97975
-0.97184
-0.96394
-0.95603
-0.94813
-0.94023
-0.93232
-0.92442
-0.91652
-0.90861
-0.90071
-0.89281
-0.88490
-0.87700
-0.86910
-0.86119
-0.85329
-0.84539
-0.83748
-0.82958
-0.82168
-0.81377
-0.80587
-0.79796
-0.79006
-0.78216
-0.77425
-0.76635
-0.75845
-0.75054
-0.74264
-0.73474
-0.72683
-0.71893
-0.71103
-0.70312
-0.69522
-0.68732
-0.67941
-0.67151
-0.66361
-0.65570
-0.64780
-0.63989
-0.63199
-0.62409
-0.61618
-0.60828
-0.60038
-0.59247
-0.58457
-0.57667
-0.56876
-0.56086
-0.55296
-0.54505
-0.53715
-0.52925
-0.52134
-0.51344
-0.50554
-0.49763
-0.48973
-0.48183
-0.47392
-0.46602
-0.45811
-0.45021
-0.44231
-0.43440
-0.42650
-0.41860
-0.41069
-0.40279
-0.39489
-0.38698
-0.37908
-0.37118
-0.36327
-0.35537
-0.34747
-0.33956
-0.33956
-0.33956
-0.33956
-0.33956
-0.33956
-0.33956
-0.33956
-0.33956
-0.33956
-0.33956
-0.33956
-0.33956
-0.33956
-0.33956
-0.33956
-0.33956
-0.33956
-0.33956
-0.33956
-0.33956
-0.33937
-0.33917
-0.33898
-0.33878
-0.33692
-0.33505
-0.33319
-0.33133
-0.32806
-0.32480
-0.32154
-0.31827
-0.31164
-0.30501
-0.29838
-0.29176
-0.27748
-0.26321
-0.24894
-0.23466
-0.21841
-0.20216
-0.18591
-0.16966
-0.15340
-0.13714
-0.12089
-0.10463
-0.08562
-0.06661
-0.04760
-0.02859
-0.01928
-0.00997
-0.00066
0.00865
0.02104
0.03342
0.04580
0.05819
0.06160
0.06500
0.06841
0.07182
0.07490
0.07798
0.08105
0.08413
0.08238
0.08064
0.07889
0.07715
0.07198
0.06682
0.06166
0.05650
0.04766
0.03882
0.02998
0.02114
0.00643
-0.00828
-0.02300
-0.03771
-0.05559
-0.07348
-0.09137
-0.10926
-0.12938
-0.14950
-0.16962
-0.18975
-0.21564
-0.24154
-0.26744
-0.29334
-0.31091
-0.32848
-0.34605
-0.36362
-0.38758
-0.41154
-0.43550
-0.45946
-0.46924
-0.47901
-0.48878
-0.49856
-0.51087
-0.52318
-0.53549
-0.54781
-0.55246
-0.55711
-0.56176
-0.56641
-0.57172
-0.57702
-0.58232
-0.58763
-0.58989
-0.59215
-0.59441
-0.59667
-0.59998
-0.60330
-0.60661
-0.60993
-0.61062
-0.61132
-0.61201
-0.61271
-0.60734
-0.60197
-0.59661
-0.59124
-0.58183
-0.57243
-0.56302
-0.55362
-0.53187
-0.51012
-0.48838
-0.46663
-0.44083
-0.41503
-0.38923
-0.36344
-0.33187
-0.30031
-0.26874
-0.23718
-0.20230
-0.16743
-0.13256
-0.09769
-0.06509
-0.03248
0.00012
0.03272
0.06875
0.10478
0.14080
0.17683
0.20862
0.24041
0.27221
0.30400
0.33873
0.37347
0.40820
0.44293
0.47411
0.50528
0.53646
0.56763
0.60107
0.63451
0.66795
0.70138
0.73162
0.76186
0.79210
0.82234
0.85292
0.88350
0.91408
0.94466
0.97358
1.00249
1.03140
1.06031
1.08605
1.11179
1.13752
1.16326
1.19066
1.21807
1.24548
1.27289
1.29595
1.31901
1.34208
1.36514
1.39239
1.41964
1.44690
1.47415
1.49831
1.52246
1.54662
1.57078
1.59966
1.62855
1.65743
1.68631
1.71327
1.74023
1.76719
1.79414
1.82487
1.85559
1.88632
1.91704
1.94658
1.97613
2.00567
2.03521
2.06737
2.09952
2.13168
2.16383
2.19567
2.22751
2.25936
2.29120
2.32440
2.35760
2.39081
2.42401
2.45776
2.49151
2.52526
2.55901
2.59246
2.62590
2.65935
2.69280
2.72817
2.76355
2.79893
2.83431
2.86751
2.90071
2.93392
2.96712
3.00342
3.03972
3.07602
3.11232
3.14410
3.17588
3.20765
3.23943
3.27416
3.30888
3.34360
3.37832
3.40705
3.43577
3.46449
3.49321
3.52355
3.55389
3.58422
3.61456
3.63774
3.66091
3.68409
3.70726
-2.08516
-2.07412
-2.06309
-2.05206
-2.04103
-2.02999
-2.01896
-2.00793
-1.99690
-1.98586
-1.97483
-1.96380
-1.95277
-1.94173
-1.93070
-1.91967
-1.90864
-1.89760
-1.88657
-1.87554
-1.86451
-1.85347
-1.84244
-1.83141
-1.82037
-1.80934
-1.79831
-1.78728
-1.77624
-1.76521
-1.75418
-1.74315
-1.73211
-1.72108
-1.71005
-1.69902
-1.68798
-1.67695
-1.66592
-1.65489
-1.64385
-1.63282
-1.62179
-1.61076
-1.59972
-1.58869
-1.57766
-1.56662
-1.55559
-1.54456
-1.53353
-1.52249
-1.51146
-1.50043
-1.48940
-1.47836
-1.46733
-1.45630
-1.44527
-1.43423
-1.42320
-1.41217
-1.40114
-1.39010
-1.37907
-1.36804
-1.35700
-1.34597
-1.33494
-1.32391
-1.31287
-1.30184
-1.29081
-1.27978
-1.26874
-1.25771
-1.24668
-1.23565
-1.22461
-1.21358
-1.20255
-1.19152
-1.18048
-1.16945
-1.15842
-1.14739
-1.13635
-1.12532
-1.11429
-1.10325
-1.09222
-1.08119
-1.07016
-1.05912
-1.04809
-1.03706
-1.02603
-1.01499
-1.00396
-0.99293
-0.98190
-0.97086
-0.95983
-0.94880
-0.93777
-0.92673
-0.91570
-0.90467
-0.89364
-0.88260
-0.87157
-0.86054
-0.84950
-0.83847
-0.82744
-0.81641
-0.80537
-0.79434
-0.78331
-0.77228
-0.76124
-0.75021
-0.73918
-0.72815
-0.71711
-0.70608
-0.69505
-0.68402
-0.67298
-0.66195
-0.65092
-0.63989
-0.62885
-0.61782
-0.60679
-0.59575
-0.58472
-0.57369
-0.56266
-0.55162
-0.54059
-0.54059
-0.54059
-0.54059
-0.54059
-0.54059
-0.54059
-0.54059
-0.54059
-0.54059
-0.54059
-0.54059
-0.54059
-0.54059
-0.54059
-0.54059
-0.54059
-0.54059
-0.54059
-0.54059
-0.54059
-0.54059
-0.54059
-0.54059
-0.54059
-0.53965
-0.53871
-0.53777
-0.53682
-0.53237
-0.52791
-0.52345
-0.51899
-0.50939
-0.49980
-0.49021
-0.48062
-0.46353
-0.44644
-0.42935
-0.41226
-0.39174
-0.37122
-0.35071
-0.33019
-0.31103
-0.29187
-0.27271
-0.25355
-0.23080
-0.20805
-0.18529
-0.16254
-0.15170
-0.14087
-0.13003
-0.11920
-0.10502
-0.09083
-0.07665
-0.06246
-0.05826
-0.05405
-0.04985
-0.04564
-0.04205
-0.03846
-0.03487
-0.03128
-0.03163
-0.03198
-0.03232
-0.03267
-0.03673
-0.04079
-0.04486
-0.04892
-0.05522
-0.06152
-0.06782
-0.07412
-0.08561
-0.09711
-0.10861
-0.12011
-0.13494
-0.14977
-0.16460
-0.17943
-0.19388
-0.20833
-0.22278
-0.23723
-0.25943
-0.28164
-0.30384
-0.32604
-0.33627
-0.34650
-0.35673
-0.36697
-0.38567
-0.40437
-0.42307
-0.44177
-0.44602
-0.45027
-0.45452
-0.45877
-0.46710
-0.47543
-0.48375
-0.49208
-0.49728
-0.50248
-0.50769
-0.51289
-0.52025
-0.52762
-0.53499
-0.54235
-0.55016
-0.55798
-0.56579
-0.57360
-0.58286
-0.59212
-0.60137
-0.61063
-0.61749
-0.62434
-0.63119
-0.63805
-0.63818
-0.63830
-0.63843
-0.63856
-0.63300
-0.62744
-0.62189
-0.61633
-0.59806
-0.57979
-0.56153
-0.54326
-0.51941
-0.49556
-0.47171
-0.44786
-0.41831
-0.38876
-0.35921
-0.32966
-0.29561
-0.26155
-0.22750
-0.19344
-0.16196
-0.13048
-0.09900
-0.06752
-0.03133
0.00485
0.04103
0.07721
0.10949
0.14176
0.17403
0.20630
0.24195
0.27760
0.31325
0.34890
0.38219
0.41548
0.44877
0.48206
0.51663
0.55119
0.58575
0.62031
0.65325
0.68618
0.71911
0.75204
0.78316
0.81428
0.84540
0.87652
0.90759
0.93866
0.96972
1.00079
1.02620
1.05160
1.07700
1.10240
1.13099
1.15959
1.18818
1.21677
1.23903
1.26128
1.28354
1.30579
1.33319
1.36058
1.38797
1.41536
1.43880
1.46223
1.48567
1.50910
1.53753
1.56596
1.59438
1.62281
1.64936
1.67590
1.70245
1.72900
1.75907
1.78913
1.81920
1.84926
1.87877
1.90828
1.93778
1.96729
1.99824
2.02920
2.06015
2.09111
2.12317
2.15523
2.18728
2.21934
2.25115
2.28296
2.31477
2.34658
2.38067
2.41477
2.44887
2.48296
2.51544
2.54791
2.58038
2.61286
2.64861
2.68436
2.72012
2.75587
2.78848
2.82110
2.85371
2.88632
2.92309
2.95985
2.99662
3.03339
3.06485
3.09631
3.12778
3.15924
3.19436
3.22947
3.26459
3.29970
3.32889
3.35809
3.38728
3.41647
3.44710
3.47772
3.50835
3.53897
3.56366
3.58835
3.61304
3.63773
-3.43714
-3.42050
-3.40386
-3.38721
-3.37057
-3.35392
-3.33728
-3.32063
-3.30399
-3.28735
-3.27070
-3.25406
-3.23741
-3.22077
-3.20413
-3.18748
-3.17084
-3.15419
-3.13755
-3.12090
-3.10426
-3.08762
-3.07097
-3.05433
-3.03768
-3.02104
-3.00439
-2.98775
-2.97111
-2.95446
-2.93782
-2.92117
-2.90453
-2.88789
-2.87124
-2.85460
-2.83795
-2.82131
-2.80466
-2.78802
-2.77138
-2.75473
-2.73809
-2.72144
-2.70480
-2.68816
-2.67151
-2.65487
-2.63822
-2.62158
-2.60493
-2.58829
-2.57165
-2.55500
-2.53836
-2.52171
-2.50507
-2.48842
-2.47178
-2.45514
-2.43849
-2.42185
-2.40520
-2.38856
-2.37192
-2.35527
-2.33863
-2.32198
-2.30534
-2.28869
-2.27205
-2.25541
-2.23876
-2.22212
-2.20547
-2.18883
-2.17218
-2.15554
-2.13890
-2.12225
-2.10561
-2.08896
-2.07232
-2.05568
-2.03903
-2.02239
-2.00574
-1.98910
-1.97245
-1.95581
-1.93917
-1.92252
-1.90588
-1.88923
-1.87259
-1.85595
-1.83930
-1.82266
-1.80601
-1.78937
-1.77272
-1.75608
-1.73944
-1.72279
-1.70615
-1.68950
-1.67286
-1.65621
-1.63957
-1.62293
-1.60628
-1.58964
-1.57299
-1.55635
-1.53971
-1.52306
-1.50642
-1.48977
-1.47313
-1.45648
-1.43984
-1.42320
-1.40655
-1.38991
-1.37326
-1.35662
-1.33997
-1.32333
-1.30669
-1.29004
-1.27340
-1.25675
-1.24011
-1.22347
-1.20682
-1.19018
-1.17353
-1.15689
-1.14024
-1.12360
-1.10696
-1.10696
-1.10696
-1.10696
-1.10696
-1.10696
-1.10696
-1.10696
-1.10696
-1.10696
-1.10696
-1.10696
-1.10696
-1.10696
-1.10696
-1.10696
-1.10696
-1.10696
-1.10696
-1.10696
-1.10696
-1.10696
-1.10696
-1.10696
-1.10696
-1.10541
-1.10387
-1.10233
-1.10078
-1.08720
-1.07361
-1.06003
-1.04644
-1.02755
-1.00866
-0.98976
-0.97087
-0.94988
-0.92890
-0.90791
-0.88692
-0.86194
-0.83695
-0.81196
-0.78698
-0.76644
-0.74590
-0.72536
-0.70482
-0.68172
-0.65862
-0.63552
-0.61242
-0.59868
-0.58495
-0.57122
-0.55748
-0.54325
-0.52901
-0.51478
-0.50054
-0.49230
-0.48406
-0.47582
-0.46758
-0.46128
-0.45497
-0.44867
-0.44236
-0.43734
-0.43231
-0.42729
-0.42226
-0.41998
-0.41770
-0.41542
-0.41314
-0.41051
-0.40788
-0.40524
-0.40261
-0.40371
-0.40481
-0.40591
-0.40701
-0.40798
-0.40896
-0.40993
-0.41091
-0.41374
-0.41658
-0.41942
-0.42225
-0.42807
-0.43389
-0.43971
-0.44553
-0.44699
-0.44845
-0.44992
-0.45138
-0.45807
-0.46475
-0.47143
-0.47812
-0.47860
-0.47908
-0.47956
-0.48004
-0.48589
-0.49174
-0.49759
-0.50345
-0.50832
-0.51319
-0.51807
-0.52294
-0.53075
-0.53856
-0.54637
-0.55418
-0.56340
-0.57262
-0.58184
-0.59107
-0.59733
-0.60359
-0.60985
-0.61612
-0.62132
-0.62653
-0.63174
-0.63694
-0.63349
-0.63004
-0.62658
-0.62313
-0.61482
-0.60650
-0.59819
-0.58987
-0.57458
-0.55929
-0.54400
-0.52871
-0.50869
-0.48867
-0.46865
-0.44863
-0.42533
-0.40204
-0.37874
-0.35544
-0.32838
-0.30132
-0.27426
-0.24721
-0.22008
-0.19296
-0.16583
-0.13871
-0.10712
-0.07552
-0.04393
-0.01234
0.01867
0.04968
0.08070
0.11171
0.14578
0.17986
0.21393
0.24800
0.28208
0.31615
0.35023
0.38430
0.41821
0.45211
0.48601
0.51992
0.55478
0.58964
0.62450
0.65936
0.69031
0.72127
0.75222
0.78318
0.81623
0.84927
0.88232
0.91537
0.94230
0.96922
0.99614
1.02307
1.05323
1.08339
1.11356
1.14372
1.16792
1.19212
1.21631
1.24051
1.26788
1.29524
1.32260
1.34997
1.37462
1.39928
1.42394
1.44860
1.47578
1.50296
1.53014
1.55733
1.58460
1.61186
1.63913
1.66640
1.69563
1.72486
1.75408
1.78331
1.81379
1.84426
1.87473
1.90520
1.93494
1.96467
1.99441
2.02414
2.05678
2.08941
2.12205
2.15468
2.18500
2.21531
2.24563
2.27594
2.30974
2.34354
2.37734
2.41115
2.44292
2.47470
2.50648
2.53826
2.57331
2.60837
2.64342
2.67847
2.71125
2.74402
2.77680
2.80957
2.84540
2.88124
2.91707
2.95290
2.98527
3.01764
3.05002
3.08239
3.11646
3.15053
3.18460
3.21867
3.24940
3.28014
3.31087
3.34161
3.37140
3.40119
3.43098
3.46077
3.48773
3.51468
3.54164
3.56860
-4.78913
-4.76688
-4.74462
-4.72236
-4.70011
-4.67785
-4.65560
-4.63334
-4.61108
-4.58883
-4.56657
-4.54432
-4.52206
-4.49981
-4.47755
-4.45529
-4.43304
-4.41078
-4.38853
-4.36627
-4.34402
-4.32176
-4.29950
-4.27725
-4.25499
-4.23274
-4.21048
-4.18822
-4.16597
-4.14371
-4.12146
-4.09920
-4.07695
-4.05469
-4.03243
-4.01018
-3.98792
-3.96567
-3.94341
-3.92116
-3.89890
-3.87664
-3.85439
-3.83213
-3.80988
-3.78762
-3.76536
-3.74311
-3.72085
-3.69860
-3.67634
-3.65409
-3.63183
-3.60957
-3.58732
-3.56506
-3.54281
-3.52055
-3.49830
-3.47604
-3.45378
-3.43153
-3.40927
-3.38702
-3.36476
-3.34250
-3.32025
-3.29799
-3.27574
-3.25348
-3.23123
-3.20897
-3.18671
-3.16446
-3.14220
-3.11995
-3.09769
-3.07544
-3.05318
-3.03092
-3.00867
-2.98641
-2.96416
-2.94190
-2.91964
-2.89739
-2.87513
-2.85288
-2.83062
-2.80837
-2.78611
-2.76385
-2.74160
-2.71934
-2.69709
-2.67483
-2.65258
-2.63032
-2.60806
-2.58581
-2.56355
-2.54130
-2.51904
-2.49678
-2.47453
-2.45227
-2.43002
-2.40776
-2.38551
-2.36325
-2.34099
-2.31874
-2.29648
-2.27423
-2.25197
-2.22971
-2.20746
-2.18520
-2.16295
-2.14069
-2.11844
-2.09618
-2.07392
-2.05167
-2.02941
-2.00716
-1.98490
-1.96265
-1.94039
-1.91813
-1.89588
-1.87362
-1.85137
-1.82911
-1.80685
-1.78460
-1.76234
-1.74009
-1.71783
-1.69558
-1.67332
-1.67332
-1.67332
-1.67332
-1.67332
-1.67332
-1.67332
-1.67332
-1.67332
-1.67332
-1.67332
-1.67332
-1.67332
-1.67332
-1.67332
-1.67332
-1.67332
-1.67332
-1.67332
-1.67332
-1.67332
-1.67332
-1.67332
-1.67332
-1.67332
-1.67118
-1.66903
-1.66689
-1.66474
-1.64203
-1.61932
-1.59661
-1.57390
-1.54571
-1.51751
-1.48932
-1.46112
-1.43624
-1.41136
-1.38647
-1.36159
-1.33213
-1.30268
-1.27322
-1.24376
-1.22184
-1.19993
-1.17801
-1.15610
-1.13265
-1.10920
-1.08575
-1.06230
-1.04566
-1.02903
-1.01240
-0.99577
-0.98148
-0.96719
-0.95291
-0.93862
-0.92635
-0.91407
-0.90180
-0.88952
-0.88050
-0.87148
-0.86246
-0.85344
-0.84305
-0.83265
-0.82225
-0.81186
-0.80323
-0.79461
-0.78599
-0.77736
-0.76580
-0.75424
-0.74267
-0.73111
-0.72181
-0.71251
-0.70321
-0.69391
-0.68103
-0.66815
-0.65527
-0.64238
-0.63361
-0.62483
-0.61605
-0.60728
-0.59671
-0.58614
-0.57558
-0.56501
-0.55771
-0.55040
-0.54310
-0.53580
-0.53046
-0.52513
-0.51980
-0.51447
-0.51118
-0.50789
-0.50460
-0.50131
-0.50468
-0.50806
-0.51143
-0.51481
-0.51936
-0.52390
-0.52844
-0.53299
-0.54124
-0.54950
-0.55775
-0.56600
-0.57663
-0.58727
-0.59790
-0.60853
-0.61180
-0.61506
-0.61833
-0.62160
-0.62516
-0.62872
-0.63228
-0.63584
-0.62881
-0.62177
-0.61473
-0.60770
-0.59663
-0.58556
-0.57448
-0.56341
-0.55110
-0.53879
-0.52647
-0.51416
-0.49797
-0.48178
-0.46559
-0.44940
-0.43235
-0.41531
-0.39827
-0.38122
-0.36116
-0.34110
-0.32103
-0.30097
-0.27820
-0.25543
-0.23267
-0.20990
-0.18290
-0.15590
-0.12890
-0.10189
-0.07214
-0.04239
-0.01264
0.01711
0.04961
0.08211
0.11461
0.14710
0.18196
0.21682
0.25168
0.28654
0.31979
0.35303
0.38627
0.41952
0.45631
0.49310
0.52989
0.56668
0.59746
0.62825
0.65904
0.68983
0.72486
0.75989
0.79492
0.82995
0.85840
0.88684
0.91529
0.94373
0.97547
1.00720
1.03894
1.07068
1.09681
1.12295
1.14909
1.17523
1.20257
1.22990
1.25724
1.28458
1.31045
1.33633
1.36221
1.38809
1.41403
1.43997
1.46591
1.49185
1.51984
1.54782
1.57581
1.60379
1.63219
1.66058
1.68897
1.71736
1.74880
1.78024
1.81168
1.84312
1.87163
1.90015
1.92866
1.95718
1.99039
2.02360
2.05681
2.09002
2.11884
2.14766
2.17648
2.20530
2.23881
2.27232
2.30582
2.33933
2.37041
2.40150
2.43258
2.46367
2.49802
2.53237
2.56672
2.60107
2.63401
2.66695
2.69989
2.73283
2.76772
2.80262
2.83751
2.87241
2.90569
2.93897
2.97225
3.00553
3.03856
3.07159
3.10461
3.13764
3.16992
3.20219
3.23447
3.26674
3.29570
3.32465
3.35361
3.38256
3.41179
3.44102
3.47025
3.49947
-6.33660
-6.30855
-6.28049
-6.25244
-6.22439
-6.19633
-6.16828
-6.14023
-6.11217
-6.08412
-6.05607
-6.02801
-5.99996
-5.97190
-5.94385
-5.91580
-5.88774
-5.85969
-5.83164
-5.80358
-5.77553
-5.74748
-5.71942
-5.69137
-5.66331
-5.63526
-5.60721
-5.57915
-5.55110
-5.52305
-5.49499
-5.46694
-5.43889
-5.41083
-5.38278
-5.35472
-5.32667
-5.29862
-5.27056
-5.24251
-5.21446
-5.18640
-5.15835
-5.13030
-5.10224
-5.07419
-5.04613
-5.01808
-4.99003
-4.96197
-4.93392
-4.90587
-4.87781
-4.84976
-4.82171
-4.79365
-4.76560
-4.73754
-4.70949
-4.68144
-4.65338
-4.62533
-4.59728
-4.56922
-4.54117
-4.51312
-4.48506
-4.45701
-4.42895
-4.40090
-4.37285
-4.34479
-4.31674
-4.28869
-4.26063
-4.23258
-4.20453
-4.17647
-4.14842
-4.12037
-4.09231
-4.06426
-4.03620
-4.00815
-3.98010
-3.95204
-3.92399
-3.89594
-3.86788
-3.83983
-3.81178
-3.78372
-3.75567
-3.72761
-3.69956
-3.67151
-3.64345
-3.61540
-3.58735
-3.55929
-3.53124
-3.50319
-3.47513
-3.44708
-3.41902
-3.39097
-3.36292
-3.33486
-3.30681
-3.27876
-3.25070
-3.22265
-3.19460
-3.16654
-3.13849
-3.11043
-3.08238
-3.05433
-3.02627
-2.99822
-2.97017
-2.94211
-2.91406
-2.88601
-2.85795
-2.82990
-2.80184
-2.77379
-2.74574
-2.71768
-2.68963
-2.66158
-2.63352
-2.60547
-2.57742
-2.54936
-2.52131
-2.49325
-2.46520
-2.43715
-2.40909
-2.40909
-2.40909
-2.40909
-2.40909
-2.40909
-2.40909
-2.40909
-2.40909
-2.40909
-2.40909
-2.40909
-2.40909
-2.40909
-2.40909
-2.40909
-2.40909
-2.40909
-2.40909
-2.40909
-2.40909
-2.40909
-2.40909
-2.40909
-2.40909
-2.40734
-2.40559
-2.40384
-2.40208
-2.37241
-2.34273
-2.31306
-2.28338
-2.24529
-2.20720
-2.16911
-2.13102
-2.09647
-2.06192
-2.02737
-1.99282
-1.95474
-1.91666
-1.87858
-1.84050
-1.80937
-1.77825
-1.74713
-1.71600
-1.68419
-1.65238
-1.62057
-1.58876
-1.56191
-1.53506
-1.50821
-1.48136
-1.45804
-1.43472
-1.41139
-1.38807
-1.36495
-1.34183
-1.31871
-1.29559
-1.27751
-1.25943
-1.24135
-1.22327
-1.20265
-1.18203
-1.16140
-1.14078
-1.12407
-1.10737
-1.09066
-1.07395
-1.05385
-1.03374
-1.01363
-0.99352
-0.97687
-0.96022
-0.94357
-0.92692
-0.90716
-0.88739
-0.86762
-0.84785
-0.83215
-0.81645
-0.80076
-0.78506
-0.76744
-0.74982
-0.73220
-0.71458
-0.70084
-0.68711
-0.67338
-0.65965
-0.64685
-0.63405
-0.62125
-0.60845
-0.59845
-0.58845
-0.57845
-0.56846
-0.56534
-0.56222
-0.55910
-0.55598
-0.55287
-0.54976
-0.54665
-0.54353
-0.54610
-0.54867
-0.55124
-0.55381
-0.55732
-0.56084
-0.56435
-0.56787
-0.56668
-0.56550
-0.56432
-0.56314
-0.56258
-0.56203
-0.56147
-0.56091
-0.55278
-0.54466
-0.53653
-0.52841
-0.51814
-0.50788
-0.49762
-0.48735
-0.47774
-0.46813
-0.45851
-0.44890
-0.43688
-0.42486
-0.41284
-0.40082
-0.38844
-0.37605
-0.36367
-0.35128
-0.33667
-0.32205
-0.30743
-0.29282
-0.27465
-0.25649
-0.23833
-0.22016
-0.19844
-0.17672
-0.15500
-0.13328
-0.10736
-0.08143
-0.05550
-0.02958
-0.00115
0.02728
0.05571
0.08414
0.11639
0.14863
0.18088
0.21313
0.24424
0.27534
0.30645
0.33756
0.37316
0.40877
0.44437
0.47997
0.51074
0.54151
0.57228
0.60305
0.63810
0.67315
0.70819
0.74324
0.77329
0.80335
0.83340
0.86345
0.89549
0.92752
0.95955
0.99158
1.02002
1.04845
1.07688
1.10532
1.13254
1.15976
1.18699
1.21421
1.24195
1.26969
1.29743
1.32517
1.35053
1.37588
1.40123
1.42659
1.45549
1.48439
1.51330
1.54220
1.57011
1.59803
1.62594
1.65385
1.68570
1.71755
1.74940
1.78125
1.80944
1.83764
1.86584
1.89404
1.92679
1.95954
1.99230
2.02505
2.05370
2.08236
2.11101
2.13966
2.17220
2.20473
2.23726
2.26980
2.30084
2.33188
2.36292
2.39396
2.42719
2.46042
2.49365
2.52688
2.56011
2.59335
2.62658
2.65981
2.69360
2.72739
2.76118
2.79497
2.82920
2.86342
2.89765
2.93187
2.96368
2.99549
3.02730
3.05911
3.09237
3.12562
3.15888
3.19214
3.22059
3.24905
3.27751
3.30597
3.33633
3.36668
3.39704
3.42740
-8.00853
-7.97456
-7.94059
-7.90662
-7.87265
-7.83868
-7.80471
-7.77074
-7.73677
-7.70280
-7.66883
-7.63486
-7.60089
-7.56692
-7.53295
-7.49898
-7.46501
-7.43104
-7.39707
-7.36310
-7.32913
-7.29516
-7.26119
-7.22722
-7.19325
-7.15928
-7.12531
-7.09134
-7.05737
-7.02340
-6.98943
-6.95546
-6.92149
-6.88752
-6.85355
-6.81958
-6.78561
-6.75164
-6.71767
-6.68370
-6.64973
-6.61576
-6.58179
-6.54782
-6.51385
-6.47988
-6.44591
-6.41194
-6.37797
-6.34400
-6.31003
-6.27606
-6.24209
-6.20812
-6.17415
-6.14018
-6.10621
-6.07224
-6.03827
-6.00430
-5.97033
-5.93636
-5.90239
-5.86842
-5.83445
-5.80048
-5.76651
-5.73254
-5.69857
-5.66460
-5.63063
-5.59666
-5.56269
-5.52872
-5.49475
-5.46078
-5.42681
-5.39284
-5.35887
-5.32490
-5.29093
-5.25696
-5.22299
-5.18902
-5.15505
-5.12108
-5.08711
-5.05314
-5.01917
-4.98520
-4.95123
-4.91726
-4.88329
-4.84932
-4.81535
-4.78138
-4.74741
-4.71344
-4.67947
-4.64550
-4.61153
-4.57756
-4.54359
-4.50962
-4.47565
-4.44168
-4.40771
-4.37374
-4.33977
-4.30580
-4.27183
-4.23786
-4.20389
-4.16992
-4.13595
-4.10198
-4.06801
-4.03404
-4.00007
-3.96610
-3.93213
-3.89816
-3.86419
-3.83022
-3.79625
-3.76228
-3.72831
-3.69434
-3.66037
-3.62640
-3.59243
-3.55846
-3.52449
-3.49052
-3.45655
-3.42258
-3.38861
-3.35464
-3.32067
-3.28670
-3.25273
-3.25273
-3.25273
-3.25273
-3.25273
-3.25273
-3.25273
-3.25273
-3.25273
-3.25273
-3.25273
-3.25273
-3.25273
-3.25273
-3.25273
-3.25273
-3.25273
-3.25273
-3.25273
-3.25273
-3.25273
-3.25273
-3.25273
-3.25273
-3.25273
-3.25200
-3.25127
-3.25055
-3.24982
-3.21456
-3.17929
-3.14402
-3.10876
-3.06039
-3.01203
-2.96367
-2.91530
-2.86741
-2.81952
-2.77162
-2.72373
-2.67438
-2.62503
-2.57568
-2.52633
-2.48102
-2.43570
-2.39039
-2.34508
-2.29981
-2.25454
-2.20927
-2.16400
-2.12227
-2.08053
-2.03880
-1.99707
-1.95899
-1.92092
-1.88284
-1.84477
-1.80646
-1.76816
-1.72985
-1.69155
-1.66037
-1.62919
-1.59801
-1.56684
-1.53290
-1.49896
-1.46502
-1.43108
-1.40518
-1.37928
-1.35338
-1.32748
-1.29908
-1.27068
-1.24227
-1.21387
-1.19181
-1.16975
-1.14769
-1.12564
-1.10341
-1.08119
-1.05897
-1.03674
-1.01712
-0.99749
-0.97786
-0.95823
-0.93950
-0.92076
-0.90203
-0.88330
-0.86462
-0.84595
-0.82728
-0.80861
-0.79124
-0.77387
-0.75650
-0.73913
-0.72055
-0.70197
-0.68340
-0.66482
-0.65265
-0.64048
-0.62831
-0.61614
-0.60070
-0.58527
-0.56983
-0.55440
-0.54738
-0.54036
-0.53334
-0.52633
-0.51729
-0.50826
-0.49923
-0.49019
-0.48364
-0.47708
-0.47053
-0.46397
-0.45772
-0.45147
-0.44522
-0.43897
-0.43134
-0.42372
-0.41609
-0.40846
-0.40127
-0.39408
-0.38690
-0.37971
-0.37262
-0.36553
-0.35845
-0.35136
-0.34372
-0.33609
-0.32846
-0.32082
-0.31208
-0.30335
-0.29461
-0.28587
-0.27571
-0.26556
-0.25540
-0.24524
-0.23184
-0.21844
-0.20504
-0.19164
-0.17564
-0.15964
-0.14364
-0.12763
-0.10717
-0.08670
-0.06623
-0.04577
-0.02299
-0.00022
0.02256
0.04533
0.07280
0.10027
0.12774
0.15522
0.18325
0.21127
0.23930
0.26733
0.29977
0.33221
0.36464
0.39708
0.42792
0.45877
0.48961
0.52045
0.55427
0.58808
0.62189
0.65571
0.68742
0.71914
0.75086
0.78258
0.81410
0.84561
0.87713
0.90864
0.93960
0.97055
1.00150
1.03246
1.05951
1.08657
1.11362
1.14067
1.17069
1.20070
1.23071
1.26073
1.28591
1.31110
1.33628
1.36147
1.39141
1.42136
1.45130
1.48125
1.50891
1.53657
1.56423
1.59189
1.62380
1.65570
1.68760
1.71950
1.74796
1.77642
1.80487
1.83333
1.86497
1.89661
1.92825
1.95988
1.98921
2.01854
2.04787
2.07720
2.10833
2.13946
2.17059
2.20172
2.23314
2.26455
2.29596
2.32738
2.35922
2.39106
2.42290
2.45474
2.48835
2.52195
2.55556
2.58916
2.62174
2.65432
2.68690
2.71948
2.75467
2.78986
2.82505
2.86025
2.89073
2.92121
2.95170
2.98218
3.01606
3.04994
3.08382
3.11770
3.14587
3.17405
3.20222
3.23040
3.26116
3.29192
3.32268
3.35344
-9.22289
-9.18388
-9.14486
-9.10584
-9.06682
-9.02781
-8.98879
-8.94977
-8.91075
-8.87174
-8.83272
-8.79370
-8.75468
-8.71566
-8.67665
-8.63763
-8.59861
-8.55959
-8.52058
-8.48156
-8.44254
-8.40352
-8.36450
-8.32549
-8.28647
-8.24745
-8.20843
-8.16942
-8.13040
-8.09138
-8.05236
-8.01335
-7.97433
-7.93531
-7.89629
-7.85727
-7.81826
-7.77924
-7.74022
-7.70120
-7.66219
-7.62317
-7.58415
-7.54513
-7.50611
-7.46710
-7.42808
-7.38906
-7.35004
-7.31103
-7.27201
-7.23299
-7.19397
-7.15495
-7.11594
-7.07692
-7.03790
-6.99888
-6.95987
-6.92085
-6.88183
-6.84281
-6.80380
-6.76478
-6.72576
-6.68674
-6.64772
-6.60871
-6.56969
-6.53067
-6.49165
-6.45264
-6.41362
-6.37460
-6.33558
-6.29656
-6.25755
-6.21853
-6.17951
-6.14049
-6.10148
-6.06246
-6.02344
-5.98442
-5.94541
-5.90639
-5.86737
-5.82835
-5.78933
-5.75032
-5.71130
-5.67228
-5.63326
-5.59425
-5.55523
-5.51621
-5.47719
-5.43817
-5.39916
-5.36014
-5.32112
-5.28210
-5.24309
-5.20407
-5.16505
-5.12603
-5.08702
-5.04800
-5.00898
-4.96996
-4.93094
-4.89193
-4.85291
-4.81389
-4.77487
-4.73586
-4.69684
-4.65782
-4.61880
-4.57978
-4.54077
-4.50175
-4.46273
-4.42371
-4.38470
-4.34568
-4.30666
-4.26764
-4.22862
-4.18961
-4.15059
-4.11157
-4.07255
-4.03354
-3.99452
-3.95550
-3.91648
-3.87747
-3.83845
-3.79943
-3.76041
-3.76041
-3.76041
-3.76041
-3.76041
-3.76041
-3.76041
-3.76041
-3.76041
-3.76041
-3.76041
-3.76041
-3.76041
-3.76041
-3.76041
-3.76041
-3.76041
-3.76041
-3.76041
-3.76041
-3.76041
-3.76041
-3.76041
-3.76041
-3.76041
-3.76041
-3.76041
-3.76041
-3.76041
-3.72502
-3.68962
-3.65422
-3.61882
-3.56472
-3.51062
-3.45652
-3.40241
-3.34680
-3.29119
-3.23557
-3.17996
-3.12550
-3.07105
-3.01659
-2.96213
-2.90881
-2.85548
-2.80216
-2.74883
-2.69820
-2.64757
-2.59693
-2.54630
-2.49720
-2.44811
-2.39901
-2.34992
-2.30587
-2.26181
-2.21776
-2.17371
-2.12930
-2.08489
-2.04048
-1.99607
-1.95925
-1.92244
-1.88563
-1.84881
-1.80949
-1.77017
-1.73085
-1.69153
-1.66042
-1.62932
-1.59821
-1.56710
-1.53301
-1.49892
-1.46483
-1.43074
-1.40299
-1.37523
-1.34747
-1.31972
-1.29266
-1.26561
-1.23855
-1.21150
-1.18568
-1.15986
-1.13405
-1.10823
-1.08588
-1.06352
-1.04117
-1.01881
-0.99371
-0.96861
-0.94351
-0.91841
-0.89715
-0.87588
-0.85462
-0.83335
-0.80810
-0.78285
-0.75759
-0.73234
-0.71421
-0.69608
-0.67795
-0.65982
-0.63725
-0.61467
-0.59210
-0.56953
-0.55633
-0.54314
-0.52994
-0.51675
-0.50051
-0.48428
-0.46805
-0.45182
-0.44186
-0.43190
-0.42194
-0.41199
-0.40196
-0.39194
-0.38191
-0.37188
-0.36409
-0.35630
-0.34852
-0.34073
-0.33498
-0.32924
-0.32350
-0.31776
-0.31123
-0.30470
-0.29817
-0.29164
-0.28623
-0.28083
-0.27542
-0.27001
-0.26259
-0.25516
-0.24774
-0.24031
-0.23250
-0.22468
-0.21687
-0.20905
-0.19811
-0.18717
-0.17623
-0.16529
-0.15311
-0.14092
-0.12874
-0.11656
-0.10021
-0.08386
-0.06751
-0.05117
-0.03300
-0.01484
0.00332
0.02148
0.04421
0.06693
0.08965
0.11238
0.13702
0.16165
0.18629
0.21093
0.23950
0.26806
0.29663
0.32519
0.35502
0.38484
0.41467
0.44449
0.47630
0.50812
0.53993
0.57174
0.60429
0.63685
0.66940
0.70195
0.73268
0.76341
0.79413
0.82486
0.85772
0.89058
0.92344
0.95630
0.98347
1.01063
1.03780
1.06496
1.09668
1.12840
1.16012
1.19184
1.21754
1.24324
1.26894
1.29464
1.32541
1.35618
1.38695
1.41773
1.44563
1.47353
1.50143
1.52933
1.56101
1.59269
1.62437
1.65605
1.68510
1.71415
1.74320
1.77226
1.80291
1.83357
1.86423
1.89488
1.92511
1.95533
1.98556
2.01578
2.04559
2.07539
2.10519
2.13500
2.16688
2.19876
2.23064
2.26252
2.29298
2.32344
2.35390
2.38436
2.41813
2.45190
2.48567
2.51944
2.55094
2.58245
2.61396
2.64547
2.68102
2.71658
2.75213
2.78768
2.81739
2.84711
2.87682
2.90653
2.94052
2.97450
3.00849
3.04247
3.07080
3.09913
3.12745
3.15578
3.18656
3.21733
3.24811
3.27889
-9.32414
-9.28219
-9.24023
-9.19828
-9.15633
-9.11438
-9.07242
-9.03047
-8.98852
-8.94657
-8.90462
-8.86266
-8.82071
-8.77876
-8.73681
-8.69486
-8.65290
-8.61095
-8.56900
-8.52705
-8.48509
-8.44314
-8.40119
-8.35924
-8.31729
-8.27533
-8.23338
-8.19143
-8.14948
-8.10753
-8.06557
-8.02362
-7.98167
-7.93972
-7.89776
-7.85581
-7.81386
-7.77191
-7.72996
-7.68800
-7.64605
-7.60410
-7.56215
-7.52020
-7.47824
-7.43629
-7.39434
-7.35239
-7.31043
-7.26848
-7.22653
-7.18458
-7.14263
-7.10067
-7.05872
-7.01677
-6.97482
-6.93287
-6.89091
-6.84896
-6.80701
-6.76506
-6.72310
-6.68115
-6.63920
-6.59725
-6.55530
-6.51334
-6.47139
-6.42944
-6.38749
-6.34554
-6.30358
-6.26163
-6.21968
-6.17773
-6.13577
-6.09382
-6.05187
-6.00992
-5.96797
-5.92601
-5.88406
-5.84211
-5.80016
-5.75821
-5.71625
-5.67430
-5.63235
-5.59040
-5.54844
-5.50649
-5.46454
-5.42259
-5.38064
-5.33868
-5.29673
-5.25478
-5.21283
-5.17088
-5.12892
-5.08697
-5.04502
-5.00307
-4.96112
-4.91916
-4.87721
-4.83526
-4.79331
-4.75135
-4.70940
-4.66745
-4.62550
-4.58355
-4.54159
-4.49964
-4.45769
-4.41574
-4.37379
-4.33183
-4.28988
-4.24793
-4.20598
-4.16402
-4.12207
-4.08012
-4.03817
-3.99622
-3.95426
-3.91231
-3.87036
-3.82841
-3.78646
-3.74450
-3.70255
-3.66060
-3.61865
-3.57669
-3.53474
-3.49279
-3.45084
-3.45084
-3.45084
-3.45084
-3.45084
-3.45084
-3.45084
-3.45084
-3.45084
-3.45084
-3.45084
-3.45084
-3.45084
-3.45084
-3.45084
-3.45084
-3.45084
-3.45084
-3.45084
-3.45084
-3.45084
-3.45084
-3.45084
-3.45084
-3.45084
-3.45084
-3.45084
-3.45084
-3.45084
-3.42859
-3.40634
-3.38408
-3.36183
-3.31302
-3.26421
-3.21540
-3.16659
-3.11694
-3.06728
-3.01763
-2.96797
-2.92340
-2.87883
-2.83425
-2.78968
-2.74338
-2.69708
-2.65077
-2.60447
-2.56817
-2.53186
-2.49556
-2.45926
-2.42109
-2.38292
-2.34474
-2.30657
-2.27790
-2.24923
-2.22056
-2.19189
-2.16345
-2.13500
-2.10656
-2.07812
-2.05383
-2.02954
-2.00525
-1.98096
-1.95557
-1.93018
-1.90478
-1.87939
-1.85276
-1.82613
-1.79951
-1.77288
-1.73945
-1.70603
-1.67260
-1.63918
-1.60502
-1.57086
-1.53670
-1.50254
-1.46486
-1.42719
-1.38951
-1.35184
-1.31434
-1.27685
-1.23935
-1.20186
-1.16978
-1.13771
-1.10564
-1.07356
-1.03841
-1.00326
-0.96811
-0.93296
-0.90944
-0.88592
-0.86240
-0.83888
-0.81159
-0.78429
-0.75699
-0.72969
-0.71313
-0.69656
-0.67999
-0.66343
-0.64634
-0.62925
-0.61216
-0.59507
-0.58398
-0.57289
-0.56181
-0.55072
-0.54030
-0.52988
-0.51946
-0.50904
-0.50048
-0.49191
-0.48334
-0.47478
-0.46564
-0.45650
-0.44736
-0.43822
-0.42867
-0.41912
-0.40957
-0.40002
-0.39176
-0.38350
-0.37524
-0.36697
-0.35621
-0.34546
-0.33470
-0.32394
-0.31550
-0.30707
-0.29863
-0.29020
-0.27841
-0.26663
-0.25484
-0.24305
-0.23243
-0.22181
-0.21118
-0.20056
-0.18648
-0.17239
-0.15831
-0.14423
-0.13124
-0.11825
-0.10526
-0.09227
-0.07678
-0.06129
-0.04580
-0.03032
-0.01423
0.00186
0.01795
0.03404
0.05208
0.07012
0.08816
0.10620
0.12669
0.14719
0.16768
0.18817
0.21115
0.23413
0.25710
0.28008
0.30623
0.33237
0.35852
0.38466
0.41261
0.44056
0.46851
0.49646
0.52783
0.55919
0.59056
0.62192
0.65120
0.68048
0.70976
0.73904
0.77231
0.80559
0.83886
0.87213
0.90009
0.92805
0.95600
0.98396
1.01601
1.04805
1.08010
1.11215
1.14002
1.16789
1.19577
1.22364
1.25472
1.28580
1.31688
1.34796
1.37730
1.40663
1.43597
1.46530
1.49608
1.52686
1.55764
1.58842
1.61889
1.64935
1.67982
1.71028
1.74028
1.77028
1.80028
1.83028
1.86193
1.89358
1.92523
1.95688
1.98555
2.01421
2.04288
2.07155
2.10413
2.13670
2.16928
2.20185
2.23096
2.26006
2.28917
2.31827
2.35169
2.38510
2.41852
2.45193
2.48272
2.51351
2.54429
2.57508
2.60952
2.64396
2.67840
2.71284
2.74314
2.77343
2.80372
2.83402
2.86685
2.89968
2.93251
2.96535
2.99488
3.02441
3.05394
3.08347
3.11332
3.14317
3.17303
3.20288
-9.51597
-9.47214
-9.42830
-9.38446
-9.34062
-9.29679
-9.25295
-9.20911
-9.16528
-9.12144
-9.07760
-9.03376
-8.98993
-8.94609
-8.90225
-8.85841
-8.81458
-8.77074
-8.72690
-8.68307
-8.63923
-8.59539
-8.55155
-8.50772
-8.46388
-8.42004
-8.37620
-8.33237
-8.28853
-8.24469
-8.20085
-8.15702
-8.11318
-8.06934
-8.02551
-7.98167
-7.93783
-7.89399
-7.85016
-7.80632
-7.76248
-7.71864
-7.67481
-7.63097
-7.58713
-7.54330
-7.49946
-7.45562
-7.41178
-7.36795
-7.32411
-7.28027
-7.23643
-7.19260
-7.14876
-7.10492
-7.06109
-7.01725
-6.97341
-6.92957
-6.88574
-6.84190
-6.79806
-6.75422
-6.71039
-6.66655
-6.62271
-6.57887
-6.53504
-6.49120
-6.44736
-6.40353
-6.35969
-6.31585
-6.27201
-6.22818
-6.18434
-6.14050
-6.09666
-6.05283
-6.00899
-5.96515
-5.92132
-5.87748
-5.83364
-5.78980
-5.74597
-5.70213
-5.65829
-5.61445
-5.57062
-5.52678
-5.48294
-5.43911
-5.39527
-5.35143
-5.30759
-5.26376
-5.21992
-5.17608
-5.13224
-5.08841
-5.04457
-5.00073
-4.95689
-4.91306
-4.86922
-4.82538
-4.78155
-4.73771
-4.69387
-4.65003
-4.60620
-4.56236
-4.51852
-4.47468
-4.43085
-4.38701
-4.34317
-4.29934
-4.25550
-4.21166
-4.16782
-4.12399
-4.08015
-4.03631
-3.99247
-3.94864
-3.90480
-3.86096
-3.81713
-3.77329
-3.72945
-3.68561
-3.64178
-3.59794
-3.55410
-3.51026
-3.46643
-3.42259
-3.37875
-3.37875
-3.37875
-3.37875
-3.37875
-3.37875
-3.37875
-3.37875
-3.37875
-3.37875
-3.37875
-3.37875
-3.37875
-3.37875
-3.37875
-3.37875
-3.37875
-3.37875
-3.37875
-3.37875
-3.37875
-3.37875
-3.37875
-3.37875
-3.37875
-3.37875
-3.37875
-3.37875
-3.37875
-3.36808
-3.35740
-3.34672
-3.33605
-3.29100
-3.24594
-3.20089
-3.15584
-3.11008
-3.06432
-3.01856
-2.97280
-2.93410
-2.89539
-2.85669
-2.81799
-2.77590
-2.73380
-2.69171
-2.64961
-2.62114
-2.59267
-2.56420
-2.53572
-2.50343
-2.47113
-2.43883
-2.40654
-2.38566
-2.36478
-2.34390
-2.32303
-2.30297
-2.28292
-2.26287
-2.24282
-2.22431
-2.20580
-2.18728
-2.16877
-2.15112
-2.13348
-2.11583
-2.09818
-2.07295
-2.04772
-2.02249
-1.99726
-1.96553
-1.93381
-1.90209
-1.87037
-1.83263
-1.79488
-1.75714
-1.71940
-1.67731
-1.63522
-1.59313
-1.55104
-1.50789
-1.46474
-1.42159
-1.37844
-1.34116
-1.30389
-1.26661
-1.22934
-1.18865
-1.14796
-1.10727
-1.06658
-1.04067
-1.01477
-0.98886
-0.96296
-0.93346
-0.90397
-0.87448
-0.84499
-0.82711
-0.80923
-0.79135
-0.77347
-0.75789
-0.74232
-0.72674
-0.71117
-0.69839
-0.68560
-0.67282
-0.66004
-0.65106
-0.64209
-0.63312
-0.62415
-0.61328
-0.60242
-0.59155
-0.58068
-0.57031
-0.55993
-0.54955
-0.53918
-0.52595
-0.51272
-0.49949
-0.48626
-0.47484
-0.46342
-0.45201
-0.44059
-0.42540
-0.41022
-0.39503
-0.37985
-0.36808
-0.35631
-0.34455
-0.33278
-0.31709
-0.30140
-0.28571
-0.27002
-0.25645
-0.24288
-0.22932
-0.21575
-0.19899
-0.18224
-0.16548
-0.14872
-0.13424
-0.11975
-0.10527
-0.09078
-0.07544
-0.06009
-0.04475
-0.02941
-0.01391
0.00158
0.01707
0.03256
0.04742
0.06228
0.07714
0.09199
0.11002
0.12804
0.14607
0.16409
0.18251
0.20094
0.21936
0.23779
0.26092
0.28406
0.30720
0.33033
0.35477
0.37921
0.40365
0.42808
0.45783
0.48758
0.51733
0.54707
0.57497
0.60287
0.63076
0.65866
0.69170
0.72474
0.75777
0.79081
0.81954
0.84827
0.87700
0.90573
0.93780
0.96988
1.00195
1.03402
1.06384
1.09365
1.12347
1.15329
1.18434
1.21539
1.24644
1.27749
1.30823
1.33898
1.36973
1.40047
1.43049
1.46051
1.49053
1.52056
1.55251
1.58447
1.61642
1.64838
1.67766
1.70694
1.73622
1.76550
1.79828
1.83105
1.86383
1.89660
1.92450
1.95239
1.98028
2.00817
2.04109
2.07400
2.10691
2.13982
2.16810
2.19638
2.22466
2.25294
2.28581
2.31868
2.35155
2.38442
2.41479
2.44517
2.47554
2.50591
2.53918
2.57245
2.60572
2.63899
2.66992
2.70085
2.73178
2.76271
2.79431
2.82591
2.85751
2.88910
2.91979
2.95047
2.98115
3.01183
3.04074
3.06965
3.09857
3.12748
-9.98666
-9.94417
-9.90168
-9.85918
-9.81669
-9.77420
-9.73171
-9.68921
-9.64672
-9.60423
-9.56173
-9.51924
-9.47675
-9.43426
-9.39176
-9.34927
-9.30678
-9.26429
-9.22179
-9.17930
-9.13681
-9.09431
-9.05182
-9.00933
-8.96684
-8.92434
-8.88185
-8.83936
-8.79686
-8.75437
-8.71188
-8.66939
-8.62689
-8.58440
-8.54191
-8.49941
-8.45692
-8.41443
-8.37194
-8.32944
-8.28695
-8.24446
-8.20196
-8.15947
-8.11698
-8.07449
-8.03199
-7.98950
-7.94701
-7.90451
-7.86202
-7.81953
-7.77704
-7.73454
-7.69205
-7.64956
-7.60706
-7.56457
-7.52208
-7.47959
-7.43709
-7.39460
-7.35211
-7.30961
-7.26712
-7.22463
-7.18214
-7.13964
-7.09715
-7.05466
-7.01216
-6.96967
-6.92718
-6.88469
-6.84219
-6.79970
-6.75721
-6.71471
-6.67222
-6.62973
-6.58724
-6.54474
-6.50225
-6.45976
-6.41727
-6.37477
-6.33228
-6.28979
-6.24729
-6.20480
-6.16231
-6.11982
-6.07732
-6.03483
-5.99234
-5.94984
-5.90735
-5.86486
-5.82237
-5.77987
-5.73738
-5.69489
-5.65239
-5.60990
-5.56741
-5.52492
-5.48242
-5.43993
-5.39744
-5.35494
-5.31245
-5.26996
-5.22747
-5.18497
-5.14248
-5.09999
-5.05749
-5.01500
-4.97251
-4.93002
-4.88752
-4.84503
-4.80254
-4.76004
-4.71755
-4.67506
-4.63257
-4.59007
-4.54758
-4.50509
-4.46259
-4.42010
-4.37761
-4.33512
-4.29262
-4.25013
-4.20764
-4.16514
-4.12265
-4.08016
-4.03767
-4.03767
-4.03767
-4.03767
-4.03767
-4.03767
-4.03767
-4.03767
-4.03767
-4.03767
-4.03767
-4.03767
-4.03767
-4.03767
-4.03767
-4.03767
-4.03767
-4.03767
-4.03767
-4.03767
-4.03767
-4.03767
-4.03767
-4.03767
-4.03767
-4.03767
-4.03767
-4.03767
-4.03767
-4.03373
-4.02978
-4.02584
-4.02190
-3.97589
-3.92988
-3.88387
-3.83786
-3.78965
-3.74143
-3.69321
-3.64499
-3.59981
-3.55463
-3.50945
-3.46427
-3.41772
-3.37117
-3.32461
-3.27806
-3.23742
-3.19678
-3.15614
-3.11549
-3.07352
-3.03154
-2.98957
-2.94759
-2.91116
-2.87474
-2.83831
-2.80188
-2.76688
-2.73188
-2.69688
-2.66188
-2.62839
-2.59489
-2.56140
-2.52790
-2.49897
-2.47003
-2.44110
-2.41216
-2.37885
-2.34553
-2.31222
-2.27890
-2.25207
-2.22524
-2.19841
-2.17158
-2.13895
-2.10632
-2.07369
-2.04106
-2.01365
-1.98625
-1.95885
-1.93145
-1.90117
-1.87090
-1.84062
-1.81034
-1.78178
-1.75321
-1.72464
-1.69608
-1.66374
-1.63141
-1.59907
-1.56673
-1.53803
-1.50932
-1.48061
-1.45190
-1.41976
-1.38761
-1.35546
-1.32331
-1.29526
-1.26721
-1.23916
-1.21111
-1.18485
-1.15858
-1.13231
-1.10605
-1.07985
-1.05366
-1.02746
-1.00127
-0.98030
-0.95933
-0.93836
-0.91740
-0.89287
-0.86835
-0.84383
-0.81931
-0.80115
-0.78300
-0.76484
-0.74668
-0.72388
-0.70107
-0.67826
-0.65545
-0.63892
-0.62238
-0.60585
-0.58932
-0.56910
-0.54888
-0.52866
-0.50844
-0.49240
-0.47635
-0.46031
-0.44427
-0.42608
-0.40790
-0.38972
-0.37154
-0.35461
-0.33769
-0.32077
-0.30384
-0.28586
-0.26787
-0.24988
-0.23190
-0.21379
-0.19568
-0.17757
-0.15947
-0.14207
-0.12467
-0.10727
-0.08987
-0.07043
-0.05099
-0.03155
-0.01211
0.00418
0.02047
0.03676
0.05306
0.07377
0.09449
0.11521
0.13593
0.15299
0.17005
0.18711
0.20416
0.22635
0.24853
0.27072
0.29290
0.31491
0.33692
0.35892
0.38093
0.40774
0.43455
0.46136
0.48817
0.51488
0.54160
0.56832
0.59503
0.62584
0.65665
0.68745
0.71826
0.74771
0.77715
0.80660
0.83605
0.86722
0.89838
0.92954
0.96070
0.99175
1.02280
1.05385
1.08490
1.11488
1.14487
1.17485
1.20483
1.23692
1.26901
1.30110
1.33319
1.36288
1.39257
1.42227
1.45196
1.48565
1.51934
1.55303
1.58672
1.61508
1.64345
1.67182
1.70018
1.73316
1.76615
1.79913
1.83211
1.86034
1.88856
1.91679
1.94501
1.97715
2.00930
2.04144
2.07358
2.10268
2.13177
2.16087
2.18996
2.22169
2.25341
2.28514
2.31686
2.34778
2.37869
2.40961
2.44052
2.47243
2.50435
2.53626
2.56817
2.59991
2.63165
2.66339
2.69512
2.72524
2.75536
2.78548
2.81560
2.84726
2.87892
2.91058
2.94224
2.97017
2.99810
3.02603
3.05395
-10.41320
-10.37168
-10.33015
-10.28863
-10.24710
-10.20558
-10.16406
-10.12253
-10.08101
-10.03948
-9.99796
-9.95644
-9.91491
-9.87339
-9.83186
-9.79034
-9.74882
-9.70729
-9.66577
-9.62424
-9.58272
-9.54120
-9.49967
-9.45815
-9.41662
-9.37510
-9.33358
-9.29205
-9.25053
-9.20900
-9.16748
-9.12596
-9.08443
-9.04291
-9.00138
-8.95986
-8.91833
-8.87681
-8.83529
-8.79376
-8.75224
-8.71071
-8.66919
-8.62767
-8.58614
-8.54462
-8.50309
-8.46157
-8.42005
-8.37852
-8.33700
-8.29547
-8.25395
-8.21243
-8.17090
-8.12938
-8.08785
-8.04633
-8.00481
-7.96328
-7.92176
-7.88023
-7.83871
-7.79719
-7.75566
-7.71414
-7.67261
-7.63109
-7.58957
-7.54804
-7.50652
-7.46499
-7.42347
-7.38194
-7.34042
-7.29890
-7.25737
-7.21585
-7.17432
-7.13280
-7.09128
-7.04975
-7.00823
-6.96670
-6.92518
-6.88366
-6.84213
-6.80061
-6.75908
-6.71756
-6.67604
-6.63451
-6.59299
-6.55146
-6.50994
-6.46842
-6.42689
-6.38537
-6.34384
-6.30232
-6.26080
-6.21927
-6.17775
-6.13622
-6.09470
-6.05318
-6.01165
-5.97013
-5.92860
-5.88708
-5.84555
-5.80403
-5.76251
-5.72098
-5.67946
-5.63793
-5.59641
-5.55489
-5.51336
-5.47184
-5.43031
-5.38879
-5.34727
-5.30574
-5.26422
-5.22269
-5.18117
-5.13965
-5.09812
-5.05660
-5.01507
-4.97355
-4.93203
-4.89050
-4.84898
-4.80745
-4.76593
-4.72441
-4.68288
-4.64136
-4.59983
-4.59983
-4.59983
-4.59983
-4.59983
-4.59983
-4.59983
-4.59983
-4.59983
-4.59983
-4.59983
-4.59983
-4.59983
-4.59983
-4.59983
-4.59983
-4.59983
-4.59983
-4.59983
-4.59983
-4.59983
-4.59983
-4.59983
-4.59983
-4.59983
-4.59983
-4.59983
-4.59983
-4.59983
-4.59983
-4.59983
-4.59983
-4.59983
-4.55722
-4.51460
-4.47197
-4.42935
-4.38008
-4.33081
-4.28154
-4.23227
-4.18348
-4.13470
-4.08591
-4.03712
-3.98844
-3.93976
-3.89108
-3.84240
-3.79478
-3.74715
-3.69952
-3.65189
-3.60467
-3.55744
-3.51022
-3.46299
-3.41748
-3.37197
-3.32646
-3.28095
-3.23709
-3.19322
-3.14936
-3.10550
-3.06285
-3.02021
-2.97756
-2.93492
-2.89825
-2.86159
-2.82492
-2.78826
-2.74930
-2.71035
-2.67140
-2.63244
-2.60602
-2.57959
-2.55317
-2.52674
-2.49526
-2.46378
-2.43230
-2.40081
-2.37892
-2.35704
-2.33515
-2.31326
-2.28790
-2.26255
-2.23720
-2.21184
-2.18573
-2.15962
-2.13351
-2.10740
-2.07782
-2.04824
-2.01866
-1.98909
-1.95682
-1.92455
-1.89228
-1.86001
-1.82486
-1.78971
-1.75455
-1.71940
-1.68390
-1.64840
-1.61290
-1.57741
-1.54337
-1.50935
-1.47532
-1.44129
-1.40586
-1.37044
-1.33501
-1.29959
-1.26971
-1.23983
-1.20995
-1.18007
-1.14620
-1.11233
-1.07845
-1.04458
-1.01957
-0.99456
-0.96954
-0.94453
-0.91470
-0.88487
-0.85504
-0.82521
-0.80323
-0.78126
-0.75928
-0.73731
-0.71282
-0.68833
-0.66385
-0.63936
-0.61854
-0.59773
-0.57691
-0.55610
-0.53550
-0.51489
-0.49429
-0.47369
-0.45321
-0.43273
-0.41225
-0.39177
-0.37232
-0.35287
-0.33341
-0.31396
-0.29286
-0.27176
-0.25066
-0.22957
-0.21038
-0.19119
-0.17201
-0.15282
-0.13081
-0.10879
-0.08678
-0.06476
-0.04698
-0.02919
-0.01140
0.00638
0.02857
0.05075
0.07293
0.09512
0.11212
0.12913
0.14613
0.16314
0.18459
0.20603
0.22748
0.24893
0.26991
0.29088
0.31186
0.33283
0.35743
0.38203
0.40663
0.43123
0.45727
0.48331
0.50936
0.53540
0.56416
0.59293
0.62169
0.65045
0.68012
0.70978
0.73944
0.76910
0.79924
0.82938
0.85952
0.88966
0.92120
0.95275
0.98430
1.01584
1.04516
1.07447
1.10379
1.13310
1.16574
1.19838
1.23102
1.26365
1.29340
1.32314
1.35288
1.38262
1.41704
1.45145
1.48587
1.52028
1.54874
1.57719
1.60564
1.63410
1.66688
1.69966
1.73245
1.76523
1.79425
1.82327
1.85230
1.88132
1.91267
1.94402
1.97536
2.00671
2.03673
2.06674
2.09675
2.12677
2.15752
2.18828
2.21904
2.24980
2.28118
2.31257
2.34396
2.37534
2.40626
2.43717
2.46809
2.49901
2.53116
2.56332
2.59548
2.62764
2.65687
2.68610
2.71534
2.74457
2.77647
2.80838
2.84028
2.87219
2.89974
2.92729
2.95484
2.98239
-10.77748
-10.73639
-10.69531
-10.65422
-10.61314
-10.57205
-10.53097
-10.48988
-10.44880
-10.40771
-10.36663
-10.32554
-10.28446
-10.24337
-10.20229
-10.16120
-10.12012
-10.07903
-10.03795
-9.99686
-9.95578
-9.91469
-9.87361
-9.83252
-9.79144
-9.75035
-9.70927
-9.66818
-9.62710
-9.58601
-9.54493
-9.50384
-9.46276
-9.42167
-9.38059
-9.33950
-9.29842
-9.25733
-9.21625
-9.17516
-9.13408
-9.09299
-9.05191
-9.01082
-8.96974
-8.92865
-8.88757
-8.84648
-8.80540
-8.76431
-8.72323
-8.68214
-8.64106
-8.59997
-8.55889
-8.51780
-8.47672
-8.43563
-8.39455
-8.35346
-8.31238
-8.27129
-8.23021
-8.18912
-8.14804
-8.10695
-8.06587
-8.02478
-7.98370
-7.94261
-7.90153
-7.86044
-7.81936
-7.77827
-7.73719
-7.69610
-7.65502
-7.61393
-7.57285
-7.53176
-7.49068
-7.44959
-7.40851
-7.36742
-7.32634
-7.28525
-7.24417
-7.20308
-7.16200
-7.12091
-7.07983
-7.03874
-6.99766
-6.95657
-6.91549
-6.87440
-6.83332
-6.79223
-6.75115
-6.71006
-6.66898
-6.62789
-6.58681
-6.54572
-6.50464
-6.46355
-6.42247
-6.38138
-6.34030
-6.29921
-6.25813
-6.21704
-6.17596
-6.13487
-6.09379
-6.05270
-6.01162
-5.97053
-5.92944
-5.88836
-5.84727
-5.80619
-5.76510
-5.72402
-5.68293
-5.64185
-5.60076
-5.55968
-5.51859
-5.47751
-5.43642
-5.39534
-5.35425
-5.31317
-5.27208
-5.23100
-5.18991
-5.14883
-5.10774
-5.06666
-5.02557
-5.02557
-5.02557
-5.02557
-5.02557
-5.02557
-5.02557
-5.02557
-5.02557
-5.02557
-5.02557
-5.02557
-5.02557
-5.02557
-5.02557
-5.02557
-5.02557
-5.02557
-5.02557
-5.02557
-5.02557
-5.02557
-5.02557
-5.02557
-5.02557
-5.02557
-5.02557
-5.02557
-5.02557
-5.02557
-5.02557
-5.02557
-5.02557
-4.99248
-4.95938
-4.92628
-4.89319
-4.84484
-4.79650
-4.74815
-4.69980
-4.65146
-4.60312
-4.55478
-4.50643
-4.45891
-4.41139
-4.36386
-4.31634
-4.26904
-4.22173
-4.17443
-4.12713
-4.08090
-4.03467
-3.98844
-3.94222
-3.89674
-3.85126
-3.80579
-3.76031
-3.71616
-3.67202
-3.62788
-3.58373
-3.54016
-3.49659
-3.45302
-3.40945
-3.37007
-3.33069
-3.29131
-3.25193
-3.21079
-3.16965
-3.12851
-3.08737
-3.05501
-3.02266
-2.99031
-2.95796
-2.92204
-2.88613
-2.85022
-2.81430
-2.78499
-2.75567
-2.72636
-2.69705
-2.66540
-2.63375
-2.60211
-2.57046
-2.53799
-2.50551
-2.47304
-2.44057
-2.40586
-2.37115
-2.33644
-2.30172
-2.26483
-2.22793
-2.19103
-2.15414
-2.11548
-2.07683
-2.03817
-1.99952
-1.96041
-1.92130
-1.88219
-1.84308
-1.80542
-1.76775
-1.73009
-1.69243
-1.65367
-1.61491
-1.57615
-1.53740
-1.50295
-1.46851
-1.43407
-1.39963
-1.36248
-1.32533
-1.28818
-1.25103
-1.22046
-1.18989
-1.15931
-1.12874
-1.09550
-1.06225
-1.02901
-0.99576
-0.96788
-0.94001
-0.91213
-0.88426
-0.85658
-0.82891
-0.80124
-0.77356
-0.74728
-0.72099
-0.69470
-0.66842
-0.64550
-0.62258
-0.59966
-0.57674
-0.55242
-0.52810
-0.50379
-0.47947
-0.45821
-0.43696
-0.41570
-0.39445
-0.37125
-0.34805
-0.32485
-0.30165
-0.28106
-0.26046
-0.23987
-0.21927
-0.19662
-0.17397
-0.15132
-0.12866
-0.10930
-0.08993
-0.07057
-0.05120
-0.02929
-0.00737
0.01455
0.03646
0.05527
0.07407
0.09287
0.11167
0.13269
0.15370
0.17472
0.19574
0.21766
0.23958
0.26150
0.28342
0.30683
0.33024
0.35366
0.37707
0.40315
0.42923
0.45531
0.48139
0.50838
0.53537
0.56237
0.58936
0.61852
0.64767
0.67683
0.70599
0.73495
0.76391
0.79287
0.82183
0.85283
0.88383
0.91483
0.94584
0.97505
1.00426
1.03347
1.06268
1.09474
1.12681
1.15887
1.19094
1.22127
1.25160
1.28193
1.31226
1.34597
1.37968
1.41339
1.44710
1.47706
1.50702
1.53698
1.56694
1.59895
1.63096
1.66297
1.69498
1.72545
1.75593
1.78641
1.81689
1.84740
1.87792
1.90844
1.93895
1.97003
2.00111
2.03219
2.06327
2.09331
2.12335
2.15339
2.18343
2.21519
2.24695
2.27870
2.31046
2.34089
2.37131
2.40174
2.43217
2.46420
2.49623
2.52826
2.56030
2.58948
2.61867
2.64785
2.67703
2.70815
2.73926
2.77038
2.80149
2.82951
2.85754
2.88556
2.91358
-11.14176
-11.10111
-11.06047
-11.01982
-10.97917
-10.93853
-10.89788
-10.85724
-10.81659
-10.77594
-10.73530
-10.69465
-10.65401
-10.61336
-10.57271
-10.53207
-10.49142
-10.45078
-10.41013
-10.36948
-10.32884
-10.28819
-10.24755
-10.20690
-10.16625
-10.12561
-10.08496
-10.04432
-10.00367
-9.96302
-9.92238
-9.88173
-9.84108
-9.80044
-9.75979
-9.71915
-9.67850
-9.63785
-9.59721
-9.55656
-9.51592
-9.47527
-9.43462
-9.39398
-9.35333
-9.31269
-9.27204
-9.23139
-9.19075
-9.15010
-9.10946
-9.06881
-9.02816
-8.98752
-8.94687
-8.90623
-8.86558
-8.82493
-8.78429
-8.74364
-8.70300
-8.66235
-8.62170
-8.58106
-8.54041
-8.49977
-8.45912
-8.41847
-8.37783
-8.33718
-8.29654
-8.25589
-8.21524
-8.17460
-8.13395
-8.09331
-8.05266
-8.01201
-7.97137
-7.93072
-7.89008
-7.84943
-7.80878
-7.76814
-7.72749
-7.68685
-7.64620
-7.60555
-7.56491
-7.52426
-7.48362
-7.44297
-7.40232
-7.36168
-7.32103
-7.28039
-7.23974
-7.19909
-7.15845
-7.11780
-7.07716
-7.03651
-6.99586
-6.95522
-6.91457
-6.87393
-6.83328
-6.79263
-6.75199
-6.71134
-6.67070
-6.63005
-6.58940
-6.54876
-6.50811
-6.46747
-6.42682
-6.38617
-6.34553
-6.30488
-6.26424
-6.22359
-6.18294
-6.14230
-6.10165
-6.06101
-6.02036
-5.97971
-5.93907
-5.89842
-5.85778
-5.81713
-5.77648
-5.73584
-5.69519
-5.65455
-5.61390
-5.57325
-5.53261
-5.49196
-5.45132
-5.45132
-5.45132
-5.45132
-5.45132
-5.45132
-5.45132
-5.45132
-5.45132
-5.45132
-5.45132
-5.45132
-5.45132
-5.45132
-5.45132
-5.45132
-5.45132
-5.45132
-5.45132
-5.45132
-5.45132
-5.45132
-5.45132
-5.45132
-5.45132
-5.45132
-5.45132
-5.45132
-5.45132
-5.45132
-5.45132
-5.45132
-5.45132
-5.42774
-5.40417
-5.38059
-5.35702
-5.30960
-5.26218
-5.21476
-5.16734
-5.11944
-5.07154
-5.02365
-4.97575
-4.92938
-4.88301
-4.83664
-4.79027
-4.74330
-4.69632
-4.64934
-4.60237
-4.55713
-4.51190
-4.46667
-4.42144
-4.37600
-4.33055
-4.28511
-4.23967
-4.19524
-4.15082
-4.10639
-4.06197
-4.01747
-3.97297
-3.92847
-3.88398
-3.84188
-3.79979
-3.75770
-3.71561
-3.67228
-3.62895
-3.58562
-3.54229
-3.50401
-3.46573
-3.42746
-3.38918
-3.34883
-3.30848
-3.26814
-3.22779
-3.19105
-3.15431
-3.11758
-3.08084
-3.04290
-3.00496
-2.96702
-2.92908
-2.89024
-2.85141
-2.81257
-2.77374
-2.73390
-2.69405
-2.65421
-2.61436
-2.57284
-2.53131
-2.48978
-2.44826
-2.40610
-2.36395
-2.32180
-2.27964
-2.23692
-2.19420
-2.15148
-2.10876
-2.06746
-2.02616
-1.98486
-1.94357
-1.90148
-1.85939
-1.81729
-1.77520
-1.73620
-1.69719
-1.65819
-1.61918
-1.57876
-1.53833
-1.49791
-1.45748
-1.42135
-1.38522
-1.34909
-1.31296
-1.27630
-1.23964
-1.20298
-1.16632
-1.13254
-1.09876
-1.06498
-1.03121
-1.00035
-0.96949
-0.93863
-0.90777
-0.87601
-0.84425
-0.81250
-0.78074
-0.75550
-0.73026
-0.70502
-0.67978
-0.65163
-0.62348
-0.59532
-0.56717
-0.54411
-0.52105
-0.49800
-0.47494
-0.44964
-0.42434
-0.39904
-0.37374
-0.35174
-0.32973
-0.30773
-0.28572
-0.26243
-0.23914
-0.21585
-0.19257
-0.17162
-0.15068
-0.12973
-0.10879
-0.08714
-0.06549
-0.04384
-0.02219
-0.00159
0.01901
0.03961
0.06020
0.08079
0.10137
0.12196
0.14254
0.16541
0.18827
0.21114
0.23400
0.25623
0.27846
0.30068
0.32291
0.34903
0.37514
0.40126
0.42738
0.45260
0.47782
0.50304
0.52826
0.55692
0.58557
0.61422
0.64288
0.67066
0.69844
0.72622
0.75399
0.78445
0.81491
0.84537
0.87583
0.90494
0.93404
0.96315
0.99225
1.02375
1.05524
1.08673
1.11822
1.14914
1.18006
1.21098
1.24190
1.27490
1.30791
1.34092
1.37393
1.40539
1.43686
1.46832
1.49979
1.53102
1.56226
1.59349
1.62472
1.65666
1.68859
1.72052
1.75245
1.78214
1.81182
1.84151
1.87119
1.90334
1.93548
1.96763
1.99977
2.02910
2.05842
2.08774
2.11706
2.14919
2.18132
2.21345
2.24558
2.27552
2.30545
2.33539
2.36533
2.39723
2.42914
2.46105
2.49296
2.52209
2.55123
2.58036
2.60950
2.63982
2.67015
2.70047
2.73080
2.75929
2.78778
2.81628
2.84477
-11.50604
-11.46583
-11.42562
-11.38541
-11.34521
-11.30500
-11.26479
-11.22459
-11.18438
-11.14417
-11.10397
-11.06376
-11.02355
-10.98334
-10.94314
-10.90293
-10.86272
-10.82252
-10.78231
-10.74210
-10.70190
-10.66169
-10.62148
-10.58127
-10.54107
-10.50086
-10.46065
-10.42045
-10.38024
-10.34003
-10.29983
-10.25962
-10.21941
-10.17920
-10.13900
-10.09879
-10.05858
-10.01838
-9.97817
-9.93796
-9.89776
-9.85755
-9.81734
-9.77713
-9.73693
-9.69672
-9.65651
-9.61631
-9.57610
-9.53589
-9.49569
-9.45548
-9.41527
-9.37506
-9.33486
-9.29465
-9.25444
-9.21424
-9.17403
-9.13382
-9.09362
-9.05341
-9.01320
-8.97299
-8.93279
-8.89258
-8.85237
-8.81217
-8.77196
-8.73175
-8.69155
-8.65134
-8.61113
-8.57092
-8.53072
-8.49051
-8.45030
-8.41010
-8.36989
-8.32968
-8.28948
-8.24927
-8.20906
-8.16885
-8.12865
-8.08844
-8.04823
-8.00803
-7.96782
-7.92761
-7.88741
-7.84720
-7.80699
-7.76678
-7.72658
-7.68637
-7.64616
-7.60596
-7.56575
-7.52554
-7.48534
-7.44513
-7.40492
-7.36471
-7.32451
-7.28430
-7.24409
-7.20389
-7.16368
-7.12347
-7.08327
-7.04306
-7.00285
-6.96264
-6.92244
-6.88223
-6.84202
-6.80182
-6.76161
-6.72140
-6.68120
-6.64099
-6.60078
-6.56057
-6.52037
-6.48016
-6.43995
-6.39975
-6.35954
-6.31933
-6.27913
-6.23892
-6.19871
-6.15850
-6.11830
-6.07809
-6.03788
-5.99768
-5.95747
-5.91726
-5.87706
-5.87706
-5.87706
-5.87706
-5.87706
-5.87706
-5.87706
-5.87706
-5.87706
-5.87706
-5.87706
-5.87706
-5.87706
-5.87706
-5.87706
-5.87706
-5.87706
-5.87706
-5.87706
-5.87706
-5.87706
-5.87706
-5.87706
-5.87706
-5.87706
-5.87706
-5.87706
-5.87706
-5.87706
-5.87706
-5.87706
-5.87706
-5.87706
-5.86301
-5.84895
-5.83490
-5.82085
-5.77436
-5.72786
-5.68136
-5.63487
-5.58742
-5.53997
-5.49251
-5.44506
-5.39985
-5.35464
-5.30942
-5.26421
-5.21756
-5.17091
-5.12426
-5.07760
-5.03337
-4.98913
-4.94490
-4.90066
-4.85526
-4.80985
-4.76444
-4.71903
-4.67432
-4.62962
-4.58491
-4.54020
-4.49478
-4.44936
-4.40393
-4.35851
-4.31370
-4.26890
-4.22409
-4.17929
-4.13377
-4.08825
-4.04273
-3.99721
-3.95301
-3.90881
-3.86460
-3.82040
-3.77562
-3.73084
-3.68606
-3.64128
-3.59711
-3.55295
-3.50879
-3.46463
-3.42040
-3.37616
-3.33193
-3.28769
-3.24250
-3.19730
-3.15211
-3.10691
-3.06194
-3.01696
-2.97198
-2.92700
-2.88085
-2.83469
-2.78854
-2.74238
-2.69673
-2.65107
-2.60542
-2.55976
-2.51343
-2.46710
-2.42077
-2.37444
-2.32950
-2.28457
-2.23964
-2.19471
-2.14928
-2.10386
-2.05844
-2.01301
-1.96944
-1.92587
-1.88231
-1.83874
-1.79504
-1.75133
-1.70763
-1.66393
-1.62224
-1.58055
-1.53886
-1.49717
-1.45710
-1.41702
-1.37695
-1.33687
-1.29719
-1.25751
-1.21784
-1.17816
-1.14411
-1.11006
-1.07602
-1.04197
-1.00474
-0.96751
-0.93029
-0.89306
-0.86550
-0.83794
-0.81039
-0.78283
-0.75084
-0.71885
-0.68686
-0.65487
-0.63001
-0.60515
-0.58029
-0.55543
-0.52803
-0.50063
-0.47323
-0.44583
-0.42241
-0.39900
-0.37558
-0.35217
-0.32824
-0.30432
-0.28039
-0.25647
-0.23394
-0.21142
-0.18890
-0.16637
-0.14499
-0.12361
-0.10223
-0.08084
-0.05845
-0.03605
-0.01366
0.00874
0.02889
0.04904
0.06919
0.08934
0.11315
0.13697
0.16078
0.18459
0.20563
0.22667
0.24771
0.26875
0.29490
0.32106
0.34721
0.37337
0.39682
0.42027
0.44371
0.46716
0.49531
0.52347
0.55162
0.57977
0.60637
0.63296
0.65956
0.68616
0.71608
0.74599
0.77591
0.80582
0.83482
0.86383
0.89283
0.92183
0.95275
0.98367
1.01459
1.04551
1.07701
1.10852
1.14002
1.17153
1.20384
1.23614
1.26845
1.30075
1.33372
1.36669
1.39966
1.43263
1.46309
1.49355
1.52401
1.55447
1.58786
1.62125
1.65463
1.68802
1.71687
1.74573
1.77458
1.80343
1.83664
1.86985
1.90306
1.93628
1.96488
1.99349
2.02209
2.05070
2.08320
2.11570
2.14820
2.18070
2.21014
2.23959
2.26904
2.29849
2.33027
2.36205
2.39383
2.42561
2.45470
2.48379
2.51288
2.54196
2.57150
2.60103
2.63057
2.66010
2.68907
2.71803
2.74700
2.77596
-11.54483
-11.50636
-11.46789
-11.42943
-11.39096
-11.35249
-11.31402
-11.27555
-11.23709
-11.19862
-11.16015
-11.12168
-11.08321
-11.04475
-11.00628
-10.96781
-10.92934
-10.89088
-10.85241
-10.81394
-10.77547
-10.73700
-10.69854
-10.66007
-10.62160
-10.58313
-10.54467
-10.50620
-10.46773
-10.42926
-10.39079
-10.35233
-10.31386
-10.27539
-10.23692
-10.19846
-10.15999
-10.12152
-10.08305
-10.04458
-10.00612
-9.96765
-9.92918
-9.89071
-9.85225
-9.81378
-9.77531
-9.73684
-9.69837
-9.65991
-9.62144
-9.58297
-9.54450
-9.50604
-9.46757
-9.42910
-9.39063
-9.35216
-9.31370
-9.27523
-9.23676
-9.19829
-9.15983
-9.12136
-9.08289
-9.04442
-9.00595
-8.96749
-8.92902
-8.89055
-8.85208
-8.81362
-8.77515
-8.73668
-8.69821
-8.65974
-8.62128
-8.58281
-8.54434
-8.50587
-8.46741
-8.42894
-8.39047
-8.35200
-8.31353
-8.27507
-8.23660
-8.19813
-8.15966
-8.12120
-8.08273
-8.04426
-8.00579
-7.96732
-7.92886
-7.89039
-7.85192
-7.81345
-7.77499
-7.73652
-7.69805
-7.65958
-7.62111
-7.58265
-7.54418
-7.50571
-7.46724
-7.42878
-7.39031
-7.35184
-7.31337
-7.27490
-7.23644
-7.19797
-7.15950
-7.12103
-7.08257
-7.04410
-7.00563
-6.96716
-6.92869
-6.89023
-6.85176
-6.81329
-6.77482
-6.73636
-6.69789
-6.65942
-6.62095
-6.58248
-6.54402
-6.50555
-6.46708
-6.42861
-6.39015
-6.35168
-6.31321
-6.27474
-6.23627
-6.19781
-6.15934
-6.15934
-6.15934
-6.15934
-6.15934
-6.15934
-6.15934
-6.15934
-6.15934
-6.15934
-6.15934
-6.15934
-6.15934
-6.15934
-6.15934
-6.15934
-6.15934
-6.15934
-6.15934
-6.15934
-6.15934
-6.15934
-6.15934
-6.15934
-6.15934
-6.15934
-6.15934
-6.15934
-6.15934
-6.15934
-6.15934
-6.15934
-6.15934
-6.15132
-6.14331
-6.13529
-6.12728
-6.08473
-6.04218
-5.99964
-5.95709
-5.91052
-5.86394
-5.81737
-5.77080
-5.72637
-5.68193
-5.63750
-5.59307
-5.54715
-5.50123
-5.45531
-5.40939
-5.36551
-5.32162
-5.27774
-5.23386
-5.18867
-5.14349
-5.09830
-5.05312
-5.00811
-4.96310
-4.91808
-4.87307
-4.82731
-4.78155
-4.73578
-4.69002
-4.64381
-4.59760
-4.55140
-4.50519
-4.45887
-4.41254
-4.36622
-4.31990
-4.27299
-4.22607
-4.17916
-4.13225
-4.08573
-4.03921
-3.99269
-3.94617
-3.89885
-3.85153
-3.80422
-3.75690
-3.71036
-3.66383
-3.61729
-3.57076
-3.52341
-3.47606
-3.42871
-3.38136
-3.33477
-3.28817
-3.24158
-3.19498
-3.14776
-3.10054
-3.05332
-3.00609
-2.95946
-2.91283
-2.86620
-2.81957
-2.77245
-2.72533
-2.67821
-2.63109
-2.58478
-2.53846
-2.49214
-2.44582
-2.39946
-2.35310
-2.30674
-2.26039
-2.21472
-2.16905
-2.12338
-2.07772
-2.03270
-1.98768
-1.94267
-1.89765
-1.85314
-1.80862
-1.76410
-1.71958
-1.67736
-1.63514
-1.59292
-1.55069
-1.50767
-1.46465
-1.42162
-1.37860
-1.34147
-1.30434
-1.26721
-1.23008
-1.18940
-1.14873
-1.10805
-1.06738
-1.03605
-1.00473
-0.97341
-0.94208
-0.90670
-0.87132
-0.83593
-0.80055
-0.77182
-0.74309
-0.71435
-0.68562
-0.65531
-0.62501
-0.59470
-0.56439
-0.53722
-0.51004
-0.48286
-0.45568
-0.42979
-0.40389
-0.37800
-0.35211
-0.32625
-0.30039
-0.27453
-0.24867
-0.22604
-0.20341
-0.18079
-0.15816
-0.13330
-0.10845
-0.08360
-0.05874
-0.03763
-0.01652
0.00458
0.02569
0.05054
0.07538
0.10022
0.12507
0.14648
0.16790
0.18932
0.21073
0.23673
0.26273
0.28872
0.31472
0.33800
0.36129
0.38457
0.40785
0.43519
0.46252
0.48986
0.51719
0.54357
0.56995
0.59633
0.62271
0.65146
0.68022
0.70897
0.73773
0.76682
0.79592
0.82501
0.85410
0.88378
0.91346
0.94314
0.97282
1.00438
1.03595
1.06752
1.09908
1.13054
1.16199
1.19345
1.22491
1.25846
1.29201
1.32557
1.35912
1.38943
1.41973
1.45004
1.48035
1.51429
1.54824
1.58219
1.61614
1.64530
1.67446
1.70363
1.73279
1.76626
1.79972
1.83319
1.86666
1.89575
1.92485
1.95394
1.98304
2.01530
2.04756
2.07982
2.11209
2.14200
2.17192
2.20184
2.23176
2.26303
2.29431
2.32559
2.35687
2.38676
2.41665
2.44654
2.47643
2.50503
2.53362
2.56221
2.59080
2.62025
2.64970
2.67915
2.70860
-11.30469
-11.26908
-11.23346
-11.19785
-11.16224
-11.12662
-11.09101
-11.05539
-11.01978
-10.98416
-10.94855
-10.91294
-10.87732
-10.84171
-10.80609
-10.77048
-10.73486
-10.69925
-10.66364
-10.62802
-10.59241
-10.55679
-10.52118
-10.48556
-10.44995
-10.41433
-10.37872
-10.34311
-10.30749
-10.27188
-10.23626
-10.20065
-10.16503
-10.12942
-10.09381
-10.05819
-10.02258
-9.98696
-9.95135
-9.91573
-9.88012
-9.84451
-9.80889
-9.77328
-9.73766
-9.70205
-9.66643
-9.63082
-9.59520
-9.55959
-9.52398
-9.48836
-9.45275
-9.41713
-9.38152
-9.34590
-9.31029
-9.27468
-9.23906
-9.20345
-9.16783
-9.13222
-9.09660
-9.06099
-9.02537
-8.98976
-8.95415
-8.91853
-8.88292
-8.84730
-8.81169
-8.77607
-8.74046
-8.70485
-8.66923
-8.63362
-8.59800
-8.56239
-8.52677
-8.49116
-8.45555
-8.41993
-8.38432
-8.34870
-8.31309
-8.27747
-8.24186
-8.20624
-8.17063
-8.13502
-8.09940
-8.06379
-8.02817
-7.99256
-7.95694
-7.92133
-7.88572
-7.85010
-7.81449
-7.77887
-7.74326
-7.70764
-7.67203
-7.63642
-7.60080
-7.56519
-7.52957
-7.49396
-7.45834
-7.42273
-7.38711
-7.35150
-7.31589
-7.28027
-7.24466
-7.20904
-7.17343
-7.13781
-7.10220
-7.06659
-7.03097
-6.99536
-6.95974
-6.92413
-6.88851
-6.85290
-6.81728
-6.78167
-6.74606
-6.71044
-6.67483
-6.63921
-6.60360
-6.56798
-6.53237
-6.49676
-6.46114
-6.42553
-6.38991
-6.35430
-6.31868
-6.31868
-6.31868
-6.31868
-6.31868
-6.31868
-6.31868
-6.31868
-6.31868
-6.31868
-6.31868
-6.31868
-6.31868
-6.31868
-6.31868
-6.31868
-6.31868
-6.31868
-6.31868
-6.31868
-6.31868
-6.31868
-6.31868
-6.31868
-6.31868
-6.31868
-6.31868
-6.31868
-6.31868
-6.31868
-6.31868
-6.31868
-6.31868
-6.31372
-6.30875
-6.30379
-6.29882
-6.26281
-6.22680
-6.19079
-6.15478
-6.10946
-6.06414
-6.01881
-5.97349
-5.92952
-5.88555
-5.84158
-5.79761
-5.75277
-5.70793
-5.66308
-5.61824
-5.57416
-5.53007
-5.48599
-5.44190
-5.39711
-5.35231
-5.30751
-5.26272
-5.21738
-5.17204
-5.12671
-5.08137
-5.03577
-4.99017
-4.94457
-4.89898
-4.85249
-4.80600
-4.75951
-4.71302
-4.66708
-4.62114
-4.57520
-4.52926
-4.48240
-4.43553
-4.38867
-4.34181
-4.29586
-4.24990
-4.20395
-4.15800
-4.11119
-4.06437
-4.01756
-3.97074
-3.92532
-3.87991
-3.83449
-3.78907
-3.74318
-3.69728
-3.65139
-3.60549
-3.56029
-3.51509
-3.46989
-3.42469
-3.37945
-3.33422
-3.28898
-3.24375
-3.19831
-3.15286
-3.10742
-3.06198
-3.01649
-2.97100
-2.92551
-2.88002
-2.83424
-2.78846
-2.74269
-2.69691
-2.65167
-2.60643
-2.56120
-2.51596
-2.47030
-2.42465
-2.37899
-2.33334
-2.28869
-2.24404
-2.19940
-2.15475
-2.10974
-2.06474
-2.01973
-1.97473
-1.93144
-1.88816
-1.84488
-1.80159
-1.75742
-1.71324
-1.66906
-1.62489
-1.58476
-1.54463
-1.50450
-1.46437
-1.42199
-1.37960
-1.33721
-1.29483
-1.25850
-1.22217
-1.18583
-1.14950
-1.11111
-1.07272
-1.03432
-0.99593
-0.96155
-0.92716
-0.89278
-0.85840
-0.82450
-0.79059
-0.75669
-0.72278
-0.68983
-0.65687
-0.62391
-0.59095
-0.56195
-0.53295
-0.50395
-0.47495
-0.44424
-0.41354
-0.38284
-0.35213
-0.32697
-0.30180
-0.27664
-0.25147
-0.22359
-0.19570
-0.16782
-0.13994
-0.11668
-0.09343
-0.07017
-0.04692
-0.02097
0.00498
0.03094
0.05689
0.08002
0.10315
0.12628
0.14941
0.17508
0.20075
0.22643
0.25210
0.27659
0.30109
0.32558
0.35008
0.37632
0.40257
0.42882
0.45507
0.48206
0.50904
0.53603
0.56301
0.59008
0.61714
0.64421
0.67128
0.70063
0.72998
0.75933
0.78868
0.81655
0.84442
0.87229
0.90016
0.93133
0.96250
0.99367
1.02484
1.05533
1.08581
1.11630
1.14678
1.18012
1.21347
1.24681
1.28016
1.31084
1.34153
1.37221
1.40290
1.43664
1.47038
1.50413
1.53787
1.56832
1.59878
1.62923
1.65969
1.69271
1.72574
1.75876
1.79179
1.82241
1.85303
1.88366
1.91428
1.94578
1.97728
2.00878
2.04028
2.07149
2.10270
2.13391
2.16513
2.19557
2.22602
2.25647
2.28691
2.31834
2.34977
2.38120
2.41262
2.44014
2.46766
2.49518
2.52270
2.55264
2.58259
2.61254
2.64249
-11.06456
-11.03180
-10.99904
-10.96628
-10.93352
-10.90075
-10.86799
-10.83523
-10.80247
-10.76971
-10.73695
-10.70419
-10.67143
-10.63867
-10.60591
-10.57314
-10.54038
-10.50762
-10.47486
-10.44210
-10.40934
-10.37658
-10.34382
-10.31106
-10.27830
-10.24554
-10.21277
-10.18001
-10.14725
-10.11449
-10.08173
-10.04897
-10.01621
-9.98345
-9.95069
-9.91793
-9.88517
-9.85240
-9.81964
-9.78688
-9.75412
-9.72136
-9.68860
-9.65584
-9.62308
-9.59032
-9.55756
-9.52480
-9.49203
-9.45927
-9.42651
-9.39375
-9.36099
-9.32823
-9.29547
-9.26271
-9.22995
-9.19719
-9.16443
-9.13166
-9.09890
-9.06614
-9.03338
-9.00062
-8.96786
-8.93510
-8.90234
-8.86958
-8.83682
-8.80405
-8.77129
-8.73853
-8.70577
-8.67301
-8.64025
-8.60749
-8.57473
-8.54197
-8.50921
-8.47645
-8.44368
-8.41092
-8.37816
-8.34540
-8.31264
-8.27988
-8.24712
-8.21436
-8.18160
-8.14884
-8.11608
-8.08331
-8.05055
-8.01779
-7.98503
-7.95227
-7.91951
-7.88675
-7.85399
-7.82123
-7.78847
-7.75571
-7.72294
-7.69018
-7.65742
-7.62466
-7.59190
-7.55914
-7.52638
-7.49362
-7.46086
-7.42810
-7.39534
-7.36257
-7.32981
-7.29705
-7.26429
-7.23153
-7.19877
-7.16601
-7.13325
-7.10049
-7.06773
-7.03497
-7.00220
-6.96944
-6.93668
-6.90392
-6.87116
-6.83840
-6.80564
-6.77288
-6.74012
-6.70736
-6.67459
-6.64183
-6.60907
-6.57631
-6.54355
-6.51079
-6.47803
-6.47803
-6.47803
-6.47803
-6.47803
-6.47803
-6.47803
-6.47803
-6.47803
-6.47803
-6.47803
-6.47803
-6.47803
-6.47803
-6.47803
-6.47803
-6.47803
-6.47803
-6.47803
-6.47803
-6.47803
-6.47803
-6.47803
-6.47803
-6.47803
-6.47803
-6.47803
-6.47803
-6.47803
-6.47803
-6.47803
-6.47803
-6.47803
-6.47611
-6.47420
-6.47228
-6.47036
-6.44089
-6.41142
-6.38195
-6.35248
-6.30840
-6.26433
-6.22025
-6.17618
-6.13267
-6.08916
-6.04565
-6.00214
-5.95838
-5.91462
-5.87086
-5.82710
-5.78281
-5.73852
-5.69424
-5.64995
-5.60554
-5.56113
-5.51672
-5.47232
-5.42665
-5.38099
-5.33533
-5.28967
-5.24423
-5.19880
-5.15336
-5.10793
-5.06116
-5.01439
-4.96762
-4.92085
-4.87529
-4.82973
-4.78417
-4.73862
-4.69180
-4.64499
-4.59818
-4.55137
-4.50599
-4.46060
-4.41522
-4.36983
-4.32352
-4.27721
-4.23090
-4.18458
-4.14028
-4.09599
-4.05169
-4.00739
-3.96295
-3.91850
-3.87406
-3.82962
-3.78581
-3.74201
-3.69820
-3.65440
-3.61115
-3.56790
-3.52465
-3.48140
-3.43715
-3.39289
-3.34864
-3.30438
-3.26052
-3.21666
-3.17281
-3.12895
-3.08371
-3.03847
-2.99324
-2.94800
-2.90388
-2.85977
-2.81565
-2.77153
-2.72589
-2.68025
-2.63460
-2.58896
-2.54468
-2.50040
-2.45612
-2.41185
-2.36635
-2.32086
-2.27537
-2.22987
-2.18553
-2.14118
-2.09684
-2.05249
-2.00716
-1.96183
-1.91650
-1.87117
-1.82805
-1.78492
-1.74179
-1.69866
-1.65457
-1.61047
-1.56638
-1.52228
-1.48094
-1.43960
-1.39826
-1.35692
-1.31552
-1.27411
-1.23271
-1.19130
-1.15127
-1.11124
-1.07121
-1.03118
-0.99368
-0.95618
-0.91868
-0.88117
-0.84244
-0.80370
-0.76496
-0.72622
-0.69411
-0.66200
-0.62990
-0.59779
-0.56224
-0.52669
-0.49115
-0.45560
-0.42790
-0.40019
-0.37249
-0.34478
-0.31387
-0.28296
-0.25204
-0.22113
-0.19573
-0.17033
-0.14493
-0.11953
-0.09247
-0.06541
-0.03835
-0.01130
0.01355
0.03839
0.06324
0.08808
0.11343
0.13878
0.16413
0.18948
0.21519
0.24089
0.26659
0.29230
0.31746
0.34263
0.36779
0.39295
0.42054
0.44813
0.47573
0.50332
0.52869
0.55407
0.57945
0.60482
0.63443
0.66404
0.69366
0.72327
0.74932
0.77538
0.80143
0.82749
0.85827
0.88905
0.91983
0.95061
0.98012
1.00963
1.03914
1.06865
1.10179
1.13492
1.16806
1.20120
1.23226
1.26333
1.29439
1.32545
1.35899
1.39253
1.42606
1.45960
1.49134
1.52309
1.55483
1.58658
1.61917
1.65175
1.68434
1.71692
1.74907
1.78122
1.81337
1.84551
1.87625
1.90699
1.93773
1.96847
2.00098
2.03348
2.06599
2.09849
2.12811
2.15773
2.18734
2.21696
2.24992
2.28289
2.31585
2.34881
2.37526
2.40170
2.42815
2.45459
2.48504
2.51548
2.54592
2.57637
-11.06499
-11.03331
-11.00163
-10.96995
-10.93827
-10.90660
-10.87492
-10.84324
-10.81156
-10.77988
-10.74820
-10.71653
-10.68485
-10.65317
-10.62149
-10.58981
-10.55813
-10.52645
-10.49478
-10.46310
-10.43142
-10.39974
-10.36806
-10.33638
-10.30471
-10.27303
-10.24135
-10.20967
-10.17799
-10.14631
-10.11463
-10.08296
-10.05128
-10.01960
-9.98792
-9.95624
-9.92456
-9.89289
-9.86121
-9.82953
-9.79785
-9.76617
-9.73449
-9.70281
-9.67114
-9.63946
-9.60778
-9.57610
-9.54442
-9.51274
-9.48107
-9.44939
-9.41771
-9.38603
-9.35435
-9.32267
-9.29099
-9.25932
-9.22764
-9.19596
-9.16428
-9.13260
-9.10092
-9.06925
-9.03757
-9.00589
-8.97421
-8.94253
-8.91085
-8.87917
-8.84750
-8.81582
-8.78414
-8.75246
-8.72078
-8.68910
-8.65742
-8.62575
-8.59407
-8.56239
-8.53071
-8.49903
-8.46735
-8.43568
-8.40400
-8.37232
-8.34064
-8.30896
-8.27728
-8.24560
-8.21393
-8.18225
-8.15057
-8.11889
-8.08721
-8.05553
-8.02386
-7.99218
-7.96050
-7.92882
-7.89714
-7.86546
-7.83378
-7.80211
-7.77043
-7.73875
-7.70707
-7.67539
-7.64371
-7.61204
-7.58036
-7.54868
-7.51700
-7.48532
-7.45364
-7.42196
-7.39029
-7.35861
-7.32693
-7.29525
-7.26357
-7.23189
-7.20022
-7.16854
-7.13686
-7.10518
-7.07350
-7.04182
-7.01014
-6.97847
-6.94679
-6.91511
-6.88343
-6.85175
-6.82007
-6.78840
-6.75672
-6.72504
-6.69336
-6.66168
-6.63000
-6.63000
-6.63000
-6.63000
-6.63000
-6.63000
-6.63000
-6.63000
-6.63000
-6.63000
-6.63000
-6.63000
-6.63000
-6.63000
-6.63000
-6.63000
-6.63000
-6.63000
-6.63000
-6.63000
-6.63000
-6.63000
-6.63000
-6.63000
-6.63000
-6.63000
-6.63000
-6.63000
-6.63000
-6.63000
-6.63000
-6.63000
-6.63000
-6.63000
-6.63000
-6.63000
-6.63000
-6.60776
-6.58551
-6.56326
-6.54101
-6.49987
-6.45874
-6.41760
-6.37647
-6.33464
-6.29281
-6.25098
-6.20915
-6.16686
-6.12456
-6.08226
-6.03997
-5.99600
-5.95203
-5.90806
-5.86409
-5.82018
-5.77628
-5.73238
-5.68848
-5.64282
-5.59715
-5.55149
-5.50583
-5.46062
-5.41541
-5.37020
-5.32499
-5.27826
-5.23154
-5.18481
-5.13808
-5.09275
-5.04741
-5.00207
-4.95674
-4.91015
-4.86357
-4.81698
-4.77040
-4.72523
-4.68006
-4.63489
-4.58972
-4.54382
-4.49792
-4.45203
-4.40613
-4.36211
-4.31808
-4.27406
-4.23003
-4.18614
-4.14224
-4.09834
-4.05445
-4.01088
-3.96732
-3.92375
-3.88019
-3.83764
-3.79510
-3.75256
-3.71001
-3.66600
-3.62198
-3.57797
-3.53396
-3.49075
-3.44754
-3.40434
-3.36113
-3.31604
-3.27094
-3.22585
-3.18075
-3.13711
-3.09347
-3.04983
-3.00619
-2.96061
-2.91504
-2.86946
-2.82389
-2.77979
-2.73569
-2.69160
-2.64750
-2.60205
-2.55661
-2.51116
-2.46571
-2.42078
-2.37586
-2.33093
-2.28601
-2.24035
-2.19469
-2.14904
-2.10338
-2.05834
-2.01330
-1.96826
-1.92322
-1.87829
-1.83335
-1.78841
-1.74348
-1.69882
-1.65417
-1.60952
-1.56486
-1.52145
-1.47804
-1.43462
-1.39121
-1.34732
-1.30343
-1.25953
-1.21564
-1.17530
-1.13497
-1.09463
-1.05430
-1.01158
-0.96887
-0.92615
-0.88344
-0.84810
-0.81276
-0.77742
-0.74208
-0.70286
-0.66363
-0.62440
-0.58518
-0.55409
-0.52301
-0.49192
-0.46084
-0.42702
-0.39321
-0.35940
-0.32559
-0.29692
-0.26824
-0.23956
-0.21089
-0.18216
-0.15343
-0.12471
-0.09598
-0.06829
-0.04060
-0.01291
0.01478
0.04043
0.06609
0.09174
0.11739
0.14491
0.17243
0.19996
0.22748
0.25223
0.27697
0.30171
0.32646
0.35470
0.38294
0.41119
0.43943
0.46403
0.48863
0.51323
0.53783
0.56736
0.59690
0.62643
0.65596
0.68124
0.70653
0.73181
0.75709
0.78722
0.81735
0.84749
0.87762
0.90664
0.93567
0.96470
0.99373
1.02619
1.05864
1.09110
1.12356
1.15505
1.18654
1.21803
1.24951
1.28244
1.31536
1.34828
1.38120
1.41410
1.44700
1.47990
1.51280
1.54482
1.57685
1.60887
1.64090
1.67431
1.70772
1.74113
1.77454
1.80484
1.83513
1.86542
1.89572
1.92909
1.96246
1.99583
2.02921
2.05851
2.08780
2.11710
2.14640
2.18001
2.21362
2.24723
2.28084
2.30722
2.33359
2.35997
2.38634
2.41685
2.44736
2.47787
2.50838
-11.47281
-11.43922
-11.40562
-11.37203
-11.33843
-11.30484
-11.27124
-11.23765
-11.20405
-11.17046
-11.13686
-11.10327
-11.06967
-11.03608
-11.00248
-10.96889
-10.93529
-10.90169
-10.86810
-10.83450
-10.80091
-10.76731
-10.73372
-10.70012
-10.66653
-10.63293
-10.59934
-10.56574
-10.53215
-10.49855
-10.46496
-10.43136
-10.39777
-10.36417
-10.33058
-10.29698
-10.26339
-10.22979
-10.19620
-10.16260
-10.12901
-10.09541
-10.06182
-10.02822
-9.99463
-9.96103
-9.92744
-9.89384
-9.86025
-9.82665
-9.79306
-9.75946
-9.72587
-9.69227
-9.65867
-9.62508
-9.59148
-9.55789
-9.52429
-9.49070
-9.45710
-9.42351
-9.38991
-9.35632
-9.32272
-9.28913
-9.25553
-9.22194
-9.18834
-9.15475
-9.12115
-9.08756
-9.05396
-9.02037
-8.98677
-8.95318
-8.91958
-8.88599
-8.85239
-8.81880
-8.78520
-8.75161
-8.71801
-8.68442
-8.65082
-8.61723
-8.58363
-8.55004
-8.51644
-8.48285
-8.44925
-8.41565
-8.38206
-8.34846
-8.31487
-8.28127
-8.24768
-8.21408
-8.18049
-8.14689
-8.11330
-8.07970
-8.04611
-8.01251
-7.97892
-7.94532
-7.91173
-7.87813
-7.84454
-7.81094
-7.77735
-7.74375
-7.71016
-7.67656
-7.64297
-7.60937
-7.57578
-7.54218
-7.50859
-7.47499
-7.44140
-7.40780
-7.37421
-7.34061
-7.30702
-7.27342
-7.23983
-7.20623
-7.17264
-7.13904
-7.10544
-7.07185
-7.03825
-7.00466
-6.97106
-6.93747
-6.90387
-6.87028
-6.83668
-6.80309
-6.76949
-6.76949
-6.76949
-6.76949
-6.76949
-6.76949
-6.76949
-6.76949
-6.76949
-6.76949
-6.76949
-6.76949
-6.76949
-6.76949
-6.76949
-6.76949
-6.76949
-6.76949
-6.76949
-6.76949
-6.76949
-6.76949
-6.76949
-6.76949
-6.76949
-6.76949
-6.76949
-6.76949
-6.76949
-6.76949
-6.76949
-6.76949
-6.76949
-6.76949
-6.76949
-6.76949
-6.76949
-6.75563
-6.74176
-6.72789
-6.71403
-6.67869
-6.64336
-6.60802
-6.57269
-6.53460
-6.49652
-6.45844
-6.42035
-6.38017
-6.33999
-6.29981
-6.25963
-6.21686
-6.17408
-6.13131
-6.08853
-6.04534
-6.00214
-5.95895
-5.91575
-5.87064
-5.82553
-5.78042
-5.73531
-5.69042
-5.64554
-5.60065
-5.55576
-5.50963
-5.46350
-5.41737
-5.37124
-5.32586
-5.28047
-5.23509
-5.18970
-5.14364
-5.09758
-5.05151
-5.00545
-4.95990
-4.91434
-4.86879
-4.82324
-4.77761
-4.73199
-4.68636
-4.64074
-4.59555
-4.55037
-4.50518
-4.46000
-4.41511
-4.37023
-4.32534
-4.28045
-4.23517
-4.18990
-4.14462
-4.09934
-4.05533
-4.01133
-3.96732
-3.92331
-3.87794
-3.83256
-3.78718
-3.74180
-3.69759
-3.65338
-3.60917
-3.56497
-3.51934
-3.47371
-3.42808
-3.38245
-3.33819
-3.29393
-3.24967
-3.20541
-3.16000
-3.11459
-3.06917
-3.02376
-2.97953
-2.93530
-2.89107
-2.84685
-2.80235
-2.75785
-2.71335
-2.66885
-2.62416
-2.57946
-2.53477
-2.49008
-2.44549
-2.40091
-2.35632
-2.31174
-2.26663
-2.22152
-2.17641
-2.13130
-2.08699
-2.04268
-1.99838
-1.95407
-1.90898
-1.86388
-1.81879
-1.77369
-1.72997
-1.68624
-1.64252
-1.59879
-1.55407
-1.50934
-1.46461
-1.41988
-1.37800
-1.33613
-1.29425
-1.25238
-1.20874
-1.16510
-1.12146
-1.07782
-1.03904
-1.00026
-0.96149
-0.92271
-0.88177
-0.84083
-0.79990
-0.75896
-0.72307
-0.68719
-0.65130
-0.61541
-0.57892
-0.54243
-0.50594
-0.46944
-0.43558
-0.40172
-0.36786
-0.33400
-0.30266
-0.27131
-0.23996
-0.20861
-0.17616
-0.14370
-0.11125
-0.07880
-0.05179
-0.02478
0.00223
0.02924
0.05962
0.09000
0.12037
0.15075
0.17620
0.20165
0.22710
0.25254
0.28152
0.31050
0.33948
0.36846
0.39383
0.41920
0.44457
0.46994
0.49881
0.52769
0.55657
0.58545
0.61172
0.63799
0.66426
0.69053
0.71959
0.74864
0.77769
0.80674
0.83611
0.86548
0.89485
0.92422
0.95521
0.98620
1.01719
1.04818
1.08017
1.11215
1.14414
1.17612
1.20774
1.23936
1.27098
1.30260
1.33642
1.37023
1.40405
1.43787
1.46913
1.50038
1.53164
1.56290
1.59713
1.63137
1.66560
1.69984
1.73022
1.76060
1.79099
1.82137
1.85488
1.88840
1.92191
1.95543
1.98527
2.01512
2.04496
2.07481
2.10756
2.14032
2.17307
2.20583
2.23383
2.26184
2.28984
2.31784
2.34769
2.37753
2.40737
2.43721
-11.88064
-11.84512
-11.80961
-11.77410
-11.73859
-11.70308
-11.66756
-11.63205
-11.59654
-11.56103
-11.52552
-11.49001
-11.45449
-11.41898
-11.38347
-11.34796
-11.31245
-11.27694
-11.24142
-11.20591
-11.17040
-11.13489
-11.09938
-11.06386
-11.02835
-10.99284
-10.95733
-10.92182
-10.88631
-10.85079
-10.81528
-10.77977
-10.74426
-10.70875
-10.67323
-10.63772
-10.60221
-10.56670
-10.53119
-10.49568
-10.46016
-10.42465
-10.38914
-10.35363
-10.31812
-10.28260
-10.24709
-10.21158
-10.17607
-10.14056
-10.10505
-10.06953
-10.03402
-9.99851
-9.96300
-9.92749
-9.89197
-9.85646
-9.82095
-9.78544
-9.74993
-9.71442
-9.67890
-9.64339
-9.60788
-9.57237
-9.53686
-9.50135
-9.46583
-9.43032
-9.39481
-9.35930
-9.32379
-9.28827
-9.25276
-9.21725
-9.18174
-9.14623
-9.11072
-9.07520
-9.03969
-9.00418
-8.96867
-8.93316
-8.89764
-8.86213
-8.82662
-8.79111
-8.75560
-8.72009
-8.68457
-8.64906
-8.61355
-8.57804
-8.54253
-8.50701
-8.47150
-8.43599
-8.40048
-8.36497
-8.32946
-8.29394
-8.25843
-8.22292
-8.18741
-8.15190
-8.11639
-8.08087
-8.04536
-8.00985
-7.97434
-7.93883
-7.90331
-7.86780
-7.83229
-7.79678
-7.76127
-7.72576
-7.69024
-7.65473
-7.61922
-7.58371
-7.54820
-7.51268
-7.47717
-7.44166
-7.40615
-7.37064
-7.33513
-7.29961
-7.26410
-7.22859
-7.19308
-7.15757
-7.12205
-7.08654
-7.05103
-7.01552
-6.98001
-6.94450
-6.90898
-6.90898
-6.90898
-6.90898
-6.90898
-6.90898
-6.90898
-6.90898
-6.90898
-6.90898
-6.90898
-6.90898
-6.90898
-6.90898
-6.90898
-6.90898
-6.90898
-6.90898
-6.90898
-6.90898
-6.90898
-6.90898
-6.90898
-6.90898
-6.90898
-6.90898
-6.90898
-6.90898
-6.90898
-6.90898
-6.90898
-6.90898
-6.90898
-6.90898
-6.90898
-6.90898
-6.90898
-6.90350
-6.89802
-6.89253
-6.88705
-6.85751
-6.82798
-6.79844
-6.76890
-6.73457
-6.70023
-6.66589
-6.63155
-6.59349
-6.55543
-6.51736
-6.47930
-6.43772
-6.39614
-6.35456
-6.31298
-6.27049
-6.22801
-6.18552
-6.14303
-6.09847
-6.05391
-6.00935
-5.96479
-5.92023
-5.87567
-5.83110
-5.78654
-5.74101
-5.69547
-5.64993
-5.60440
-5.55896
-5.51353
-5.46810
-5.42266
-5.37713
-5.33159
-5.28605
-5.24051
-5.19457
-5.14863
-5.10270
-5.05676
-5.01140
-4.96605
-4.92069
-4.87534
-4.82900
-4.78265
-4.73631
-4.68997
-4.64409
-4.59822
-4.55234
-4.50646
-4.45947
-4.41248
-4.36548
-4.31849
-4.27302
-4.22755
-4.18208
-4.13662
-4.08987
-4.04313
-3.99638
-3.94964
-3.90443
-3.85922
-3.81401
-3.76880
-3.72264
-3.67647
-3.63031
-3.58415
-3.53927
-3.49439
-3.44951
-3.40464
-3.35939
-3.31414
-3.26889
-3.22364
-3.17927
-3.13491
-3.09055
-3.04619
-3.00264
-2.95909
-2.91554
-2.87199
-2.82753
-2.78307
-2.73861
-2.69415
-2.65063
-2.60712
-2.56361
-2.52009
-2.47491
-2.42973
-2.38455
-2.33937
-2.29569
-2.25202
-2.20835
-2.16467
-2.11914
-2.07360
-2.02806
-1.98252
-1.93849
-1.89445
-1.85041
-1.80638
-1.76081
-1.71525
-1.66969
-1.62412
-1.58071
-1.53729
-1.49387
-1.45045
-1.40589
-1.36132
-1.31676
-1.27220
-1.22998
-1.18777
-1.14555
-1.10334
-1.06069
-1.01804
-0.97539
-0.93274
-0.89206
-0.85137
-0.81068
-0.76999
-0.73082
-0.69164
-0.65247
-0.61330
-0.57425
-0.53521
-0.49616
-0.45712
-0.42315
-0.38918
-0.35521
-0.32125
-0.28403
-0.24681
-0.20959
-0.17238
-0.14401
-0.11564
-0.08727
-0.05891
-0.02567
0.00756
0.04079
0.07402
0.10017
0.12633
0.15248
0.17863
0.20835
0.23806
0.26777
0.29749
0.32362
0.34976
0.37590
0.40204
0.43026
0.45849
0.48671
0.51494
0.54220
0.56946
0.59671
0.62397
0.65195
0.67992
0.70789
0.73587
0.76558
0.79529
0.82500
0.85472
0.88424
0.91376
0.94328
0.97280
1.00528
1.03776
1.07025
1.10273
1.13305
1.16336
1.19368
1.22399
1.25873
1.29347
1.32820
1.36294
1.39343
1.42392
1.45441
1.48490
1.51996
1.55501
1.59007
1.62513
1.65560
1.68607
1.71655
1.74702
1.78068
1.81433
1.84799
1.88164
1.91204
1.94243
1.97282
2.00322
2.03512
2.06702
2.09892
2.13082
2.16045
2.19008
2.21972
2.24935
2.27852
2.30769
2.33686
2.36604
-11.88133
-11.84757
-11.81382
-11.78007
-11.74631
-11.71256
-11.67881
-11.64505
-11.61130
-11.57754
-11.54379
-11.51004
-11.47628
-11.44253
-11.40878
-11.37502
-11.34127
-11.30752
-11.27376
-11.24001
-11.20626
-11.17250
-11.13875
-11.10500
-11.07124
-11.03749
-11.00374
-10.96998
-10.93623
-10.90248
-10.86872
-10.83497
-10.80122
-10.76746
-10.73371
-10.69996
-10.66620
-10.63245
-10.59870
-10.56494
-10.53119
-10.49744
-10.46368
-10.42993
-10.39618
-10.36242
-10.32867
-10.29492
-10.26116
-10.22741
-10.19366
-10.15990
-10.12615
-10.09240
-10.05864
-10.02489
-9.99114
-9.95738
-9.92363
-9.88988
-9.85612
-9.82237
-9.78862
-9.75486
-9.72111
-9.68736
-9.65360
-9.61985
-9.58610
-9.55234
-9.51859
-9.48484
-9.45108
-9.41733
-9.38358
-9.34982
-9.31607
-9.28232
-9.24856
-9.21481
-9.18106
-9.14730
-9.11355
-9.07980
-9.04604
-9.01229
-8.97854
-8.94478
-8.91103
-8.87727
-8.84352
-8.80977
-8.77601
-8.74226
-8.70851
-8.67475
-8.64100
-8.60725
-8.57349
-8.53974
-8.50599
-8.47223
-8.43848
-8.40473
-8.37097
-8.33722
-8.30347
-8.26971
-8.23596
-8.20221
-8.16845
-8.13470
-8.10095
-8.06719
-8.03344
-7.99969
-7.96593
-7.93218
-7.89843
-7.86467
-7.83092
-7.79717
-7.76341
-7.72966
-7.69591
-7.66215
-7.62840
-7.59465
-7.56089
-7.52714
-7.49339
-7.45963
-7.42588
-7.39213
-7.35837
-7.32462
-7.29087
-7.25711
-7.22336
-7.18961
-7.15585
-7.15585
-7.15585
-7.15585
-7.15585
-7.15585
-7.15585
-7.15585
-7.15585
-7.15585
-7.15585
-7.15585
-7.15585
-7.15585
-7.15585
-7.15585
-7.15585
-7.15585
-7.15585
-7.15585
-7.15585
-7.15585
-7.15585
-7.15585
-7.15585
-7.15585
-7.15585
-7.15585
-7.15585
-7.15585
-7.15585
-7.15585
-7.15585
-7.15585
-7.15585
-7.15585
-7.15585
-7.15381
-7.15177
-7.14972
-7.14768
-7.11551
-7.08334
-7.05117
-7.01899
-6.97848
-6.93796
-6.89744
-6.85692
-6.81607
-6.77521
-6.73435
-6.69349
-6.65120
-6.60891
-6.56662
-6.52434
-6.48090
-6.43746
-6.39402
-6.35058
-6.30545
-6.26033
-6.21520
-6.17007
-6.12477
-6.07947
-6.03416
-5.98886
-5.94347
-5.89809
-5.85271
-5.80733
-5.76141
-5.71549
-5.66956
-5.62364
-5.57839
-5.53314
-5.48789
-5.44264
-5.39639
-5.35015
-5.30391
-5.25766
-5.21294
-5.16821
-5.12349
-5.07876
-5.03261
-4.98645
-4.94030
-4.89415
-4.84887
-4.80360
-4.75832
-4.71305
-4.66661
-4.62018
-4.57374
-4.52730
-4.48200
-4.43670
-4.39140
-4.34610
-4.29987
-4.25364
-4.20741
-4.16119
-4.11593
-4.07068
-4.02542
-3.98017
-3.93458
-3.88899
-3.84340
-3.79781
-3.75256
-3.70731
-3.66205
-3.61680
-3.57138
-3.52596
-3.48054
-3.43512
-3.38983
-3.34455
-3.29926
-3.25398
-3.20993
-3.16588
-3.12183
-3.07778
-3.03253
-2.98728
-2.94203
-2.89678
-2.85268
-2.80857
-2.76446
-2.72036
-2.67457
-2.62878
-2.58298
-2.53719
-2.49287
-2.44855
-2.40423
-2.35991
-2.31394
-2.26797
-2.22200
-2.17603
-2.13120
-2.08637
-2.04154
-1.99672
-1.95074
-1.90476
-1.85879
-1.81281
-1.76807
-1.72332
-1.67858
-1.63384
-1.58863
-1.54343
-1.49822
-1.45302
-1.40865
-1.36428
-1.31991
-1.27554
-1.23185
-1.18816
-1.14448
-1.10079
-1.05729
-1.01379
-0.97029
-0.92679
-0.88594
-0.84509
-0.80424
-0.76339
-0.72147
-0.67954
-0.63761
-0.59569
-0.55926
-0.52283
-0.48640
-0.44997
-0.41038
-0.37079
-0.33119
-0.29160
-0.26033
-0.22906
-0.19779
-0.16652
-0.13170
-0.09688
-0.06206
-0.02725
0.00148
0.03021
0.05893
0.08766
0.11785
0.14804
0.17822
0.20841
0.23661
0.26481
0.29301
0.32120
0.34917
0.37714
0.40511
0.43308
0.46205
0.49102
0.51999
0.54896
0.57634
0.60371
0.63108
0.65846
0.68901
0.71955
0.75010
0.78065
0.80936
0.83808
0.86680
0.89551
0.92809
0.96066
0.99323
1.02581
1.05578
1.08576
1.11573
1.14570
1.18009
1.21447
1.24885
1.28323
1.31408
1.34492
1.37576
1.40661
1.44131
1.47602
1.51073
1.54543
1.57687
1.60831
1.63975
1.67119
1.70444
1.73770
1.77095
1.80420
1.83582
1.86743
1.89905
1.93066
1.96175
1.99283
2.02392
2.05500
2.08622
2.11745
2.14867
2.17989
2.20850
2.23710
2.26571
2.29431
-11.70199
-11.67162
-11.64125
-11.61088
-11.58051
-11.55014
-11.51977
-11.48940
-11.45903
-11.42866
-11.39829
-11.36792
-11.33755
-11.30718
-11.27681
-11.24644
-11.21607
-11.18570
-11.15533
-11.12496
-11.09459
-11.06422
-11.03385
-11.00348
-10.97311
-10.94274
-10.91237
-10.88200
-10.85163
-10.82126
-10.79089
-10.76052
-10.73015
-10.69978
-10.66941
-10.63904
-10.60867
-10.57830
-10.54793
-10.51756
-10.48719
-10.45682
-10.42645
-10.39608
-10.36571
-10.33534
-10.30497
-10.27460
-10.24423
-10.21386
-10.18349
-10.15312
-10.12275
-10.09238
-10.06201
-10.03164
-10.00127
-9.97090
-9.94053
-9.91016
-9.87979
-9.84942
-9.81905
-9.78868
-9.75831
-9.72794
-9.69757
-9.66720
-9.63684
-9.60647
-9.57610
-9.54573
-9.51536
-9.48499
-9.45462
-9.42425
-9.39388
-9.36351
-9.33314
-9.30277
-9.27240
-9.24203
-9.21166
-9.18129
-9.15092
-9.12055
-9.09018
-9.05981
-9.02944
-8.99907
-8.96870
-8.93833
-8.90796
-8.87759
-8.84722
-8.81685
-8.78648
-8.75611
-8.72574
-8.69537
-8.66500
-8.63463
-8.60426
-8.57389
-8.54352
-8.51315
-8.48278
-8.45241
-8.42204
-8.39167
-8.36130
-8.33093
-8.30056
-8.27019
-8.23982
-8.20945
-8.17908
-8.14871
-8.11834
-8.08797
-8.05760
-8.02723
-7.99686
-7.96649
-7.93612
-7.90575
-7.87538
-7.84501
-7.81464
-7.78427
-7.75390
-7.72353
-7.69316
-7.66279
-7.63242
-7.60205
-7.57168
-7.54131
-7.51094
-7.48057
-7.45020
-7.45020
-7.45020
-7.45020
-7.45020
-7.45020
-7.45020
-7.45020
-7.45020
-7.45020
-7.45020
-7.45020
-7.45020
-7.45020
-7.45020
-7.45020
-7.45020
-7.45020
-7.45020
-7.45020
-7.45020
-7.45020
-7.45020
-7.45020
-7.45020
-7.45020
-7.45020
-7.45020
-7.45020
-7.45020
-7.45020
-7.45020
-7.45020
-7.45020
-7.45020
-7.45020
-7.45020
-7.44942
-7.44863
-7.44784
-7.44706
-7.40852
-7.36998
-7.33144
-7.29291
-7.24182
-7.19073
-7.13965
-7.08856
-7.04273
-6.99691
-6.95109
-6.90526
-6.86142
-6.81758
-6.77374
-6.72990
-6.68478
-6.63966
-6.59453
-6.54941
-6.50322
-6.45703
-6.41084
-6.36465
-6.31814
-6.27162
-6.22510
-6.17858
-6.13316
-6.08774
-6.04231
-5.99689
-5.95029
-5.90369
-5.85708
-5.81048
-5.76541
-5.72034
-5.67528
-5.63021
-5.58369
-5.53718
-5.49066
-5.44415
-5.40021
-5.35627
-5.31233
-5.26839
-5.22303
-5.17766
-5.13229
-5.08693
-5.04296
-4.99898
-4.95501
-4.91104
-4.86617
-4.82129
-4.77642
-4.73155
-4.68713
-4.64272
-4.59831
-4.55389
-4.50901
-4.46413
-4.41925
-4.37437
-4.32949
-4.28462
-4.23974
-4.19486
-4.15034
-4.10582
-4.06130
-4.01677
-3.97125
-3.92573
-3.88021
-3.83469
-3.78895
-3.74321
-3.69747
-3.65173
-3.60517
-3.55861
-3.51205
-3.46549
-3.42031
-3.37512
-3.32994
-3.28475
-3.23826
-3.19177
-3.14528
-3.09879
-3.05335
-3.00791
-2.96248
-2.91704
-2.87040
-2.82377
-2.77713
-2.73049
-2.68496
-2.63942
-2.59389
-2.54835
-2.50196
-2.45556
-2.40916
-2.36276
-2.31693
-2.27109
-2.22526
-2.17943
-2.13323
-2.08703
-2.04082
-1.99462
-1.94865
-1.90267
-1.85670
-1.81073
-1.76501
-1.71929
-1.67357
-1.62785
-1.58189
-1.53593
-1.48997
-1.44401
-1.39958
-1.35516
-1.31073
-1.26630
-1.22087
-1.17543
-1.13000
-1.08456
-1.04249
-1.00041
-0.95833
-0.91626
-0.87246
-0.82867
-0.78488
-0.74109
-0.70227
-0.66345
-0.62463
-0.58581
-0.54490
-0.50399
-0.46307
-0.42216
-0.38730
-0.35245
-0.31759
-0.28274
-0.24689
-0.21105
-0.17520
-0.13936
-0.10723
-0.07511
-0.04298
-0.01085
0.01969
0.05024
0.08078
0.11133
0.14216
0.17299
0.20382
0.23465
0.26254
0.29042
0.31831
0.34620
0.37720
0.40821
0.43921
0.47021
0.49720
0.52419
0.55117
0.57816
0.60976
0.64136
0.67296
0.70456
0.73277
0.76097
0.78918
0.81739
0.84987
0.88236
0.91484
0.94732
0.97738
1.00744
1.03750
1.06756
1.10102
1.13449
1.16795
1.20141
1.23311
1.26480
1.29649
1.32819
1.36202
1.39586
1.42970
1.46353
1.49633
1.52912
1.56191
1.59470
1.62731
1.65992
1.69253
1.72514
1.75828
1.79142
1.82455
1.85769
1.88798
1.91826
1.94855
1.97883
2.01163
2.04442
2.07722
2.11001
2.13810
2.16618
2.19426
2.22235
-11.53151
-11.50374
-11.47598
-11.44821
-11.42044
-11.39267
-11.36491
-11.33714
-11.30937
-11.28160
-11.25384
-11.22607
-11.19830
-11.17053
-11.14277
-11.11500
-11.08723
-11.05946
-11.03169
-11.00393
-10.97616
-10.94839
-10.92062
-10.89286
-10.86509
-10.83732
-10.80955
-10.78179
-10.75402
-10.72625
-10.69848
-10.67072
-10.64295
-10.61518
-10.58741
-10.55965
-10.53188
-10.50411
-10.47634
-10.44858
-10.42081
-10.39304
-10.36527
-10.33751
-10.30974
-10.28197
-10.25420
-10.22644
-10.19867
-10.17090
-10.14313
-10.11537
-10.08760
-10.05983
-10.03206
-10.00429
-9.97653
-9.94876
-9.92099
-9.89322
-9.86546
-9.83769
-9.80992
-9.78215
-9.75439
-9.72662
-9.69885
-9.67108
-9.64332
-9.61555
-9.58778
-9.56001
-9.53225
-9.50448
-9.47671
-9.44894
-9.42118
-9.39341
-9.36564
-9.33787
-9.31011
-9.28234
-9.25457
-9.22680
-9.19904
-9.17127
-9.14350
-9.11573
-9.08797
-9.06020
-9.03243
-9.00466
-8.97690
-8.94913
-8.92136
-8.89359
-8.86582
-8.83806
-8.81029
-8.78252
-8.75475
-8.72699
-8.69922
-8.67145
-8.64368
-8.61592
-8.58815
-8.56038
-8.53261
-8.50485
-8.47708
-8.44931
-8.42154
-8.39378
-8.36601
-8.33824
-8.31047
-8.28271
-8.25494
-8.22717
-8.19940
-8.17164
-8.14387
-8.11610
-8.08833
-8.06057
-8.03280
-8.00503
-7.97726
-7.94950
-7.92173
-7.89396
-7.86619
-7.83842
-7.81066
-7.78289
-7.75512
-7.72735
-7.69959
-7.67182
-7.64405
-7.64405
-7.64405
-7.64405
-7.64405
-7.64405
-7.64405
-7.64405
-7.64405
-7.64405
-7.64405
-7.64405
-7.64405
-7.64405
-7.64405
-7.64405
-7.64405
-7.64405
-7.64405
-7.64405
-7.64405
-7.64405
-7.64405
-7.64405
-7.64405
-7.64405
-7.64405
-7.64405
-7.64405
-7.64405
-7.64405
-7.64405
-7.64405
-7.64405
-7.64405
-7.64405
-7.64405
-7.64405
-7.64405
-7.64405
-7.64405
-7.60734
-7.57063
-7.53392
-7.49721
-7.44303
-7.38884
-7.33465
-7.28047
-7.23301
-7.18555
-7.13809
-7.09064
-7.04727
-7.00390
-6.96054
-6.91717
-6.87197
-6.82677
-6.78156
-6.73636
-6.68951
-6.64266
-6.59581
-6.54897
-6.50155
-6.45413
-6.40670
-6.35928
-6.31366
-6.26804
-6.22241
-6.17679
-6.12974
-6.08269
-6.03564
-5.98859
-5.94383
-5.89906
-5.85430
-5.80954
-5.76340
-5.71726
-5.67112
-5.62498
-5.58109
-5.53720
-5.49331
-5.44943
-5.40410
-5.35877
-5.31345
-5.26812
-5.22443
-5.18075
-5.13706
-5.09338
-5.04976
-5.00615
-4.96253
-4.91891
-4.87497
-4.83102
-4.78707
-4.74312
-4.69942
-4.65571
-4.61201
-4.56831
-4.52364
-4.47897
-4.43431
-4.38964
-4.34590
-4.30217
-4.25843
-4.21469
-4.16908
-4.12347
-4.07785
-4.03224
-3.98671
-3.94119
-3.89566
-3.85013
-3.80322
-3.75630
-3.70939
-3.66247
-3.61666
-3.57085
-3.52504
-3.47924
-3.43216
-3.38507
-3.33799
-3.29091
-3.24463
-3.19835
-3.15206
-3.10578
-3.05879
-3.01181
-2.96482
-2.91783
-2.87144
-2.82504
-2.77864
-2.73225
-2.68566
-2.63907
-2.59248
-2.54589
-2.49928
-2.45267
-2.40606
-2.35945
-2.31330
-2.26714
-2.22099
-2.17484
-2.12806
-2.08128
-2.03451
-1.98773
-1.94211
-1.89650
-1.85088
-1.80527
-1.75859
-1.71192
-1.66525
-1.61857
-1.57395
-1.52932
-1.48470
-1.44008
-1.39382
-1.34756
-1.30130
-1.25504
-1.21209
-1.16914
-1.12619
-1.08324
-1.03852
-0.99380
-0.94908
-0.90436
-0.86351
-0.82265
-0.78179
-0.74093
-0.69912
-0.65731
-0.61550
-0.57369
-0.53552
-0.49736
-0.45919
-0.42102
-0.38395
-0.34688
-0.30981
-0.27274
-0.23698
-0.20122
-0.16546
-0.12969
-0.09793
-0.06616
-0.03439
-0.00263
0.03128
0.06518
0.09909
0.13299
0.16188
0.19076
0.21964
0.24853
0.28163
0.31473
0.34784
0.38094
0.40866
0.43639
0.46411
0.49184
0.52432
0.55680
0.58927
0.62175
0.65042
0.67909
0.70776
0.73643
0.76879
0.80115
0.83351
0.86587
0.89654
0.92722
0.95790
0.98857
1.02123
1.05388
1.08653
1.11918
1.15185
1.18451
1.21718
1.24984
1.28280
1.31575
1.34871
1.38167
1.41577
1.44987
1.48398
1.51808
1.55000
1.58191
1.61382
1.64574
1.68008
1.71442
1.74876
1.78310
1.81299
1.84288
1.87277
1.90266
1.93640
1.97014
2.00387
2.03761
2.06582
2.09402
2.12222
2.15043
-11.37588
-11.34941
-11.32294
-11.29646
-11.26999
-11.24351
-11.21704
-11.19056
-11.16409
-11.13762
-11.11114
-11.08467
-11.05819
-11.03172
-11.00524
-10.97877
-10.95229
-10.92582
-10.89935
-10.87287
-10.84640
-10.81992
-10.79345
-10.76697
-10.74050
-10.71403
-10.68755
-10.66108
-10.63460
-10.60813
-10.58165
-10.55518
-10.52871
-10.50223
-10.47576
-10.44928
-10.42281
-10.39633
-10.36986
-10.34339
-10.31691
-10.29044
-10.26396
-10.23749
-10.21101
-10.18454
-10.15807
-10.13159
-10.10512
-10.07864
-10.05217
-10.02569
-9.99922
-9.97274
-9.94627
-9.91980
-9.89332
-9.86685
-9.84037
-9.81390
-9.78742
-9.76095
-9.73448
-9.70800
-9.68153
-9.65505
-9.62858
-9.60210
-9.57563
-9.54916
-9.52268
-9.49621
-9.46973
-9.44326
-9.41678
-9.39031
-9.36384
-9.33736
-9.31089
-9.28441
-9.25794
-9.23146
-9.20499
-9.17852
-9.15204
-9.12557
-9.09909
-9.07262
-9.04614
-9.01967
-8.99320
-8.96672
-8.94025
-8.91377
-8.88730
-8.86082
-8.83435
-8.80787
-8.78140
-8.75493
-8.72845
-8.70198
-8.67550
-8.64903
-8.62255
-8.59608
-8.56961
-8.54313
-8.51666
-8.49018
-8.46371
-8.43723
-8.41076
-8.38429
-8.35781
-8.33134
-8.30486
-8.27839
-8.25191
-8.22544
-8.19897
-8.17249
-8.14602
-8.11954
-8.09307
-8.06659
-8.04012
-8.01365
-7.98717
-7.96070
-7.93422
-7.90775
-7.88127
-7.85480
-7.82832
-7.80185
-7.77538
-7.74890
-7.72243
-7.69595
-7.66948
-7.66948
-7.66948
-7.66948
-7.66948
-7.66948
-7.66948
-7.66948
-7.66948
-7.66948
-7.66948
-7.66948
-7.66948
-7.66948
-7.66948
-7.66948
-7.66948
-7.66948
-7.66948
-7.66948
-7.66948
-7.66948
-7.66948
-7.66948
-7.66948
-7.66948
-7.66948
-7.66948
-7.66948
-7.66948
-7.66948
-7.66948
-7.66948
-7.66948
-7.66948
-7.66948
-7.66948
-7.66948
-7.66948
-7.66948
-7.66948
-7.64833
-7.62717
-7.60602
-7.58487
-7.54010
-7.49533
-7.45057
-7.40580
-7.36229
-7.31879
-7.27528
-7.23178
-7.19228
-7.15278
-7.11328
-7.07378
-7.03119
-6.98860
-6.94600
-6.90341
-6.85657
-6.80974
-6.76290
-6.71607
-6.66826
-6.62046
-6.57266
-6.52486
-6.47876
-6.43267
-6.38658
-6.34049
-6.29338
-6.24627
-6.19917
-6.15206
-6.10781
-6.06357
-6.01932
-5.97507
-5.93039
-5.88571
-5.84103
-5.79635
-5.75128
-5.70620
-5.66113
-5.61605
-5.56951
-5.52297
-5.47643
-5.42989
-5.38479
-5.33968
-5.29458
-5.24947
-5.20660
-5.16373
-5.12087
-5.07800
-5.03381
-4.98962
-4.94542
-4.90123
-4.85842
-4.81561
-4.77280
-4.72998
-4.68525
-4.64051
-4.59577
-4.55104
-4.50761
-4.46419
-4.42077
-4.37735
-4.33194
-4.28653
-4.24112
-4.19571
-4.15129
-4.10687
-4.06245
-4.01803
-3.97229
-3.92655
-3.88081
-3.83508
-3.78951
-3.74394
-3.69837
-3.65280
-3.60622
-3.55963
-3.51305
-3.46647
-3.42015
-3.37384
-3.32753
-3.28121
-3.23470
-3.18820
-3.14169
-3.09518
-3.04851
-3.00185
-2.95518
-2.90851
-2.86213
-2.81575
-2.76937
-2.72298
-2.67597
-2.62896
-2.58195
-2.53494
-2.48930
-2.44366
-2.39802
-2.35238
-2.30552
-2.25866
-2.21179
-2.16493
-2.12046
-2.07598
-2.03151
-1.98704
-1.94112
-1.89519
-1.84926
-1.80334
-1.75943
-1.71552
-1.67161
-1.62770
-1.58248
-1.53726
-1.49204
-1.44682
-1.40359
-1.36036
-1.31712
-1.27389
-1.22981
-1.18574
-1.14166
-1.09758
-1.05528
-1.01297
-0.97067
-0.92836
-0.88636
-0.84437
-0.80237
-0.76037
-0.71935
-0.67832
-0.63729
-0.59627
-0.55764
-0.51902
-0.48039
-0.44176
-0.40197
-0.36218
-0.32239
-0.28259
-0.24816
-0.21373
-0.17930
-0.14487
-0.10715
-0.06942
-0.03169
0.00603
0.03772
0.06940
0.10108
0.13276
0.16807
0.20339
0.23871
0.27402
0.30437
0.33472
0.36506
0.39541
0.42848
0.46155
0.49461
0.52768
0.55845
0.58921
0.61997
0.65074
0.68291
0.71508
0.74726
0.77943
0.81162
0.84381
0.87600
0.90819
0.94021
0.97223
1.00425
1.03627
1.07011
1.10394
1.13778
1.17162
1.20368
1.23574
1.26779
1.29985
1.33520
1.37054
1.40589
1.44123
1.47236
1.50349
1.53462
1.56576
1.60077
1.63578
1.67079
1.70580
1.73598
1.76615
1.79633
1.82650
1.86012
1.89374
1.92736
1.96098
1.99038
2.01978
2.04918
2.07858
-11.14309
-11.11773
-11.09237
-11.06700
-11.04164
-11.01627
-10.99091
-10.96554
-10.94018
-10.91482
-10.88945
-10.86409
-10.83872
-10.81336
-10.78800
-10.76263
-10.73727
-10.71190
-10.68654
-10.66118
-10.63581
-10.61045
-10.58508
-10.55972
-10.53436
-10.50899
-10.48363
-10.45826
-10.43290
-10.40754
-10.38217
-10.35681
-10.33144
-10.30608
-10.28072
-10.25535
-10.22999
-10.20462
-10.17926
-10.15390
-10.12853
-10.10317
-10.07780
-10.05244
-10.02708
-10.00171
-9.97635
-9.95098
-9.92562
-9.90026
-9.87489
-9.84953
-9.82416
-9.79880
-9.77344
-9.74807
-9.72271
-9.69734
-9.67198
-9.64662
-9.62125
-9.59589
-9.57052
-9.54516
-9.51979
-9.49443
-9.46907
-9.44370
-9.41834
-9.39297
-9.36761
-9.34225
-9.31688
-9.29152
-9.26615
-9.24079
-9.21543
-9.19006
-9.16470
-9.13933
-9.11397
-9.08861
-9.06324
-9.03788
-9.01251
-8.98715
-8.96179
-8.93642
-8.91106
-8.88569
-8.86033
-8.83497
-8.80960
-8.78424
-8.75887
-8.73351
-8.70815
-8.68278
-8.65742
-8.63205
-8.60669
-8.58133
-8.55596
-8.53060
-8.50523
-8.47987
-8.45451
-8.42914
-8.40378
-8.37841
-8.35305
-8.32769
-8.30232
-8.27696
-8.25159
-8.22623
-8.20087
-8.17550
-8.15014
-8.12477
-8.09941
-8.07404
-8.04868
-8.02332
-7.99795
-7.97259
-7.94722
-7.92186
-7.89650
-7.87113
-7.84577
-7.82040
-7.79504
-7.76968
-7.74431
-7.71895
-7.69358
-7.66822
-7.64286
-7.61749
-7.59213
-7.59213
-7.59213
-7.59213
-7.59213
-7.59213
-7.59213
-7.59213
-7.59213
-7.59213
-7.59213
-7.59213
-7.59213
-7.59213
-7.59213
-7.59213
-7.59213
-7.59213
-7.59213
-7.59213
-7.59213
-7.59213
-7.59213
-7.59213
-7.59213
-7.59213
-7.59213
-7.59213
-7.59213
-7.59213
-7.59213
-7.59213
-7.59213
-7.59213
-7.59213
-7.59213
-7.59213
-7.59213
-7.59213
-7.59213
-7.59213
-7.58335
-7.57457
-7.56579
-7.55701
-7.52381
-7.49062
-7.45742
-7.42422
-7.38825
-7.35228
-7.31632
-7.28035
-7.24769
-7.21502
-7.18236
-7.14969
-7.11320
-7.07671
-7.04021
-7.00372
-6.96178
-6.91983
-6.87789
-6.83594
-6.79226
-6.74857
-6.70488
-6.66120
-6.61780
-6.57441
-6.53102
-6.48762
-6.44263
-6.39764
-6.35265
-6.30766
-6.26470
-6.22174
-6.17879
-6.13583
-6.09274
-6.04965
-6.00656
-5.96348
-5.91809
-5.87270
-5.82731
-5.78192
-5.73520
-5.68848
-5.64177
-5.59505
-5.54902
-5.50299
-5.45696
-5.41093
-5.36823
-5.32553
-5.28283
-5.24013
-5.19548
-5.15083
-5.10618
-5.06153
-5.01868
-4.97583
-4.93297
-4.89012
-4.84497
-4.79982
-4.75467
-4.70952
-4.66608
-4.62265
-4.57921
-4.53577
-4.49067
-4.44557
-4.40047
-4.35537
-4.31166
-4.26794
-4.22423
-4.18052
-4.13590
-4.09129
-4.04668
-4.00206
-3.95681
-3.91155
-3.86630
-3.82104
-3.77516
-3.72927
-3.68339
-3.63751
-3.59126
-3.54501
-3.49876
-3.45251
-3.40677
-3.36102
-3.31528
-3.26954
-3.22288
-3.17621
-3.12954
-3.08287
-3.03689
-2.99092
-2.94494
-2.89896
-2.85185
-2.80474
-2.75763
-2.71052
-2.66512
-2.61971
-2.57431
-2.52891
-2.48200
-2.43510
-2.38820
-2.34129
-2.29718
-2.25306
-2.20895
-2.16483
-2.11928
-2.07373
-2.02817
-1.98262
-1.93879
-1.89496
-1.85114
-1.80731
-1.76275
-1.71820
-1.67364
-1.62908
-1.58533
-1.54157
-1.49782
-1.45406
-1.41053
-1.36699
-1.32346
-1.27993
-1.23632
-1.19272
-1.14911
-1.10550
-1.06345
-1.02139
-0.97933
-0.93728
-0.89406
-0.85084
-0.80763
-0.76441
-0.72448
-0.68455
-0.64462
-0.60469
-0.56204
-0.51940
-0.47675
-0.43410
-0.39712
-0.36013
-0.32314
-0.28616
-0.24562
-0.20509
-0.16455
-0.12402
-0.08936
-0.05471
-0.02005
0.01461
0.05184
0.08907
0.12630
0.16353
0.19678
0.23003
0.26329
0.29654
0.33035
0.36417
0.39798
0.43179
0.46490
0.49802
0.53113
0.56424
0.59630
0.62836
0.66042
0.69248
0.72633
0.76018
0.79403
0.82789
0.85924
0.89059
0.92194
0.95329
0.98804
1.02279
1.05755
1.09230
1.12375
1.15520
1.18665
1.21810
1.25406
1.29002
1.32597
1.36193
1.39290
1.42388
1.45485
1.48583
1.52109
1.55634
1.59160
1.62685
1.65771
1.68857
1.71942
1.75028
1.78363
1.81697
1.85032
1.88367
1.91439
1.94510
1.97582
2.00654
-10.75193
-10.72730
-10.70268
-10.67805
-10.65342
-10.62879
-10.60416
-10.57953
-10.55490
-10.53027
-10.50564
-10.48101
-10.45638
-10.43175
-10.40712
-10.38250
-10.35787
-10.33324
-10.30861
-10.28398
-10.25935
-10.23472
-10.21009
-10.18546
-10.16083
-10.13620
-10.11157
-10.08694
-10.06232
-10.03769
-10.01306
-9.98843
-9.96380
-9.93917
-9.91454
-9.88991
-9.86528
-9.84065
-9.81602
-9.79139
-9.76676
-9.74214
-9.71751
-9.69288
-9.66825
-9.64362
-9.61899
-9.59436
-9.56973
-9.54510
-9.52047
-9.49584
-9.47121
-9.44658
-9.42196
-9.39733
-9.37270
-9.34807
-9.32344
-9.29881
-9.27418
-9.24955
-9.22492
-9.20029
-9.17566
-9.15103
-9.12640
-9.10177
-9.07715
-9.05252
-9.02789
-9.00326
-8.97863
-8.95400
-8.92937
-8.90474
-8.88011
-8.85548
-8.83085
-8.80622
-8.78159
-8.75697
-8.73234
-8.70771
-8.68308
-8.65845
-8.63382
-8.60919
-8.58456
-8.55993
-8.53530
-8.51067
-8.48604
-8.46141
-8.43679
-8.41216
-8.38753
-8.36290
-8.33827
-8.31364
-8.28901
-8.26438
-8.23975
-8.21512
-8.19049
-8.16586
-8.14123
-8.11661
-8.09198
-8.06735
-8.04272
-8.01809
-7.99346
-7.96883
-7.94420
-7.91957
-7.89494
-7.87031
-7.84568
-7.82105
-7.79643
-7.77180
-7.74717
-7.72254
-7.69791
-7.67328
-7.64865
-7.62402
-7.59939
-7.57476
-7.55013
-7.52550
-7.50087
-7.47624
-7.45162
-7.42699
-7.40236
-7.37773
-7.35310
-7.32847
-7.30384
-7.30384
-7.30384
-7.30384
-7.30384
-7.30384
-7.30384
-7.30384
-7.30384
-7.30384
-7.30384
-7.30384
-7.30384
-7.30384
-7.30384
-7.30384
-7.30384
-7.30384
-7.30384
-7.30384
-7.30384
-7.30384
-7.30384
-7.30384
-7.30384
-7.30384
-7.30384
-7.30384
-7.30384
-7.30384
-7.30384
-7.30384
-7.30384
-7.30384
-7.30384
-7.30384
-7.30384
-7.30384
-7.30384
-7.30384
-7.30384
-7.30090
-7.29797
-7.29503
-7.29209
-7.27487
-7.25765
-7.24043
-7.22320
-7.20214
-7.18107
-7.16001
-7.13894
-7.11920
-7.09946
-7.07972
-7.05998
-7.03675
-7.01352
-6.99028
-6.96705
-6.94001
-6.91297
-6.88594
-6.85890
-6.82856
-6.79823
-6.76789
-6.73755
-6.70336
-6.66916
-6.63496
-6.60076
-6.56235
-6.52393
-6.48552
-6.44710
-6.40702
-6.36694
-6.32687
-6.28679
-6.24556
-6.20433
-6.16310
-6.12188
-6.07796
-6.03404
-5.99013
-5.94621
-5.90145
-5.85668
-5.81191
-5.76715
-5.72121
-5.67527
-5.62933
-5.58340
-5.53967
-5.49595
-5.45223
-5.40850
-5.36296
-5.31741
-5.27186
-5.22631
-5.18151
-5.13670
-5.09190
-5.04710
-5.00083
-4.95457
-4.90830
-4.86204
-4.81790
-4.77376
-4.72963
-4.68549
-4.64091
-4.59633
-4.55176
-4.50718
-4.46336
-4.41955
-4.37573
-4.33192
-4.28832
-4.24472
-4.20112
-4.15752
-4.11273
-4.06794
-4.02315
-3.97835
-3.93358
-3.88881
-3.84404
-3.79927
-3.75328
-3.70729
-3.66130
-3.61531
-3.57092
-3.52654
-3.48215
-3.43777
-3.39166
-3.34554
-3.29943
-3.25332
-3.20815
-3.16298
-3.11780
-3.07263
-3.02604
-2.97945
-2.93286
-2.88627
-2.84053
-2.79479
-2.74906
-2.70332
-2.65648
-2.60964
-2.56279
-2.51595
-2.47057
-2.42520
-2.37982
-2.33444
-2.28850
-2.24255
-2.19661
-2.15066
-2.10562
-2.06057
-2.01553
-1.97048
-1.92581
-1.88115
-1.83648
-1.79181
-1.74704
-1.70227
-1.65751
-1.61274
-1.56954
-1.52634
-1.48314
-1.43995
-1.39534
-1.35074
-1.30614
-1.26154
-1.21968
-1.17783
-1.13597
-1.09412
-1.05008
-1.00605
-0.96201
-0.91797
-0.87726
-0.83655
-0.79583
-0.75512
-0.71203
-0.66894
-0.62585
-0.58275
-0.54343
-0.50411
-0.46479
-0.42547
-0.38421
-0.34294
-0.30168
-0.26041
-0.22242
-0.18443
-0.14644
-0.10845
-0.06991
-0.03138
0.00716
0.04569
0.08243
0.11918
0.15592
0.19266
0.22754
0.26242
0.29730
0.33217
0.36815
0.40413
0.44011
0.47609
0.50819
0.54028
0.57237
0.60447
0.64029
0.67612
0.71194
0.74777
0.77837
0.80896
0.83956
0.87016
0.90531
0.94045
0.97560
1.01074
1.04218
1.07361
1.10504
1.13648
1.17176
1.20704
1.24231
1.27759
1.30970
1.34181
1.37391
1.40602
1.44064
1.47527
1.50990
1.54452
1.57687
1.60922
1.64157
1.67392
1.70668
1.73944
1.77221
1.80497
1.83725
1.86952
1.90180
1.93408
-10.08774
-10.06540
-10.04305
-10.02070
-9.99835
-9.97600
-9.95366
-9.93131
-9.90896
-9.88661
-9.86427
-9.84192
-9.81957
-9.79722
-9.77487
-9.75253
-9.73018
-9.70783
-9.68548
-9.66313
-9.64079
-9.61844
-9.59609
-9.57374
-9.55139
-9.52905
-9.50670
-9.48435
-9.46200
-9.43965
-9.41731
-9.39496
-9.37261
-9.35026
-9.32792
-9.30557
-9.28322
-9.26087
-9.23852
-9.21618
-9.19383
-9.17148
-9.14913
-9.12678
-9.10444
-9.08209
-9.05974
-9.03739
-9.01504
-8.99270
-8.97035
-8.94800
-8.92565
-8.90330
-8.88096
-8.85861
-8.83626
-8.81391
-8.79156
-8.76922
-8.74687
-8.72452
-8.70217
-8.67983
-8.65748
-8.63513
-8.61278
-8.59043
-8.56809
-8.54574
-8.52339
-8.50104
-8.47869
-8.45635
-8.43400
-8.41165
-8.38930
-8.36695
-8.34461
-8.32226
-8.29991
-8.27756
-8.25521
-8.23287
-8.21052
-8.18817
-8.16582
-8.14348
-8.12113
-8.09878
-8.07643
-8.05408
-8.03174
-8.00939
-7.98704
-7.96469
-7.94234
-7.92000
-7.89765
-7.87530
-7.85295
-7.83060
-7.80826
-7.78591
-7.76356
-7.74121
-7.71886
-7.69652
-7.67417
-7.65182
-7.62947
-7.60713
-7.58478
-7.56243
-7.54008
-7.51773
-7.49539
-7.47304
-7.45069
-7.42834
-7.40599
-7.38365
-7.36130
-7.33895
-7.31660
-7.29425
-7.27191
-7.24956
-7.22721
-7.20486
-7.18251
-7.16017
-7.13782
-7.11547
-7.09312
-7.07077
-7.04843
-7.02608
-7.00373
-6.98138
-6.95904
-6.95904
-6.95904
-6.95904
-6.95904
-6.95904
-6.95904
-6.95904
-6.95904
-6.95904
-6.95904
-6.95904
-6.95904
-6.95904
-6.95904
-6.95904
-6.95904
-6.95904
-6.95904
-6.95904
-6.95904
-6.95904
-6.95904
-6.95904
-6.95904
-6.95904
-6.95904
-6.95904
-6.95904
-6.95904
-6.95904
-6.95904
-6.95904
-6.95904
-6.95904
-6.95904
-6.95904
-6.95904
-6.95904
-6.95904
-6.95904
-6.95904
-6.95904
-6.95904
-6.95904
-6.95062
-6.94221
-6.93380
-6.92539
-6.91179
-6.89820
-6.88461
-6.87102
-6.85818
-6.84535
-6.83252
-6.81968
-6.80573
-6.79178
-6.77783
-6.76388
-6.74753
-6.73117
-6.71481
-6.69846
-6.68007
-6.66168
-6.64329
-6.62490
-6.60163
-6.57835
-6.55508
-6.53181
-6.50476
-6.47772
-6.45068
-6.42364
-6.39303
-6.36242
-6.33182
-6.30121
-6.26881
-6.23641
-6.20401
-6.17161
-6.13571
-6.09981
-6.06391
-6.02801
-5.99081
-5.95361
-5.91641
-5.87921
-5.83904
-5.79887
-5.75870
-5.71853
-5.67817
-5.63781
-5.59745
-5.55708
-5.51416
-5.47124
-5.42832
-5.38540
-5.34148
-5.29756
-5.25364
-5.20973
-5.16421
-5.11869
-5.07317
-5.02765
-4.98325
-4.93885
-4.89446
-4.85006
-4.80570
-4.76134
-4.71699
-4.67263
-4.62823
-4.58383
-4.53943
-4.49502
-4.45225
-4.40948
-4.36671
-4.32394
-4.27935
-4.23476
-4.19017
-4.14559
-4.10087
-4.05615
-4.01142
-3.96670
-3.92041
-3.87412
-3.82783
-3.78154
-3.73744
-3.69333
-3.64923
-3.60512
-3.55927
-3.51342
-3.46757
-3.42172
-3.37697
-3.33221
-3.28746
-3.24270
-3.19677
-3.15083
-3.10489
-3.05896
-3.01325
-2.96755
-2.92184
-2.87614
-2.82983
-2.78352
-2.73720
-2.69089
-2.64489
-2.59889
-2.55288
-2.50688
-2.46100
-2.41512
-2.36924
-2.32336
-2.27740
-2.23145
-2.18549
-2.13954
-2.09467
-2.04979
-2.00492
-1.96005
-1.91429
-1.86854
-1.82279
-1.77703
-1.73357
-1.69010
-1.64664
-1.60317
-1.55779
-1.51240
-1.46701
-1.42162
-1.37934
-1.33706
-1.29478
-1.25250
-1.20804
-1.16358
-1.11912
-1.07466
-1.03299
-0.99133
-0.94966
-0.90800
-0.86476
-0.82153
-0.77829
-0.73505
-0.69385
-0.65264
-0.61144
-0.57023
-0.52852
-0.48682
-0.44511
-0.40340
-0.36275
-0.32210
-0.28144
-0.24079
-0.20123
-0.16167
-0.12211
-0.08255
-0.04267
-0.00280
0.03708
0.07696
0.11310
0.14925
0.18539
0.22153
0.26018
0.29883
0.33748
0.37613
0.40923
0.44234
0.47545
0.50856
0.54587
0.58318
0.62049
0.65780
0.68919
0.72057
0.75195
0.78334
0.81872
0.85411
0.88950
0.92489
0.95712
0.98935
1.02158
1.05381
1.08846
1.12312
1.15777
1.19243
1.22576
1.25910
1.29244
1.32578
1.35980
1.39381
1.42783
1.46184
1.49571
1.52957
1.56344
1.59731
1.62951
1.66171
1.69391
1.72611
1.76001
1.79390
1.82780
1.86170
-9.14758
-9.12907
-9.11057
-9.09207
-9.07356
-9.05506
-9.03656
-9.01805
-8.99955
-8.98105
-8.96254
-8.94404
-8.92554
-8.90703
-8.88853
-8.87003
-8.85152
-8.83302
-8.81452
-8.79601
-8.77751
-8.75901
-8.74050
-8.72200
-8.70349
-8.68499
-8.66649
-8.64798
-8.62948
-8.61098
-8.59247
-8.57397
-8.55547
-8.53696
-8.51846
-8.49996
-8.48145
-8.46295
-8.44445
-8.42594
-8.40744
-8.38894
-8.37043
-8.35193
-8.33343
-8.31492
-8.29642
-8.27792
-8.25941
-8.24091
-8.22241
-8.20390
-8.18540
-8.16690
-8.14839
-8.12989
-8.11139
-8.09288
-8.07438
-8.05588
-8.03737
-8.01887
-8.00037
-7.98186
-7.96336
-7.94486
-7.92635
-7.90785
-7.88935
-7.87084
-7.85234
-7.83384
-7.81533
-7.79683
-7.77833
-7.75982
-7.74132
-7.72282
-7.70431
-7.68581
-7.66731
-7.64880
-7.63030
-7.61180
-7.59329
-7.57479
-7.55629
-7.53778
-7.51928
-7.50078
-7.48227
-7.46377
-7.44527
-7.42676
-7.40826
-7.38976
-7.37125
-7.35275
-7.33425
-7.31574
-7.29724
-7.27874
-7.26023
-7.24173
-7.22323
-7.20472
-7.18622
-7.16771
-7.14921
-7.13071
-7.11220
-7.09370
-7.07520
-7.05669
-7.03819
-7.01969
-7.00118
-6.98268
-6.96418
-6.94567
-6.92717
-6.90867
-6.89016
-6.87166
-6.85316
-6.83465
-6.81615
-6.79765
-6.77914
-6.76064
-6.74214
-6.72363
-6.70513
-6.68663
-6.66812
-6.64962
-6.63112
-6.61261
-6.59411
-6.57561
-6.55710
-6.55710
-6.55710
-6.55710
-6.55710
-6.55710
-6.55710
-6.55710
-6.55710
-6.55710
-6.55710
-6.55710
-6.55710
-6.55710
-6.55710
-6.55710
-6.55710
-6.55710
-6.55710
-6.55710
-6.55710
-6.55710
-6.55710
-6.55710
-6.55710
-6.55710
-6.55710
-6.55710
-6.55710
-6.55710
-6.55710
-6.55710
-6.55710
-6.55710
-6.55710
-6.55710
-6.55710
-6.55710
-6.55710
-6.55710
-6.55710
-6.55710
-6.55710
-6.55710
-6.55710
-6.55026
-6.54341
-6.53657
-6.52972
-6.51610
-6.50247
-6.48884
-6.47521
-6.46320
-6.45119
-6.43919
-6.42718
-6.41849
-6.40980
-6.40111
-6.39242
-6.38248
-6.37253
-6.36258
-6.35264
-6.34478
-6.33692
-6.32906
-6.32121
-6.31060
-6.29999
-6.28939
-6.27878
-6.26796
-6.25714
-6.24632
-6.23551
-6.22104
-6.20657
-6.19210
-6.17763
-6.16110
-6.14457
-6.12804
-6.11151
-6.09024
-6.06897
-6.04769
-6.02642
-6.00247
-5.97851
-5.95455
-5.93060
-5.90193
-5.87326
-5.84460
-5.81593
-5.78336
-5.75079
-5.71822
-5.68565
-5.64892
-5.61219
-5.57546
-5.53873
-5.49856
-5.45840
-5.41824
-5.37807
-5.33518
-5.29229
-5.24940
-5.20651
-5.16229
-5.11807
-5.07385
-5.02963
-4.98519
-4.94075
-4.89630
-4.85186
-4.80639
-4.76091
-4.71544
-4.66996
-4.62783
-4.58569
-4.54356
-4.50142
-4.45678
-4.41213
-4.36749
-4.32284
-4.27710
-4.23136
-4.18562
-4.13988
-4.09272
-4.04555
-3.99839
-3.95123
-3.90632
-3.86142
-3.81651
-3.77161
-3.72572
-3.67983
-3.63394
-3.58805
-3.54332
-3.49859
-3.45386
-3.40913
-3.36398
-3.31884
-3.27369
-3.22855
-3.18325
-3.13794
-3.09264
-3.04734
-3.00204
-2.95673
-2.91143
-2.86612
-2.82013
-2.77414
-2.72815
-2.68216
-2.63681
-2.59146
-2.54611
-2.50076
-2.45420
-2.40765
-2.36109
-2.31454
-2.26937
-2.22420
-2.17903
-2.13386
-2.08714
-2.04043
-1.99371
-1.94700
-1.90266
-1.85832
-1.81399
-1.76965
-1.72369
-1.67772
-1.63176
-1.58579
-1.54245
-1.49911
-1.45577
-1.41242
-1.36795
-1.32347
-1.27899
-1.23452
-1.19172
-1.14893
-1.10614
-1.06335
-1.02027
-0.97719
-0.93412
-0.89104
-0.84840
-0.80577
-0.76313
-0.72050
-0.67863
-0.63677
-0.59491
-0.55305
-0.51042
-0.46779
-0.42516
-0.38253
-0.34223
-0.30192
-0.26162
-0.22132
-0.17866
-0.13600
-0.09334
-0.05069
-0.01308
0.02452
0.06213
0.09973
0.14086
0.18198
0.22310
0.26422
0.29933
0.33444
0.36954
0.40465
0.44296
0.48127
0.51958
0.55789
0.59161
0.62533
0.65905
0.69277
0.72825
0.76374
0.79922
0.83471
0.86855
0.90239
0.93623
0.97007
1.00416
1.03824
1.07233
1.10641
1.14109
1.17576
1.21044
1.24511
1.27854
1.31196
1.34538
1.37881
1.41422
1.44963
1.48504
1.52045
1.55211
1.58377
1.61543
1.64709
1.68267
1.71825
1.75382
1.78940
-9.23327
-9.21332
-9.19337
-9.17342
-9.15347
-9.13353
-9.11358
-9.09363
-9.07368
-9.05373
-9.03378
-9.01384
-8.99389
-8.97394
-8.95399
-8.93404
-8.91410
-8.89415
-8.87420
-8.85425
-8.83430
-8.81435
-8.79441
-8.77446
-8.75451
-8.73456
-8.71461
-8.69466
-8.67472
-8.65477
-8.63482
-8.61487
-8.59492
-8.57497
-8.55503
-8.53508
-8.51513
-8.49518
-8.47523
-8.45528
-8.43534
-8.41539
-8.39544
-8.37549
-8.35554
-8.33560
-8.31565
-8.29570
-8.27575
-8.25580
-8.23585
-8.21591
-8.19596
-8.17601
-8.15606
-8.13611
-8.11616
-8.09622
-8.07627
-8.05632
-8.03637
-8.01642
-7.99647
-7.97653
-7.95658
-7.93663
-7.91668
-7.89673
-7.87678
-7.85684
-7.83689
-7.81694
-7.79699
-7.77704
-7.75710
-7.73715
-7.71720
-7.69725
-7.67730
-7.65735
-7.63741
-7.61746
-7.59751
-7.57756
-7.55761
-7.53766
-7.51772
-7.49777
-7.47782
-7.45787
-7.43792
-7.41797
-7.39803
-7.37808
-7.35813
-7.33818
-7.31823
-7.29828
-7.27834
-7.25839
-7.23844
-7.21849
-7.19854
-7.17860
-7.15865
-7.13870
-7.11875
-7.09880
-7.07885
-7.05891
-7.03896
-7.01901
-6.99906
-6.97911
-6.95916
-6.93922
-6.91927
-6.89932
-6.87937
-6.85942
-6.83947
-6.81953
-6.79958
-6.77963
-6.75968
-6.73973
-6.71978
-6.69984
-6.67989
-6.65994
-6.63999
-6.62004
-6.60010
-6.58015
-6.56020
-6.54025
-6.52030
-6.50035
-6.48041
-6.46046
-6.44051
-6.44051
-6.44051
-6.44051
-6.44051
-6.44051
-6.44051
-6.44051
-6.44051
-6.44051
-6.44051
-6.44051
-6.44051
-6.44051
-6.44051
-6.44051
-6.44051
-6.44051
-6.44051
-6.44051
-6.44051
-6.44051
-6.44051
-6.44051
-6.44051
-6.44051
-6.44051
-6.44051
-6.44051
-6.44051
-6.44051
-6.44051
-6.44051
-6.44051
-6.44051
-6.44051
-6.44051
-6.44051
-6.44051
-6.44051
-6.44051
-6.44051
-6.44051
-6.44051
-6.44051
-6.43362
-6.42673
-6.41985
-6.41296
-6.39387
-6.37477
-6.35568
-6.33659
-6.31680
-6.29701
-6.27723
-6.25744
-6.24360
-6.22976
-6.21593
-6.20209
-6.18485
-6.16761
-6.15037
-6.13313
-6.12324
-6.11334
-6.10345
-6.09355
-6.07990
-6.06625
-6.05261
-6.03896
-6.02985
-6.02074
-6.01164
-6.00253
-5.99108
-5.97964
-5.96819
-5.95675
-5.94581
-5.93487
-5.92392
-5.91298
-5.89998
-5.88697
-5.87396
-5.86095
-5.84601
-5.83107
-5.81613
-5.80119
-5.78336
-5.76553
-5.74770
-5.72987
-5.70833
-5.68678
-5.66523
-5.64368
-5.61886
-5.59404
-5.56922
-5.54440
-5.51510
-5.48579
-5.45649
-5.42718
-5.39438
-5.36157
-5.32876
-5.29596
-5.25925
-5.22255
-5.18585
-5.14915
-5.11015
-5.07114
-5.03214
-4.99314
-4.95116
-4.90918
-4.86720
-4.82522
-4.78330
-4.74137
-4.69945
-4.65752
-4.61301
-4.56851
-4.52400
-4.47949
-4.43435
-4.38922
-4.34408
-4.29895
-4.25260
-4.20625
-4.15990
-4.11355
-4.06788
-4.02221
-3.97654
-3.93087
-3.88454
-3.83822
-3.79189
-3.74557
-3.69989
-3.65421
-3.60853
-3.56285
-3.51782
-3.47279
-3.42776
-3.38273
-3.33692
-3.29111
-3.24531
-3.19950
-3.15446
-3.10942
-3.06438
-3.01933
-2.97295
-2.92657
-2.88018
-2.83380
-2.78842
-2.74304
-2.69765
-2.65227
-2.60544
-2.55861
-2.51178
-2.46495
-2.41953
-2.37410
-2.32868
-2.28325
-2.23654
-2.18983
-2.14312
-2.09641
-2.05115
-2.00589
-1.96062
-1.91536
-1.86914
-1.82291
-1.77669
-1.73046
-1.68563
-1.64080
-1.59597
-1.55114
-1.50607
-1.46101
-1.41594
-1.37087
-1.32648
-1.28209
-1.23770
-1.19330
-1.14991
-1.10651
-1.06312
-1.01972
-0.97561
-0.93149
-0.88737
-0.84325
-0.80138
-0.75952
-0.71765
-0.67578
-0.63198
-0.58817
-0.54436
-0.50055
-0.46007
-0.41958
-0.37910
-0.33862
-0.29548
-0.25233
-0.20919
-0.16605
-0.12737
-0.08870
-0.05003
-0.01135
0.02988
0.07111
0.11235
0.15358
0.19055
0.22753
0.26451
0.30148
0.33990
0.37831
0.41672
0.45514
0.49119
0.52724
0.56329
0.59934
0.63515
0.67096
0.70677
0.74258
0.77846
0.81434
0.85022
0.88610
0.91963
0.95315
0.98667
1.02020
1.05622
1.09224
1.12826
1.16428
1.19713
1.22998
1.26283
1.29568
1.33208
1.36848
1.40489
1.44129
1.47293
1.50458
1.53622
1.56786
1.60349
1.63912
1.67474
1.71037
-9.69722
-9.67404
-9.65086
-9.62768
-9.60450
-9.58132
-9.55814
-9.53496
-9.51178
-9.48860
-9.46542
-9.44224
-9.41906
-9.39588
-9.37270
-9.34952
-9.32634
-9.30316
-9.27998
-9.25680
-9.23362
-9.21044
-9.18726
-9.16408
-9.14090
-9.11772
-9.09454
-9.07136
-9.04818
-9.02500
-9.00182
-8.97864
-8.95546
-8.93228
-8.90910
-8.88592
-8.86274
-8.83956
-8.81638
-8.79320
-8.77002
-8.74684
-8.72366
-8.70048
-8.67730
-8.65412
-8.63094
-8.60776
-8.58458
-8.56140
-8.53822
-8.51504
-8.49186
-8.46868
-8.44550
-8.42232
-8.39914
-8.37596
-8.35278
-8.32960
-8.30642
-8.28324
-8.26006
-8.23688
-8.21370
-8.19052
-8.16734
-8.14416
-8.12098
-8.09780
-8.07462
-8.05144
-8.02826
-8.00508
-7.98190
-7.95872
-7.93554
-7.91236
-7.88918
-7.86600
-7.84282
-7.81964
-7.79646
-7.77328
-7.75010
-7.72692
-7.70374
-7.68056
-7.65738
-7.63420
-7.61102
-7.58784
-7.56466
-7.54148
-7.51830
-7.49512
-7.47194
-7.44876
-7.42558
-7.40240
-7.37922
-7.35604
-7.33286
-7.30968
-7.28650
-7.26332
-7.24014
-7.21696
-7.19378
-7.17060
-7.14742
-7.12424
-7.10106
-7.07788
-7.05470
-7.03152
-7.00834
-6.98516
-6.96198
-6.93880
-6.91562
-6.89244
-6.86926
-6.84608
-6.82290
-6.79972
-6.77654
-6.75336
-6.73018
-6.70700
-6.68382
-6.66064
-6.63746
-6.61428
-6.59110
-6.56792
-6.54474
-6.52156
-6.49838
-6.47520
-6.45202
-6.45202
-6.45202
-6.45202
-6.45202
-6.45202
-6.45202
-6.45202
-6.45202
-6.45202
-6.45202
-6.45202
-6.45202
-6.45202
-6.45202
-6.45202
-6.45202
-6.45202
-6.45202
-6.45202
-6.45202
-6.45202
-6.45202
-6.45202
-6.45202
-6.45202
-6.45202
-6.45202
-6.45202
-6.45202
-6.45202
-6.45202
-6.45202
-6.45202
-6.45202
-6.45202
-6.45202
-6.45202
-6.45202
-6.45202
-6.45202
-6.45202
-6.45202
-6.45202
-6.45202
-6.44577
-6.43953
-6.43329
-6.42705
-6.40150
-6.37596
-6.35041
-6.32487
-6.29608
-6.26728
-6.23849
-6.20970
-6.18777
-6.16583
-6.14390
-6.12197
-6.09538
-6.06880
-6.04222
-6.01564
-5.99911
-5.98259
-5.96606
-5.94954
-5.92895
-5.90836
-5.88777
-5.86718
-5.85379
-5.84040
-5.82702
-5.81363
-5.79979
-5.78595
-5.77211
-5.75827
-5.74650
-5.73473
-5.72296
-5.71119
-5.70077
-5.69036
-5.67994
-5.66953
-5.65741
-5.64529
-5.63317
-5.62106
-5.60928
-5.59750
-5.58573
-5.57395
-5.55875
-5.54356
-5.52836
-5.51316
-5.49698
-5.48080
-5.46462
-5.44844
-5.42759
-5.40674
-5.38589
-5.36504
-5.34135
-5.31765
-5.29396
-5.27027
-5.24182
-5.21336
-5.18490
-5.15645
-5.12464
-5.09283
-5.06102
-5.02921
-4.99376
-4.95832
-4.92288
-4.88743
-4.84928
-4.81112
-4.77296
-4.73480
-4.69437
-4.65394
-4.61351
-4.57308
-4.53200
-4.49091
-4.44983
-4.40875
-4.36635
-4.32396
-4.28156
-4.23916
-4.19555
-4.15195
-4.10834
-4.06473
-4.02011
-3.97549
-3.93086
-3.88624
-3.84118
-3.79612
-3.75106
-3.70600
-3.66183
-3.61766
-3.57349
-3.52932
-3.48366
-3.43800
-3.39234
-3.34669
-3.30201
-3.25734
-3.21267
-3.16800
-3.12159
-3.07519
-3.02878
-2.98238
-2.93697
-2.89156
-2.84615
-2.80074
-2.75395
-2.70717
-2.66039
-2.61360
-2.56798
-2.52236
-2.47674
-2.43112
-2.38473
-2.33835
-2.29196
-2.24557
-2.19964
-2.15371
-2.10778
-2.06185
-2.01567
-1.96950
-1.92333
-1.87715
-1.83118
-1.78521
-1.73924
-1.69326
-1.64780
-1.60234
-1.55688
-1.51142
-1.46578
-1.42013
-1.37448
-1.32883
-1.28500
-1.24116
-1.19733
-1.15349
-1.10826
-1.06302
-1.01778
-0.97255
-0.93034
-0.88813
-0.84592
-0.80371
-0.75914
-0.71458
-0.67001
-0.62544
-0.58444
-0.54344
-0.50244
-0.46143
-0.41820
-0.37497
-0.33173
-0.28850
-0.24855
-0.20861
-0.16866
-0.12872
-0.08753
-0.04634
-0.00516
0.03603
0.07499
0.11395
0.15291
0.19187
0.23058
0.26928
0.30799
0.34670
0.38508
0.42347
0.46186
0.50024
0.53668
0.57313
0.60957
0.64601
0.68389
0.72176
0.75964
0.79752
0.83115
0.86478
0.89842
0.93205
0.96918
1.00631
1.04344
1.08057
1.11345
1.14633
1.17922
1.21210
1.24893
1.28576
1.32260
1.35943
1.39162
1.42381
1.45599
1.48818
1.52352
1.55886
1.59420
1.62954
-10.53704
-10.50902
-10.48100
-10.45298
-10.42497
-10.39695
-10.36893
-10.34091
-10.31289
-10.28488
-10.25686
-10.22884
-10.20082
-10.17280
-10.14479
-10.11677
-10.08875
-10.06073
-10.03272
-10.00470
-9.97668
-9.94866
-9.92064
-9.89263
-9.86461
-9.83659
-9.80857
-9.78055
-9.75254
-9.72452
-9.69650
-9.66848
-9.64046
-9.61245
-9.58443
-9.55641
-9.52839
-9.50037
-9.47236
-9.44434
-9.41632
-9.38830
-9.36029
-9.33227
-9.30425
-9.27623
-9.24821
-9.22020
-9.19218
-9.16416
-9.13614
-9.10812
-9.08011
-9.05209
-9.02407
-8.99605
-8.96803
-8.94002
-8.91200
-8.88398
-8.85596
-8.82795
-8.79993
-8.77191
-8.74389
-8.71587
-8.68786
-8.65984
-8.63182
-8.60380
-8.57578
-8.54777
-8.51975
-8.49173
-8.46371
-8.43569
-8.40768
-8.37966
-8.35164
-8.32362
-8.29560
-8.26759
-8.23957
-8.21155
-8.18353
-8.15552
-8.12750
-8.09948
-8.07146
-8.04344
-8.01543
-7.98741
-7.95939
-7.93137
-7.90335
-7.87534
-7.84732
-7.81930
-7.79128
-7.76326
-7.73525
-7.70723
-7.67921
-7.65119
-7.62318
-7.59516
-7.56714
-7.53912
-7.51110
-7.48309
-7.45507
-7.42705
-7.39903
-7.37101
-7.34300
-7.31498
-7.28696
-7.25894
-7.23092
-7.20291
-7.17489
-7.14687
-7.11885
-7.09084
-7.06282
-7.03480
-7.00678
-6.97876
-6.95075
-6.92273
-6.89471
-6.86669
-6.83867
-6.81066
-6.78264
-6.75462
-6.72660
-6.69858
-6.67057
-6.64255
-6.61453
-6.61453
-6.61453
-6.61453
-6.61453
-6.61453
-6.61453
-6.61453
-6.61453
-6.61453
-6.61453
-6.61453
-6.61453
-6.61453
-6.61453
-6.61453
-6.61453
-6.61453
-6.61453
-6.61453
-6.61453
-6.61453
-6.61453
-6.61453
-6.61453
-6.61453
-6.61453
-6.61453
-6.61453
-6.61453
-6.61453
-6.61453
-6.61453
-6.61453
-6.61453
-6.61453
-6.61453
-6.61453
-6.61453
-6.61453
-6.61453
-6.61453
-6.61453
-6.61453
-6.61453
-6.61095
-6.60736
-6.60378
-6.60020
-6.56827
-6.53633
-6.50440
-6.47247
-6.43547
-6.39848
-6.36148
-6.32449
-6.29246
-6.26042
-6.22839
-6.19635
-6.16150
-6.12665
-6.09179
-6.05694
-6.02926
-6.00158
-5.97390
-5.94623
-5.91679
-5.88735
-5.85792
-5.82848
-5.80419
-5.77990
-5.75561
-5.73132
-5.70910
-5.68687
-5.66465
-5.64242
-5.62073
-5.59903
-5.57734
-5.55564
-5.53873
-5.52183
-5.50492
-5.48801
-5.46777
-5.44753
-5.42729
-5.40705
-5.39186
-5.37668
-5.36149
-5.34630
-5.32674
-5.30718
-5.28762
-5.26806
-5.25169
-5.23531
-5.21894
-5.20257
-5.18258
-5.16259
-5.14260
-5.12262
-5.10323
-5.08384
-5.06445
-5.04507
-5.02353
-5.00200
-4.98047
-4.95894
-4.93576
-4.91258
-4.88940
-4.86622
-4.84174
-4.81726
-4.79277
-4.76829
-4.74128
-4.71428
-4.68727
-4.66026
-4.63183
-4.60340
-4.57498
-4.54655
-4.51590
-4.48525
-4.45460
-4.42395
-4.39123
-4.35852
-4.32580
-4.29308
-4.25726
-4.22145
-4.18563
-4.14981
-4.11138
-4.07294
-4.03451
-3.99608
-3.95520
-3.91433
-3.87345
-3.83258
-3.79103
-3.74948
-3.70793
-3.66638
-3.62255
-3.57872
-3.53488
-3.49105
-3.44725
-3.40345
-3.35964
-3.31584
-3.27032
-3.22480
-3.17929
-3.13377
-3.08855
-3.04334
-2.99812
-2.95290
-2.90670
-2.86049
-2.81429
-2.76809
-2.72236
-2.67664
-2.63092
-2.58520
-2.53943
-2.49365
-2.44787
-2.40210
-2.35603
-2.30996
-2.26389
-2.21782
-2.17221
-2.12660
-2.08099
-2.03538
-1.98914
-1.94289
-1.89664
-1.85040
-1.80517
-1.75994
-1.71471
-1.66948
-1.62345
-1.57743
-1.53140
-1.48538
-1.44104
-1.39670
-1.35235
-1.30801
-1.26242
-1.21682
-1.17123
-1.12563
-1.08234
-1.03905
-0.99576
-0.95247
-0.90769
-0.86291
-0.81813
-0.77335
-0.73092
-0.68849
-0.64607
-0.60364
-0.56024
-0.51684
-0.47344
-0.43005
-0.38826
-0.34648
-0.30469
-0.26291
-0.22119
-0.17947
-0.13775
-0.09603
-0.05480
-0.01357
0.02765
0.06888
0.10861
0.14833
0.18806
0.22778
0.26853
0.30927
0.35001
0.39075
0.42835
0.46595
0.50355
0.54115
0.58077
0.62040
0.66003
0.69965
0.73476
0.76986
0.80496
0.84007
0.87781
0.91556
0.95331
0.99106
1.02521
1.05935
1.09349
1.12764
1.16397
1.20029
1.23662
1.27295
1.30663
1.34031
1.37398
1.40766
1.44265
1.47764
1.51263
1.54761
-11.37686
-11.34400
-11.31115
-11.27829
-11.24544
-11.21258
-11.17972
-11.14687
-11.11401
-11.08116
-11.04830
-11.01545
-10.98259
-10.94973
-10.91688
-10.88402
-10.85117
-10.81831
-10.78546
-10.75260
-10.71974
-10.68689
-10.65403
-10.62118
-10.58832
-10.55546
-10.52261
-10.48975
-10.45690
-10.42404
-10.39119
-10.35833
-10.32547
-10.29262
-10.25976
-10.22691
-10.19405
-10.16119
-10.12834
-10.09548
-10.06263
-10.02977
-9.99692
-9.96406
-9.93120
-9.89835
-9.86549
-9.83264
-9.79978
-9.76693
-9.73407
-9.70121
-9.66836
-9.63550
-9.60265
-9.56979
-9.53693
-9.50408
-9.47122
-9.43837
-9.40551
-9.37266
-9.33980
-9.30694
-9.27409
-9.24123
-9.20838
-9.17552
-9.14266
-9.10981
-9.07695
-9.04410
-9.01124
-8.97839
-8.94553
-8.91267
-8.87982
-8.84696
-8.81411
-8.78125
-8.74839
-8.71554
-8.68268
-8.64983
-8.61697
-8.58412
-8.55126
-8.51840
-8.48555
-8.45269
-8.41984
-8.38698
-8.35413
-8.32127
-8.28841
-8.25556
-8.22270
-8.18985
-8.15699
-8.12413
-8.09128
-8.05842
-8.02557
-7.99271
-7.95986
-7.92700
-7.89414
-7.86129
-7.82843
-7.79558
-7.76272
-7.72986
-7.69701
-7.66415
-7.63130
-7.59844
-7.56559
-7.53273
-7.49987
-7.46702
-7.43416
-7.40131
-7.36845
-7.33559
-7.30274
-7.26988
-7.23703
-7.20417
-7.17132
-7.13846
-7.10560
-7.07275
-7.03989
-7.00704
-6.97418
-6.94133
-6.90847
-6.87561
-6.84276
-6.80990
-6.77705
-6.77705
-6.77705
-6.77705
-6.77705
-6.77705
-6.77705
-6.77705
-6.77705
-6.77705
-6.77705
-6.77705
-6.77705
-6.77705
-6.77705
-6.77705
-6.77705
-6.77705
-6.77705
-6.77705
-6.77705
-6.77705
-6.77705
-6.77705
-6.77705
-6.77705
-6.77705
-6.77705
-6.77705
-6.77705
-6.77705
-6.77705
-6.77705
-6.77705
-6.77705
-6.77705
-6.77705
-6.77705
-6.77705
-6.77705
-6.77705
-6.77705
-6.77705
-6.77705
-6.77705
-6.77612
-6.77520
-6.77427
-6.77335
-6.73503
-6.69671
-6.65838
-6.62006
-6.57487
-6.52967
-6.48448
-6.43928
-6.39714
-6.35501
-6.31288
-6.27074
-6.22762
-6.18449
-6.14136
-6.09824
-6.05941
-6.02058
-5.98175
-5.94292
-5.90463
-5.86635
-5.82807
-5.78978
-5.75459
-5.71940
-5.68421
-5.64901
-5.61841
-5.58780
-5.55719
-5.52658
-5.49496
-5.46334
-5.43171
-5.40009
-5.37669
-5.35329
-5.32990
-5.30650
-5.27813
-5.24977
-5.22141
-5.19304
-5.17444
-5.15585
-5.13725
-5.11865
-5.09473
-5.07081
-5.04689
-5.02297
-5.00640
-4.98983
-4.97326
-4.95670
-4.93757
-4.91845
-4.89932
-4.88020
-4.86511
-4.85003
-4.83494
-4.81986
-4.80525
-4.79065
-4.77604
-4.76143
-4.74688
-4.73233
-4.71778
-4.70323
-4.68971
-4.67619
-4.66267
-4.64915
-4.63329
-4.61744
-4.60158
-4.58572
-4.56930
-4.55287
-4.53644
-4.52002
-4.49980
-4.47958
-4.45937
-4.43915
-4.41611
-4.39307
-4.37004
-4.34700
-4.31897
-4.29095
-4.26292
-4.23489
-4.20265
-4.17040
-4.13816
-4.10592
-4.06923
-4.03254
-3.99585
-3.95916
-3.92023
-3.88130
-3.84238
-3.80345
-3.76144
-3.71943
-3.67742
-3.63542
-3.59248
-3.54955
-3.50662
-3.46368
-3.41905
-3.37442
-3.32979
-3.28516
-3.24013
-3.19511
-3.15009
-3.10507
-3.05944
-3.01382
-2.96819
-2.92257
-2.87675
-2.83093
-2.78511
-2.73929
-2.69412
-2.64895
-2.60378
-2.55862
-2.51241
-2.46620
-2.42000
-2.37379
-2.32875
-2.28370
-2.23866
-2.19361
-2.14709
-2.10057
-2.05405
-2.00753
-1.96253
-1.91753
-1.87253
-1.82753
-1.78113
-1.73473
-1.68833
-1.64193
-1.59708
-1.55223
-1.50738
-1.46253
-1.41658
-1.37062
-1.32467
-1.27872
-1.23434
-1.18997
-1.14560
-1.10122
-1.05623
-1.01124
-0.96624
-0.92125
-0.87740
-0.83355
-0.78970
-0.74585
-0.70229
-0.65872
-0.61516
-0.57159
-0.52797
-0.48435
-0.44072
-0.39710
-0.35484
-0.31259
-0.27033
-0.22808
-0.18459
-0.14109
-0.09760
-0.05411
-0.01336
0.02738
0.06813
0.10887
0.15197
0.19507
0.23817
0.28127
0.32002
0.35877
0.39753
0.43628
0.47766
0.51904
0.56041
0.60179
0.63836
0.67494
0.71151
0.74808
0.78645
0.82482
0.86318
0.90155
0.93696
0.97237
1.00777
1.04318
1.07900
1.11483
1.15065
1.18647
1.22164
1.25681
1.29197
1.32714
1.36178
1.39642
1.43105
1.46569
-12.05928
-12.02294
-11.98660
-11.95025
-11.91391
-11.87757
-11.84123
-11.80489
-11.76854
-11.73220
-11.69586
-11.65952
-11.62317
-11.58683
-11.55049
-11.51415
-11.47780
-11.44146
-11.40512
-11.36878
-11.33244
-11.29609
-11.25975
-11.22341
-11.18707
-11.15072
-11.11438
-11.07804
-11.04170
-11.00535
-10.96901
-10.93267
-10.89633
-10.85999
-10.82364
-10.78730
-10.75096
-10.71462
-10.67827
-10.64193
-10.60559
-10.56925
-10.53290
-10.49656
-10.46022
-10.42388
-10.38754
-10.35119
-10.31485
-10.27851
-10.24217
-10.20582
-10.16948
-10.13314
-10.09680
-10.06045
-10.02411
-9.98777
-9.95143
-9.91509
-9.87874
-9.84240
-9.80606
-9.76972
-9.73337
-9.69703
-9.66069
-9.62435
-9.58800
-9.55166
-9.51532
-9.47898
-9.44264
-9.40629
-9.36995
-9.33361
-9.29727
-9.26092
-9.22458
-9.18824
-9.15190
-9.11555
-9.07921
-9.04287
-9.00653
-8.97019
-8.93384
-8.89750
-8.86116
-8.82482
-8.78847
-8.75213
-8.71579
-8.67945
-8.64310
-8.60676
-8.57042
-8.53408
-8.49774
-8.46139
-8.42505
-8.38871
-8.35237
-8.31602
-8.27968
-8.24334
-8.20700
-8.17065
-8.13431
-8.09797
-8.06163
-8.02528
-7.98894
-7.95260
-7.91626
-7.87992
-7.84357
-7.80723
-7.77089
-7.73455
-7.69820
-7.66186
-7.62552
-7.58918
-7.55283
-7.51649
-7.48015
-7.44381
-7.40747
-7.37112
-7.33478
-7.29844
-7.26210
-7.22575
-7.18941
-7.15307
-7.11673
-7.08038
-7.04404
-7.00770
-6.97136
-6.97136
-6.97136
-6.97136
-6.97136
-6.97136
-6.97136
-6.97136
-6.97136
-6.97136
-6.97136
-6.97136
-6.97136
-6.97136
-6.97136
-6.97136
-6.97136
-6.97136
-6.97136
-6.97136
-6.97136
-6.97136
-6.97136
-6.97136
-6.97136
-6.97136
-6.97136
-6.97136
-6.97136
-6.97136
-6.97136
-6.97136
-6.97136
-6.97136
-6.97136
-6.97136
-6.97136
-6.97136
-6.97136
-6.97136
-6.97136
-6.97136
-6.97136
-6.97136
-6.97136
-6.97136
-6.97136
-6.97136
-6.97136
-6.93629
-6.90122
-6.86615
-6.83108
-6.78260
-6.73412
-6.68564
-6.63716
-6.59048
-6.54381
-6.49713
-6.45045
-6.40374
-6.35703
-6.31031
-6.26360
-6.21918
-6.17475
-6.13033
-6.08591
-6.04299
-6.00007
-5.95716
-5.91424
-5.87272
-5.83120
-5.78968
-5.74817
-5.71131
-5.67444
-5.63758
-5.60072
-5.56237
-5.52402
-5.48567
-5.44732
-5.41641
-5.38551
-5.35460
-5.32370
-5.28856
-5.25343
-5.21829
-5.18316
-5.15699
-5.13083
-5.10467
-5.07850
-5.04839
-5.01827
-4.98815
-4.95803
-4.93498
-4.91194
-4.88890
-4.86585
-4.84232
-4.81879
-4.79526
-4.77173
-4.75189
-4.73206
-4.71223
-4.69239
-4.67602
-4.65965
-4.64327
-4.62690
-4.60972
-4.59255
-4.57537
-4.55819
-4.54560
-4.53301
-4.52042
-4.50784
-4.49203
-4.47622
-4.46041
-4.44460
-4.43122
-4.41784
-4.40446
-4.39108
-4.37370
-4.35631
-4.33892
-4.32154
-4.30348
-4.28543
-4.26738
-4.24932
-4.22724
-4.20515
-4.18307
-4.16098
-4.13568
-4.11037
-4.08507
-4.05976
-4.03094
-4.00211
-3.97329
-3.94446
-3.91275
-3.88104
-3.84933
-3.81762
-3.78282
-3.74803
-3.71323
-3.67844
-3.64134
-3.60424
-3.56714
-3.53004
-3.49076
-3.45148
-3.41220
-3.37292
-3.33163
-3.29035
-3.24906
-3.20777
-3.16497
-3.12217
-3.07937
-3.03657
-2.99231
-2.94804
-2.90377
-2.85950
-2.81548
-2.77145
-2.72743
-2.68340
-2.63774
-2.59208
-2.54642
-2.50076
-2.45602
-2.41129
-2.36655
-2.32182
-2.27546
-2.22910
-2.18275
-2.13639
-2.09124
-2.04609
-2.00094
-1.95579
-1.90939
-1.86299
-1.81658
-1.77018
-1.72476
-1.67934
-1.63393
-1.58851
-1.54244
-1.49637
-1.45030
-1.40423
-1.35890
-1.31357
-1.26823
-1.22290
-1.17772
-1.13254
-1.08736
-1.04218
-0.99709
-0.95201
-0.90692
-0.86184
-0.81807
-0.77431
-0.73055
-0.68678
-0.64202
-0.59725
-0.55248
-0.50771
-0.46517
-0.42262
-0.38007
-0.33752
-0.29321
-0.24890
-0.20460
-0.16029
-0.11903
-0.07778
-0.03653
0.00473
0.04816
0.09160
0.13503
0.17847
0.21813
0.25780
0.29746
0.33713
0.37864
0.42014
0.46165
0.50316
0.54121
0.57927
0.61732
0.65538
0.69379
0.73220
0.77061
0.80902
0.84608
0.88314
0.92020
0.95726
0.99289
1.02851
1.06414
1.09976
1.13651
1.17325
1.20999
1.24674
1.28098
1.31522
1.34946
1.38370
-12.65776
-12.61866
-12.57955
-12.54044
-12.50133
-12.46222
-12.42311
-12.38401
-12.34490
-12.30579
-12.26668
-12.22757
-12.18847
-12.14936
-12.11025
-12.07114
-12.03203
-11.99293
-11.95382
-11.91471
-11.87560
-11.83649
-11.79739
-11.75828
-11.71917
-11.68006
-11.64095
-11.60184
-11.56274
-11.52363
-11.48452
-11.44541
-11.40630
-11.36720
-11.32809
-11.28898
-11.24987
-11.21076
-11.17166
-11.13255
-11.09344
-11.05433
-11.01522
-10.97611
-10.93701
-10.89790
-10.85879
-10.81968
-10.78057
-10.74147
-10.70236
-10.66325
-10.62414
-10.58503
-10.54593
-10.50682
-10.46771
-10.42860
-10.38949
-10.35038
-10.31128
-10.27217
-10.23306
-10.19395
-10.15484
-10.11574
-10.07663
-10.03752
-9.99841
-9.95930
-9.92020
-9.88109
-9.84198
-9.80287
-9.76376
-9.72465
-9.68555
-9.64644
-9.60733
-9.56822
-9.52911
-9.49001
-9.45090
-9.41179
-9.37268
-9.33357
-9.29447
-9.25536
-9.21625
-9.17714
-9.13803
-9.09892
-9.05982
-9.02071
-8.98160
-8.94249
-8.90338
-8.86428
-8.82517
-8.78606
-8.74695
-8.70784
-8.66874
-8.62963
-8.59052
-8.55141
-8.51230
-8.47319
-8.43409
-8.39498
-8.35587
-8.31676
-8.27765
-8.23855
-8.19944
-8.16033
-8.12122
-8.08211
-8.04301
-8.00390
-7.96479
-7.92568
-7.88657
-7.84746
-7.80836
-7.76925
-7.73014
-7.69103
-7.65192
-7.61282
-7.57371
-7.53460
-7.49549
-7.45638
-7.41728
-7.37817
-7.33906
-7.29995
-7.26084
-7.22173
-7.18263
-7.18263
-7.18263
-7.18263
-7.18263
-7.18263
-7.18263
-7.18263
-7.18263
-7.18263
-7.18263
-7.18263
-7.18263
-7.18263
-7.18263
-7.18263
-7.18263
-7.18263
-7.18263
-7.18263
-7.18263
-7.18263
-7.18263
-7.18263
-7.18263
-7.18263
-7.18263
-7.18263
-7.18263
-7.18263
-7.18263
-7.18263
-7.18263
-7.18263
-7.18263
-7.18263
-7.18263
-7.18263
-7.18263
-7.18263
-7.18263
-7.18263
-7.18263
-7.18263
-7.18263
-7.18263
-7.18263
-7.18263
-7.18263
-7.15595
-7.12927
-7.10260
-7.07592
-7.02678
-6.97763
-6.92849
-6.87934
-6.83109
-6.78284
-6.73459
-6.68634
-6.63853
-6.59073
-6.54292
-6.49512
-6.44807
-6.40102
-6.35397
-6.30692
-6.26161
-6.21631
-6.17100
-6.12570
-6.08030
-6.03489
-5.98949
-5.94409
-5.90211
-5.86013
-5.81816
-5.77618
-5.73281
-5.68944
-5.64606
-5.60269
-5.56373
-5.52478
-5.48582
-5.44686
-5.40568
-5.36449
-5.32331
-5.28212
-5.24618
-5.21024
-5.17430
-5.13836
-5.10106
-5.06376
-5.02646
-4.98916
-4.95629
-4.92342
-4.89055
-4.85768
-4.82694
-4.79619
-4.76544
-4.73469
-4.70528
-4.67587
-4.64646
-4.61705
-4.59428
-4.57150
-4.54873
-4.52595
-4.50014
-4.47433
-4.44852
-4.42271
-4.40571
-4.38871
-4.37170
-4.35470
-4.33301
-4.31133
-4.28964
-4.26795
-4.25285
-4.23774
-4.22264
-4.20754
-4.18893
-4.17032
-4.15171
-4.13310
-4.11752
-4.10195
-4.08637
-4.07080
-4.05367
-4.03655
-4.01942
-4.00229
-3.98432
-3.96636
-3.94839
-3.93042
-3.91142
-3.89243
-3.87343
-3.85443
-3.83239
-3.81034
-3.78829
-3.76625
-3.74154
-3.71683
-3.69212
-3.66741
-3.63880
-3.61018
-3.58156
-3.55295
-3.52140
-3.48985
-3.45830
-3.42675
-3.39109
-3.35542
-3.31976
-3.28410
-3.24532
-3.20654
-3.16777
-3.12899
-3.08716
-3.04533
-3.00350
-2.96166
-2.91906
-2.87646
-2.83386
-2.79126
-2.74651
-2.70176
-2.65701
-2.61226
-2.56770
-2.52314
-2.47858
-2.43402
-2.38806
-2.34210
-2.29613
-2.25017
-2.20467
-2.15917
-2.11367
-2.06817
-2.02196
-1.97576
-1.92955
-1.88335
-1.83733
-1.79131
-1.74529
-1.69927
-1.65321
-1.60715
-1.56110
-1.51504
-1.46882
-1.42259
-1.37636
-1.33014
-1.28478
-1.23943
-1.19408
-1.14872
-1.10250
-1.05628
-1.01006
-0.96384
-0.91986
-0.87588
-0.83190
-0.78792
-0.74238
-0.69684
-0.65130
-0.60575
-0.56304
-0.52033
-0.47761
-0.43490
-0.39055
-0.34621
-0.30186
-0.25751
-0.21602
-0.17453
-0.13304
-0.09154
-0.04885
-0.00615
0.03654
0.07924
0.11968
0.16013
0.20057
0.24102
0.28179
0.32256
0.36334
0.40411
0.44366
0.48320
0.52275
0.56230
0.60044
0.63859
0.67673
0.71488
0.75380
0.79273
0.83165
0.87057
0.90616
0.94175
0.97734
1.01293
1.05129
1.08966
1.12803
1.16640
1.20022
1.23404
1.26786
1.30169
-13.11704
-13.07629
-13.03554
-12.99480
-12.95405
-12.91330
-12.87255
-12.83180
-12.79106
-12.75031
-12.70956
-12.66881
-12.62806
-12.58732
-12.54657
-12.50582
-12.46507
-12.42432
-12.38358
-12.34283
-12.30208
-12.26133
-12.22059
-12.17984
-12.13909
-12.09834
-12.05759
-12.01685
-11.97610
-11.93535
-11.89460
-11.85385
-11.81311
-11.77236
-11.73161
-11.69086
-11.65011
-11.60937
-11.56862
-11.52787
-11.48712
-11.44638
-11.40563
-11.36488
-11.32413
-11.28338
-11.24264
-11.20189
-11.16114
-11.12039
-11.07964
-11.03890
-10.99815
-10.95740
-10.91665
-10.87590
-10.83516
-10.79441
-10.75366
-10.71291
-10.67216
-10.63142
-10.59067
-10.54992
-10.50917
-10.46843
-10.42768
-10.38693
-10.34618
-10.30543
-10.26469
-10.22394
-10.18319
-10.14244
-10.10169
-10.06095
-10.02020
-9.97945
-9.93870
-9.89795
-9.85721
-9.81646
-9.77571
-9.73496
-9.69422
-9.65347
-9.61272
-9.57197
-9.53122
-9.49048
-9.44973
-9.40898
-9.36823
-9.32748
-9.28674
-9.24599
-9.20524
-9.16449
-9.12374
-9.08300
-9.04225
-9.00150
-8.96075
-8.92001
-8.87926
-8.83851
-8.79776
-8.75701
-8.71627
-8.67552
-8.63477
-8.59402
-8.55327
-8.51253
-8.47178
-8.43103
-8.39028
-8.34953
-8.30879
-8.26804
-8.22729
-8.18654
-8.14580
-8.10505
-8.06430
-8.02355
-7.98280
-7.94206
-7.90131
-7.86056
-7.81981
-7.77906
-7.73832
-7.69757
-7.65682
-7.61607
-7.57532
-7.53458
-7.49383
-7.45308
-7.41233
-7.41233
-7.41233
-7.41233
-7.41233
-7.41233
-7.41233
-7.41233
-7.41233
-7.41233
-7.41233
-7.41233
-7.41233
-7.41233
-7.41233
-7.41233
-7.41233
-7.41233
-7.41233
-7.41233
-7.41233
-7.41233
-7.41233
-7.41233
-7.41233
-7.41233
-7.41233
-7.41233
-7.41233
-7.41233
-7.41233
-7.41233
-7.41233
-7.41233
-7.41233
-7.41233
-7.41233
-7.41233
-7.41233
-7.41233
-7.41233
-7.41233
-7.41233
-7.41233
-7.41233
-7.41233
-7.41233
-7.41233
-7.41233
-7.39434
-7.37634
-7.35834
-7.34034
-7.29069
-7.24103
-7.19137
-7.14172
-7.09230
-7.04288
-6.99346
-6.94404
-6.89526
-6.84648
-6.79771
-6.74893
-6.69992
-6.65092
-6.60191
-6.55291
-6.50550
-6.45810
-6.41069
-6.36328
-6.31495
-6.26663
-6.21830
-6.16997
-6.12387
-6.07777
-6.03167
-5.98557
-5.93837
-5.89116
-5.84396
-5.79675
-5.75160
-5.70645
-5.66129
-5.61614
-5.57030
-5.52445
-5.47861
-5.43276
-5.38924
-5.34571
-5.30219
-5.25866
-5.21563
-5.17261
-5.12958
-5.08655
-5.04563
-5.00472
-4.96380
-4.92289
-4.88560
-4.84830
-4.81101
-4.77372
-4.73601
-4.69831
-4.66060
-4.62290
-4.59305
-4.56319
-4.53334
-4.50349
-4.46964
-4.43579
-4.40194
-4.36809
-4.34465
-4.32122
-4.29778
-4.27434
-4.24611
-4.21787
-4.18963
-4.16139
-4.14167
-4.12194
-4.10221
-4.08249
-4.06051
-4.03853
-4.01656
-3.99458
-3.97741
-3.96024
-3.94306
-3.92589
-3.90982
-3.89375
-3.87767
-3.86160
-3.84572
-3.82984
-3.81395
-3.79807
-3.78429
-3.77050
-3.75672
-3.74293
-3.72558
-3.70822
-3.69087
-3.67352
-3.65613
-3.63874
-3.62135
-3.60397
-3.58163
-3.55930
-3.53696
-3.51462
-3.49038
-3.46614
-3.44189
-3.41765
-3.38847
-3.35929
-3.33011
-3.30093
-3.26816
-3.23539
-3.20262
-3.16986
-3.13323
-3.09661
-3.05998
-3.02336
-2.98487
-2.94638
-2.90790
-2.86941
-2.82819
-2.78697
-2.74574
-2.70452
-2.66223
-2.61993
-2.57763
-2.53533
-2.49135
-2.44737
-2.40338
-2.35940
-2.31472
-2.27004
-2.22537
-2.18069
-2.13543
-2.09017
-2.04491
-1.99965
-1.95363
-1.90761
-1.86158
-1.81556
-1.76988
-1.72420
-1.67851
-1.63283
-1.58617
-1.53951
-1.49285
-1.44619
-1.40078
-1.35538
-1.30997
-1.26456
-1.21769
-1.17082
-1.12395
-1.07709
-1.03274
-0.98840
-0.94406
-0.89971
-0.85366
-0.80760
-0.76155
-0.71549
-0.67224
-0.62898
-0.58573
-0.54247
-0.49799
-0.45350
-0.40901
-0.36452
-0.32229
-0.28006
-0.23783
-0.19560
-0.15321
-0.11081
-0.06842
-0.02603
0.01558
0.05718
0.09879
0.14039
0.18089
0.22139
0.26189
0.30239
0.34353
0.38468
0.42582
0.46697
0.50515
0.54333
0.58151
0.61969
0.66016
0.70063
0.74109
0.78156
0.81750
0.85344
0.88938
0.92532
0.96476
1.00421
1.04365
1.08310
1.11717
1.15124
1.18532
1.21939
-13.29687
-13.25675
-13.21662
-13.17649
-13.13636
-13.09624
-13.05611
-13.01598
-12.97586
-12.93573
-12.89560
-12.85547
-12.81535
-12.77522
-12.73509
-12.69496
-12.65484
-12.61471
-12.57458
-12.53446
-12.49433
-12.45420
-12.41407
-12.37395
-12.33382
-12.29369
-12.25356
-12.21344
-12.17331
-12.13318
-12.09305
-12.05293
-12.01280
-11.97267
-11.93255
-11.89242
-11.85229
-11.81216
-11.77204
-11.73191
-11.69178
-11.65165
-11.61153
-11.57140
-11.53127
-11.49115
-11.45102
-11.41089
-11.37076
-11.33064
-11.29051
-11.25038
-11.21025
-11.17013
-11.13000
-11.08987
-11.04974
-11.00962
-10.96949
-10.92936
-10.88924
-10.84911
-10.80898
-10.76885
-10.72873
-10.68860
-10.64847
-10.60834
-10.56822
-10.52809
-10.48796
-10.44784
-10.40771
-10.36758
-10.32745
-10.28733
-10.24720
-10.20707
-10.16694
-10.12682
-10.08669
-10.04656
-10.00643
-9.96631
-9.92618
-9.88605
-9.84593
-9.80580
-9.76567
-9.72554
-9.68542
-9.64529
-9.60516
-9.56503
-9.52491
-9.48478
-9.44465
-9.40453
-9.36440
-9.32427
-9.28414
-9.24402
-9.20389
-9.16376
-9.12363
-9.08351
-9.04338
-9.00325
-8.96312
-8.92300
-8.88287
-8.84274
-8.80262
-8.76249
-8.72236
-8.68223
-8.64211
-8.60198
-8.56185
-8.52172
-8.48160
-8.44147
-8.40134
-8.36122
-8.32109
-8.28096
-8.24083
-8.20071
-8.16058
-8.12045
-8.08032
-8.04020
-8.00007
-7.95994
-7.91981
-7.87969
-7.83956
-7.79943
-7.75931
-7.71918
-7.67905
-7.67905
-7.67905
-7.67905
-7.67905
-7.67905
-7.67905
-7.67905
-7.67905
-7.67905
-7.67905
-7.67905
-7.67905
-7.67905
-7.67905
-7.67905
-7.67905
-7.67905
-7.67905
-7.67905
-7.67905
-7.67905
-7.67905
-7.67905
-7.67905
-7.67905
-7.67905
-7.67905
-7.67905
-7.67905
-7.67905
-7.67905
-7.67905
-7.67905
-7.67905
-7.67905
-7.67905
-7.67905
-7.67905
-7.67905
-7.67905
-7.67905
-7.67905
-7.67905
-7.67905
-7.67905
-7.67905
-7.67905
-7.67905
-7.67031
-7.66156
-7.65282
-7.64407
-7.59421
-7.54434
-7.49448
-7.44461
-7.39484
-7.34507
-7.29531
-7.24554
-7.19602
-7.14651
-7.09699
-7.04748
-6.99787
-6.94827
-6.89866
-6.84906
-6.80012
-6.75118
-6.70224
-6.65330
-6.60398
-6.55466
-6.50534
-6.45602
-6.40778
-6.35954
-6.31130
-6.26306
-6.21442
-6.16577
-6.11713
-6.06849
-6.02086
-5.97323
-5.92560
-5.87797
-5.83026
-5.78255
-5.73484
-5.68713
-5.64042
-5.59372
-5.54701
-5.50031
-5.45446
-5.40862
-5.36277
-5.31692
-5.27154
-5.22615
-5.18076
-5.13538
-5.09290
-5.05041
-5.00793
-4.96545
-4.92202
-4.87858
-4.83515
-4.79172
-4.75344
-4.71515
-4.67687
-4.63859
-4.59788
-4.55718
-4.51647
-4.47576
-4.44184
-4.40791
-4.37399
-4.34006
-4.30393
-4.26779
-4.23166
-4.19552
-4.16535
-4.13519
-4.10502
-4.07486
-4.04521
-4.01556
-3.98592
-3.95627
-3.92932
-3.90237
-3.87542
-3.84847
-3.82561
-3.80275
-3.77989
-3.75703
-3.73270
-3.70836
-3.68402
-3.65969
-3.64185
-3.62401
-3.60617
-3.58833
-3.56569
-3.54304
-3.52040
-3.49775
-3.48214
-3.46652
-3.45091
-3.43529
-3.41482
-3.39435
-3.37387
-3.35340
-3.33560
-3.31780
-3.30000
-3.28220
-3.26123
-3.24027
-3.21931
-3.19835
-3.17557
-3.15278
-3.13000
-3.10722
-3.08137
-3.05552
-3.02967
-3.00381
-2.97484
-2.94587
-2.91690
-2.88793
-2.85549
-2.82305
-2.79061
-2.75817
-2.72233
-2.68649
-2.65065
-2.61481
-2.57597
-2.53714
-2.49830
-2.45947
-2.41797
-2.37648
-2.33499
-2.29350
-2.25069
-2.20787
-2.16506
-2.12225
-2.07743
-2.03261
-1.98779
-1.94297
-1.89839
-1.85380
-1.80921
-1.76463
-1.71846
-1.67229
-1.62612
-1.57994
-1.53472
-1.48950
-1.44427
-1.39905
-1.35251
-1.30598
-1.25945
-1.21292
-1.16791
-1.12290
-1.07790
-1.03289
-0.98685
-0.94081
-0.89476
-0.84872
-0.80416
-0.75961
-0.71505
-0.67050
-0.62567
-0.58085
-0.53603
-0.49120
-0.44722
-0.40324
-0.35925
-0.31527
-0.27231
-0.22934
-0.18638
-0.14342
-0.09989
-0.05636
-0.01283
0.03070
0.07185
0.11300
0.15415
0.19530
0.23826
0.28121
0.32417
0.36712
0.40594
0.44476
0.48358
0.52240
0.56378
0.60515
0.64652
0.68790
0.72496
0.76203
0.79909
0.83616
0.87558
0.91501
0.95443
0.99385
1.02952
1.06519
1.10086
1.13653
-13.46974
-13.43020
-13.39065
-13.35111
-13.31157
-13.27203
-13.23249
-13.19294
-13.15340
-13.11386
-13.07432
-13.03478
-12.99524
-12.95569
-12.91615
-12.87661
-12.83707
-12.79753
-12.75798
-12.71844
-12.67890
-12.63936
-12.59982
-12.56027
-12.52073
-12.48119
-12.44165
-12.40211
-12.36257
-12.32302
-12.28348
-12.24394
-12.20440
-12.16486
-12.12531
-12.08577
-12.04623
-12.00669
-11.96715
-11.92760
-11.88806
-11.84852
-11.80898
-11.76944
-11.72989
-11.69035
-11.65081
-11.61127
-11.57173
-11.53219
-11.49264
-11.45310
-11.41356
-11.37402
-11.33448
-11.29493
-11.25539
-11.21585
-11.17631
-11.13677
-11.09722
-11.05768
-11.01814
-10.97860
-10.93906
-10.89951
-10.85997
-10.82043
-10.78089
-10.74135
-10.70181
-10.66226
-10.62272
-10.58318
-10.54364
-10.50410
-10.46455
-10.42501
-10.38547
-10.34593
-10.30639
-10.26684
-10.22730
-10.18776
-10.14822
-10.10868
-10.06914
-10.02959
-9.99005
-9.95051
-9.91097
-9.87143
-9.83188
-9.79234
-9.75280
-9.71326
-9.67372
-9.63417
-9.59463
-9.55509
-9.51555
-9.47601
-9.43646
-9.39692
-9.35738
-9.31784
-9.27830
-9.23876
-9.19921
-9.15967
-9.12013
-9.08059
-9.04105
-9.00150
-8.96196
-8.92242
-8.88288
-8.84334
-8.80379
-8.76425
-8.72471
-8.68517
-8.64563
-8.60609
-8.56654
-8.52700
-8.48746
-8.44792
-8.40838
-8.36883
-8.32929
-8.28975
-8.25021
-8.21067
-8.17112
-8.13158
-8.09204
-8.05250
-8.01296
-7.97341
-7.93387
-7.93387
-7.93387
-7.93387
-7.93387
-7.93387
-7.93387
-7.93387
-7.93387
-7.93387
-7.93387
-7.93387
-7.93387
-7.93387
-7.93387
-7.93387
-7.93387
-7.93387
-7.93387
-7.93387
-7.93387
-7.93387
-7.93387
-7.93387
-7.93387
-7.93387
-7.93387
-7.93387
-7.93387
-7.93387
-7.93387
-7.93387
-7.93387
-7.93387
-7.93387
-7.93387
-7.93387
-7.93387
-7.93387
-7.93387
-7.93387
-7.93387
-7.93387
-7.93387
-7.93387
-7.93387
-7.93387
-7.93387
-7.93387
-7.93207
-7.93026
-7.92846
-7.92665
-7.87899
-7.83132
-7.78366
-7.73599
-7.68597
-7.63596
-7.58594
-7.53593
-7.48588
-7.43583
-7.38579
-7.33574
-7.28570
-7.23566
-7.18562
-7.13558
-7.08554
-7.03551
-6.98547
-6.93544
-6.88541
-6.83538
-6.78536
-6.73533
-6.68552
-6.63571
-6.58590
-6.53609
-6.48634
-6.43659
-6.38684
-6.33709
-6.28759
-6.23808
-6.18857
-6.13906
-6.08987
-6.04067
-5.99147
-5.94228
-5.89314
-5.84400
-5.79487
-5.74573
-5.69757
-5.64941
-5.60125
-5.55309
-5.50432
-5.45554
-5.40677
-5.35800
-5.31132
-5.26463
-5.21795
-5.17127
-5.12346
-5.07565
-5.02783
-4.98002
-4.93501
-4.89000
-4.84499
-4.79998
-4.75391
-4.70783
-4.66176
-4.61568
-4.57322
-4.53076
-4.48831
-4.44585
-4.40325
-4.36064
-4.31804
-4.27544
-4.23630
-4.19717
-4.15804
-4.11891
-4.08231
-4.04570
-4.00910
-3.97249
-3.93661
-3.90072
-3.86484
-3.82895
-3.79930
-3.76965
-3.74000
-3.71035
-3.67798
-3.64560
-3.61323
-3.58085
-3.55785
-3.53485
-3.51185
-3.48885
-3.46072
-3.43259
-3.40445
-3.37632
-3.35938
-3.34244
-3.32550
-3.30856
-3.28766
-3.26676
-3.24586
-3.22496
-3.20957
-3.19419
-3.17880
-3.16342
-3.14707
-3.13072
-3.11437
-3.09801
-3.08111
-3.06421
-3.04731
-3.03041
-3.01250
-2.99458
-2.97667
-2.95876
-2.93687
-2.91498
-2.89309
-2.87119
-2.84689
-2.82258
-2.79828
-2.77397
-2.74461
-2.71524
-2.68587
-2.65650
-2.62392
-2.59134
-2.55875
-2.52617
-2.48934
-2.45251
-2.41567
-2.37884
-2.33989
-2.30094
-2.26198
-2.22303
-2.18087
-2.13871
-2.09655
-2.05439
-2.01178
-1.96917
-1.92657
-1.88396
-1.83910
-1.79424
-1.74938
-1.70452
-1.65992
-1.61532
-1.57073
-1.52613
-1.48027
-1.43442
-1.38856
-1.34270
-1.29733
-1.25195
-1.20658
-1.16121
-1.11535
-1.06950
-1.02364
-0.97779
-0.93219
-0.88660
-0.84101
-0.79541
-0.75039
-0.70537
-0.66035
-0.61533
-0.56989
-0.52444
-0.47900
-0.43356
-0.39007
-0.34657
-0.30308
-0.25959
-0.21454
-0.16950
-0.12445
-0.07941
-0.03748
0.00445
0.04638
0.08831
0.13261
0.17692
0.22123
0.26554
0.30531
0.34508
0.38484
0.42461
0.46667
0.50873
0.55078
0.59284
0.63124
0.66963
0.70802
0.74642
0.78584
0.82527
0.86469
0.90412
0.94145
0.97877
1.01610
1.05342
-13.62523
-13.58619
-13.54714
-13.50810
-13.46906
-13.43001
-13.39097
-13.35192
-13.31288
-13.27384
-13.23479
-13.19575
-13.15670
-13.11766
-13.07862
-13.03957
-13.00053
-12.96148
-12.92244
-12.88339
-12.84435
-12.80531
-12.76626
-12.72722
-12.68817
-12.64913
-12.61009
-12.57104
-12.53200
-12.49295
-12.45391
-12.41487
-12.37582
-12.33678
-12.29773
-12.25869
-12.21964
-12.18060
-12.14156
-12.10251
-12.06347
-12.02442
-11.98538
-11.94634
-11.90729
-11.86825
-11.82920
-11.79016
-11.75112
-11.71207
-11.67303
-11.63398
-11.59494
-11.55589
-11.51685
-11.47781
-11.43876
-11.39972
-11.36067
-11.32163
-11.28259
-11.24354
-11.20450
-11.16545
-11.12641
-11.08737
-11.04832
-11.00928
-10.97023
-10.93119
-10.89215
-10.85310
-10.81406
-10.77501
-10.73597
-10.69692
-10.65788
-10.61884
-10.57979
-10.54075
-10.50170
-10.46266
-10.42362
-10.38457
-10.34553
-10.30648
-10.26744
-10.22840
-10.18935
-10.15031
-10.11126
-10.07222
-10.03317
-9.99413
-9.95509
-9.91604
-9.87700
-9.83795
-9.79891
-9.75987
-9.72082
-9.68178
-9.64273
-9.60369
-9.56465
-9.52560
-9.48656
-9.44751
-9.40847
-9.36942
-9.33038
-9.29134
-9.25229
-9.21325
-9.17420
-9.13516
-9.09612
-9.05707
-9.01803
-8.97898
-8.93994
-8.90090
-8.86185
-8.82281
-8.78376
-8.74472
-8.70567
-8.66663
-8.62759
-8.58854
-8.54950
-8.51045
-8.47141
-8.43237
-8.39332
-8.35428
-8.31523
-8.27619
-8.23715
-8.19810
-8.15906
-8.15906
-8.15906
-8.15906
-8.15906
-8.15906
-8.15906
-8.15906
-8.15906
-8.15906
-8.15906
-8.15906
-8.15906
-8.15906
-8.15906
-8.15906
-8.15906
-8.15906
-8.15906
-8.15906
-8.15906
-8.15906
-8.15906
-8.15906
-8.15906
-8.15906
-8.15906
-8.15906
-8.15906
-8.15906
-8.15906
-8.15906
-8.15906
-8.15906
-8.15906
-8.15906
-8.15906
-8.15906
-8.15906
-8.15906
-8.15906
-8.15906
-8.15906
-8.15906
-8.15906
-8.15906
-8.15906
-8.15906
-8.15906
-8.15842
-8.15779
-8.15715
-8.15651
-8.11706
-8.07760
-8.03815
-7.99869
-7.94867
-7.89866
-7.84864
-7.79862
-7.74856
-7.69851
-7.64845
-7.59839
-7.54832
-7.49825
-7.44818
-7.39811
-7.34807
-7.29803
-7.24799
-7.19795
-7.14793
-7.09791
-7.04789
-6.99787
-6.94790
-6.89793
-6.84796
-6.79799
-6.74797
-6.69794
-6.64792
-6.59789
-6.54800
-6.49810
-6.44820
-6.39830
-6.34857
-6.29884
-6.24911
-6.19937
-6.14967
-6.09996
-6.05026
-6.00055
-5.95133
-5.90212
-5.85290
-5.80369
-5.75423
-5.70477
-5.65532
-5.60586
-5.55744
-5.50903
-5.46061
-5.41219
-5.36336
-5.31453
-5.26570
-5.21687
-5.16937
-5.12188
-5.07438
-5.02689
-4.97915
-4.93141
-4.88368
-4.83594
-4.78982
-4.74369
-4.69757
-4.65144
-4.60594
-4.56044
-4.51493
-4.46943
-4.42501
-4.38058
-4.33616
-4.29174
-4.24995
-4.20817
-4.16638
-4.12460
-4.08187
-4.03914
-3.99640
-3.95367
-3.91723
-3.88078
-3.84434
-3.80789
-3.76852
-3.72914
-3.68976
-3.65039
-3.61946
-3.58854
-3.55762
-3.52670
-3.49259
-3.45848
-3.42436
-3.39025
-3.36427
-3.33829
-3.31231
-3.28633
-3.25930
-3.23226
-3.20523
-3.17819
-3.15519
-3.13219
-3.10918
-3.08618
-3.06546
-3.04473
-3.02400
-3.00328
-2.98203
-2.96078
-2.93953
-2.91828
-2.90125
-2.88422
-2.86718
-2.85015
-2.82926
-2.80838
-2.78749
-2.76661
-2.74883
-2.73105
-2.71327
-2.69549
-2.67264
-2.64978
-2.62693
-2.60408
-2.58050
-2.55692
-2.53334
-2.50976
-2.48126
-2.45275
-2.42425
-2.39574
-2.36418
-2.33261
-2.30104
-2.26948
-2.23360
-2.19772
-2.16185
-2.12597
-2.08753
-2.04909
-2.01065
-1.97221
-1.93072
-1.88922
-1.84772
-1.80623
-1.76336
-1.72050
-1.67763
-1.63477
-1.59043
-1.54610
-1.50177
-1.45744
-1.41243
-1.36742
-1.32241
-1.27740
-1.23218
-1.18696
-1.14173
-1.09651
-1.05052
-1.00454
-0.95856
-0.91257
-0.86770
-0.82283
-0.77796
-0.73308
-0.68692
-0.64075
-0.59459
-0.54842
-0.50449
-0.46056
-0.41663
-0.37269
-0.32715
-0.28161
-0.23607
-0.19053
-0.14752
-0.10451
-0.06149
-0.01848
0.02604
0.07057
0.11510
0.15963
0.20111
0.24260
0.28408
0.32557
0.36776
0.40994
0.45213
0.49432
0.53454
0.57477
0.61499
0.65522
0.69471
0.73420
0.77369
0.81317
0.85230
0.89143
0.93056
0.96969
-13.86742
-13.82823
-13.78904
-13.74984
-13.71065
-13.67146
-13.63226
-13.59307
-13.55388
-13.51468
-13.47549
-13.43630
-13.39710
-13.35791
-13.31872
-13.27953
-13.24033
-13.20114
-13.16195
-13.12275
-13.08356
-13.04437
-13.00517
-12.96598
-12.92679
-12.88759
-12.84840
-12.80921
-12.77001
-12.73082
-12.69163
-12.65243
-12.61324
-12.57405
-12.53486
-12.49566
-12.45647
-12.41728
-12.37808
-12.33889
-12.29970
-12.26050
-12.22131
-12.18212
-12.14292
-12.10373
-12.06454
-12.02534
-11.98615
-11.94696
-11.90776
-11.86857
-11.82938
-11.79019
-11.75099
-11.71180
-11.67261
-11.63341
-11.59422
-11.55503
-11.51583
-11.47664
-11.43745
-11.39825
-11.35906
-11.31987
-11.28067
-11.24148
-11.20229
-11.16309
-11.12390
-11.08471
-11.04552
-11.00632
-10.96713
-10.92794
-10.88874
-10.84955
-10.81036
-10.77116
-10.73197
-10.69278
-10.65358
-10.61439
-10.57520
-10.53600
-10.49681
-10.45762
-10.41842
-10.37923
-10.34004
-10.30085
-10.26165
-10.22246
-10.18327
-10.14407
-10.10488
-10.06569
-10.02649
-9.98730
-9.94811
-9.90891
-9.86972
-9.83053
-9.79133
-9.75214
-9.71295
-9.67375
-9.63456
-9.59537
-9.55618
-9.51698
-9.47779
-9.43860
-9.39940
-9.36021
-9.32102
-9.28182
-9.24263
-9.20344
-9.16424
-9.12505
-9.08586
-9.04666
-9.00747
-8.96828
-8.92908
-8.88989
-8.85070
-8.81151
-8.77231
-8.73312
-8.69393
-8.65473
-8.61554
-8.57635
-8.53715
-8.49796
-8.45877
-8.41957
-8.38038
-8.38038
-8.38038
-8.38038
-8.38038
-8.38038
-8.38038
-8.38038
-8.38038
-8.38038
-8.38038
-8.38038
-8.38038
-8.38038
-8.38038
-8.38038
-8.38038
-8.38038
-8.38038
-8.38038
-8.38038
-8.38038
-8.38038
-8.38038
-8.38038
-8.38038
-8.38038
-8.38038
-8.38038
-8.38038
-8.38038
-8.38038
-8.38038
-8.38038
-8.38038
-8.38038
-8.38038
-8.38038
-8.38038
-8.38038
-8.38038
-8.38038
-8.38038
-8.38038
-8.38038
-8.38038
-8.38038
-8.38038
-8.38038
-8.38038
-8.38038
-8.38038
-8.38038
-8.34970
-8.31902
-8.28834
-8.25766
-8.20771
-8.15776
-8.10781
-8.05786
-8.00785
-7.95783
-7.90782
-7.85780
-7.80774
-7.75767
-7.70760
-7.65753
-7.60749
-7.55745
-7.50742
-7.45738
-7.40725
-7.35712
-7.30699
-7.25686
-7.20674
-7.15663
-7.10651
-7.05640
-7.00616
-6.95591
-6.90567
-6.85543
-6.80527
-6.75512
-6.70496
-6.65480
-6.60471
-6.55461
-6.50452
-6.45443
-6.40436
-6.35429
-6.30423
-6.25416
-6.20430
-6.15445
-6.10459
-6.05473
-6.00487
-5.95501
-5.90514
-5.85528
-5.80577
-5.75626
-5.70675
-5.65723
-5.60772
-5.55821
-5.50870
-5.45919
-5.41006
-5.36092
-5.31179
-5.26266
-5.21368
-5.16471
-5.11573
-5.06675
-5.01815
-4.96954
-4.92093
-4.87233
-4.82469
-4.77706
-4.72943
-4.68179
-4.63391
-4.58602
-4.53813
-4.49025
-4.44460
-4.39896
-4.35332
-4.30767
-4.26058
-4.21348
-4.16639
-4.11929
-4.07731
-4.03532
-3.99334
-3.95136
-3.90712
-3.86288
-3.81865
-3.77441
-3.73635
-3.69830
-3.66024
-3.62218
-3.58273
-3.54329
-3.50384
-3.46439
-3.43002
-3.39564
-3.36126
-3.32688
-3.29380
-3.26071
-3.22762
-3.19453
-3.16355
-3.13256
-3.10157
-3.07059
-3.04466
-3.01874
-2.99282
-2.96690
-2.93932
-2.91175
-2.88418
-2.85660
-2.83745
-2.81830
-2.79915
-2.78000
-2.75662
-2.73325
-2.70987
-2.68650
-2.67021
-2.65392
-2.63763
-2.62134
-2.60075
-2.58016
-2.55957
-2.53899
-2.52018
-2.50137
-2.48257
-2.46376
-2.44128
-2.41881
-2.39633
-2.37386
-2.34854
-2.32322
-2.29791
-2.27259
-2.24366
-2.21473
-2.18580
-2.15687
-2.12406
-2.09126
-2.05845
-2.02564
-1.98957
-1.95349
-1.91742
-1.88134
-1.84219
-1.80304
-1.76389
-1.72474
-1.68355
-1.64237
-1.60119
-1.56000
-1.51669
-1.47337
-1.43005
-1.38673
-1.34301
-1.29928
-1.25556
-1.21184
-1.16637
-1.12089
-1.07542
-1.02995
-0.98541
-0.94087
-0.89634
-0.85180
-0.80556
-0.75932
-0.71308
-0.66684
-0.62242
-0.57800
-0.53359
-0.48917
-0.44333
-0.39750
-0.35166
-0.30582
-0.26165
-0.21749
-0.17332
-0.12915
-0.08428
-0.03941
0.00546
0.05033
0.09355
0.13677
0.17999
0.22321
0.26573
0.30825
0.35077
0.39329
0.43541
0.47752
0.51964
0.56175
0.60149
0.64123
0.68098
0.72072
0.76164
0.80255
0.84346
0.88438
-14.21299
-14.17288
-14.13276
-14.09265
-14.05254
-14.01242
-13.97231
-13.93220
-13.89208
-13.85197
-13.81185
-13.77174
-13.73163
-13.69151
-13.65140
-13.61129
-13.57117
-13.53106
-13.49095
-13.45083
-13.41072
-13.37061
-13.33049
-13.29038
-13.25027
-13.21015
-13.17004
-13.12993
-13.08981
-13.04970
-13.00958
-12.96947
-12.92936
-12.88924
-12.84913
-12.80902
-12.76890
-12.72879
-12.68868
-12.64856
-12.60845
-12.56834
-12.52822
-12.48811
-12.44800
-12.40788
-12.36777
-12.32765
-12.28754
-12.24743
-12.20731
-12.16720
-12.12709
-12.08697
-12.04686
-12.00675
-11.96663
-11.92652
-11.88641
-11.84629
-11.80618
-11.76607
-11.72595
-11.68584
-11.64573
-11.60561
-11.56550
-11.52538
-11.48527
-11.44516
-11.40504
-11.36493
-11.32482
-11.28470
-11.24459
-11.20448
-11.16436
-11.12425
-11.08414
-11.04402
-11.00391
-10.96380
-10.92368
-10.88357
-10.84346
-10.80334
-10.76323
-10.72311
-10.68300
-10.64289
-10.60277
-10.56266
-10.52255
-10.48243
-10.44232
-10.40221
-10.36209
-10.32198
-10.28187
-10.24175
-10.20164
-10.16153
-10.12141
-10.08130
-10.04119
-10.00107
-9.96096
-9.92084
-9.88073
-9.84062
-9.80050
-9.76039
-9.72028
-9.68016
-9.64005
-9.59994
-9.55982
-9.51971
-9.47960
-9.43948
-9.39937
-9.35926
-9.31914
-9.27903
-9.23892
-9.19880
-9.15869
-9.11857
-9.07846
-9.03835
-8.99823
-8.95812
-8.91801
-8.87789
-8.83778
-8.79767
-8.75755
-8.71744
-8.67733
-8.63721
-8.59710
-8.59710
-8.59710
-8.59710
-8.59710
-8.59710
-8.59710
-8.59710
-8.59710
-8.59710
-8.59710
-8.59710
-8.59710
-8.59710
-8.59710
-8.59710
-8.59710
-8.59710
-8.59710
-8.59710
-8.59710
-8.59710
-8.59710
-8.59710
-8.59710
-8.59710
-8.59710
-8.59710
-8.59710
-8.59710
-8.59710
-8.59710
-8.59710
-8.59710
-8.59710
-8.59710
-8.59710
-8.59710
-8.59710
-8.59710
-8.59710
-8.59710
-8.59710
-8.59710
-8.59710
-8.59710
-8.59710
-8.59710
-8.59710
-8.59710
-8.59710
-8.59710
-8.59710
-8.57587
-8.55465
-8.53342
-8.51219
-8.46239
-8.41258
-8.36278
-8.31297
-8.26307
-8.21316
-8.16325
-8.11335
-8.06332
-8.01330
-7.96328
-7.91325
-7.86322
-7.81319
-7.76316
-7.71313
-7.66275
-7.61237
-7.56199
-7.51161
-7.46136
-7.41112
-7.36087
-7.31063
-7.26024
-7.20985
-7.15947
-7.10908
-7.05882
-7.00855
-6.95829
-6.90803
-6.85778
-6.80753
-6.75729
-6.70704
-6.65686
-6.60669
-6.55651
-6.50633
-6.45632
-6.40632
-6.35631
-6.30631
-6.25637
-6.20643
-6.15649
-6.10655
-6.05671
-6.00687
-5.95703
-5.90718
-5.85740
-5.80761
-5.75783
-5.70804
-5.65828
-5.60852
-5.55876
-5.50900
-5.45929
-5.40958
-5.35986
-5.31015
-5.26047
-5.21080
-5.16112
-5.11144
-5.06259
-5.01375
-4.96490
-4.91606
-4.86689
-4.81772
-4.76855
-4.71937
-4.67145
-4.62353
-4.57560
-4.52768
-4.47918
-4.43068
-4.38217
-4.33367
-4.28765
-4.24163
-4.19561
-4.14959
-4.10304
-4.05650
-4.00996
-3.96341
-3.91916
-3.87490
-3.83064
-3.78639
-3.74237
-3.69835
-3.65434
-3.61032
-3.56831
-3.52631
-3.48430
-3.44229
-3.40325
-3.36421
-3.32517
-3.28612
-3.24672
-3.20731
-3.16790
-3.12849
-3.09639
-3.06430
-3.03220
-3.00010
-2.96385
-2.92759
-2.89133
-2.85508
-2.83024
-2.80540
-2.78056
-2.75572
-2.72569
-2.69565
-2.66562
-2.63558
-2.61477
-2.59396
-2.57316
-2.55235
-2.52896
-2.50557
-2.48219
-2.45880
-2.43972
-2.42064
-2.40156
-2.38247
-2.36329
-2.34410
-2.32491
-2.30572
-2.28530
-2.26488
-2.24446
-2.22404
-2.20285
-2.18166
-2.16046
-2.13927
-2.11384
-2.08840
-2.06297
-2.03753
-2.00934
-1.98114
-1.95295
-1.92475
-1.89167
-1.85860
-1.82552
-1.79244
-1.75635
-1.72026
-1.68416
-1.64807
-1.60802
-1.56797
-1.52792
-1.48787
-1.44668
-1.40550
-1.36432
-1.32313
-1.27924
-1.23535
-1.19146
-1.14757
-1.10359
-1.05962
-1.01564
-0.97167
-0.92613
-0.88058
-0.83504
-0.78950
-0.74454
-0.69958
-0.65462
-0.60966
-0.56377
-0.51788
-0.47199
-0.42610
-0.38068
-0.33526
-0.28985
-0.24443
-0.19907
-0.15372
-0.10836
-0.06300
-0.01803
0.02695
0.07193
0.11691
0.16000
0.20310
0.24619
0.28929
0.33336
0.37743
0.42150
0.46557
0.50580
0.54602
0.58625
0.62647
0.66915
0.71182
0.75450
0.79718
-14.66862
-14.62663
-14.58465
-14.54266
-14.50068
-14.45869
-14.41671
-14.37472
-14.33273
-14.29075
-14.24876
-14.20678
-14.16479
-14.12281
-14.08082
-14.03884
-13.99685
-13.95486
-13.91288
-13.87089
-13.82891
-13.78692
-13.74494
-13.70295
-13.66097
-13.61898
-13.57699
-13.53501
-13.49302
-13.45104
-13.40905
-13.36707
-13.32508
-13.28310
-13.24111
-13.19912
-13.15714
-13.11515
-13.07317
-13.03118
-12.98920
-12.94721
-12.90523
-12.86324
-12.82125
-12.77927
-12.73728
-12.69530
-12.65331
-12.61133
-12.56934
-12.52735
-12.48537
-12.44338
-12.40140
-12.35941
-12.31743
-12.27544
-12.23346
-12.19147
-12.14948
-12.10750
-12.06551
-12.02353
-11.98154
-11.93956
-11.89757
-11.85559
-11.81360
-11.77161
-11.72963
-11.68764
-11.64566
-11.60367
-11.56169
-11.51970
-11.47772
-11.43573
-11.39374
-11.35176
-11.30977
-11.26779
-11.22580
-11.18382
-11.14183
-11.09985
-11.05786
-11.01587
-10.97389
-10.93190
-10.88992
-10.84793
-10.80595
-10.76396
-10.72198
-10.67999
-10.63800
-10.59602
-10.55403
-10.51205
-10.47006
-10.42808
-10.38609
-10.34411
-10.30212
-10.26013
-10.21815
-10.17616
-10.13418
-10.09219
-10.05021
-10.00822
-9.96623
-9.92425
-9.88226
-9.84028
-9.79829
-9.75631
-9.71432
-9.67234
-9.63035
-9.58836
-9.54638
-9.50439
-9.46241
-9.42042
-9.37844
-9.33645
-9.29447
-9.25248
-9.21049
-9.16851
-9.12652
-9.08454
-9.04255
-9.00057
-8.95858
-8.91660
-8.87461
-8.83262
-8.79064
-8.79064
-8.79064
-8.79064
-8.79064
-8.79064
-8.79064
-8.79064
-8.79064
-8.79064
-8.79064
-8.79064
-8.79064
-8.79064
-8.79064
-8.79064
-8.79064
-8.79064
-8.79064
-8.79064
-8.79064
-8.79064
-8.79064
-8.79064
-8.79064
-8.79064
-8.79064
-8.79064
-8.79064
-8.79064
-8.79064
-8.79064
-8.79064
-8.79064
-8.79064
-8.79064
-8.79064
-8.79064
-8.79064
-8.79064
-8.79064
-8.79064
-8.79064
-8.79064
-8.79064
-8.79064
-8.79064
-8.79064
-8.79064
-8.79064
-8.79064
-8.79064
-8.79064
-8.77874
-8.76684
-8.75493
-8.74303
-8.69311
-8.64318
-8.59326
-8.54334
-8.49337
-8.44340
-8.39344
-8.34347
-8.29332
-8.24318
-8.19303
-8.14288
-8.09277
-8.04266
-7.99255
-7.94244
-7.89212
-7.84181
-7.79150
-7.74118
-7.69098
-7.64077
-7.59056
-7.54036
-7.49007
-7.43977
-7.38948
-7.33919
-7.28897
-7.23876
-7.18854
-7.13832
-7.08815
-7.03797
-6.98780
-6.93762
-6.88751
-6.83739
-6.78728
-6.73716
-6.68710
-6.63705
-6.58699
-6.53693
-6.48686
-6.43679
-6.38671
-6.33664
-6.28663
-6.23661
-6.18660
-6.13658
-6.08662
-6.03665
-5.98668
-5.93671
-5.88673
-5.83675
-5.78678
-5.73680
-5.68698
-5.63715
-5.58733
-5.53750
-5.48763
-5.43776
-5.38789
-5.33802
-5.28843
-5.23885
-5.18926
-5.13968
-5.08992
-5.04016
-4.99040
-4.94064
-4.89148
-4.84232
-4.79315
-4.74399
-4.69466
-4.64533
-4.59600
-4.54668
-4.49848
-4.45028
-4.40208
-4.35388
-4.30579
-4.25770
-4.20961
-4.16152
-4.11425
-4.06698
-4.01971
-3.97244
-3.92607
-3.87969
-3.83331
-3.78693
-3.74090
-3.69486
-3.64883
-3.60279
-3.55998
-3.51718
-3.47437
-3.43157
-3.38746
-3.34336
-3.29926
-3.25515
-3.21769
-3.18022
-3.14275
-3.10529
-3.06454
-3.02380
-2.98306
-2.94231
-2.91086
-2.87942
-2.84797
-2.81652
-2.78224
-2.74797
-2.71369
-2.67942
-2.65234
-2.62526
-2.59817
-2.57109
-2.54438
-2.51766
-2.49094
-2.46423
-2.44032
-2.41642
-2.39252
-2.36861
-2.34806
-2.32751
-2.30695
-2.28640
-2.26393
-2.24147
-2.21900
-2.19653
-2.17766
-2.15879
-2.13992
-2.12105
-2.09730
-2.07356
-2.04982
-2.02607
-2.00322
-1.98038
-1.95753
-1.93468
-1.90638
-1.87809
-1.84979
-1.82149
-1.79066
-1.75984
-1.72901
-1.69818
-1.66275
-1.62732
-1.59189
-1.55646
-1.51870
-1.48093
-1.44317
-1.40541
-1.36430
-1.32320
-1.28209
-1.24099
-1.19857
-1.15616
-1.11374
-1.07132
-1.02717
-0.98302
-0.93887
-0.89472
-0.84997
-0.80521
-0.76046
-0.71571
-0.67039
-0.62507
-0.57975
-0.53443
-0.48850
-0.44257
-0.39664
-0.35071
-0.30536
-0.26002
-0.21468
-0.16933
-0.12323
-0.07713
-0.03103
0.01507
0.05848
0.10189
0.14530
0.18871
0.23367
0.27864
0.32360
0.36856
0.40963
0.45071
0.49179
0.53286
0.57601
0.61915
0.66230
0.70545
-15.09438
-15.05068
-15.00699
-14.96330
-14.91961
-14.87591
-14.83222
-14.78853
-14.74484
-14.70115
-14.65745
-14.61376
-14.57007
-14.52638
-14.48268
-14.43899
-14.39530
-14.35161
-14.30791
-14.26422
-14.22053
-14.17684
-14.13314
-14.08945
-14.04576
-14.00207
-13.95837
-13.91468
-13.87099
-13.82730
-13.78361
-13.73991
-13.69622
-13.65253
-13.60884
-13.56514
-13.52145
-13.47776
-13.43407
-13.39037
-13.34668
-13.30299
-13.25930
-13.21560
-13.17191
-13.12822
-13.08453
-13.04083
-12.99714
-12.95345
-12.90976
-12.86607
-12.82237
-12.77868
-12.73499
-12.69130
-12.64760
-12.60391
-12.56022
-12.51653
-12.47283
-12.42914
-12.38545
-12.34176
-12.29806
-12.25437
-12.21068
-12.16699
-12.12329
-12.07960
-12.03591
-11.99222
-11.94853
-11.90483
-11.86114
-11.81745
-11.77376
-11.73006
-11.68637
-11.64268
-11.59899
-11.55529
-11.51160
-11.46791
-11.42422
-11.38052
-11.33683
-11.29314
-11.24945
-11.20575
-11.16206
-11.11837
-11.07468
-11.03099
-10.98729
-10.94360
-10.89991
-10.85622
-10.81252
-10.76883
-10.72514
-10.68145
-10.63775
-10.59406
-10.55037
-10.50668
-10.46298
-10.41929
-10.37560
-10.33191
-10.28821
-10.24452
-10.20083
-10.15714
-10.11345
-10.06975
-10.02606
-9.98237
-9.93868
-9.89498
-9.85129
-9.80760
-9.76391
-9.72021
-9.67652
-9.63283
-9.58914
-9.54544
-9.50175
-9.45806
-9.41437
-9.37067
-9.32698
-9.28329
-9.23960
-9.19591
-9.15221
-9.10852
-9.06483
-9.02114
-8.97744
-8.97744
-8.97744
-8.97744
-8.97744
-8.97744
-8.97744
-8.97744
-8.97744
-8.97744
-8.97744
-8.97744
-8.97744
-8.97744
-8.97744
-8.97744
-8.97744
-8.97744
-8.97744
-8.97744
-8.97744
-8.97744
-8.97744
-8.97744
-8.97744
-8.97744
-8.97744
-8.97744
-8.97744
-8.97744
-8.97744
-8.97744
-8.97744
-8.97744
-8.97744
-8.97744
-8.97744
-8.97744
-8.97744
-8.97744
-8.97744
-8.97744
-8.97744
-8.97744
-8.97744
-8.97744
-8.97744
-8.97744
-8.97744
-8.97744
-8.97744
-8.97744
-8.97744
-8.97325
-8.96906
-8.96486
-8.96067
-8.91217
-8.86368
-8.81518
-8.76669
-8.71661
-8.66653
-8.61646
-8.56638
-8.51616
-8.46594
-8.41571
-8.36549
-8.31535
-8.26520
-8.21506
-8.16492
-8.11471
-8.06451
-8.01431
-7.96411
-7.91394
-7.86377
-7.81361
-7.76344
-7.71322
-7.66301
-7.61280
-7.56258
-7.51235
-7.46212
-7.41189
-7.36166
-7.31153
-7.26141
-7.21128
-7.16115
-7.11110
-7.06105
-7.01101
-6.96096
-6.91089
-6.86082
-6.81074
-6.76067
-6.71048
-6.66030
-6.61011
-6.55992
-6.50981
-6.45969
-6.40957
-6.35945
-6.30939
-6.25932
-6.20925
-6.15918
-6.10914
-6.05910
-6.00906
-5.95902
-5.90916
-5.85931
-5.80946
-5.75961
-5.70971
-5.65981
-5.60991
-5.56001
-5.50996
-5.45991
-5.40986
-5.35980
-5.30972
-5.25964
-5.20956
-5.15948
-5.10958
-5.05968
-5.00978
-4.95988
-4.91005
-4.86022
-4.81039
-4.76056
-4.71104
-4.66152
-4.61199
-4.56247
-4.51325
-4.46403
-4.41482
-4.36560
-4.31653
-4.26747
-4.21840
-4.16934
-4.12135
-4.07337
-4.02538
-3.97739
-3.92888
-3.88036
-3.83185
-3.78333
-3.73757
-3.69180
-3.64603
-3.60026
-3.55309
-3.50592
-3.45875
-3.41158
-3.36929
-3.32700
-3.28471
-3.24242
-3.19852
-3.15462
-3.11073
-3.06683
-3.02882
-2.99081
-2.95280
-2.91479
-2.87668
-2.83857
-2.80046
-2.76235
-2.72843
-2.69451
-2.66059
-2.62667
-2.59600
-2.56533
-2.53465
-2.50398
-2.47365
-2.44331
-2.41298
-2.38265
-2.35909
-2.33553
-2.31197
-2.28841
-2.26151
-2.23461
-2.20771
-2.18081
-2.16173
-2.14265
-2.12358
-2.10450
-2.08024
-2.05598
-2.03172
-2.00746
-1.98763
-1.96780
-1.94797
-1.92814
-1.90345
-1.87876
-1.85408
-1.82939
-1.80318
-1.77698
-1.75078
-1.72458
-1.69419
-1.66380
-1.63341
-1.60302
-1.56928
-1.53553
-1.50179
-1.46804
-1.43072
-1.39340
-1.35607
-1.31875
-1.27877
-1.23879
-1.19881
-1.15883
-1.11679
-1.07474
-1.03270
-0.99066
-0.94676
-0.90286
-0.85897
-0.81507
-0.77069
-0.72630
-0.68192
-0.63753
-0.59160
-0.54567
-0.49974
-0.45381
-0.40862
-0.36343
-0.31825
-0.27306
-0.22633
-0.17961
-0.13288
-0.08616
-0.04234
0.00147
0.04529
0.08910
0.13454
0.17997
0.22541
0.27084
0.31297
0.35510
0.39723
0.43936
0.48260
0.52585
0.56909
0.61234
-15.37903
-15.33462
-15.29021
-15.24580
-15.20140
-15.15699
-15.11258
-15.06817
-15.02376
-14.97936
-14.93495
-14.89054
-14.84613
-14.80172
-14.75731
-14.71291
-14.66850
-14.62409
-14.57968
-14.53527
-14.49087
-14.44646
-14.40205
-14.35764
-14.31323
-14.26883
-14.22442
-14.18001
-14.13560
-14.09119
-14.04679
-14.00238
-13.95797
-13.91356
-13.86915
-13.82475
-13.78034
-13.73593
-13.69152
-13.64711
-13.60270
-13.55830
-13.51389
-13.46948
-13.42507
-13.38066
-13.33626
-13.29185
-13.24744
-13.20303
-13.15862
-13.11422
-13.06981
-13.02540
-12.98099
-12.93658
-12.89218
-12.84777
-12.80336
-12.75895
-12.71454
-12.67013
-12.62573
-12.58132
-12.53691
-12.49250
-12.44809
-12.40369
-12.35928
-12.31487
-12.27046
-12.22605
-12.18165
-12.13724
-12.09283
-12.04842
-12.00401
-11.95961
-11.91520
-11.87079
-11.82638
-11.78197
-11.73757
-11.69316
-11.64875
-11.60434
-11.55993
-11.51552
-11.47112
-11.42671
-11.38230
-11.33789
-11.29348
-11.24908
-11.20467
-11.16026
-11.11585
-11.07144
-11.02704
-10.98263
-10.93822
-10.89381
-10.84940
-10.80500
-10.76059
-10.71618
-10.67177
-10.62736
-10.58296
-10.53855
-10.49414
-10.44973
-10.40532
-10.36091
-10.31651
-10.27210
-10.22769
-10.18328
-10.13887
-10.09447
-10.05006
-10.00565
-9.96124
-9.91683
-9.87243
-9.82802
-9.78361
-9.73920
-9.69479
-9.65039
-9.60598
-9.56157
-9.51716
-9.47275
-9.42834
-9.38394
-9.33953
-9.29512
-9.25071
-9.20630
-9.16190
-9.16190
-9.16190
-9.16190
-9.16190
-9.16190
-9.16190
-9.16190
-9.16190
-9.16190
-9.16190
-9.16190
-9.16190
-9.16190
-9.16190
-9.16190
-9.16190
-9.16190
-9.16190
-9.16190
-9.16190
-9.16190
-9.16190
-9.16190
-9.16190
-9.16190
-9.16190
-9.16190
-9.16190
-9.16190
-9.16190
-9.16190
-9.16190
-9.16190
-9.16190
-9.16190
-9.16190
-9.16190
-9.16190
-9.16190
-9.16190
-9.16190
-9.16190
-9.16190
-9.16190
-9.16190
-9.16190
-9.16190
-9.16190
-9.16190
-9.16190
-9.16190
-9.16190
-9.16151
-9.16112
-9.16074
-9.16035
-9.11726
-9.07416
-9.03107
-8.98797
-8.93776
-8.88755
-8.83734
-8.78713
-8.73706
-8.68699
-8.63692
-8.58686
-8.53684
-8.48683
-8.43682
-8.38681
-8.33664
-8.28647
-8.23630
-8.18612
-8.13589
-8.08565
-8.03542
-7.98518
-7.93486
-7.88454
-7.83421
-7.78389
-7.73341
-7.68292
-7.63244
-7.58196
-7.53168
-7.48140
-7.43112
-7.38084
-7.33077
-7.28069
-7.23062
-7.18055
-7.13049
-7.08044
-7.03039
-6.98034
-6.93012
-6.87989
-6.82967
-6.77945
-6.72930
-6.67916
-6.62901
-6.57886
-6.52885
-6.47884
-6.42883
-6.37882
-6.32882
-6.27883
-6.22884
-6.17885
-6.12880
-6.07876
-6.02871
-5.97867
-5.92861
-5.87855
-5.82849
-5.77844
-5.72829
-5.67815
-5.62800
-5.57786
-5.52768
-5.47750
-5.42732
-5.37714
-5.32711
-5.27707
-5.22704
-5.17700
-5.12711
-5.07722
-5.02733
-4.97744
-4.92756
-4.87769
-4.82782
-4.77794
-4.72815
-4.67836
-4.62857
-4.57879
-4.52896
-4.47914
-4.42932
-4.37950
-4.33040
-4.28130
-4.23220
-4.18311
-4.13372
-4.08433
-4.03495
-3.98556
-3.93745
-3.88935
-3.84124
-3.79314
-3.74462
-3.69611
-3.64759
-3.59908
-3.55280
-3.50653
-3.46026
-3.41399
-3.36765
-3.32131
-3.27498
-3.22864
-3.18475
-3.14085
-3.09696
-3.05307
-3.01064
-2.96821
-2.92578
-2.88335
-2.84228
-2.80120
-2.76013
-2.71905
-2.68321
-2.64737
-2.61153
-2.57569
-2.53776
-2.49982
-2.46189
-2.42396
-2.39621
-2.36847
-2.34072
-2.31298
-2.28003
-2.24709
-2.21414
-2.18120
-2.15901
-2.13682
-2.11464
-2.09245
-2.06573
-2.03901
-2.01229
-1.98557
-1.96458
-1.94359
-1.92259
-1.90160
-1.87844
-1.85528
-1.83211
-1.80895
-1.78568
-1.76241
-1.73914
-1.71587
-1.69073
-1.66560
-1.64046
-1.61533
-1.58653
-1.55773
-1.52893
-1.50013
-1.46831
-1.43648
-1.40466
-1.37283
-1.33683
-1.30083
-1.26483
-1.22883
-1.19023
-1.15163
-1.11303
-1.07443
-1.03253
-0.99064
-0.94875
-0.90685
-0.86391
-0.82097
-0.77802
-0.73508
-0.68997
-0.64485
-0.59973
-0.55461
-0.50963
-0.46464
-0.41966
-0.37467
-0.32816
-0.28165
-0.23515
-0.18864
-0.14404
-0.09944
-0.05484
-0.01024
0.03530
0.08084
0.12638
0.17193
0.21538
0.25883
0.30228
0.34573
0.38895
0.43218
0.47540
0.51862
-16.24915
-16.20383
-16.15851
-16.11319
-16.06787
-16.02255
-15.97723
-15.93191
-15.88659
-15.84127
-15.79595
-15.75063
-15.70531
-15.65999
-15.61467
-15.56934
-15.52402
-15.47870
-15.43338
-15.38806
-15.34274
-15.29742
-15.25210
-15.20678
-15.16146
-15.11614
-15.07082
-15.02550
-14.98018
-14.93486
-14.88954
-14.84422
-14.79890
-14.75357
-14.70825
-14.66293
-14.61761
-14.57229
-14.52697
-14.48165
-14.43633
-14.39101
-14.34569
-14.30037
-14.25505
-14.20973
-14.16441
-14.11909
-14.07377
-14.02845
-13.98312
-13.93780
-13.89248
-13.84716
-13.80184
-13.75652
-13.71120
-13.66588
-13.62056
-13.57524
-13.52992
-13.48460
-13.43928
-13.39396
-13.34864
-13.30332
-13.25800
-13.21268
-13.16735
-13.12203
-13.07671
-13.03139
-12.98607
-12.94075
-12.89543
-12.85011
-12.80479
-12.75947
-12.71415
-12.66883
-12.62351
-12.57819
-12.53287
-12.48755
-12.44223
-12.39691
-12.35158
-12.30626
-12.26094
-12.21562
-12.17030
-12.12498
-12.07966
-12.03434
-11.98902
-11.94370
-11.89838
-11.85306
-11.80774
-11.76242
-11.71710
-11.67178
-11.62646
-11.58114
-11.53581
-11.49049
-11.44517
-11.39985
-11.35453
-11.30921
-11.26389
-11.21857
-11.17325
-11.12793
-11.08261
-11.03729
-10.99197
-10.94665
-10.90133
-10.85601
-10.81069
-10.76537
-10.72004
-10.67472
-10.62940
-10.58408
-10.53876
-10.49344
-10.44812
-10.40280
-10.35748
-10.31216
-10.26684
-10.22152
-10.17620
-10.13088
-10.08556
-10.04024
-9.99492
-9.94960
-9.90427
-9.90427
-9.90427
-9.90427
-9.90427
-9.90427
-9.90427
-9.90427
-9.90427
-9.90427
-9.90427
-9.90427
-9.90427
-9.90427
-9.90427
-9.90427
-9.90427
-9.90427
-9.90427
-9.90427
-9.90427
-9.90427
-9.90427
-9.90427
-9.90427
-9.90427
-9.90427
-9.90427
-9.90427
-9.90427
-9.90427
-9.90427
-9.90427
-9.90427
-9.90427
-9.90427
-9.90427
-9.90427
-9.90427
-9.90427
-9.90427
-9.90427
-9.90427
-9.90427
-9.90427
-9.90427
-9.90427
-9.90427
-9.90427
-9.90427
-9.90427
-9.90427
-9.90427
-9.90427
-9.90427
-9.90427
-9.90427
-9.78567
-9.66706
-9.54845
-9.42984
-9.33630
-9.24275
-9.14921
-9.05566
-8.99356
-8.93145
-8.86935
-8.80724
-8.75711
-8.70698
-8.65685
-8.60673
-8.55652
-8.50632
-8.45611
-8.40591
-8.35558
-8.30526
-8.25493
-8.20460
-8.15432
-8.10404
-8.05376
-8.00347
-7.95303
-7.90259
-7.85215
-7.80170
-7.75144
-7.70117
-7.65090
-7.60063
-7.55051
-7.50040
-7.45028
-7.40017
-7.35009
-7.30002
-7.24995
-7.19988
-7.14979
-7.09971
-7.04962
-6.99954
-6.94949
-6.89944
-6.84939
-6.79934
-6.74924
-6.69913
-6.64902
-6.59892
-6.54879
-6.49867
-6.44855
-6.39843
-6.34831
-6.29820
-6.24809
-6.19797
-6.14787
-6.09777
-6.04766
-5.99756
-5.94747
-5.89739
-5.84730
-5.79721
-5.74716
-5.69712
-5.64707
-5.59702
-5.54700
-5.49697
-5.44695
-5.39693
-5.34681
-5.29668
-5.24656
-5.19643
-5.14636
-5.09629
-5.04622
-4.99615
-4.94604
-4.89593
-4.84582
-4.79570
-4.74563
-4.69555
-4.64547
-4.59539
-4.54576
-4.49613
-4.44650
-4.39687
-4.34717
-4.29747
-4.24778
-4.19808
-4.14878
-4.09949
-4.05020
-4.00090
-3.95152
-3.90213
-3.85274
-3.80336
-3.75501
-3.70667
-3.65832
-3.60998
-3.56212
-3.51427
-3.46641
-3.41856
-3.37150
-3.32444
-3.27737
-3.23031
-3.18510
-3.13988
-3.09467
-3.04945
-3.00380
-2.95815
-2.91251
-2.86686
-2.82649
-2.78613
-2.74576
-2.70540
-2.66251
-2.61963
-2.57675
-2.53386
-2.49962
-2.46539
-2.43115
-2.39691
-2.35928
-2.32166
-2.28403
-2.24640
-2.21726
-2.18811
-2.15896
-2.12981
-2.09915
-2.06849
-2.03783
-2.00716
-1.98088
-1.95460
-1.92832
-1.90205
-1.87702
-1.85200
-1.82698
-1.80196
-1.77647
-1.75098
-1.72549
-1.70000
-1.67665
-1.65330
-1.62995
-1.60659
-1.57921
-1.55183
-1.52445
-1.49706
-1.46995
-1.44284
-1.41573
-1.38862
-1.35632
-1.32401
-1.29170
-1.25939
-1.22535
-1.19132
-1.15728
-1.12324
-1.08486
-1.04648
-1.00810
-0.96971
-0.92966
-0.88961
-0.84956
-0.80950
-0.76654
-0.72358
-0.68062
-0.63766
-0.59404
-0.55042
-0.50680
-0.46318
-0.41804
-0.37291
-0.32777
-0.28264
-0.23805
-0.19345
-0.14886
-0.10427
-0.05931
-0.01436
0.03060
0.07556
0.11981
0.16407
0.20833
0.25259
0.29576
0.33893
0.38211
0.42528
-16.86601
-16.81999
-16.77398
-16.72796
-16.68194
-16.63593
-16.58991
-16.54390
-16.49788
-16.45186
-16.40585
-16.35983
-16.31382
-16.26780
-16.22178
-16.17577
-16.12975
-16.08374
-16.03772
-15.99170
-15.94569
-15.89967
-15.85366
-15.80764
-15.76162
-15.71561
-15.66959
-15.62358
-15.57756
-15.53154
-15.48553
-15.43951
-15.39350
-15.34748
-15.30146
-15.25545
-15.20943
-15.16342
-15.11740
-15.07138
-15.02537
-14.97935
-14.93334
-14.88732
-14.84130
-14.79529
-14.74927
-14.70326
-14.65724
-14.61122
-14.56521
-14.51919
-14.47318
-14.42716
-14.38114
-14.33513
-14.28911
-14.24310
-14.19708
-14.15106
-14.10505
-14.05903
-14.01302
-13.96700
-13.92098
-13.87497
-13.82895
-13.78294
-13.73692
-13.69090
-13.64489
-13.59887
-13.55286
-13.50684
-13.46082
-13.41481
-13.36879
-13.32278
-13.27676
-13.23074
-13.18473
-13.13871
-13.09270
-13.04668
-13.00066
-12.95465
-12.90863
-12.86262
-12.81660
-12.77058
-12.72457
-12.67855
-12.63254
-12.58652
-12.54050
-12.49449
-12.44847
-12.40246
-12.35644
-12.31042
-12.26441
-12.21839
-12.17238
-12.12636
-12.08034
-12.03433
-11.98831
-11.94230
-11.89628
-11.85026
-11.80425
-11.75823
-11.71222
-11.66620
-11.62018
-11.57417
-11.52815
-11.48214
-11.43612
-11.39010
-11.34409
-11.29807
-11.25206
-11.20604
-11.16002
-11.11401
-11.06799
-11.02198
-10.97596
-10.92994
-10.88393
-10.83791
-10.79190
-10.74588
-10.69986
-10.65385
-10.60783
-10.56182
-10.51580
-10.46978
-10.42377
-10.42377
-10.42377
-10.42377
-10.42377
-10.42377
-10.42377
-10.42377
-10.42377
-10.42377
-10.42377
-10.42377
-10.42377
-10.42377
-10.42377
-10.42377
-10.42377
-10.42377
-10.42377
-10.42377
-10.42377
-10.42377
-10.42377
-10.42377
-10.42377
-10.42377
-10.42377
-10.42377
-10.42377
-10.42377
-10.42377
-10.42377
-10.42377
-10.42377
-10.42377
-10.42377
-10.42377
-10.42377
-10.42377
-10.42377
-10.42377
-10.42377
-10.42377
-10.42377
-10.42377
-10.42377
-10.42377
-10.42377
-10.42377
-10.42377
-10.42377
-10.42377
-10.42377
-10.42377
-10.42377
-10.42377
-10.42377
-10.30452
-10.18527
-10.06602
-9.94677
-9.83429
-9.72180
-9.60931
-9.49683
-9.42706
-9.35729
-9.28752
-9.21774
-9.16760
-9.11745
-9.06731
-9.01717
-8.96701
-8.91685
-8.86669
-8.81654
-8.73163
-8.64672
-8.56182
-8.47691
-8.41400
-8.35109
-8.28818
-8.22527
-8.17237
-8.11947
-8.06657
-8.01367
-7.96335
-7.91303
-7.86272
-7.81240
-7.76218
-7.71196
-7.66174
-7.61152
-7.56135
-7.51117
-7.46100
-7.41083
-7.36075
-7.31067
-7.26059
-7.21051
-7.16048
-7.11045
-7.06043
-7.01040
-6.96027
-6.91014
-6.86002
-6.80989
-6.75973
-6.70958
-6.65942
-6.60926
-6.55915
-6.50904
-6.45892
-6.40881
-6.35867
-6.30853
-6.25839
-6.20825
-6.15818
-6.10810
-6.05802
-6.00794
-5.95791
-5.90788
-5.85785
-5.80782
-5.75779
-5.70775
-5.65772
-5.60768
-5.55742
-5.50715
-5.45688
-5.40662
-5.35641
-5.30621
-5.25600
-5.20579
-5.15555
-5.10530
-5.05506
-5.00481
-4.95464
-4.90446
-4.85428
-4.80410
-4.75420
-4.70431
-4.65441
-4.60451
-4.55464
-4.50477
-4.45491
-4.40504
-4.35525
-4.30545
-4.25566
-4.20586
-4.15607
-4.10628
-4.05648
-4.00669
-3.95737
-3.90806
-3.85874
-3.80942
-3.76059
-3.71176
-3.66293
-3.61410
-3.56545
-3.51680
-3.46814
-3.41949
-3.37246
-3.32544
-3.27842
-3.23139
-3.18355
-3.13571
-3.08787
-3.04003
-2.99628
-2.95253
-2.90878
-2.86503
-2.81938
-2.77374
-2.72809
-2.68245
-2.64291
-2.60337
-2.56383
-2.52429
-2.48318
-2.44206
-2.40095
-2.35983
-2.32434
-2.28885
-2.25335
-2.21786
-2.18319
-2.14851
-2.11384
-2.07916
-2.04680
-2.01444
-1.98208
-1.94972
-1.92157
-1.89343
-1.86528
-1.83714
-1.80731
-1.77749
-1.74767
-1.71785
-1.69350
-1.66916
-1.64481
-1.62047
-1.59199
-1.56351
-1.53503
-1.50655
-1.48088
-1.45520
-1.42953
-1.40386
-1.37360
-1.34335
-1.31309
-1.28283
-1.25176
-1.22068
-1.18960
-1.15852
-1.12368
-1.08883
-1.05398
-1.01914
-0.98204
-0.94494
-0.90784
-0.87074
-0.83077
-0.79080
-0.75084
-0.71087
-0.66919
-0.62751
-0.58583
-0.54415
-0.50085
-0.45754
-0.41424
-0.37094
-0.32688
-0.28282
-0.23876
-0.19469
-0.15050
-0.10630
-0.06210
-0.01790
0.02672
0.07134
0.11596
0.16058
0.20368
0.24679
0.28990
0.33300
-17.27945
-17.23289
-17.18633
-17.13977
-17.09321
-17.04665
-17.00009
-16.95354
-16.90698
-16.86042
-16.81386
-16.76730
-16.72074
-16.67418
-16.62762
-16.58106
-16.53450
-16.48794
-16.44139
-16.39483
-16.34827
-16.30171
-16.25515
-16.20859
-16.16203
-16.11547
-16.06891
-16.02235
-15.97579
-15.92924
-15.88268
-15.83612
-15.78956
-15.74300
-15.69644
-15.64988
-15.60332
-15.55676
-15.51020
-15.46365
-15.41709
-15.37053
-15.32397
-15.27741
-15.23085
-15.18429
-15.13773
-15.09117
-15.04461
-14.99805
-14.95150
-14.90494
-14.85838
-14.81182
-14.76526
-14.71870
-14.67214
-14.62558
-14.57902
-14.53246
-14.48590
-14.43935
-14.39279
-14.34623
-14.29967
-14.25311
-14.20655
-14.15999
-14.11343
-14.06687
-14.02031
-13.97375
-13.92720
-13.88064
-13.83408
-13.78752
-13.74096
-13.69440
-13.64784
-13.60128
-13.55472
-13.50816
-13.46160
-13.41505
-13.36849
-13.32193
-13.27537
-13.22881
-13.18225
-13.13569
-13.08913
-13.04257
-12.99601
-12.94946
-12.90290
-12.85634
-12.80978
-12.76322
-12.71666
-12.67010
-12.62354
-12.57698
-12.53042
-12.48386
-12.43731
-12.39075
-12.34419
-12.29763
-12.25107
-12.20451
-12.15795
-12.11139
-12.06483
-12.01827
-11.97171
-11.92516
-11.87860
-11.83204
-11.78548
-11.73892
-11.69236
-11.64580
-11.59924
-11.55268
-11.50612
-11.45956
-11.41301
-11.36645
-11.31989
-11.27333
-11.22677
-11.18021
-11.13365
-11.08709
-11.04053
-10.99397
-10.94741
-10.90086
-10.85430
-10.80774
-10.76118
-10.76118
-10.76118
-10.76118
-10.76118
-10.76118
-10.76118
-10.76118
-10.76118
-10.76118
-10.76118
-10.76118
-10.76118
-10.76118
-10.76118
-10.76118
-10.76118
-10.76118
-10.76118
-10.76118
-10.76118
-10.76118
-10.76118
-10.76118
-10.76118
-10.76118
-10.76118
-10.76118
-10.76118
-10.76118
-10.76118
-10.76118
-10.76118
-10.76118
-10.76118
-10.76118
-10.76118
-10.76118
-10.76118
-10.76118
-10.76118
-10.76118
-10.76118
-10.76118
-10.76118
-10.76118
-10.76118
-10.76118
-10.76118
-10.76118
-10.76118
-10.76118
-10.76118
-10.76118
-10.76118
-10.76118
-10.76118
-10.69479
-10.62839
-10.56200
-10.49561
-10.38282
-10.27004
-10.15725
-10.04447
-9.97069
-9.89691
-9.82314
-9.74936
-9.69929
-9.64921
-9.59913
-9.54905
-9.49900
-9.44894
-9.39888
-9.34883
-9.20739
-9.06594
-8.92450
-8.78306
-8.69944
-8.61583
-8.53221
-8.44860
-8.39163
-8.33466
-8.27768
-8.22071
-8.17030
-8.11988
-8.06947
-8.01905
-7.96869
-7.91833
-7.86796
-7.81760
-7.76728
-7.71696
-7.66664
-7.61632
-7.56615
-7.51598
-7.46581
-7.41563
-7.36557
-7.31551
-7.26544
-7.21538
-7.16529
-7.11520
-7.06511
-7.01502
-6.96490
-6.91478
-6.86467
-6.81455
-6.76447
-6.71439
-6.66431
-6.61422
-6.56405
-6.51387
-6.46370
-6.41353
-6.36342
-6.31331
-6.26320
-6.21309
-6.16299
-6.11289
-6.06279
-6.01269
-5.96262
-5.91254
-5.86247
-5.81239
-5.76206
-5.71172
-5.66138
-5.61105
-5.56073
-5.51042
-5.46010
-5.40978
-5.35951
-5.30923
-5.25896
-5.20868
-5.15847
-5.10825
-5.05804
-5.00783
-4.95779
-4.90775
-4.85771
-4.80767
-4.75768
-4.70769
-4.65771
-4.60772
-4.55778
-4.50784
-4.45790
-4.40796
-4.35803
-4.30809
-4.25815
-4.20822
-4.15849
-4.10876
-4.05902
-4.00929
-3.95977
-3.91025
-3.86073
-3.81121
-3.76177
-3.71233
-3.66289
-3.61344
-3.56513
-3.51681
-3.46850
-3.42019
-3.37148
-3.32277
-3.27406
-3.22535
-3.17889
-3.13244
-3.08598
-3.03953
-2.99232
-2.94512
-2.89792
-2.85072
-2.80680
-2.76289
-2.71898
-2.67506
-2.63112
-2.58718
-2.54324
-2.49930
-2.45813
-2.41696
-2.37579
-2.33462
-2.29599
-2.25737
-2.21874
-2.18012
-2.14147
-2.10282
-2.06417
-2.02552
-1.99369
-1.96186
-1.93002
-1.89819
-1.86306
-1.82793
-1.79280
-1.75767
-1.73082
-1.70396
-1.67711
-1.65025
-1.61933
-1.58841
-1.55748
-1.52656
-1.50030
-1.47403
-1.44776
-1.42150
-1.39227
-1.36304
-1.33382
-1.30459
-1.27537
-1.24615
-1.21692
-1.18770
-1.15630
-1.12489
-1.09349
-1.06208
-1.02787
-0.99366
-0.95944
-0.92523
-0.88870
-0.85217
-0.81563
-0.77910
-0.73964
-0.70019
-0.66073
-0.62127
-0.58001
-0.53874
-0.49748
-0.45622
-0.41297
-0.36972
-0.32646
-0.28321
-0.23983
-0.19644
-0.15306
-0.10968
-0.06494
-0.02021
0.02452
0.06925
0.11228
0.15531
0.19834
0.24137
-17.50580
-17.45944
-17.41308
-17.36671
-17.32035
-17.27399
-17.22763
-17.18127
-17.13491
-17.08855
-17.04218
-16.99582
-16.94946
-16.90310
-16.85674
-16.81038
-16.76401
-16.71765
-16.67129
-16.62493
-16.57857
-16.53221
-16.48584
-16.43948
-16.39312
-16.34676
-16.30040
-16.25404
-16.20768
-16.16131
-16.11495
-16.06859
-16.02223
-15.97587
-15.92951
-15.88314
-15.83678
-15.79042
-15.74406
-15.69770
-15.65134
-15.60498
-15.55861
-15.51225
-15.46589
-15.41953
-15.37317
-15.32681
-15.28044
-15.23408
-15.18772
-15.14136
-15.09500
-15.04864
-15.00227
-14.95591
-14.90955
-14.86319
-14.81683
-14.77047
-14.72411
-14.67774
-14.63138
-14.58502
-14.53866
-14.49230
-14.44594
-14.39957
-14.35321
-14.30685
-14.26049
-14.21413
-14.16777
-14.12141
-14.07504
-14.02868
-13.98232
-13.93596
-13.88960
-13.84324
-13.79687
-13.75051
-13.70415
-13.65779
-13.61143
-13.56507
-13.51870
-13.47234
-13.42598
-13.37962
-13.33326
-13.28690
-13.24054
-13.19417
-13.14781
-13.10145
-13.05509
-13.00873
-12.96237
-12.91600
-12.86964
-12.82328
-12.77692
-12.73056
-12.68420
-12.63784
-12.59147
-12.54511
-12.49875
-12.45239
-12.40603
-12.35967
-12.31330
-12.26694
-12.22058
-12.17422
-12.12786
-12.08150
-12.03513
-11.98877
-11.94241
-11.89605
-11.84969
-11.80333
-11.75697
-11.71060
-11.66424
-11.61788
-11.57152
-11.52516
-11.47880
-11.43243
-11.38607
-11.33971
-11.29335
-11.24699
-11.20063
-11.15427
-11.10790
-11.06154
-11.01518
-11.01518
-11.01518
-11.01518
-11.01518
-11.01518
-11.01518
-11.01518
-11.01518
-11.01518
-11.01518
-11.01518
-11.01518
-11.01518
-11.01518
-11.01518
-11.01518
-11.01518
-11.01518
-11.01518
-11.01518
-11.01518
-11.01518
-11.01518
-11.01518
-11.01518
-11.01518
-11.01518
-11.01518
-11.01518
-11.01518
-11.01518
-11.01518
-11.01518
-11.01518
-11.01518
-11.01518
-11.01518
-11.01518
-11.01518
-11.01518
-11.01518
-11.01518
-11.01518
-11.01518
-11.01518
-11.01518
-11.01518
-11.01518
-11.01518
-11.01518
-11.01518
-11.01518
-11.01518
-11.01518
-11.01518
-11.01518
-10.99037
-10.96555
-10.94074
-10.91592
-10.81342
-10.71092
-10.60843
-10.50593
-10.43311
-10.36028
-10.28746
-10.21463
-10.16461
-10.11458
-10.06456
-10.01453
-9.96454
-9.91456
-9.86457
-9.81458
-9.64789
-9.48119
-9.31449
-9.14780
-9.05157
-8.95534
-8.85911
-8.76288
-8.69415
-8.62541
-8.55668
-8.48794
-8.42559
-8.36324
-8.30088
-8.23853
-8.18391
-8.12929
-8.07467
-8.02005
-7.96951
-7.91896
-7.86842
-7.81788
-7.76756
-7.71725
-7.66693
-7.61662
-7.56646
-7.51631
-7.46615
-7.41599
-7.36589
-7.31578
-7.26567
-7.21557
-7.16549
-7.11541
-7.06532
-7.01524
-6.96520
-6.91515
-6.86510
-6.81506
-6.76488
-6.71471
-6.66454
-6.61436
-6.56424
-6.51413
-6.46401
-6.41389
-6.36374
-6.31359
-6.26344
-6.21329
-6.16317
-6.11304
-6.06292
-6.01279
-5.96243
-5.91208
-5.86172
-5.81136
-5.76100
-5.71064
-5.66028
-5.60992
-5.55964
-5.50936
-5.45908
-5.40881
-5.35853
-5.30825
-5.25797
-5.20769
-5.15752
-5.10735
-5.05719
-5.00702
-4.95689
-4.90676
-4.85663
-4.80649
-4.75641
-4.70632
-4.65623
-4.60615
-4.55607
-4.50599
-4.45592
-4.40584
-4.35579
-4.30573
-4.25568
-4.20563
-4.15557
-4.10551
-4.05544
-4.00538
-3.95533
-3.90528
-3.85523
-3.80517
-3.75583
-3.70648
-3.65714
-3.60779
-3.55841
-3.50902
-3.45963
-3.41025
-3.36169
-3.31313
-3.26456
-3.21600
-3.16755
-3.11909
-3.07064
-3.02218
-2.97481
-2.92744
-2.88007
-2.83270
-2.78640
-2.74011
-2.69382
-2.64753
-2.60180
-2.55606
-2.51033
-2.46460
-2.42243
-2.38025
-2.33808
-2.29590
-2.25217
-2.20843
-2.16469
-2.12095
-2.08514
-2.04933
-2.01352
-1.97771
-1.93802
-1.89834
-1.85866
-1.81897
-1.78863
-1.75828
-1.72794
-1.69760
-1.66402
-1.63045
-1.59688
-1.56330
-1.53509
-1.50688
-1.47867
-1.45046
-1.42137
-1.39229
-1.36320
-1.33411
-1.30522
-1.27632
-1.24742
-1.21853
-1.18965
-1.16078
-1.13190
-1.10302
-1.07066
-1.03830
-1.00593
-0.97357
-0.94024
-0.90691
-0.87359
-0.84026
-0.80295
-0.76564
-0.72833
-0.69101
-0.65201
-0.61301
-0.57400
-0.53500
-0.49301
-0.45102
-0.40903
-0.36704
-0.32471
-0.28238
-0.24006
-0.19773
-0.15335
-0.10898
-0.06460
-0.02023
0.02266
0.06555
0.10844
0.15133
-17.27702
-17.23265
-17.18829
-17.14393
-17.09957
-17.05520
-17.01084
-16.96648
-16.92212
-16.87775
-16.83339
-16.78903
-16.74467
-16.70030
-16.65594
-16.61158
-16.56722
-16.52285
-16.47849
-16.43413
-16.38977
-16.34540
-16.30104
-16.25668
-16.21232
-16.16795
-16.12359
-16.07923
-16.03487
-15.99051
-15.94614
-15.90178
-15.85742
-15.81306
-15.76869
-15.72433
-15.67997
-15.63561
-15.59124
-15.54688
-15.50252
-15.45816
-15.41379
-15.36943
-15.32507
-15.28071
-15.23634
-15.19198
-15.14762
-15.10326
-15.05889
-15.01453
-14.97017
-14.92581
-14.88144
-14.83708
-14.79272
-14.74836
-14.70400
-14.65963
-14.61527
-14.57091
-14.52655
-14.48218
-14.43782
-14.39346
-14.34910
-14.30473
-14.26037
-14.21601
-14.17165
-14.12728
-14.08292
-14.03856
-13.99420
-13.94983
-13.90547
-13.86111
-13.81675
-13.77238
-13.72802
-13.68366
-13.63930
-13.59493
-13.55057
-13.50621
-13.46185
-13.41748
-13.37312
-13.32876
-13.28440
-13.24004
-13.19567
-13.15131
-13.10695
-13.06259
-13.01822
-12.97386
-12.92950
-12.88514
-12.84077
-12.79641
-12.75205
-12.70769
-12.66332
-12.61896
-12.57460
-12.53024
-12.48587
-12.44151
-12.39715
-12.35279
-12.30842
-12.26406
-12.21970
-12.17534
-12.13097
-12.08661
-12.04225
-11.99789
-11.95352
-11.90916
-11.86480
-11.82044
-11.77608
-11.73171
-11.68735
-11.64299
-11.59863
-11.55426
-11.50990
-11.46554
-11.42118
-11.37681
-11.33245
-11.28809
-11.24373
-11.19936
-11.15500
-11.11064
-11.06628
-11.06628
-11.06628
-11.06628
-11.06628
-11.06628
-11.06628
-11.06628
-11.06628
-11.06628
-11.06628
-11.06628
-11.06628
-11.06628
-11.06628
-11.06628
-11.06628
-11.06628
-11.06628
-11.06628
-11.06628
-11.06628
-11.06628
-11.06628
-11.06628
-11.06628
-11.06628
-11.06628
-11.06628
-11.06628
-11.06628
-11.06628
-11.06628
-11.06628
-11.06628
-11.06628
-11.06628
-11.06628
-11.06628
-11.06628
-11.06628
-11.06628
-11.06628
-11.06628
-11.06628
-11.06628
-11.06628
-11.06628
-11.06628
-11.06628
-11.06628
-11.06628
-11.06628
-11.06628
-11.06628
-11.06628
-11.06628
-11.05560
-11.04493
-11.03426
-11.02358
-10.95713
-10.89067
-10.82422
-10.75777
-10.69795
-10.63813
-10.57832
-10.51850
-10.46849
-10.41848
-10.36846
-10.31845
-10.26846
-10.21846
-10.16847
-10.11848
-10.00263
-9.88677
-9.77092
-9.65507
-9.56591
-9.47675
-9.38759
-9.29843
-9.19922
-9.10000
-9.00079
-8.90158
-8.79849
-8.69540
-8.59232
-8.48923
-8.42033
-8.35143
-8.28254
-8.21364
-8.16269
-8.11175
-8.06080
-8.00986
-7.95928
-7.90870
-7.85812
-7.80754
-7.75715
-7.70676
-7.65637
-7.60598
-7.55573
-7.50549
-7.45524
-7.40499
-7.35493
-7.30488
-7.25482
-7.20477
-7.15476
-7.10475
-7.05475
-7.00474
-6.95466
-6.90457
-6.85449
-6.80440
-6.75433
-6.70426
-6.65418
-6.60411
-6.55396
-6.50381
-6.45365
-6.40350
-6.35330
-6.30311
-6.25291
-6.20271
-6.15245
-6.10220
-6.05194
-6.00168
-5.95142
-5.90117
-5.85091
-5.80066
-5.75045
-5.70024
-5.65003
-5.59983
-5.54941
-5.49899
-5.44858
-5.39816
-5.34790
-5.29764
-5.24738
-5.19712
-5.14678
-5.09643
-5.04609
-4.99574
-4.94551
-4.89527
-4.84504
-4.79480
-4.74459
-4.69438
-4.64417
-4.59395
-4.54380
-4.49365
-4.44350
-4.39335
-4.34311
-4.29288
-4.24265
-4.19241
-4.14218
-4.09195
-4.04171
-3.99148
-3.94174
-3.89201
-3.84227
-3.79253
-3.74293
-3.69333
-3.64373
-3.59413
-3.54492
-3.49571
-3.44650
-3.39729
-3.34832
-3.29935
-3.25038
-3.20141
-3.15282
-3.10422
-3.05563
-3.00703
-2.95954
-2.91205
-2.86456
-2.81707
-2.76950
-2.72192
-2.67434
-2.62677
-2.58201
-2.53726
-2.49250
-2.44775
-2.40185
-2.35594
-2.31003
-2.26413
-2.22363
-2.18313
-2.14263
-2.10214
-2.05973
-2.01732
-1.97491
-1.93250
-1.89629
-1.86008
-1.82387
-1.78766
-1.75093
-1.71420
-1.67747
-1.64074
-1.60729
-1.57385
-1.54040
-1.50696
-1.47585
-1.44474
-1.41363
-1.38252
-1.35023
-1.31794
-1.28565
-1.25336
-1.22479
-1.19622
-1.16765
-1.13908
-1.10604
-1.07300
-1.03995
-1.00691
-0.97624
-0.94556
-0.91489
-0.88422
-0.84887
-0.81352
-0.77816
-0.74281
-0.70660
-0.67039
-0.63418
-0.59796
-0.55834
-0.51871
-0.47908
-0.43945
-0.39877
-0.35808
-0.31740
-0.27671
-0.23384
-0.19097
-0.14810
-0.10523
-0.06263
-0.02004
0.02255
0.06514
-17.12585
-17.08293
-17.04001
-16.99709
-16.95418
-16.91126
-16.86834
-16.82542
-16.78251
-16.73959
-16.69667
-16.65375
-16.61084
-16.56792
-16.52500
-16.48208
-16.43916
-16.39625
-16.35333
-16.31041
-16.26749
-16.22458
-16.18166
-16.13874
-16.09582
-16.05291
-16.00999
-15.96707
-15.92415
-15.88123
-15.83832
-15.79540
-15.75248
-15.70956
-15.66665
-15.62373
-15.58081
-15.53789
-15.49498
-15.45206
-15.40914
-15.36622
-15.32330
-15.28039
-15.23747
-15.19455
-15.15163
-15.10872
-15.06580
-15.02288
-14.97996
-14.93705
-14.89413
-14.85121
-14.80829
-14.76537
-14.72246
-14.67954
-14.63662
-14.59370
-14.55079
-14.50787
-14.46495
-14.42203
-14.37912
-14.33620
-14.29328
-14.25036
-14.20745
-14.16453
-14.12161
-14.07869
-14.03577
-13.99286
-13.94994
-13.90702
-13.86410
-13.82119
-13.77827
-13.73535
-13.69243
-13.64952
-13.60660
-13.56368
-13.52076
-13.47784
-13.43493
-13.39201
-13.34909
-13.30617
-13.26326
-13.22034
-13.17742
-13.13450
-13.09159
-13.04867
-13.00575
-12.96283
-12.91991
-12.87700
-12.83408
-12.79116
-12.74824
-12.70533
-12.66241
-12.61949
-12.57657
-12.53366
-12.49074
-12.44782
-12.40490
-12.36198
-12.31907
-12.27615
-12.23323
-12.19031
-12.14740
-12.10448
-12.06156
-12.01864
-11.97573
-11.93281
-11.88989
-11.84697
-11.80406
-11.76114
-11.71822
-11.67530
-11.63238
-11.58947
-11.54655
-11.50363
-11.46071
-11.41780
-11.37488
-11.33196
-11.28904
-11.24613
-11.20321
-11.16029
-11.11737
-11.11737
-11.11737
-11.11737
-11.11737
-11.11737
-11.11737
-11.11737
-11.11737
-11.11737
-11.11737
-11.11737
-11.11737
-11.11737
-11.11737
-11.11737
-11.11737
-11.11737
-11.11737
-11.11737
-11.11737
-11.11737
-11.11737
-11.11737
-11.11737
-11.11737
-11.11737
-11.11737
-11.11737
-11.11737
-11.11737
-11.11737
-11.11737
-11.11737
-11.11737
-11.11737
-11.11737
-11.11737
-11.11737
-11.11737
-11.11737
-11.11737
-11.11737
-11.11737
-11.11737
-11.11737
-11.11737
-11.11737
-11.11737
-11.11737
-11.11737
-11.11737
-11.11737
-11.11737
-11.11737
-11.11737
-11.11737
-11.11737
-11.11737
-11.11737
-11.11737
-11.08042
-11.04347
-11.00652
-10.96957
-10.91957
-10.86957
-10.81958
-10.76958
-10.71958
-10.66958
-10.61957
-10.56957
-10.51957
-10.46958
-10.41958
-10.36958
-10.29578
-10.22198
-10.14819
-10.07439
-9.99510
-9.91581
-9.83652
-9.75723
-9.64469
-9.53214
-9.41960
-9.30706
-9.18022
-9.05338
-8.92655
-8.79971
-8.72167
-8.64362
-8.56558
-8.48754
-8.42292
-8.35830
-8.29368
-8.22907
-8.17223
-8.11539
-8.05856
-8.00172
-7.94978
-7.89783
-7.84588
-7.79393
-7.74358
-7.69323
-7.64287
-7.59252
-7.54244
-7.49237
-7.44229
-7.39222
-7.34219
-7.29217
-7.24214
-7.19211
-7.14207
-7.09203
-7.04199
-6.99196
-6.94192
-6.89188
-6.84184
-6.79180
-6.74166
-6.69152
-6.64138
-6.59124
-6.54098
-6.49072
-6.44046
-6.39019
-6.34001
-6.28982
-6.23964
-6.18945
-6.13928
-6.08910
-6.03892
-5.98874
-5.93859
-5.88844
-5.83829
-5.78814
-5.73762
-5.68710
-5.63657
-5.58605
-5.53570
-5.48536
-5.43501
-5.38466
-5.33416
-5.28365
-5.23314
-5.18264
-5.13228
-5.08192
-5.03156
-4.98120
-4.93088
-4.88056
-4.83024
-4.77992
-4.72967
-4.67943
-4.62919
-4.57894
-4.52857
-4.47821
-4.42784
-4.37747
-4.32705
-4.27664
-4.22622
-4.17581
-4.12572
-4.07564
-4.02555
-3.97546
-3.92568
-3.87591
-3.82613
-3.77635
-3.72662
-3.67689
-3.62716
-3.57743
-3.52802
-3.47862
-3.42921
-3.37980
-3.33025
-3.28069
-3.23113
-3.18158
-3.13304
-3.08450
-3.03597
-2.98743
-2.93838
-2.88934
-2.84030
-2.79125
-2.74425
-2.69724
-2.65023
-2.60323
-2.55551
-2.50779
-2.46008
-2.41236
-2.36777
-2.32318
-2.27859
-2.23400
-2.18916
-2.14433
-2.09949
-2.05466
-2.01316
-1.97167
-1.93017
-1.88867
-1.84893
-1.80919
-1.76944
-1.72970
-1.69119
-1.65267
-1.61415
-1.57563
-1.54227
-1.50891
-1.47556
-1.44220
-1.40642
-1.37064
-1.33486
-1.29908
-1.27000
-1.24093
-1.21186
-1.18278
-1.14883
-1.11488
-1.08093
-1.04698
-1.01781
-0.98865
-0.95949
-0.93033
-0.89653
-0.86274
-0.82894
-0.79514
-0.76110
-0.72706
-0.69301
-0.65897
-0.62161
-0.58424
-0.54687
-0.50951
-0.47037
-0.43124
-0.39210
-0.35297
-0.31169
-0.27040
-0.22912
-0.18784
-0.14566
-0.10349
-0.06131
-0.01914
-17.21358
-17.17040
-17.12722
-17.08405
-17.04087
-16.99769
-16.95451
-16.91133
-16.86815
-16.82497
-16.78179
-16.73861
-16.69543
-16.65225
-16.60907
-16.56589
-16.52271
-16.47953
-16.43635
-16.39317
-16.35000
-16.30682
-16.26364
-16.22046
-16.17728
-16.13410
-16.09092
-16.04774
-16.00456
-15.96138
-15.91820
-15.87502
-15.83184
-15.78866
-15.74548
-15.70230
-15.65913
-15.61595
-15.57277
-15.52959
-15.48641
-15.44323
-15.40005
-15.35687
-15.31369
-15.27051
-15.22733
-15.18415
-15.14097
-15.09779
-15.05461
-15.01143
-14.96825
-14.92508
-14.88190
-14.83872
-14.79554
-14.75236
-14.70918
-14.66600
-14.62282
-14.57964
-14.53646
-14.49328
-14.45010
-14.40692
-14.36374
-14.32056
-14.27738
-14.23420
-14.19103
-14.14785
-14.10467
-14.06149
-14.01831
-13.97513
-13.93195
-13.88877
-13.84559
-13.80241
-13.75923
-13.71605
-13.67287
-13.62969
-13.58651
-13.54333
-13.50016
-13.45698
-13.41380
-13.37062
-13.32744
-13.28426
-13.24108
-13.19790
-13.15472
-13.11154
-13.06836
-13.02518
-12.98200
-12.93882
-12.89564
-12.85246
-12.80928
-12.76611
-12.72293
-12.67975
-12.63657
-12.59339
-12.55021
-12.50703
-12.46385
-12.42067
-12.37749
-12.33431
-12.29113
-12.24795
-12.20477
-12.16159
-12.11841
-12.07524
-12.03206
-11.98888
-11.94570
-11.90252
-11.85934
-11.81616
-11.77298
-11.72980
-11.68662
-11.64344
-11.60026
-11.55708
-11.51390
-11.47072
-11.42754
-11.38436
-11.34119
-11.29801
-11.25483
-11.21165
-11.16847
-11.16847
-11.16847
-11.16847
-11.16847
-11.16847
-11.16847
-11.16847
-11.16847
-11.16847
-11.16847
-11.16847
-11.16847
-11.16847
-11.16847
-11.16847
-11.16847
-11.16847
-11.16847
-11.16847
-11.16847
-11.16847
-11.16847
-11.16847
-11.16847
-11.16847
-11.16847
-11.16847
-11.16847
-11.16847
-11.16847
-11.16847
-11.16847
-11.16847
-11.16847
-11.16847
-11.16847
-11.16847
-11.16847
-11.16847
-11.16847
-11.16847
-11.16847
-11.16847
-11.16847
-11.16847
-11.16847
-11.16847
-11.16847
-11.16847
-11.16847
-11.16847
-11.16847
-11.16847
-11.16847
-11.16847
-11.16847
-11.16847
-11.16847
-11.16847
-11.16847
-11.14089
-11.11332
-11.08574
-11.05817
-11.00817
-10.95817
-10.90816
-10.85816
-10.80816
-10.75817
-10.70817
-10.65817
-10.60817
-10.55817
-10.50817
-10.45817
-10.39938
-10.34060
-10.28182
-10.22303
-10.16222
-10.10141
-10.04060
-9.97979
-9.90670
-9.83361
-9.76053
-9.68744
-9.58913
-9.49083
-9.39252
-9.29422
-9.22282
-9.15143
-9.08003
-9.00863
-8.88950
-8.77036
-8.65123
-8.53209
-8.45056
-8.36903
-8.28750
-8.20597
-8.14838
-8.09078
-8.03319
-7.97559
-7.92526
-7.87492
-7.82459
-7.77425
-7.72402
-7.67378
-7.62354
-7.57330
-7.52307
-7.47283
-7.42260
-7.37237
-7.32223
-7.27210
-7.22197
-7.17184
-7.12180
-7.07177
-7.02174
-6.97171
-6.92163
-6.87155
-6.82148
-6.77140
-6.72110
-6.67079
-6.62049
-6.57018
-6.51999
-6.46979
-6.41960
-6.36940
-6.31921
-6.26903
-6.21884
-6.16866
-6.11853
-6.06839
-6.01826
-5.96812
-5.91759
-5.86706
-5.81653
-5.76600
-5.71558
-5.66516
-5.61473
-5.56431
-5.51381
-5.46331
-5.41281
-5.36231
-5.31190
-5.26149
-5.21108
-5.16068
-5.11032
-5.05996
-5.00961
-4.95925
-4.90894
-4.85862
-4.80830
-4.75799
-4.70761
-4.65722
-4.60684
-4.55646
-4.50586
-4.45525
-4.40465
-4.35405
-4.30375
-4.25345
-4.20315
-4.15285
-4.10299
-4.05314
-4.00329
-3.95344
-3.90358
-3.85372
-3.80385
-3.75399
-3.70439
-3.65479
-3.60520
-3.55560
-3.50589
-3.45619
-3.40648
-3.35678
-3.30765
-3.25853
-3.20940
-3.16027
-3.11093
-3.06158
-3.01223
-2.96288
-2.91462
-2.86637
-2.81812
-2.76986
-2.72144
-2.67301
-2.62458
-2.57616
-2.52930
-2.48244
-2.43559
-2.38873
-2.34239
-2.29605
-2.24970
-2.20336
-2.15836
-2.11335
-2.06835
-2.02335
-1.98105
-1.93874
-1.89644
-1.85414
-1.81105
-1.76797
-1.72488
-1.68179
-1.64548
-1.60917
-1.57286
-1.53654
-1.49699
-1.45744
-1.41789
-1.37834
-1.34626
-1.31418
-1.28210
-1.25003
-1.21445
-1.17887
-1.14330
-1.10772
-1.07656
-1.04540
-1.01425
-0.98309
-0.94958
-0.91608
-0.88258
-0.84908
-0.81530
-0.78152
-0.74774
-0.71396
-0.67855
-0.64313
-0.60772
-0.57231
-0.53444
-0.49657
-0.45870
-0.42083
-0.38140
-0.34196
-0.30253
-0.26309
-0.22171
-0.18033
-0.13894
-0.09756
-17.22977
-17.18684
-17.14391
-17.10098
-17.05805
-17.01512
-16.97219
-16.92926
-16.88633
-16.84340
-16.80047
-16.75754
-16.71460
-16.67167
-16.62874
-16.58581
-16.54288
-16.49995
-16.45702
-16.41409
-16.37116
-16.32823
-16.28530
-16.24237
-16.19944
-16.15651
-16.11358
-16.07065
-16.02772
-15.98479
-15.94186
-15.89893
-15.85600
-15.81307
-15.77014
-15.72721
-15.68428
-15.64135
-15.59842
-15.55549
-15.51256
-15.46963
-15.42670
-15.38377
-15.34084
-15.29791
-15.25498
-15.21205
-15.16912
-15.12619
-15.08326
-15.04033
-14.99740
-14.95447
-14.91154
-14.86861
-14.82568
-14.78275
-14.73982
-14.69689
-14.65396
-14.61103
-14.56810
-14.52517
-14.48224
-14.43931
-14.39638
-14.35345
-14.31052
-14.26759
-14.22466
-14.18173
-14.13880
-14.09587
-14.05294
-14.01001
-13.96708
-13.92415
-13.88122
-13.83829
-13.79536
-13.75243
-13.70950
-13.66657
-13.62364
-13.58071
-13.53778
-13.49485
-13.45192
-13.40899
-13.36606
-13.32313
-13.28020
-13.23727
-13.19434
-13.15141
-13.10848
-13.06555
-13.02262
-12.97969
-12.93676
-12.89383
-12.85090
-12.80797
-12.76504
-12.72211
-12.67918
-12.63625
-12.59332
-12.55039
-12.50746
-12.46453
-12.42160
-12.37867
-12.33574
-12.29281
-12.24988
-12.20695
-12.16402
-12.12109
-12.07816
-12.03523
-11.99230
-11.94937
-11.90644
-11.86351
-11.82058
-11.77765
-11.73472
-11.69179
-11.64886
-11.60593
-11.56300
-11.52007
-11.47714
-11.43421
-11.39128
-11.34835
-11.30542
-11.26249
-11.21956
-11.21956
-11.21956
-11.21956
-11.21956
-11.21956
-11.21956
-11.21956
-11.21956
-11.21956
-11.21956
-11.21956
-11.21956
-11.21956
-11.21956
-11.21956
-11.21956
-11.21956
-11.21956
-11.21956
-11.21956
-11.21956
-11.21956
-11.21956
-11.21956
-11.21956
-11.21956
-11.21956
-11.21956
-11.21956
-11.21956
-11.21956
-11.21956
-11.21956
-11.21956
-11.21956
-11.21956
-11.21956
-11.21956
-11.21956
-11.21956
-11.21956
-11.21956
-11.21956
-11.21956
-11.21956
-11.21956
-11.21956
-11.21956
-11.21956
-11.21956
-11.21956
-11.21956
-11.21956
-11.21956
-11.21956
-11.21956
-11.21956
-11.21956
-11.21956
-11.21956
-11.20136
-11.18316
-11.16496
-11.14676
-11.09676
-11.04676
-10.99675
-10.94675
-10.89676
-10.84676
-10.79676
-10.74677
-10.69677
-10.64676
-10.59676
-10.54676
-10.49676
-10.44676
-10.39676
-10.34676
-10.29676
-10.24676
-10.19676
-10.14676
-10.09676
-10.04676
-9.99675
-9.94675
-9.87155
-9.79635
-9.72115
-9.64595
-9.58199
-9.51803
-9.45408
-9.39012
-9.25759
-9.12506
-8.99252
-8.85999
-8.76987
-8.67975
-8.58964
-8.49952
-8.43285
-8.36618
-8.29951
-8.23284
-8.16782
-8.10280
-8.03777
-7.97275
-7.91669
-7.86063
-7.80457
-7.74851
-7.69817
-7.64783
-7.59749
-7.54715
-7.49697
-7.44678
-7.39660
-7.34641
-7.29633
-7.24624
-7.19615
-7.14606
-7.09598
-7.04590
-6.99582
-6.94574
-6.89546
-6.84518
-6.79491
-6.74463
-6.69446
-6.64429
-6.59413
-6.54396
-6.49377
-6.44358
-6.39339
-6.34320
-6.29304
-6.24289
-6.19274
-6.14259
-6.09212
-6.04165
-5.99118
-5.94070
-5.89029
-5.83988
-5.78947
-5.73906
-5.68858
-5.63811
-5.58763
-5.53715
-5.48655
-5.43594
-5.38533
-5.33473
-5.28427
-5.23381
-5.18335
-5.13289
-5.08246
-5.03203
-4.98160
-4.93118
-4.88078
-4.83038
-4.77998
-4.72958
-4.67881
-4.62805
-4.57728
-4.52652
-4.47603
-4.42555
-4.37506
-4.32457
-4.27464
-4.22471
-4.17478
-4.12485
-4.07492
-4.02499
-3.97507
-3.92514
-3.87540
-3.82566
-3.77592
-3.72617
-3.67637
-3.62657
-3.57677
-3.52696
-3.47742
-3.42788
-3.37834
-3.32880
-3.27923
-3.22966
-3.18008
-3.13051
-3.08137
-3.03224
-2.98310
-2.93396
-2.88500
-2.83604
-2.78708
-2.73813
-2.68965
-2.64118
-2.59270
-2.54423
-2.49671
-2.44919
-2.40168
-2.35416
-2.30669
-2.25921
-2.21174
-2.16427
-2.11974
-2.07521
-2.03067
-1.98614
-1.93995
-1.89375
-1.84755
-1.80135
-1.76182
-1.72229
-1.68276
-1.64323
-1.60076
-1.55829
-1.51581
-1.47334
-1.43768
-1.40202
-1.36636
-1.33070
-1.29329
-1.25588
-1.21847
-1.18106
-1.14710
-1.11313
-1.07917
-1.04520
-1.01136
-0.97752
-0.94368
-0.90984
-0.87520
-0.84056
-0.80592
-0.77128
-0.73722
-0.70317
-0.66911
-0.63506
-0.59779
-0.56052
-0.52325
-0.48598
-0.44827
-0.41056
-0.37284
-0.33513
-0.29461
-0.25409
-0.21357
-0.17305
-17.14505
-17.10309
-17.06113
-17.01917
-16.97721
-16.93525
-16.89329
-16.85133
-16.80937
-16.76741
-16.72545
-16.68349
-16.64153
-16.59957
-16.55761
-16.51565
-16.47369
-16.43173
-16.38977
-16.34781
-16.30585
-16.26389
-16.22193
-16.17997
-16.13801
-16.09605
-16.05409
-16.01213
-15.97017
-15.92821
-15.88625
-15.84429
-15.80233
-15.76037
-15.71841
-15.67645
-15.63449
-15.59253
-15.55057
-15.50861
-15.46665
-15.42469
-15.38273
-15.34077
-15.29881
-15.25685
-15.21489
-15.17293
-15.13097
-15.08901
-15.04705
-15.00509
-14.96313
-14.92117
-14.87921
-14.83725
-14.79529
-14.75333
-14.71137
-14.66941
-14.62745
-14.58549
-14.54353
-14.50157
-14.45961
-14.41765
-14.37569
-14.33373
-14.29177
-14.24981
-14.20785
-14.16589
-14.12393
-14.08197
-14.04001
-13.99805
-13.95609
-13.91413
-13.87217
-13.83021
-13.78825
-13.74629
-13.70433
-13.66237
-13.62041
-13.57845
-13.53649
-13.49453
-13.45257
-13.41061
-13.36865
-13.32669
-13.28473
-13.24277
-13.20081
-13.15885
-13.11689
-13.07493
-13.03297
-12.99101
-12.94905
-12.90709
-12.86513
-12.82317
-12.78121
-12.73925
-12.69729
-12.65533
-12.61337
-12.57141
-12.52945
-12.48749
-12.44553
-12.40357
-12.36161
-12.31965
-12.27769
-12.23573
-12.19377
-12.15181
-12.10985
-12.06789
-12.02593
-11.98397
-11.94201
-11.90005
-11.85809
-11.81613
-11.77417
-11.73221
-11.69025
-11.64829
-11.60633
-11.56437
-11.52241
-11.48045
-11.43849
-11.39653
-11.35457
-11.31261
-11.27065
-11.27065
-11.27065
-11.27065
-11.27065
-11.27065
-11.27065
-11.27065
-11.27065
-11.27065
-11.27065
-11.27065
-11.27065
-11.27065
-11.27065
-11.27065
-11.27065
-11.27065
-11.27065
-11.27065
-11.27065
-11.27065
-11.27065
-11.27065
-11.27065
-11.27065
-11.27065
-11.27065
-11.27065
-11.27065
-11.27065
-11.27065
-11.27065
-11.27065
-11.27065
-11.27065
-11.27065
-11.27065
-11.27065
-11.27065
-11.27065
-11.27065
-11.27065
-11.27065
-11.27065
-11.27065
-11.27065
-11.27065
-11.27065
-11.27065
-11.27065
-11.27065
-11.27065
-11.27065
-11.27065
-11.27065
-11.27065
-11.27065
-11.27065
-11.27065
-11.27065
-11.26182
-11.25300
-11.24417
-11.23535
-11.18535
-11.13535
-11.08535
-11.03535
-10.98535
-10.93535
-10.88535
-10.83535
-10.78535
-10.73535
-10.68535
-10.63535
-10.58535
-10.53535
-10.48535
-10.43535
-10.38535
-10.33535
-10.28535
-10.23535
-10.18535
-10.13535
-10.08535
-10.03535
-9.97560
-9.91584
-9.85609
-9.79634
-9.74094
-9.68554
-9.63014
-9.57474
-9.48680
-9.39885
-9.31091
-9.22296
-9.14697
-9.07098
-8.99499
-8.91899
-8.83842
-8.75784
-8.67726
-8.59667
-8.49623
-8.39579
-8.29534
-8.19490
-8.12502
-8.05515
-7.98528
-7.91541
-7.86511
-7.81482
-7.76452
-7.71422
-7.66405
-7.61387
-7.56370
-7.51352
-7.46329
-7.41305
-7.36282
-7.31258
-7.26241
-7.21223
-7.16206
-7.11188
-7.06173
-7.01157
-6.96141
-6.91125
-6.86117
-6.81109
-6.76100
-6.71092
-6.66073
-6.61053
-6.56034
-6.51015
-6.45993
-6.40971
-6.35949
-6.30927
-6.25896
-6.20865
-6.15834
-6.10802
-6.05774
-6.00746
-5.95717
-5.90689
-5.85646
-5.80604
-5.75561
-5.70518
-5.65417
-5.60316
-5.55214
-5.50113
-5.45047
-5.39980
-5.34914
-5.29848
-5.24789
-5.19729
-5.14670
-5.09611
-5.04568
-4.99526
-4.94483
-4.89440
-4.84352
-4.79263
-4.74174
-4.69085
-4.64022
-4.58959
-4.53895
-4.48832
-4.43830
-4.38829
-4.33827
-4.28825
-4.23835
-4.18845
-4.13854
-4.08864
-4.03883
-3.98902
-3.93921
-3.88940
-3.83957
-3.78974
-3.73991
-3.69008
-3.64037
-3.59065
-3.54094
-3.49123
-3.44155
-3.39188
-3.34220
-3.29252
-3.24301
-3.19350
-3.14398
-3.09447
-3.04523
-2.99600
-2.94676
-2.89753
-2.84834
-2.79916
-2.74998
-2.70079
-2.65258
-2.60436
-2.55614
-2.50792
-2.45944
-2.41096
-2.36248
-2.31400
-2.26770
-2.22141
-2.17511
-2.12882
-2.08156
-2.03431
-1.98705
-1.93980
-1.89668
-1.85357
-1.81045
-1.76734
-1.72314
-1.67893
-1.63473
-1.59053
-1.55048
-1.51043
-1.47037
-1.43032
-1.39078
-1.35124
-1.31169
-1.27215
-1.23424
-1.19634
-1.15843
-1.12053
-1.08545
-1.05037
-1.01529
-0.98021
-0.94313
-0.90605
-0.86897
-0.83189
-0.79836
-0.76482
-0.73128
-0.69775
-0.66014
-0.62253
-0.58492
-0.54731
-0.51114
-0.47496
-0.43879
-0.40262
-0.36308
-0.32353
-0.28399
-0.24444
-17.04799
-17.00709
-16.96618
-16.92528
-16.88438
-16.84348
-16.80258
-16.76167
-16.72077
-16.67987
-16.63897
-16.59807
-16.55717
-16.51626
-16.47536
-16.43446
-16.39356
-16.35266
-16.31175
-16.27085
-16.22995
-16.18905
-16.14815
-16.10725
-16.06634
-16.02544
-15.98454
-15.94364
-15.90274
-15.86183
-15.82093
-15.78003
-15.73913
-15.69823
-15.65733
-15.61642
-15.57552
-15.53462
-15.49372
-15.45282
-15.41191
-15.37101
-15.33011
-15.28921
-15.24831
-15.20741
-15.16650
-15.12560
-15.08470
-15.04380
-15.00290
-14.96199
-14.92109
-14.88019
-14.83929
-14.79839
-14.75749
-14.71658
-14.67568
-14.63478
-14.59388
-14.55298
-14.51207
-14.47117
-14.43027
-14.38937
-14.34847
-14.30757
-14.26666
-14.22576
-14.18486
-14.14396
-14.10306
-14.06215
-14.02125
-13.98035
-13.93945
-13.89855
-13.85765
-13.81674
-13.77584
-13.73494
-13.69404
-13.65314
-13.61223
-13.57133
-13.53043
-13.48953
-13.44863
-13.40773
-13.36682
-13.32592
-13.28502
-13.24412
-13.20322
-13.16231
-13.12141
-13.08051
-13.03961
-12.99871
-12.95781
-12.91690
-12.87600
-12.83510
-12.79420
-12.75330
-12.71239
-12.67149
-12.63059
-12.58969
-12.54879
-12.50789
-12.46698
-12.42608
-12.38518
-12.34428
-12.30338
-12.26247
-12.22157
-12.18067
-12.13977
-12.09887
-12.05797
-12.01706
-11.97616
-11.93526
-11.89436
-11.85346
-11.81255
-11.77165
-11.73075
-11.68985
-11.64895
-11.60805
-11.56714
-11.52624
-11.48534
-11.44444
-11.40354
-11.36263
-11.32173
-11.32173
-11.32173
-11.32173
-11.32173
-11.32173
-11.32173
-11.32173
-11.32173
-11.32173
-11.32173
-11.32173
-11.32173
-11.32173
-11.32173
-11.32173
-11.32173
-11.32173
-11.32173
-11.32173
-11.32173
-11.32173
-11.32173
-11.32173
-11.32173
-11.32173
-11.32173
-11.32173
-11.32173
-11.32173
-11.32173
-11.32173
-11.32173
-11.32173
-11.32173
-11.32173
-11.32173
-11.32173
-11.32173
-11.32173
-11.32173
-11.32173
-11.32173
-11.32173
-11.32173
-11.32173
-11.32173
-11.32173
-11.32173
-11.32173
-11.32173
-11.32173
-11.32173
-11.32173
-11.32173
-11.32173
-11.32173
-11.32173
-11.32173
-11.32173
-11.32173
-11.31941
-11.31709
-11.31477
-11.31245
-11.26532
-11.21819
-11.17106
-11.12393
-11.07394
-11.02394
-10.97394
-10.92394
-10.87394
-10.82394
-10.77394
-10.72394
-10.67394
-10.62394
-10.57394
-10.52394
-10.47394
-10.42394
-10.37394
-10.32394
-10.27394
-10.22394
-10.17394
-10.12393
-10.07394
-10.02394
-9.97394
-9.92394
-9.87394
-9.82394
-9.77394
-9.72394
-9.66611
-9.60829
-9.55046
-9.49263
-9.42900
-9.36536
-9.30173
-9.23809
-9.15667
-9.07524
-8.99381
-8.91238
-8.80156
-8.69075
-8.57993
-8.46911
-8.39444
-8.31977
-8.24510
-8.17042
-8.10717
-8.04392
-7.98067
-7.91742
-7.85938
-7.80133
-7.74328
-7.68524
-7.63275
-7.58027
-7.52778
-7.47529
-7.42502
-7.37474
-7.32447
-7.27420
-7.22409
-7.17399
-7.12388
-7.07378
-7.02375
-6.97373
-6.92370
-6.87368
-6.82350
-6.77333
-6.72316
-6.67298
-6.62269
-6.57240
-6.52211
-6.47181
-6.42160
-6.37138
-6.32116
-6.27094
-6.22075
-6.17056
-6.12037
-6.07018
-6.01985
-5.96951
-5.91918
-5.86884
-5.81766
-5.76648
-5.71530
-5.66412
-5.61336
-5.56259
-5.51183
-5.46106
-5.41033
-5.35959
-5.30885
-5.25811
-5.20760
-5.15709
-5.10659
-5.05608
-5.00509
-4.95410
-4.90312
-4.85213
-4.80132
-4.75050
-4.69969
-4.64887
-4.59872
-4.54856
-4.49840
-4.44824
-4.39835
-4.34845
-4.29855
-4.24865
-4.19878
-4.14891
-4.09904
-4.04917
-3.99931
-3.94945
-3.89960
-3.84974
-3.79990
-3.75005
-3.70021
-3.65037
-3.60062
-3.55086
-3.50111
-3.45136
-3.40159
-3.35181
-3.30204
-3.25227
-3.20280
-3.15334
-3.10387
-3.05440
-3.00475
-2.95509
-2.90544
-2.85578
-2.80695
-2.75813
-2.70930
-2.66048
-2.61128
-2.56208
-2.51289
-2.46369
-2.41595
-2.36821
-2.32046
-2.27272
-2.22462
-2.17651
-2.12841
-2.08031
-2.03432
-1.98833
-1.94234
-1.89635
-1.85068
-1.80501
-1.75934
-1.71367
-1.66989
-1.62610
-1.58232
-1.53854
-1.49701
-1.45548
-1.41395
-1.37241
-1.33088
-1.28934
-1.24781
-1.20627
-1.16961
-1.13294
-1.09627
-1.05960
-1.02016
-0.98073
-0.94130
-0.90186
-0.86782
-0.83377
-0.79972
-0.76567
-0.72759
-0.68950
-0.65141
-0.61333
-0.57770
-0.54207
-0.50645
-0.47082
-0.43206
-0.39330
-0.35454
-0.31578
-16.92981
-16.89011
-16.85042
-16.81073
-16.77103
-16.73134
-16.69165
-16.65196
-16.61226
-16.57257
-16.53288
-16.49319
-16.45349
-16.41380
-16.37411
-16.33441
-16.29472
-16.25503
-16.21534
-16.17564
-16.13595
-16.09626
-16.05656
-16.01687
-15.97718
-15.93749
-15.89779
-15.85810
-15.81841
-15.77872
-15.73902
-15.69933
-15.65964
-15.61994
-15.58025
-15.54056
-15.50087
-15.46117
-15.42148
-15.38179
-15.34209
-15.30240
-15.26271
-15.22302
-15.18332
-15.14363
-15.10394
-15.06425
-15.02455
-14.98486
-14.94517
-14.90547
-14.86578
-14.82609
-14.78640
-14.74670
-14.70701
-14.66732
-14.62762
-14.58793
-14.54824
-14.50855
-14.46885
-14.42916
-14.38947
-14.34977
-14.31008
-14.27039
-14.23070
-14.19100
-14.15131
-14.11162
-14.07193
-14.03223
-13.99254
-13.95285
-13.91315
-13.87346
-13.83377
-13.79408
-13.75438
-13.71469
-13.67500
-13.63530
-13.59561
-13.55592
-13.51623
-13.47653
-13.43684
-13.39715
-13.35746
-13.31776
-13.27807
-13.23838
-13.19868
-13.15899
-13.11930
-13.07961
-13.03991
-13.00022
-12.96053
-12.92083
-12.88114
-12.84145
-12.80176
-12.76206
-12.72237
-12.68268
-12.64299
-12.60329
-12.56360
-12.52391
-12.48421
-12.44452
-12.40483
-12.36514
-12.32544
-12.28575
-12.24606
-12.20636
-12.16667
-12.12698
-12.08729
-12.04759
-12.00790
-11.96821
-11.92852
-11.88882
-11.84913
-11.80944
-11.76974
-11.73005
-11.69036
-11.65067
-11.61097
-11.57128
-11.53159
-11.49189
-11.45220
-11.41251
-11.37282
-11.37282
-11.37282
-11.37282
-11.37282
-11.37282
-11.37282
-11.37282
-11.37282
-11.37282
-11.37282
-11.37282
-11.37282
-11.37282
-11.37282
-11.37282
-11.37282
-11.37282
-11.37282
-11.37282
-11.37282
-11.37282
-11.37282
-11.37282
-11.37282
-11.37282
-11.37282
-11.37282
-11.37282
-11.37282
-11.37282
-11.37282
-11.37282
-11.37282
-11.37282
-11.37282
-11.37282
-11.37282
-11.37282
-11.37282
-11.37282
-11.37282
-11.37282
-11.37282
-11.37282
-11.37282
-11.37282
-11.37282
-11.37282
-11.37282
-11.37282
-11.37282
-11.37282
-11.37282
-11.37282
-11.37282
-11.37282
-11.37282
-11.37282
-11.37282
-11.37282
-11.37208
-11.37135
-11.37062
-11.36988
-11.33054
-11.29120
-11.25186
-11.21251
-11.16251
-11.11251
-11.06252
-11.01252
-10.96252
-10.91252
-10.86252
-10.81253
-10.76252
-10.71252
-10.66252
-10.61252
-10.56252
-10.51252
-10.46252
-10.41252
-10.36252
-10.31252
-10.26251
-10.21251
-10.16251
-10.11251
-10.06252
-10.01252
-9.96252
-9.91252
-9.86252
-9.81253
-9.76005
-9.70758
-9.65510
-9.60263
-9.54833
-9.49402
-9.43972
-9.38541
-9.32549
-9.26556
-9.20564
-9.14571
-9.06740
-8.98908
-8.91076
-8.83245
-8.76839
-8.70433
-8.64028
-8.57622
-8.47778
-8.37934
-8.28090
-8.18245
-8.10305
-8.02365
-7.94425
-7.86485
-7.80650
-7.74816
-7.68982
-7.63148
-7.58110
-7.53072
-7.48033
-7.42995
-7.37979
-7.32962
-7.27946
-7.22929
-7.17928
-7.12927
-7.07925
-7.02924
-6.97912
-6.92901
-6.87889
-6.82877
-6.77840
-6.72803
-6.67766
-6.62729
-6.57704
-6.52680
-6.47656
-6.42631
-6.37616
-6.32600
-6.27585
-6.22569
-6.17553
-6.12536
-6.07520
-6.02503
-5.97409
-5.92315
-5.87220
-5.82126
-5.77057
-5.71988
-5.66919
-5.61850
-5.56765
-5.51680
-5.46595
-5.41510
-5.36441
-5.31373
-5.26304
-5.21236
-5.16131
-5.11026
-5.05922
-5.00817
-4.95712
-4.90607
-4.85501
-4.80396
-4.75357
-4.70317
-4.65278
-4.60239
-4.55247
-4.50254
-4.45262
-4.40270
-4.35278
-4.30286
-4.25294
-4.20302
-4.15313
-4.10325
-4.05337
-4.00349
-3.95358
-3.90368
-3.85378
-3.80387
-3.75410
-3.70432
-3.65454
-3.60476
-3.55493
-3.50509
-3.45526
-3.40542
-3.35581
-3.30619
-3.25657
-3.20696
-3.15723
-3.10751
-3.05779
-3.00806
-2.95879
-2.90951
-2.86024
-2.81097
-2.76156
-2.71215
-2.66273
-2.61332
-2.56467
-2.51603
-2.46738
-2.41873
-2.37013
-2.32154
-2.27294
-2.22435
-2.17670
-2.12906
-2.08142
-2.03377
-1.98708
-1.94038
-1.89368
-1.84699
-1.80061
-1.75423
-1.70785
-1.66147
-1.61819
-1.57492
-1.53165
-1.48838
-1.44375
-1.39912
-1.35450
-1.30987
-1.27100
-1.23214
-1.19328
-1.15441
-1.11277
-1.07113
-1.02949
-0.98785
-0.95153
-0.91521
-0.87889
-0.84256
-0.80377
-0.76497
-0.72617
-0.68737
-0.65059
-0.61380
-0.57701
-0.54023
-0.50193
-0.46363
-0.42533
-0.38703
-16.96631
-16.92673
-16.88714
-16.84755
-16.80796
-16.76837
-16.72878
-16.68919
-16.64960
-16.61002
-16.57043
-16.53084
-16.49125
-16.45166
-16.41207
-16.37248
-16.33289
-16.29331
-16.25372
-16.21413
-16.17454
-16.13495
-16.09536
-16.05577
-16.01618
-15.97660
-15.93701
-15.89742
-15.85783
-15.81824
-15.77865
-15.73906
-15.69947
-15.65989
-15.62030
-15.58071
-15.54112
-15.50153
-15.46194
-15.42235
-15.38276
-15.34318
-15.30359
-15.26400
-15.22441
-15.18482
-15.14523
-15.10564
-15.06606
-15.02647
-14.98688
-14.94729
-14.90770
-14.86811
-14.82852
-14.78893
-14.74935
-14.70976
-14.67017
-14.63058
-14.59099
-14.55140
-14.51181
-14.47222
-14.43264
-14.39305
-14.35346
-14.31387
-14.27428
-14.23469
-14.19510
-14.15551
-14.11593
-14.07634
-14.03675
-13.99716
-13.95757
-13.91798
-13.87839
-13.83880
-13.79922
-13.75963
-13.72004
-13.68045
-13.64086
-13.60127
-13.56168
-13.52209
-13.48251
-13.44292
-13.40333
-13.36374
-13.32415
-13.28456
-13.24497
-13.20538
-13.16580
-13.12621
-13.08662
-13.04703
-13.00744
-12.96785
-12.92826
-12.88868
-12.84909
-12.80950
-12.76991
-12.73032
-12.69073
-12.65114
-12.61155
-12.57197
-12.53238
-12.49279
-12.45320
-12.41361
-12.37402
-12.33443
-12.29484
-12.25526
-12.21567
-12.17608
-12.13649
-12.09690
-12.05731
-12.01772
-11.97813
-11.93855
-11.89896
-11.85937
-11.81978
-11.78019
-11.74060
-11.70101
-11.66142
-11.62184
-11.58225
-11.54266
-11.50307
-11.46348
-11.42389
-11.42389
-11.42389
-11.42389
-11.42389
-11.42389
-11.42389
-11.42389
-11.42389
-11.42389
-11.42389
-11.42389
-11.42389
-11.42389
-11.42389
-11.42389
-11.42389
-11.42389
-11.42389
-11.42389
-11.42389
-11.42389
-11.42389
-11.42389
-11.42389
-11.42389
-11.42389
-11.42389
-11.42389
-11.42389
-11.42389
-11.42389
-11.42389
-11.42389
-11.42389
-11.42389
-11.42389
-11.42389
-11.42389
-11.42389
-11.42389
-11.42389
-11.42389
-11.42389
-11.42389
-11.42389
-11.42389
-11.42389
-11.42389
-11.42389
-11.42389
-11.42389
-11.42389
-11.42389
-11.42389
-11.42389
-11.42389
-11.42389
-11.42389
-11.42389
-11.42389
-11.42389
-11.42389
-11.42389
-11.42389
-11.39319
-11.36249
-11.33179
-11.30109
-11.25109
-11.20109
-11.15109
-11.10109
-11.05109
-11.00109
-10.95110
-10.90110
-10.85110
-10.80109
-10.75109
-10.70108
-10.65109
-10.60109
-10.55109
-10.50109
-10.45109
-10.40109
-10.35109
-10.30109
-10.25109
-10.20109
-10.15109
-10.10109
-10.05109
-10.00109
-9.95110
-9.90110
-9.85110
-9.80109
-9.75109
-9.70108
-9.65109
-9.60109
-9.55109
-9.50109
-9.45109
-9.40109
-9.35109
-9.30109
-9.24210
-9.18312
-9.12413
-9.06514
-9.00896
-8.95278
-8.89661
-8.84043
-8.74521
-8.64999
-8.55477
-8.45955
-8.38017
-8.30079
-8.22141
-8.14203
-8.07664
-8.01125
-7.94587
-7.88048
-7.81294
-7.74539
-7.67785
-7.61031
-7.55265
-7.49499
-7.43733
-7.37967
-7.32957
-7.27946
-7.22936
-7.17925
-7.12913
-7.07900
-7.02888
-6.97875
-6.92847
-6.87818
-6.82789
-6.77760
-6.72742
-6.67724
-6.62706
-6.57688
-6.52666
-6.47643
-6.42621
-6.37598
-6.32579
-6.27561
-6.22542
-6.17524
-6.12446
-6.07368
-6.02290
-5.97212
-5.92144
-5.87076
-5.82008
-5.76940
-5.71855
-5.66770
-5.61686
-5.56601
-5.51521
-5.46441
-5.41361
-5.36280
-5.31181
-5.26082
-5.20983
-5.15884
-5.10756
-5.05627
-5.00499
-4.95370
-4.90306
-4.85241
-4.80176
-4.75111
-4.70119
-4.65127
-4.60135
-4.55143
-4.50149
-4.45155
-4.40161
-4.35166
-4.30176
-4.25186
-4.20195
-4.15205
-4.10211
-4.05218
-4.00224
-3.95231
-3.90249
-3.85267
-3.80286
-3.75304
-3.70317
-3.65330
-3.60343
-3.55356
-3.50382
-3.45408
-3.40435
-3.35461
-3.30483
-3.25505
-3.20528
-3.15550
-3.10593
-3.05636
-3.00679
-2.95722
-2.90767
-2.85813
-2.80858
-2.75904
-2.70979
-2.66053
-2.61128
-2.56203
-2.51308
-2.46413
-2.41518
-2.36623
-2.31747
-2.26871
-2.21994
-2.17118
-2.12365
-2.07613
-2.02860
-1.98107
-1.93311
-1.88515
-1.83719
-1.78923
-1.74429
-1.69934
-1.65440
-1.60946
-1.56294
-1.51642
-1.46990
-1.42338
-1.38192
-1.34046
-1.29900
-1.25755
-1.21423
-1.17092
-1.12760
-1.08428
-1.04518
-1.00607
-0.96697
-0.92786
-0.88809
-0.84831
-0.80854
-0.76876
-0.73014
-0.69152
-0.65290
-0.61428
-0.57599
-0.53769
-0.49939
-0.46110
-17.13539
-17.09495
-17.05452
-17.01409
-16.97366
-16.93323
-16.89280
-16.85236
-16.81193
-16.77150
-16.73107
-16.69064
-16.65021
-16.60977
-16.56934
-16.52891
-16.48848
-16.44805
-16.40762
-16.36718
-16.32675
-16.28632
-16.24589
-16.20546
-16.16503
-16.12460
-16.08416
-16.04373
-16.00330
-15.96287
-15.92244
-15.88201
-15.84157
-15.80114
-15.76071
-15.72028
-15.67985
-15.63942
-15.59898
-15.55855
-15.51812
-15.47769
-15.43726
-15.39683
-15.35639
-15.31596
-15.27553
-15.23510
-15.19467
-15.15424
-15.11381
-15.07337
-15.03294
-14.99251
-14.95208
-14.91165
-14.87122
-14.83078
-14.79035
-14.74992
-14.70949
-14.66906
-14.62863
-14.58819
-14.54776
-14.50733
-14.46690
-14.42647
-14.38604
-14.34561
-14.30517
-14.26474
-14.22431
-14.18388
-14.14345
-14.10302
-14.06258
-14.02215
-13.98172
-13.94129
-13.90086
-13.86043
-13.81999
-13.77956
-13.73913
-13.69870
-13.65827
-13.61784
-13.57740
-13.53697
-13.49654
-13.45611
-13.41568
-13.37525
-13.33482
-13.29438
-13.25395
-13.21352
-13.17309
-13.13266
-13.09223
-13.05179
-13.01136
-12.97093
-12.93050
-12.89007
-12.84964
-12.80920
-12.76877
-12.72834
-12.68791
-12.64748
-12.60705
-12.56661
-12.52618
-12.48575
-12.44532
-12.40489
-12.36446
-12.32403
-12.28359
-12.24316
-12.20273
-12.16230
-12.12187
-12.08144
-12.04100
-12.00057
-11.96014
-11.91971
-11.87928
-11.83885
-11.79841
-11.75798
-11.71755
-11.67712
-11.63669
-11.59626
-11.55583
-11.51539
-11.47496
-11.47496
-11.47496
-11.47496
-11.47496
-11.47496
-11.47496
-11.47496
-11.47496
-11.47496
-11.47496
-11.47496
-11.47496
-11.47496
-11.47496
-11.47496
-11.47496
-11.47496
-11.47496
-11.47496
-11.47496
-11.47496
-11.47496
-11.47496
-11.47496
-11.47496
-11.47496
-11.47496
-11.47496
-11.47496
-11.47496
-11.47496
-11.47496
-11.47496
-11.47496
-11.47496
-11.47496
-11.47496
-11.47496
-11.47496
-11.47496
-11.47496
-11.47496
-11.47496
-11.47496
-11.47496
-11.47496
-11.47496
-11.47496
-11.47496
-11.47496
-11.47496
-11.47496
-11.47496
-11.47496
-11.47496
-11.47496
-11.47496
-11.47496
-11.47496
-11.47496
-11.47496
-11.47496
-11.47496
-11.47496
-11.45364
-11.43231
-11.41099
-11.38966
-11.33966
-11.28966
-11.23966
-11.18966
-11.13966
-11.08966
-11.03966
-10.98966
-10.93966
-10.88965
-10.83965
-10.78965
-10.73965
-10.68965
-10.63965
-10.58966
-10.53966
-10.48966
-10.43966
-10.38966
-10.33966
-10.28966
-10.23966
-10.18966
-10.13966
-10.08966
-10.03966
-9.98966
-9.93966
-9.88965
-9.83965
-9.78965
-9.73965
-9.68965
-9.63965
-9.58966
-9.53966
-9.48966
-9.43966
-9.38966
-9.33872
-9.28778
-9.23683
-9.18589
-9.13524
-9.08459
-9.03394
-8.98329
-8.92421
-8.86513
-8.80605
-8.74697
-8.68593
-8.62490
-8.56386
-8.50283
-8.42938
-8.35592
-8.28247
-8.20902
-8.10970
-8.01038
-7.91107
-7.81175
-7.74022
-7.66870
-7.59717
-7.52565
-7.47536
-7.42508
-7.37479
-7.32451
-7.27432
-7.22413
-7.17395
-7.12376
-7.07369
-7.02363
-6.97356
-6.92349
-6.87346
-6.82342
-6.77338
-6.72334
-6.67295
-6.62257
-6.57218
-6.52179
-6.47142
-6.42105
-6.37068
-6.32032
-6.26964
-6.21896
-6.16827
-6.11759
-6.06687
-6.01614
-5.96541
-5.91468
-5.86394
-5.81320
-5.76246
-5.71171
-5.66085
-5.60999
-5.55912
-5.50826
-5.45742
-5.40658
-5.35574
-5.30490
-5.25339
-5.20189
-5.15038
-5.09887
-5.04795
-4.99703
-4.94611
-4.89519
-4.84529
-4.79540
-4.74550
-4.69560
-4.64566
-4.59572
-4.54579
-4.49585
-4.44593
-4.39601
-4.34609
-4.29617
-4.24623
-4.19628
-4.14634
-4.09640
-4.04653
-3.99666
-3.94679
-3.89692
-3.84704
-3.79716
-3.74727
-3.69739
-3.64756
-3.59773
-3.54790
-3.49807
-3.44824
-3.39842
-3.34860
-3.29878
-3.24904
-3.19930
-3.14957
-3.09983
-3.05022
-3.00061
-2.95100
-2.90140
-2.85180
-2.80221
-2.75261
-2.70302
-2.65383
-2.60464
-2.55545
-2.50627
-2.45684
-2.40742
-2.35800
-2.30858
-2.26039
-2.21219
-2.16400
-2.11581
-2.06714
-2.01847
-1.96980
-1.92114
-1.87458
-1.82803
-1.78148
-1.73493
-1.68754
-1.64015
-1.59277
-1.54538
-1.50099
-1.45659
-1.41220
-1.36781
-1.32327
-1.27874
-1.23420
-1.18967
-1.14734
-1.10502
-1.06269
-1.02036
-0.97938
-0.93840
-0.89742
-0.85644
-0.81542
-0.77439
-0.73336
-0.69233
-0.65364
-0.61496
-0.57627
-0.53758
-17.31911
-17.27773
-17.23635
-17.19497
-17.15359
-17.11221
-17.07083
-17.02945
-16.98807
-16.94670
-16.90532
-16.86394
-16.82256
-16.78118
-16.73980
-16.69842
-16.65704
-16.61566
-16.57428
-16.53290
-16.49152
-16.45014
-16.40876
-16.36738
-16.32600
-16.28462
-16.24324
-16.20187
-16.16049
-16.11911
-16.07773
-16.03635
-15.99497
-15.95359
-15.91221
-15.87083
-15.82945
-15.78807
-15.74669
-15.70531
-15.66393
-15.62255
-15.58117
-15.53979
-15.49842
-15.45704
-15.41566
-15.37428
-15.33290
-15.29152
-15.25014
-15.20876
-15.16738
-15.12600
-15.08462
-15.04324
-15.00186
-14.96048
-14.91910
-14.87772
-14.83634
-14.79496
-14.75359
-14.71221
-14.67083
-14.62945
-14.58807
-14.54669
-14.50531
-14.46393
-14.42255
-14.38117
-14.33979
-14.29841
-14.25703
-14.21565
-14.17427
-14.13289
-14.09151
-14.05014
-14.00876
-13.96738
-13.92600
-13.88462
-13.84324
-13.80186
-13.76048
-13.71910
-13.67772
-13.63634
-13.59496
-13.55358
-13.51220
-13.47082
-13.42944
-13.38806
-13.34668
-13.30531
-13.26393
-13.22255
-13.18117
-13.13979
-13.09841
-13.05703
-13.01565
-12.97427
-12.93289
-12.89151
-12.85013
-12.80875
-12.76737
-12.72599
-12.68461
-12.64323
-12.60185
-12.56048
-12.51910
-12.47772
-12.43634
-12.39496
-12.35358
-12.31220
-12.27082
-12.22944
-12.18806
-12.14668
-12.10530
-12.06392
-12.02254
-11.98116
-11.93978
-11.89840
-11.85703
-11.81565
-11.77427
-11.73289
-11.69151
-11.65013
-11.60875
-11.56737
-11.52599
-11.52599
-11.52599
-11.52599
-11.52599
-11.52599
-11.52599
-11.52599
-11.52599
-11.52599
-11.52599
-11.52599
-11.52599
-11.52599
-11.52599
-11.52599
-11.52599
-11.52599
-11.52599
-11.52599
-11.52599
-11.52599
-11.52599
-11.52599
-11.52599
-11.52599
-11.52599
-11.52599
-11.52599
-11.52599
-11.52599
-11.52599
-11.52599
-11.52599
-11.52599
-11.52599
-11.52599
-11.52599
-11.52599
-11.52599
-11.52599
-11.52599
-11.52599
-11.52599
-11.52599
-11.52599
-11.52599
-11.52599
-11.52599
-11.52599
-11.52599
-11.52599
-11.52599
-11.52599
-11.52599
-11.52599
-11.52599
-11.52599
-11.52599
-11.52599
-11.52599
-11.52599
-11.52599
-11.52599
-11.52599
-11.51404
-11.50209
-11.49014
-11.47819
-11.42819
-11.37819
-11.32819
-11.27819
-11.22819
-11.17819
-11.12819
-11.07819
-11.02819
-10.97819
-10.92819
-10.87819
-10.82819
-10.77819
-10.72819
-10.67818
-10.62818
-10.57819
-10.52819
-10.47819
-10.42819
-10.37819
-10.32819
-10.27819
-10.22819
-10.17819
-10.12819
-10.07819
-10.02819
-9.97819
-9.92819
-9.87819
-9.82819
-9.77819
-9.72819
-9.67818
-9.62818
-9.57819
-9.52819
-9.47819
-9.42819
-9.37819
-9.32819
-9.27819
-9.22819
-9.17819
-9.12819
-9.07819
-9.02618
-8.97416
-8.92215
-8.87013
-8.81643
-8.76274
-8.70904
-8.65534
-8.59519
-8.53504
-8.47489
-8.41475
-8.33813
-8.26151
-8.18490
-8.10828
-8.04565
-7.98302
-7.92039
-7.85776
-7.78023
-7.70269
-7.62515
-7.54762
-7.48045
-7.41328
-7.34612
-7.27895
-7.22457
-7.17019
-7.11582
-7.06144
-7.01144
-6.96144
-6.91144
-6.86145
-6.81117
-6.76089
-6.71061
-6.66033
-6.60997
-6.55961
-6.50924
-6.45888
-6.40832
-6.35775
-6.30719
-6.25663
-6.20573
-6.15483
-6.10394
-6.05304
-6.00234
-5.95163
-5.90093
-5.85022
-5.79921
-5.74819
-5.69717
-5.64615
-5.59540
-5.54465
-5.49390
-5.44316
-5.39150
-5.33985
-5.28820
-5.23654
-5.18544
-5.13434
-5.08324
-5.03214
-4.98207
-4.93200
-4.88192
-4.83185
-4.78190
-4.73195
-4.68200
-4.63205
-4.58212
-4.53219
-4.48226
-4.43234
-4.38240
-4.33246
-4.28252
-4.23258
-4.18268
-4.13279
-4.08289
-4.03299
-3.98311
-3.93323
-3.88334
-3.83346
-3.78359
-3.73372
-3.68384
-3.63397
-3.58413
-3.53429
-3.48446
-3.43462
-3.38478
-3.33495
-3.28511
-3.23528
-3.18563
-3.13599
-3.08635
-3.03671
-2.98698
-2.93726
-2.88754
-2.83782
-2.78846
-2.73911
-2.68976
-2.64041
-2.59085
-2.54129
-2.49173
-2.44217
-2.39342
-2.34467
-2.29591
-2.24716
-2.19823
-2.14930
-2.10037
-2.05144
-2.00369
-1.95594
-1.90820
-1.86045
-1.81259
-1.76473
-1.71687
-1.66901
-1.62272
-1.57642
-1.53013
-1.48384
-1.43826
-1.39269
-1.34711
-1.30154
-1.25678
-1.21203
-1.16727
-1.12252
-1.08024
-1.03797
-0.99570
-0.95342
-0.90992
-0.86642
-0.82292
-0.77942
-0.73995
-0.70047
-0.66099
-0.62152
-17.39967
-17.35808
-17.31649
-17.27490
-17.23331
-17.19172
-17.15013
-17.10854
-17.06695
-17.02536
-16.98377
-16.94218
-16.90058
-16.85899
-16.81740
-16.77581
-16.73422
-16.69263
-16.65104
-16.60945
-16.56786
-16.52627
-16.48468
-16.44309
-16.40150
-16.35991
-16.31832
-16.27673
-16.23514
-16.19355
-16.15196
-16.11037
-16.06878
-16.02719
-15.98560
-15.94400
-15.90241
-15.86082
-15.81923
-15.77764
-15.73605
-15.69446
-15.65287
-15.61128
-15.56969
-15.52810
-15.48651
-15.44492
-15.40333
-15.36174
-15.32015
-15.27856
-15.23697
-15.19538
-15.15379
-15.11220
-15.07061
-15.02902
-14.98743
-14.94583
-14.90424
-14.86265
-14.82106
-14.77947
-14.73788
-14.69629
-14.65470
-14.61311
-14.57152
-14.52993
-14.48834
-14.44675
-14.40516
-14.36357
-14.32198
-14.28039
-14.23880
-14.19721
-14.15562
-14.11403
-14.07244
-14.03085
-13.98925
-13.94766
-13.90607
-13.86448
-13.82289
-13.78130
-13.73971
-13.69812
-13.65653
-13.61494
-13.57335
-13.53176
-13.49017
-13.44858
-13.40699
-13.36540
-13.32381
-13.28222
-13.24063
-13.19904
-13.15745
-13.11586
-13.07427
-13.03267
-12.99108
-12.94949
-12.90790
-12.86631
-12.82472
-12.78313
-12.74154
-12.69995
-12.65836
-12.61677
-12.57518
-12.53359
-12.49200
-12.45041
-12.40882
-12.36723
-12.32564
-12.28405
-12.24246
-12.20087
-12.15928
-12.11769
-12.07609
-12.03450
-11.99291
-11.95132
-11.90973
-11.86814
-11.82655
-11.78496
-11.74337
-11.70178
-11.66019
-11.61860
-11.57701
-11.57701
-11.57701
-11.57701
-11.57701
-11.57701
-11.57701
-11.57701
-11.57701
-11.57701
-11.57701
-11.57701
-11.57701
-11.57701
-11.57701
-11.57701
-11.57701
-11.57701
-11.57701
-11.57701
-11.57701
-11.57701
-11.57701
-11.57701
-11.57701
-11.57701
-11.57701
-11.57701
-11.57701
-11.57701
-11.57701
-11.57701
-11.57701
-11.57701
-11.57701
-11.57701
-11.57701
-11.57701
-11.57701
-11.57701
-11.57701
-11.57701
-11.57701
-11.57701
-11.57701
-11.57701
-11.57701
-11.57701
-11.57701
-11.57701
-11.57701
-11.57701
-11.57701
-11.57701
-11.57701
-11.57701
-11.57701
-11.57701
-11.57701
-11.57701
-11.57701
-11.57701
-11.57701
-11.57701
-11.57701
-11.57257
-11.56813
-11.56369
-11.55925
-11.51112
-11.46298
-11.41485
-11.36671
-11.31671
-11.26671
-11.21671
-11.16671
-11.11672
-11.06672
-11.01672
-10.96672
-10.91672
-10.86671
-10.81671
-10.76670
-10.71671
-10.66671
-10.61671
-10.56671
-10.51671
-10.46671
-10.41671
-10.36671
-10.31671
-10.26671
-10.21671
-10.16671
-10.11672
-10.06672
-10.01672
-9.96672
-9.91672
-9.86671
-9.81671
-9.76670
-9.71671
-9.66671
-9.61671
-9.56671
-9.51671
-9.46671
-9.41671
-9.36671
-9.31671
-9.26671
-9.21671
-9.16671
-9.11672
-9.06672
-9.01672
-8.96672
-8.91672
-8.86671
-8.81671
-8.76670
-8.71671
-8.66671
-8.61671
-8.56671
-8.50975
-8.45280
-8.39584
-8.33889
-8.28389
-8.22889
-8.17389
-8.11890
-8.02651
-7.93412
-7.84173
-7.74935
-7.66951
-7.58968
-7.50985
-7.43001
-7.37134
-7.31266
-7.25398
-7.19531
-7.14526
-7.09523
-7.04519
-6.99515
-6.94496
-6.89478
-6.84459
-6.79441
-6.74406
-6.69371
-6.64336
-6.59301
-6.54259
-6.49217
-6.44174
-6.39132
-6.34052
-6.28971
-6.23890
-6.18809
-6.13755
-6.08700
-6.03646
-5.98591
-5.93461
-5.88330
-5.83199
-5.78068
-5.72978
-5.67888
-5.62798
-5.57707
-5.52534
-5.47361
-5.42188
-5.37014
-5.31888
-5.26761
-5.21634
-5.16507
-5.11479
-5.06450
-5.01422
-4.96393
-4.91396
-4.86400
-4.81403
-4.76406
-4.71412
-4.66417
-4.61423
-4.56429
-4.51435
-4.46441
-4.41447
-4.36453
-4.31461
-4.26468
-4.21476
-4.16484
-4.11496
-4.06508
-4.01519
-3.96531
-3.91541
-3.86551
-3.81560
-3.76570
-3.71586
-3.66602
-3.61618
-3.56634
-3.51646
-3.46657
-3.41668
-3.36679
-3.31711
-3.26743
-3.21775
-3.16807
-3.11828
-3.06849
-3.01871
-2.96892
-2.91943
-2.86994
-2.82044
-2.77095
-2.72135
-2.67174
-2.62214
-2.57253
-2.52335
-2.47417
-2.42499
-2.37581
-2.32673
-2.27765
-2.22857
-2.17949
-2.13084
-2.08219
-2.03353
-1.98488
-1.93666
-1.88844
-1.84022
-1.79200
-1.74424
-1.69648
-1.64872
-1.60097
-1.55452
-1.50808
-1.46163
-1.41519
-1.36848
-1.32177
-1.27506
-1.22835
-1.18480
-1.14126
-1.09771
-1.05417
-1.00880
-0.96344
-0.91807
-0.87270
-0.83186
-0.79101
-0.75017
-0.70932
-17.30223
-17.26170
-17.22117
-17.18064
-17.14011
-17.09958
-17.05905
-17.01852
-16.97799
-16.93746
-16.89693
-16.85640
-16.81587
-16.77534
-16.73481
-16.69428
-16.65375
-16.61322
-16.57269
-16.53216
-16.49163
-16.45110
-16.41057
-16.37004
-16.32951
-16.28898
-16.24845
-16.20792
-16.16739
-16.12686
-16.08633
-16.04580
-16.00527
-15.96474
-15.92421
-15.88368
-15.84315
-15.80262
-15.76209
-15.72156
-15.68103
-15.64050
-15.59997
-15.55944
-15.51891
-15.47838
-15.43785
-15.39732
-15.35679
-15.31626
-15.27573
-15.23520
-15.19467
-15.15414
-15.11361
-15.07308
-15.03255
-14.99202
-14.95149
-14.91096
-14.87043
-14.82990
-14.78937
-14.74884
-14.70831
-14.66778
-14.62725
-14.58672
-14.54619
-14.50566
-14.46513
-14.42460
-14.38407
-14.34354
-14.30301
-14.26248
-14.22195
-14.18142
-14.14089
-14.10036
-14.05983
-14.01930
-13.97877
-13.93824
-13.89771
-13.85718
-13.81665
-13.77612
-13.73559
-13.69506
-13.65453
-13.61400
-13.57347
-13.53294
-13.49241
-13.45188
-13.41135
-13.37082
-13.33029
-13.28976
-13.24923
-13.20870
-13.16817
-13.12764
-13.08711
-13.04658
-13.00605
-12.96552
-12.92499
-12.88446
-12.84393
-12.80340
-12.76287
-12.72234
-12.68181
-12.64128
-12.60075
-12.56022
-12.51969
-12.47916
-12.43863
-12.39810
-12.35757
-12.31704
-12.27651
-12.23598
-12.19545
-12.15492
-12.11439
-12.07386
-12.03333
-11.99280
-11.95227
-11.91174
-11.87121
-11.83068
-11.79015
-11.74962
-11.70909
-11.66856
-11.62803
-11.62803
-11.62803
-11.62803
-11.62803
-11.62803
-11.62803
-11.62803
-11.62803
-11.62803
-11.62803
-11.62803
-11.62803
-11.62803
-11.62803
-11.62803
-11.62803
-11.62803
-11.62803
-11.62803
-11.62803
-11.62803
-11.62803
-11.62803
-11.62803
-11.62803
-11.62803
-11.62803
-11.62803
-11.62803
-11.62803
-11.62803
-11.62803
-11.62803
-11.62803
-11.62803
-11.62803
-11.62803
-11.62803
-11.62803
-11.62803
-11.62803
-11.62803
-11.62803
-11.62803
-11.62803
-11.62803
-11.62803
-11.62803
-11.62803
-11.62803
-11.62803
-11.62803
-11.62803
-11.62803
-11.62803
-11.62803
-11.62803
-11.62803
-11.62803
-11.62803
-11.62803
-11.62803
-11.62803
-11.62803
-11.62794
-11.62786
-11.62777
-11.62769
-11.58458
-11.54146
-11.49834
-11.45523
-11.40523
-11.35523
-11.30523
-11.25523
-11.20523
-11.15523
-11.10523
-11.05523
-11.00522
-10.95522
-10.90522
-10.85522
-10.80522
-10.75523
-10.70523
-10.65523
-10.60523
-10.55523
-10.50523
-10.45523
-10.40523
-10.35523
-10.30523
-10.25523
-10.20523
-10.15523
-10.10523
-10.05523
-10.00522
-9.95522
-9.90522
-9.85522
-9.80522
-9.75523
-9.70523
-9.65523
-9.60523
-9.55523
-9.50523
-9.45523
-9.40523
-9.35523
-9.30523
-9.25523
-9.20523
-9.15523
-9.10523
-9.05523
-9.00522
-8.95522
-8.90522
-8.85522
-8.80522
-8.75523
-8.70523
-8.65523
-8.60054
-8.54586
-8.49117
-8.43649
-8.38186
-8.32724
-8.27261
-8.21798
-8.13783
-8.05768
-7.97752
-7.89737
-7.81598
-7.73458
-7.65319
-7.57179
-7.50986
-7.44792
-7.38599
-7.32406
-7.27386
-7.22366
-7.17346
-7.12327
-7.07309
-7.02290
-6.97272
-6.92254
-6.87217
-6.82181
-6.77144
-6.72108
-6.67084
-6.62060
-6.57037
-6.52013
-6.46987
-6.41962
-6.36936
-6.31910
-6.26894
-6.21878
-6.16861
-6.11845
-6.06664
-6.01483
-5.96302
-5.91120
-5.85976
-5.80831
-5.75686
-5.70541
-5.65369
-5.60197
-5.55025
-5.49854
-5.44710
-5.39567
-5.34424
-5.29281
-5.24229
-5.19177
-5.14125
-5.09073
-5.04073
-4.99074
-4.94075
-4.89076
-4.84079
-4.79082
-4.74085
-4.69088
-4.64094
-4.59099
-4.54104
-4.49109
-4.44114
-4.39119
-4.34123
-4.29128
-4.24140
-4.19152
-4.14164
-4.09176
-4.04184
-3.99191
-3.94199
-3.89206
-3.84224
-3.79242
-3.74260
-3.69278
-3.64290
-3.59302
-3.54314
-3.49326
-3.44353
-3.39379
-3.34406
-3.29432
-3.24453
-3.19474
-3.14495
-3.09516
-3.04555
-2.99594
-2.94634
-2.89673
-2.84712
-2.79751
-2.74790
-2.69829
-2.64888
-2.59946
-2.55005
-2.50063
-2.45150
-2.40237
-2.35324
-2.30411
-2.25494
-2.20577
-2.15660
-2.10743
-2.05895
-2.01048
-1.96200
-1.91352
-1.86481
-1.81609
-1.76738
-1.71866
-1.67160
-1.62454
-1.57748
-1.53042
-1.48237
-1.43432
-1.38628
-1.33823
-1.29347
-1.24872
-1.20396
-1.15920
-1.11301
-1.06681
-1.02062
-0.97442
-0.93131
-0.88821
-0.84510
-0.80199
-17.52282
-17.48108
-17.43934
-17.39760
-17.35586
-17.31412
-17.27238
-17.23063
-17.18889
-17.14715
-17.10541
-17.06367
-17.02193
-16.98019
-16.93844
-16.89670
-16.85496
-16.81322
-16.77148
-16.72974
-16.68799
-16.64625
-16.60451
-16.56277
-16.52103
-16.47929
-16.43755
-16.39580
-16.35406
-16.31232
-16.27058
-16.22884
-16.18710
-16.14536
-16.10361
-16.06187
-16.02013
-15.97839
-15.93665
-15.89491
-15.85316
-15.81142
-15.76968
-15.72794
-15.68620
-15.64446
-15.60272
-15.56097
-15.51923
-15.47749
-15.43575
-15.39401
-15.35227
-15.31053
-15.26878
-15.22704
-15.18530
-15.14356
-15.10182
-15.06008
-15.01833
-14.97659
-14.93485
-14.89311
-14.85137
-14.80963
-14.76789
-14.72614
-14.68440
-14.64266
-14.60092
-14.55918
-14.51744
-14.47570
-14.43395
-14.39221
-14.35047
-14.30873
-14.26699
-14.22525
-14.18351
-14.14176
-14.10002
-14.05828
-14.01654
-13.97480
-13.93306
-13.89131
-13.84957
-13.80783
-13.76609
-13.72435
-13.68261
-13.64087
-13.59912
-13.55738
-13.51564
-13.47390
-13.43216
-13.39042
-13.34868
-13.30693
-13.26519
-13.22345
-13.18171
-13.13997
-13.09823
-13.05648
-13.01474
-12.97300
-12.93126
-12.88952
-12.84778
-12.80604
-12.76429
-12.72255
-12.68081
-12.63907
-12.59733
-12.55559
-12.51385
-12.47210
-12.43036
-12.38862
-12.34688
-12.30514
-12.26340
-12.22165
-12.17991
-12.13817
-12.09643
-12.05469
-12.01295
-11.97121
-11.92946
-11.88772
-11.84598
-11.80424
-11.76250
-11.72076
-11.67902
-11.67902
-11.67902
-11.67902
-11.67902
-11.67902
-11.67902
-11.67902
-11.67902
-11.67902
-11.67902
-11.67902
-11.67902
-11.67902
-11.67902
-11.67902
-11.67902
-11.67902
-11.67902
-11.67902
-11.67902
-11.67902
-11.67902
-11.67902
-11.67902
-11.67902
-11.67902
-11.67902
-11.67902
-11.67902
-11.67902
-11.67902
-11.67902
-11.67902
-11.67902
-11.67902
-11.67902
-11.67902
-11.67902
-11.67902
-11.67902
-11.67902
-11.67902
-11.67902
-11.67902
-11.67902
-11.67902
-11.67902
-11.67902
-11.67902
-11.67902
-11.67902
-11.67902
-11.67902
-11.67902
-11.67902
-11.67902
-11.67902
-11.67902
-11.67902
-11.67902
-11.67902
-11.67902
-11.67902
-11.67902
-11.67902
-11.67902
-11.67902
-11.67902
-11.64519
-11.61137
-11.57754
-11.54372
-11.49372
-11.44372
-11.39372
-11.34372
-11.29372
-11.24372
-11.19371
-11.14371
-11.09372
-11.04372
-10.99372
-10.94373
-10.89373
-10.84373
-10.79373
-10.74372
-10.69372
-10.64372
-10.59372
-10.54372
-10.49372
-10.44372
-10.39372
-10.34372
-10.29372
-10.24372
-10.19371
-10.14371
-10.09372
-10.04372
-9.99372
-9.94373
-9.89373
-9.84373
-9.79373
-9.74372
-9.69372
-9.64372
-9.59372
-9.54372
-9.49372
-9.44372
-9.39372
-9.34372
-9.29372
-9.24372
-9.19371
-9.14371
-9.09372
-9.04372
-8.99372
-8.94373
-8.89373
-8.84373
-8.79373
-8.74372
-8.69262
-8.64151
-8.59040
-8.53930
-8.48820
-8.43710
-8.38599
-8.33489
-8.26583
-8.19677
-8.12771
-8.05865
-7.97269
-7.88672
-7.80075
-7.71478
-7.64872
-7.58265
-7.51659
-7.45052
-7.40016
-7.34979
-7.29943
-7.24906
-7.19882
-7.14857
-7.09833
-7.04809
-6.99797
-6.94786
-6.89774
-6.84763
-6.79757
-6.74751
-6.69744
-6.64738
-6.59700
-6.54662
-6.49623
-6.44585
-6.39551
-6.34518
-6.29485
-6.24451
-6.19319
-6.14187
-6.09055
-6.03922
-5.98789
-5.93656
-5.88522
-5.83389
-5.78226
-5.73064
-5.67901
-5.62739
-5.57555
-5.52371
-5.47186
-5.42002
-5.36914
-5.31825
-5.26736
-5.21647
-5.16648
-5.11649
-5.06649
-5.01650
-4.96651
-4.91653
-4.86654
-4.81656
-4.76662
-4.71668
-4.66674
-4.61680
-4.56684
-4.51688
-4.46693
-4.41697
-4.36705
-4.31713
-4.26721
-4.21729
-4.16734
-4.11740
-4.06745
-4.01750
-3.96762
-3.91774
-3.86786
-3.81798
-3.76807
-3.71816
-3.66826
-3.61835
-3.56853
-3.51871
-3.46888
-3.41906
-3.36924
-3.31941
-3.26959
-3.21976
-3.17002
-3.12027
-3.07053
-3.02078
-2.97110
-2.92141
-2.87172
-2.82204
-2.77240
-2.72276
-2.67313
-2.62349
-2.57412
-2.52476
-2.47539
-2.42603
-2.37664
-2.32725
-2.27785
-2.22846
-2.17978
-2.13109
-2.08241
-2.03372
-1.98455
-1.93537
-1.88620
-1.83702
-1.78926
-1.74149
-1.69373
-1.64597
-1.59772
-1.54947
-1.50122
-1.45298
-1.40661
-1.36024
-1.31388
-1.26751
-1.22073
-1.17395
-1.12717
-1.08039
-1.03539
-0.99040
-0.94541
-0.90041
-17.68028
-17.63778
-17.59528
-17.55277
-17.51027
-17.46777
-17.42527
-17.38276
-17.34026
-17.29776
-17.25526
-17.21275
-17.17025
-17.12775
-17.08525
-17.04274
-17.00024
-16.95774
-16.91524
-16.87274
-16.83023
-16.78773
-16.74523
-16.70273
-16.66022
-16.61772
-16.57522
-16.53272
-16.49021
-16.44771
-16.40521
-16.36271
-16.32021
-16.27770
-16.23520
-16.19270
-16.15020
-16.10769
-16.06519
-16.02269
-15.98019
-15.93768
-15.89518
-15.85268
-15.81018
-15.76768
-15.72517
-15.68267
-15.64017
-15.59767
-15.55516
-15.51266
-15.47016
-15.42766
-15.38515
-15.34265
-15.30015
-15.25765
-15.21514
-15.17264
-15.13014
-15.08764
-15.04514
-15.00263
-14.96013
-14.91763
-14.87513
-14.83262
-14.79012
-14.74762
-14.70512
-14.66261
-14.62011
-14.57761
-14.53511
-14.49261
-14.45010
-14.40760
-14.36510
-14.32260
-14.28009
-14.23759
-14.19509
-14.15259
-14.11008
-14.06758
-14.02508
-13.98258
-13.94007
-13.89757
-13.85507
-13.81257
-13.77007
-13.72756
-13.68506
-13.64256
-13.60006
-13.55755
-13.51505
-13.47255
-13.43005
-13.38754
-13.34504
-13.30254
-13.26004
-13.21754
-13.17503
-13.13253
-13.09003
-13.04753
-13.00502
-12.96252
-12.92002
-12.87752
-12.83501
-12.79251
-12.75001
-12.70751
-12.66500
-12.62250
-12.58000
-12.53750
-12.49500
-12.45249
-12.40999
-12.36749
-12.32499
-12.28248
-12.23998
-12.19748
-12.15498
-12.11247
-12.06997
-12.02747
-11.98497
-11.94247
-11.89996
-11.85746
-11.81496
-11.77246
-11.72995
-11.72995
-11.72995
-11.72995
-11.72995
-11.72995
-11.72995
-11.72995
-11.72995
-11.72995
-11.72995
-11.72995
-11.72995
-11.72995
-11.72995
-11.72995
-11.72995
-11.72995
-11.72995
-11.72995
-11.72995
-11.72995
-11.72995
-11.72995
-11.72995
-11.72995
-11.72995
-11.72995
-11.72995
-11.72995
-11.72995
-11.72995
-11.72995
-11.72995
-11.72995
-11.72995
-11.72995
-11.72995
-11.72995
-11.72995
-11.72995
-11.72995
-11.72995
-11.72995
-11.72995
-11.72995
-11.72995
-11.72995
-11.72995
-11.72995
-11.72995
-11.72995
-11.72995
-11.72995
-11.72995
-11.72995
-11.72995
-11.72995
-11.72995
-11.72995
-11.72995
-11.72995
-11.72995
-11.72995
-11.72995
-11.72995
-11.72995
-11.72995
-11.72995
-11.70551
-11.68106
-11.65661
-11.63216
-11.58216
-11.53216
-11.48216
-11.43216
-11.38216
-11.33216
-11.28216
-11.23216
-11.18216
-11.13216
-11.08216
-11.03217
-10.98217
-10.93217
-10.88217
-10.83217
-10.78217
-10.73217
-10.68217
-10.63216
-10.58216
-10.53216
-10.48216
-10.43216
-10.38216
-10.33216
-10.28216
-10.23216
-10.18216
-10.13216
-10.08216
-10.03217
-9.98217
-9.93217
-9.88217
-9.83217
-9.78217
-9.73217
-9.68217
-9.63216
-9.58216
-9.53216
-9.48216
-9.43216
-9.38216
-9.33216
-9.28216
-9.23216
-9.18216
-9.13216
-9.08216
-9.03217
-8.98217
-8.93217
-8.88217
-8.83217
-8.78217
-8.73217
-8.68217
-8.63216
-8.58216
-8.53216
-8.48216
-8.43216
-8.37549
-8.31882
-8.26214
-8.20547
-8.13732
-8.06916
-8.00101
-7.93285
-7.87408
-7.81530
-7.75652
-7.69775
-7.62892
-7.56009
-7.49125
-7.42242
-7.36106
-7.29970
-7.23834
-7.17698
-7.12457
-7.07217
-7.01977
-6.96737
-6.91735
-6.86733
-6.81731
-6.76729
-6.71694
-6.66659
-6.61624
-6.56588
-6.51549
-6.46509
-6.41469
-6.36430
-6.31331
-6.26232
-6.21133
-6.16035
-6.10895
-6.05755
-6.00616
-5.95476
-5.90334
-5.85193
-5.80051
-5.74909
-5.69694
-5.64480
-5.59265
-5.54050
-5.48926
-5.43802
-5.38678
-5.33554
-5.28558
-5.23562
-5.18567
-5.13571
-5.08574
-5.03577
-4.98580
-4.93583
-4.88587
-4.83591
-4.78595
-4.73599
-4.68601
-4.63603
-4.58605
-4.53608
-4.48615
-4.43621
-4.38628
-4.33635
-4.28641
-4.23647
-4.18653
-4.13659
-4.08669
-4.03679
-3.98689
-3.93699
-3.88709
-3.83719
-3.78729
-3.73739
-3.68753
-3.63768
-3.58782
-3.53796
-3.48815
-3.43833
-3.38851
-3.33869
-3.28888
-3.23907
-3.18925
-3.13944
-3.08976
-3.04007
-2.99039
-2.94070
-2.89095
-2.84120
-2.79145
-2.74170
-2.69225
-2.64280
-2.59335
-2.54390
-2.49444
-2.44498
-2.39552
-2.34606
-2.29706
-2.24805
-2.19905
-2.15004
-2.10079
-2.05154
-2.00230
-1.95305
-1.90471
-1.85637
-1.80803
-1.75969
-1.71118
-1.66267
-1.61416
-1.56565
-1.51823
-1.47082
-1.42340
-1.37599
-1.32867
-1.28136
-1.23405
-1.18674
-1.14028
-1.09382
-1.04736
-1.00090
-17.82024
-17.77710
-17.73396
-17.69082
-17.64768
-17.60454
-17.56141
-17.51827
-17.47513
-17.43199
-17.38885
-17.34571
-17.30258
-17.25944
-17.21630
-17.17316
-17.13002
-17.08688
-17.04375
-17.00061
-16.95747
-16.91433
-16.87119
-16.82805
-16.78492
-16.74178
-16.69864
-16.65550
-16.61236
-16.56922
-16.52609
-16.48295
-16.43981
-16.39667
-16.35353
-16.31039
-16.26726
-16.22412
-16.18098
-16.13784
-16.09470
-16.05156
-16.00843
-15.96529
-15.92215
-15.87901
-15.83587
-15.79273
-15.74960
-15.70646
-15.66332
-15.62018
-15.57704
-15.53391
-15.49077
-15.44763
-15.40449
-15.36135
-15.31821
-15.27508
-15.23194
-15.18880
-15.14566
-15.10252
-15.05938
-15.01625
-14.97311
-14.92997
-14.88683
-14.84369
-14.80055
-14.75742
-14.71428
-14.67114
-14.62800
-14.58486
-14.54172
-14.49859
-14.45545
-14.41231
-14.36917
-14.32603
-14.28289
-14.23976
-14.19662
-14.15348
-14.11034
-14.06720
-14.02406
-13.98093
-13.93779
-13.89465
-13.85151
-13.80837
-13.76523
-13.72210
-13.67896
-13.63582
-13.59268
-13.54954
-13.50640
-13.46327
-13.42013
-13.37699
-13.33385
-13.29071
-13.24757
-13.20444
-13.16130
-13.11816
-13.07502
-13.03188
-12.98874
-12.94561
-12.90247
-12.85933
-12.81619
-12.77305
-12.72991
-12.68678
-12.64364
-12.60050
-12.55736
-12.51422
-12.47108
-12.42795
-12.38481
-12.34167
-12.29853
-12.25539
-12.21225
-12.16912
-12.12598
-12.08284
-12.03970
-11.99656
-11.95342
-11.91029
-11.86715
-11.82401
-11.78087
-11.78087
-11.78087
-11.78087
-11.78087
-11.78087
-11.78087
-11.78087
-11.78087
-11.78087
-11.78087
-11.78087
-11.78087
-11.78087
-11.78087
-11.78087
-11.78087
-11.78087
-11.78087
-11.78087
-11.78087
-11.78087
-11.78087
-11.78087
-11.78087
-11.78087
-11.78087
-11.78087
-11.78087
-11.78087
-11.78087
-11.78087
-11.78087
-11.78087
-11.78087
-11.78087
-11.78087
-11.78087
-11.78087
-11.78087
-11.78087
-11.78087
-11.78087
-11.78087
-11.78087
-11.78087
-11.78087
-11.78087
-11.78087
-11.78087
-11.78087
-11.78087
-11.78087
-11.78087
-11.78087
-11.78087
-11.78087
-11.78087
-11.78087
-11.78087
-11.78087
-11.78087
-11.78087
-11.78087
-11.78087
-11.78087
-11.78087
-11.78087
-11.78087
-11.76580
-11.75072
-11.73565
-11.72057
-11.67058
-11.62058
-11.57057
-11.52057
-11.47057
-11.42057
-11.37057
-11.32057
-11.27057
-11.22057
-11.17057
-11.12057
-11.07057
-11.02057
-10.97057
-10.92057
-10.87058
-10.82058
-10.77058
-10.72058
-10.67058
-10.62058
-10.57057
-10.52057
-10.47057
-10.42057
-10.37057
-10.32057
-10.27057
-10.22057
-10.17057
-10.12057
-10.07057
-10.02057
-9.97057
-9.92057
-9.87058
-9.82058
-9.77058
-9.72058
-9.67058
-9.62058
-9.57057
-9.52057
-9.47057
-9.42057
-9.37057
-9.32057
-9.27057
-9.22057
-9.17057
-9.12057
-9.07057
-9.02057
-8.97057
-8.92057
-8.87058
-8.82058
-8.77058
-8.72058
-8.67058
-8.62058
-8.57057
-8.52057
-8.47051
-8.42044
-8.37038
-8.32031
-8.26666
-8.21302
-8.15937
-8.10573
-8.05325
-8.00078
-7.94831
-7.89583
-7.81782
-7.73980
-7.66179
-7.58377
-7.51427
-7.44477
-7.37527
-7.30577
-7.25056
-7.19536
-7.14016
-7.08495
-7.03485
-6.98476
-6.93466
-6.88456
-6.83428
-6.78399
-6.73371
-6.68343
-6.63302
-6.58260
-6.53219
-6.48178
-6.43108
-6.38038
-6.32969
-6.27899
-6.22750
-6.17600
-6.12450
-6.07301
-6.02187
-5.97073
-5.91960
-5.86846
-5.81615
-5.76384
-5.71154
-5.65923
-5.60777
-5.55631
-5.50485
-5.45339
-5.40333
-5.35328
-5.30322
-5.25316
-5.20320
-5.15323
-5.10327
-5.05330
-5.00332
-4.95334
-4.90337
-4.85339
-4.80340
-4.75341
-4.70342
-4.65344
-4.60349
-4.55354
-4.50360
-4.45365
-4.40371
-4.35377
-4.30383
-4.25389
-4.20397
-4.15405
-4.10413
-4.05421
-4.00430
-3.95440
-3.90450
-3.85460
-3.80470
-3.75480
-3.70490
-3.65501
-3.60517
-3.55534
-3.50550
-3.45567
-3.40579
-3.35592
-3.30605
-3.25618
-3.20646
-3.15674
-3.10702
-3.05731
-3.00749
-2.95767
-2.90785
-2.85804
-2.80850
-2.75896
-2.70942
-2.65988
-2.61039
-2.56091
-2.51143
-2.46194
-2.41263
-2.36331
-2.31399
-2.26468
-2.21544
-2.16620
-2.11697
-2.06773
-2.01893
-1.97014
-1.92134
-1.87254
-1.82380
-1.77505
-1.72631
-1.67756
-1.62933
-1.58110
-1.53287
-1.48464
-1.43696
-1.38927
-1.34159
-1.29390
-1.24626
-1.19862
-1.15098
-1.10334
-17.87716
-17.83398
-17.79080
-17.74761
-17.70443
-17.66125
-17.61807
-17.57489
-17.53171
-17.48853
-17.44535
-17.40216
-17.35898
-17.31580
-17.27262
-17.22944
-17.18626
-17.14308
-17.09990
-17.05671
-17.01353
-16.97035
-16.92717
-16.88399
-16.84081
-16.79763
-16.75445
-16.71126
-16.66808
-16.62490
-16.58172
-16.53854
-16.49536
-16.45218
-16.40900
-16.36581
-16.32263
-16.27945
-16.23627
-16.19309
-16.14991
-16.10673
-16.06355
-16.02036
-15.97718
-15.93400
-15.89082
-15.84764
-15.80446
-15.76128
-15.71810
-15.67491
-15.63173
-15.58855
-15.54537
-15.50219
-15.45901
-15.41583
-15.37265
-15.32946
-15.28628
-15.24310
-15.19992
-15.15674
-15.11356
-15.07038
-15.02720
-14.98401
-14.94083
-14.89765
-14.85447
-14.81129
-14.76811
-14.72493
-14.68175
-14.63856
-14.59538
-14.55220
-14.50902
-14.46584
-14.42266
-14.37948
-14.33630
-14.29311
-14.24993
-14.20675
-14.16357
-14.12039
-14.07721
-14.03403
-13.99085
-13.94766
-13.90448
-13.86130
-13.81812
-13.77494
-13.73176
-13.68858
-13.64540
-13.60221
-13.55903
-13.51585
-13.47267
-13.42949
-13.38631
-13.34313
-13.29995
-13.25676
-13.21358
-13.17040
-13.12722
-13.08404
-13.04086
-12.99768
-12.95450
-12.91131
-12.86813
-12.82495
-12.78177
-12.73859
-12.69541
-12.65223
-12.60905
-12.56586
-12.52268
-12.47950
-12.43632
-12.39314
-12.34996
-12.30678
-12.26360
-12.22041
-12.17723
-12.13405
-12.09087
-12.04769
-12.00451
-11.96133
-11.91815
-11.87496
-11.83178
-11.83178
-11.83178
-11.83178
-11.83178
-11.83178
-11.83178
-11.83178
-11.83178
-11.83178
-11.83178
-11.83178
-11.83178
-11.83178
-11.83178
-11.83178
-11.83178
-11.83178
-11.83178
-11.83178
-11.83178
-11.83178
-11.83178
-11.83178
-11.83178
-11.83178
-11.83178
-11.83178
-11.83178
-11.83178
-11.83178
-11.83178
-11.83178
-11.83178
-11.83178
-11.83178
-11.83178
-11.83178
-11.83178
-11.83178
-11.83178
-11.83178
-11.83178
-11.83178
-11.83178
-11.83178
-11.83178
-11.83178
-11.83178
-11.83178
-11.83178
-11.83178
-11.83178
-11.83178
-11.83178
-11.83178
-11.83178
-11.83178
-11.83178
-11.83178
-11.83178
-11.83178
-11.83178
-11.83178
-11.83178
-11.83178
-11.83178
-11.83178
-11.83178
-11.82584
-11.81990
-11.81396
-11.80802
-11.75826
-11.70850
-11.65874
-11.60898
-11.55898
-11.50898
-11.45898
-11.40898
-11.35898
-11.30898
-11.25898
-11.20898
-11.15897
-11.10897
-11.05897
-11.00897
-10.95897
-10.90897
-10.85897
-10.80897
-10.75897
-10.70897
-10.65897
-10.60898
-10.55898
-10.50898
-10.45898
-10.40898
-10.35898
-10.30898
-10.25898
-10.20898
-10.15897
-10.10897
-10.05897
-10.00897
-9.95897
-9.90897
-9.85897
-9.80897
-9.75897
-9.70897
-9.65897
-9.60898
-9.55898
-9.50898
-9.45898
-9.40898
-9.35898
-9.30898
-9.25898
-9.20898
-9.15897
-9.10897
-9.05897
-9.00897
-8.95897
-8.90897
-8.85897
-8.80897
-8.75897
-8.70897
-8.65897
-8.60898
-8.55898
-8.50898
-8.45898
-8.40898
-8.35703
-8.30509
-8.25314
-8.20120
-8.14966
-8.09811
-8.04657
-7.99503
-7.92463
-7.85423
-7.78383
-7.71342
-7.64292
-7.57241
-7.50190
-7.43139
-7.37379
-7.31619
-7.25860
-7.20100
-7.15078
-7.10056
-7.05034
-7.00012
-6.94989
-6.89966
-6.84942
-6.79919
-6.74880
-6.69842
-6.64804
-6.59765
-6.54727
-6.49688
-6.44650
-6.39612
-6.34455
-6.29299
-6.24143
-6.18986
-6.13886
-6.08786
-6.03685
-5.98585
-5.93357
-5.88130
-5.82902
-5.77675
-5.72517
-5.67359
-5.62201
-5.57043
-5.52012
-5.46982
-5.41951
-5.36921
-5.31924
-5.26927
-5.21930
-5.16932
-5.11934
-5.06937
-5.01939
-4.96941
-4.91943
-4.86944
-4.81946
-4.76948
-4.71951
-4.66954
-4.61958
-4.56961
-4.51966
-4.46971
-4.41976
-4.36982
-4.31987
-4.26991
-4.21996
-4.17001
-4.12009
-4.07017
-4.02025
-3.97032
-3.92038
-3.87044
-3.82049
-3.77055
-3.72068
-3.67081
-3.62094
-3.57107
-3.52115
-3.47124
-3.42132
-3.37140
-3.32161
-3.27181
-3.22201
-3.17221
-3.12235
-3.07250
-3.02264
-2.97278
-2.92310
-2.87341
-2.82373
-2.77405
-2.72445
-2.67485
-2.62526
-2.57566
-2.52619
-2.47673
-2.42726
-2.37780
-2.32849
-2.27918
-2.22987
-2.18057
-2.13135
-2.08213
-2.03291
-1.98369
-1.93480
-1.88591
-1.83703
-1.78814
-1.73929
-1.69044
-1.64160
-1.59275
-1.54477
-1.49679
-1.44881
-1.40083
-1.35240
-1.30396
-1.25552
-1.20708
-17.77781
-17.73570
-17.69360
-17.65149
-17.60938
-17.56727
-17.52516
-17.48305
-17.44095
-17.39884
-17.35673
-17.31462
-17.27251
-17.23041
-17.18830
-17.14619
-17.10408
-17.06197
-17.01986
-16.97776
-16.93565
-16.89354
-16.85143
-16.80932
-16.76722
-16.72511
-16.68300
-16.64089
-16.59878
-16.55667
-16.51457
-16.47246
-16.43035
-16.38824
-16.34613
-16.30403
-16.26192
-16.21981
-16.17770
-16.13559
-16.09348
-16.05138
-16.00927
-15.96716
-15.92505
-15.88294
-15.84084
-15.79873
-15.75662
-15.71451
-15.67240
-15.63029
-15.58819
-15.54608
-15.50397
-15.46186
-15.41975
-15.37764
-15.33554
-15.29343
-15.25132
-15.20921
-15.16710
-15.12500
-15.08289
-15.04078
-14.99867
-14.95656
-14.91445
-14.87235
-14.83024
-14.78813
-14.74602
-14.70391
-14.66181
-14.61970
-14.57759
-14.53548
-14.49337
-14.45126
-14.40916
-14.36705
-14.32494
-14.28283
-14.24072
-14.19862
-14.15651
-14.11440
-14.07229
-14.03018
-13.98807
-13.94597
-13.90386
-13.86175
-13.81964
-13.77753
-13.73543
-13.69332
-13.65121
-13.60910
-13.56699
-13.52488
-13.48278
-13.44067
-13.39856
-13.35645
-13.31434
-13.27224
-13.23013
-13.18802
-13.14591
-13.10380
-13.06169
-13.01959
-12.97748
-12.93537
-12.89326
-12.85115
-12.80905
-12.76694
-12.72483
-12.68272
-12.64061
-12.59850
-12.55640
-12.51429
-12.47218
-12.43007
-12.38796
-12.34586
-12.30375
-12.26164
-12.21953
-12.17742
-12.13531
-12.09321
-12.05110
-12.00899
-11.96688
-11.92477
-11.88267
-11.88267
-11.88267
-11.88267
-11.88267
-11.88267
-11.88267
-11.88267
-11.88267
-11.88267
-11.88267
-11.88267
-11.88267
-11.88267
-11.88267
-11.88267
-11.88267
-11.88267
-11.88267
-11.88267
-11.88267
-11.88267
-11.88267
-11.88267
-11.88267
-11.88267
-11.88267
-11.88267
-11.88267
-11.88267
-11.88267
-11.88267
-11.88267
-11.88267
-11.88267
-11.88267
-11.88267
-11.88267
-11.88267
-11.88267
-11.88267
-11.88267
-11.88267
-11.88267
-11.88267
-11.88267
-11.88267
-11.88267
-11.88267
-11.88267
-11.88267
-11.88267
-11.88267
-11.88267
-11.88267
-11.88267
-11.88267
-11.88267
-11.88267
-11.88267
-11.88267
-11.88267
-11.88267
-11.88267
-11.88267
-11.88267
-11.88267
-11.88267
-11.88267
-11.88267
-11.88267
-11.88267
-11.88267
-11.83634
-11.79002
-11.74369
-11.69737
-11.64737
-11.59737
-11.54736
-11.49736
-11.44736
-11.39736
-11.34736
-11.29736
-11.24736
-11.19736
-11.14736
-11.09736
-11.04736
-10.99736
-10.94736
-10.89736
-10.84736
-10.79737
-10.74737
-10.69737
-10.64737
-10.59737
-10.54736
-10.49736
-10.44736
-10.39736
-10.34736
-10.29736
-10.24736
-10.19736
-10.14736
-10.09736
-10.04736
-9.99736
-9.94736
-9.89736
-9.84736
-9.79737
-9.74737
-9.69737
-9.64737
-9.59737
-9.54736
-9.49736
-9.44736
-9.39736
-9.34736
-9.29736
-9.24736
-9.19736
-9.14736
-9.09736
-9.04736
-8.99736
-8.94736
-8.89736
-8.84736
-8.79737
-8.74737
-8.69737
-8.64737
-8.59737
-8.54736
-8.49736
-8.44736
-8.39736
-8.34736
-8.29736
-8.24736
-8.19736
-8.14736
-8.09736
-8.03607
-7.97477
-7.91348
-7.85218
-7.78639
-7.72059
-7.65479
-7.58900
-7.53123
-7.47347
-7.41571
-7.35794
-7.30032
-7.24270
-7.18509
-7.12747
-7.07335
-7.01923
-6.96511
-6.91099
-6.86044
-6.80990
-6.75935
-6.70881
-6.65861
-6.60842
-6.55823
-6.50804
-6.45666
-6.40528
-6.35391
-6.30253
-6.25155
-6.20057
-6.14959
-6.09861
-6.04651
-5.99440
-5.94230
-5.89019
-5.83834
-5.78648
-5.73463
-5.68277
-5.63217
-5.58157
-5.53097
-5.48036
-5.43039
-5.38041
-5.33044
-5.28046
-5.23048
-5.18050
-5.13053
-5.08055
-5.03057
-4.98060
-4.93062
-4.88065
-4.83068
-4.78070
-4.73073
-4.68075
-4.63081
-4.58086
-4.53092
-4.48097
-4.43101
-4.38105
-4.33108
-4.28112
-4.23120
-4.18128
-4.13135
-4.08143
-4.03148
-3.98153
-3.93158
-3.88163
-3.83175
-3.78187
-3.73199
-3.68212
-3.63220
-3.58229
-3.53238
-3.48247
-3.43263
-3.38280
-3.33296
-3.28312
-3.23326
-3.18341
-3.13355
-3.08369
-3.03391
-2.98414
-2.93436
-2.88458
-2.83484
-2.78509
-2.73534
-2.68559
-2.63611
-2.58663
-2.53715
-2.48768
-2.43825
-2.38883
-2.33940
-2.28998
-2.24045
-2.19093
-2.14141
-2.09188
-2.04290
-1.99392
-1.94493
-1.89595
-1.84683
-1.79770
-1.74858
-1.69945
-1.65113
-1.60282
-1.55450
-1.50618
-1.45748
-1.40878
-1.36009
-1.31139
-17.74614
-17.70462
-17.66310
-17.62159
-17.58007
-17.53855
-17.49703
-17.45551
-17.41399
-17.37247
-17.33096
-17.28944
-17.24792
-17.20640
-17.16488
-17.12336
-17.08184
-17.04032
-16.99881
-16.95729
-16.91577
-16.87425
-16.83273
-16.79121
-16.74969
-16.70818
-16.66666
-16.62514
-16.58362
-16.54210
-16.50058
-16.45906
-16.41754
-16.37603
-16.33451
-16.29299
-16.25147
-16.20995
-16.16843
-16.12691
-16.08539
-16.04388
-16.00236
-15.96084
-15.91932
-15.87780
-15.83628
-15.79476
-15.75325
-15.71173
-15.67021
-15.62869
-15.58717
-15.54565
-15.50413
-15.46261
-15.42110
-15.37958
-15.33806
-15.29654
-15.25502
-15.21350
-15.17198
-15.13047
-15.08895
-15.04743
-15.00591
-14.96439
-14.92287
-14.88135
-14.83983
-14.79832
-14.75680
-14.71528
-14.67376
-14.63224
-14.59072
-14.54920
-14.50769
-14.46617
-14.42465
-14.38313
-14.34161
-14.30009
-14.25857
-14.21705
-14.17554
-14.13402
-14.09250
-14.05098
-14.00946
-13.96794
-13.92642
-13.88490
-13.84339
-13.80187
-13.76035
-13.71883
-13.67731
-13.63579
-13.59427
-13.55276
-13.51124
-13.46972
-13.42820
-13.38668
-13.34516
-13.30364
-13.26212
-13.22061
-13.17909
-13.13757
-13.09605
-13.05453
-13.01301
-12.97149
-12.92998
-12.88846
-12.84694
-12.80542
-12.76390
-12.72238
-12.68086
-12.63934
-12.59783
-12.55631
-12.51479
-12.47327
-12.43175
-12.39023
-12.34871
-12.30720
-12.26568
-12.22416
-12.18264
-12.14112
-12.09960
-12.05808
-12.01656
-11.97505
-11.93353
-11.93353
-11.93353
-11.93353
-11.93353
-11.93353
-11.93353
-11.93353
-11.93353
-11.93353
-11.93353
-11.93353
-11.93353
-11.93353
-11.93353
-11.93353
-11.93353
-11.93353
-11.93353
-11.93353
-11.93353
-11.93353
-11.93353
-11.93353
-11.93353
-11.93353
-11.93353
-11.93353
-11.93353
-11.93353
-11.93353
-11.93353
-11.93353
-11.93353
-11.93353
-11.93353
-11.93353
-11.93353
-11.93353
-11.93353
-11.93353
-11.93353
-11.93353
-11.93353
-11.93353
-11.93353
-11.93353
-11.93353
-11.93353
-11.93353
-11.93353
-11.93353
-11.93353
-11.93353
-11.93353
-11.93353
-11.93353
-11.93353
-11.93353
-11.93353
-11.93353
-11.93353
-11.93353
-11.93353
-11.93353
-11.93353
-11.93353
-11.93353
-11.93353
-11.93353
-11.93353
-11.93353
-11.93353
-11.89658
-11.85963
-11.82268
-11.78573
-11.73574
-11.68574
-11.63574
-11.58574
-11.53574
-11.48574
-11.43574
-11.38574
-11.33574
-11.28574
-11.23574
-11.18573
-11.13574
-11.08574
-11.03574
-10.98574
-10.93574
-10.88574
-10.83574
-10.78574
-10.73574
-10.68574
-10.63574
-10.58574
-10.53574
-10.48574
-10.43574
-10.38574
-10.33574
-10.28574
-10.23574
-10.18573
-10.13574
-10.08574
-10.03574
-9.98574
-9.93574
-9.88574
-9.83574
-9.78574
-9.73574
-9.68574
-9.63574
-9.58574
-9.53574
-9.48574
-9.43574
-9.38574
-9.33574
-9.28574
-9.23574
-9.18573
-9.13574
-9.08574
-9.03574
-8.98574
-8.93574
-8.88574
-8.83574
-8.78574
-8.73574
-8.68574
-8.63574
-8.58574
-8.53574
-8.48574
-8.43574
-8.38574
-8.33574
-8.28574
-8.23574
-8.18574
-8.13513
-8.08452
-8.03391
-7.98330
-7.93101
-7.87871
-7.82642
-7.77412
-7.72091
-7.66771
-7.61450
-7.56129
-7.48902
-7.41674
-7.34447
-7.27220
-7.20974
-7.14728
-7.08483
-7.02237
-6.97080
-6.91923
-6.86767
-6.81610
-6.76590
-6.71570
-6.66550
-6.61530
-6.56452
-6.51374
-6.46296
-6.41218
-6.36145
-6.31073
-6.26000
-6.20927
-6.15737
-6.10546
-6.05356
-6.00165
-5.94936
-5.89707
-5.84478
-5.79249
-5.74146
-5.69044
-5.63942
-5.58840
-5.53840
-5.48840
-5.43841
-5.38841
-5.33842
-5.28843
-5.23844
-5.18845
-5.13850
-5.08855
-5.03859
-4.98864
-4.93867
-4.88871
-4.83874
-4.78877
-4.73882
-4.68888
-4.63893
-4.58898
-4.53901
-4.48904
-4.43907
-4.38911
-4.33918
-4.28925
-4.23932
-4.18940
-4.13945
-4.08951
-4.03957
-3.98963
-3.93972
-3.88982
-3.83992
-3.79002
-3.74011
-3.69020
-3.64030
-3.59039
-3.54052
-3.49065
-3.44078
-3.39091
-3.34106
-3.29121
-3.24136
-3.19151
-3.14168
-3.09186
-3.04203
-2.99221
-2.94247
-2.89273
-2.84299
-2.79325
-2.74370
-2.69415
-2.64460
-2.59505
-2.54548
-2.49590
-2.44632
-2.39675
-2.34724
-2.29773
-2.24823
-2.19872
-2.14964
-2.10056
-2.05149
-2.00241
-1.95307
-1.90373
-1.85439
-1.80506
-1.75650
-1.70795
-1.65940
-1.61084
-1.56196
-1.51308
-1.46420
-1.41532
-17.86328
-17.82129
-17.77929
-17.73730
-17.69531
-17.65332
-17.61133
-17.56933
-17.52734
-17.48535
-17.44336
-17.40137
-17.35937
-17.31738
-17.27539
-17.23340
-17.19141
-17.14941
-17.10742
-17.06543
-17.02344
-16.98145
-16.93945
-16.89746
-16.85547
-16.81348
-16.77149
-16.72949
-16.68750
-16.64551
-16.60352
-16.56153
-16.51953
-16.47754
-16.43555
-16.39356
-16.35157
-16.30957
-16.26758
-16.22559
-16.18360
-16.14161
-16.09961
-16.05762
-16.01563
-15.97364
-15.93165
-15.88965
-15.84766
-15.80567
-15.76368
-15.72169
-15.67969
-15.63770
-15.59571
-15.55372
-15.51173
-15.46973
-15.42774
-15.38575
-15.34376
-15.30177
-15.25977
-15.21778
-15.17579
-15.13380
-15.09181
-15.04981
-15.00782
-14.96583
-14.92384
-14.88185
-14.83985
-14.79786
-14.75587
-14.71388
-14.67188
-14.62989
-14.58790
-14.54591
-14.50392
-14.46192
-14.41993
-14.37794
-14.33595
-14.29396
-14.25196
-14.20997
-14.16798
-14.12599
-14.08400
-14.04200
-14.00001
-13.95802
-13.91603
-13.87404
-13.83204
-13.79005
-13.74806
-13.70607
-13.66408
-13.62208
-13.58009
-13.53810
-13.49611
-13.45412
-13.41212
-13.37013
-13.32814
-13.28615
-13.24416
-13.20216
-13.16017
-13.11818
-13.07619
-13.03420
-12.99220
-12.95021
-12.90822
-12.86623
-12.82424
-12.78224
-12.74025
-12.69826
-12.65627
-12.61428
-12.57228
-12.53029
-12.48830
-12.44631
-12.40432
-12.36232
-12.32033
-12.27834
-12.23635
-12.19436
-12.15236
-12.11037
-12.06838
-12.02639
-11.98440
-11.98440
-11.98440
-11.98440
-11.98440
-11.98440
-11.98440
-11.98440
-11.98440
-11.98440
-11.98440
-11.98440
-11.98440
-11.98440
-11.98440
-11.98440
-11.98440
-11.98440
-11.98440
-11.98440
-11.98440
-11.98440
-11.98440
-11.98440
-11.98440
-11.98440
-11.98440
-11.98440
-11.98440
-11.98440
-11.98440
-11.98440
-11.98440
-11.98440
-11.98440
-11.98440
-11.98440
-11.98440
-11.98440
-11.98440
-11.98440
-11.98440
-11.98440
-11.98440
-11.98440
-11.98440
-11.98440
-11.98440
-11.98440
-11.98440
-11.98440
-11.98440
-11.98440
-11.98440
-11.98440
-11.98440
-11.98440
-11.98440
-11.98440
-11.98440
-11.98440
-11.98440
-11.98440
-11.98440
-11.98440
-11.98440
-11.98440
-11.98440
-11.98440
-11.98440
-11.98440
-11.98440
-11.98440
-11.95682
-11.92924
-11.90167
-11.87409
-11.82409
-11.77409
-11.72409
-11.67409
-11.62409
-11.57409
-11.52409
-11.47409
-11.42409
-11.37409
-11.32409
-11.27409
-11.22409
-11.17409
-11.12409
-11.07409
-11.02409
-10.97409
-10.92409
-10.87409
-10.82409
-10.77409
-10.72409
-10.67409
-10.62409
-10.57409
-10.52409
-10.47409
-10.42409
-10.37409
-10.32409
-10.27409
-10.22409
-10.17409
-10.12409
-10.07409
-10.02409
-9.97409
-9.92409
-9.87409
-9.82409
-9.77409
-9.72409
-9.67409
-9.62409
-9.57409
-9.52409
-9.47409
-9.42409
-9.37409
-9.32409
-9.27409
-9.22409
-9.17409
-9.12409
-9.07409
-9.02409
-8.97409
-8.92409
-8.87409
-8.82409
-8.77409
-8.72409
-8.67409
-8.62409
-8.57409
-8.52409
-8.47409
-8.42409
-8.37409
-8.32409
-8.27409
-8.22396
-8.17383
-8.12370
-8.07357
-8.02148
-7.96939
-7.91729
-7.86520
-7.81384
-7.76248
-7.71112
-7.65976
-7.59089
-7.52202
-7.45315
-7.38429
-7.32161
-7.25893
-7.19625
-7.13357
-7.08054
-7.02751
-6.97447
-6.92144
-6.87128
-6.82112
-6.77096
-6.72080
-6.67018
-6.61956
-6.56893
-6.51831
-6.46748
-6.41664
-6.36581
-6.31498
-6.26346
-6.21195
-6.16043
-6.10892
-6.05635
-6.00379
-5.95122
-5.89866
-5.84726
-5.79587
-5.74447
-5.69308
-5.64309
-5.59311
-5.54313
-5.49314
-5.44315
-5.39316
-5.34318
-5.29319
-5.24324
-5.19329
-5.14334
-5.09339
-5.04343
-4.99346
-4.94350
-4.89353
-4.84359
-4.79364
-4.74369
-4.69374
-4.64378
-4.59381
-4.54385
-4.49388
-4.44395
-4.39403
-4.34410
-4.29417
-4.24424
-4.19431
-4.14437
-4.09444
-4.04454
-3.99463
-3.94473
-3.89482
-3.84494
-3.79506
-3.74518
-3.69530
-3.64543
-3.59555
-3.54567
-3.49579
-3.44597
-3.39615
-3.34633
-3.29651
-3.24665
-3.19680
-3.14694
-3.09709
-3.04736
-2.99764
-2.94791
-2.89819
-2.84861
-2.79903
-2.74945
-2.69987
-2.65026
-2.60065
-2.55105
-2.50144
-2.45193
-2.40241
-2.35290
-2.30338
-2.25416
-2.20494
-2.15572
-2.10650
-2.05714
-2.00779
-1.95843
-1.90907
-1.86016
-1.81126
-1.76235
-1.71344
-1.66446
-1.61547
-1.56648
-1.51750
-18.04459
-18.00166
-17.95874
-17.91581
-17.87289
-17.82997
-17.78704
-17.74412
-17.70119
-17.65827
-17.61535
-17.57242
-17.52950
-17.48657
-17.44365
-17.40073
-17.35780
-17.31488
-17.27195
-17.22903
-17.18611
-17.14318
-17.10026
-17.05733
-17.01441
-16.97149
-16.92856
-16.88564
-16.84271
-16.79979
-16.75687
-16.71394
-16.67102
-16.62810
-16.58517
-16.54225
-16.49932
-16.45640
-16.41348
-16.37055
-16.32763
-16.28470
-16.24178
-16.19886
-16.15593
-16.11301
-16.07008
-16.02716
-15.98424
-15.94131
-15.89839
-15.85546
-15.81254
-15.76962
-15.72669
-15.68377
-15.64084
-15.59792
-15.55500
-15.51207
-15.46915
-15.42622
-15.38330
-15.34038
-15.29745
-15.25453
-15.21161
-15.16868
-15.12576
-15.08283
-15.03991
-14.99699
-14.95406
-14.91114
-14.86821
-14.82529
-14.78237
-14.73944
-14.69652
-14.65359
-14.61067
-14.56775
-14.52482
-14.48190
-14.43897
-14.39605
-14.35313
-14.31020
-14.26728
-14.22435
-14.18143
-14.13851
-14.09558
-14.05266
-14.00973
-13.96681
-13.92389
-13.88096
-13.83804
-13.79511
-13.75219
-13.70927
-13.66634
-13.62342
-13.58050
-13.53757
-13.49465
-13.45172
-13.40880
-13.36588
-13.32295
-13.28003
-13.23710
-13.19418
-13.15126
-13.10833
-13.06541
-13.02248
-12.97956
-12.93664
-12.89371
-12.85079
-12.80786
-12.76494
-12.72202
-12.67909
-12.63617
-12.59324
-12.55032
-12.50740
-12.46447
-12.42155
-12.37862
-12.33570
-12.29278
-12.24985
-12.20693
-12.16401
-12.12108
-12.07816
-12.03523
-12.03523
-12.03523
-12.03523
-12.03523
-12.03523
-12.03523
-12.03523
-12.03523
-12.03523
-12.03523
-12.03523
-12.03523
-12.03523
-12.03523
-12.03523
-12.03523
-12.03523
-12.03523
-12.03523
-12.03523
-12.03523
-12.03523
-12.03523
-12.03523
-12.03523
-12.03523
-12.03523
-12.03523
-12.03523
-12.03523
-12.03523
-12.03523
-12.03523
-12.03523
-12.03523
-12.03523
-12.03523
-12.03523
-12.03523
-12.03523
-12.03523
-12.03523
-12.03523
-12.03523
-12.03523
-12.03523
-12.03523
-12.03523
-12.03523
-12.03523
-12.03523
-12.03523
-12.03523
-12.03523
-12.03523
-12.03523
-12.03523
-12.03523
-12.03523
-12.03523
-12.03523
-12.03523
-12.03523
-12.03523
-12.03523
-12.03523
-12.03523
-12.03523
-12.03523
-12.03523
-12.03523
-12.03523
-12.01703
-11.99883
-11.98063
-11.96243
-11.91243
-11.86243
-11.81242
-11.76242
-11.71242
-11.66243
-11.61243
-11.56243
-11.51243
-11.46243
-11.41243
-11.36243
-11.31243
-11.26243
-11.21243
-11.16244
-11.11243
-11.06243
-11.01243
-10.96243
-10.91243
-10.86243
-10.81242
-10.76242
-10.71242
-10.66243
-10.61243
-10.56243
-10.51243
-10.46243
-10.41243
-10.36243
-10.31243
-10.26243
-10.21243
-10.16244
-10.11243
-10.06243
-10.01243
-9.96243
-9.91243
-9.86243
-9.81242
-9.76242
-9.71242
-9.66243
-9.61243
-9.56243
-9.51243
-9.46243
-9.41243
-9.36243
-9.31243
-9.26243
-9.21243
-9.16244
-9.11243
-9.06243
-9.01243
-8.96243
-8.91243
-8.86243
-8.81242
-8.76242
-8.71242
-8.66243
-8.61243
-8.56243
-8.51243
-8.46243
-8.41243
-8.36243
-8.31243
-8.26243
-8.21243
-8.16244
-8.11164
-8.06085
-8.01005
-7.95926
-7.90871
-7.85816
-7.80761
-7.75706
-7.69250
-7.62795
-7.56340
-7.49884
-7.43533
-7.37182
-7.30832
-7.24481
-7.19017
-7.13553
-7.08089
-7.02625
-6.97613
-6.92601
-6.87589
-6.82577
-6.77531
-6.72486
-6.67440
-6.62395
-6.57298
-6.52202
-6.47106
-6.42009
-6.36909
-6.31808
-6.26707
-6.21607
-6.16345
-6.11084
-6.05822
-6.00561
-5.95402
-5.90244
-5.85085
-5.79926
-5.74912
-5.69898
-5.64884
-5.59869
-5.54865
-5.49860
-5.44855
-5.39850
-5.34851
-5.29853
-5.24855
-5.19856
-5.14858
-5.09860
-5.04863
-4.99865
-4.94869
-4.89873
-4.84877
-4.79882
-4.74885
-4.69889
-4.64893
-4.59897
-4.54902
-4.49908
-4.44914
-4.39920
-4.34926
-4.29933
-4.24940
-4.19947
-4.14954
-4.09961
-4.04968
-3.99976
-3.94987
-3.89998
-3.85009
-3.80021
-3.75029
-3.70038
-3.65046
-3.60055
-3.55072
-3.50088
-3.45105
-3.40122
-3.35133
-3.30144
-3.25154
-3.20165
-3.15189
-3.10212
-3.05235
-3.00258
-2.95299
-2.90340
-2.85381
-2.80422
-2.75453
-2.70484
-2.65514
-2.60545
-2.55593
-2.50641
-2.45689
-2.40736
-2.35801
-2.30866
-2.25931
-2.20995
-2.16057
-2.11119
-2.06181
-2.01243
-1.96319
-1.91394
-1.86470
-1.81545
-1.76650
-1.71754
-1.66858
-1.61963
-18.02324
-17.98083
-17.93842
-17.89601
-17.85360
-17.81119
-17.76879
-17.72638
-17.68397
-17.64156
-17.59915
-17.55674
-17.51434
-17.47193
-17.42952
-17.38711
-17.34470
-17.30229
-17.25989
-17.21748
-17.17507
-17.13266
-17.09025
-17.04784
-17.00544
-16.96303
-16.92062
-16.87821
-16.83580
-16.79339
-16.75098
-16.70858
-16.66617
-16.62376
-16.58135
-16.53894
-16.49653
-16.45413
-16.41172
-16.36931
-16.32690
-16.28449
-16.24208
-16.19968
-16.15727
-16.11486
-16.07245
-16.03004
-15.98763
-15.94523
-15.90282
-15.86041
-15.81800
-15.77559
-15.73318
-15.69078
-15.64837
-15.60596
-15.56355
-15.52114
-15.47873
-15.43632
-15.39392
-15.35151
-15.30910
-15.26669
-15.22428
-15.18187
-15.13947
-15.09706
-15.05465
-15.01224
-14.96983
-14.92742
-14.88502
-14.84261
-14.80020
-14.75779
-14.71538
-14.67297
-14.63057
-14.58816
-14.54575
-14.50334
-14.46093
-14.41852
-14.37611
-14.33371
-14.29130
-14.24889
-14.20648
-14.16407
-14.12166
-14.07926
-14.03685
-13.99444
-13.95203
-13.90962
-13.86721
-13.82481
-13.78240
-13.73999
-13.69758
-13.65517
-13.61276
-13.57036
-13.52795
-13.48554
-13.44313
-13.40072
-13.35831
-13.31591
-13.27350
-13.23109
-13.18868
-13.14627
-13.10386
-13.06145
-13.01905
-12.97664
-12.93423
-12.89182
-12.84941
-12.80700
-12.76460
-12.72219
-12.67978
-12.63737
-12.59496
-12.55255
-12.51015
-12.46774
-12.42533
-12.38292
-12.34051
-12.29810
-12.25570
-12.21329
-12.17088
-12.12847
-12.08606
-12.08606
-12.08606
-12.08606
-12.08606
-12.08606
-12.08606
-12.08606
-12.08606
-12.08606
-12.08606
-12.08606
-12.08606
-12.08606
-12.08606
-12.08606
-12.08606
-12.08606
-12.08606
-12.08606
-12.08606
-12.08606
-12.08606
-12.08606
-12.08606
-12.08606
-12.08606
-12.08606
-12.08606
-12.08606
-12.08606
-12.08606
-12.08606
-12.08606
-12.08606
-12.08606
-12.08606
-12.08606
-12.08606
-12.08606
-12.08606
-12.08606
-12.08606
-12.08606
-12.08606
-12.08606
-12.08606
-12.08606
-12.08606
-12.08606
-12.08606
-12.08606
-12.08606
-12.08606
-12.08606
-12.08606
-12.08606
-12.08606
-12.08606
-12.08606
-12.08606
-12.08606
-12.08606
-12.08606
-12.08606
-12.08606
-12.08606
-12.08606
-12.08606
-12.08606
-12.08606
-12.08606
-12.08606
-12.07724
-12.06841
-12.05958
-12.05075
-12.00075
-11.95075
-11.90075
-11.85075
-11.80075
-11.75075
-11.70076
-11.65076
-11.60076
-11.55076
-11.50076
-11.45076
-11.40076
-11.35076
-11.30076
-11.25076
-11.20076
-11.15076
-11.10076
-11.05076
-11.00075
-10.95075
-10.90075
-10.85075
-10.80075
-10.75075
-10.70076
-10.65076
-10.60076
-10.55076
-10.50076
-10.45076
-10.40076
-10.35076
-10.30076
-10.25076
-10.20076
-10.15076
-10.10076
-10.05076
-10.00075
-9.95075
-9.90075
-9.85075
-9.80075
-9.75075
-9.70076
-9.65076
-9.60076
-9.55076
-9.50076
-9.45076
-9.40076
-9.35076
-9.30076
-9.25076
-9.20076
-9.15076
-9.10076
-9.05076
-9.00075
-8.95075
-8.90075
-8.85075
-8.80075
-8.75075
-8.70076
-8.65076
-8.60076
-8.55076
-8.50076
-8.45076
-8.40076
-8.35076
-8.30076
-8.25076
-8.20076
-8.15076
-8.10076
-8.05076
-8.00075
-7.95075
-7.90075
-7.85075
-7.79060
-7.73045
-7.67030
-7.61015
-7.54606
-7.48197
-7.41788
-7.35379
-7.29761
-7.24142
-7.18524
-7.12905
-7.07887
-7.02868
-6.97850
-6.92831
-6.87805
-6.82779
-6.77753
-6.72727
-6.67622
-6.62517
-6.57412
-6.52307
-6.47237
-6.42168
-6.37098
-6.32028
-6.26784
-6.21540
-6.16296
-6.11051
-6.05889
-6.00727
-5.95565
-5.90403
-5.85363
-5.80323
-5.75284
-5.70244
-5.65233
-5.60222
-5.55212
-5.50201
-5.45200
-5.40200
-5.35200
-5.30200
-5.25203
-5.20206
-5.15209
-5.10212
-5.05215
-5.00218
-4.95221
-4.90224
-4.85226
-4.80228
-4.75230
-4.70232
-4.65236
-4.60239
-4.55242
-4.50246
-4.45251
-4.40256
-4.35261
-4.30266
-4.25270
-4.20274
-4.15279
-4.10283
-4.05292
-4.00302
-3.95312
-3.90322
-3.85328
-3.80334
-3.75340
-3.70347
-3.65361
-3.60376
-3.55391
-3.50406
-3.45416
-3.40426
-3.35436
-3.30446
-3.25466
-3.20485
-3.15505
-3.10524
-3.05545
-3.00566
-2.95587
-2.90609
-2.85654
-2.80700
-2.75746
-2.70791
-2.65840
-2.60889
-2.55938
-2.50987
-2.46023
-2.41058
-2.36094
-2.31130
-2.26191
-2.21252
-2.16313
-2.11374
-2.06452
-2.01530
-1.96607
-1.91685
-1.86765
-1.81845
-1.76925
-1.72005
-17.90618
-17.86497
-17.82376
-17.78255
-17.74134
-17.70013
-17.65892
-17.61771
-17.57650
-17.53529
-17.49408
-17.45287
-17.41166
-17.37045
-17.32925
-17.28804
-17.24683
-17.20562
-17.16441
-17.12320
-17.08199
-17.04078
-16.99957
-16.95836
-16.91715
-16.87594
-16.83473
-16.79352
-16.75232
-16.71111
-16.66990
-16.62869
-16.58748
-16.54627
-16.50506
-16.46385
-16.42264
-16.38143
-16.34022
-16.29901
-16.25780
-16.21659
-16.17538
-16.13418
-16.09297
-16.05176
-16.01055
-15.96934
-15.92813
-15.88692
-15.84571
-15.80450
-15.76329
-15.72208
-15.68087
-15.63966
-15.59845
-15.55724
-15.51604
-15.47483
-15.43362
-15.39241
-15.35120
-15.30999
-15.26878
-15.22757
-15.18636
-15.14515
-15.10394
-15.06273
-15.02152
-14.98031
-14.93911
-14.89790
-14.85669
-14.81548
-14.77427
-14.73306
-14.69185
-14.65064
-14.60943
-14.56822
-14.52701
-14.48580
-14.44459
-14.40338
-14.36217
-14.32097
-14.27976
-14.23855
-14.19734
-14.15613
-14.11492
-14.07371
-14.03250
-13.99129
-13.95008
-13.90887
-13.86766
-13.82645
-13.78524
-13.74403
-13.70283
-13.66162
-13.62041
-13.57920
-13.53799
-13.49678
-13.45557
-13.41436
-13.37315
-13.33194
-13.29073
-13.24952
-13.20831
-13.16710
-13.12590
-13.08469
-13.04348
-13.00227
-12.96106
-12.91985
-12.87864
-12.83743
-12.79622
-12.75501
-12.71380
-12.67259
-12.63138
-12.59017
-12.54896
-12.50776
-12.46655
-12.42534
-12.38413
-12.34292
-12.30171
-12.26050
-12.21929
-12.17808
-12.13687
-12.13687
-12.13687
-12.13687
-12.13687
-12.13687
-12.13687
-12.13687
-12.13687
-12.13687
-12.13687
-12.13687
-12.13687
-12.13687
-12.13687
-12.13687
-12.13687
-12.13687
-12.13687
-12.13687
-12.13687
-12.13687
-12.13687
-12.13687
-12.13687
-12.13687
-12.13687
-12.13687
-12.13687
-12.13687
-12.13687
-12.13687
-12.13687
-12.13687
-12.13687
-12.13687
-12.13687
-12.13687
-12.13687
-12.13687
-12.13687
-12.13687
-12.13687
-12.13687
-12.13687
-12.13687
-12.13687
-12.13687
-12.13687
-12.13687
-12.13687
-12.13687
-12.13687
-12.13687
-12.13687
-12.13687
-12.13687
-12.13687
-12.13687
-12.13687
-12.13687
-12.13687
-12.13687
-12.13687
-12.13687
-12.13687
-12.13687
-12.13687
-12.13687
-12.13687
-12.13687
-12.13687
-12.13687
-12.13362
-12.13036
-12.12711
-12.12386
-12.07766
-12.03146
-11.98526
-11.93906
-11.88906
-11.83906
-11.78906
-11.73906
-11.68906
-11.63906
-11.58906
-11.53906
-11.48906
-11.43907
-11.38907
-11.33907
-11.28907
-11.23907
-11.18907
-11.13907
-11.08907
-11.03906
-10.98906
-10.93906
-10.88906
-10.83906
-10.78906
-10.73906
-10.68906
-10.63906
-10.58906
-10.53906
-10.48906
-10.43907
-10.38907
-10.33907
-10.28907
-10.23907
-10.18907
-10.13907
-10.08907
-10.03906
-9.98906
-9.93906
-9.88906
-9.83906
-9.78906
-9.73906
-9.68906
-9.63906
-9.58906
-9.53906
-9.48906
-9.43907
-9.38907
-9.33907
-9.28907
-9.23907
-9.18907
-9.13907
-9.08907
-9.03906
-8.98906
-8.93906
-8.88906
-8.83906
-8.78906
-8.73906
-8.68906
-8.63906
-8.58906
-8.53906
-8.48907
-8.43907
-8.38907
-8.33907
-8.28907
-8.23907
-8.18907
-8.13907
-8.08907
-8.03906
-7.98906
-7.93906
-7.88477
-7.83048
-7.77619
-7.72189
-7.66494
-7.60799
-7.55104
-7.49409
-7.44081
-7.38753
-7.33426
-7.28098
-7.22301
-7.16504
-7.10706
-7.04909
-6.99437
-6.93965
-6.88494
-6.83022
-6.77893
-6.72764
-6.67635
-6.62506
-6.57462
-6.52419
-6.47375
-6.42332
-6.37104
-6.31876
-6.26648
-6.21419
-6.16222
-6.11025
-6.05827
-6.00630
-5.95560
-5.90491
-5.85422
-5.80352
-5.75342
-5.70331
-5.65320
-5.60309
-5.55306
-5.50303
-5.45301
-5.40298
-5.35300
-5.30303
-5.25305
-5.20308
-5.15310
-5.10312
-5.05314
-5.00316
-4.95318
-4.90321
-4.85323
-4.80326
-4.75328
-4.70330
-4.65332
-4.60334
-4.55339
-4.50344
-4.45349
-4.40354
-4.35357
-4.30361
-4.25364
-4.20367
-4.15376
-4.10384
-4.05392
-4.00400
-3.95406
-3.90412
-3.85418
-3.80424
-3.75436
-3.70447
-3.65459
-3.60470
-3.55479
-3.50489
-3.45498
-3.40508
-3.35523
-3.30539
-3.25554
-3.20570
-3.15585
-3.10601
-3.05616
-3.00631
-2.95677
-2.90723
-2.85769
-2.80814
-2.75849
-2.70883
-2.65917
-2.60952
-2.55988
-2.51025
-2.46062
-2.41099
-2.36159
-2.31218
-2.26278
-2.21338
-2.16399
-2.11459
-2.06520
-2.01580
-1.96663
-1.91745
-1.86827
-1.81910
-17.93086
-17.88984
-17.84882
-17.80779
-17.76677
-17.72575
-17.68473
-17.64370
-17.60268
-17.56166
-17.52063
-17.47961
-17.43859
-17.39757
-17.35654
-17.31552
-17.27450
-17.23347
-17.19245
-17.15143
-17.11041
-17.06938
-17.02836
-16.98734
-16.94632
-16.90529
-16.86427
-16.82325
-16.78222
-16.74120
-16.70018
-16.65916
-16.61813
-16.57711
-16.53609
-16.49506
-16.45404
-16.41302
-16.37200
-16.33097
-16.28995
-16.24893
-16.20790
-16.16688
-16.12586
-16.08484
-16.04381
-16.00279
-15.96177
-15.92074
-15.87972
-15.83870
-15.79768
-15.75665
-15.71563
-15.67461
-15.63359
-15.59256
-15.55154
-15.51052
-15.46949
-15.42847
-15.38745
-15.34643
-15.30540
-15.26438
-15.22336
-15.18233
-15.14131
-15.10029
-15.05927
-15.01824
-14.97722
-14.93620
-14.89517
-14.85415
-14.81313
-14.77211
-14.73108
-14.69006
-14.64904
-14.60801
-14.56699
-14.52597
-14.48495
-14.44392
-14.40290
-14.36188
-14.32086
-14.27983
-14.23881
-14.19779
-14.15676
-14.11574
-14.07472
-14.03370
-13.99267
-13.95165
-13.91063
-13.86960
-13.82858
-13.78756
-13.74654
-13.70551
-13.66449
-13.62347
-13.58244
-13.54142
-13.50040
-13.45938
-13.41835
-13.37733
-13.33631
-13.29528
-13.25426
-13.21324
-13.17222
-13.13119
-13.09017
-13.04915
-13.00813
-12.96710
-12.92608
-12.88506
-12.84403
-12.80301
-12.76199
-12.72097
-12.67994
-12.63892
-12.59790
-12.55687
-12.51585
-12.47483
-12.43381
-12.39278
-12.35176
-12.31074
-12.26971
-12.22869
-12.18767
-12.18767
-12.18767
-12.18767
-12.18767
-12.18767
-12.18767
-12.18767
-12.18767
-12.18767
-12.18767
-12.18767
-12.18767
-12.18767
-12.18767
-12.18767
-12.18767
-12.18767
-12.18767
-12.18767
-12.18767
-12.18767
-12.18767
-12.18767
-12.18767
-12.18767
-12.18767
-12.18767
-12.18767
-12.18767
-12.18767
-12.18767
-12.18767
-12.18767
-12.18767
-12.18767
-12.18767
-12.18767
-12.18767
-12.18767
-12.18767
-12.18767
-12.18767
-12.18767
-12.18767
-12.18767
-12.18767
-12.18767
-12.18767
-12.18767
-12.18767
-12.18767
-12.18767
-12.18767
-12.18767
-12.18767
-12.18767
-12.18767
-12.18767
-12.18767
-12.18767
-12.18767
-12.18767
-12.18767
-12.18767
-12.18767
-12.18767
-12.18767
-12.18767
-12.18767
-12.18767
-12.18767
-12.18767
-12.18767
-12.18767
-12.18767
-12.18767
-12.14759
-12.10752
-12.06744
-12.02736
-11.97736
-11.92736
-11.87736
-11.82736
-11.77736
-11.72736
-11.67736
-11.62736
-11.57736
-11.52736
-11.47736
-11.42736
-11.37736
-11.32736
-11.27737
-11.22737
-11.17736
-11.12736
-11.07736
-11.02736
-10.97736
-10.92736
-10.87736
-10.82736
-10.77736
-10.72736
-10.67736
-10.62736
-10.57736
-10.52736
-10.47736
-10.42736
-10.37736
-10.32736
-10.27737
-10.22737
-10.17736
-10.12736
-10.07736
-10.02736
-9.97736
-9.92736
-9.87736
-9.82736
-9.77736
-9.72736
-9.67736
-9.62736
-9.57736
-9.52736
-9.47736
-9.42736
-9.37736
-9.32736
-9.27737
-9.22737
-9.17736
-9.12736
-9.07736
-9.02736
-8.97736
-8.92736
-8.87736
-8.82736
-8.77736
-8.72736
-8.67736
-8.62736
-8.57737
-8.52737
-8.47737
-8.42737
-8.37737
-8.32737
-8.27737
-8.22737
-8.17736
-8.12736
-8.07736
-8.02736
-7.97715
-7.92693
-7.87672
-7.82650
-7.77539
-7.72429
-7.67318
-7.62207
-7.57138
-7.52069
-7.47000
-7.41931
-7.35608
-7.29285
-7.22962
-7.16640
-7.10799
-7.04958
-6.99117
-6.93277
-6.88096
-6.82916
-6.77736
-6.72555
-6.67530
-6.62505
-6.57480
-6.52455
-6.47256
-6.42058
-6.36859
-6.31661
-6.26431
-6.21202
-6.15973
-6.10743
-6.05645
-6.00546
-5.95448
-5.90349
-5.85337
-5.80326
-5.75314
-5.70302
-5.65297
-5.60292
-5.55287
-5.50282
-5.45284
-5.40286
-5.35287
-5.30289
-5.25290
-5.20292
-5.15293
-5.10294
-5.05297
-5.00301
-4.95304
-4.90307
-4.85309
-4.80311
-4.75313
-4.70314
-4.65319
-4.60324
-4.55329
-4.50334
-4.45337
-4.40341
-4.35344
-4.30348
-4.25355
-4.20362
-4.15369
-4.10376
-4.05382
-4.00388
-3.95394
-3.90400
-3.85408
-3.80416
-3.75425
-3.70433
-3.65442
-3.60451
-3.55460
-3.50469
-3.45480
-3.40492
-3.35503
-3.30515
-3.25529
-3.20544
-3.15558
-3.10572
-3.05610
-3.00649
-2.95687
-2.90725
-2.85750
-2.80776
-2.75802
-2.70827
-2.65870
-2.60912
-2.55954
-2.50996
-2.46051
-2.41105
-2.36159
-2.31213
-2.26258
-2.21303
-2.16348
-2.11393
-2.06479
-2.01565
-1.96651
-1.91737
-18.23571
-18.19287
-18.15003
-18.10720
-18.06436
-18.02152
-17.97868
-17.93585
-17.89301
-17.85017
-17.80733
-17.76450
-17.72166
-17.67882
-17.63598
-17.59315
-17.55031
-17.50747
-17.46463
-17.42180
-17.37896
-17.33612
-17.29328
-17.25045
-17.20761
-17.16477
-17.12193
-17.07909
-17.03626
-16.99342
-16.95058
-16.90774
-16.86491
-16.82207
-16.77923
-16.73639
-16.69356
-16.65072
-16.60788
-16.56504
-16.52221
-16.47937
-16.43653
-16.39369
-16.35086
-16.30802
-16.26518
-16.22234
-16.17951
-16.13667
-16.09383
-16.05099
-16.00816
-15.96532
-15.92248
-15.87964
-15.83680
-15.79397
-15.75113
-15.70829
-15.66545
-15.62262
-15.57978
-15.53694
-15.49410
-15.45127
-15.40843
-15.36559
-15.32275
-15.27992
-15.23708
-15.19424
-15.15140
-15.10857
-15.06573
-15.02289
-14.98005
-14.93722
-14.89438
-14.85154
-14.80870
-14.76587
-14.72303
-14.68019
-14.63735
-14.59452
-14.55168
-14.50884
-14.46600
-14.42316
-14.38033
-14.33749
-14.29465
-14.25181
-14.20898
-14.16614
-14.12330
-14.08046
-14.03763
-13.99479
-13.95195
-13.90911
-13.86628
-13.82344
-13.78060
-13.73776
-13.69493
-13.65209
-13.60925
-13.56641
-13.52358
-13.48074
-13.43790
-13.39506
-13.35223
-13.30939
-13.26655
-13.22371
-13.18088
-13.13804
-13.09520
-13.05236
-13.00952
-12.96669
-12.92385
-12.88101
-12.83817
-12.79534
-12.75250
-12.70966
-12.66682
-12.62399
-12.58115
-12.53831
-12.49547
-12.45264
-12.40980
-12.36696
-12.32412
-12.28129
-12.23845
-12.23845
-12.23845
-12.23845
-12.23845
-12.23845
-12.23845
-12.23845
-12.23845
-12.23845
-12.23845
-12.23845
-12.23845
-12.23845
-12.23845
-12.23845
-12.23845
-12.23845
-12.23845
-12.23845
-12.23845
-12.23845
-12.23845
-12.23845
-12.23845
-12.23845
-12.23845
-12.23845
-12.23845
-12.23845
-12.23845
-12.23845
-12.23845
-12.23845
-12.23845
-12.23845
-12.23845
-12.23845
-12.23845
-12.23845
-12.23845
-12.23845
-12.23845
-12.23845
-12.23845
-12.23845
-12.23845
-12.23845
-12.23845
-12.23845
-12.23845
-12.23845
-12.23845
-12.23845
-12.23845
-12.23845
-12.23845
-12.23845
-12.23845
-12.23845
-12.23845
-12.23845
-12.23845
-12.23845
-12.23845
-12.23845
-12.23845
-12.23845
-12.23845
-12.23845
-12.23845
-12.23845
-12.23845
-12.23845
-12.23845
-12.23845
-12.23845
-12.20775
-12.17705
-12.14634
-12.11564
-12.06564
-12.01564
-11.96564
-11.91564
-11.86564
-11.81565
-11.76565
-11.71565
-11.66565
-11.61565
-11.56564
-11.51564
-11.46564
-11.41564
-11.36564
-11.31564
-11.26564
-11.21564
-11.16564
-11.11564
-11.06564
-11.01564
-10.96564
-10.91564
-10.86564
-10.81565
-10.76565
-10.71565
-10.66565
-10.61565
-10.56564
-10.51564
-10.46564
-10.41564
-10.36564
-10.31564
-10.26564
-10.21564
-10.16564
-10.11564
-10.06564
-10.01564
-9.96564
-9.91564
-9.86564
-9.81565
-9.76565
-9.71565
-9.66565
-9.61565
-9.56564
-9.51564
-9.46564
-9.41564
-9.36564
-9.31564
-9.26564
-9.21564
-9.16564
-9.11564
-9.06564
-9.01564
-8.96564
-8.91564
-8.86564
-8.81565
-8.76565
-8.71565
-8.66565
-8.61565
-8.56565
-8.51565
-8.46565
-8.41565
-8.36565
-8.31564
-8.26564
-8.21564
-8.16564
-8.11564
-8.06552
-8.01540
-7.96527
-7.91515
-7.86451
-7.81388
-7.76324
-7.71261
-7.66221
-7.61181
-7.56142
-7.51102
-7.45061
-7.39021
-7.32980
-7.26939
-7.21062
-7.15185
-7.09308
-7.03430
-6.98148
-6.92866
-6.87583
-6.82301
-6.77275
-6.72250
-6.67224
-6.62198
-6.57059
-6.51920
-6.46780
-6.41641
-6.36400
-6.31158
-6.25917
-6.20675
-6.15550
-6.10426
-6.05301
-6.00177
-5.95162
-5.90148
-5.85133
-5.80119
-5.75112
-5.70105
-5.65099
-5.60092
-5.55093
-5.50095
-5.45096
-5.40098
-5.35099
-5.30101
-5.25102
-5.20104
-5.15107
-5.10110
-5.05113
-5.00116
-4.95118
-4.90120
-4.85122
-4.80124
-4.75128
-4.70132
-4.65136
-4.60141
-4.55145
-4.50148
-4.45152
-4.40156
-4.35162
-4.30168
-4.25174
-4.20180
-4.15186
-4.10192
-4.05198
-4.00204
-3.95211
-3.90218
-3.85225
-3.80232
-3.75241
-3.70250
-3.65259
-3.60268
-3.55277
-3.50286
-3.45295
-3.40304
-3.35318
-3.30332
-3.25346
-3.20360
-3.15386
-3.10412
-3.05437
-3.00463
-2.95498
-2.90533
-2.85568
-2.80603
-2.75645
-2.70687
-2.65729
-2.60771
-2.55811
-2.50851
-2.45891
-2.40931
-2.35976
-2.31021
-2.26066
-2.21111
-2.16190
-2.11269
-2.06348
-2.01428
-18.54056
-18.49590
-18.45125
-18.40660
-18.36195
-18.31729
-18.27264
-18.22799
-18.18334
-18.13869
-18.09403
-18.04938
-18.00473
-17.96008
-17.91542
-17.87077
-17.82612
-17.78147
-17.73681
-17.69216
-17.64751
-17.60286
-17.55820
-17.51355
-17.46890
-17.42425
-17.37960
-17.33494
-17.29029
-17.24564
-17.20099
-17.15633
-17.11168
-17.06703
-17.02238
-16.97772
-16.93307
-16.88842
-16.84377
-16.79911
-16.75446
-16.70981
-16.66516
-16.62051
-16.57585
-16.53120
-16.48655
-16.44190
-16.39724
-16.35259
-16.30794
-16.26329
-16.21863
-16.17398
-16.12933
-16.08468
-16.04002
-15.99537
-15.95072
-15.90607
-15.86142
-15.81676
-15.77211
-15.72746
-15.68281
-15.63815
-15.59350
-15.54885
-15.50420
-15.45954
-15.41489
-15.37024
-15.32559
-15.28093
-15.23628
-15.19163
-15.14698
-15.10233
-15.05767
-15.01302
-14.96837
-14.92372
-14.87906
-14.83441
-14.78976
-14.74511
-14.70045
-14.65580
-14.61115
-14.56650
-14.52184
-14.47719
-14.43254
-14.38789
-14.34324
-14.29858
-14.25393
-14.20928
-14.16463
-14.11997
-14.07532
-14.03067
-13.98602
-13.94136
-13.89671
-13.85206
-13.80741
-13.76276
-13.71810
-13.67345
-13.62880
-13.58415
-13.53949
-13.49484
-13.45019
-13.40554
-13.36088
-13.31623
-13.27158
-13.22693
-13.18227
-13.13762
-13.09297
-13.04832
-13.00367
-12.95901
-12.91436
-12.86971
-12.82506
-12.78040
-12.73575
-12.69110
-12.64645
-12.60179
-12.55714
-12.51249
-12.46784
-12.42318
-12.37853
-12.33388
-12.28923
-12.28923
-12.28923
-12.28923
-12.28923
-12.28923
-12.28923
-12.28923
-12.28923
-12.28923
-12.28923
-12.28923
-12.28923
-12.28923
-12.28923
-12.28923
-12.28923
-12.28923
-12.28923
-12.28923
-12.28923
-12.28923
-12.28923
-12.28923
-12.28923
-12.28923
-12.28923
-12.28923
-12.28923
-12.28923
-12.28923
-12.28923
-12.28923
-12.28923
-12.28923
-12.28923
-12.28923
-12.28923
-12.28923
-12.28923
-12.28923
-12.28923
-12.28923
-12.28923
-12.28923
-12.28923
-12.28923
-12.28923
-12.28923
-12.28923
-12.28923
-12.28923
-12.28923
-12.28923
-12.28923
-12.28923
-12.28923
-12.28923
-12.28923
-12.28923
-12.28923
-12.28923
-12.28923
-12.28923
-12.28923
-12.28923
-12.28923
-12.28923
-12.28923
-12.28923
-12.28923
-12.28923
-12.28923
-12.28923
-12.28923
-12.28923
-12.28923
-12.26790
-12.24658
-12.22525
-12.20392
-12.15392
-12.10393
-12.05393
-12.00393
-11.95393
-11.90393
-11.85393
-11.80393
-11.75393
-11.70393
-11.65393
-11.60392
-11.55392
-11.50392
-11.45392
-11.40392
-11.35392
-11.30392
-11.25392
-11.20392
-11.15392
-11.10393
-11.05393
-11.00393
-10.95393
-10.90393
-10.85393
-10.80393
-10.75393
-10.70393
-10.65393
-10.60392
-10.55392
-10.50392
-10.45392
-10.40392
-10.35392
-10.30392
-10.25392
-10.20392
-10.15392
-10.10393
-10.05393
-10.00393
-9.95393
-9.90393
-9.85393
-9.80393
-9.75393
-9.70393
-9.65393
-9.60392
-9.55392
-9.50392
-9.45392
-9.40392
-9.35392
-9.30392
-9.25392
-9.20392
-9.15392
-9.10393
-9.05393
-9.00393
-8.95393
-8.90393
-8.85393
-8.80393
-8.75393
-8.70393
-8.65393
-8.60392
-8.55392
-8.50392
-8.45392
-8.40392
-8.35392
-8.30392
-8.25392
-8.20392
-8.15389
-8.10386
-8.05383
-8.00380
-7.95364
-7.90347
-7.85331
-7.80315
-7.75304
-7.70294
-7.65283
-7.60273
-7.54515
-7.48756
-7.42998
-7.37239
-7.31325
-7.25412
-7.19498
-7.13584
-7.08200
-7.02816
-6.97431
-6.92047
-6.87021
-6.81994
-6.76968
-6.71942
-6.66862
-6.61782
-6.56702
-6.51621
-6.46368
-6.41114
-6.35860
-6.30607
-6.25456
-6.20306
-6.15155
-6.10005
-6.04987
-5.99970
-5.94952
-5.89935
-5.84927
-5.79918
-5.74910
-5.69902
-5.64903
-5.59904
-5.54905
-5.49906
-5.44908
-5.39910
-5.34912
-5.29914
-5.24917
-5.19919
-5.14922
-5.09924
-5.04927
-4.99929
-4.94931
-4.89933
-4.84937
-4.79940
-4.74944
-4.69947
-4.64952
-4.59956
-4.54960
-4.49964
-4.44969
-4.39974
-4.34979
-4.29984
-4.24990
-4.19997
-4.15003
-4.10009
-4.05014
-4.00020
-3.95025
-3.90030
-3.85040
-3.80049
-3.75058
-3.70068
-3.65074
-3.60080
-3.55087
-3.50093
-3.45107
-3.40120
-3.35134
-3.30148
-3.25161
-3.20175
-3.15188
-3.10202
-3.05246
-3.00291
-2.95335
-2.90379
-2.85421
-2.80463
-2.75504
-2.70546
-2.65571
-2.60597
-2.55623
-2.50648
-2.45693
-2.40738
-2.35784
-2.30829
-2.25901
-2.20973
-2.16045
-2.11118
-18.53450
-18.49026
-18.44601
-18.40177
-18.35752
-18.31327
-18.26903
-18.22478
-18.18053
-18.13629
-18.09204
-18.04779
-18.00355
-17.95930
-17.91505
-17.87081
-17.82656
-17.78231
-17.73807
-17.69382
-17.64957
-17.60533
-17.56108
-17.51683
-17.47259
-17.42834
-17.38409
-17.33985
-17.29560
-17.25135
-17.20711
-17.16286
-17.11861
-17.07437
-17.03012
-16.98587
-16.94163
-16.89738
-16.85313
-16.80889
-16.76464
-16.72039
-16.67615
-16.63190
-16.58765
-16.54341
-16.49916
-16.45492
-16.41067
-16.36642
-16.32218
-16.27793
-16.23368
-16.18944
-16.14519
-16.10094
-16.05670
-16.01245
-15.96820
-15.92396
-15.87971
-15.83546
-15.79122
-15.74697
-15.70272
-15.65848
-15.61423
-15.56998
-15.52574
-15.48149
-15.43724
-15.39300
-15.34875
-15.30450
-15.26026
-15.21601
-15.17176
-15.12752
-15.08327
-15.03902
-14.99478
-14.95053
-14.90628
-14.86204
-14.81779
-14.77354
-14.72930
-14.68505
-14.64080
-14.59656
-14.55231
-14.50807
-14.46382
-14.41957
-14.37533
-14.33108
-14.28683
-14.24259
-14.19834
-14.15409
-14.10985
-14.06560
-14.02135
-13.97711
-13.93286
-13.88861
-13.84437
-13.80012
-13.75587
-13.71163
-13.66738
-13.62313
-13.57889
-13.53464
-13.49039
-13.44615
-13.40190
-13.35765
-13.31341
-13.26916
-13.22491
-13.18067
-13.13642
-13.09217
-13.04793
-13.00368
-12.95943
-12.91519
-12.87094
-12.82669
-12.78245
-12.73820
-12.69395
-12.64971
-12.60546
-12.56122
-12.51697
-12.47272
-12.42848
-12.38423
-12.33998
-12.33998
-12.33998
-12.33998
-12.33998
-12.33998
-12.33998
-12.33998
-12.33998
-12.33998
-12.33998
-12.33998
-12.33998
-12.33998
-12.33998
-12.33998
-12.33998
-12.33998
-12.33998
-12.33998
-12.33998
-12.33998
-12.33998
-12.33998
-12.33998
-12.33998
-12.33998
-12.33998
-12.33998
-12.33998
-12.33998
-12.33998
-12.33998
-12.33998
-12.33998
-12.33998
-12.33998
-12.33998
-12.33998
-12.33998
-12.33998
-12.33998
-12.33998
-12.33998
-12.33998
-12.33998
-12.33998
-12.33998
-12.33998
-12.33998
-12.33998
-12.33998
-12.33998
-12.33998
-12.33998
-12.33998
-12.33998
-12.33998
-12.33998
-12.33998
-12.33998
-12.33998
-12.33998
-12.33998
-12.33998
-12.33998
-12.33998
-12.33998
-12.33998
-12.33998
-12.33998
-12.33998
-12.33998
-12.33998
-12.33998
-12.33998
-12.33998
-12.32700
-12.31401
-12.30102
-12.28804
-12.23907
-12.19011
-12.14115
-12.09218
-12.04218
-11.99219
-11.94219
-11.89219
-11.84219
-11.79218
-11.74218
-11.69218
-11.64218
-11.59218
-11.54218
-11.49218
-11.44218
-11.39218
-11.34218
-11.29218
-11.24218
-11.19218
-11.14218
-11.09218
-11.04218
-10.99219
-10.94219
-10.89219
-10.84219
-10.79218
-10.74218
-10.69218
-10.64218
-10.59218
-10.54218
-10.49218
-10.44218
-10.39218
-10.34218
-10.29218
-10.24218
-10.19218
-10.14218
-10.09218
-10.04218
-9.99219
-9.94219
-9.89219
-9.84219
-9.79218
-9.74218
-9.69218
-9.64218
-9.59218
-9.54218
-9.49218
-9.44218
-9.39218
-9.34218
-9.29218
-9.24218
-9.19218
-9.14218
-9.09218
-9.04218
-8.99219
-8.94219
-8.89219
-8.84219
-8.79218
-8.74218
-8.69218
-8.64218
-8.59218
-8.54218
-8.49218
-8.44218
-8.39218
-8.34218
-8.29218
-8.24218
-8.19218
-8.14218
-8.09218
-8.04218
-7.99219
-7.94219
-7.89219
-7.84219
-7.79218
-7.74218
-7.69218
-7.63729
-7.58241
-7.52752
-7.47263
-7.41333
-7.35403
-7.29473
-7.23543
-7.18085
-7.12628
-7.07170
-7.01713
-6.96671
-6.91629
-6.86588
-6.81546
-6.76498
-6.71450
-6.66402
-6.61354
-6.56114
-6.50875
-6.45635
-6.40396
-6.35231
-6.30066
-6.24901
-6.19735
-6.14703
-6.09670
-6.04637
-5.99604
-5.94594
-5.89584
-5.84574
-5.79563
-5.74563
-5.69562
-5.64561
-5.59560
-5.54562
-5.49564
-5.44565
-5.39567
-5.34569
-5.29571
-5.24573
-5.19575
-5.14578
-5.09580
-5.04582
-4.99584
-4.94587
-4.89590
-4.84593
-4.79595
-4.74599
-4.69603
-4.64607
-4.59611
-4.54615
-4.49619
-4.44623
-4.39627
-4.34632
-4.29638
-4.24644
-4.19650
-4.14654
-4.09659
-4.04663
-3.99668
-3.94676
-3.89685
-3.84694
-3.79702
-3.74708
-3.69713
-3.64719
-3.59724
-3.54737
-3.49749
-3.44761
-3.39773
-3.34782
-3.29792
-3.24801
-3.19810
-3.14856
-3.09902
-3.04949
-2.99995
-2.95028
-2.90062
-2.85096
-2.80129
-2.75156
-2.70182
-2.65209
-2.60235
-2.55280
-2.50326
-2.45371
-2.40416
-2.35477
-2.30538
-2.25599
-2.20660
-18.36266
-18.32000
-18.27734
-18.23469
-18.19203
-18.14937
-18.10672
-18.06406
-18.02140
-17.97875
-17.93609
-17.89343
-17.85078
-17.80812
-17.76546
-17.72281
-17.68015
-17.63749
-17.59484
-17.55218
-17.50952
-17.46687
-17.42421
-17.38155
-17.33890
-17.29624
-17.25358
-17.21093
-17.16827
-17.12561
-17.08296
-17.04030
-16.99764
-16.95499
-16.91233
-16.86967
-16.82702
-16.78436
-16.74170
-16.69905
-16.65639
-16.61373
-16.57108
-16.52842
-16.48576
-16.44311
-16.40045
-16.35779
-16.31514
-16.27248
-16.22982
-16.18717
-16.14451
-16.10185
-16.05920
-16.01654
-15.97388
-15.93123
-15.88857
-15.84591
-15.80326
-15.76060
-15.71794
-15.67529
-15.63263
-15.58997
-15.54732
-15.50466
-15.46200
-15.41935
-15.37669
-15.33403
-15.29138
-15.24872
-15.20606
-15.16341
-15.12075
-15.07809
-15.03544
-14.99278
-14.95012
-14.90747
-14.86481
-14.82215
-14.77950
-14.73684
-14.69418
-14.65153
-14.60887
-14.56621
-14.52356
-14.48090
-14.43824
-14.39559
-14.35293
-14.31027
-14.26762
-14.22496
-14.18230
-14.13965
-14.09699
-14.05433
-14.01168
-13.96902
-13.92636
-13.88371
-13.84105
-13.79839
-13.75574
-13.71308
-13.67042
-13.62777
-13.58511
-13.54245
-13.49980
-13.45714
-13.41448
-13.37183
-13.32917
-13.28651
-13.24386
-13.20120
-13.15854
-13.11589
-13.07323
-13.03057
-12.98792
-12.94526
-12.90260
-12.85995
-12.81729
-12.77463
-12.73198
-12.68932
-12.64666
-12.60401
-12.56135
-12.51869
-12.47604
-12.43338
-12.39072
-12.39072
-12.39072
-12.39072
-12.39072
-12.39072
-12.39072
-12.39072
-12.39072
-12.39072
-12.39072
-12.39072
-12.39072
-12.39072
-12.39072
-12.39072
-12.39072
-12.39072
-12.39072
-12.39072
-12.39072
-12.39072
-12.39072
-12.39072
-12.39072
-12.39072
-12.39072
-12.39072
-12.39072
-12.39072
-12.39072
-12.39072
-12.39072
-12.39072
-12.39072
-12.39072
-12.39072
-12.39072
-12.39072
-12.39072
-12.39072
-12.39072
-12.39072
-12.39072
-12.39072
-12.39072
-12.39072
-12.39072
-12.39072
-12.39072
-12.39072
-12.39072
-12.39072
-12.39072
-12.39072
-12.39072
-12.39072
-12.39072
-12.39072
-12.39072
-12.39072
-12.39072
-12.39072
-12.39072
-12.39072
-12.39072
-12.39072
-12.39072
-12.39072
-12.39072
-12.39072
-12.39072
-12.39072
-12.39072
-12.39072
-12.39072
-12.39072
-12.38553
-12.38033
-12.37513
-12.36993
-12.32255
-12.27518
-12.22780
-12.18042
-12.13042
-12.08043
-12.03043
-11.98043
-11.93043
-11.88043
-11.83042
-11.78042
-11.73042
-11.68043
-11.63043
-11.58043
-11.53043
-11.48043
-11.43043
-11.38043
-11.33043
-11.28042
-11.23042
-11.18042
-11.13042
-11.08043
-11.03043
-10.98043
-10.93043
-10.88043
-10.83042
-10.78042
-10.73042
-10.68043
-10.63043
-10.58043
-10.53043
-10.48043
-10.43043
-10.38043
-10.33043
-10.28042
-10.23042
-10.18042
-10.13042
-10.08043
-10.03043
-9.98043
-9.93043
-9.88043
-9.83042
-9.78042
-9.73042
-9.68043
-9.63043
-9.58043
-9.53043
-9.48043
-9.43043
-9.38043
-9.33043
-9.28042
-9.23042
-9.18042
-9.13042
-9.08043
-9.03043
-8.98043
-8.93043
-8.88043
-8.83042
-8.78042
-8.73042
-8.68043
-8.63043
-8.58043
-8.53043
-8.48043
-8.43043
-8.38043
-8.33043
-8.28043
-8.23043
-8.18043
-8.13043
-8.08043
-8.03043
-7.98043
-7.93043
-7.88043
-7.83042
-7.78042
-7.72817
-7.67591
-7.62366
-7.57140
-7.51204
-7.45268
-7.39332
-7.33396
-7.27881
-7.22366
-7.16851
-7.11335
-7.06271
-7.01206
-6.96141
-6.91076
-6.86045
-6.81015
-6.75984
-6.70953
-6.65742
-6.60531
-6.55320
-6.50109
-6.44936
-6.39762
-6.34588
-6.29415
-6.24360
-6.19305
-6.14250
-6.09195
-6.04183
-5.99171
-5.94158
-5.89146
-5.84143
-5.79139
-5.74135
-5.69132
-5.64133
-5.59134
-5.54135
-5.49136
-5.44138
-5.39140
-5.34141
-5.29143
-5.24145
-5.19147
-5.14148
-5.09150
-5.04153
-4.99155
-4.94157
-4.89159
-4.84162
-4.79165
-4.74168
-4.69171
-4.64174
-4.59177
-4.54180
-4.49183
-4.44188
-4.39193
-4.34198
-4.29203
-4.24207
-4.19211
-4.14215
-4.09219
-4.04226
-3.99234
-3.94241
-3.89249
-3.84254
-3.79260
-3.74266
-3.69272
-3.64282
-3.59292
-3.54302
-3.49312
-3.44321
-3.39331
-3.34340
-3.29350
-3.24393
-3.19437
-3.14480
-3.09524
-3.04546
-2.99568
-2.94589
-2.89611
-2.84646
-2.79682
-2.74717
-2.69753
-2.64798
-2.59843
-2.54889
-2.49934
-2.44981
-2.40028
-2.35075
-2.30122
-18.28112
-18.23940
-18.19769
-18.15598
-18.11427
-18.07256
-18.03085
-17.98913
-17.94742
-17.90571
-17.86400
-17.82229
-17.78057
-17.73886
-17.69715
-17.65544
-17.61373
-17.57201
-17.53030
-17.48859
-17.44688
-17.40517
-17.36345
-17.32174
-17.28003
-17.23832
-17.19661
-17.15490
-17.11318
-17.07147
-17.02976
-16.98805
-16.94634
-16.90462
-16.86291
-16.82120
-16.77949
-16.73778
-16.69606
-16.65435
-16.61264
-16.57093
-16.52922
-16.48750
-16.44579
-16.40408
-16.36237
-16.32066
-16.27895
-16.23723
-16.19552
-16.15381
-16.11210
-16.07039
-16.02867
-15.98696
-15.94525
-15.90354
-15.86183
-15.82011
-15.77840
-15.73669
-15.69498
-15.65327
-15.61155
-15.56984
-15.52813
-15.48642
-15.44471
-15.40300
-15.36128
-15.31957
-15.27786
-15.23615
-15.19444
-15.15272
-15.11101
-15.06930
-15.02759
-14.98588
-14.94416
-14.90245
-14.86074
-14.81903
-14.77732
-14.73560
-14.69389
-14.65218
-14.61047
-14.56876
-14.52705
-14.48533
-14.44362
-14.40191
-14.36020
-14.31849
-14.27677
-14.23506
-14.19335
-14.15164
-14.10993
-14.06821
-14.02650
-13.98479
-13.94308
-13.90137
-13.85965
-13.81794
-13.77623
-13.73452
-13.69281
-13.65110
-13.60938
-13.56767
-13.52596
-13.48425
-13.44254
-13.40082
-13.35911
-13.31740
-13.27569
-13.23398
-13.19226
-13.15055
-13.10884
-13.06713
-13.02542
-12.98370
-12.94199
-12.90028
-12.85857
-12.81686
-12.77515
-12.73343
-12.69172
-12.65001
-12.60830
-12.56659
-12.52487
-12.48316
-12.44145
-12.44145
-12.44145
-12.44145
-12.44145
-12.44145
-12.44145
-12.44145
-12.44145
-12.44145
-12.44145
-12.44145
-12.44145
-12.44145
-12.44145
-12.44145
-12.44145
-12.44145
-12.44145
-12.44145
-12.44145
-12.44145
-12.44145
-12.44145
-12.44145
-12.44145
-12.44145
-12.44145
-12.44145
-12.44145
-12.44145
-12.44145
-12.44145
-12.44145
-12.44145
-12.44145
-12.44145
-12.44145
-12.44145
-12.44145
-12.44145
-12.44145
-12.44145
-12.44145
-12.44145
-12.44145
-12.44145
-12.44145
-12.44145
-12.44145
-12.44145
-12.44145
-12.44145
-12.44145
-12.44145
-12.44145
-12.44145
-12.44145
-12.44145
-12.44145
-12.44145
-12.44145
-12.44145
-12.44145
-12.44145
-12.44145
-12.44145
-12.44145
-12.44145
-12.44145
-12.44145
-12.44145
-12.44145
-12.44145
-12.44145
-12.44145
-12.44145
-12.44145
-12.44145
-12.44145
-12.44145
-12.39825
-12.35505
-12.31185
-12.26865
-12.21865
-12.16865
-12.11865
-12.06865
-12.01865
-11.96865
-11.91865
-11.86865
-11.81865
-11.76865
-11.71866
-11.66866
-11.61866
-11.56866
-11.51866
-11.46865
-11.41865
-11.36865
-11.31865
-11.26865
-11.21865
-11.16865
-11.11865
-11.06865
-11.01865
-10.96865
-10.91865
-10.86865
-10.81865
-10.76865
-10.71866
-10.66866
-10.61866
-10.56866
-10.51866
-10.46865
-10.41865
-10.36865
-10.31865
-10.26865
-10.21865
-10.16865
-10.11865
-10.06865
-10.01865
-9.96865
-9.91865
-9.86865
-9.81865
-9.76865
-9.71866
-9.66866
-9.61866
-9.56866
-9.51866
-9.46865
-9.41865
-9.36865
-9.31865
-9.26865
-9.21865
-9.16865
-9.11865
-9.06865
-9.01865
-8.96865
-8.91865
-8.86865
-8.81865
-8.76865
-8.71866
-8.66866
-8.61866
-8.56866
-8.51866
-8.46865
-8.41865
-8.36866
-8.31866
-8.26866
-8.21866
-8.16865
-8.11865
-8.06865
-8.01865
-7.96865
-7.91865
-7.86865
-7.81820
-7.76774
-7.71728
-7.66683
-7.60824
-7.54964
-7.49105
-7.43246
-7.37739
-7.32233
-7.26727
-7.21221
-7.16137
-7.11052
-7.05968
-7.00884
-6.95810
-6.90736
-6.85662
-6.80589
-6.75379
-6.70170
-6.64960
-6.59751
-6.54573
-6.49395
-6.44218
-6.39040
-6.33968
-6.28896
-6.23824
-6.18752
-6.13733
-6.08714
-6.03695
-5.98677
-5.93667
-5.88658
-5.83649
-5.78640
-5.73640
-5.68639
-5.63639
-5.58639
-5.53640
-5.48641
-5.43642
-5.38644
-5.33645
-5.28647
-5.23649
-5.18651
-5.13653
-5.08654
-5.03656
-4.98658
-4.93660
-4.88663
-4.83666
-4.78668
-4.73671
-4.68673
-4.63675
-4.58678
-4.53682
-4.48687
-4.43691
-4.38696
-4.33699
-4.28703
-4.23707
-4.18711
-4.13717
-4.08724
-4.03730
-3.98737
-3.93743
-3.88749
-3.83755
-3.78761
-3.73769
-3.68777
-3.63786
-3.58794
-3.53803
-3.48813
-3.43822
-3.38832
-3.33871
-3.28910
-3.23949
-3.18988
-3.14004
-3.09020
-3.04037
-2.99053
-2.94091
-2.89130
-2.84169
-2.79207
-2.74252
-2.69297
-2.64342
-2.59387
-2.54425
-2.49463
-2.44501
-2.39539
-18.38086
-18.33880
-18.29674
-18.25467
-18.21261
-18.17055
-18.12849
-18.08643
-18.04436
-18.00230
-17.96024
-17.91818
-17.87611
-17.83405
-17.79199
-17.74993
-17.70787
-17.66580
-17.62374
-17.58168
-17.53962
-17.49755
-17.45549
-17.41343
-17.37137
-17.32931
-17.28724
-17.24518
-17.20312
-17.16106
-17.11899
-17.07693
-17.03487
-16.99281
-16.95074
-16.90868
-16.86662
-16.82456
-16.78250
-16.74043
-16.69837
-16.65631
-16.61425
-16.57218
-16.53012
-16.48806
-16.44600
-16.40394
-16.36187
-16.31981
-16.27775
-16.23569
-16.19362
-16.15156
-16.10950
-16.06744
-16.02538
-15.98331
-15.94125
-15.89919
-15.85713
-15.81506
-15.77300
-15.73094
-15.68888
-15.64682
-15.60475
-15.56269
-15.52063
-15.47857
-15.43650
-15.39444
-15.35238
-15.31032
-15.26825
-15.22619
-15.18413
-15.14207
-15.10001
-15.05794
-15.01588
-14.97382
-14.93176
-14.88969
-14.84763
-14.80557
-14.76351
-14.72145
-14.67938
-14.63732
-14.59526
-14.55320
-14.51113
-14.46907
-14.42701
-14.38495
-14.34289
-14.30082
-14.25876
-14.21670
-14.17464
-14.13257
-14.09051
-14.04845
-14.00639
-13.96433
-13.92226
-13.88020
-13.83814
-13.79608
-13.75401
-13.71195
-13.66989
-13.62783
-13.58576
-13.54370
-13.50164
-13.45958
-13.41752
-13.37545
-13.33339
-13.29133
-13.24927
-13.20720
-13.16514
-13.12308
-13.08102
-13.03896
-12.99689
-12.95483
-12.91277
-12.87071
-12.82864
-12.78658
-12.74452
-12.70246
-12.66040
-12.61833
-12.57627
-12.53421
-12.49215
-12.49215
-12.49215
-12.49215
-12.49215
-12.49215
-12.49215
-12.49215
-12.49215
-12.49215
-12.49215
-12.49215
-12.49215
-12.49215
-12.49215
-12.49215
-12.49215
-12.49215
-12.49215
-12.49215
-12.49215
-12.49215
-12.49215
-12.49215
-12.49215
-12.49215
-12.49215
-12.49215
-12.49215
-12.49215
-12.49215
-12.49215
-12.49215
-12.49215
-12.49215
-12.49215
-12.49215
-12.49215
-12.49215
-12.49215
-12.49215
-12.49215
-12.49215
-12.49215
-12.49215
-12.49215
-12.49215
-12.49215
-12.49215
-12.49215
-12.49215
-12.49215
-12.49215
-12.49215
-12.49215
-12.49215
-12.49215
-12.49215
-12.49215
-12.49215
-12.49215
-12.49215
-12.49215
-12.49215
-12.49215
-12.49215
-12.49215
-12.49215
-12.49215
-12.49215
-12.49215
-12.49215
-12.49215
-12.49215
-12.49215
-12.49215
-12.49215
-12.49215
-12.49215
-12.49215
-12.49215
-12.45832
-12.42450
-12.39067
-12.35684
-12.30685
-12.25685
-12.20685
-12.15685
-12.10685
-12.05685
-12.00684
-11.95684
-11.90685
-11.85685
-11.80685
-11.75686
-11.70685
-11.65685
-11.60685
-11.55685
-11.50685
-11.45685
-11.40685
-11.35684
-11.30685
-11.25685
-11.20685
-11.15685
-11.10685
-11.05685
-11.00684
-10.95684
-10.90685
-10.85685
-10.80685
-10.75686
-10.70685
-10.65685
-10.60685
-10.55685
-10.50685
-10.45685
-10.40685
-10.35684
-10.30685
-10.25685
-10.20685
-10.15685
-10.10685
-10.05685
-10.00684
-9.95684
-9.90685
-9.85685
-9.80685
-9.75686
-9.70685
-9.65685
-9.60685
-9.55685
-9.50685
-9.45685
-9.40685
-9.35684
-9.30685
-9.25685
-9.20685
-9.15685
-9.10685
-9.05685
-9.00684
-8.95684
-8.90685
-8.85685
-8.80685
-8.75686
-8.70685
-8.65685
-8.60685
-8.55685
-8.50685
-8.45685
-8.40685
-8.35685
-8.30685
-8.25685
-8.20685
-8.15685
-8.10685
-8.05685
-8.00685
-7.95685
-7.90652
-7.85619
-7.80587
-7.75554
-7.69937
-7.64320
-7.58703
-7.53086
-7.47723
-7.42360
-7.36996
-7.31633
-7.26537
-7.21442
-7.16346
-7.11250
-7.06011
-7.00773
-6.95534
-6.90295
-6.85033
-6.79771
-6.74509
-6.69247
-6.64074
-6.58902
-6.53729
-6.48557
-6.43478
-6.38399
-6.33319
-6.28240
-6.23206
-6.18171
-6.13137
-6.08103
-6.03082
-5.98062
-5.93042
-5.88021
-5.83018
-5.78014
-5.73010
-5.68006
-5.63008
-5.58009
-5.53010
-5.48011
-5.43013
-5.38015
-5.33017
-5.28019
-5.23021
-5.18023
-5.13025
-5.08027
-5.03030
-4.98032
-4.93035
-4.88038
-4.83041
-4.78044
-4.73047
-4.68050
-4.63054
-4.58058
-4.53062
-4.48066
-4.43071
-4.38075
-4.33080
-4.28084
-4.23090
-4.18096
-4.13102
-4.08107
-4.03114
-3.98120
-3.93126
-3.88133
-3.83140
-3.78148
-3.73155
-3.68162
-3.63172
-3.58181
-3.53190
-3.48199
-3.43229
-3.38259
-3.33289
-3.28319
-3.23343
-3.18367
-3.13391
-3.08415
-3.03445
-2.98475
-2.93505
-2.88535
-2.83579
-2.78623
-2.73666
-2.68710
-2.63748
-2.58786
-2.53824
-2.48862
-18.48061
-18.43819
-18.39578
-18.35337
-18.31096
-18.26854
-18.22613
-18.18372
-18.14131
-18.09889
-18.05648
-18.01407
-17.97166
-17.92924
-17.88683
-17.84442
-17.80200
-17.75959
-17.71718
-17.67477
-17.63235
-17.58994
-17.54753
-17.50512
-17.46270
-17.42029
-17.37788
-17.33547
-17.29305
-17.25064
-17.20823
-17.16582
-17.12340
-17.08099
-17.03858
-16.99617
-16.95375
-16.91134
-16.86893
-16.82651
-16.78410
-16.74169
-16.69928
-16.65686
-16.61445
-16.57204
-16.52963
-16.48721
-16.44480
-16.40239
-16.35998
-16.31756
-16.27515
-16.23274
-16.19033
-16.14791
-16.10550
-16.06309
-16.02068
-15.97826
-15.93585
-15.89344
-15.85103
-15.80861
-15.76620
-15.72379
-15.68137
-15.63896
-15.59655
-15.55414
-15.51172
-15.46931
-15.42690
-15.38449
-15.34207
-15.29966
-15.25725
-15.21484
-15.17242
-15.13001
-15.08760
-15.04519
-15.00277
-14.96036
-14.91795
-14.87554
-14.83312
-14.79071
-14.74830
-14.70589
-14.66347
-14.62106
-14.57865
-14.53623
-14.49382
-14.45141
-14.40900
-14.36658
-14.32417
-14.28176
-14.23935
-14.19693
-14.15452
-14.11211
-14.06970
-14.02728
-13.98487
-13.94246
-13.90005
-13.85763
-13.81522
-13.77281
-13.73040
-13.68798
-13.64557
-13.60316
-13.56074
-13.51833
-13.47592
-13.43351
-13.39109
-13.34868
-13.30627
-13.26386
-13.22144
-13.17903
-13.13662
-13.09421
-13.05179
-13.00938
-12.96697
-12.92456
-12.88214
-12.83973
-12.79732
-12.75491
-12.71249
-12.67008
-12.62767
-12.58526
-12.54284
-12.54284
-12.54284
-12.54284
-12.54284
-12.54284
-12.54284
-12.54284
-12.54284
-12.54284
-12.54284
-12.54284
-12.54284
-12.54284
-12.54284
-12.54284
-12.54284
-12.54284
-12.54284
-12.54284
-12.54284
-12.54284
-12.54284
-12.54284
-12.54284
-12.54284
-12.54284
-12.54284
-12.54284
-12.54284
-12.54284
-12.54284
-12.54284
-12.54284
-12.54284
-12.54284
-12.54284
-12.54284
-12.54284
-12.54284
-12.54284
-12.54284
-12.54284
-12.54284
-12.54284
-12.54284
-12.54284
-12.54284
-12.54284
-12.54284
-12.54284
-12.54284
-12.54284
-12.54284
-12.54284
-12.54284
-12.54284
-12.54284
-12.54284
-12.54284
-12.54284
-12.54284
-12.54284
-12.54284
-12.54284
-12.54284
-12.54284
-12.54284
-12.54284
-12.54284
-12.54284
-12.54284
-12.54284
-12.54284
-12.54284
-12.54284
-12.54284
-12.54284
-12.54284
-12.54284
-12.54284
-12.51839
-12.49394
-12.46949
-12.44504
-12.39504
-12.34504
-12.29504
-12.24504
-12.19504
-12.14504
-12.09504
-12.04504
-11.99504
-11.94504
-11.89505
-11.84505
-11.79505
-11.74505
-11.69504
-11.64504
-11.59504
-11.54504
-11.49504
-11.44504
-11.39504
-11.34504
-11.29504
-11.24504
-11.19504
-11.14504
-11.09504
-11.04504
-10.99504
-10.94504
-10.89505
-10.84505
-10.79505
-10.74505
-10.69504
-10.64504
-10.59504
-10.54504
-10.49504
-10.44504
-10.39504
-10.34504
-10.29504
-10.24504
-10.19504
-10.14504
-10.09504
-10.04504
-9.99504
-9.94504
-9.89505
-9.84505
-9.79505
-9.74505
-9.69504
-9.64504
-9.59504
-9.54504
-9.49504
-9.44504
-9.39504
-9.34504
-9.29504
-9.24504
-9.19504
-9.14504
-9.09504
-9.04504
-8.99504
-8.94504
-8.89505
-8.84505
-8.79505
-8.74505
-8.69504
-8.64504
-8.59504
-8.54504
-8.49504
-8.44504
-8.39504
-8.34504
-8.29504
-8.24504
-8.19504
-8.14504
-8.09504
-8.04504
-7.99484
-7.94465
-7.89445
-7.84426
-7.79051
-7.73676
-7.68302
-7.62927
-7.57707
-7.52486
-7.47266
-7.42045
-7.36938
-7.31831
-7.26723
-7.21616
-7.16213
-7.10809
-7.05405
-7.00002
-6.94687
-6.89373
-6.84058
-6.78743
-6.73576
-6.68409
-6.63241
-6.58074
-6.52987
-6.47901
-6.42815
-6.37728
-6.32678
-6.27628
-6.22578
-6.17529
-6.12497
-6.07465
-6.02434
-5.97402
-5.92395
-5.87388
-5.82381
-5.77374
-5.72375
-5.67377
-5.62378
-5.57379
-5.52381
-5.47384
-5.42386
-5.37388
-5.32390
-5.27392
-5.22394
-5.17396
-5.12399
-5.07401
-5.02404
-4.97407
-4.92411
-4.87414
-4.82418
-4.77422
-4.72425
-4.67429
-4.62433
-4.57437
-4.52442
-4.47447
-4.42452
-4.37458
-4.32463
-4.27468
-4.22473
-4.17478
-4.12485
-4.07491
-4.02498
-3.97505
-3.92512
-3.87518
-3.82525
-3.77531
-3.72540
-3.67549
-3.62558
-3.57567
-3.52587
-3.47608
-3.42629
-3.37650
-3.32681
-3.27713
-3.22745
-3.17776
-3.12798
-3.07820
-3.02842
-2.97863
-2.92906
-2.87948
-2.82991
-2.78033
-2.73071
-2.68109
-2.63147
-2.58185
-18.58035
-18.53759
-18.49483
-18.45206
-18.40930
-18.36654
-18.32377
-18.28101
-18.23825
-18.19548
-18.15272
-18.10996
-18.06720
-18.02443
-17.98167
-17.93891
-17.89614
-17.85338
-17.81062
-17.76786
-17.72509
-17.68233
-17.63957
-17.59680
-17.55404
-17.51128
-17.46851
-17.42575
-17.38299
-17.34023
-17.29746
-17.25470
-17.21194
-17.16917
-17.12641
-17.08365
-17.04089
-16.99812
-16.95536
-16.91260
-16.86983
-16.82707
-16.78431
-16.74154
-16.69878
-16.65602
-16.61326
-16.57049
-16.52773
-16.48497
-16.44220
-16.39944
-16.35668
-16.31392
-16.27115
-16.22839
-16.18563
-16.14286
-16.10010
-16.05734
-16.01457
-15.97181
-15.92905
-15.88629
-15.84352
-15.80076
-15.75800
-15.71523
-15.67247
-15.62971
-15.58695
-15.54418
-15.50142
-15.45866
-15.41589
-15.37313
-15.33037
-15.28760
-15.24484
-15.20208
-15.15932
-15.11655
-15.07379
-15.03103
-14.98826
-14.94550
-14.90274
-14.85997
-14.81721
-14.77445
-14.73169
-14.68892
-14.64616
-14.60340
-14.56063
-14.51787
-14.47511
-14.43235
-14.38958
-14.34682
-14.30406
-14.26129
-14.21853
-14.17577
-14.13300
-14.09024
-14.04748
-14.00472
-13.96195
-13.91919
-13.87643
-13.83366
-13.79090
-13.74814
-13.70538
-13.66261
-13.61985
-13.57709
-13.53432
-13.49156
-13.44880
-13.40603
-13.36327
-13.32051
-13.27775
-13.23498
-13.19222
-13.14946
-13.10669
-13.06393
-13.02117
-12.97841
-12.93564
-12.89288
-12.85012
-12.80735
-12.76459
-12.72183
-12.67906
-12.63630
-12.59354
-12.59354
-12.59354
-12.59354
-12.59354
-12.59354
-12.59354
-12.59354
-12.59354
-12.59354
-12.59354
-12.59354
-12.59354
-12.59354
-12.59354
-12.59354
-12.59354
-12.59354
-12.59354
-12.59354
-12.59354
-12.59354
-12.59354
-12.59354
-12.59354
-12.59354
-12.59354
-12.59354
-12.59354
-12.59354
-12.59354
-12.59354
-12.59354
-12.59354
-12.59354
-12.59354
-12.59354
-12.59354
-12.59354
-12.59354
-12.59354
-12.59354
-12.59354
-12.59354
-12.59354
-12.59354
-12.59354
-12.59354
-12.59354
-12.59354
-12.59354
-12.59354
-12.59354
-12.59354
-12.59354
-12.59354
-12.59354
-12.59354
-12.59354
-12.59354
-12.59354
-12.59354
-12.59354
-12.59354
-12.59354
-12.59354
-12.59354
-12.59354
-12.59354
-12.59354
-12.59354
-12.59354
-12.59354
-12.59354
-12.59354
-12.59354
-12.59354
-12.59354
-12.59354
-12.59354
-12.59354
-12.57846
-12.56339
-12.54831
-12.53323
-12.48324
-12.43323
-12.38323
-12.33323
-12.28323
-12.23323
-12.18323
-12.13323
-12.08323
-12.03324
-11.98324
-11.93325
-11.88325
-11.83324
-11.78324
-11.73323
-11.68324
-11.63324
-11.58324
-11.53324
-11.48324
-11.43323
-11.38323
-11.33323
-11.28323
-11.23323
-11.18323
-11.13323
-11.08323
-11.03324
-10.98324
-10.93325
-10.88325
-10.83324
-10.78324
-10.73323
-10.68324
-10.63324
-10.58324
-10.53324
-10.48324
-10.43323
-10.38323
-10.33323
-10.28323
-10.23323
-10.18323
-10.13323
-10.08323
-10.03324
-9.98324
-9.93325
-9.88325
-9.83324
-9.78324
-9.73323
-9.68324
-9.63324
-9.58324
-9.53324
-9.48324
-9.43323
-9.38323
-9.33323
-9.28323
-9.23323
-9.18323
-9.13323
-9.08323
-9.03324
-8.98324
-8.93325
-8.88325
-8.83324
-8.78324
-8.73323
-8.68324
-8.63324
-8.58324
-8.53324
-8.48324
-8.43324
-8.38323
-8.33323
-8.28323
-8.23323
-8.18324
-8.13324
-8.08317
-8.03310
-7.98304
-7.93297
-7.88165
-7.83032
-7.77900
-7.72768
-7.67690
-7.62613
-7.57535
-7.52457
-7.47339
-7.42220
-7.37101
-7.31983
-7.26414
-7.20846
-7.15277
-7.09709
-7.04341
-6.98974
-6.93607
-6.88240
-6.83078
-6.77915
-6.72753
-6.67591
-6.62497
-6.57404
-6.52310
-6.47216
-6.42151
-6.37085
-6.32020
-6.26954
-6.21912
-6.16869
-6.11826
-6.06784
-6.01773
-5.96763
-5.91752
-5.86742
-5.81743
-5.76744
-5.71746
-5.66747
-5.61749
-5.56752
-5.51754
-5.46756
-5.41758
-5.36761
-5.31763
-5.26765
-5.21768
-5.16771
-5.11773
-5.06776
-5.01781
-4.96785
-4.91789
-4.86793
-4.81797
-4.76800
-4.71804
-4.66807
-4.61813
-4.56819
-4.51825
-4.46831
-4.41835
-4.36840
-4.31844
-4.26848
-4.21856
-4.16863
-4.11870
-4.06877
-4.01883
-3.96888
-3.91894
-3.86900
-3.81908
-3.76917
-3.71925
-3.66934
-3.61946
-3.56957
-3.51969
-3.46981
-3.42020
-3.37059
-3.32099
-3.27138
-3.22151
-3.17165
-3.12178
-3.07191
-3.02233
-2.97274
-2.92315
-2.87357
-2.82395
-2.77433
-2.72471
-2.67509
-18.59903
-18.55649
-18.51396
-18.47142
-18.42889
-18.38636
-18.34382
-18.30129
-18.25875
-18.21622
-18.17368
-18.13115
-18.08861
-18.04608
-18.00354
-17.96101
-17.91848
-17.87594
-17.83341
-17.79087
-17.74834
-17.70580
-17.66327
-17.62073
-17.57820
-17.53566
-17.49313
-17.45060
-17.40806
-17.36553
-17.32299
-17.28046
-17.23792
-17.19539
-17.15285
-17.11032
-17.06779
-17.02525
-16.98272
-16.94018
-16.89765
-16.85511
-16.81258
-16.77004
-16.72751
-16.68497
-16.64244
-16.59991
-16.55737
-16.51484
-16.47230
-16.42977
-16.38723
-16.34470
-16.30216
-16.25963
-16.21710
-16.17456
-16.13203
-16.08949
-16.04696
-16.00442
-15.96189
-15.91935
-15.87682
-15.83428
-15.79175
-15.74922
-15.70668
-15.66415
-15.62161
-15.57908
-15.53654
-15.49401
-15.45147
-15.40894
-15.36641
-15.32387
-15.28134
-15.23880
-15.19627
-15.15373
-15.11120
-15.06866
-15.02613
-14.98359
-14.94106
-14.89853
-14.85599
-14.81346
-14.77092
-14.72839
-14.68585
-14.64332
-14.60078
-14.55825
-14.51571
-14.47318
-14.43065
-14.38811
-14.34558
-14.30304
-14.26051
-14.21797
-14.17544
-14.13290
-14.09037
-14.04784
-14.00530
-13.96277
-13.92023
-13.87770
-13.83516
-13.79263
-13.75009
-13.70756
-13.66502
-13.62249
-13.57996
-13.53742
-13.49489
-13.45235
-13.40982
-13.36728
-13.32475
-13.28221
-13.23968
-13.19715
-13.15461
-13.11208
-13.06954
-13.02701
-12.98447
-12.94194
-12.89940
-12.85687
-12.81433
-12.77180
-12.72927
-12.68673
-12.64420
-12.64420
-12.64420
-12.64420
-12.64420
-12.64420
-12.64420
-12.64420
-12.64420
-12.64420
-12.64420
-12.64420
-12.64420
-12.64420
-12.64420
-12.64420
-12.64420
-12.64420
-12.64420
-12.64420
-12.64420
-12.64420
-12.64420
-12.64420
-12.64420
-12.64420
-12.64420
-12.64420
-12.64420
-12.64420
-12.64420
-12.64420
-12.64420
-12.64420
-12.64420
-12.64420
-12.64420
-12.64420
-12.64420
-12.64420
-12.64420
-12.64420
-12.64420
-12.64420
-12.64420
-12.64420
-12.64420
-12.64420
-12.64420
-12.64420
-12.64420
-12.64420
-12.64420
-12.64420
-12.64420
-12.64420
-12.64420
-12.64420
-12.64420
-12.64420
-12.64420
-12.64420
-12.64420
-12.64420
-12.64420
-12.64420
-12.64420
-12.64420
-12.64420
-12.64420
-12.64420
-12.64420
-12.64420
-12.64420
-12.64420
-12.64420
-12.64420
-12.64420
-12.64420
-12.64420
-12.64420
-12.63566
-12.62712
-12.61857
-12.61003
-12.56287
-12.51571
-12.46855
-12.42139
-12.37139
-12.32139
-12.27139
-12.22139
-12.17139
-12.12140
-12.07140
-12.02140
-11.97140
-11.92140
-11.87139
-11.82139
-11.77139
-11.72139
-11.67139
-11.62139
-11.57139
-11.52139
-11.47139
-11.42139
-11.37139
-11.32139
-11.27139
-11.22139
-11.17139
-11.12140
-11.07140
-11.02140
-10.97140
-10.92140
-10.87139
-10.82139
-10.77139
-10.72139
-10.67139
-10.62139
-10.57139
-10.52139
-10.47139
-10.42139
-10.37139
-10.32139
-10.27139
-10.22139
-10.17139
-10.12140
-10.07140
-10.02140
-9.97140
-9.92140
-9.87139
-9.82139
-9.77139
-9.72139
-9.67139
-9.62139
-9.57139
-9.52139
-9.47139
-9.42139
-9.37139
-9.32139
-9.27139
-9.22139
-9.17139
-9.12140
-9.07140
-9.02140
-8.97140
-8.92140
-8.87139
-8.82139
-8.77139
-8.72139
-8.67139
-8.62139
-8.57139
-8.52139
-8.47139
-8.42139
-8.37139
-8.32139
-8.27139
-8.22139
-8.17140
-8.12140
-8.07140
-8.02140
-7.97140
-7.92140
-7.87139
-7.82139
-7.77139
-7.72139
-7.67139
-7.62139
-7.57032
-7.51925
-7.46818
-7.41711
-7.36101
-7.30490
-7.24880
-7.19269
-7.13872
-7.08474
-7.03077
-6.97679
-6.92510
-6.87342
-6.82173
-6.77004
-6.71905
-6.66806
-6.61707
-6.56608
-6.51535
-6.46461
-6.41388
-6.36315
-6.31265
-6.26216
-6.21166
-6.16116
-6.11101
-6.06086
-6.01070
-5.96055
-5.91057
-5.86058
-5.81060
-5.76061
-5.71064
-5.66066
-5.61068
-5.56070
-5.51072
-5.46074
-5.41076
-5.36078
-5.31081
-5.26083
-5.21086
-5.16088
-5.11093
-5.06097
-5.01101
-4.96105
-4.91108
-4.86111
-4.81114
-4.76117
-4.71123
-4.66128
-4.61134
-4.56140
-4.51144
-4.46147
-4.41151
-4.36155
-4.31162
-4.26168
-4.21175
-4.16182
-4.11187
-4.06192
-4.01197
-3.96202
-3.91209
-3.86217
-3.81224
-3.76232
-3.71238
-3.66245
-3.61251
-3.56258
-3.51296
-3.46333
-3.41371
-3.36409
-3.31423
-3.26436
-3.21450
-3.16464
-3.11499
-3.06535
-3.01570
-2.96606
-2.91644
-2.86682
-2.81719
-2.76757
-18.52104
-18.47942
-18.43780
-18.39619
-18.35457
-18.31296
-18.27134
-18.22972
-18.18811
-18.14649
-18.10488
-18.06326
-18.02164
-17.98003
-17.93841
-17.89680
-17.85518
-17.81357
-17.77195
-17.73033
-17.68872
-17.64710
-17.60549
-17.56387
-17.52225
-17.48064
-17.43902
-17.39741
-17.35579
-17.31417
-17.27256
-17.23094
-17.18933
-17.14771
-17.10609
-17.06448
-17.02286
-16.98125
-16.93963
-16.89802
-16.85640
-16.81478
-16.77317
-16.73155
-16.68994
-16.64832
-16.60670
-16.56509
-16.52347
-16.48186
-16.44024
-16.39862
-16.35701
-16.31539
-16.27378
-16.23216
-16.19054
-16.14893
-16.10731
-16.06570
-16.02408
-15.98247
-15.94085
-15.89923
-15.85762
-15.81600
-15.77439
-15.73277
-15.69115
-15.64954
-15.60792
-15.56631
-15.52469
-15.48307
-15.44146
-15.39984
-15.35823
-15.31661
-15.27499
-15.23338
-15.19176
-15.15015
-15.10853
-15.06692
-15.02530
-14.98368
-14.94207
-14.90045
-14.85884
-14.81722
-14.77560
-14.73399
-14.69237
-14.65076
-14.60914
-14.56752
-14.52591
-14.48429
-14.44268
-14.40106
-14.35944
-14.31783
-14.27621
-14.23460
-14.19298
-14.15137
-14.10975
-14.06813
-14.02652
-13.98490
-13.94329
-13.90167
-13.86005
-13.81844
-13.77682
-13.73521
-13.69359
-13.65197
-13.61036
-13.56874
-13.52713
-13.48551
-13.44389
-13.40228
-13.36066
-13.31905
-13.27743
-13.23582
-13.19420
-13.15258
-13.11097
-13.06935
-13.02774
-12.98612
-12.94450
-12.90289
-12.86127
-12.81966
-12.77804
-12.73642
-12.69481
-12.69481
-12.69481
-12.69481
-12.69481
-12.69481
-12.69481
-12.69481
-12.69481
-12.69481
-12.69481
-12.69481
-12.69481
-12.69481
-12.69481
-12.69481
-12.69481
-12.69481
-12.69481
-12.69481
-12.69481
-12.69481
-12.69481
-12.69481
-12.69481
-12.69481
-12.69481
-12.69481
-12.69481
-12.69481
-12.69481
-12.69481
-12.69481
-12.69481
-12.69481
-12.69481
-12.69481
-12.69481
-12.69481
-12.69481
-12.69481
-12.69481
-12.69481
-12.69481
-12.69481
-12.69481
-12.69481
-12.69481
-12.69481
-12.69481
-12.69481
-12.69481
-12.69481
-12.69481
-12.69481
-12.69481
-12.69481
-12.69481
-12.69481
-12.69481
-12.69481
-12.69481
-12.69481
-12.69481
-12.69481
-12.69481
-12.69481
-12.69481
-12.69481
-12.69481
-12.69481
-12.69481
-12.69481
-12.69481
-12.69481
-12.69481
-12.69481
-12.69481
-12.69481
-12.69481
-12.69481
-12.68942
-12.68403
-12.67864
-12.67325
-12.63231
-12.59137
-12.55044
-12.50950
-12.45950
-12.40950
-12.35950
-12.30950
-12.25950
-12.20951
-12.15951
-12.10951
-12.05951
-12.00950
-11.95950
-11.90950
-11.85950
-11.80950
-11.75950
-11.70951
-11.65951
-11.60950
-11.55950
-11.50950
-11.45950
-11.40950
-11.35950
-11.30950
-11.25950
-11.20951
-11.15951
-11.10951
-11.05951
-11.00950
-10.95950
-10.90950
-10.85950
-10.80950
-10.75950
-10.70951
-10.65951
-10.60950
-10.55950
-10.50950
-10.45950
-10.40950
-10.35950
-10.30950
-10.25950
-10.20951
-10.15951
-10.10951
-10.05951
-10.00950
-9.95950
-9.90950
-9.85950
-9.80950
-9.75950
-9.70951
-9.65951
-9.60950
-9.55950
-9.50950
-9.45950
-9.40950
-9.35950
-9.30950
-9.25950
-9.20951
-9.15951
-9.10951
-9.05951
-9.00951
-8.95950
-8.90950
-8.85950
-8.80950
-8.75951
-8.70951
-8.65951
-8.60950
-8.55950
-8.50950
-8.45950
-8.40950
-8.35950
-8.30950
-8.25951
-8.20951
-8.15951
-8.10951
-8.05951
-8.00951
-7.95950
-7.90950
-7.85950
-7.80950
-7.75951
-7.70951
-7.65883
-7.60815
-7.55748
-7.50680
-7.45174
-7.39668
-7.34162
-7.28655
-7.23254
-7.17853
-7.12452
-7.07051
-7.01861
-6.96672
-6.91482
-6.86293
-6.81191
-6.76089
-6.70987
-6.65885
-6.60813
-6.55741
-6.50669
-6.45596
-6.40545
-6.35494
-6.30443
-6.25392
-6.20370
-6.15348
-6.10326
-6.05304
-6.00306
-5.95308
-5.90309
-5.85311
-5.80313
-5.75315
-5.70318
-5.65320
-5.60321
-5.55322
-5.50324
-5.45325
-5.40327
-5.35329
-5.30330
-5.25332
-5.20335
-5.15339
-5.10342
-5.05345
-5.00347
-4.95350
-4.90352
-4.85354
-4.80359
-4.75363
-4.70368
-4.65372
-4.60375
-4.55379
-4.50382
-4.45385
-4.40390
-4.35396
-4.30401
-4.25406
-4.20410
-4.15415
-4.10419
-4.05424
-4.00430
-3.95435
-3.90441
-3.85447
-3.80453
-3.75459
-3.70465
-3.65471
-3.60496
-3.55522
-3.50547
-3.45572
-3.40596
-3.35621
-3.30645
-3.25670
-3.20694
-3.15718
-3.10742
-3.05766
-3.00804
-2.95842
-2.90879
-2.85917
-18.44304
-18.40235
-18.36165
-18.32095
-18.28025
-18.23956
-18.19886
-18.15816
-18.11747
-18.07677
-18.03607
-17.99537
-17.95468
-17.91398
-17.87328
-17.83258
-17.79189
-17.75119
-17.71049
-17.66979
-17.62910
-17.58840
-17.54770
-17.50701
-17.46631
-17.42561
-17.38491
-17.34422
-17.30352
-17.26282
-17.22212
-17.18143
-17.14073
-17.10003
-17.05934
-17.01864
-16.97794
-16.93724
-16.89655
-16.85585
-16.81515
-16.77445
-16.73376
-16.69306
-16.65236
-16.61166
-16.57097
-16.53027
-16.48957
-16.44888
-16.40818
-16.36748
-16.32678
-16.28609
-16.24539
-16.20469
-16.16399
-16.12330
-16.08260
-16.04190
-16.00121
-15.96051
-15.91981
-15.87911
-15.83842
-15.79772
-15.75702
-15.71632
-15.67563
-15.63493
-15.59423
-15.55353
-15.51284
-15.47214
-15.43144
-15.39075
-15.35005
-15.30935
-15.26865
-15.22796
-15.18726
-15.14656
-15.10586
-15.06517
-15.02447
-14.98377
-14.94307
-14.90238
-14.86168
-14.82098
-14.78029
-14.73959
-14.69889
-14.65819
-14.61750
-14.57680
-14.53610
-14.49540
-14.45471
-14.41401
-14.37331
-14.33262
-14.29192
-14.25122
-14.21052
-14.16983
-14.12913
-14.08843
-14.04773
-14.00704
-13.96634
-13.92564
-13.88494
-13.84425
-13.80355
-13.76285
-13.72216
-13.68146
-13.64076
-13.60006
-13.55937
-13.51867
-13.47797
-13.43727
-13.39658
-13.35588
-13.31518
-13.27449
-13.23379
-13.19309
-13.15239
-13.11170
-13.07100
-13.03030
-12.98960
-12.94891
-12.90821
-12.86751
-12.82681
-12.78612
-12.74542
-12.74542
-12.74542
-12.74542
-12.74542
-12.74542
-12.74542
-12.74542
-12.74542
-12.74542
-12.74542
-12.74542
-12.74542
-12.74542
-12.74542
-12.74542
-12.74542
-12.74542
-12.74542
-12.74542
-12.74542
-12.74542
-12.74542
-12.74542
-12.74542
-12.74542
-12.74542
-12.74542
-12.74542
-12.74542
-12.74542
-12.74542
-12.74542
-12.74542
-12.74542
-12.74542
-12.74542
-12.74542
-12.74542
-12.74542
-12.74542
-12.74542
-12.74542
-12.74542
-12.74542
-12.74542
-12.74542
-12.74542
-12.74542
-12.74542
-12.74542
-12.74542
-12.74542
-12.74542
-12.74542
-12.74542
-12.74542
-12.74542
-12.74542
-12.74542
-12.74542
-12.74542
-12.74542
-12.74542
-12.74542
-12.74542
-12.74542
-12.74542
-12.74542
-12.74542
-12.74542
-12.74542
-12.74542
-12.74542
-12.74542
-12.74542
-12.74542
-12.74542
-12.74542
-12.74542
-12.74542
-12.74318
-12.74094
-12.73870
-12.73646
-12.70175
-12.66704
-12.63232
-12.59761
-12.54761
-12.49761
-12.44761
-12.39761
-12.34761
-12.29762
-12.24762
-12.19762
-12.14761
-12.09761
-12.04761
-11.99761
-11.94761
-11.89761
-11.84762
-11.79762
-11.74762
-11.69762
-11.64762
-11.59761
-11.54761
-11.49761
-11.44761
-11.39761
-11.34761
-11.29762
-11.24762
-11.19762
-11.14761
-11.09761
-11.04761
-10.99761
-10.94761
-10.89761
-10.84762
-10.79762
-10.74762
-10.69762
-10.64762
-10.59761
-10.54761
-10.49761
-10.44761
-10.39761
-10.34761
-10.29762
-10.24762
-10.19762
-10.14761
-10.09761
-10.04761
-9.99761
-9.94761
-9.89761
-9.84762
-9.79762
-9.74762
-9.69762
-9.64762
-9.59761
-9.54761
-9.49761
-9.44761
-9.39761
-9.34761
-9.29762
-9.24762
-9.19762
-9.14762
-9.09761
-9.04761
-8.99761
-8.94761
-8.89762
-8.84762
-8.79762
-8.74762
-8.69762
-8.64762
-8.59761
-8.54761
-8.49761
-8.44762
-8.39762
-8.34762
-8.29762
-8.24762
-8.19762
-8.14762
-8.09761
-8.04761
-7.99761
-7.94761
-7.89762
-7.84762
-7.79762
-7.74734
-7.69706
-7.64677
-7.59649
-7.54247
-7.48845
-7.43443
-7.38042
-7.32637
-7.27232
-7.21827
-7.16422
-7.11212
-7.06002
-7.00792
-6.95582
-6.90477
-6.85372
-6.80267
-6.75162
-6.70091
-6.65020
-6.59949
-6.54878
-6.49825
-6.44773
-6.39720
-6.34667
-6.29638
-6.24610
-6.19581
-6.14553
-6.09555
-6.04557
-5.99559
-5.94561
-5.89563
-5.84565
-5.79567
-5.74569
-5.69570
-5.64570
-5.59571
-5.54572
-5.49573
-5.44574
-5.39575
-5.34576
-5.29578
-5.24580
-5.19583
-5.14585
-5.09587
-5.04588
-4.99590
-4.94592
-4.89595
-4.84598
-4.79601
-4.74604
-4.69607
-4.64610
-4.59613
-4.54616
-4.49619
-4.44623
-4.39627
-4.34630
-4.29634
-4.24638
-4.19642
-4.14646
-4.09650
-4.04654
-3.99658
-3.94663
-3.89668
-3.84674
-3.79679
-3.74685
-3.69697
-3.64710
-3.59722
-3.54735
-3.49770
-3.44805
-3.39841
-3.34876
-3.29889
-3.24902
-3.19914
-3.14927
-3.09964
-3.05002
-3.00039
-2.95077
-18.45647
-18.41604
-18.37560
-18.33517
-18.29474
-18.25431
-18.21388
-18.17344
-18.13301
-18.09258
-18.05215
-18.01172
-17.97129
-17.93085
-17.89042
-17.84999
-17.80956
-17.76913
-17.72869
-17.68826
-17.64783
-17.60740
-17.56697
-17.52653
-17.48610
-17.44567
-17.40524
-17.36481
-17.32437
-17.28394
-17.24351
-17.20308
-17.16265
-17.12222
-17.08178
-17.04135
-17.00092
-16.96049
-16.92006
-16.87962
-16.83919
-16.79876
-16.75833
-16.71790
-16.67746
-16.63703
-16.59660
-16.55617
-16.51574
-16.47531
-16.43487
-16.39444
-16.35401
-16.31358
-16.27315
-16.23271
-16.19228
-16.15185
-16.11142
-16.07099
-16.03055
-15.99012
-15.94969
-15.90926
-15.86883
-15.82839
-15.78796
-15.74753
-15.70710
-15.66667
-15.62624
-15.58580
-15.54537
-15.50494
-15.46451
-15.42408
-15.38364
-15.34321
-15.30278
-15.26235
-15.22192
-15.18148
-15.14105
-15.10062
-15.06019
-15.01976
-14.97933
-14.93889
-14.89846
-14.85803
-14.81760
-14.77717
-14.73673
-14.69630
-14.65587
-14.61544
-14.57501
-14.53457
-14.49414
-14.45371
-14.41328
-14.37285
-14.33242
-14.29198
-14.25155
-14.21112
-14.17069
-14.13026
-14.08982
-14.04939
-14.00896
-13.96853
-13.92810
-13.88766
-13.84723
-13.80680
-13.76637
-13.72594
-13.68550
-13.64507
-13.60464
-13.56421
-13.52378
-13.48335
-13.44291
-13.40248
-13.36205
-13.32162
-13.28119
-13.24075
-13.20032
-13.15989
-13.11946
-13.07903
-13.03859
-12.99816
-12.95773
-12.91730
-12.87687
-12.83644
-12.79600
-12.79600
-12.79600
-12.79600
-12.79600
-12.79600
-12.79600
-12.79600
-12.79600
-12.79600
-12.79600
-12.79600
-12.79600
-12.79600
-12.79600
-12.79600
-12.79600
-12.79600
-12.79600
-12.79600
-12.79600
-12.79600
-12.79600
-12.79600
-12.79600
-12.79600
-12.79600
-12.79600
-12.79600
-12.79600
-12.79600
-12.79600
-12.79600
-12.79600
-12.79600
-12.79600
-12.79600
-12.79600
-12.79600
-12.79600
-12.79600
-12.79600
-12.79600
-12.79600
-12.79600
-12.79600
-12.79600
-12.79600
-12.79600
-12.79600
-12.79600
-12.79600
-12.79600
-12.79600
-12.79600
-12.79600
-12.79600
-12.79600
-12.79600
-12.79600
-12.79600
-12.79600
-12.79600
-12.79600
-12.79600
-12.79600
-12.79600
-12.79600
-12.79600
-12.79600
-12.79600
-12.79600
-12.79600
-12.79600
-12.79600
-12.79600
-12.79600
-12.79600
-12.79600
-12.79600
-12.79600
-12.79600
-12.79600
-12.79600
-12.79600
-12.76747
-12.73893
-12.71040
-12.68187
-12.63282
-12.58378
-12.53474
-12.48570
-12.43570
-12.38570
-12.33570
-12.28570
-12.23569
-12.18569
-12.13569
-12.08569
-12.03569
-11.98570
-11.93570
-11.88570
-11.83570
-11.78570
-11.73570
-11.68570
-11.63570
-11.58570
-11.53570
-11.48570
-11.43570
-11.38570
-11.33570
-11.28570
-11.23569
-11.18569
-11.13569
-11.08569
-11.03569
-10.98570
-10.93570
-10.88570
-10.83570
-10.78570
-10.73570
-10.68570
-10.63570
-10.58570
-10.53570
-10.48570
-10.43570
-10.38570
-10.33570
-10.28570
-10.23569
-10.18569
-10.13569
-10.08569
-10.03569
-9.98570
-9.93570
-9.88570
-9.83570
-9.78570
-9.73570
-9.68570
-9.63570
-9.58570
-9.53570
-9.48570
-9.43570
-9.38570
-9.33570
-9.28570
-9.23570
-9.18570
-9.13570
-9.08570
-9.03570
-8.98570
-8.93570
-8.88570
-8.83570
-8.78570
-8.73570
-8.68570
-8.63570
-8.58570
-8.53570
-8.48570
-8.43570
-8.38570
-8.33570
-8.28570
-8.23570
-8.18570
-8.13570
-8.08570
-8.03570
-7.98570
-7.93570
-7.88570
-7.83570
-7.78570
-7.73570
-7.68570
-7.63261
-7.57952
-7.52643
-7.47335
-7.41950
-7.36565
-7.31180
-7.25794
-7.20582
-7.15369
-7.10156
-7.04943
-6.99830
-6.94717
-6.89604
-6.84490
-6.79406
-6.74321
-6.69236
-6.64151
-6.59090
-6.54029
-6.48968
-6.43907
-6.38873
-6.33838
-6.28803
-6.23769
-6.18769
-6.13770
-6.08770
-6.03771
-5.98772
-5.93774
-5.88776
-5.83778
-5.78778
-5.73778
-5.68779
-5.63779
-5.58779
-5.53780
-5.48780
-5.43781
-5.38783
-5.33784
-5.28786
-5.23787
-5.18788
-5.13790
-5.08791
-5.03792
-4.98794
-4.93796
-4.88798
-4.83800
-4.78803
-4.73805
-4.68808
-4.63810
-4.58813
-4.53815
-4.48818
-4.43821
-4.38824
-4.33827
-4.28831
-4.23834
-4.18837
-4.13840
-4.08843
-4.03846
-3.98851
-3.93856
-3.88861
-3.83866
-3.78869
-3.73873
-3.68876
-3.63879
-3.58920
-3.53961
-3.49001
-3.44042
-3.39048
-3.34055
-3.29062
-3.24068
-3.19103
-3.14138
-3.09174
-3.04209
-18.69494
-18.65317
-18.61139
-18.56962
-18.52784
-18.48607
-18.44429
-18.40252
-18.36075
-18.31897
-18.27720
-18.23542
-18.19365
-18.15187
-18.11010
-18.06832
-18.02655
-17.98478
-17.94300
-17.90123
-17.85945
-17.81768
-17.77590
-17.73413
-17.69235
-17.65058
-17.60881
-17.56703
-17.52526
-17.48348
-17.44171
-17.39993
-17.35816
-17.31638
-17.27461
-17.23284
-17.19106
-17.14929
-17.10751
-17.06574
-17.02396
-16.98219
-16.94041
-16.89864
-16.85686
-16.81509
-16.77332
-16.73154
-16.68977
-16.64799
-16.60622
-16.56444
-16.52267
-16.48089
-16.43912
-16.39735
-16.35557
-16.31380
-16.27202
-16.23025
-16.18847
-16.14670
-16.10492
-16.06315
-16.02138
-15.97960
-15.93783
-15.89605
-15.85428
-15.81250
-15.77073
-15.72895
-15.68718
-15.64541
-15.60363
-15.56186
-15.52008
-15.47831
-15.43653
-15.39476
-15.35298
-15.31121
-15.26943
-15.22766
-15.18589
-15.14411
-15.10234
-15.06056
-15.01879
-14.97701
-14.93524
-14.89346
-14.85169
-14.80992
-14.76814
-14.72637
-14.68459
-14.64282
-14.60104
-14.55927
-14.51749
-14.47572
-14.43395
-14.39217
-14.35040
-14.30862
-14.26685
-14.22507
-14.18330
-14.14152
-14.09975
-14.05798
-14.01620
-13.97443
-13.93265
-13.89088
-13.84910
-13.80733
-13.76555
-13.72378
-13.68200
-13.64023
-13.59846
-13.55668
-13.51491
-13.47313
-13.43136
-13.38958
-13.34781
-13.30603
-13.26426
-13.22249
-13.18071
-13.13894
-13.09716
-13.05539
-13.01361
-12.97184
-12.93006
-12.88829
-12.84652
-12.84652
-12.84652
-12.84652
-12.84652
-12.84652
-12.84652
-12.84652
-12.84652
-12.84652
-12.84652
-12.84652
-12.84652
-12.84652
-12.84652
-12.84652
-12.84652
-12.84652
-12.84652
-12.84652
-12.84652
-12.84652
-12.84652
-12.84652
-12.84652
-12.84652
-12.84652
-12.84652
-12.84652
-12.84652
-12.84652
-12.84652
-12.84652
-12.84652
-12.84652
-12.84652
-12.84652
-12.84652
-12.84652
-12.84652
-12.84652
-12.84652
-12.84652
-12.84652
-12.84652
-12.84652
-12.84652
-12.84652
-12.84652
-12.84652
-12.84652
-12.84652
-12.84652
-12.84652
-12.84652
-12.84652
-12.84652
-12.84652
-12.84652
-12.84652
-12.84652
-12.84652
-12.84652
-12.84652
-12.84652
-12.84652
-12.84652
-12.84652
-12.84652
-12.84652
-12.84652
-12.84652
-12.84652
-12.84652
-12.84652
-12.84652
-12.84652
-12.84652
-12.84652
-12.84652
-12.84652
-12.84652
-12.84652
-12.84652
-12.84652
-12.82404
-12.80157
-12.77909
-12.75662
-12.71089
-12.66516
-12.61944
-12.57371
-12.52371
-12.47371
-12.42371
-12.37371
-12.32371
-12.27371
-12.22371
-12.17370
-12.12371
-12.07371
-12.02371
-11.97371
-11.92371
-11.87371
-11.82371
-11.77371
-11.72371
-11.67371
-11.62371
-11.57371
-11.52371
-11.47371
-11.42371
-11.37371
-11.32371
-11.27371
-11.22371
-11.17370
-11.12371
-11.07371
-11.02371
-10.97371
-10.92371
-10.87371
-10.82371
-10.77371
-10.72371
-10.67371
-10.62371
-10.57371
-10.52371
-10.47371
-10.42371
-10.37371
-10.32371
-10.27371
-10.22371
-10.17370
-10.12371
-10.07371
-10.02371
-9.97371
-9.92371
-9.87371
-9.82371
-9.77371
-9.72371
-9.67371
-9.62371
-9.57371
-9.52371
-9.47371
-9.42371
-9.37371
-9.32371
-9.27371
-9.22371
-9.17371
-9.12371
-9.07371
-9.02371
-8.97371
-8.92371
-8.87371
-8.82371
-8.77371
-8.72371
-8.67371
-8.62371
-8.57371
-8.52371
-8.47371
-8.42371
-8.37371
-8.32371
-8.27371
-8.22371
-8.17371
-8.12371
-8.07371
-8.02371
-7.97371
-7.92371
-7.87371
-7.82371
-7.77371
-7.72128
-7.66885
-7.61641
-7.56398
-7.51091
-7.45784
-7.40477
-7.35170
-7.29999
-7.24827
-7.19655
-7.14483
-7.09349
-7.04215
-6.99081
-6.93947
-6.88811
-6.83675
-6.78539
-6.73402
-6.68317
-6.63232
-6.58146
-6.53061
-6.48022
-6.42983
-6.37944
-6.32906
-6.27899
-6.22893
-6.17887
-6.12880
-6.07882
-6.02883
-5.97885
-5.92887
-5.87887
-5.82887
-5.77887
-5.72888
-5.67888
-5.62889
-5.57890
-5.52891
-5.47892
-5.42893
-5.37895
-5.32896
-5.27897
-5.22898
-5.17900
-5.12901
-5.07903
-5.02905
-4.97907
-4.92908
-4.87911
-4.82913
-4.77915
-4.72918
-4.67920
-4.62922
-4.57925
-4.52927
-4.47930
-4.42933
-4.37936
-4.32939
-4.27942
-4.22944
-4.17947
-4.12950
-4.07954
-4.02959
-3.97963
-3.92967
-3.87970
-3.82974
-3.77977
-3.72980
-3.68012
-3.63044
-3.58077
-3.53109
-3.48122
-3.43135
-3.38148
-3.33162
-3.28189
-3.23217
-3.18244
-3.13272
-18.93342
-18.89030
-18.84718
-18.80406
-18.76095
-18.71783
-18.67471
-18.63160
-18.58848
-18.54536
-18.50225
-18.45913
-18.41601
-18.37289
-18.32978
-18.28666
-18.24354
-18.20043
-18.15731
-18.11419
-18.07107
-18.02796
-17.98484
-17.94172
-17.89861
-17.85549
-17.81237
-17.76926
-17.72614
-17.68302
-17.63990
-17.59679
-17.55367
-17.51055
-17.46744
-17.42432
-17.38120
-17.33808
-17.29497
-17.25185
-17.20873
-17.16562
-17.12250
-17.07938
-17.03627
-16.99315
-16.95003
-16.90691
-16.86380
-16.82068
-16.77756
-16.73445
-16.69133
-16.64821
-16.60509
-16.56198
-16.51886
-16.47574
-16.43263
-16.38951
-16.34639
-16.30328
-16.26016
-16.21704
-16.17392
-16.13081
-16.08769
-16.04457
-16.00146
-15.95834
-15.91522
-15.87210
-15.82899
-15.78587
-15.74275
-15.69964
-15.65652
-15.61340
-15.57029
-15.52717
-15.48405
-15.44093
-15.39782
-15.35470
-15.31158
-15.26847
-15.22535
-15.18223
-15.13911
-15.09600
-15.05288
-15.00976
-14.96665
-14.92353
-14.88041
-14.83730
-14.79418
-14.75106
-14.70794
-14.66483
-14.62171
-14.57859
-14.53548
-14.49236
-14.44924
-14.40612
-14.36301
-14.31989
-14.27677
-14.23366
-14.19054
-14.14742
-14.10431
-14.06119
-14.01807
-13.97495
-13.93184
-13.88872
-13.84560
-13.80249
-13.75937
-13.71625
-13.67313
-13.63002
-13.58690
-13.54378
-13.50067
-13.45755
-13.41443
-13.37132
-13.32820
-13.28508
-13.24196
-13.19885
-13.15573
-13.11261
-13.06950
-13.02638
-12.98326
-12.94014
-12.89703
-12.89703
-12.89703
-12.89703
-12.89703
-12.89703
-12.89703
-12.89703
-12.89703
-12.89703
-12.89703
-12.89703
-12.89703
-12.89703
-12.89703
-12.89703
-12.89703
-12.89703
-12.89703
-12.89703
-12.89703
-12.89703
-12.89703
-12.89703
-12.89703
-12.89703
-12.89703
-12.89703
-12.89703
-12.89703
-12.89703
-12.89703
-12.89703
-12.89703
-12.89703
-12.89703
-12.89703
-12.89703
-12.89703
-12.89703
-12.89703
-12.89703
-12.89703
-12.89703
-12.89703
-12.89703
-12.89703
-12.89703
-12.89703
-12.89703
-12.89703
-12.89703
-12.89703
-12.89703
-12.89703
-12.89703
-12.89703
-12.89703
-12.89703
-12.89703
-12.89703
-12.89703
-12.89703
-12.89703
-12.89703
-12.89703
-12.89703
-12.89703
-12.89703
-12.89703
-12.89703
-12.89703
-12.89703
-12.89703
-12.89703
-12.89703
-12.89703
-12.89703
-12.89703
-12.89703
-12.89703
-12.89703
-12.89703
-12.89703
-12.89703
-12.88061
-12.86420
-12.84778
-12.83137
-12.78896
-12.74655
-12.70413
-12.66172
-12.61172
-12.56172
-12.51172
-12.46172
-12.41172
-12.36172
-12.31172
-12.26172
-12.21172
-12.16172
-12.11172
-12.06173
-12.01173
-11.96172
-11.91172
-11.86172
-11.81172
-11.76172
-11.71172
-11.66172
-11.61172
-11.56172
-11.51172
-11.46172
-11.41172
-11.36172
-11.31172
-11.26172
-11.21172
-11.16172
-11.11172
-11.06173
-11.01173
-10.96172
-10.91172
-10.86172
-10.81172
-10.76172
-10.71172
-10.66172
-10.61172
-10.56172
-10.51172
-10.46172
-10.41172
-10.36172
-10.31172
-10.26172
-10.21172
-10.16172
-10.11172
-10.06173
-10.01173
-9.96172
-9.91172
-9.86172
-9.81172
-9.76172
-9.71172
-9.66172
-9.61172
-9.56172
-9.51172
-9.46172
-9.41172
-9.36172
-9.31172
-9.26172
-9.21172
-9.16172
-9.11172
-9.06173
-9.01173
-8.96172
-8.91172
-8.86172
-8.81172
-8.76172
-8.71172
-8.66172
-8.61172
-8.56172
-8.51172
-8.46172
-8.41172
-8.36172
-8.31172
-8.26172
-8.21172
-8.16172
-8.11172
-8.06173
-8.01173
-7.96173
-7.91173
-7.86173
-7.80995
-7.75817
-7.70639
-7.65462
-7.60233
-7.55004
-7.49775
-7.44546
-7.39416
-7.34285
-7.29154
-7.24023
-7.18868
-7.13713
-7.08559
-7.03404
-6.98216
-6.93029
-6.87841
-6.82653
-6.77544
-6.72434
-6.67324
-6.62214
-6.57171
-6.52128
-6.47085
-6.42042
-6.37029
-6.32016
-6.27003
-6.21990
-6.16991
-6.11993
-6.06994
-6.01996
-5.96996
-5.91996
-5.86996
-5.81997
-5.76997
-5.71998
-5.66999
-5.62000
-5.57001
-5.52002
-5.47004
-5.42005
-5.37006
-5.32007
-5.27009
-5.22010
-5.17011
-5.12013
-5.07015
-5.02017
-4.97019
-4.92021
-4.87023
-4.82025
-4.77027
-4.72029
-4.67032
-4.62034
-4.57036
-4.52039
-4.47041
-4.42044
-4.37046
-4.32049
-4.27052
-4.22054
-4.17058
-4.12061
-4.07065
-4.02069
-3.97072
-3.92074
-3.87077
-3.82080
-3.77104
-3.72128
-3.67152
-3.62176
-3.57196
-3.52215
-3.47235
-3.42255
-3.37275
-3.32295
-3.27315
-3.22335
-19.17189
-19.12743
-19.08297
-19.03851
-18.99405
-18.94959
-18.90513
-18.86067
-18.81621
-18.77175
-18.72729
-18.68283
-18.63837
-18.59391
-18.54945
-18.50499
-18.46054
-18.41608
-18.37162
-18.32716
-18.28270
-18.23824
-18.19378
-18.14932
-18.10486
-18.06040
-18.01594
-17.97148
-17.92702
-17.88256
-17.83810
-17.79364
-17.74918
-17.70472
-17.66026
-17.61580
-17.57134
-17.52688
-17.48242
-17.43796
-17.39350
-17.34904
-17.30458
-17.26012
-17.21567
-17.17121
-17.12675
-17.08229
-17.03783
-16.99337
-16.94891
-16.90445
-16.85999
-16.81553
-16.77107
-16.72661
-16.68215
-16.63769
-16.59323
-16.54877
-16.50431
-16.45985
-16.41539
-16.37093
-16.32647
-16.28201
-16.23755
-16.19309
-16.14863
-16.10417
-16.05971
-16.01525
-15.97080
-15.92634
-15.88188
-15.83742
-15.79296
-15.74850
-15.70404
-15.65958
-15.61512
-15.57066
-15.52620
-15.48174
-15.43728
-15.39282
-15.34836
-15.30390
-15.25944
-15.21498
-15.17052
-15.12606
-15.08160
-15.03714
-14.99268
-14.94822
-14.90376
-14.85930
-14.81484
-14.77038
-14.72593
-14.68147
-14.63701
-14.59255
-14.54809
-14.50363
-14.45917
-14.41471
-14.37025
-14.32579
-14.28133
-14.23687
-14.19241
-14.14795
-14.10349
-14.05903
-14.01457
-13.97011
-13.92565
-13.88119
-13.83673
-13.79227
-13.74781
-13.70335
-13.65889
-13.61443
-13.56997
-13.52551
-13.48106
-13.43660
-13.39214
-13.34768
-13.30322
-13.25876
-13.21430
-13.16984
-13.12538
-13.08092
-13.03646
-12.99200
-12.94754
-12.94754
-12.94754
-12.94754
-12.94754
-12.94754
-12.94754
-12.94754
-12.94754
-12.94754
-12.94754
-12.94754
-12.94754
-12.94754
-12.94754
-12.94754
-12.94754
-12.94754
-12.94754
-12.94754
-12.94754
-12.94754
-12.94754
-12.94754
-12.94754
-12.94754
-12.94754
-12.94754
-12.94754
-12.94754
-12.94754
-12.94754
-12.94754
-12.94754
-12.94754
-12.94754
-12.94754
-12.94754
-12.94754
-12.94754
-12.94754
-12.94754
-12.94754
-12.94754
-12.94754
-12.94754
-12.94754
-12.94754
-12.94754
-12.94754
-12.94754
-12.94754
-12.94754
-12.94754
-12.94754
-12.94754
-12.94754
-12.94754
-12.94754
-12.94754
-12.94754
-12.94754
-12.94754
-12.94754
-12.94754
-12.94754
-12.94754
-12.94754
-12.94754
-12.94754
-12.94754
-12.94754
-12.94754
-12.94754
-12.94754
-12.94754
-12.94754
-12.94754
-12.94754
-12.94754
-12.94754
-12.94754
-12.94754
-12.94754
-12.94754
-12.93719
-12.92683
-12.91648
-12.90612
-12.86702
-12.82793
-12.78883
-12.74973
-12.69973
-12.64973
-12.59974
-12.54974
-12.49974
-12.44973
-12.39973
-12.34973
-12.29973
-12.24973
-12.19974
-12.14974
-12.09974
-12.04974
-11.99974
-11.94974
-11.89973
-11.84973
-11.79973
-11.74973
-11.69973
-11.64973
-11.59974
-11.54974
-11.49974
-11.44973
-11.39973
-11.34973
-11.29973
-11.24973
-11.19974
-11.14974
-11.09974
-11.04974
-10.99974
-10.94974
-10.89973
-10.84973
-10.79973
-10.74973
-10.69973
-10.64973
-10.59974
-10.54974
-10.49974
-10.44973
-10.39973
-10.34973
-10.29973
-10.24973
-10.19974
-10.14974
-10.09974
-10.04974
-9.99974
-9.94974
-9.89973
-9.84973
-9.79973
-9.74973
-9.69973
-9.64973
-9.59974
-9.54974
-9.49974
-9.44974
-9.39973
-9.34973
-9.29973
-9.24974
-9.19974
-9.14974
-9.09974
-9.04974
-8.99974
-8.94974
-8.89973
-8.84973
-8.79973
-8.74973
-8.69973
-8.64973
-8.59974
-8.54974
-8.49974
-8.44974
-8.39973
-8.34973
-8.29973
-8.24974
-8.19974
-8.14974
-8.09974
-8.04974
-7.99974
-7.94974
-7.89862
-7.84749
-7.79637
-7.74525
-7.69374
-7.64224
-7.59073
-7.53922
-7.48833
-7.43743
-7.38653
-7.33563
-7.28387
-7.23212
-7.18036
-7.12860
-7.07621
-7.02382
-6.97143
-6.91904
-6.86770
-6.81636
-6.76502
-6.71368
-6.66321
-6.61274
-6.56226
-6.51179
-6.46159
-6.41139
-6.36119
-6.31099
-6.26101
-6.21102
-6.16103
-6.11104
-6.06105
-6.01105
-5.96105
-5.91105
-5.86107
-5.81108
-5.76109
-5.71110
-5.66111
-5.61112
-5.56113
-5.51114
-5.46115
-5.41116
-5.36117
-5.31119
-5.26120
-5.21122
-5.16123
-5.11125
-5.06127
-5.01128
-4.96130
-4.91132
-4.86134
-4.81136
-4.76138
-4.71140
-4.66142
-4.61144
-4.56147
-4.51149
-4.46151
-4.41153
-4.36156
-4.31158
-4.26161
-4.21164
-4.16167
-4.11170
-4.06173
-4.01175
-3.96178
-3.91181
-3.86196
-3.81212
-3.76228
-3.71243
-3.66269
-3.61296
-3.56322
-3.51348
-3.46361
-3.41374
-3.36386
-3.31399
-19.41036
-19.36456
-19.31876
-19.27296
-19.22715
-19.18135
-19.13555
-19.08975
-19.04395
-18.99814
-18.95234
-18.90654
-18.86074
-18.81493
-18.76913
-18.72333
-18.67753
-18.63173
-18.58592
-18.54012
-18.49432
-18.44852
-18.40271
-18.35691
-18.31111
-18.26531
-18.21951
-18.17370
-18.12790
-18.08210
-18.03630
-17.99049
-17.94469
-17.89889
-17.85309
-17.80729
-17.76148
-17.71568
-17.66988
-17.62408
-17.57827
-17.53247
-17.48667
-17.44087
-17.39507
-17.34926
-17.30346
-17.25766
-17.21186
-17.16605
-17.12025
-17.07445
-17.02865
-16.98285
-16.93704
-16.89124
-16.84544
-16.79964
-16.75383
-16.70803
-16.66223
-16.61643
-16.57063
-16.52482
-16.47902
-16.43322
-16.38742
-16.34161
-16.29581
-16.25001
-16.20421
-16.15841
-16.11260
-16.06680
-16.02100
-15.97520
-15.92939
-15.88359
-15.83779
-15.79199
-15.74619
-15.70038
-15.65458
-15.60878
-15.56298
-15.51717
-15.47137
-15.42557
-15.37977
-15.33397
-15.28816
-15.24236
-15.19656
-15.15076
-15.10495
-15.05915
-15.01335
-14.96755
-14.92175
-14.87594
-14.83014
-14.78434
-14.73854
-14.69273
-14.64693
-14.60113
-14.55533
-14.50953
-14.46372
-14.41792
-14.37212
-14.32632
-14.28051
-14.23471
-14.18891
-14.14311
-14.09731
-14.05150
-14.00570
-13.95990
-13.91410
-13.86829
-13.82249
-13.77669
-13.73089
-13.68509
-13.63928
-13.59348
-13.54768
-13.50188
-13.45607
-13.41027
-13.36447
-13.31867
-13.27287
-13.22706
-13.18126
-13.13546
-13.08966
-13.04385
-12.99805
-12.99805
-12.99805
-12.99805
-12.99805
-12.99805
-12.99805
-12.99805
-12.99805
-12.99805
-12.99805
-12.99805
-12.99805
-12.99805
-12.99805
-12.99805
-12.99805
-12.99805
-12.99805
-12.99805
-12.99805
-12.99805
-12.99805
-12.99805
-12.99805
-12.99805
-12.99805
-12.99805
-12.99805
-12.99805
-12.99805
-12.99805
-12.99805
-12.99805
-12.99805
-12.99805
-12.99805
-12.99805
-12.99805
-12.99805
-12.99805
-12.99805
-12.99805
-12.99805
-12.99805
-12.99805
-12.99805
-12.99805
-12.99805
-12.99805
-12.99805
-12.99805
-12.99805
-12.99805
-12.99805
-12.99805
-12.99805
-12.99805
-12.99805
-12.99805
-12.99805
-12.99805
-12.99805
-12.99805
-12.99805
-12.99805
-12.99805
-12.99805
-12.99805
-12.99805
-12.99805
-12.99805
-12.99805
-12.99805
-12.99805
-12.99805
-12.99805
-12.99805
-12.99805
-12.99805
-12.99805
-12.99805
-12.99805
-12.99805
-12.99805
-12.99376
-12.98946
-12.98517
-12.98087
-12.94509
-12.90931
-12.87353
-12.83774
-12.78774
-12.73775
-12.68775
-12.63775
-12.58775
-12.53775
-12.48775
-12.43775
-12.38775
-12.33775
-12.28775
-12.23775
-12.18775
-12.13775
-12.08775
-12.03775
-11.98775
-11.93775
-11.88774
-11.83774
-11.78774
-11.73775
-11.68775
-11.63775
-11.58775
-11.53775
-11.48775
-11.43775
-11.38775
-11.33775
-11.28775
-11.23775
-11.18775
-11.13775
-11.08775
-11.03775
-10.98775
-10.93775
-10.88774
-10.83774
-10.78774
-10.73775
-10.68775
-10.63775
-10.58775
-10.53775
-10.48775
-10.43775
-10.38775
-10.33775
-10.28775
-10.23775
-10.18775
-10.13775
-10.08775
-10.03775
-9.98775
-9.93775
-9.88774
-9.83774
-9.78774
-9.73775
-9.68775
-9.63775
-9.58775
-9.53775
-9.48775
-9.43775
-9.38775
-9.33775
-9.28775
-9.23775
-9.18775
-9.13775
-9.08775
-9.03775
-8.98775
-8.93775
-8.88774
-8.83774
-8.78774
-8.73775
-8.68775
-8.63775
-8.58775
-8.53775
-8.48775
-8.43775
-8.38775
-8.33775
-8.28775
-8.23775
-8.18775
-8.13775
-8.08775
-8.03775
-7.98729
-7.93682
-7.88635
-7.83588
-7.78516
-7.73443
-7.68371
-7.63298
-7.58249
-7.53201
-7.48152
-7.43103
-7.37907
-7.32710
-7.27514
-7.22317
-7.17027
-7.11736
-7.06446
-7.01156
-6.95997
-6.90839
-6.85680
-6.80522
-6.75470
-6.70419
-6.65367
-6.60316
-6.55289
-6.50262
-6.45236
-6.40209
-6.35210
-6.30211
-6.25212
-6.20213
-6.15213
-6.10214
-6.05214
-6.00214
-5.95216
-5.90217
-5.85218
-5.80219
-5.75220
-5.70221
-5.65222
-5.60222
-5.55224
-5.50225
-5.45226
-5.40227
-5.35229
-5.30230
-5.25231
-5.20233
-5.15235
-5.10236
-5.05238
-5.00239
-4.95241
-4.90243
-4.85245
-4.80247
-4.75249
-4.70250
-4.65252
-4.60253
-4.55256
-4.50258
-4.45260
-4.40262
-4.35265
-4.30267
-4.25269
-4.20271
-4.15274
-4.10276
-4.05279
-4.00281
-3.95288
-3.90296
-3.85303
-3.80310
-3.75343
-3.70376
-3.65409
-3.60442
-3.55447
-3.50452
-3.45457
-3.40462
-19.59405
-19.54730
-19.50055
-19.45379
-19.40704
-19.36028
-19.31353
-19.26678
-19.22002
-19.17327
-19.12652
-19.07976
-19.03301
-18.98625
-18.93950
-18.89275
-18.84599
-18.79924
-18.75249
-18.70573
-18.65898
-18.61223
-18.56547
-18.51872
-18.47196
-18.42521
-18.37846
-18.33170
-18.28495
-18.23820
-18.19144
-18.14469
-18.09793
-18.05118
-18.00443
-17.95767
-17.91092
-17.86417
-17.81741
-17.77066
-17.72391
-17.67715
-17.63040
-17.58364
-17.53689
-17.49014
-17.44338
-17.39663
-17.34988
-17.30312
-17.25637
-17.20961
-17.16286
-17.11611
-17.06935
-17.02260
-16.97585
-16.92909
-16.88234
-16.83558
-16.78883
-16.74208
-16.69532
-16.64857
-16.60182
-16.55506
-16.50831
-16.46156
-16.41480
-16.36805
-16.32129
-16.27454
-16.22779
-16.18103
-16.13428
-16.08753
-16.04077
-15.99402
-15.94726
-15.90051
-15.85376
-15.80700
-15.76025
-15.71350
-15.66674
-15.61999
-15.57324
-15.52648
-15.47973
-15.43297
-15.38622
-15.33947
-15.29271
-15.24596
-15.19921
-15.15245
-15.10570
-15.05894
-15.01219
-14.96544
-14.91868
-14.87193
-14.82518
-14.77842
-14.73167
-14.68492
-14.63816
-14.59141
-14.54465
-14.49790
-14.45115
-14.40439
-14.35764
-14.31089
-14.26413
-14.21738
-14.17062
-14.12387
-14.07712
-14.03036
-13.98361
-13.93686
-13.89010
-13.84335
-13.79659
-13.74984
-13.70309
-13.65633
-13.60958
-13.56283
-13.51607
-13.46932
-13.42257
-13.37581
-13.32906
-13.28230
-13.23555
-13.18880
-13.14204
-13.09529
-13.04854
-13.04854
-13.04854
-13.04854
-13.04854
-13.04854
-13.04854
-13.04854
-13.04854
-13.04854
-13.04854
-13.04854
-13.04854
-13.04854
-13.04854
-13.04854
-13.04854
-13.04854
-13.04854
-13.04854
-13.04854
-13.04854
-13.04854
-13.04854
-13.04854
-13.04854
-13.04854
-13.04854
-13.04854
-13.04854
-13.04854
-13.04854
-13.04854
-13.04854
-13.04854
-13.04854
-13.04854
-13.04854
-13.04854
-13.04854
-13.04854
-13.04854
-13.04854
-13.04854
-13.04854
-13.04854
-13.04854
-13.04854
-13.04854
-13.04854
-13.04854
-13.04854
-13.04854
-13.04854
-13.04854
-13.04854
-13.04854
-13.04854
-13.04854
-13.04854
-13.04854
-13.04854
-13.04854
-13.04854
-13.04854
-13.04854
-13.04854
-13.04854
-13.04854
-13.04854
-13.04854
-13.04854
-13.04854
-13.04854
-13.04854
-13.04854
-13.04854
-13.04854
-13.04854
-13.04854
-13.04854
-13.04854
-13.04854
-13.04854
-13.04854
-13.04854
-13.04854
-13.04854
-13.04854
-13.01762
-12.98669
-12.95577
-12.92485
-12.87507
-12.82529
-12.77551
-12.72574
-12.67573
-12.62573
-12.57573
-12.52573
-12.47573
-12.42573
-12.37573
-12.32573
-12.27573
-12.22573
-12.17573
-12.12573
-12.07573
-12.02573
-11.97573
-11.92573
-11.87573
-11.82573
-11.77573
-11.72574
-11.67573
-11.62573
-11.57573
-11.52573
-11.47573
-11.42573
-11.37573
-11.32573
-11.27573
-11.22573
-11.17573
-11.12573
-11.07573
-11.02573
-10.97573
-10.92573
-10.87573
-10.82573
-10.77573
-10.72574
-10.67573
-10.62573
-10.57573
-10.52573
-10.47573
-10.42573
-10.37573
-10.32573
-10.27573
-10.22573
-10.17573
-10.12573
-10.07573
-10.02573
-9.97573
-9.92573
-9.87573
-9.82573
-9.77573
-9.72574
-9.67573
-9.62573
-9.57573
-9.52573
-9.47573
-9.42573
-9.37573
-9.32573
-9.27573
-9.22573
-9.17573
-9.12573
-9.07573
-9.02573
-8.97573
-8.92573
-8.87573
-8.82573
-8.77573
-8.72574
-8.67573
-8.62573
-8.57573
-8.52573
-8.47573
-8.42573
-8.37573
-8.32573
-8.27573
-8.22574
-8.17574
-8.12574
-8.07574
-8.02573
-7.97573
-7.92573
-7.87557
-7.82541
-7.77525
-7.72509
-7.67491
-7.62473
-7.57454
-7.52436
-7.47241
-7.42045
-7.36850
-7.31655
-7.26333
-7.21010
-7.15688
-7.10366
-7.05185
-7.00004
-6.94823
-6.89642
-6.84585
-6.79528
-6.74471
-6.69414
-6.64384
-6.59354
-6.54324
-6.49294
-6.44294
-6.39295
-6.34295
-6.29296
-6.24296
-6.19296
-6.14297
-6.09297
-6.04298
-5.99300
-5.94301
-5.89302
-5.84303
-5.79303
-5.74304
-5.69305
-5.64306
-5.59307
-5.54308
-5.49309
-5.44311
-5.39312
-5.34313
-5.29315
-5.24316
-5.19318
-5.14319
-5.09320
-5.04322
-4.99324
-4.94326
-4.89328
-4.84329
-4.79330
-4.74331
-4.69333
-4.64335
-4.59337
-4.54339
-4.49341
-4.44343
-4.39345
-4.34346
-4.29348
-4.24350
-4.19352
-4.14355
-4.09357
-4.04358
-3.99359
-3.94361
-3.89362
-3.84397
-3.79432
-3.74466
-3.69501
-3.64504
-3.59506
-3.54509
-3.49511
-19.64447
-19.59771
-19.55096
-19.50421
-19.45745
-19.41070
-19.36395
-19.31719
-19.27044
-19.22369
-19.17693
-19.13018
-19.08342
-19.03667
-18.98992
-18.94316
-18.89641
-18.84966
-18.80290
-18.75615
-18.70939
-18.66264
-18.61589
-18.56913
-18.52238
-18.47563
-18.42887
-18.38212
-18.33537
-18.28861
-18.24186
-18.19510
-18.14835
-18.10160
-18.05484
-18.00809
-17.96134
-17.91458
-17.86783
-17.82107
-17.77432
-17.72757
-17.68081
-17.63406
-17.58731
-17.54055
-17.49380
-17.44704
-17.40029
-17.35354
-17.30678
-17.26003
-17.21328
-17.16652
-17.11977
-17.07302
-17.02626
-16.97951
-16.93275
-16.88600
-16.83925
-16.79249
-16.74574
-16.69899
-16.65223
-16.60548
-16.55872
-16.51197
-16.46522
-16.41846
-16.37171
-16.32496
-16.27820
-16.23145
-16.18470
-16.13794
-16.09119
-16.04443
-15.99768
-15.95093
-15.90417
-15.85742
-15.81067
-15.76391
-15.71716
-15.67040
-15.62365
-15.57690
-15.53014
-15.48339
-15.43664
-15.38988
-15.34313
-15.29638
-15.24962
-15.20287
-15.15611
-15.10936
-15.06261
-15.01585
-14.96910
-14.92235
-14.87559
-14.82884
-14.78208
-14.73533
-14.68858
-14.64182
-14.59507
-14.54832
-14.50156
-14.45481
-14.40805
-14.36130
-14.31455
-14.26779
-14.22104
-14.17429
-14.12753
-14.08078
-14.03403
-13.98727
-13.94052
-13.89376
-13.84701
-13.80026
-13.75350
-13.70675
-13.66000
-13.61324
-13.56649
-13.51973
-13.47298
-13.42623
-13.37947
-13.33272
-13.28597
-13.23921
-13.19246
-13.14571
-13.09895
-13.09895
-13.09895
-13.09895
-13.09895
-13.09895
-13.09895
-13.09895
-13.09895
-13.09895
-13.09895
-13.09895
-13.09895
-13.09895
-13.09895
-13.09895
-13.09895
-13.09895
-13.09895
-13.09895
-13.09895
-13.09895
-13.09895
-13.09895
-13.09895
-13.09895
-13.09895
-13.09895
-13.09895
-13.09895
-13.09895
-13.09895
-13.09895
-13.09895
-13.09895
-13.09895
-13.09895
-13.09895
-13.09895
-13.09895
-13.09895
-13.09895
-13.09895
-13.09895
-13.09895
-13.09895
-13.09895
-13.09895
-13.09895
-13.09895
-13.09895
-13.09895
-13.09895
-13.09895
-13.09895
-13.09895
-13.09895
-13.09895
-13.09895
-13.09895
-13.09895
-13.09895
-13.09895
-13.09895
-13.09895
-13.09895
-13.09895
-13.09895
-13.09895
-13.09895
-13.09895
-13.09895
-13.09895
-13.09895
-13.09895
-13.09895
-13.09895
-13.09895
-13.09895
-13.09895
-13.09895
-13.09895
-13.09895
-13.09895
-13.09895
-13.09895
-13.09895
-13.09895
-13.09895
-13.07666
-13.05436
-13.03206
-13.00977
-12.96074
-12.91171
-12.86268
-12.81365
-12.76365
-12.71365
-12.66365
-12.61365
-12.56365
-12.51365
-12.46365
-12.41365
-12.36365
-12.31365
-12.26365
-12.21365
-12.16365
-12.11365
-12.06365
-12.01365
-11.96365
-11.91365
-11.86365
-11.81365
-11.76365
-11.71365
-11.66365
-11.61365
-11.56365
-11.51365
-11.46365
-11.41365
-11.36365
-11.31365
-11.26365
-11.21365
-11.16365
-11.11365
-11.06365
-11.01365
-10.96365
-10.91365
-10.86365
-10.81365
-10.76365
-10.71365
-10.66365
-10.61365
-10.56365
-10.51365
-10.46365
-10.41365
-10.36365
-10.31365
-10.26365
-10.21365
-10.16365
-10.11365
-10.06365
-10.01365
-9.96365
-9.91365
-9.86365
-9.81365
-9.76365
-9.71365
-9.66365
-9.61365
-9.56365
-9.51365
-9.46365
-9.41365
-9.36365
-9.31365
-9.26365
-9.21365
-9.16365
-9.11365
-9.06365
-9.01365
-8.96365
-8.91365
-8.86365
-8.81365
-8.76365
-8.71365
-8.66365
-8.61365
-8.56365
-8.51365
-8.46365
-8.41365
-8.36365
-8.31365
-8.26365
-8.21365
-8.16365
-8.11365
-8.06365
-8.01365
-7.96353
-7.91342
-7.86330
-7.81319
-7.76306
-7.71292
-7.66279
-7.61266
-7.56125
-7.50984
-7.45844
-7.40703
-7.35396
-7.30090
-7.24784
-7.19477
-7.14278
-7.09079
-7.03880
-6.98681
-6.93615
-6.88549
-6.83484
-6.78418
-6.73393
-6.68368
-6.63342
-6.58317
-6.53316
-6.48315
-6.43314
-6.38314
-6.33314
-6.28314
-6.23315
-6.18315
-6.13316
-6.08318
-6.03319
-5.98320
-5.93321
-5.88321
-5.83322
-5.78323
-5.73324
-5.68325
-5.63325
-5.58326
-5.53328
-5.48329
-5.43331
-5.38332
-5.33334
-5.28335
-5.23336
-5.18338
-5.13340
-5.08341
-5.03343
-4.98345
-4.93346
-4.88347
-4.83349
-4.78350
-4.73352
-4.68354
-4.63356
-4.58358
-4.53359
-4.48361
-4.43362
-4.38364
-4.33366
-4.28368
-4.23370
-4.18372
-4.13373
-4.08375
-4.03376
-3.98377
-3.93402
-3.88428
-3.83453
-3.78478
-3.73490
-3.68502
-3.63514
-3.58526
