# AthenaK stellar Rosseland opacity table, log10 kappa_R [cm^2/g] on (log10 T[K], log10 rho[g/cm3]); INCLUDES electron scattering
# GS98 metals, X=0.700 Y=0.280 Z=0.020 (accretor / Plaskett gainer); mixture mixture_x0.70_z0.02.txt (planck_tools/mixspec.py 0.70 0.02, TOPS number fractions; Ferguson GS98 scaled solar, same mixture)
# EXTENDED table (accretor-tables-1008, 10-09) with the AG Car ext2 procedure. Built by scripts/build_ext.py fergR
# HIGH T: LANL TOPS/ATOMIC (fetch_tops.py, T 0.0005-10 keV, rho 1e-21..1); its data are flat (clamped) below a T-dependent floor (log rho -15.8 at 5800 K, -14 at 1e5 K, -12.6 at 1 MK, -11.2 at 8 MK, -9.4 at 116 MK; there the TOPS-only table values (clamped, kept bitwise) fill -14..floor)
# BLEND: linear in log T of log10 kappa over log T 4.00..4.20 (low-T source below, TOPS above); log T >= 4.20 and log rho >= -14 are BITWISE the TOPS-only table (tables/*_tops_gs98_x0.70_z0.02.txt, convert_tops.py)
# LOW-RHO EXTENSION below each source floor: Rosseland = Saha e-scattering + absorption x (rho/rho_e)^s; Planck = kP_e (rho/rho_e)^s; s = local log slope over 0.6 dex, clamped [0,1], boxcar-averaged over +-0.1 dex in log T (see build_ext.py)
# ext2 = FERGUSON PAIR: low-T Rosseland AND Planck from Ferguson et al. 2005 GS98 (f05.gs98.tar.gz md5 96a1b1db, f05.g98.pl.tar.gz md5 69d8b6d3, Wichita State), interpolated as data/stellar_opac/planck_tools/convert_ferguson.py (bilinear in log T, log R); grains included (only below ~2000 K, under both tfloors)
# LOW T (Rosseland): Ferguson et al. 2005 Rosseland g98.7.02.tron (GS98, X 0.7 Z 0.02 directly, no X interpolation; grains included as in the Planck); valid log T 2.70..4.50, log R -8.0..1.0 (R = rho/T6^3)
# VALID BOX (data): log T 2.70..8.0 (TOPS to 8.065) [Ferguson below log T 4.2, TOPS above 4.0, blended between]; log rho >= TOPS floor (log T >= 4.0) or log R >= -8 (log T < 4.0); below: the physical extension (model, not data); log T < 2.70 and log R > 1 (log T < 4.0) EDGE-FILLED
# Read with he_opac_table (he_star_m1), same format as before.
# grid: nT nD lTmin dlT lDmin dlD
# 217 421 2.6 0.025 -21 0.05
# then nT*nD rows, T slowest: log10 kappa [cm^2/g]
-0.16468
-0.16451
-0.16433
-0.16416
-0.16399
-0.16382
-0.16364
-0.16347
-0.16330
-0.16313
-0.16296
-0.16278
-0.16261
-0.16244
-0.16227
-0.16209
-0.16192
-0.16175
-0.16158
-0.16141
-0.16123
-0.16106
-0.16089
-0.16072
-0.16054
-0.16037
-0.16020
-0.16003
-0.15986
-0.15968
-0.15951
-0.15934
-0.15917
-0.15899
-0.15882
-0.15865
-0.15848
-0.15831
-0.15813
-0.15796
-0.15779
-0.15762
-0.15744
-0.15727
-0.15710
-0.15693
-0.15676
-0.15658
-0.15641
-0.15624
-0.15607
-0.15589
-0.15572
-0.15555
-0.15538
-0.15521
-0.15503
-0.15486
-0.15469
-0.15452
-0.15434
-0.15417
-0.15400
-0.15400
-0.15400
-0.15400
-0.15400
-0.15400
-0.15400
-0.15400
-0.15400
-0.15400
-0.15400
-0.15400
-0.15400
-0.15400
-0.15400
-0.15400
-0.15400
-0.15400
-0.15400
-0.15400
-0.15400
-0.15350
-0.15300
-0.15250
-0.15200
-0.15150
-0.15100
-0.15050
-0.15000
-0.14950
-0.14900
-0.14900
-0.14900
-0.14900
-0.14900
-0.14900
-0.14900
-0.14900
-0.14900
-0.14900
-0.14900
-0.14950
-0.15000
-0.15050
-0.15100
-0.15150
-0.15200
-0.15250
-0.15300
-0.15350
-0.15400
-0.15390
-0.15380
-0.15370
-0.15360
-0.15350
-0.15340
-0.15330
-0.15320
-0.15310
-0.15300
-0.15300
-0.15300
-0.15300
-0.15300
-0.15300
-0.15300
-0.15300
-0.15300
-0.15300
-0.15300
-0.15250
-0.15200
-0.15150
-0.15100
-0.15050
-0.15000
-0.14950
-0.14900
-0.14850
-0.14800
-0.14840
-0.14880
-0.14920
-0.14960
-0.15000
-0.15040
-0.15080
-0.15120
-0.15160
-0.15200
-0.15200
-0.15200
-0.15200
-0.15200
-0.15200
-0.15200
-0.15200
-0.15200
-0.15200
-0.15200
-0.15060
-0.14920
-0.14780
-0.14640
-0.14500
-0.14360
-0.14220
-0.14080
-0.13940
-0.13800
-0.13890
-0.13980
-0.14070
-0.14160
-0.14250
-0.14340
-0.14430
-0.14520
-0.14610
-0.14700
-0.14590
-0.14480
-0.14370
-0.14260
-0.14150
-0.14040
-0.13930
-0.13820
-0.13710
-0.13600
-0.13490
-0.13380
-0.13270
-0.13160
-0.13050
-0.12940
-0.12830
-0.12720
-0.12610
-0.12500
-0.12420
-0.12340
-0.12260
-0.12180
-0.12100
-0.12020
-0.11940
-0.11860
-0.11780
-0.11700
-0.12030
-0.12360
-0.12690
-0.13020
-0.13350
-0.13680
-0.14010
-0.14340
-0.14670
-0.15000
-0.14560
-0.14120
-0.13680
-0.13240
-0.12800
-0.12360
-0.11920
-0.11480
-0.11040
-0.10600
-0.11060
-0.11520
-0.11980
-0.12440
-0.12900
-0.13360
-0.13820
-0.14280
-0.14740
-0.15200
-0.15200
-0.15200
-0.15200
-0.15200
-0.15200
-0.15200
-0.15200
-0.15200
-0.15200
-0.15200
-0.15200
-0.15200
-0.15200
-0.15200
-0.15200
-0.15200
-0.15200
-0.15200
-0.15200
-0.15200
-0.15200
-0.15200
-0.15200
-0.15200
-0.15200
-0.15200
-0.15200
-0.15200
-0.15200
-0.15200
-0.15200
-0.15200
-0.15200
-0.15200
-0.15200
-0.15200
-0.15200
-0.15200
-0.15200
-0.15200
-0.15200
-0.15200
-0.15200
-0.15200
-0.15200
-0.15200
-0.15200
-0.15200
-0.15200
-0.15200
-0.15200
-0.15200
-0.15200
-0.15200
-0.15200
-0.15200
-0.15200
-0.15200
-0.15200
-0.15200
-0.15200
-0.15200
-0.15200
-0.15200
-0.15200
-0.15200
-0.15200
-0.15200
-0.15200
-0.15200
-0.15200
-0.15200
-0.15200
-0.15200
-0.15200
-0.15200
-0.15200
-0.15200
-0.15200
-0.15200
-0.15200
-0.15200
-0.15200
-0.15200
-0.15200
-0.15200
-0.15200
-0.15200
-0.15200
-0.15200
-0.15200
-0.15200
-0.15200
-0.15200
-0.15200
-0.15200
-0.15200
-0.15200
-0.15200
-0.15200
-0.15200
-0.15200
-0.15200
-0.15200
-0.15200
-0.15200
-0.15200
-0.15200
-0.15200
-0.15200
-0.15200
-0.15200
-0.15200
-0.15200
-0.15200
-0.15200
-0.15200
-0.15200
-0.15200
-0.15200
-0.15200
-0.15200
-0.15200
-0.15200
-0.15200
-0.15200
-0.15200
-0.15200
-0.15200
-0.15200
-0.15200
-0.15200
-0.15200
-0.15200
-0.15200
-0.15200
-0.15200
-0.15200
-0.15200
-0.15200
-0.15200
-0.15200
-0.15200
-0.15200
-0.15200
-0.15200
-0.15200
-0.15200
-0.15200
-0.15200
-0.15200
-0.15200
-0.15200
-0.15200
-0.15200
-0.15200
-0.15200
-0.15200
-0.15200
-0.15200
-0.15200
-0.15200
-0.15200
-0.15200
-0.15200
-0.15200
-0.15200
-0.15200
-0.15200
-0.15200
-0.15200
-0.15200
-0.15200
-0.15200
-0.15200
-0.15200
-0.15200
-0.15200
-0.16468
-0.16451
-0.16433
-0.16416
-0.16399
-0.16382
-0.16364
-0.16347
-0.16330
-0.16313
-0.16296
-0.16278
-0.16261
-0.16244
-0.16227
-0.16209
-0.16192
-0.16175
-0.16158
-0.16141
-0.16123
-0.16106
-0.16089
-0.16072
-0.16054
-0.16037
-0.16020
-0.16003
-0.15986
-0.15968
-0.15951
-0.15934
-0.15917
-0.15899
-0.15882
-0.15865
-0.15848
-0.15831
-0.15813
-0.15796
-0.15779
-0.15762
-0.15744
-0.15727
-0.15710
-0.15693
-0.15676
-0.15658
-0.15641
-0.15624
-0.15607
-0.15589
-0.15572
-0.15555
-0.15538
-0.15521
-0.15503
-0.15486
-0.15469
-0.15452
-0.15434
-0.15417
-0.15400
-0.15400
-0.15400
-0.15400
-0.15400
-0.15400
-0.15400
-0.15400
-0.15400
-0.15400
-0.15400
-0.15400
-0.15400
-0.15400
-0.15400
-0.15400
-0.15400
-0.15400
-0.15400
-0.15400
-0.15400
-0.15350
-0.15300
-0.15250
-0.15200
-0.15150
-0.15100
-0.15050
-0.15000
-0.14950
-0.14900
-0.14900
-0.14900
-0.14900
-0.14900
-0.14900
-0.14900
-0.14900
-0.14900
-0.14900
-0.14900
-0.14950
-0.15000
-0.15050
-0.15100
-0.15150
-0.15200
-0.15250
-0.15300
-0.15350
-0.15400
-0.15390
-0.15380
-0.15370
-0.15360
-0.15350
-0.15340
-0.15330
-0.15320
-0.15310
-0.15300
-0.15300
-0.15300
-0.15300
-0.15300
-0.15300
-0.15300
-0.15300
-0.15300
-0.15300
-0.15300
-0.15250
-0.15200
-0.15150
-0.15100
-0.15050
-0.15000
-0.14950
-0.14900
-0.14850
-0.14800
-0.14840
-0.14880
-0.14920
-0.14960
-0.15000
-0.15040
-0.15080
-0.15120
-0.15160
-0.15200
-0.15200
-0.15200
-0.15200
-0.15200
-0.15200
-0.15200
-0.15200
-0.15200
-0.15200
-0.15200
-0.15060
-0.14920
-0.14780
-0.14640
-0.14500
-0.14360
-0.14220
-0.14080
-0.13940
-0.13800
-0.13890
-0.13980
-0.14070
-0.14160
-0.14250
-0.14340
-0.14430
-0.14520
-0.14610
-0.14700
-0.14590
-0.14480
-0.14370
-0.14260
-0.14150
-0.14040
-0.13930
-0.13820
-0.13710
-0.13600
-0.13490
-0.13380
-0.13270
-0.13160
-0.13050
-0.12940
-0.12830
-0.12720
-0.12610
-0.12500
-0.12420
-0.12340
-0.12260
-0.12180
-0.12100
-0.12020
-0.11940
-0.11860
-0.11780
-0.11700
-0.12030
-0.12360
-0.12690
-0.13020
-0.13350
-0.13680
-0.14010
-0.14340
-0.14670
-0.15000
-0.14560
-0.14120
-0.13680
-0.13240
-0.12800
-0.12360
-0.11920
-0.11480
-0.11040
-0.10600
-0.11060
-0.11520
-0.11980
-0.12440
-0.12900
-0.13360
-0.13820
-0.14280
-0.14740
-0.15200
-0.15200
-0.15200
-0.15200
-0.15200
-0.15200
-0.15200
-0.15200
-0.15200
-0.15200
-0.15200
-0.15200
-0.15200
-0.15200
-0.15200
-0.15200
-0.15200
-0.15200
-0.15200
-0.15200
-0.15200
-0.15200
-0.15200
-0.15200
-0.15200
-0.15200
-0.15200
-0.15200
-0.15200
-0.15200
-0.15200
-0.15200
-0.15200
-0.15200
-0.15200
-0.15200
-0.15200
-0.15200
-0.15200
-0.15200
-0.15200
-0.15200
-0.15200
-0.15200
-0.15200
-0.15200
-0.15200
-0.15200
-0.15200
-0.15200
-0.15200
-0.15200
-0.15200
-0.15200
-0.15200
-0.15200
-0.15200
-0.15200
-0.15200
-0.15200
-0.15200
-0.15200
-0.15200
-0.15200
-0.15200
-0.15200
-0.15200
-0.15200
-0.15200
-0.15200
-0.15200
-0.15200
-0.15200
-0.15200
-0.15200
-0.15200
-0.15200
-0.15200
-0.15200
-0.15200
-0.15200
-0.15200
-0.15200
-0.15200
-0.15200
-0.15200
-0.15200
-0.15200
-0.15200
-0.15200
-0.15200
-0.15200
-0.15200
-0.15200
-0.15200
-0.15200
-0.15200
-0.15200
-0.15200
-0.15200
-0.15200
-0.15200
-0.15200
-0.15200
-0.15200
-0.15200
-0.15200
-0.15200
-0.15200
-0.15200
-0.15200
-0.15200
-0.15200
-0.15200
-0.15200
-0.15200
-0.15200
-0.15200
-0.15200
-0.15200
-0.15200
-0.15200
-0.15200
-0.15200
-0.15200
-0.15200
-0.15200
-0.15200
-0.15200
-0.15200
-0.15200
-0.15200
-0.15200
-0.15200
-0.15200
-0.15200
-0.15200
-0.15200
-0.15200
-0.15200
-0.15200
-0.15200
-0.15200
-0.15200
-0.15200
-0.15200
-0.15200
-0.15200
-0.15200
-0.15200
-0.15200
-0.15200
-0.15200
-0.15200
-0.15200
-0.15200
-0.15200
-0.15200
-0.15200
-0.15200
-0.15200
-0.15200
-0.15200
-0.15200
-0.15200
-0.15200
-0.15200
-0.15200
-0.15200
-0.15200
-0.15200
-0.15200
-0.15200
-0.15200
-0.15200
-0.15200
-0.15200
-0.15200
-0.15200
-0.16468
-0.16451
-0.16433
-0.16416
-0.16399
-0.16382
-0.16364
-0.16347
-0.16330
-0.16313
-0.16296
-0.16278
-0.16261
-0.16244
-0.16227
-0.16209
-0.16192
-0.16175
-0.16158
-0.16141
-0.16123
-0.16106
-0.16089
-0.16072
-0.16054
-0.16037
-0.16020
-0.16003
-0.15986
-0.15968
-0.15951
-0.15934
-0.15917
-0.15899
-0.15882
-0.15865
-0.15848
-0.15831
-0.15813
-0.15796
-0.15779
-0.15762
-0.15744
-0.15727
-0.15710
-0.15693
-0.15676
-0.15658
-0.15641
-0.15624
-0.15607
-0.15589
-0.15572
-0.15555
-0.15538
-0.15521
-0.15503
-0.15486
-0.15469
-0.15452
-0.15434
-0.15417
-0.15400
-0.15400
-0.15400
-0.15400
-0.15400
-0.15400
-0.15400
-0.15400
-0.15400
-0.15400
-0.15400
-0.15400
-0.15400
-0.15400
-0.15400
-0.15400
-0.15400
-0.15400
-0.15400
-0.15400
-0.15400
-0.15350
-0.15300
-0.15250
-0.15200
-0.15150
-0.15100
-0.15050
-0.15000
-0.14950
-0.14900
-0.14900
-0.14900
-0.14900
-0.14900
-0.14900
-0.14900
-0.14900
-0.14900
-0.14900
-0.14900
-0.14950
-0.15000
-0.15050
-0.15100
-0.15150
-0.15200
-0.15250
-0.15300
-0.15350
-0.15400
-0.15390
-0.15380
-0.15370
-0.15360
-0.15350
-0.15340
-0.15330
-0.15320
-0.15310
-0.15300
-0.15300
-0.15300
-0.15300
-0.15300
-0.15300
-0.15300
-0.15300
-0.15300
-0.15300
-0.15300
-0.15250
-0.15200
-0.15150
-0.15100
-0.15050
-0.15000
-0.14950
-0.14900
-0.14850
-0.14800
-0.14840
-0.14880
-0.14920
-0.14960
-0.15000
-0.15040
-0.15080
-0.15120
-0.15160
-0.15200
-0.15200
-0.15200
-0.15200
-0.15200
-0.15200
-0.15200
-0.15200
-0.15200
-0.15200
-0.15200
-0.15060
-0.14920
-0.14780
-0.14640
-0.14500
-0.14360
-0.14220
-0.14080
-0.13940
-0.13800
-0.13890
-0.13980
-0.14070
-0.14160
-0.14250
-0.14340
-0.14430
-0.14520
-0.14610
-0.14700
-0.14590
-0.14480
-0.14370
-0.14260
-0.14150
-0.14040
-0.13930
-0.13820
-0.13710
-0.13600
-0.13490
-0.13380
-0.13270
-0.13160
-0.13050
-0.12940
-0.12830
-0.12720
-0.12610
-0.12500
-0.12420
-0.12340
-0.12260
-0.12180
-0.12100
-0.12020
-0.11940
-0.11860
-0.11780
-0.11700
-0.12030
-0.12360
-0.12690
-0.13020
-0.13350
-0.13680
-0.14010
-0.14340
-0.14670
-0.15000
-0.14560
-0.14120
-0.13680
-0.13240
-0.12800
-0.12360
-0.11920
-0.11480
-0.11040
-0.10600
-0.11060
-0.11520
-0.11980
-0.12440
-0.12900
-0.13360
-0.13820
-0.14280
-0.14740
-0.15200
-0.15200
-0.15200
-0.15200
-0.15200
-0.15200
-0.15200
-0.15200
-0.15200
-0.15200
-0.15200
-0.15200
-0.15200
-0.15200
-0.15200
-0.15200
-0.15200
-0.15200
-0.15200
-0.15200
-0.15200
-0.15200
-0.15200
-0.15200
-0.15200
-0.15200
-0.15200
-0.15200
-0.15200
-0.15200
-0.15200
-0.15200
-0.15200
-0.15200
-0.15200
-0.15200
-0.15200
-0.15200
-0.15200
-0.15200
-0.15200
-0.15200
-0.15200
-0.15200
-0.15200
-0.15200
-0.15200
-0.15200
-0.15200
-0.15200
-0.15200
-0.15200
-0.15200
-0.15200
-0.15200
-0.15200
-0.15200
-0.15200
-0.15200
-0.15200
-0.15200
-0.15200
-0.15200
-0.15200
-0.15200
-0.15200
-0.15200
-0.15200
-0.15200
-0.15200
-0.15200
-0.15200
-0.15200
-0.15200
-0.15200
-0.15200
-0.15200
-0.15200
-0.15200
-0.15200
-0.15200
-0.15200
-0.15200
-0.15200
-0.15200
-0.15200
-0.15200
-0.15200
-0.15200
-0.15200
-0.15200
-0.15200
-0.15200
-0.15200
-0.15200
-0.15200
-0.15200
-0.15200
-0.15200
-0.15200
-0.15200
-0.15200
-0.15200
-0.15200
-0.15200
-0.15200
-0.15200
-0.15200
-0.15200
-0.15200
-0.15200
-0.15200
-0.15200
-0.15200
-0.15200
-0.15200
-0.15200
-0.15200
-0.15200
-0.15200
-0.15200
-0.15200
-0.15200
-0.15200
-0.15200
-0.15200
-0.15200
-0.15200
-0.15200
-0.15200
-0.15200
-0.15200
-0.15200
-0.15200
-0.15200
-0.15200
-0.15200
-0.15200
-0.15200
-0.15200
-0.15200
-0.15200
-0.15200
-0.15200
-0.15200
-0.15200
-0.15200
-0.15200
-0.15200
-0.15200
-0.15200
-0.15200
-0.15200
-0.15200
-0.15200
-0.15200
-0.15200
-0.15200
-0.15200
-0.15200
-0.15200
-0.15200
-0.15200
-0.15200
-0.15200
-0.15200
-0.15200
-0.15200
-0.15200
-0.15200
-0.15200
-0.15200
-0.15200
-0.15200
-0.15200
-0.15200
-0.15200
-0.15200
-0.15200
-0.16468
-0.16451
-0.16433
-0.16416
-0.16399
-0.16382
-0.16364
-0.16347
-0.16330
-0.16313
-0.16296
-0.16278
-0.16261
-0.16244
-0.16227
-0.16209
-0.16192
-0.16175
-0.16158
-0.16141
-0.16123
-0.16106
-0.16089
-0.16072
-0.16054
-0.16037
-0.16020
-0.16003
-0.15986
-0.15968
-0.15951
-0.15934
-0.15917
-0.15899
-0.15882
-0.15865
-0.15848
-0.15831
-0.15813
-0.15796
-0.15779
-0.15762
-0.15744
-0.15727
-0.15710
-0.15693
-0.15676
-0.15658
-0.15641
-0.15624
-0.15607
-0.15589
-0.15572
-0.15555
-0.15538
-0.15521
-0.15503
-0.15486
-0.15469
-0.15452
-0.15434
-0.15417
-0.15400
-0.15400
-0.15400
-0.15400
-0.15400
-0.15400
-0.15400
-0.15400
-0.15400
-0.15400
-0.15400
-0.15400
-0.15400
-0.15400
-0.15400
-0.15400
-0.15400
-0.15400
-0.15400
-0.15400
-0.15400
-0.15350
-0.15300
-0.15250
-0.15200
-0.15150
-0.15100
-0.15050
-0.15000
-0.14950
-0.14900
-0.14900
-0.14900
-0.14900
-0.14900
-0.14900
-0.14900
-0.14900
-0.14900
-0.14900
-0.14900
-0.14950
-0.15000
-0.15050
-0.15100
-0.15150
-0.15200
-0.15250
-0.15300
-0.15350
-0.15400
-0.15390
-0.15380
-0.15370
-0.15360
-0.15350
-0.15340
-0.15330
-0.15320
-0.15310
-0.15300
-0.15300
-0.15300
-0.15300
-0.15300
-0.15300
-0.15300
-0.15300
-0.15300
-0.15300
-0.15300
-0.15250
-0.15200
-0.15150
-0.15100
-0.15050
-0.15000
-0.14950
-0.14900
-0.14850
-0.14800
-0.14840
-0.14880
-0.14920
-0.14960
-0.15000
-0.15040
-0.15080
-0.15120
-0.15160
-0.15200
-0.15200
-0.15200
-0.15200
-0.15200
-0.15200
-0.15200
-0.15200
-0.15200
-0.15200
-0.15200
-0.15060
-0.14920
-0.14780
-0.14640
-0.14500
-0.14360
-0.14220
-0.14080
-0.13940
-0.13800
-0.13890
-0.13980
-0.14070
-0.14160
-0.14250
-0.14340
-0.14430
-0.14520
-0.14610
-0.14700
-0.14590
-0.14480
-0.14370
-0.14260
-0.14150
-0.14040
-0.13930
-0.13820
-0.13710
-0.13600
-0.13490
-0.13380
-0.13270
-0.13160
-0.13050
-0.12940
-0.12830
-0.12720
-0.12610
-0.12500
-0.12420
-0.12340
-0.12260
-0.12180
-0.12100
-0.12020
-0.11940
-0.11860
-0.11780
-0.11700
-0.12030
-0.12360
-0.12690
-0.13020
-0.13350
-0.13680
-0.14010
-0.14340
-0.14670
-0.15000
-0.14560
-0.14120
-0.13680
-0.13240
-0.12800
-0.12360
-0.11920
-0.11480
-0.11040
-0.10600
-0.11060
-0.11520
-0.11980
-0.12440
-0.12900
-0.13360
-0.13820
-0.14280
-0.14740
-0.15200
-0.15200
-0.15200
-0.15200
-0.15200
-0.15200
-0.15200
-0.15200
-0.15200
-0.15200
-0.15200
-0.15200
-0.15200
-0.15200
-0.15200
-0.15200
-0.15200
-0.15200
-0.15200
-0.15200
-0.15200
-0.15200
-0.15200
-0.15200
-0.15200
-0.15200
-0.15200
-0.15200
-0.15200
-0.15200
-0.15200
-0.15200
-0.15200
-0.15200
-0.15200
-0.15200
-0.15200
-0.15200
-0.15200
-0.15200
-0.15200
-0.15200
-0.15200
-0.15200
-0.15200
-0.15200
-0.15200
-0.15200
-0.15200
-0.15200
-0.15200
-0.15200
-0.15200
-0.15200
-0.15200
-0.15200
-0.15200
-0.15200
-0.15200
-0.15200
-0.15200
-0.15200
-0.15200
-0.15200
-0.15200
-0.15200
-0.15200
-0.15200
-0.15200
-0.15200
-0.15200
-0.15200
-0.15200
-0.15200
-0.15200
-0.15200
-0.15200
-0.15200
-0.15200
-0.15200
-0.15200
-0.15200
-0.15200
-0.15200
-0.15200
-0.15200
-0.15200
-0.15200
-0.15200
-0.15200
-0.15200
-0.15200
-0.15200
-0.15200
-0.15200
-0.15200
-0.15200
-0.15200
-0.15200
-0.15200
-0.15200
-0.15200
-0.15200
-0.15200
-0.15200
-0.15200
-0.15200
-0.15200
-0.15200
-0.15200
-0.15200
-0.15200
-0.15200
-0.15200
-0.15200
-0.15200
-0.15200
-0.15200
-0.15200
-0.15200
-0.15200
-0.15200
-0.15200
-0.15200
-0.15200
-0.15200
-0.15200
-0.15200
-0.15200
-0.15200
-0.15200
-0.15200
-0.15200
-0.15200
-0.15200
-0.15200
-0.15200
-0.15200
-0.15200
-0.15200
-0.15200
-0.15200
-0.15200
-0.15200
-0.15200
-0.15200
-0.15200
-0.15200
-0.15200
-0.15200
-0.15200
-0.15200
-0.15200
-0.15200
-0.15200
-0.15200
-0.15200
-0.15200
-0.15200
-0.15200
-0.15200
-0.15200
-0.15200
-0.15200
-0.15200
-0.15200
-0.15200
-0.15200
-0.15200
-0.15200
-0.15200
-0.15200
-0.15200
-0.15200
-0.15200
-0.15200
-0.15200
-0.15200
-0.15200
-0.16468
-0.16451
-0.16433
-0.16416
-0.16399
-0.16382
-0.16364
-0.16347
-0.16330
-0.16313
-0.16296
-0.16278
-0.16261
-0.16244
-0.16227
-0.16209
-0.16192
-0.16175
-0.16158
-0.16141
-0.16123
-0.16106
-0.16089
-0.16072
-0.16054
-0.16037
-0.16020
-0.16003
-0.15986
-0.15968
-0.15951
-0.15934
-0.15917
-0.15899
-0.15882
-0.15865
-0.15848
-0.15831
-0.15813
-0.15796
-0.15779
-0.15762
-0.15744
-0.15727
-0.15710
-0.15693
-0.15676
-0.15658
-0.15641
-0.15624
-0.15607
-0.15589
-0.15572
-0.15555
-0.15538
-0.15521
-0.15503
-0.15486
-0.15469
-0.15452
-0.15434
-0.15417
-0.15400
-0.15400
-0.15400
-0.15400
-0.15400
-0.15400
-0.15400
-0.15400
-0.15400
-0.15400
-0.15400
-0.15400
-0.15400
-0.15400
-0.15400
-0.15400
-0.15400
-0.15400
-0.15400
-0.15400
-0.15400
-0.15350
-0.15300
-0.15250
-0.15200
-0.15150
-0.15100
-0.15050
-0.15000
-0.14950
-0.14900
-0.14900
-0.14900
-0.14900
-0.14900
-0.14900
-0.14900
-0.14900
-0.14900
-0.14900
-0.14900
-0.14950
-0.15000
-0.15050
-0.15100
-0.15150
-0.15200
-0.15250
-0.15300
-0.15350
-0.15400
-0.15390
-0.15380
-0.15370
-0.15360
-0.15350
-0.15340
-0.15330
-0.15320
-0.15310
-0.15300
-0.15300
-0.15300
-0.15300
-0.15300
-0.15300
-0.15300
-0.15300
-0.15300
-0.15300
-0.15300
-0.15250
-0.15200
-0.15150
-0.15100
-0.15050
-0.15000
-0.14950
-0.14900
-0.14850
-0.14800
-0.14840
-0.14880
-0.14920
-0.14960
-0.15000
-0.15040
-0.15080
-0.15120
-0.15160
-0.15200
-0.15200
-0.15200
-0.15200
-0.15200
-0.15200
-0.15200
-0.15200
-0.15200
-0.15200
-0.15200
-0.15060
-0.14920
-0.14780
-0.14640
-0.14500
-0.14360
-0.14220
-0.14080
-0.13940
-0.13800
-0.13890
-0.13980
-0.14070
-0.14160
-0.14250
-0.14340
-0.14430
-0.14520
-0.14610
-0.14700
-0.14590
-0.14480
-0.14370
-0.14260
-0.14150
-0.14040
-0.13930
-0.13820
-0.13710
-0.13600
-0.13490
-0.13380
-0.13270
-0.13160
-0.13050
-0.12940
-0.12830
-0.12720
-0.12610
-0.12500
-0.12420
-0.12340
-0.12260
-0.12180
-0.12100
-0.12020
-0.11940
-0.11860
-0.11780
-0.11700
-0.12030
-0.12360
-0.12690
-0.13020
-0.13350
-0.13680
-0.14010
-0.14340
-0.14670
-0.15000
-0.14560
-0.14120
-0.13680
-0.13240
-0.12800
-0.12360
-0.11920
-0.11480
-0.11040
-0.10600
-0.11060
-0.11520
-0.11980
-0.12440
-0.12900
-0.13360
-0.13820
-0.14280
-0.14740
-0.15200
-0.15200
-0.15200
-0.15200
-0.15200
-0.15200
-0.15200
-0.15200
-0.15200
-0.15200
-0.15200
-0.15200
-0.15200
-0.15200
-0.15200
-0.15200
-0.15200
-0.15200
-0.15200
-0.15200
-0.15200
-0.15200
-0.15200
-0.15200
-0.15200
-0.15200
-0.15200
-0.15200
-0.15200
-0.15200
-0.15200
-0.15200
-0.15200
-0.15200
-0.15200
-0.15200
-0.15200
-0.15200
-0.15200
-0.15200
-0.15200
-0.15200
-0.15200
-0.15200
-0.15200
-0.15200
-0.15200
-0.15200
-0.15200
-0.15200
-0.15200
-0.15200
-0.15200
-0.15200
-0.15200
-0.15200
-0.15200
-0.15200
-0.15200
-0.15200
-0.15200
-0.15200
-0.15200
-0.15200
-0.15200
-0.15200
-0.15200
-0.15200
-0.15200
-0.15200
-0.15200
-0.15200
-0.15200
-0.15200
-0.15200
-0.15200
-0.15200
-0.15200
-0.15200
-0.15200
-0.15200
-0.15200
-0.15200
-0.15200
-0.15200
-0.15200
-0.15200
-0.15200
-0.15200
-0.15200
-0.15200
-0.15200
-0.15200
-0.15200
-0.15200
-0.15200
-0.15200
-0.15200
-0.15200
-0.15200
-0.15200
-0.15200
-0.15200
-0.15200
-0.15200
-0.15200
-0.15200
-0.15200
-0.15200
-0.15200
-0.15200
-0.15200
-0.15200
-0.15200
-0.15200
-0.15200
-0.15200
-0.15200
-0.15200
-0.15200
-0.15200
-0.15200
-0.15200
-0.15200
-0.15200
-0.15200
-0.15200
-0.15200
-0.15200
-0.15200
-0.15200
-0.15200
-0.15200
-0.15200
-0.15200
-0.15200
-0.15200
-0.15200
-0.15200
-0.15200
-0.15200
-0.15200
-0.15200
-0.15200
-0.15200
-0.15200
-0.15200
-0.15200
-0.15200
-0.15200
-0.15200
-0.15200
-0.15200
-0.15200
-0.15200
-0.15200
-0.15200
-0.15200
-0.15200
-0.15200
-0.15200
-0.15200
-0.15200
-0.15200
-0.15200
-0.15200
-0.15200
-0.15200
-0.15200
-0.15200
-0.15200
-0.15200
-0.15200
-0.15200
-0.15200
-0.15200
-0.15200
-0.15200
-0.15200
-0.15365
-0.15345
-0.15325
-0.15306
-0.15286
-0.15266
-0.15246
-0.15226
-0.15206
-0.15186
-0.15167
-0.15147
-0.15127
-0.15107
-0.15087
-0.15067
-0.15047
-0.15028
-0.15008
-0.14988
-0.14968
-0.14948
-0.14928
-0.14908
-0.14888
-0.14869
-0.14849
-0.14829
-0.14809
-0.14789
-0.14769
-0.14749
-0.14730
-0.14710
-0.14690
-0.14670
-0.14650
-0.14630
-0.14610
-0.14591
-0.14571
-0.14551
-0.14531
-0.14511
-0.14491
-0.14471
-0.14452
-0.14432
-0.14412
-0.14392
-0.14372
-0.14352
-0.14332
-0.14313
-0.14293
-0.14273
-0.14253
-0.14233
-0.14213
-0.14193
-0.14173
-0.14154
-0.14134
-0.14123
-0.14100
-0.14100
-0.14100
-0.14100
-0.14100
-0.14100
-0.14100
-0.14100
-0.14100
-0.14100
-0.14100
-0.14100
-0.14100
-0.14100
-0.14100
-0.14100
-0.14100
-0.14100
-0.14100
-0.14100
-0.14088
-0.14063
-0.14037
-0.14012
-0.13987
-0.13962
-0.13937
-0.13912
-0.13887
-0.13862
-0.13850
-0.13850
-0.13850
-0.13850
-0.13850
-0.13850
-0.13850
-0.13850
-0.13850
-0.13850
-0.13862
-0.13887
-0.13912
-0.13937
-0.13962
-0.13987
-0.14012
-0.14037
-0.14062
-0.14088
-0.14095
-0.14085
-0.14075
-0.14065
-0.14055
-0.14045
-0.14035
-0.14025
-0.14015
-0.14005
-0.14000
-0.14000
-0.14000
-0.14000
-0.14000
-0.14000
-0.14000
-0.14000
-0.14000
-0.14000
-0.13987
-0.13963
-0.13937
-0.13913
-0.13887
-0.13862
-0.13837
-0.13812
-0.13788
-0.13762
-0.13757
-0.13772
-0.13787
-0.13803
-0.13817
-0.13832
-0.13847
-0.13862
-0.13877
-0.13892
-0.13900
-0.13900
-0.13900
-0.13900
-0.13900
-0.13900
-0.13900
-0.13900
-0.13900
-0.13900
-0.13865
-0.13795
-0.13725
-0.13655
-0.13585
-0.13515
-0.13445
-0.13375
-0.13305
-0.13235
-0.13223
-0.13267
-0.13312
-0.13357
-0.13403
-0.13447
-0.13492
-0.13537
-0.13582
-0.13628
-0.13620
-0.13560
-0.13500
-0.13440
-0.13380
-0.13320
-0.13260
-0.13200
-0.13140
-0.13080
-0.13013
-0.12938
-0.12862
-0.12788
-0.12712
-0.12638
-0.12563
-0.12487
-0.12413
-0.12337
-0.12248
-0.12143
-0.12037
-0.11933
-0.11827
-0.11723
-0.11618
-0.11513
-0.11408
-0.11302
-0.11285
-0.11355
-0.11425
-0.11495
-0.11565
-0.11635
-0.11705
-0.11775
-0.11845
-0.11915
-0.11813
-0.11538
-0.11262
-0.10988
-0.10712
-0.10438
-0.10163
-0.09887
-0.09613
-0.09337
-0.09317
-0.09552
-0.09788
-0.10022
-0.10258
-0.10492
-0.10727
-0.10962
-0.11197
-0.11433
-0.11545
-0.11550
-0.11550
-0.11550
-0.11550
-0.11550
-0.11550
-0.11550
-0.11550
-0.11550
-0.11550
-0.11550
-0.11550
-0.11550
-0.11550
-0.11550
-0.11550
-0.11550
-0.11550
-0.11550
-0.11550
-0.11550
-0.11550
-0.11550
-0.11550
-0.11550
-0.11550
-0.11550
-0.11550
-0.11550
-0.11550
-0.11550
-0.11550
-0.11550
-0.11550
-0.11550
-0.11550
-0.11550
-0.11550
-0.11550
-0.11550
-0.11550
-0.11550
-0.11550
-0.11550
-0.11550
-0.11550
-0.11550
-0.11550
-0.11550
-0.11550
-0.11550
-0.11550
-0.11550
-0.11550
-0.11550
-0.11550
-0.11550
-0.11550
-0.11550
-0.11550
-0.11550
-0.11550
-0.11550
-0.11550
-0.11550
-0.11550
-0.11550
-0.11550
-0.11550
-0.11550
-0.11550
-0.11550
-0.11550
-0.11550
-0.11550
-0.11550
-0.11550
-0.11550
-0.11550
-0.11550
-0.11550
-0.11550
-0.11550
-0.11550
-0.11550
-0.11550
-0.11550
-0.11550
-0.11550
-0.11550
-0.11550
-0.11550
-0.11550
-0.11550
-0.11550
-0.11550
-0.11550
-0.11550
-0.11550
-0.11550
-0.11550
-0.11550
-0.11550
-0.11550
-0.11550
-0.11550
-0.11550
-0.11550
-0.11550
-0.11550
-0.11550
-0.11550
-0.11550
-0.11550
-0.11550
-0.11550
-0.11550
-0.11550
-0.11550
-0.11550
-0.11550
-0.11550
-0.11550
-0.11550
-0.11550
-0.11550
-0.11550
-0.11550
-0.11550
-0.11550
-0.11550
-0.11550
-0.11550
-0.11550
-0.11550
-0.11550
-0.11550
-0.11550
-0.11550
-0.11550
-0.11550
-0.11550
-0.11550
-0.11550
-0.11550
-0.11550
-0.11550
-0.11550
-0.11550
-0.11550
-0.11550
-0.11550
-0.11550
-0.11550
-0.11550
-0.11550
-0.11550
-0.11550
-0.11550
-0.11550
-0.11550
-0.11550
-0.11550
-0.11550
-0.11550
-0.11550
-0.11550
-0.11550
-0.11550
-0.11550
-0.11550
-0.11550
-0.11550
-0.11550
-0.11550
-0.11550
-0.14263
-0.14240
-0.14218
-0.14195
-0.14173
-0.14150
-0.14128
-0.14105
-0.14083
-0.14060
-0.14038
-0.14015
-0.13993
-0.13970
-0.13948
-0.13925
-0.13903
-0.13880
-0.13858
-0.13835
-0.13813
-0.13790
-0.13768
-0.13745
-0.13723
-0.13700
-0.13678
-0.13655
-0.13633
-0.13610
-0.13588
-0.13565
-0.13543
-0.13520
-0.13498
-0.13475
-0.13453
-0.13430
-0.13408
-0.13385
-0.13363
-0.13340
-0.13318
-0.13295
-0.13273
-0.13250
-0.13228
-0.13205
-0.13183
-0.13160
-0.13138
-0.13115
-0.13093
-0.13070
-0.13048
-0.13025
-0.13003
-0.12980
-0.12958
-0.12935
-0.12913
-0.12890
-0.12868
-0.12845
-0.12823
-0.12800
-0.12800
-0.12800
-0.12800
-0.12800
-0.12800
-0.12800
-0.12800
-0.12800
-0.12800
-0.12800
-0.12800
-0.12800
-0.12800
-0.12800
-0.12800
-0.12800
-0.12800
-0.12800
-0.12800
-0.12800
-0.12800
-0.12800
-0.12800
-0.12800
-0.12800
-0.12800
-0.12800
-0.12800
-0.12800
-0.12800
-0.12800
-0.12800
-0.12800
-0.12800
-0.12800
-0.12800
-0.12800
-0.12800
-0.12800
-0.12800
-0.12800
-0.12800
-0.12800
-0.12800
-0.12800
-0.12800
-0.12800
-0.12800
-0.12800
-0.12800
-0.12790
-0.12780
-0.12770
-0.12760
-0.12750
-0.12740
-0.12730
-0.12720
-0.12710
-0.12700
-0.12700
-0.12700
-0.12700
-0.12700
-0.12700
-0.12700
-0.12700
-0.12700
-0.12700
-0.12700
-0.12700
-0.12700
-0.12700
-0.12700
-0.12700
-0.12700
-0.12700
-0.12700
-0.12700
-0.12700
-0.12690
-0.12680
-0.12670
-0.12660
-0.12650
-0.12640
-0.12630
-0.12620
-0.12610
-0.12600
-0.12600
-0.12600
-0.12600
-0.12600
-0.12600
-0.12600
-0.12600
-0.12600
-0.12600
-0.12600
-0.12600
-0.12600
-0.12600
-0.12600
-0.12600
-0.12600
-0.12600
-0.12600
-0.12600
-0.12600
-0.12600
-0.12600
-0.12600
-0.12600
-0.12600
-0.12600
-0.12600
-0.12600
-0.12600
-0.12600
-0.12590
-0.12580
-0.12570
-0.12560
-0.12550
-0.12540
-0.12530
-0.12520
-0.12510
-0.12500
-0.12460
-0.12420
-0.12380
-0.12340
-0.12300
-0.12260
-0.12220
-0.12180
-0.12140
-0.12100
-0.11970
-0.11840
-0.11710
-0.11580
-0.11450
-0.11320
-0.11190
-0.11060
-0.10930
-0.10800
-0.10610
-0.10420
-0.10230
-0.10040
-0.09850
-0.09660
-0.09470
-0.09280
-0.09090
-0.08900
-0.08790
-0.08680
-0.08570
-0.08460
-0.08350
-0.08240
-0.08130
-0.08020
-0.07910
-0.07800
-0.07810
-0.07820
-0.07830
-0.07840
-0.07850
-0.07860
-0.07870
-0.07880
-0.07890
-0.07900
-0.07900
-0.07900
-0.07900
-0.07900
-0.07900
-0.07900
-0.07900
-0.07900
-0.07900
-0.07900
-0.07900
-0.07900
-0.07900
-0.07900
-0.07900
-0.07900
-0.07900
-0.07900
-0.07900
-0.07900
-0.07900
-0.07900
-0.07900
-0.07900
-0.07900
-0.07900
-0.07900
-0.07900
-0.07900
-0.07900
-0.07900
-0.07900
-0.07900
-0.07900
-0.07900
-0.07900
-0.07900
-0.07900
-0.07900
-0.07900
-0.07900
-0.07900
-0.07900
-0.07900
-0.07900
-0.07900
-0.07900
-0.07900
-0.07900
-0.07900
-0.07900
-0.07900
-0.07900
-0.07900
-0.07900
-0.07900
-0.07900
-0.07900
-0.07900
-0.07900
-0.07900
-0.07900
-0.07900
-0.07900
-0.07900
-0.07900
-0.07900
-0.07900
-0.07900
-0.07900
-0.07900
-0.07900
-0.07900
-0.07900
-0.07900
-0.07900
-0.07900
-0.07900
-0.07900
-0.07900
-0.07900
-0.07900
-0.07900
-0.07900
-0.07900
-0.07900
-0.07900
-0.07900
-0.07900
-0.07900
-0.07900
-0.07900
-0.07900
-0.07900
-0.07900
-0.07900
-0.07900
-0.07900
-0.07900
-0.07900
-0.07900
-0.07900
-0.07900
-0.07900
-0.07900
-0.07900
-0.07900
-0.07900
-0.07900
-0.07900
-0.07900
-0.07900
-0.07900
-0.07900
-0.07900
-0.07900
-0.07900
-0.07900
-0.07900
-0.07900
-0.07900
-0.07900
-0.07900
-0.07900
-0.07900
-0.07900
-0.07900
-0.07900
-0.07900
-0.07900
-0.07900
-0.07900
-0.07900
-0.07900
-0.07900
-0.07900
-0.07900
-0.07900
-0.07900
-0.07900
-0.07900
-0.07900
-0.07900
-0.07900
-0.07900
-0.07900
-0.07900
-0.07900
-0.07900
-0.07900
-0.07900
-0.07900
-0.07900
-0.07900
-0.07900
-0.07900
-0.07900
-0.07900
-0.07900
-0.07900
-0.07900
-0.07900
-0.07900
-0.07900
-0.07900
-0.07900
-0.07900
-0.07900
-0.07900
-0.07900
-0.07900
-0.07900
-0.07900
-0.07900
-0.07900
-0.13556
-0.13530
-0.13505
-0.13479
-0.13454
-0.13428
-0.13402
-0.13377
-0.13351
-0.13326
-0.13300
-0.13275
-0.13249
-0.13223
-0.13198
-0.13172
-0.13147
-0.13121
-0.13095
-0.13070
-0.13044
-0.13019
-0.12993
-0.12968
-0.12942
-0.12916
-0.12891
-0.12865
-0.12840
-0.12814
-0.12788
-0.12763
-0.12737
-0.12712
-0.12686
-0.12661
-0.12635
-0.12609
-0.12584
-0.12558
-0.12533
-0.12507
-0.12481
-0.12456
-0.12430
-0.12405
-0.12379
-0.12354
-0.12328
-0.12302
-0.12277
-0.12251
-0.12226
-0.12200
-0.12174
-0.12149
-0.12123
-0.12098
-0.12072
-0.12047
-0.12021
-0.11995
-0.11970
-0.11944
-0.11919
-0.11893
-0.11879
-0.11842
-0.11828
-0.11813
-0.11797
-0.11782
-0.11768
-0.11752
-0.11738
-0.11723
-0.11707
-0.11660
-0.11580
-0.11500
-0.11420
-0.11340
-0.11260
-0.11180
-0.11100
-0.11020
-0.10940
-0.10902
-0.10908
-0.10912
-0.10917
-0.10923
-0.10928
-0.10933
-0.10938
-0.10942
-0.10947
-0.10952
-0.10958
-0.10963
-0.10967
-0.10973
-0.10977
-0.10983
-0.10988
-0.10993
-0.10997
-0.11000
-0.11000
-0.11000
-0.11000
-0.11000
-0.11000
-0.11000
-0.11000
-0.11000
-0.11000
-0.10998
-0.10993
-0.10988
-0.10983
-0.10978
-0.10973
-0.10967
-0.10963
-0.10958
-0.10952
-0.10950
-0.10950
-0.10950
-0.10950
-0.10950
-0.10950
-0.10950
-0.10950
-0.10950
-0.10950
-0.10950
-0.10950
-0.10950
-0.10950
-0.10950
-0.10950
-0.10950
-0.10950
-0.10950
-0.10950
-0.10948
-0.10943
-0.10938
-0.10933
-0.10927
-0.10923
-0.10917
-0.10912
-0.10908
-0.10902
-0.10900
-0.10900
-0.10900
-0.10900
-0.10900
-0.10900
-0.10900
-0.10900
-0.10900
-0.10900
-0.10900
-0.10900
-0.10900
-0.10900
-0.10900
-0.10900
-0.10900
-0.10900
-0.10900
-0.10900
-0.10900
-0.10900
-0.10900
-0.10900
-0.10900
-0.10900
-0.10900
-0.10900
-0.10900
-0.10900
-0.10898
-0.10892
-0.10887
-0.10883
-0.10877
-0.10873
-0.10867
-0.10862
-0.10857
-0.10852
-0.10840
-0.10820
-0.10800
-0.10780
-0.10760
-0.10740
-0.10720
-0.10700
-0.10680
-0.10660
-0.10615
-0.10545
-0.10475
-0.10405
-0.10335
-0.10265
-0.10195
-0.10125
-0.10055
-0.09985
-0.09888
-0.09762
-0.09637
-0.09512
-0.09387
-0.09263
-0.09137
-0.09013
-0.08887
-0.08762
-0.08620
-0.08460
-0.08300
-0.08140
-0.07980
-0.07820
-0.07660
-0.07500
-0.07340
-0.07180
-0.07088
-0.07062
-0.07038
-0.07012
-0.06987
-0.06963
-0.06937
-0.06913
-0.06888
-0.06862
-0.06880
-0.06850
-0.06850
-0.06850
-0.06850
-0.06850
-0.06850
-0.06850
-0.06850
-0.06850
-0.06850
-0.06850
-0.06850
-0.06850
-0.06850
-0.06850
-0.06850
-0.06850
-0.06850
-0.06850
-0.06850
-0.06850
-0.06850
-0.06850
-0.06850
-0.06850
-0.06850
-0.06850
-0.06850
-0.06850
-0.06850
-0.06850
-0.06850
-0.06850
-0.06850
-0.06850
-0.06850
-0.06850
-0.06850
-0.06850
-0.06850
-0.06850
-0.06850
-0.06850
-0.06850
-0.06850
-0.06850
-0.06850
-0.06850
-0.06850
-0.06850
-0.06850
-0.06850
-0.06850
-0.06850
-0.06850
-0.06850
-0.06850
-0.06850
-0.06850
-0.06850
-0.06850
-0.06850
-0.06850
-0.06850
-0.06850
-0.06850
-0.06850
-0.06850
-0.06850
-0.06850
-0.06850
-0.06850
-0.06850
-0.06850
-0.06850
-0.06850
-0.06850
-0.06850
-0.06850
-0.06850
-0.06850
-0.06850
-0.06850
-0.06850
-0.06850
-0.06850
-0.06850
-0.06850
-0.06850
-0.06850
-0.06850
-0.06850
-0.06850
-0.06850
-0.06850
-0.06850
-0.06850
-0.06850
-0.06850
-0.06850
-0.06850
-0.06850
-0.06850
-0.06850
-0.06850
-0.06850
-0.06850
-0.06850
-0.06850
-0.06850
-0.06850
-0.06850
-0.06850
-0.06850
-0.06850
-0.06850
-0.06850
-0.06850
-0.06850
-0.06850
-0.06850
-0.06850
-0.06850
-0.06850
-0.06850
-0.06850
-0.06850
-0.06850
-0.06850
-0.06850
-0.06850
-0.06850
-0.06850
-0.06850
-0.06850
-0.06850
-0.06850
-0.06850
-0.06850
-0.06850
-0.06850
-0.06850
-0.06850
-0.06850
-0.06850
-0.06850
-0.06850
-0.06850
-0.06850
-0.06850
-0.06850
-0.06850
-0.06850
-0.06850
-0.06850
-0.06850
-0.06850
-0.06850
-0.06850
-0.06850
-0.06850
-0.06850
-0.06850
-0.06850
-0.06850
-0.06850
-0.06850
-0.06850
-0.06850
-0.06850
-0.06850
-0.06850
-0.06850
-0.12849
-0.12821
-0.12792
-0.12763
-0.12735
-0.12706
-0.12677
-0.12649
-0.12620
-0.12591
-0.12563
-0.12534
-0.12505
-0.12477
-0.12448
-0.12419
-0.12391
-0.12362
-0.12333
-0.12305
-0.12276
-0.12247
-0.12219
-0.12190
-0.12161
-0.12133
-0.12104
-0.12075
-0.12047
-0.12018
-0.11989
-0.11961
-0.11932
-0.11903
-0.11875
-0.11846
-0.11817
-0.11789
-0.11760
-0.11731
-0.11703
-0.11674
-0.11645
-0.11617
-0.11588
-0.11559
-0.11531
-0.11502
-0.11473
-0.11445
-0.11416
-0.11387
-0.11359
-0.11330
-0.11301
-0.11273
-0.11244
-0.11215
-0.11187
-0.11158
-0.11129
-0.11101
-0.11072
-0.11043
-0.11015
-0.10986
-0.10957
-0.10929
-0.10900
-0.10870
-0.10840
-0.10810
-0.10780
-0.10750
-0.10720
-0.10690
-0.10660
-0.10630
-0.10600
-0.10440
-0.10280
-0.10120
-0.09960
-0.09800
-0.09640
-0.09480
-0.09320
-0.09160
-0.09000
-0.09010
-0.09020
-0.09030
-0.09040
-0.09050
-0.09060
-0.09070
-0.09080
-0.09090
-0.09100
-0.09110
-0.09120
-0.09130
-0.09140
-0.09150
-0.09160
-0.09170
-0.09180
-0.09190
-0.09200
-0.09200
-0.09200
-0.09200
-0.09200
-0.09200
-0.09200
-0.09200
-0.09200
-0.09200
-0.09200
-0.09200
-0.09200
-0.09200
-0.09200
-0.09200
-0.09200
-0.09200
-0.09200
-0.09200
-0.09200
-0.09200
-0.09200
-0.09200
-0.09200
-0.09200
-0.09200
-0.09200
-0.09200
-0.09200
-0.09200
-0.09200
-0.09200
-0.09200
-0.09200
-0.09200
-0.09200
-0.09200
-0.09200
-0.09200
-0.09200
-0.09200
-0.09200
-0.09200
-0.09200
-0.09200
-0.09200
-0.09200
-0.09200
-0.09200
-0.09200
-0.09200
-0.09200
-0.09200
-0.09200
-0.09200
-0.09200
-0.09200
-0.09200
-0.09200
-0.09200
-0.09200
-0.09200
-0.09200
-0.09200
-0.09200
-0.09200
-0.09200
-0.09200
-0.09200
-0.09200
-0.09200
-0.09200
-0.09200
-0.09200
-0.09200
-0.09200
-0.09200
-0.09200
-0.09200
-0.09200
-0.09200
-0.09200
-0.09200
-0.09200
-0.09200
-0.09200
-0.09200
-0.09200
-0.09200
-0.09200
-0.09200
-0.09200
-0.09200
-0.09200
-0.09200
-0.09200
-0.09200
-0.09200
-0.09200
-0.09200
-0.09190
-0.09180
-0.09170
-0.09160
-0.09150
-0.09140
-0.09130
-0.09120
-0.09110
-0.09100
-0.09040
-0.08980
-0.08920
-0.08860
-0.08800
-0.08740
-0.08680
-0.08620
-0.08560
-0.08500
-0.08290
-0.08080
-0.07870
-0.07660
-0.07450
-0.07240
-0.07030
-0.06820
-0.06610
-0.06400
-0.06340
-0.06280
-0.06220
-0.06160
-0.06100
-0.06040
-0.05980
-0.05920
-0.05860
-0.05800
-0.05800
-0.05800
-0.05800
-0.05800
-0.05800
-0.05800
-0.05800
-0.05800
-0.05800
-0.05800
-0.05800
-0.05800
-0.05800
-0.05800
-0.05800
-0.05800
-0.05800
-0.05800
-0.05800
-0.05800
-0.05800
-0.05800
-0.05800
-0.05800
-0.05800
-0.05800
-0.05800
-0.05800
-0.05800
-0.05800
-0.05800
-0.05800
-0.05800
-0.05800
-0.05800
-0.05800
-0.05800
-0.05800
-0.05800
-0.05800
-0.05800
-0.05800
-0.05800
-0.05800
-0.05800
-0.05800
-0.05800
-0.05800
-0.05800
-0.05800
-0.05800
-0.05800
-0.05800
-0.05800
-0.05800
-0.05800
-0.05800
-0.05800
-0.05800
-0.05800
-0.05800
-0.05800
-0.05800
-0.05800
-0.05800
-0.05800
-0.05800
-0.05800
-0.05800
-0.05800
-0.05800
-0.05800
-0.05800
-0.05800
-0.05800
-0.05800
-0.05800
-0.05800
-0.05800
-0.05800
-0.05800
-0.05800
-0.05800
-0.05800
-0.05800
-0.05800
-0.05800
-0.05800
-0.05800
-0.05800
-0.05800
-0.05800
-0.05800
-0.05800
-0.05800
-0.05800
-0.05800
-0.05800
-0.05800
-0.05800
-0.05800
-0.05800
-0.05800
-0.05800
-0.05800
-0.05800
-0.05800
-0.05800
-0.05800
-0.05800
-0.05800
-0.05800
-0.05800
-0.05800
-0.05800
-0.05800
-0.05800
-0.05800
-0.05800
-0.05800
-0.05800
-0.05800
-0.05800
-0.05800
-0.05800
-0.05800
-0.05800
-0.05800
-0.05800
-0.05800
-0.05800
-0.05800
-0.05800
-0.05800
-0.05800
-0.05800
-0.05800
-0.05800
-0.05800
-0.05800
-0.05800
-0.05800
-0.05800
-0.05800
-0.05800
-0.05800
-0.05800
-0.05800
-0.05800
-0.05800
-0.05800
-0.05800
-0.05800
-0.05800
-0.05800
-0.05800
-0.05800
-0.05800
-0.05800
-0.05800
-0.05800
-0.05800
-0.05800
-0.05800
-0.05800
-0.05800
-0.05800
-0.05800
-0.05800
-0.05800
-0.05800
-0.05800
-0.40098
-0.39670
-0.39242
-0.38814
-0.38385
-0.37957
-0.37529
-0.37101
-0.36673
-0.36245
-0.35817
-0.35389
-0.34961
-0.34533
-0.34105
-0.33677
-0.33249
-0.32821
-0.32393
-0.31965
-0.31537
-0.31109
-0.30681
-0.30253
-0.29825
-0.29397
-0.28969
-0.28541
-0.28113
-0.27685
-0.27257
-0.26828
-0.26400
-0.25972
-0.25544
-0.25116
-0.24688
-0.24260
-0.23832
-0.23404
-0.22976
-0.22548
-0.22120
-0.21692
-0.21264
-0.20836
-0.20408
-0.19980
-0.19552
-0.19124
-0.18696
-0.18268
-0.17840
-0.17412
-0.16984
-0.16556
-0.16128
-0.15700
-0.15271
-0.14843
-0.14415
-0.13987
-0.13559
-0.13131
-0.12703
-0.12275
-0.11847
-0.11419
-0.10991
-0.10562
-0.09732
-0.09697
-0.09662
-0.09627
-0.09592
-0.09557
-0.09522
-0.09487
-0.09452
-0.09417
-0.09352
-0.09257
-0.09162
-0.09067
-0.08972
-0.08877
-0.08782
-0.08687
-0.08593
-0.08497
-0.08447
-0.08442
-0.08437
-0.08432
-0.08427
-0.08422
-0.08417
-0.08412
-0.08407
-0.08402
-0.08405
-0.08415
-0.08425
-0.08435
-0.08445
-0.08455
-0.08465
-0.08475
-0.08485
-0.08495
-0.08505
-0.08515
-0.08525
-0.08535
-0.08545
-0.08555
-0.08565
-0.08575
-0.08585
-0.08595
-0.08602
-0.08607
-0.08612
-0.08617
-0.08622
-0.08627
-0.08632
-0.08637
-0.08642
-0.08647
-0.08647
-0.08642
-0.08637
-0.08632
-0.08627
-0.08622
-0.08617
-0.08612
-0.08607
-0.08602
-0.08602
-0.08607
-0.08612
-0.08617
-0.08622
-0.08627
-0.08632
-0.08637
-0.08642
-0.08647
-0.08650
-0.08650
-0.08650
-0.08650
-0.08650
-0.08650
-0.08650
-0.08650
-0.08650
-0.08650
-0.08650
-0.08650
-0.08650
-0.08650
-0.08650
-0.08650
-0.08650
-0.08650
-0.08650
-0.08650
-0.08650
-0.08650
-0.08650
-0.08650
-0.08650
-0.08650
-0.08650
-0.08650
-0.08650
-0.08650
-0.08650
-0.08650
-0.08650
-0.08650
-0.08650
-0.08650
-0.08650
-0.08650
-0.08650
-0.08650
-0.08650
-0.08650
-0.08650
-0.08650
-0.08650
-0.08650
-0.08650
-0.08650
-0.08650
-0.08650
-0.08650
-0.08650
-0.08650
-0.08650
-0.08650
-0.08650
-0.08650
-0.08650
-0.08650
-0.08650
-0.08647
-0.08642
-0.08637
-0.08632
-0.08627
-0.08622
-0.08617
-0.08612
-0.08607
-0.08602
-0.08585
-0.08555
-0.08525
-0.08495
-0.08465
-0.08435
-0.08405
-0.08375
-0.08345
-0.08315
-0.08240
-0.08120
-0.08000
-0.07880
-0.07760
-0.07640
-0.07520
-0.07400
-0.07280
-0.07160
-0.07055
-0.06965
-0.06875
-0.06785
-0.06695
-0.06605
-0.06515
-0.06425
-0.06335
-0.06245
-0.06260
-0.06200
-0.06200
-0.06200
-0.06200
-0.06200
-0.06200
-0.06200
-0.06200
-0.06200
-0.06200
-0.06200
-0.06200
-0.06200
-0.06200
-0.06200
-0.06200
-0.06200
-0.06200
-0.06200
-0.06200
-0.06200
-0.06200
-0.06200
-0.06200
-0.06200
-0.06200
-0.06200
-0.06200
-0.06200
-0.06200
-0.06200
-0.06200
-0.06200
-0.06200
-0.06200
-0.06200
-0.06200
-0.06200
-0.06200
-0.06200
-0.06200
-0.06200
-0.06200
-0.06200
-0.06200
-0.06200
-0.06200
-0.06200
-0.06200
-0.06200
-0.06200
-0.06200
-0.06200
-0.06200
-0.06200
-0.06200
-0.06200
-0.06200
-0.06200
-0.06200
-0.06200
-0.06200
-0.06200
-0.06200
-0.06200
-0.06200
-0.06200
-0.06200
-0.06200
-0.06200
-0.06200
-0.06200
-0.06200
-0.06200
-0.06200
-0.06200
-0.06200
-0.06200
-0.06200
-0.06200
-0.06200
-0.06200
-0.06200
-0.06200
-0.06200
-0.06200
-0.06200
-0.06200
-0.06200
-0.06200
-0.06200
-0.06200
-0.06200
-0.06200
-0.06200
-0.06200
-0.06200
-0.06200
-0.06200
-0.06200
-0.06200
-0.06200
-0.06200
-0.06200
-0.06200
-0.06200
-0.06200
-0.06200
-0.06200
-0.06200
-0.06200
-0.06200
-0.06200
-0.06200
-0.06200
-0.06200
-0.06200
-0.06200
-0.06200
-0.06200
-0.06200
-0.06200
-0.06200
-0.06200
-0.06200
-0.06200
-0.06200
-0.06200
-0.06200
-0.06200
-0.06200
-0.06200
-0.06200
-0.06200
-0.06200
-0.06200
-0.06200
-0.06200
-0.06200
-0.06200
-0.06200
-0.06200
-0.06200
-0.06200
-0.06200
-0.06200
-0.06200
-0.06200
-0.06200
-0.06200
-0.06200
-0.06200
-0.06200
-0.06200
-0.06200
-0.06200
-0.06200
-0.06200
-0.06200
-0.06200
-0.06200
-0.06200
-0.06200
-0.06200
-0.06200
-0.06200
-0.06200
-0.06200
-0.06200
-0.06200
-0.67346
-0.66519
-0.65691
-0.64864
-0.64036
-0.63209
-0.62381
-0.61554
-0.60727
-0.59899
-0.59072
-0.58244
-0.57417
-0.56590
-0.55762
-0.54935
-0.54107
-0.53280
-0.52453
-0.51625
-0.50798
-0.49970
-0.49143
-0.48316
-0.47488
-0.46661
-0.45833
-0.45006
-0.44179
-0.43351
-0.42524
-0.41696
-0.40869
-0.40041
-0.39214
-0.38387
-0.37559
-0.36732
-0.35904
-0.35077
-0.34250
-0.33422
-0.32595
-0.31767
-0.30940
-0.30113
-0.29285
-0.28458
-0.27630
-0.26803
-0.25976
-0.25148
-0.24321
-0.23493
-0.22666
-0.21839
-0.21011
-0.20184
-0.19356
-0.18529
-0.17701
-0.16874
-0.16047
-0.15219
-0.14392
-0.13564
-0.12737
-0.11910
-0.11082
-0.10255
-0.09427
-0.08600
-0.08560
-0.08520
-0.08480
-0.08440
-0.08400
-0.08360
-0.08320
-0.08280
-0.08240
-0.08200
-0.08170
-0.08140
-0.08110
-0.08080
-0.08050
-0.08020
-0.07990
-0.07960
-0.07930
-0.07900
-0.07880
-0.07860
-0.07840
-0.07820
-0.07800
-0.07780
-0.07760
-0.07740
-0.07720
-0.07700
-0.07710
-0.07720
-0.07730
-0.07740
-0.07750
-0.07760
-0.07770
-0.07780
-0.07790
-0.07800
-0.07820
-0.07840
-0.07860
-0.07880
-0.07900
-0.07920
-0.07940
-0.07960
-0.07980
-0.08000
-0.08010
-0.08020
-0.08030
-0.08040
-0.08050
-0.08060
-0.08070
-0.08080
-0.08090
-0.08100
-0.08090
-0.08080
-0.08070
-0.08060
-0.08050
-0.08040
-0.08030
-0.08020
-0.08010
-0.08000
-0.08010
-0.08020
-0.08030
-0.08040
-0.08050
-0.08060
-0.08070
-0.08080
-0.08090
-0.08100
-0.08100
-0.08100
-0.08100
-0.08100
-0.08100
-0.08100
-0.08100
-0.08100
-0.08100
-0.08100
-0.08100
-0.08100
-0.08100
-0.08100
-0.08100
-0.08100
-0.08100
-0.08100
-0.08100
-0.08100
-0.08100
-0.08100
-0.08100
-0.08100
-0.08100
-0.08100
-0.08100
-0.08100
-0.08100
-0.08100
-0.08100
-0.08100
-0.08100
-0.08100
-0.08100
-0.08100
-0.08100
-0.08100
-0.08100
-0.08100
-0.08100
-0.08100
-0.08100
-0.08100
-0.08100
-0.08100
-0.08100
-0.08100
-0.08100
-0.08100
-0.08100
-0.08100
-0.08100
-0.08100
-0.08100
-0.08100
-0.08100
-0.08100
-0.08100
-0.08100
-0.08100
-0.08100
-0.08100
-0.08100
-0.08100
-0.08100
-0.08100
-0.08100
-0.08100
-0.08100
-0.08100
-0.08100
-0.08100
-0.08100
-0.08100
-0.08100
-0.08100
-0.08100
-0.08100
-0.08100
-0.08070
-0.08040
-0.08010
-0.07980
-0.07950
-0.07920
-0.07890
-0.07860
-0.07830
-0.07800
-0.07680
-0.07560
-0.07440
-0.07320
-0.07200
-0.07080
-0.06960
-0.06840
-0.06720
-0.06600
-0.06600
-0.06600
-0.06600
-0.06600
-0.06600
-0.06600
-0.06600
-0.06600
-0.06600
-0.06600
-0.06600
-0.06600
-0.06600
-0.06600
-0.06600
-0.06600
-0.06600
-0.06600
-0.06600
-0.06600
-0.06600
-0.06600
-0.06600
-0.06600
-0.06600
-0.06600
-0.06600
-0.06600
-0.06600
-0.06600
-0.06600
-0.06600
-0.06600
-0.06600
-0.06600
-0.06600
-0.06600
-0.06600
-0.06600
-0.06600
-0.06600
-0.06600
-0.06600
-0.06600
-0.06600
-0.06600
-0.06600
-0.06600
-0.06600
-0.06600
-0.06600
-0.06600
-0.06600
-0.06600
-0.06600
-0.06600
-0.06600
-0.06600
-0.06600
-0.06600
-0.06600
-0.06600
-0.06600
-0.06600
-0.06600
-0.06600
-0.06600
-0.06600
-0.06600
-0.06600
-0.06600
-0.06600
-0.06600
-0.06600
-0.06600
-0.06600
-0.06600
-0.06600
-0.06600
-0.06600
-0.06600
-0.06600
-0.06600
-0.06600
-0.06600
-0.06600
-0.06600
-0.06600
-0.06600
-0.06600
-0.06600
-0.06600
-0.06600
-0.06600
-0.06600
-0.06600
-0.06600
-0.06600
-0.06600
-0.06600
-0.06600
-0.06600
-0.06600
-0.06600
-0.06600
-0.06600
-0.06600
-0.06600
-0.06600
-0.06600
-0.06600
-0.06600
-0.06600
-0.06600
-0.06600
-0.06600
-0.06600
-0.06600
-0.06600
-0.06600
-0.06600
-0.06600
-0.06600
-0.06600
-0.06600
-0.06600
-0.06600
-0.06600
-0.06600
-0.06600
-0.06600
-0.06600
-0.06600
-0.06600
-0.06600
-0.06600
-0.06600
-0.06600
-0.06600
-0.06600
-0.06600
-0.06600
-0.06600
-0.06600
-0.06600
-0.06600
-0.06600
-0.06600
-0.06600
-0.06600
-0.06600
-0.06600
-0.06600
-0.06600
-0.06600
-0.06600
-0.06600
-0.06600
-0.06600
-0.06600
-0.06600
-0.06600
-0.06600
-0.06600
-0.06600
-0.06600
-0.06600
-0.06600
-0.06600
-0.81351
-0.80353
-0.79356
-0.78358
-0.77360
-0.76362
-0.75364
-0.74366
-0.73368
-0.72370
-0.71373
-0.70375
-0.69377
-0.68379
-0.67381
-0.66383
-0.65385
-0.64388
-0.63390
-0.62392
-0.61394
-0.60396
-0.59398
-0.58400
-0.57402
-0.56405
-0.55407
-0.54409
-0.53411
-0.52413
-0.51415
-0.50417
-0.49419
-0.48422
-0.47424
-0.46426
-0.45428
-0.44430
-0.43432
-0.42434
-0.41436
-0.40439
-0.39441
-0.38443
-0.37445
-0.36447
-0.35449
-0.34451
-0.33454
-0.32456
-0.31458
-0.30460
-0.29462
-0.28464
-0.27466
-0.26468
-0.25471
-0.24473
-0.23475
-0.22477
-0.21479
-0.20481
-0.19483
-0.18485
-0.17488
-0.16490
-0.15492
-0.14494
-0.13496
-0.12498
-0.11500
-0.10503
-0.09898
-0.08725
-0.08675
-0.08625
-0.08575
-0.08525
-0.08475
-0.08425
-0.08375
-0.08325
-0.08275
-0.08238
-0.08213
-0.08187
-0.08163
-0.08138
-0.08113
-0.08088
-0.08063
-0.08038
-0.08013
-0.07985
-0.07955
-0.07925
-0.07895
-0.07865
-0.07835
-0.07805
-0.07775
-0.07745
-0.07715
-0.07697
-0.07692
-0.07687
-0.07683
-0.07678
-0.07673
-0.07667
-0.07662
-0.07658
-0.07653
-0.07623
-0.07568
-0.07512
-0.07457
-0.07402
-0.07348
-0.07293
-0.07237
-0.07182
-0.07127
-0.07098
-0.07093
-0.07087
-0.07082
-0.07078
-0.07072
-0.07068
-0.07062
-0.07057
-0.07052
-0.07048
-0.07043
-0.07037
-0.07032
-0.07027
-0.07022
-0.07018
-0.07012
-0.07007
-0.07003
-0.07003
-0.07007
-0.07012
-0.07018
-0.07022
-0.07027
-0.07032
-0.07037
-0.07043
-0.07047
-0.07050
-0.07050
-0.07050
-0.07050
-0.07050
-0.07050
-0.07050
-0.07050
-0.07050
-0.07050
-0.07048
-0.07043
-0.07037
-0.07032
-0.07027
-0.07022
-0.07018
-0.07012
-0.07007
-0.07002
-0.07003
-0.07008
-0.07012
-0.07018
-0.07022
-0.07028
-0.07032
-0.07037
-0.07043
-0.07047
-0.07053
-0.07057
-0.07062
-0.07068
-0.07072
-0.07077
-0.07082
-0.07087
-0.07093
-0.07097
-0.07103
-0.07107
-0.07112
-0.07118
-0.07122
-0.07128
-0.07132
-0.07137
-0.07143
-0.07147
-0.07150
-0.07150
-0.07150
-0.07150
-0.07150
-0.07150
-0.07150
-0.07150
-0.07150
-0.07150
-0.07150
-0.07150
-0.07150
-0.07150
-0.07150
-0.07150
-0.07150
-0.07150
-0.07150
-0.07150
-0.07153
-0.07157
-0.07162
-0.07168
-0.07173
-0.07178
-0.07182
-0.07187
-0.07193
-0.07197
-0.07188
-0.07162
-0.07137
-0.07112
-0.07087
-0.07063
-0.07038
-0.07012
-0.06987
-0.06962
-0.06915
-0.06845
-0.06775
-0.06705
-0.06635
-0.06565
-0.06495
-0.06425
-0.06355
-0.06285
-0.06260
-0.06250
-0.06250
-0.06250
-0.06250
-0.06250
-0.06250
-0.06250
-0.06250
-0.06250
-0.06250
-0.06250
-0.06250
-0.06250
-0.06250
-0.06250
-0.06250
-0.06250
-0.06250
-0.06250
-0.06250
-0.06250
-0.06250
-0.06250
-0.06250
-0.06250
-0.06250
-0.06250
-0.06250
-0.06250
-0.06250
-0.06250
-0.06250
-0.06250
-0.06250
-0.06250
-0.06250
-0.06250
-0.06250
-0.06250
-0.06250
-0.06250
-0.06250
-0.06250
-0.06250
-0.06250
-0.06250
-0.06250
-0.06250
-0.06250
-0.06250
-0.06250
-0.06250
-0.06250
-0.06250
-0.06250
-0.06250
-0.06250
-0.06250
-0.06250
-0.06250
-0.06250
-0.06250
-0.06250
-0.06250
-0.06250
-0.06250
-0.06250
-0.06250
-0.06250
-0.06250
-0.06250
-0.06250
-0.06250
-0.06250
-0.06250
-0.06250
-0.06250
-0.06250
-0.06250
-0.06250
-0.06250
-0.06250
-0.06250
-0.06250
-0.06250
-0.06250
-0.06250
-0.06250
-0.06250
-0.06250
-0.06250
-0.06250
-0.06250
-0.06250
-0.06250
-0.06250
-0.06250
-0.06250
-0.06250
-0.06250
-0.06250
-0.06250
-0.06250
-0.06250
-0.06250
-0.06250
-0.06250
-0.06250
-0.06250
-0.06250
-0.06250
-0.06250
-0.06250
-0.06250
-0.06250
-0.06250
-0.06250
-0.06250
-0.06250
-0.06250
-0.06250
-0.06250
-0.06250
-0.06250
-0.06250
-0.06250
-0.06250
-0.06250
-0.06250
-0.06250
-0.06250
-0.06250
-0.06250
-0.06250
-0.06250
-0.06250
-0.06250
-0.06250
-0.06250
-0.06250
-0.06250
-0.06250
-0.06250
-0.06250
-0.06250
-0.06250
-0.06250
-0.06250
-0.06250
-0.06250
-0.06250
-0.06250
-0.06250
-0.06250
-0.06250
-0.06250
-0.06250
-0.06250
-0.06250
-0.06250
-0.06250
-0.06250
-0.06250
-0.06250
-0.06250
-0.06250
-0.06250
-0.95357
-0.94188
-0.93020
-0.91852
-0.90683
-0.89515
-0.88347
-0.87178
-0.86010
-0.84842
-0.83673
-0.82505
-0.81337
-0.80168
-0.79000
-0.77832
-0.76663
-0.75495
-0.74327
-0.73158
-0.71990
-0.70822
-0.69653
-0.68485
-0.67317
-0.66148
-0.64980
-0.63812
-0.62643
-0.61475
-0.60307
-0.59138
-0.57970
-0.56802
-0.55633
-0.54465
-0.53297
-0.52128
-0.50960
-0.49792
-0.48623
-0.47455
-0.46287
-0.45118
-0.43950
-0.42782
-0.41613
-0.40445
-0.39277
-0.38108
-0.36940
-0.35772
-0.34603
-0.33435
-0.32267
-0.31098
-0.29930
-0.28762
-0.27593
-0.26425
-0.25257
-0.24088
-0.22920
-0.21752
-0.20583
-0.19415
-0.18247
-0.17078
-0.15910
-0.14742
-0.13573
-0.12405
-0.11237
-0.10068
-0.08900
-0.08840
-0.08780
-0.08720
-0.08660
-0.08600
-0.08540
-0.08480
-0.08420
-0.08360
-0.08300
-0.08280
-0.08260
-0.08240
-0.08220
-0.08200
-0.08180
-0.08160
-0.08140
-0.08120
-0.08100
-0.08060
-0.08020
-0.07980
-0.07940
-0.07900
-0.07860
-0.07820
-0.07780
-0.07740
-0.07700
-0.07680
-0.07660
-0.07640
-0.07620
-0.07600
-0.07580
-0.07560
-0.07540
-0.07520
-0.07500
-0.07370
-0.07240
-0.07110
-0.06980
-0.06850
-0.06720
-0.06590
-0.06460
-0.06330
-0.06200
-0.06180
-0.06160
-0.06140
-0.06120
-0.06100
-0.06080
-0.06060
-0.06040
-0.06020
-0.06000
-0.06000
-0.06000
-0.06000
-0.06000
-0.06000
-0.06000
-0.06000
-0.06000
-0.06000
-0.06000
-0.06000
-0.06000
-0.06000
-0.06000
-0.06000
-0.06000
-0.06000
-0.06000
-0.06000
-0.06000
-0.06000
-0.06000
-0.06000
-0.06000
-0.06000
-0.06000
-0.06000
-0.06000
-0.06000
-0.06000
-0.05990
-0.05980
-0.05970
-0.05960
-0.05950
-0.05940
-0.05930
-0.05920
-0.05910
-0.05900
-0.05910
-0.05920
-0.05930
-0.05940
-0.05950
-0.05960
-0.05970
-0.05980
-0.05990
-0.06000
-0.06010
-0.06020
-0.06030
-0.06040
-0.06050
-0.06060
-0.06070
-0.06080
-0.06090
-0.06100
-0.06110
-0.06120
-0.06130
-0.06140
-0.06150
-0.06160
-0.06170
-0.06180
-0.06190
-0.06200
-0.06200
-0.06200
-0.06200
-0.06200
-0.06200
-0.06200
-0.06200
-0.06200
-0.06200
-0.06200
-0.06200
-0.06200
-0.06200
-0.06200
-0.06200
-0.06200
-0.06200
-0.06200
-0.06200
-0.06200
-0.06210
-0.06220
-0.06230
-0.06240
-0.06250
-0.06260
-0.06270
-0.06280
-0.06290
-0.06300
-0.06280
-0.06260
-0.06240
-0.06220
-0.06200
-0.06180
-0.06160
-0.06140
-0.06120
-0.06100
-0.06080
-0.06060
-0.06040
-0.06020
-0.06000
-0.05980
-0.05960
-0.05940
-0.05920
-0.05900
-0.05900
-0.05900
-0.05900
-0.05900
-0.05900
-0.05900
-0.05900
-0.05900
-0.05900
-0.05900
-0.05900
-0.05900
-0.05900
-0.05900
-0.05900
-0.05900
-0.05900
-0.05900
-0.05900
-0.05900
-0.05900
-0.05900
-0.05900
-0.05900
-0.05900
-0.05900
-0.05900
-0.05900
-0.05900
-0.05900
-0.05900
-0.05900
-0.05900
-0.05900
-0.05900
-0.05900
-0.05900
-0.05900
-0.05900
-0.05900
-0.05900
-0.05900
-0.05900
-0.05900
-0.05900
-0.05900
-0.05900
-0.05900
-0.05900
-0.05900
-0.05900
-0.05900
-0.05900
-0.05900
-0.05900
-0.05900
-0.05900
-0.05900
-0.05900
-0.05900
-0.05900
-0.05900
-0.05900
-0.05900
-0.05900
-0.05900
-0.05900
-0.05900
-0.05900
-0.05900
-0.05900
-0.05900
-0.05900
-0.05900
-0.05900
-0.05900
-0.05900
-0.05900
-0.05900
-0.05900
-0.05900
-0.05900
-0.05900
-0.05900
-0.05900
-0.05900
-0.05900
-0.05900
-0.05900
-0.05900
-0.05900
-0.05900
-0.05900
-0.05900
-0.05900
-0.05900
-0.05900
-0.05900
-0.05900
-0.05900
-0.05900
-0.05900
-0.05900
-0.05900
-0.05900
-0.05900
-0.05900
-0.05900
-0.05900
-0.05900
-0.05900
-0.05900
-0.05900
-0.05900
-0.05900
-0.05900
-0.05900
-0.05900
-0.05900
-0.05900
-0.05900
-0.05900
-0.05900
-0.05900
-0.05900
-0.05900
-0.05900
-0.05900
-0.05900
-0.05900
-0.05900
-0.05900
-0.05900
-0.05900
-0.05900
-0.05900
-0.05900
-0.05900
-0.05900
-0.05900
-0.05900
-0.05900
-0.05900
-0.05900
-0.05900
-0.05900
-0.05900
-0.05900
-0.05900
-0.05900
-0.05900
-0.05900
-0.05900
-0.05900
-0.05900
-0.05900
-0.05900
-0.05900
-0.05900
-0.05900
-0.05900
-0.05900
-0.05900
-0.05900
-0.05900
-0.05900
-1.03469
-1.02414
-1.01360
-1.00305
-0.99250
-0.98196
-0.97141
-0.96086
-0.95032
-0.93977
-0.92922
-0.91867
-0.90813
-0.89758
-0.88703
-0.87649
-0.86594
-0.85539
-0.84484
-0.83430
-0.82375
-0.81320
-0.80266
-0.79211
-0.78156
-0.77102
-0.76047
-0.74992
-0.73937
-0.72883
-0.71828
-0.70773
-0.69719
-0.68664
-0.67609
-0.66555
-0.65500
-0.64445
-0.63390
-0.62336
-0.61281
-0.60226
-0.59172
-0.58117
-0.57062
-0.56008
-0.54953
-0.53898
-0.52843
-0.51789
-0.50734
-0.49679
-0.48625
-0.47570
-0.46515
-0.45460
-0.44406
-0.43351
-0.42296
-0.41242
-0.40187
-0.39132
-0.38078
-0.37023
-0.35968
-0.34913
-0.33859
-0.32804
-0.31749
-0.30695
-0.29640
-0.28585
-0.27531
-0.26476
-0.25421
-0.24366
-0.23355
-0.22365
-0.21375
-0.20385
-0.19395
-0.18405
-0.17415
-0.16425
-0.15435
-0.14445
-0.13715
-0.13245
-0.12775
-0.12305
-0.11835
-0.11365
-0.10895
-0.10425
-0.09955
-0.09485
-0.09160
-0.08980
-0.08800
-0.08620
-0.08440
-0.08260
-0.08080
-0.07900
-0.07720
-0.07540
-0.07420
-0.07360
-0.07300
-0.07240
-0.07180
-0.07120
-0.07060
-0.07000
-0.06940
-0.06880
-0.06840
-0.06820
-0.06800
-0.06780
-0.06760
-0.06740
-0.06720
-0.06700
-0.06680
-0.06660
-0.06635
-0.06605
-0.06575
-0.06545
-0.06515
-0.06485
-0.06455
-0.06425
-0.06395
-0.06365
-0.06330
-0.06290
-0.06250
-0.06210
-0.06170
-0.06130
-0.06090
-0.06050
-0.06010
-0.05970
-0.05948
-0.05943
-0.05938
-0.05933
-0.05928
-0.05923
-0.05918
-0.05913
-0.05908
-0.05903
-0.05900
-0.05900
-0.05900
-0.05900
-0.05900
-0.05900
-0.05900
-0.05900
-0.05900
-0.05900
-0.05903
-0.05908
-0.05913
-0.05918
-0.05923
-0.05928
-0.05933
-0.05938
-0.05943
-0.05948
-0.05950
-0.05950
-0.05950
-0.05950
-0.05950
-0.05950
-0.05950
-0.05950
-0.05950
-0.05950
-0.05948
-0.05943
-0.05938
-0.05933
-0.05928
-0.05923
-0.05918
-0.05913
-0.05908
-0.05903
-0.05903
-0.05908
-0.05913
-0.05918
-0.05923
-0.05928
-0.05933
-0.05938
-0.05943
-0.05948
-0.05945
-0.05935
-0.05925
-0.05915
-0.05905
-0.05895
-0.05885
-0.05875
-0.05865
-0.05855
-0.05850
-0.05850
-0.05850
-0.05850
-0.05850
-0.05850
-0.05850
-0.05850
-0.05850
-0.05850
-0.05853
-0.05858
-0.05863
-0.05868
-0.05873
-0.05878
-0.05883
-0.05888
-0.05893
-0.05898
-0.05903
-0.05908
-0.05913
-0.05918
-0.05923
-0.05928
-0.05933
-0.05938
-0.05943
-0.05948
-0.05950
-0.05950
-0.05950
-0.05950
-0.05950
-0.05950
-0.05950
-0.05950
-0.05950
-0.05950
-0.05950
-0.05950
-0.05950
-0.05950
-0.05950
-0.05950
-0.05950
-0.05950
-0.05950
-0.05950
-0.05950
-0.05950
-0.05950
-0.05950
-0.05950
-0.05950
-0.05950
-0.05950
-0.05950
-0.05950
-0.05950
-0.05950
-0.05950
-0.05950
-0.05950
-0.05950
-0.05950
-0.05950
-0.05950
-0.05950
-0.05950
-0.05950
-0.05950
-0.05950
-0.05950
-0.05950
-0.05950
-0.05950
-0.05950
-0.05950
-0.05950
-0.05950
-0.05950
-0.05950
-0.05950
-0.05950
-0.05950
-0.05950
-0.05950
-0.05950
-0.05950
-0.05950
-0.05950
-0.05950
-0.05950
-0.05950
-0.05950
-0.05950
-0.05950
-0.05950
-0.05950
-0.05950
-0.05950
-0.05950
-0.05950
-0.05950
-0.05950
-0.05950
-0.05950
-0.05950
-0.05950
-0.05950
-0.05950
-0.05950
-0.05950
-0.05950
-0.05950
-0.05950
-0.05950
-0.05950
-0.05950
-0.05950
-0.05950
-0.05950
-0.05950
-0.05950
-0.05950
-0.05950
-0.05950
-0.05950
-0.05950
-0.05950
-0.05950
-0.05950
-0.05950
-0.05950
-0.05950
-0.05950
-0.05950
-0.05950
-0.05950
-0.05950
-0.05950
-0.05950
-0.05950
-0.05950
-0.05950
-0.05950
-0.05950
-0.05950
-0.05950
-0.05950
-0.05950
-0.05950
-0.05950
-0.05950
-0.05950
-0.05950
-0.05950
-0.05950
-0.05950
-0.05950
-0.05950
-0.05950
-0.05950
-0.05950
-0.05950
-0.05950
-0.05950
-0.05950
-0.05950
-0.05950
-0.05950
-0.05950
-0.05950
-0.05950
-0.05950
-0.05950
-0.05950
-0.05950
-0.05950
-0.05950
-0.05950
-0.05950
-0.05950
-0.05950
-0.05950
-0.05950
-0.05950
-0.05950
-0.05950
-0.05950
-0.05950
-0.05950
-0.05950
-0.05950
-0.05950
-0.05950
-0.05950
-0.05950
-0.05950
-0.05950
-0.05950
-0.05950
-0.05950
-1.40487
-1.39588
-1.38690
-1.37791
-1.36893
-1.35994
-1.35096
-1.34197
-1.33299
-1.32400
-1.31501
-1.30603
-1.29704
-1.28806
-1.27907
-1.27009
-1.26110
-1.25212
-1.24313
-1.23415
-1.22516
-1.21618
-1.20719
-1.19821
-1.18922
-1.18024
-1.17125
-1.16226
-1.15328
-1.14429
-1.13531
-1.12632
-1.11734
-1.10835
-1.09937
-1.09038
-1.08140
-1.07241
-1.06343
-1.05444
-1.04546
-1.03647
-1.02749
-1.01850
-1.00951
-1.00053
-0.99154
-0.98256
-0.97357
-0.96459
-0.95560
-0.94662
-0.93763
-0.92865
-0.91966
-0.91068
-0.90169
-0.89271
-0.88372
-0.87474
-0.86575
-0.85676
-0.84778
-0.83879
-0.82981
-0.82082
-0.81184
-0.80285
-0.79387
-0.78488
-0.77590
-0.76691
-0.75793
-0.74894
-0.73996
-0.73097
-0.72199
-0.71300
-0.69770
-0.68240
-0.66710
-0.65180
-0.63650
-0.62120
-0.60590
-0.59060
-0.57530
-0.56000
-0.53460
-0.50920
-0.48380
-0.45840
-0.43300
-0.40760
-0.38220
-0.35680
-0.33140
-0.30600
-0.29230
-0.27860
-0.26490
-0.25120
-0.23750
-0.22380
-0.21010
-0.19640
-0.18270
-0.16900
-0.16150
-0.15400
-0.14650
-0.13900
-0.13150
-0.12400
-0.11650
-0.10900
-0.10150
-0.09400
-0.09100
-0.08800
-0.08500
-0.08200
-0.07900
-0.07600
-0.07300
-0.07000
-0.06700
-0.06400
-0.06290
-0.06180
-0.06070
-0.05960
-0.05850
-0.05740
-0.05630
-0.05520
-0.05410
-0.05300
-0.05270
-0.05240
-0.05210
-0.05180
-0.05150
-0.05120
-0.05090
-0.05060
-0.05030
-0.05000
-0.04990
-0.04980
-0.04970
-0.04960
-0.04950
-0.04940
-0.04930
-0.04920
-0.04910
-0.04900
-0.04840
-0.04780
-0.04720
-0.04660
-0.04600
-0.04540
-0.04480
-0.04420
-0.04360
-0.04300
-0.04290
-0.04280
-0.04270
-0.04260
-0.04250
-0.04240
-0.04230
-0.04220
-0.04210
-0.04200
-0.04200
-0.04200
-0.04200
-0.04200
-0.04200
-0.04200
-0.04200
-0.04200
-0.04200
-0.04200
-0.04200
-0.04200
-0.04200
-0.04200
-0.04200
-0.04200
-0.04200
-0.04200
-0.04200
-0.04200
-0.04200
-0.04200
-0.04200
-0.04200
-0.04200
-0.04200
-0.04200
-0.04200
-0.04200
-0.04200
-0.04210
-0.04220
-0.04230
-0.04240
-0.04250
-0.04260
-0.04270
-0.04280
-0.04290
-0.04300
-0.04300
-0.04300
-0.04300
-0.04300
-0.04300
-0.04300
-0.04300
-0.04300
-0.04300
-0.04300
-0.04300
-0.04300
-0.04300
-0.04300
-0.04300
-0.04300
-0.04300
-0.04300
-0.04300
-0.04300
-0.04300
-0.04300
-0.04300
-0.04300
-0.04300
-0.04300
-0.04300
-0.04300
-0.04300
-0.04300
-0.04270
-0.04240
-0.04210
-0.04180
-0.04150
-0.04120
-0.04090
-0.04060
-0.04030
-0.04000
-0.04000
-0.04000
-0.04000
-0.04000
-0.04000
-0.04000
-0.04000
-0.04000
-0.04000
-0.04000
-0.04000
-0.04000
-0.04000
-0.04000
-0.04000
-0.04000
-0.04000
-0.04000
-0.04000
-0.04000
-0.04000
-0.04000
-0.04000
-0.04000
-0.04000
-0.04000
-0.04000
-0.04000
-0.04000
-0.04000
-0.04000
-0.04000
-0.04000
-0.04000
-0.04000
-0.04000
-0.04000
-0.04000
-0.04000
-0.04000
-0.04000
-0.04000
-0.04000
-0.04000
-0.04000
-0.04000
-0.04000
-0.04000
-0.04000
-0.04000
-0.04000
-0.04000
-0.04000
-0.04000
-0.04000
-0.04000
-0.04000
-0.04000
-0.04000
-0.04000
-0.04000
-0.04000
-0.04000
-0.04000
-0.04000
-0.04000
-0.04000
-0.04000
-0.04000
-0.04000
-0.04000
-0.04000
-0.04000
-0.04000
-0.04000
-0.04000
-0.04000
-0.04000
-0.04000
-0.04000
-0.04000
-0.04000
-0.04000
-0.04000
-0.04000
-0.04000
-0.04000
-0.04000
-0.04000
-0.04000
-0.04000
-0.04000
-0.04000
-0.04000
-0.04000
-0.04000
-0.04000
-0.04000
-0.04000
-0.04000
-0.04000
-0.04000
-0.04000
-0.04000
-0.04000
-0.04000
-0.04000
-0.04000
-0.04000
-0.04000
-0.04000
-0.04000
-0.04000
-0.04000
-0.04000
-0.04000
-0.04000
-0.04000
-0.04000
-0.04000
-0.04000
-0.04000
-0.04000
-0.04000
-0.04000
-0.04000
-0.04000
-0.04000
-0.04000
-0.04000
-0.04000
-0.04000
-0.04000
-0.04000
-0.04000
-0.04000
-0.04000
-0.04000
-0.04000
-0.04000
-0.04000
-0.04000
-0.04000
-0.04000
-0.04000
-0.04000
-0.04000
-0.04000
-0.04000
-0.04000
-0.04000
-0.04000
-0.04000
-0.04000
-0.04000
-0.04000
-0.04000
-0.04000
-0.04000
-0.04000
-0.04000
-0.04000
-0.04000
-1.56243
-1.55412
-1.54582
-1.53751
-1.52920
-1.52090
-1.51259
-1.50429
-1.49598
-1.48768
-1.47937
-1.47107
-1.46276
-1.45445
-1.44615
-1.43784
-1.42954
-1.42123
-1.41293
-1.40462
-1.39632
-1.38801
-1.37970
-1.37140
-1.36309
-1.35479
-1.34648
-1.33818
-1.32987
-1.32157
-1.31326
-1.30495
-1.29665
-1.28834
-1.28004
-1.27173
-1.26343
-1.25512
-1.24681
-1.23851
-1.23020
-1.22190
-1.21359
-1.20529
-1.19698
-1.18868
-1.18037
-1.17206
-1.16376
-1.15545
-1.14715
-1.13884
-1.13054
-1.12223
-1.11393
-1.10562
-1.09731
-1.08901
-1.08070
-1.07240
-1.06409
-1.05579
-1.04748
-1.03917
-1.03087
-1.02256
-1.01426
-1.00595
-0.99765
-0.98934
-0.98104
-0.97273
-0.96442
-0.95612
-0.94781
-0.93951
-0.93120
-0.92290
-0.91459
-0.90308
-0.88823
-0.87338
-0.85852
-0.84368
-0.82883
-0.81398
-0.79913
-0.78427
-0.76943
-0.75963
-0.75487
-0.75013
-0.74537
-0.74063
-0.73588
-0.73113
-0.72637
-0.72162
-0.71688
-0.71378
-0.71232
-0.71087
-0.70943
-0.70797
-0.70653
-0.70508
-0.70362
-0.70217
-0.70072
-0.68965
-0.66895
-0.64825
-0.62755
-0.60685
-0.58615
-0.56545
-0.54475
-0.52405
-0.50335
-0.47903
-0.45108
-0.42312
-0.39518
-0.36722
-0.33928
-0.31133
-0.28337
-0.25543
-0.22747
-0.20828
-0.19783
-0.18738
-0.17693
-0.16647
-0.15603
-0.14558
-0.13512
-0.12468
-0.11422
-0.10645
-0.10135
-0.09625
-0.09115
-0.08605
-0.08095
-0.07585
-0.07075
-0.06565
-0.06055
-0.05700
-0.05500
-0.05300
-0.05100
-0.04900
-0.04700
-0.04500
-0.04300
-0.04100
-0.03900
-0.03768
-0.03703
-0.03638
-0.03573
-0.03507
-0.03443
-0.03378
-0.03313
-0.03248
-0.03182
-0.03138
-0.03113
-0.03087
-0.03063
-0.03037
-0.03013
-0.02988
-0.02963
-0.02938
-0.02912
-0.02885
-0.02855
-0.02825
-0.02795
-0.02765
-0.02735
-0.02705
-0.02675
-0.02645
-0.02615
-0.02588
-0.02563
-0.02538
-0.02513
-0.02487
-0.02463
-0.02438
-0.02413
-0.02388
-0.02362
-0.02343
-0.02328
-0.02312
-0.02298
-0.02282
-0.02268
-0.02253
-0.02237
-0.02223
-0.02207
-0.02202
-0.02207
-0.02212
-0.02217
-0.02223
-0.02227
-0.02232
-0.02237
-0.02242
-0.02248
-0.02250
-0.02250
-0.02250
-0.02250
-0.02250
-0.02250
-0.02250
-0.02250
-0.02250
-0.02250
-0.02250
-0.02250
-0.02250
-0.02250
-0.02250
-0.02250
-0.02250
-0.02250
-0.02250
-0.02250
-0.02250
-0.02250
-0.02250
-0.02250
-0.02250
-0.02250
-0.02250
-0.02250
-0.02250
-0.02250
-0.02252
-0.02257
-0.02262
-0.02267
-0.02273
-0.02277
-0.02282
-0.02287
-0.02292
-0.02297
-0.02300
-0.02300
-0.02300
-0.02300
-0.02300
-0.02300
-0.02300
-0.02300
-0.02300
-0.02300
-0.02300
-0.02300
-0.02300
-0.02300
-0.02300
-0.02300
-0.02300
-0.02300
-0.02300
-0.02300
-0.02300
-0.02300
-0.02300
-0.02300
-0.02300
-0.02300
-0.02300
-0.02300
-0.02300
-0.02300
-0.02300
-0.02300
-0.02300
-0.02300
-0.02300
-0.02300
-0.02300
-0.02300
-0.02300
-0.02300
-0.02300
-0.02300
-0.02300
-0.02300
-0.02300
-0.02300
-0.02300
-0.02300
-0.02300
-0.02300
-0.02300
-0.02300
-0.02300
-0.02300
-0.02300
-0.02300
-0.02300
-0.02300
-0.02300
-0.02300
-0.02300
-0.02300
-0.02300
-0.02300
-0.02300
-0.02300
-0.02300
-0.02300
-0.02300
-0.02300
-0.02300
-0.02300
-0.02300
-0.02300
-0.02300
-0.02300
-0.02300
-0.02300
-0.02300
-0.02300
-0.02300
-0.02300
-0.02300
-0.02300
-0.02300
-0.02300
-0.02300
-0.02300
-0.02300
-0.02300
-0.02300
-0.02300
-0.02300
-0.02300
-0.02300
-0.02300
-0.02300
-0.02300
-0.02300
-0.02300
-0.02300
-0.02300
-0.02300
-0.02300
-0.02300
-0.02300
-0.02300
-0.02300
-0.02300
-0.02300
-0.02300
-0.02300
-0.02300
-0.02300
-0.02300
-0.02300
-0.02300
-0.02300
-0.02300
-0.02300
-0.02300
-0.02300
-0.02300
-0.02300
-0.02300
-0.02300
-0.02300
-0.02300
-0.02300
-0.02300
-0.02300
-0.02300
-0.02300
-0.02300
-0.02300
-0.02300
-0.02300
-0.02300
-0.02300
-0.02300
-0.02300
-0.02300
-0.02300
-0.02300
-0.02300
-0.02300
-0.02300
-0.02300
-0.02300
-0.02300
-0.02300
-0.02300
-0.02300
-0.02300
-0.02300
-0.02300
-0.02300
-0.02300
-0.02300
-0.02300
-0.02300
-0.02300
-2.21027
-2.20225
-2.19424
-2.18622
-2.17820
-2.17019
-2.16217
-2.15416
-2.14614
-2.13812
-2.13011
-2.12209
-2.11408
-2.10606
-2.09805
-2.09003
-2.08201
-2.07400
-2.06598
-2.05797
-2.04995
-2.04193
-2.03392
-2.02590
-2.01789
-2.00987
-2.00186
-1.99384
-1.98582
-1.97781
-1.96979
-1.96178
-1.95376
-1.94574
-1.93773
-1.92971
-1.92170
-1.91368
-1.90567
-1.89765
-1.88963
-1.88162
-1.87360
-1.86559
-1.85757
-1.84956
-1.84154
-1.83352
-1.82551
-1.81749
-1.80948
-1.80146
-1.79344
-1.78543
-1.77741
-1.76940
-1.76138
-1.75336
-1.74535
-1.73733
-1.72932
-1.72130
-1.71329
-1.70527
-1.69725
-1.68924
-1.68122
-1.67321
-1.66519
-1.65717
-1.64916
-1.64114
-1.63313
-1.62511
-1.61710
-1.60908
-1.60106
-1.59305
-1.58503
-1.57702
-1.56900
-1.56710
-1.56520
-1.56330
-1.56140
-1.55950
-1.55760
-1.55570
-1.55380
-1.55190
-1.55000
-1.52440
-1.49880
-1.47320
-1.44760
-1.42200
-1.39640
-1.37080
-1.34520
-1.31960
-1.29400
-1.25130
-1.20860
-1.16590
-1.12320
-1.08050
-1.03780
-0.99510
-0.95240
-0.90970
-0.86700
-0.85370
-0.84040
-0.82710
-0.81380
-0.80050
-0.78720
-0.77390
-0.76060
-0.74730
-0.73400
-0.72980
-0.72560
-0.72140
-0.71720
-0.71300
-0.70880
-0.70460
-0.70040
-0.69620
-0.69200
-0.69070
-0.68940
-0.68810
-0.68680
-0.68550
-0.68420
-0.68290
-0.68160
-0.68030
-0.67900
-0.63450
-0.59000
-0.54550
-0.50100
-0.45650
-0.41200
-0.36750
-0.32300
-0.27850
-0.23400
-0.22130
-0.20860
-0.19590
-0.18320
-0.17050
-0.15780
-0.14510
-0.13240
-0.11970
-0.10700
-0.10060
-0.09420
-0.08780
-0.08140
-0.07500
-0.06860
-0.06220
-0.05580
-0.04940
-0.04300
-0.04050
-0.03800
-0.03550
-0.03300
-0.03050
-0.02800
-0.02550
-0.02300
-0.02050
-0.01800
-0.01710
-0.01620
-0.01530
-0.01440
-0.01350
-0.01260
-0.01170
-0.01080
-0.00990
-0.00900
-0.00880
-0.00860
-0.00840
-0.00820
-0.00800
-0.00780
-0.00760
-0.00740
-0.00720
-0.00700
-0.00690
-0.00680
-0.00670
-0.00660
-0.00650
-0.00640
-0.00630
-0.00620
-0.00610
-0.00600
-0.00550
-0.00500
-0.00450
-0.00400
-0.00350
-0.00300
-0.00250
-0.00200
-0.00150
-0.00100
-0.00090
-0.00080
-0.00070
-0.00060
-0.00050
-0.00040
-0.00030
-0.00020
-0.00010
0.00000
0.00000
0.00000
0.00000
0.00000
0.00000
0.00000
0.00000
0.00000
0.00000
0.00000
0.00000
0.00000
0.00000
0.00000
0.00000
0.00000
0.00000
0.00000
0.00000
0.00000
0.00000
0.00000
0.00000
0.00000
0.00000
0.00000
0.00000
0.00000
0.00000
0.00000
0.00000
0.00000
0.00000
0.00000
0.00000
0.00000
0.00000
0.00000
0.00000
0.00000
0.00000
0.00000
0.00000
0.00000
0.00000
0.00000
0.00000
0.00000
0.00000
0.00000
0.00000
0.00000
0.00000
0.00000
0.00000
0.00000
0.00000
0.00000
0.00000
0.00000
0.00000
0.00000
0.00000
0.00000
0.00000
0.00000
0.00000
0.00000
0.00000
0.00000
0.00000
0.00000
0.00000
0.00000
0.00000
0.00000
0.00000
0.00000
0.00000
0.00000
0.00000
0.00000
0.00000
0.00000
0.00000
0.00000
0.00000
0.00000
0.00000
0.00000
0.00000
0.00000
0.00000
0.00000
0.00000
0.00000
0.00000
0.00000
0.00000
0.00000
0.00000
0.00000
0.00000
0.00000
0.00000
0.00000
0.00000
0.00000
0.00000
0.00000
0.00000
0.00000
0.00000
0.00000
0.00000
0.00000
0.00000
0.00000
0.00000
0.00000
0.00000
0.00000
0.00000
0.00000
0.00000
0.00000
0.00000
0.00000
0.00000
0.00000
0.00000
0.00000
0.00000
0.00000
0.00000
0.00000
0.00000
0.00000
0.00000
0.00000
0.00000
0.00000
0.00000
0.00000
0.00000
0.00000
0.00000
0.00000
0.00000
0.00000
0.00000
0.00000
0.00000
0.00000
0.00000
0.00000
0.00000
0.00000
0.00000
0.00000
0.00000
0.00000
0.00000
0.00000
0.00000
0.00000
0.00000
0.00000
0.00000
0.00000
0.00000
0.00000
0.00000
0.00000
0.00000
0.00000
0.00000
0.00000
0.00000
0.00000
0.00000
0.00000
0.00000
0.00000
0.00000
0.00000
0.00000
0.00000
0.00000
0.00000
-2.45431
-2.44323
-2.43214
-2.42106
-2.40998
-2.39890
-2.38781
-2.37673
-2.36565
-2.35457
-2.34348
-2.33240
-2.32132
-2.31023
-2.29915
-2.28807
-2.27698
-2.26590
-2.25482
-2.24373
-2.23265
-2.22157
-2.21048
-2.19940
-2.18832
-2.17723
-2.16615
-2.15507
-2.14398
-2.13290
-2.12182
-2.11073
-2.09965
-2.08857
-2.07748
-2.06640
-2.05532
-2.04423
-2.03315
-2.02207
-2.01098
-1.99990
-1.98882
-1.97773
-1.96665
-1.95557
-1.94448
-1.93340
-1.92231
-1.91123
-1.90015
-1.88906
-1.87798
-1.86690
-1.85581
-1.84473
-1.83365
-1.82256
-1.81148
-1.80040
-1.78931
-1.77823
-1.76715
-1.75606
-1.74498
-1.73390
-1.72281
-1.71173
-1.70064
-1.68956
-1.67848
-1.66739
-1.65631
-1.64523
-1.63414
-1.62306
-1.61198
-1.60089
-1.58981
-1.57873
-1.56764
-1.55656
-1.55183
-1.55348
-1.55513
-1.55678
-1.55843
-1.56008
-1.56173
-1.56338
-1.56503
-1.56668
-1.56705
-1.56615
-1.56525
-1.56435
-1.56345
-1.56255
-1.56165
-1.56075
-1.55985
-1.55895
-1.55695
-1.55385
-1.55075
-1.54765
-1.54455
-1.54145
-1.53835
-1.53525
-1.53215
-1.52905
-1.52847
-1.53042
-1.53237
-1.53433
-1.53628
-1.53822
-1.54018
-1.54212
-1.54408
-1.54603
-1.53150
-1.50050
-1.46950
-1.43850
-1.40750
-1.37650
-1.34550
-1.31450
-1.28350
-1.25250
-1.21825
-1.18075
-1.14325
-1.10575
-1.06825
-1.03075
-0.99325
-0.95575
-0.91825
-0.88075
-0.85463
-0.83987
-0.82512
-0.81037
-0.79562
-0.78088
-0.76612
-0.75138
-0.73662
-0.72187
-0.70418
-0.68352
-0.66288
-0.64222
-0.62157
-0.60093
-0.58027
-0.55963
-0.53897
-0.51832
-0.49485
-0.46855
-0.44225
-0.41595
-0.38965
-0.36335
-0.33705
-0.31075
-0.28445
-0.25815
-0.23808
-0.22422
-0.21037
-0.19652
-0.18267
-0.16883
-0.15497
-0.14113
-0.12727
-0.11342
-0.10270
-0.09510
-0.08750
-0.07990
-0.07230
-0.06470
-0.05710
-0.04950
-0.04190
-0.03430
-0.02890
-0.02570
-0.02250
-0.01930
-0.01610
-0.01290
-0.00970
-0.00650
-0.00330
-0.00010
0.00207
0.00323
0.00438
0.00553
0.00668
0.00782
0.00898
0.01013
0.01128
0.01243
0.01317
0.01353
0.01388
0.01423
0.01458
0.01492
0.01528
0.01562
0.01598
0.01633
0.01655
0.01665
0.01675
0.01685
0.01695
0.01705
0.01715
0.01725
0.01735
0.01745
0.01762
0.01788
0.01813
0.01838
0.01863
0.01887
0.01913
0.01938
0.01963
0.01988
0.02015
0.02045
0.02075
0.02105
0.02135
0.02165
0.02195
0.02225
0.02255
0.02285
0.02305
0.02315
0.02325
0.02335
0.02345
0.02355
0.02365
0.02375
0.02385
0.02395
0.02400
0.02400
0.02400
0.02400
0.02400
0.02400
0.02400
0.02400
0.02400
0.02400
0.02400
0.02400
0.02400
0.02400
0.02400
0.02400
0.02400
0.02400
0.02400
0.02400
0.02400
0.02400
0.02400
0.02400
0.02400
0.02400
0.02400
0.02400
0.02400
0.02400
0.02400
0.02400
0.02400
0.02400
0.02400
0.02400
0.02400
0.02400
0.02400
0.02400
0.02400
0.02400
0.02400
0.02400
0.02400
0.02400
0.02400
0.02400
0.02400
0.02400
0.02400
0.02400
0.02400
0.02400
0.02400
0.02400
0.02400
0.02400
0.02400
0.02400
0.02400
0.02400
0.02400
0.02400
0.02400
0.02400
0.02400
0.02400
0.02400
0.02400
0.02400
0.02400
0.02400
0.02400
0.02400
0.02400
0.02400
0.02400
0.02400
0.02400
0.02400
0.02400
0.02400
0.02400
0.02400
0.02400
0.02400
0.02400
0.02400
0.02400
0.02400
0.02400
0.02400
0.02400
0.02400
0.02400
0.02400
0.02400
0.02400
0.02400
0.02400
0.02400
0.02400
0.02400
0.02400
0.02400
0.02400
0.02400
0.02400
0.02400
0.02400
0.02400
0.02400
0.02400
0.02400
0.02400
0.02400
0.02400
0.02400
0.02400
0.02400
0.02400
0.02400
0.02400
0.02400
0.02400
0.02400
0.02400
0.02400
0.02400
0.02400
0.02400
0.02400
0.02400
0.02400
0.02400
0.02400
0.02400
0.02400
0.02400
0.02400
0.02400
0.02400
0.02400
0.02400
0.02400
0.02400
0.02400
0.02400
0.02400
0.02400
0.02400
0.02400
0.02400
0.02400
0.02400
0.02400
0.02400
0.02400
-2.35111
-2.33916
-2.32721
-2.31526
-2.30331
-2.29136
-2.27940
-2.26745
-2.25550
-2.24355
-2.23160
-2.21964
-2.20769
-2.19574
-2.18379
-2.17184
-2.15988
-2.14793
-2.13598
-2.12402
-2.11207
-2.10012
-2.08817
-2.07621
-2.06426
-2.05231
-2.04035
-2.02840
-2.01645
-2.00449
-1.99254
-1.98059
-1.96863
-1.95668
-1.94473
-1.93277
-1.92082
-1.90887
-1.89691
-1.88496
-1.87301
-1.86105
-1.84910
-1.83715
-1.82519
-1.81324
-1.80128
-1.78933
-1.77738
-1.76542
-1.75347
-1.74152
-1.72956
-1.71761
-1.70566
-1.69370
-1.68175
-1.66979
-1.65784
-1.64589
-1.63393
-1.62198
-1.61003
-1.59807
-1.58612
-1.57417
-1.56221
-1.55026
-1.53830
-1.52635
-1.51440
-1.50244
-1.49049
-1.47854
-1.46658
-1.45463
-1.44268
-1.43072
-1.41877
-1.40681
-1.39486
-1.38291
-1.37095
-1.35900
-1.35950
-1.36000
-1.36050
-1.36100
-1.36150
-1.36200
-1.36250
-1.36300
-1.36350
-1.36400
-1.36970
-1.37540
-1.38110
-1.38680
-1.39250
-1.39820
-1.40390
-1.40960
-1.41530
-1.42100
-1.42820
-1.43540
-1.44260
-1.44980
-1.45700
-1.46420
-1.47140
-1.47860
-1.48580
-1.49300
-1.49580
-1.49860
-1.50140
-1.50420
-1.50700
-1.50980
-1.51260
-1.51540
-1.51820
-1.52100
-1.51810
-1.51520
-1.51230
-1.50940
-1.50650
-1.50360
-1.50070
-1.49780
-1.49490
-1.49200
-1.49250
-1.49300
-1.49350
-1.49400
-1.49450
-1.49500
-1.49550
-1.49600
-1.49650
-1.49700
-1.49880
-1.50060
-1.50240
-1.50420
-1.50600
-1.50780
-1.50960
-1.51140
-1.51320
-1.51500
-1.46570
-1.41640
-1.36710
-1.31780
-1.26850
-1.21920
-1.16990
-1.12060
-1.07130
-1.02200
-0.99450
-0.96700
-0.93950
-0.91200
-0.88450
-0.85700
-0.82950
-0.80200
-0.77450
-0.74700
-0.73870
-0.73040
-0.72210
-0.71380
-0.70550
-0.69720
-0.68890
-0.68060
-0.67230
-0.66400
-0.62000
-0.57600
-0.53200
-0.48800
-0.44400
-0.40000
-0.35600
-0.31200
-0.26800
-0.22400
-0.20930
-0.19460
-0.17990
-0.16520
-0.15050
-0.13580
-0.12110
-0.10640
-0.09170
-0.07700
-0.06930
-0.06160
-0.05390
-0.04620
-0.03850
-0.03080
-0.02310
-0.01540
-0.00770
0.00000
0.00300
0.00600
0.00900
0.01200
0.01500
0.01800
0.02100
0.02400
0.02700
0.03000
0.03110
0.03220
0.03330
0.03440
0.03550
0.03660
0.03770
0.03880
0.03990
0.04100
0.04140
0.04180
0.04220
0.04260
0.04300
0.04340
0.04380
0.04420
0.04460
0.04500
0.04500
0.04500
0.04500
0.04500
0.04500
0.04500
0.04500
0.04500
0.04500
0.04500
0.04500
0.04500
0.04500
0.04500
0.04500
0.04500
0.04500
0.04500
0.04500
0.04500
0.04500
0.04500
0.04500
0.04500
0.04500
0.04500
0.04500
0.04500
0.04500
0.04500
0.04500
0.04500
0.04500
0.04500
0.04500
0.04500
0.04500
0.04500
0.04500
0.04500
0.04500
0.04500
0.04500
0.04500
0.04500
0.04500
0.04500
0.04500
0.04500
0.04500
0.04500
0.04500
0.04500
0.04500
0.04500
0.04500
0.04500
0.04500
0.04500
0.04500
0.04500
0.04500
0.04500
0.04500
0.04500
0.04500
0.04500
0.04500
0.04500
0.04500
0.04500
0.04500
0.04500
0.04500
0.04500
0.04500
0.04500
0.04500
0.04500
0.04500
0.04500
0.04500
0.04500
0.04500
0.04500
0.04500
0.04500
0.04500
0.04500
0.04500
0.04500
0.04500
0.04500
0.04500
0.04500
0.04500
0.04500
0.04500
0.04500
0.04500
0.04500
0.04500
0.04500
0.04500
0.04500
0.04500
0.04500
0.04500
0.04500
0.04500
0.04500
0.04500
0.04500
0.04500
0.04500
0.04500
0.04500
0.04500
0.04500
0.04500
0.04500
0.04500
0.04500
0.04500
0.04500
0.04500
0.04500
0.04500
0.04500
0.04500
0.04500
0.04500
0.04500
0.04500
0.04500
0.04500
0.04500
0.04500
0.04500
0.04500
0.04500
0.04500
0.04500
0.04500
0.04500
0.04500
0.04500
0.04500
0.04500
0.04500
0.04500
0.04500
0.04500
0.04500
0.04500
0.04500
0.04500
0.04500
0.04500
0.04500
0.04500
0.04500
0.04500
0.04500
0.04500
0.04500
0.04500
0.04500
0.04500
0.04500
0.04500
0.04500
0.04500
0.04500
0.04500
0.04500
0.04500
-2.76108
-2.74415
-2.72723
-2.71030
-2.69337
-2.67645
-2.65952
-2.64259
-2.62567
-2.60874
-2.59181
-2.57488
-2.55795
-2.54103
-2.52410
-2.50717
-2.49024
-2.47331
-2.45638
-2.43945
-2.42252
-2.40559
-2.38866
-2.37173
-2.35480
-2.33787
-2.32094
-2.30400
-2.28707
-2.27014
-2.25321
-2.23628
-2.21935
-2.20241
-2.18548
-2.16855
-2.15162
-2.13468
-2.11775
-2.10082
-2.08388
-2.06695
-2.05002
-2.03308
-2.01615
-1.99922
-1.98228
-1.96535
-1.94842
-1.93148
-1.91455
-1.89762
-1.88068
-1.86375
-1.84681
-1.82988
-1.81295
-1.79601
-1.77908
-1.76215
-1.74521
-1.72828
-1.71134
-1.69441
-1.67747
-1.66054
-1.64361
-1.62667
-1.60974
-1.59280
-1.57587
-1.55894
-1.54200
-1.52507
-1.50813
-1.49120
-1.47427
-1.45733
-1.44040
-1.42346
-1.40653
-1.38959
-1.37266
-1.35573
-1.33879
-1.32977
-1.32932
-1.32887
-1.32842
-1.32797
-1.32752
-1.32707
-1.32662
-1.32617
-1.32572
-1.32532
-1.32497
-1.32462
-1.32427
-1.32392
-1.32357
-1.32322
-1.32287
-1.32252
-1.32217
-1.32170
-1.32110
-1.32050
-1.31990
-1.31930
-1.31870
-1.31810
-1.31750
-1.31690
-1.31630
-1.31662
-1.31787
-1.31912
-1.32037
-1.32162
-1.32287
-1.32412
-1.32537
-1.32662
-1.32787
-1.33082
-1.33547
-1.34012
-1.34477
-1.34942
-1.35407
-1.35872
-1.36337
-1.36802
-1.37267
-1.37775
-1.38325
-1.38875
-1.39425
-1.39975
-1.40525
-1.41075
-1.41625
-1.42175
-1.42725
-1.43130
-1.43390
-1.43650
-1.43910
-1.44170
-1.44430
-1.44690
-1.44950
-1.45210
-1.45470
-1.45630
-1.45690
-1.45750
-1.45810
-1.45870
-1.45930
-1.45990
-1.46050
-1.46110
-1.46170
-1.46030
-1.45690
-1.45350
-1.45010
-1.44670
-1.44330
-1.43990
-1.43650
-1.43310
-1.42970
-1.41730
-1.39590
-1.37450
-1.35310
-1.33170
-1.31030
-1.28890
-1.26750
-1.24610
-1.22470
-1.19773
-1.16518
-1.13263
-1.10008
-1.06753
-1.03498
-1.00243
-0.96988
-0.93733
-0.90478
-0.86938
-0.83113
-0.79288
-0.75463
-0.71638
-0.67813
-0.63988
-0.60163
-0.56338
-0.52513
-0.48978
-0.45733
-0.42488
-0.39243
-0.35998
-0.32753
-0.29508
-0.26263
-0.23018
-0.19773
-0.17448
-0.16043
-0.14638
-0.13233
-0.11828
-0.10423
-0.09018
-0.07613
-0.06208
-0.04803
-0.03740
-0.03020
-0.02300
-0.01580
-0.00860
-0.00140
0.00580
0.01300
0.02020
0.02740
0.03250
0.03550
0.03850
0.04150
0.04450
0.04750
0.05050
0.05350
0.05650
0.05950
0.06150
0.06250
0.06350
0.06450
0.06550
0.06650
0.06750
0.06850
0.06950
0.07050
0.07118
0.07153
0.07188
0.07223
0.07258
0.07293
0.07328
0.07363
0.07398
0.07433
0.07450
0.07450
0.07450
0.07450
0.07450
0.07450
0.07450
0.07450
0.07450
0.07450
0.07450
0.07450
0.07450
0.07450
0.07450
0.07450
0.07450
0.07450
0.07450
0.07450
0.07450
0.07450
0.07450
0.07450
0.07450
0.07450
0.07450
0.07450
0.07450
0.07450
0.07450
0.07450
0.07450
0.07450
0.07450
0.07450
0.07450
0.07450
0.07450
0.07450
0.07450
0.07450
0.07450
0.07450
0.07450
0.07450
0.07450
0.07450
0.07450
0.07450
0.07450
0.07450
0.07450
0.07450
0.07450
0.07450
0.07450
0.07450
0.07450
0.07450
0.07450
0.07450
0.07450
0.07450
0.07450
0.07450
0.07450
0.07450
0.07450
0.07450
0.07450
0.07450
0.07450
0.07450
0.07450
0.07450
0.07450
0.07450
0.07450
0.07450
0.07450
0.07450
0.07450
0.07450
0.07450
0.07450
0.07450
0.07450
0.07450
0.07450
0.07450
0.07450
0.07450
0.07450
0.07450
0.07450
0.07450
0.07450
0.07450
0.07450
0.07450
0.07450
0.07450
0.07450
0.07450
0.07450
0.07450
0.07450
0.07450
0.07450
0.07450
0.07450
0.07450
0.07450
0.07450
0.07450
0.07450
0.07450
0.07450
0.07450
0.07450
0.07450
0.07450
0.07450
0.07450
0.07450
0.07450
0.07450
0.07450
0.07450
0.07450
0.07450
0.07450
0.07450
0.07450
0.07450
0.07450
0.07450
0.07450
0.07450
0.07450
0.07450
0.07450
0.07450
0.07450
0.07450
0.07450
0.07450
0.07450
0.07450
0.07450
0.07450
0.07450
0.07450
0.07450
0.07450
-3.16111
-3.14170
-3.12229
-3.10288
-3.08347
-3.06405
-3.04464
-3.02522
-3.00580
-2.98638
-2.96696
-2.94754
-2.92812
-2.90869
-2.88927
-2.86984
-2.85042
-2.83099
-2.81156
-2.79214
-2.77271
-2.75328
-2.73385
-2.71442
-2.69499
-2.67556
-2.65613
-2.63670
-2.61727
-2.59784
-2.57841
-2.55898
-2.53955
-2.52012
-2.50068
-2.48125
-2.46182
-2.44238
-2.42295
-2.40352
-2.38408
-2.36465
-2.34522
-2.32578
-2.30635
-2.28691
-2.26748
-2.24804
-2.22861
-2.20917
-2.18974
-2.17030
-2.15087
-2.13143
-2.11199
-2.09256
-2.07312
-2.05368
-2.03425
-2.01481
-1.99537
-1.97594
-1.95650
-1.93706
-1.91763
-1.89819
-1.87875
-1.85932
-1.83988
-1.82044
-1.80100
-1.78157
-1.76213
-1.74269
-1.72325
-1.70382
-1.68438
-1.66494
-1.64550
-1.62606
-1.60663
-1.58719
-1.56775
-1.54831
-1.52888
-1.50944
-1.49000
-1.47730
-1.46460
-1.45190
-1.43920
-1.42650
-1.41380
-1.40110
-1.38840
-1.37570
-1.36300
-1.35740
-1.35180
-1.34620
-1.34060
-1.33500
-1.32940
-1.32380
-1.31820
-1.31260
-1.30700
-1.30490
-1.30280
-1.30070
-1.29860
-1.29650
-1.29440
-1.29230
-1.29020
-1.28810
-1.28600
-1.28530
-1.28460
-1.28390
-1.28320
-1.28250
-1.28180
-1.28110
-1.28040
-1.27970
-1.27900
-1.27860
-1.27820
-1.27780
-1.27740
-1.27700
-1.27660
-1.27620
-1.27580
-1.27540
-1.27500
-1.27430
-1.27360
-1.27290
-1.27220
-1.27150
-1.27080
-1.27010
-1.26940
-1.26870
-1.26800
-1.26900
-1.27000
-1.27100
-1.27200
-1.27300
-1.27400
-1.27500
-1.27600
-1.27700
-1.27800
-1.28350
-1.28900
-1.29450
-1.30000
-1.30550
-1.31100
-1.31650
-1.32200
-1.32750
-1.33300
-1.33770
-1.34240
-1.34710
-1.35180
-1.35650
-1.36120
-1.36590
-1.37060
-1.37530
-1.38000
-1.38350
-1.38700
-1.39050
-1.39400
-1.39750
-1.40100
-1.40450
-1.40800
-1.41150
-1.41500
-1.41370
-1.41240
-1.41110
-1.40980
-1.40850
-1.40720
-1.40590
-1.40460
-1.40330
-1.40200
-1.39720
-1.39240
-1.38760
-1.38280
-1.37800
-1.37320
-1.36840
-1.36360
-1.35880
-1.35400
-1.31220
-1.27040
-1.22860
-1.18680
-1.14500
-1.10320
-1.06140
-1.01960
-0.97780
-0.93600
-0.87500
-0.81400
-0.75300
-0.69200
-0.63100
-0.57000
-0.50900
-0.44800
-0.38700
-0.32600
-0.30500
-0.28400
-0.26300
-0.24200
-0.22100
-0.20000
-0.17900
-0.15800
-0.13700
-0.11600
-0.10290
-0.08980
-0.07670
-0.06360
-0.05050
-0.03740
-0.02430
-0.01120
0.00190
0.01500
0.02090
0.02680
0.03270
0.03860
0.04450
0.05040
0.05630
0.06220
0.06810
0.07400
0.07630
0.07860
0.08090
0.08320
0.08550
0.08780
0.09010
0.09240
0.09470
0.09700
0.09700
0.09700
0.09700
0.09700
0.09700
0.09700
0.09700
0.09700
0.09700
0.09700
0.09700
0.09700
0.09700
0.09700
0.09700
0.09700
0.09700
0.09700
0.09700
0.09700
0.09700
0.09700
0.09700
0.09700
0.09700
0.09700
0.09700
0.09700
0.09700
0.09700
0.09700
0.09700
0.09700
0.09700
0.09700
0.09700
0.09700
0.09700
0.09700
0.09700
0.09700
0.09700
0.09700
0.09700
0.09700
0.09700
0.09700
0.09700
0.09700
0.09700
0.09700
0.09700
0.09700
0.09700
0.09700
0.09700
0.09700
0.09700
0.09700
0.09700
0.09700
0.09700
0.09700
0.09700
0.09700
0.09700
0.09700
0.09700
0.09700
0.09700
0.09700
0.09700
0.09700
0.09700
0.09700
0.09700
0.09700
0.09700
0.09700
0.09700
0.09700
0.09700
0.09700
0.09700
0.09700
0.09700
0.09700
0.09700
0.09700
0.09700
0.09700
0.09700
0.09700
0.09700
0.09700
0.09700
0.09700
0.09700
0.09700
0.09700
0.09700
0.09700
0.09700
0.09700
0.09700
0.09700
0.09700
0.09700
0.09700
0.09700
0.09700
0.09700
0.09700
0.09700
0.09700
0.09700
0.09700
0.09700
0.09700
0.09700
0.09700
0.09700
0.09700
0.09700
0.09700
0.09700
0.09700
0.09700
0.09700
0.09700
0.09700
0.09700
0.09700
0.09700
0.09700
0.09700
0.09700
0.09700
0.09700
0.09700
0.09700
0.09700
0.09700
0.09700
0.09700
0.09700
0.09700
0.09700
0.09700
0.09700
0.09700
0.09700
0.09700
0.09700
-4.61484
-4.59503
-4.57509
-4.55504
-4.53486
-4.51459
-4.49420
-4.47372
-4.45315
-4.43250
-4.41176
-4.39095
-4.37007
-4.34912
-4.32810
-4.30703
-4.28591
-4.26474
-4.24352
-4.22225
-4.20095
-4.17961
-4.15823
-4.13683
-4.11539
-4.09393
-4.07244
-4.05093
-4.02940
-4.00785
-3.98628
-3.96470
-3.94310
-3.92148
-3.89986
-3.87822
-3.85657
-3.83491
-3.81324
-3.79157
-3.76988
-3.74819
-3.72650
-3.70479
-3.68308
-3.66137
-3.63965
-3.61792
-3.59620
-3.57446
-3.55273
-3.53099
-3.50924
-3.48750
-3.46575
-3.44400
-3.42224
-3.40049
-3.37873
-3.35696
-3.33520
-3.31343
-3.29167
-3.26990
-3.24812
-3.22635
-3.20457
-3.18280
-3.16102
-3.13924
-3.11745
-3.09567
-3.07388
-3.05210
-3.03031
-3.00852
-2.98673
-2.96494
-2.94315
-2.92135
-2.89956
-2.87776
-2.85597
-2.83417
-2.81237
-2.79058
-2.76878
-2.74698
-2.73285
-2.72655
-2.72025
-2.71395
-2.70765
-2.70135
-2.69505
-2.68875
-2.68245
-2.67615
-2.65298
-2.61293
-2.57288
-2.53282
-2.49277
-2.45273
-2.41268
-2.37263
-2.33257
-2.29252
-2.26038
-2.23613
-2.21188
-2.18762
-2.16337
-2.13913
-2.11488
-2.09063
-2.06637
-2.04212
-1.99985
-1.93955
-1.87925
-1.81895
-1.75865
-1.69835
-1.63805
-1.57775
-1.51745
-1.45715
-1.42023
-1.40668
-1.39312
-1.37957
-1.36602
-1.35248
-1.33893
-1.32537
-1.31182
-1.29827
-1.28932
-1.28497
-1.28063
-1.27628
-1.27192
-1.26758
-1.26323
-1.25888
-1.25452
-1.25017
-1.24723
-1.24568
-1.24413
-1.24257
-1.24103
-1.23948
-1.23792
-1.23638
-1.23483
-1.23327
-1.23210
-1.23130
-1.23050
-1.22970
-1.22890
-1.22810
-1.22730
-1.22650
-1.22570
-1.22490
-1.22475
-1.22525
-1.22575
-1.22625
-1.22675
-1.22725
-1.22775
-1.22825
-1.22875
-1.22925
-1.23033
-1.23198
-1.23362
-1.23528
-1.23693
-1.23857
-1.24022
-1.24187
-1.24352
-1.24518
-1.24817
-1.25252
-1.25687
-1.26123
-1.26558
-1.26992
-1.27428
-1.27862
-1.28297
-1.28733
-1.29195
-1.29685
-1.30175
-1.30665
-1.31155
-1.31645
-1.32135
-1.32625
-1.33115
-1.33605
-1.33830
-1.33790
-1.33750
-1.33710
-1.33670
-1.33630
-1.33590
-1.33550
-1.33510
-1.33470
-1.33278
-1.32932
-1.32587
-1.32242
-1.31898
-1.31553
-1.31208
-1.30862
-1.30517
-1.30172
-1.28775
-1.26325
-1.23875
-1.21425
-1.18975
-1.16525
-1.14075
-1.11625
-1.09175
-1.06725
-1.01458
-0.93373
-0.85287
-0.77202
-0.69117
-0.61033
-0.52948
-0.44862
-0.36777
-0.28692
-0.23620
-0.21560
-0.19500
-0.17440
-0.15380
-0.13320
-0.11260
-0.09200
-0.07140
-0.05080
-0.03498
-0.02393
-0.01288
-0.00182
0.00923
0.02027
0.03132
0.04237
0.05343
0.06448
0.07000
0.07000
0.07000
0.07000
0.07000
0.07000
0.07000
0.07000
0.07000
0.07000
0.07000
0.07000
0.07000
0.07000
0.07000
0.07000
0.07000
0.07000
0.07000
0.07000
0.07000
0.07000
0.07000
0.07000
0.07000
0.07000
0.07000
0.07000
0.07000
0.07000
0.07000
0.07000
0.07000
0.07000
0.07000
0.07000
0.07000
0.07000
0.07000
0.07000
0.07000
0.07000
0.07000
0.07000
0.07000
0.07000
0.07000
0.07000
0.07000
0.07000
0.07000
0.07000
0.07000
0.07000
0.07000
0.07000
0.07000
0.07000
0.07000
0.07000
0.07000
0.07000
0.07000
0.07000
0.07000
0.07000
0.07000
0.07000
0.07000
0.07000
0.07000
0.07000
0.07000
0.07000
0.07000
0.07000
0.07000
0.07000
0.07000
0.07000
0.07000
0.07000
0.07000
0.07000
0.07000
0.07000
0.07000
0.07000
0.07000
0.07000
0.07000
0.07000
0.07000
0.07000
0.07000
0.07000
0.07000
0.07000
0.07000
0.07000
0.07000
0.07000
0.07000
0.07000
0.07000
0.07000
0.07000
0.07000
0.07000
0.07000
0.07000
0.07000
0.07000
0.07000
0.07000
0.07000
0.07000
0.07000
0.07000
0.07000
0.07000
0.07000
0.07000
0.07000
0.07000
0.07000
0.07000
0.07000
0.07000
0.07000
0.07000
0.07000
0.07000
0.07000
0.07000
0.07000
0.07000
0.07000
0.07000
0.07000
0.07000
0.07000
0.07000
0.07000
0.07000
0.07000
0.07000
0.07000
0.07000
0.07000
0.07000
0.07000
0.07000
-5.10852
-5.09376
-5.07874
-5.06346
-5.04793
-5.03214
-5.01611
-4.99982
-4.98329
-4.96651
-4.94949
-4.93223
-4.91472
-4.89698
-4.87901
-4.86080
-4.84238
-4.82373
-4.80486
-4.78579
-4.76652
-4.74705
-4.72738
-4.70754
-4.68753
-4.66734
-4.64700
-4.62650
-4.60586
-4.58508
-4.56418
-4.54315
-4.52200
-4.50074
-4.47939
-4.45793
-4.43639
-4.41476
-4.39305
-4.37127
-4.34942
-4.32751
-4.30554
-4.28351
-4.26143
-4.23930
-4.21714
-4.19493
-4.17268
-4.15040
-4.12809
-4.10575
-4.08339
-4.06100
-4.03858
-4.01615
-3.99370
-3.97123
-3.94875
-3.92625
-3.90373
-3.88121
-3.85868
-3.83613
-3.81358
-3.79101
-3.76844
-3.74586
-3.72328
-3.70069
-3.67809
-3.65549
-3.63288
-3.61026
-3.58765
-3.56503
-3.54240
-3.51977
-3.49714
-3.47451
-3.45187
-3.42923
-3.40658
-3.38393
-3.36128
-3.33863
-3.31598
-3.29332
-3.27066
-3.24800
-3.19960
-3.15120
-3.10280
-3.05440
-3.00600
-2.95760
-2.90920
-2.86080
-2.81240
-2.76400
-2.74580
-2.72760
-2.70940
-2.69120
-2.67300
-2.65480
-2.63660
-2.61840
-2.60020
-2.58200
-2.57710
-2.57220
-2.56730
-2.56240
-2.55750
-2.55260
-2.54770
-2.54280
-2.53790
-2.53300
-2.53140
-2.52980
-2.52820
-2.52660
-2.52500
-2.52340
-2.52180
-2.52020
-2.51860
-2.51700
-2.51640
-2.51580
-2.51520
-2.51460
-2.51400
-2.51340
-2.51280
-2.51220
-2.51160
-2.51100
-2.51070
-2.51040
-2.51010
-2.50980
-2.50950
-2.50920
-2.50890
-2.50860
-2.50830
-2.50800
-2.39430
-2.28060
-2.16690
-2.05320
-1.93950
-1.82580
-1.71210
-1.59840
-1.48470
-1.37100
-1.35800
-1.34500
-1.33200
-1.31900
-1.30600
-1.29300
-1.28000
-1.26700
-1.25400
-1.24100
-1.23640
-1.23180
-1.22720
-1.22260
-1.21800
-1.21340
-1.20880
-1.20420
-1.19960
-1.19500
-1.19340
-1.19180
-1.19020
-1.18860
-1.18700
-1.18540
-1.18380
-1.18220
-1.18060
-1.17900
-1.17810
-1.17720
-1.17630
-1.17540
-1.17450
-1.17360
-1.17270
-1.17180
-1.17090
-1.17000
-1.17200
-1.17400
-1.17600
-1.17800
-1.18000
-1.18200
-1.18400
-1.18600
-1.18800
-1.19000
-1.19170
-1.19340
-1.19510
-1.19680
-1.19850
-1.20020
-1.20190
-1.20360
-1.20530
-1.20700
-1.20930
-1.21160
-1.21390
-1.21620
-1.21850
-1.22080
-1.22310
-1.22540
-1.22770
-1.23000
-1.23050
-1.23100
-1.23150
-1.23200
-1.23250
-1.23300
-1.23350
-1.23400
-1.23450
-1.23500
-1.23490
-1.23480
-1.23470
-1.23460
-1.23450
-1.23440
-1.23430
-1.23420
-1.23410
-1.23400
-1.15480
-1.07560
-0.99640
-0.91720
-0.83800
-0.75880
-0.67960
-0.60040
-0.52120
-0.44200
-0.41030
-0.37860
-0.34690
-0.31520
-0.28350
-0.25180
-0.22010
-0.18840
-0.15670
-0.12500
-0.12500
-0.12500
-0.12500
-0.12500
-0.12500
-0.12500
-0.12500
-0.12500
-0.12500
-0.12500
-0.12500
-0.12500
-0.12500
-0.12500
-0.12500
-0.12500
-0.12500
-0.12500
-0.12500
-0.12500
-0.12500
-0.12500
-0.12500
-0.12500
-0.12500
-0.12500
-0.12500
-0.12500
-0.12500
-0.12500
-0.12500
-0.12500
-0.12500
-0.12500
-0.12500
-0.12500
-0.12500
-0.12500
-0.12500
-0.12500
-0.12500
-0.12500
-0.12500
-0.12500
-0.12500
-0.12500
-0.12500
-0.12500
-0.12500
-0.12500
-0.12500
-0.12500
-0.12500
-0.12500
-0.12500
-0.12500
-0.12500
-0.12500
-0.12500
-0.12500
-0.12500
-0.12500
-0.12500
-0.12500
-0.12500
-0.12500
-0.12500
-0.12500
-0.12500
-0.12500
-0.12500
-0.12500
-0.12500
-0.12500
-0.12500
-0.12500
-0.12500
-0.12500
-0.12500
-0.12500
-0.12500
-0.12500
-0.12500
-0.12500
-0.12500
-0.12500
-0.12500
-0.12500
-0.12500
-0.12500
-0.12500
-0.12500
-0.12500
-0.12500
-0.12500
-0.12500
-0.12500
-0.12500
-0.12500
-0.12500
-0.12500
-0.12500
-0.12500
-0.12500
-0.12500
-0.12500
-0.12500
-0.12500
-0.12500
-0.12500
-0.12500
-0.12500
-0.12500
-0.12500
-0.12500
-0.12500
-0.12500
-0.12500
-0.12500
-0.12500
-0.12500
-0.12500
-0.12500
-0.12500
-0.12500
-0.12500
-0.12500
-0.12500
-0.12500
-0.12500
-0.12500
-0.12500
-0.12500
-0.12500
-0.12500
-0.12500
-0.12500
-0.12500
-0.12500
-0.12500
-0.12500
-0.12500
-0.12500
-0.12500
-0.12500
-0.12500
-0.12500
-0.12500
-0.12500
-0.12500
-0.12500
-5.51104
-5.50981
-5.50840
-5.50681
-5.50502
-5.50306
-5.50090
-5.49856
-5.49604
-5.49332
-5.49042
-5.48732
-5.48404
-5.48057
-5.47690
-5.47305
-5.46900
-5.46476
-5.46032
-5.45569
-5.45086
-5.44583
-5.44059
-5.43515
-5.42949
-5.42361
-5.41751
-5.41117
-5.40459
-5.39776
-5.39068
-5.38332
-5.37567
-5.36774
-5.35950
-5.35094
-5.34206
-5.33283
-5.32326
-5.31332
-5.30300
-5.29231
-5.28122
-5.26973
-5.25784
-5.24553
-5.23282
-5.21968
-5.20613
-5.19216
-5.17778
-5.16299
-5.14779
-5.13219
-5.11620
-5.09982
-5.08308
-5.06597
-5.04851
-5.03071
-5.01258
-4.99414
-4.97541
-4.95638
-4.93708
-4.91752
-4.89772
-4.87768
-4.85742
-4.83696
-4.81631
-4.79547
-4.77446
-4.75330
-4.73198
-4.71053
-4.68895
-4.66726
-4.64545
-4.62354
-4.60154
-4.57946
-4.55729
-4.53505
-4.51275
-4.49038
-4.46795
-4.44547
-4.42295
-4.40037
-4.37776
-4.33122
-4.26067
-4.19012
-4.11957
-4.04902
-3.97847
-3.90792
-3.83737
-3.76682
-3.69627
-3.62805
-3.56215
-3.49625
-3.43035
-3.36445
-3.29855
-3.23265
-3.16675
-3.10085
-3.03495
-2.98187
-2.94162
-2.90137
-2.86112
-2.82087
-2.78062
-2.74037
-2.70012
-2.65987
-2.61962
-2.59200
-2.57700
-2.56200
-2.54700
-2.53200
-2.51700
-2.50200
-2.48700
-2.47200
-2.45700
-2.44737
-2.44313
-2.43888
-2.43463
-2.43038
-2.42612
-2.42188
-2.41763
-2.41338
-2.40913
-2.40638
-2.40513
-2.40388
-2.40263
-2.40138
-2.40013
-2.39888
-2.39763
-2.39638
-2.39513
-2.39423
-2.39368
-2.39313
-2.39258
-2.39203
-2.39148
-2.39093
-2.39038
-2.38983
-2.38928
-2.38885
-2.38855
-2.38825
-2.38795
-2.38765
-2.38735
-2.38705
-2.38675
-2.38645
-2.38615
-2.36265
-2.31595
-2.26925
-2.22255
-2.17585
-2.12915
-2.08245
-2.03575
-1.98905
-1.94235
-1.89152
-1.83657
-1.78162
-1.72667
-1.67172
-1.61677
-1.56182
-1.50687
-1.45192
-1.39697
-1.36117
-1.34452
-1.32787
-1.31122
-1.29457
-1.27792
-1.26127
-1.24462
-1.22797
-1.21132
-1.20015
-1.19445
-1.18875
-1.18305
-1.17735
-1.17165
-1.16595
-1.16025
-1.15455
-1.14885
-1.14487
-1.14262
-1.14037
-1.13812
-1.13587
-1.13362
-1.13137
-1.12913
-1.12688
-1.12462
-1.12318
-1.12253
-1.12188
-1.12123
-1.12058
-1.11993
-1.11928
-1.11863
-1.11798
-1.11733
-1.11790
-1.11970
-1.12150
-1.12330
-1.12510
-1.12690
-1.12870
-1.13050
-1.13230
-1.13410
-1.13563
-1.13688
-1.13813
-1.13938
-1.14063
-1.14188
-1.14313
-1.14438
-1.14563
-1.14688
-1.14790
-1.14870
-1.14950
-1.15030
-1.15110
-1.15190
-1.15270
-1.15350
-1.15430
-1.15510
-1.15525
-1.15475
-1.15425
-1.15375
-1.15325
-1.15275
-1.15225
-1.15175
-1.15125
-1.15075
-1.15050
-1.15050
-1.15050
-1.15050
-1.15050
-1.15050
-1.15050
-1.15050
-1.15050
-1.15050
-1.15050
-1.15050
-1.15050
-1.15050
-1.15050
-1.15050
-1.15050
-1.15050
-1.15050
-1.15050
-1.15050
-1.15050
-1.15050
-1.15050
-1.15050
-1.15050
-1.15050
-1.15050
-1.15050
-1.15050
-1.15050
-1.15050
-1.15050
-1.15050
-1.15050
-1.15050
-1.15050
-1.15050
-1.15050
-1.15050
-1.15050
-1.15050
-1.15050
-1.15050
-1.15050
-1.15050
-1.15050
-1.15050
-1.15050
-1.15050
-1.15050
-1.15050
-1.15050
-1.15050
-1.15050
-1.15050
-1.15050
-1.15050
-1.15050
-1.15050
-1.15050
-1.15050
-1.15050
-1.15050
-1.15050
-1.15050
-1.15050
-1.15050
-1.15050
-1.15050
-1.15050
-1.15050
-1.15050
-1.15050
-1.15050
-1.15050
-1.15050
-1.15050
-1.15050
-1.15050
-1.15050
-1.15050
-1.15050
-1.15050
-1.15050
-1.15050
-1.15050
-1.15050
-1.15050
-1.15050
-1.15050
-1.15050
-1.15050
-1.15050
-1.15050
-1.15050
-1.15050
-1.15050
-1.15050
-1.15050
-1.15050
-1.15050
-1.15050
-1.15050
-1.15050
-1.15050
-1.15050
-1.15050
-1.15050
-1.15050
-1.15050
-1.15050
-1.15050
-1.15050
-1.15050
-1.15050
-1.15050
-1.15050
-1.15050
-1.15050
-1.15050
-1.15050
-1.15050
-1.15050
-1.15050
-1.15050
-1.15050
-1.15050
-1.15050
-1.15050
-1.15050
-1.15050
-1.15050
-1.15050
-1.15050
-1.15050
-1.15050
-1.15050
-1.15050
-1.15050
-1.15050
-1.15050
-1.15050
-1.15050
-1.15050
-1.15050
-1.15050
-1.15050
-1.15050
-1.15050
-5.44343
-5.45135
-5.45879
-5.46575
-5.47225
-5.47830
-5.48390
-5.48907
-5.49383
-5.49819
-5.50217
-5.50579
-5.50908
-5.51204
-5.51471
-5.51709
-5.51921
-5.52108
-5.52272
-5.52414
-5.52536
-5.52638
-5.52721
-5.52787
-5.52835
-5.52867
-5.52882
-5.52882
-5.52866
-5.52835
-5.52788
-5.52726
-5.52649
-5.52557
-5.52451
-5.52330
-5.52195
-5.52046
-5.51884
-5.51708
-5.51519
-5.51317
-5.51103
-5.50876
-5.50637
-5.50385
-5.50121
-5.49845
-5.49555
-5.49252
-5.48935
-5.48602
-5.48253
-5.47887
-5.47501
-5.47094
-5.46664
-5.46210
-5.45728
-5.45216
-5.44673
-5.44096
-5.43482
-5.42829
-5.42135
-5.41398
-5.40616
-5.39787
-5.38910
-5.37982
-5.37004
-5.35975
-5.34893
-5.33759
-5.32573
-5.31334
-5.30043
-5.28701
-5.27309
-5.25867
-5.24377
-5.22840
-5.21257
-5.19631
-5.17962
-5.16253
-5.14505
-5.12719
-5.10899
-5.09045
-5.07159
-5.05244
-5.03300
-4.99480
-4.95660
-4.91840
-4.88020
-4.84200
-4.80380
-4.76560
-4.72740
-4.68920
-4.65100
-4.58750
-4.52400
-4.46050
-4.39700
-4.33350
-4.27000
-4.20650
-4.14300
-4.07950
-4.01600
-3.94380
-3.87160
-3.79940
-3.72720
-3.65500
-3.58280
-3.51060
-3.43840
-3.36620
-3.29400
-3.23520
-3.17640
-3.11760
-3.05880
-3.00000
-2.94120
-2.88240
-2.82360
-2.76480
-2.70600
-2.67650
-2.64700
-2.61750
-2.58800
-2.55850
-2.52900
-2.49950
-2.47000
-2.44050
-2.41100
-2.40180
-2.39260
-2.38340
-2.37420
-2.36500
-2.35580
-2.34660
-2.33740
-2.32820
-2.31900
-2.31620
-2.31340
-2.31060
-2.30780
-2.30500
-2.30220
-2.29940
-2.29660
-2.29380
-2.29100
-2.29010
-2.28920
-2.28830
-2.28740
-2.28650
-2.28560
-2.28470
-2.28380
-2.28290
-2.28200
-2.28170
-2.28140
-2.28110
-2.28080
-2.28050
-2.28020
-2.27990
-2.27960
-2.27930
-2.27900
-2.27870
-2.27840
-2.27810
-2.27780
-2.27750
-2.27720
-2.27690
-2.27660
-2.27630
-2.27600
-2.27580
-2.27560
-2.27540
-2.27520
-2.27500
-2.27480
-2.27460
-2.27440
-2.27420
-2.27400
-2.27400
-2.27400
-2.27400
-2.27400
-2.27400
-2.27400
-2.27400
-2.27400
-2.27400
-2.27400
-2.17030
-2.06660
-1.96290
-1.85920
-1.75550
-1.65180
-1.54810
-1.44440
-1.34070
-1.23700
-1.22570
-1.21440
-1.20310
-1.19180
-1.18050
-1.16920
-1.15790
-1.14660
-1.13530
-1.12400
-1.11970
-1.11540
-1.11110
-1.10680
-1.10250
-1.09820
-1.09390
-1.08960
-1.08530
-1.08100
-1.07900
-1.07700
-1.07500
-1.07300
-1.07100
-1.06900
-1.06700
-1.06500
-1.06300
-1.06100
-1.06160
-1.06220
-1.06280
-1.06340
-1.06400
-1.06460
-1.06520
-1.06580
-1.06640
-1.06700
-1.07010
-1.07320
-1.07630
-1.07940
-1.08250
-1.08560
-1.08870
-1.09180
-1.09490
-1.09800
-1.09800
-1.09800
-1.09800
-1.09800
-1.09800
-1.09800
-1.09800
-1.09800
-1.09800
-1.09800
-1.09800
-1.09800
-1.09800
-1.09800
-1.09800
-1.09800
-1.09800
-1.09800
-1.09800
-1.09800
-1.09800
-1.09800
-1.09800
-1.09800
-1.09800
-1.09800
-1.09800
-1.09800
-1.09800
-1.09800
-1.09800
-1.09800
-1.09800
-1.09800
-1.09800
-1.09800
-1.09800
-1.09800
-1.09800
-1.09800
-1.09800
-1.09800
-1.09800
-1.09800
-1.09800
-1.09800
-1.09800
-1.09800
-1.09800
-1.09800
-1.09800
-1.09800
-1.09800
-1.09800
-1.09800
-1.09800
-1.09800
-1.09800
-1.09800
-1.09800
-1.09800
-1.09800
-1.09800
-1.09800
-1.09800
-1.09800
-1.09800
-1.09800
-1.09800
-1.09800
-1.09800
-1.09800
-1.09800
-1.09800
-1.09800
-1.09800
-1.09800
-1.09800
-1.09800
-1.09800
-1.09800
-1.09800
-1.09800
-1.09800
-1.09800
-1.09800
-1.09800
-1.09800
-1.09800
-1.09800
-1.09800
-1.09800
-1.09800
-1.09800
-1.09800
-1.09800
-1.09800
-1.09800
-1.09800
-1.09800
-1.09800
-1.09800
-1.09800
-1.09800
-1.09800
-1.09800
-1.09800
-1.09800
-1.09800
-1.09800
-1.09800
-1.09800
-1.09800
-1.09800
-1.09800
-1.09800
-1.09800
-1.09800
-1.09800
-1.09800
-1.09800
-1.09800
-1.09800
-1.09800
-1.09800
-1.09800
-1.09800
-1.09800
-1.09800
-1.09800
-1.09800
-1.09800
-1.09800
-1.09800
-1.09800
-1.09800
-1.09800
-1.09800
-1.09800
-1.09800
-1.09800
-1.09800
-1.09800
-1.09800
-1.09800
-1.09800
-1.09800
-1.09800
-5.07147
-5.08636
-5.10125
-5.11612
-5.13094
-5.14569
-5.16035
-5.17490
-5.18930
-5.20353
-5.21756
-5.23138
-5.24495
-5.25825
-5.27126
-5.28395
-5.29629
-5.30827
-5.31987
-5.33106
-5.34183
-5.35216
-5.36203
-5.37143
-5.38035
-5.38878
-5.39671
-5.40414
-5.41106
-5.41748
-5.42340
-5.42881
-5.43373
-5.43816
-5.44211
-5.44559
-5.44860
-5.45118
-5.45331
-5.45503
-5.45634
-5.45725
-5.45779
-5.45795
-5.45777
-5.45724
-5.45638
-5.45521
-5.45373
-5.45194
-5.44987
-5.44752
-5.44490
-5.44201
-5.43886
-5.43546
-5.43181
-5.42791
-5.42378
-5.41941
-5.41482
-5.41000
-5.40496
-5.39970
-5.39423
-5.38854
-5.38264
-5.37653
-5.37021
-5.36367
-5.35693
-5.34997
-5.34280
-5.33540
-5.32778
-5.31992
-5.31183
-5.30349
-5.29490
-5.28605
-5.27694
-5.26755
-5.25788
-5.24792
-5.23766
-5.22711
-5.21624
-5.20507
-5.19359
-5.18179
-5.16967
-5.15724
-5.14450
-5.13144
-5.12087
-5.11262
-5.10438
-5.09612
-5.08788
-5.07963
-5.07138
-5.06313
-5.05488
-5.04662
-5.02955
-5.00365
-4.97775
-4.95185
-4.92595
-4.90005
-4.87415
-4.84825
-4.82235
-4.79645
-4.75755
-4.70565
-4.65375
-4.60185
-4.54995
-4.49805
-4.44615
-4.39425
-4.34235
-4.29045
-4.22993
-4.16078
-4.09162
-4.02248
-3.95332
-3.88418
-3.81503
-3.74587
-3.67673
-3.60757
-3.53970
-3.47310
-3.40650
-3.33990
-3.27330
-3.20670
-3.14010
-3.07350
-3.00690
-2.94030
-2.88470
-2.84010
-2.79550
-2.75090
-2.70630
-2.66170
-2.61710
-2.57250
-2.52790
-2.48330
-2.45148
-2.43243
-2.41337
-2.39433
-2.37527
-2.35623
-2.33718
-2.31813
-2.29908
-2.28002
-2.26743
-2.26127
-2.25513
-2.24898
-2.24282
-2.23667
-2.23053
-2.22438
-2.21823
-2.21207
-2.20805
-2.20615
-2.20425
-2.20235
-2.20045
-2.19855
-2.19665
-2.19475
-2.19285
-2.19095
-2.18965
-2.18895
-2.18825
-2.18755
-2.18685
-2.18615
-2.18545
-2.18475
-2.18405
-2.18335
-2.18290
-2.18270
-2.18250
-2.18230
-2.18210
-2.18190
-2.18170
-2.18150
-2.18130
-2.18110
-2.18090
-2.18070
-2.18050
-2.18030
-2.18010
-2.17990
-2.17970
-2.17950
-2.17930
-2.17910
-2.17893
-2.17877
-2.17863
-2.17848
-2.17833
-2.17818
-2.17803
-2.17788
-2.17773
-2.17758
-2.17738
-2.17713
-2.17687
-2.17663
-2.17637
-2.17612
-2.17588
-2.17563
-2.17537
-2.17513
-2.15078
-2.10233
-2.05388
-2.00543
-1.95697
-1.90853
-1.86008
-1.81162
-1.76318
-1.71472
-1.66363
-1.60988
-1.55613
-1.50238
-1.44862
-1.39488
-1.34113
-1.28737
-1.23363
-1.17987
-1.14830
-1.13890
-1.12950
-1.12010
-1.11070
-1.10130
-1.09190
-1.08250
-1.07310
-1.06370
-1.05710
-1.05330
-1.04950
-1.04570
-1.04190
-1.03810
-1.03430
-1.03050
-1.02670
-1.02290
-1.02100
-1.02100
-1.02100
-1.02100
-1.02100
-1.02100
-1.02100
-1.02100
-1.02100
-1.02100
-1.02100
-1.02100
-1.02100
-1.02100
-1.02100
-1.02100
-1.02100
-1.02100
-1.02100
-1.02100
-1.02100
-1.02100
-1.02100
-1.02100
-1.02100
-1.02100
-1.02100
-1.02100
-1.02100
-1.02100
-1.02100
-1.02100
-1.02100
-1.02100
-1.02100
-1.02100
-1.02100
-1.02100
-1.02100
-1.02100
-1.02100
-1.02100
-1.02100
-1.02100
-1.02100
-1.02100
-1.02100
-1.02100
-1.02100
-1.02100
-1.02100
-1.02100
-1.02100
-1.02100
-1.02100
-1.02100
-1.02100
-1.02100
-1.02100
-1.02100
-1.02100
-1.02100
-1.02100
-1.02100
-1.02100
-1.02100
-1.02100
-1.02100
-1.02100
-1.02100
-1.02100
-1.02100
-1.02100
-1.02100
-1.02100
-1.02100
-1.02100
-1.02100
-1.02100
-1.02100
-1.02100
-1.02100
-1.02100
-1.02100
-1.02100
-1.02100
-1.02100
-1.02100
-1.02100
-1.02100
-1.02100
-1.02100
-1.02100
-1.02100
-1.02100
-1.02100
-1.02100
-1.02100
-1.02100
-1.02100
-1.02100
-1.02100
-1.02100
-1.02100
-1.02100
-1.02100
-1.02100
-1.02100
-1.02100
-1.02100
-1.02100
-1.02100
-1.02100
-1.02100
-1.02100
-1.02100
-1.02100
-1.02100
-1.02100
-1.02100
-1.02100
-1.02100
-1.02100
-1.02100
-1.02100
-1.02100
-1.02100
-1.02100
-1.02100
-1.02100
-1.02100
-1.02100
-1.02100
-1.02100
-1.02100
-1.02100
-1.02100
-1.02100
-1.02100
-1.02100
-1.02100
-1.02100
-1.02100
-1.02100
-1.02100
-1.02100
-1.02100
-4.71559
-4.72614
-4.73687
-4.74780
-4.75892
-4.77024
-4.78176
-4.79347
-4.80539
-4.81752
-4.82984
-4.84237
-4.85510
-4.86802
-4.88113
-4.89443
-4.90790
-4.92154
-4.93534
-4.94927
-4.96333
-4.97749
-4.99174
-5.00606
-5.02042
-5.03481
-5.04920
-5.06355
-5.07786
-5.09208
-5.10620
-5.12017
-5.13398
-5.14759
-5.16096
-5.17408
-5.18691
-5.19941
-5.21157
-5.22333
-5.23469
-5.24560
-5.25604
-5.26599
-5.27541
-5.28429
-5.29261
-5.30034
-5.30747
-5.31398
-5.31986
-5.32511
-5.32973
-5.33370
-5.33703
-5.33972
-5.34179
-5.34324
-5.34407
-5.34432
-5.34399
-5.34310
-5.34168
-5.33973
-5.33728
-5.33435
-5.33096
-5.32712
-5.32287
-5.31821
-5.31317
-5.30775
-5.30197
-5.29586
-5.28941
-5.28265
-5.27558
-5.26822
-5.26057
-5.25265
-5.24446
-5.23602
-5.22733
-5.21840
-5.20924
-5.19985
-5.19025
-5.18044
-5.17043
-5.16021
-5.14981
-5.13921
-5.12843
-5.11747
-5.10632
-5.09500
-5.09280
-5.09060
-5.08840
-5.08620
-5.08400
-5.08180
-5.07960
-5.07740
-5.07520
-5.07300
-5.06760
-5.06220
-5.05680
-5.05140
-5.04600
-5.04060
-5.03520
-5.02980
-5.02440
-5.01900
-5.00170
-4.98440
-4.96710
-4.94980
-4.93250
-4.91520
-4.89790
-4.88060
-4.86330
-4.84600
-4.80450
-4.76300
-4.72150
-4.68000
-4.63850
-4.59700
-4.55550
-4.51400
-4.47250
-4.43100
-4.36630
-4.30160
-4.23690
-4.17220
-4.10750
-4.04280
-3.97810
-3.91340
-3.84870
-3.78400
-3.71430
-3.64460
-3.57490
-3.50520
-3.43550
-3.36580
-3.29610
-3.22640
-3.15670
-3.08700
-3.03170
-2.97640
-2.92110
-2.86580
-2.81050
-2.75520
-2.69990
-2.64460
-2.58930
-2.53400
-2.50510
-2.47620
-2.44730
-2.41840
-2.38950
-2.36060
-2.33170
-2.30280
-2.27390
-2.24500
-2.23470
-2.22440
-2.21410
-2.20380
-2.19350
-2.18320
-2.17290
-2.16260
-2.15230
-2.14200
-2.13870
-2.13540
-2.13210
-2.12880
-2.12550
-2.12220
-2.11890
-2.11560
-2.11230
-2.10900
-2.10790
-2.10680
-2.10570
-2.10460
-2.10350
-2.10240
-2.10130
-2.10020
-2.09910
-2.09800
-2.09760
-2.09720
-2.09680
-2.09640
-2.09600
-2.09560
-2.09520
-2.09480
-2.09440
-2.09400
-2.09370
-2.09340
-2.09310
-2.09280
-2.09250
-2.09220
-2.09190
-2.09160
-2.09130
-2.09100
-2.09080
-2.09060
-2.09040
-2.09020
-2.09000
-2.08980
-2.08960
-2.08940
-2.08920
-2.08900
-2.08890
-2.08880
-2.08870
-2.08860
-2.08850
-2.08840
-2.08830
-2.08820
-2.08810
-2.08800
-2.08760
-2.08720
-2.08680
-2.08640
-2.08600
-2.08560
-2.08520
-2.08480
-2.08440
-2.08400
-2.08370
-2.08340
-2.08310
-2.08280
-2.08250
-2.08220
-2.08190
-2.08160
-2.08130
-2.08100
-1.99110
-1.90120
-1.81130
-1.72140
-1.63150
-1.54160
-1.45170
-1.36180
-1.27190
-1.18200
-1.18200
-1.18200
-1.18200
-1.18200
-1.18200
-1.18200
-1.18200
-1.18200
-1.18200
-1.18200
-1.18200
-1.18200
-1.18200
-1.18200
-1.18200
-1.18200
-1.18200
-1.18200
-1.18200
-1.18200
-1.18200
-1.18200
-1.18200
-1.18200
-1.18200
-1.18200
-1.18200
-1.18200
-1.18200
-1.18200
-1.18200
-1.18200
-1.18200
-1.18200
-1.18200
-1.18200
-1.18200
-1.18200
-1.18200
-1.18200
-1.18200
-1.18200
-1.18200
-1.18200
-1.18200
-1.18200
-1.18200
-1.18200
-1.18200
-1.18200
-1.18200
-1.18200
-1.18200
-1.18200
-1.18200
-1.18200
-1.18200
-1.18200
-1.18200
-1.18200
-1.18200
-1.18200
-1.18200
-1.18200
-1.18200
-1.18200
-1.18200
-1.18200
-1.18200
-1.18200
-1.18200
-1.18200
-1.18200
-1.18200
-1.18200
-1.18200
-1.18200
-1.18200
-1.18200
-1.18200
-1.18200
-1.18200
-1.18200
-1.18200
-1.18200
-1.18200
-1.18200
-1.18200
-1.18200
-1.18200
-1.18200
-1.18200
-1.18200
-1.18200
-1.18200
-1.18200
-1.18200
-1.18200
-1.18200
-1.18200
-1.18200
-1.18200
-1.18200
-1.18200
-1.18200
-1.18200
-1.18200
-1.18200
-1.18200
-1.18200
-1.18200
-1.18200
-1.18200
-1.18200
-1.18200
-1.18200
-1.18200
-1.18200
-1.18200
-1.18200
-1.18200
-1.18200
-1.18200
-1.18200
-1.18200
-1.18200
-1.18200
-1.18200
-1.18200
-1.18200
-1.18200
-1.18200
-1.18200
-1.18200
-1.18200
-1.18200
-1.18200
-1.18200
-1.18200
-1.18200
-1.18200
-1.18200
-1.18200
-1.18200
-1.18200
-4.49889
-4.50489
-4.51107
-4.51742
-4.52394
-4.53063
-4.53748
-4.54450
-4.55168
-4.55902
-4.56652
-4.57418
-4.58200
-4.58997
-4.59810
-4.60639
-4.61484
-4.62344
-4.63221
-4.64113
-4.65022
-4.65946
-4.66887
-4.67843
-4.68816
-4.69804
-4.70808
-4.71828
-4.72863
-4.73914
-4.74980
-4.76060
-4.77154
-4.78263
-4.79384
-4.80519
-4.81664
-4.82821
-4.83988
-4.85163
-4.86345
-4.87534
-4.88727
-4.89922
-4.91118
-4.92313
-4.93504
-4.94690
-4.95868
-4.97035
-4.98189
-4.99327
-5.00447
-5.01545
-5.02620
-5.03668
-5.04686
-5.05673
-5.06624
-5.07539
-5.08413
-5.09246
-5.10034
-5.10776
-5.11470
-5.12115
-5.12708
-5.13249
-5.13737
-5.14170
-5.14549
-5.14873
-5.15142
-5.15357
-5.15517
-5.15624
-5.15678
-5.15680
-5.15631
-5.15534
-5.15388
-5.15197
-5.14961
-5.14682
-5.14363
-5.14005
-5.13610
-5.13179
-5.12715
-5.12220
-5.11694
-5.11141
-5.10561
-5.09956
-5.09328
-5.08678
-5.08008
-5.07635
-5.07505
-5.07375
-5.07245
-5.07115
-5.06985
-5.06855
-5.06725
-5.06595
-5.06465
-5.06257
-5.05972
-5.05687
-5.05403
-5.05117
-5.04833
-5.04547
-5.04263
-5.03978
-5.03693
-5.03265
-5.02695
-5.02125
-5.01555
-5.00985
-5.00415
-4.99845
-4.99275
-4.98705
-4.98135
-4.97140
-4.95720
-4.94300
-4.92880
-4.91460
-4.90040
-4.88620
-4.87200
-4.85780
-4.84360
-4.81950
-4.78550
-4.75150
-4.71750
-4.68350
-4.64950
-4.61550
-4.58150
-4.54750
-4.51350
-4.46730
-4.40890
-4.35050
-4.29210
-4.23370
-4.17530
-4.11690
-4.05850
-4.00010
-3.94170
-3.87843
-3.81027
-3.74212
-3.67397
-3.60582
-3.53768
-3.46952
-3.40137
-3.33322
-3.26507
-3.20103
-3.14107
-3.08113
-3.02117
-2.96122
-2.90128
-2.84132
-2.78137
-2.72142
-2.66147
-2.61268
-2.57502
-2.53737
-2.49972
-2.46207
-2.42443
-2.38677
-2.34912
-2.31147
-2.27382
-2.24698
-2.23092
-2.21488
-2.19882
-2.18277
-2.16673
-2.15067
-2.13462
-2.11857
-2.10252
-2.09183
-2.08647
-2.08113
-2.07577
-2.07042
-2.06508
-2.05972
-2.05437
-2.04902
-2.04367
-2.04007
-2.03822
-2.03637
-2.03452
-2.03267
-2.03083
-2.02897
-2.02712
-2.02527
-2.02343
-2.02212
-2.02137
-2.02062
-2.01987
-2.01912
-2.01837
-2.01762
-2.01687
-2.01613
-2.01537
-2.01480
-2.01440
-2.01400
-2.01360
-2.01320
-2.01280
-2.01240
-2.01200
-2.01160
-2.01120
-2.01083
-2.01048
-2.01012
-2.00978
-2.00943
-2.00908
-2.00873
-2.00838
-2.00802
-2.00767
-2.00735
-2.00705
-2.00675
-2.00645
-2.00615
-2.00585
-2.00555
-2.00525
-2.00495
-2.00465
-2.00433
-2.00398
-2.00362
-2.00327
-2.00292
-2.00258
-2.00223
-2.00188
-2.00152
-2.00117
-2.00077
-2.00033
-1.99988
-1.99943
-1.99897
-1.99853
-1.99808
-1.99763
-1.99717
-1.99673
-1.99650
-1.99650
-1.99650
-1.99650
-1.99650
-1.99650
-1.99650
-1.99650
-1.99650
-1.99650
-1.99650
-1.99650
-1.99650
-1.99650
-1.99650
-1.99650
-1.99650
-1.99650
-1.99650
-1.99650
-1.99650
-1.99650
-1.99650
-1.99650
-1.99650
-1.99650
-1.99650
-1.99650
-1.99650
-1.99650
-1.99650
-1.99650
-1.99650
-1.99650
-1.99650
-1.99650
-1.99650
-1.99650
-1.99650
-1.99650
-1.99650
-1.99650
-1.99650
-1.99650
-1.99650
-1.99650
-1.99650
-1.99650
-1.99650
-1.99650
-1.99650
-1.99650
-1.99650
-1.99650
-1.99650
-1.99650
-1.99650
-1.99650
-1.99650
-1.99650
-1.99650
-1.99650
-1.99650
-1.99650
-1.99650
-1.99650
-1.99650
-1.99650
-1.99650
-1.99650
-1.99650
-1.99650
-1.99650
-1.99650
-1.99650
-1.99650
-1.99650
-1.99650
-1.99650
-1.99650
-1.99650
-1.99650
-1.99650
-1.99650
-1.99650
-1.99650
-1.99650
-1.99650
-1.99650
-1.99650
-1.99650
-1.99650
-1.99650
-1.99650
-1.99650
-1.99650
-1.99650
-1.99650
-1.99650
-1.99650
-1.99650
-1.99650
-1.99650
-1.99650
-1.99650
-1.99650
-1.99650
-1.99650
-1.99650
-1.99650
-1.99650
-1.99650
-1.99650
-1.99650
-1.99650
-1.99650
-1.99650
-1.99650
-1.99650
-1.99650
-1.99650
-1.99650
-1.99650
-1.99650
-1.99650
-1.99650
-1.99650
-1.99650
-1.99650
-1.99650
-1.99650
-1.99650
-1.99650
-1.99650
-1.99650
-1.99650
-1.99650
-1.99650
-1.99650
-1.99650
-1.99650
-1.99650
-1.99650
-1.99650
-4.39637
-4.39735
-4.39846
-4.39969
-4.40106
-4.40258
-4.40425
-4.40609
-4.40811
-4.41031
-4.41271
-4.41530
-4.41810
-4.42111
-4.42433
-4.42777
-4.43142
-4.43529
-4.43938
-4.44367
-4.44817
-4.45287
-4.45776
-4.46284
-4.46809
-4.47353
-4.47912
-4.48488
-4.49078
-4.49684
-4.50304
-4.50937
-4.51584
-4.52245
-4.52918
-4.53605
-4.54304
-4.55017
-4.55742
-4.56480
-4.57231
-4.57994
-4.58770
-4.59558
-4.60359
-4.61171
-4.61994
-4.62829
-4.63675
-4.64531
-4.65397
-4.66273
-4.67159
-4.68053
-4.68956
-4.69867
-4.70785
-4.71710
-4.72640
-4.73576
-4.74516
-4.75459
-4.76404
-4.77350
-4.78295
-4.79238
-4.80178
-4.81112
-4.82039
-4.82957
-4.83864
-4.84758
-4.85638
-4.86501
-4.87345
-4.88168
-4.88969
-4.89745
-4.90496
-4.91218
-4.91912
-4.92574
-4.93204
-4.93801
-4.94364
-4.94891
-4.95383
-4.95838
-4.96255
-4.96636
-4.96979
-4.97284
-4.97552
-4.97783
-4.97977
-4.98135
-4.98258
-4.98346
-4.98400
-4.98780
-4.99160
-4.99540
-4.99920
-5.00300
-5.00680
-5.01060
-5.01440
-5.01820
-5.02200
-5.02260
-5.02320
-5.02380
-5.02440
-5.02500
-5.02560
-5.02620
-5.02680
-5.02740
-5.02800
-5.02570
-5.02340
-5.02110
-5.01880
-5.01650
-5.01420
-5.01190
-5.00960
-5.00730
-5.00500
-4.99950
-4.99400
-4.98850
-4.98300
-4.97750
-4.97200
-4.96650
-4.96100
-4.95550
-4.95000
-4.93710
-4.92420
-4.91130
-4.89840
-4.88550
-4.87260
-4.85970
-4.84680
-4.83390
-4.82100
-4.79130
-4.76160
-4.73190
-4.70220
-4.67250
-4.64280
-4.61310
-4.58340
-4.55370
-4.52400
-4.46990
-4.41580
-4.36170
-4.30760
-4.25350
-4.19940
-4.14530
-4.09120
-4.03710
-3.98300
-3.91610
-3.84920
-3.78230
-3.71540
-3.64850
-3.58160
-3.51470
-3.44780
-3.38090
-3.31400
-3.25180
-3.18960
-3.12740
-3.06520
-3.00300
-2.94080
-2.87860
-2.81640
-2.75420
-2.69200
-2.64840
-2.60480
-2.56120
-2.51760
-2.47400
-2.43040
-2.38680
-2.34320
-2.29960
-2.25600
-2.23530
-2.21460
-2.19390
-2.17320
-2.15250
-2.13180
-2.11110
-2.09040
-2.06970
-2.04900
-2.04180
-2.03460
-2.02740
-2.02020
-2.01300
-2.00580
-1.99860
-1.99140
-1.98420
-1.97700
-1.97440
-1.97180
-1.96920
-1.96660
-1.96400
-1.96140
-1.95880
-1.95620
-1.95360
-1.95100
-1.94990
-1.94880
-1.94770
-1.94660
-1.94550
-1.94440
-1.94330
-1.94220
-1.94110
-1.94000
-1.93940
-1.93880
-1.93820
-1.93760
-1.93700
-1.93640
-1.93580
-1.93520
-1.93460
-1.93400
-1.93350
-1.93300
-1.93250
-1.93200
-1.93150
-1.93100
-1.93050
-1.93000
-1.92950
-1.92900
-1.92850
-1.92800
-1.92750
-1.92700
-1.92650
-1.92600
-1.92550
-1.92500
-1.92450
-1.92400
-1.92350
-1.92300
-1.92250
-1.92200
-1.92150
-1.92100
-1.92050
-1.92000
-1.91950
-1.91900
-1.91900
-1.91900
-1.91900
-1.91900
-1.91900
-1.91900
-1.91900
-1.91900
-1.91900
-1.91900
-1.91900
-1.91900
-1.91900
-1.91900
-1.91900
-1.91900
-1.91900
-1.91900
-1.91900
-1.91900
-1.91900
-1.91900
-1.91900
-1.91900
-1.91900
-1.91900
-1.91900
-1.91900
-1.91900
-1.91900
-1.91900
-1.91900
-1.91900
-1.91900
-1.91900
-1.91900
-1.91900
-1.91900
-1.91900
-1.91900
-1.91900
-1.91900
-1.91900
-1.91900
-1.91900
-1.91900
-1.91900
-1.91900
-1.91900
-1.91900
-1.91900
-1.91900
-1.91900
-1.91900
-1.91900
-1.91900
-1.91900
-1.91900
-1.91900
-1.91900
-1.91900
-1.91900
-1.91900
-1.91900
-1.91900
-1.91900
-1.91900
-1.91900
-1.91900
-1.91900
-1.91900
-1.91900
-1.91900
-1.91900
-1.91900
-1.91900
-1.91900
-1.91900
-1.91900
-1.91900
-1.91900
-1.91900
-1.91900
-1.91900
-1.91900
-1.91900
-1.91900
-1.91900
-1.91900
-1.91900
-1.91900
-1.91900
-1.91900
-1.91900
-1.91900
-1.91900
-1.91900
-1.91900
-1.91900
-1.91900
-1.91900
-1.91900
-1.91900
-1.91900
-1.91900
-1.91900
-1.91900
-1.91900
-1.91900
-1.91900
-1.91900
-1.91900
-1.91900
-1.91900
-1.91900
-1.91900
-1.91900
-1.91900
-1.91900
-1.91900
-1.91900
-1.91900
-1.91900
-1.91900
-1.91900
-1.91900
-1.91900
-1.91900
-1.91900
-1.91900
-1.91900
-1.91900
-1.91900
-1.91900
-1.91900
-1.91900
-1.91900
-1.91900
-1.91900
-1.91900
-1.91900
-1.91900
-4.34938
-4.34922
-4.34907
-4.34893
-4.34881
-4.34870
-4.34860
-4.34852
-4.34847
-4.34844
-4.34843
-4.34845
-4.34851
-4.34860
-4.34873
-4.34891
-4.34914
-4.34942
-4.34976
-4.35016
-4.35064
-4.35120
-4.35184
-4.35257
-4.35340
-4.35434
-4.35540
-4.35657
-4.35788
-4.35933
-4.36092
-4.36266
-4.36456
-4.36662
-4.36886
-4.37126
-4.37385
-4.37662
-4.37957
-4.38270
-4.38602
-4.38952
-4.39321
-4.39707
-4.40111
-4.40533
-4.40971
-4.41426
-4.41897
-4.42384
-4.42886
-4.43402
-4.43933
-4.44477
-4.45035
-4.45605
-4.46188
-4.46784
-4.47391
-4.48009
-4.48639
-4.49280
-4.49932
-4.50594
-4.51266
-4.51948
-4.52640
-4.53341
-4.54051
-4.54769
-4.55497
-4.56232
-4.56974
-4.57724
-4.58481
-4.59243
-4.60012
-4.60785
-4.61563
-4.62344
-4.63129
-4.63916
-4.64704
-4.65493
-4.66282
-4.67069
-4.67853
-4.68635
-4.69412
-4.70183
-4.70947
-4.71703
-4.72449
-4.73185
-4.73910
-4.74621
-4.75318
-4.76000
-4.76666
-4.77314
-4.78112
-4.79037
-4.79962
-4.80887
-4.81812
-4.82737
-4.83662
-4.84587
-4.85512
-4.86437
-4.87237
-4.87912
-4.88587
-4.89262
-4.89937
-4.90612
-4.91287
-4.91962
-4.92637
-4.93312
-4.93817
-4.94152
-4.94487
-4.94822
-4.95157
-4.95492
-4.95827
-4.96162
-4.96497
-4.96832
-4.96975
-4.96925
-4.96875
-4.96825
-4.96775
-4.96725
-4.96675
-4.96625
-4.96575
-4.96525
-4.96267
-4.95803
-4.95338
-4.94873
-4.94407
-4.93942
-4.93478
-4.93013
-4.92548
-4.92083
-4.91225
-4.89975
-4.88725
-4.87475
-4.86225
-4.84975
-4.83725
-4.82475
-4.81225
-4.79975
-4.77910
-4.75030
-4.72150
-4.69270
-4.66390
-4.63510
-4.60630
-4.57750
-4.54870
-4.51990
-4.47968
-4.42803
-4.37638
-4.32473
-4.27308
-4.22143
-4.16978
-4.11813
-4.06648
-4.01483
-3.95638
-3.89113
-3.82588
-3.76063
-3.69538
-3.63013
-3.56488
-3.49963
-3.43438
-3.36913
-3.30563
-3.24388
-3.18213
-3.12038
-3.05863
-2.99688
-2.93513
-2.87338
-2.81163
-2.74988
-2.69590
-2.64970
-2.60350
-2.55730
-2.51110
-2.46490
-2.41870
-2.37250
-2.32630
-2.28010
-2.24483
-2.22048
-2.19613
-2.17178
-2.14743
-2.12308
-2.09873
-2.07438
-2.05003
-2.02568
-2.00878
-1.99933
-1.98988
-1.98043
-1.97098
-1.96153
-1.95208
-1.94263
-1.93318
-1.92373
-1.91720
-1.91360
-1.91000
-1.90640
-1.90280
-1.89920
-1.89560
-1.89200
-1.88840
-1.88480
-1.88222
-1.88067
-1.87912
-1.87757
-1.87602
-1.87447
-1.87292
-1.87137
-1.86982
-1.86827
-1.86702
-1.86607
-1.86512
-1.86417
-1.86322
-1.86227
-1.86132
-1.86037
-1.85942
-1.85847
-1.85762
-1.85687
-1.85612
-1.85537
-1.85462
-1.85387
-1.85312
-1.85237
-1.85162
-1.85087
-1.85015
-1.84945
-1.84875
-1.84805
-1.84735
-1.84665
-1.84595
-1.84525
-1.84455
-1.84385
-1.84350
-1.84350
-1.84350
-1.84350
-1.84350
-1.84350
-1.84350
-1.84350
-1.84350
-1.84350
-1.84350
-1.84350
-1.84350
-1.84350
-1.84350
-1.84350
-1.84350
-1.84350
-1.84350
-1.84350
-1.84350
-1.84350
-1.84350
-1.84350
-1.84350
-1.84350
-1.84350
-1.84350
-1.84350
-1.84350
-1.84350
-1.84350
-1.84350
-1.84350
-1.84350
-1.84350
-1.84350
-1.84350
-1.84350
-1.84350
-1.84350
-1.84350
-1.84350
-1.84350
-1.84350
-1.84350
-1.84350
-1.84350
-1.84350
-1.84350
-1.84350
-1.84350
-1.84350
-1.84350
-1.84350
-1.84350
-1.84350
-1.84350
-1.84350
-1.84350
-1.84350
-1.84350
-1.84350
-1.84350
-1.84350
-1.84350
-1.84350
-1.84350
-1.84350
-1.84350
-1.84350
-1.84350
-1.84350
-1.84350
-1.84350
-1.84350
-1.84350
-1.84350
-1.84350
-1.84350
-1.84350
-1.84350
-1.84350
-1.84350
-1.84350
-1.84350
-1.84350
-1.84350
-1.84350
-1.84350
-1.84350
-1.84350
-1.84350
-1.84350
-1.84350
-1.84350
-1.84350
-1.84350
-1.84350
-1.84350
-1.84350
-1.84350
-1.84350
-1.84350
-1.84350
-1.84350
-1.84350
-1.84350
-1.84350
-1.84350
-1.84350
-1.84350
-1.84350
-1.84350
-1.84350
-1.84350
-1.84350
-1.84350
-1.84350
-1.84350
-1.84350
-1.84350
-1.84350
-1.84350
-1.84350
-1.84350
-1.84350
-1.84350
-1.84350
-1.84350
-1.84350
-1.84350
-1.84350
-1.84350
-1.84350
-1.84350
-1.84350
-1.84350
-1.84350
-1.84350
-1.84350
-4.30881
-4.30872
-4.30860
-4.30848
-4.30834
-4.30819
-4.30802
-4.30785
-4.30768
-4.30749
-4.30730
-4.30711
-4.30691
-4.30670
-4.30650
-4.30630
-4.30609
-4.30588
-4.30568
-4.30548
-4.30528
-4.30508
-4.30489
-4.30470
-4.30452
-4.30435
-4.30419
-4.30404
-4.30390
-4.30378
-4.30367
-4.30358
-4.30351
-4.30346
-4.30343
-4.30344
-4.30348
-4.30355
-4.30366
-4.30381
-4.30402
-4.30427
-4.30459
-4.30496
-4.30541
-4.30594
-4.30655
-4.30725
-4.30805
-4.30895
-4.30997
-4.31111
-4.31238
-4.31379
-4.31535
-4.31706
-4.31892
-4.32096
-4.32316
-4.32553
-4.32809
-4.33082
-4.33373
-4.33682
-4.34009
-4.34353
-4.34715
-4.35093
-4.35487
-4.35897
-4.36322
-4.36761
-4.37214
-4.37680
-4.38158
-4.38649
-4.39151
-4.39664
-4.40187
-4.40721
-4.41265
-4.41819
-4.42381
-4.42953
-4.43534
-4.44123
-4.44720
-4.45326
-4.45938
-4.46558
-4.47185
-4.47818
-4.48457
-4.49102
-4.49752
-4.50406
-4.51064
-4.51727
-4.52392
-4.53059
-4.53729
-4.54400
-4.55410
-4.56420
-4.57430
-4.58440
-4.59450
-4.60460
-4.61470
-4.62480
-4.63490
-4.64500
-4.65520
-4.66540
-4.67560
-4.68580
-4.69600
-4.70620
-4.71640
-4.72660
-4.73680
-4.74700
-4.75580
-4.76460
-4.77340
-4.78220
-4.79100
-4.79980
-4.80860
-4.81740
-4.82620
-4.83500
-4.84100
-4.84700
-4.85300
-4.85900
-4.86500
-4.87100
-4.87700
-4.88300
-4.88900
-4.89500
-4.89690
-4.89880
-4.90070
-4.90260
-4.90450
-4.90640
-4.90830
-4.91020
-4.91210
-4.91400
-4.91090
-4.90780
-4.90470
-4.90160
-4.89850
-4.89540
-4.89230
-4.88920
-4.88610
-4.88300
-4.87140
-4.85980
-4.84820
-4.83660
-4.82500
-4.81340
-4.80180
-4.79020
-4.77860
-4.76700
-4.73820
-4.70940
-4.68060
-4.65180
-4.62300
-4.59420
-4.56540
-4.53660
-4.50780
-4.47900
-4.42710
-4.37520
-4.32330
-4.27140
-4.21950
-4.16760
-4.11570
-4.06380
-4.01190
-3.96000
-3.89470
-3.82940
-3.76410
-3.69880
-3.63350
-3.56820
-3.50290
-3.43760
-3.37230
-3.30700
-3.24570
-3.18440
-3.12310
-3.06180
-3.00050
-2.93920
-2.87790
-2.81660
-2.75530
-2.69400
-2.64700
-2.60000
-2.55300
-2.50600
-2.45900
-2.41200
-2.36500
-2.31800
-2.27100
-2.22400
-2.19760
-2.17120
-2.14480
-2.11840
-2.09200
-2.06560
-2.03920
-2.01280
-1.98640
-1.96000
-1.94930
-1.93860
-1.92790
-1.91720
-1.90650
-1.89580
-1.88510
-1.87440
-1.86370
-1.85300
-1.84870
-1.84440
-1.84010
-1.83580
-1.83150
-1.82720
-1.82290
-1.81860
-1.81430
-1.81000
-1.80790
-1.80580
-1.80370
-1.80160
-1.79950
-1.79740
-1.79530
-1.79320
-1.79110
-1.78900
-1.78770
-1.78640
-1.78510
-1.78380
-1.78250
-1.78120
-1.77990
-1.77860
-1.77730
-1.77600
-1.77490
-1.77380
-1.77270
-1.77160
-1.77050
-1.76940
-1.76830
-1.76720
-1.76610
-1.76500
-1.76500
-1.76500
-1.76500
-1.76500
-1.76500
-1.76500
-1.76500
-1.76500
-1.76500
-1.76500
-1.76500
-1.76500
-1.76500
-1.76500
-1.76500
-1.76500
-1.76500
-1.76500
-1.76500
-1.76500
-1.76500
-1.76500
-1.76500
-1.76500
-1.76500
-1.76500
-1.76500
-1.76500
-1.76500
-1.76500
-1.76500
-1.76500
-1.76500
-1.76500
-1.76500
-1.76500
-1.76500
-1.76500
-1.76500
-1.76500
-1.76500
-1.76500
-1.76500
-1.76500
-1.76500
-1.76500
-1.76500
-1.76500
-1.76500
-1.76500
-1.76500
-1.76500
-1.76500
-1.76500
-1.76500
-1.76500
-1.76500
-1.76500
-1.76500
-1.76500
-1.76500
-1.76500
-1.76500
-1.76500
-1.76500
-1.76500
-1.76500
-1.76500
-1.76500
-1.76500
-1.76500
-1.76500
-1.76500
-1.76500
-1.76500
-1.76500
-1.76500
-1.76500
-1.76500
-1.76500
-1.76500
-1.76500
-1.76500
-1.76500
-1.76500
-1.76500
-1.76500
-1.76500
-1.76500
-1.76500
-1.76500
-1.76500
-1.76500
-1.76500
-1.76500
-1.76500
-1.76500
-1.76500
-1.76500
-1.76500
-1.76500
-1.76500
-1.76500
-1.76500
-1.76500
-1.76500
-1.76500
-1.76500
-1.76500
-1.76500
-1.76500
-1.76500
-1.76500
-1.76500
-1.76500
-1.76500
-1.76500
-1.76500
-1.76500
-1.76500
-1.76500
-1.76500
-1.76500
-1.76500
-1.76500
-1.76500
-1.76500
-1.76500
-1.76500
-1.76500
-1.76500
-1.76500
-1.76500
-1.76500
-1.76500
-1.76500
-1.76500
-1.76500
-1.76500
-4.24774
-4.24935
-4.25084
-4.25222
-4.25349
-4.25465
-4.25572
-4.25669
-4.25756
-4.25835
-4.25905
-4.25967
-4.26022
-4.26069
-4.26110
-4.26145
-4.26173
-4.26197
-4.26215
-4.26229
-4.26239
-4.26244
-4.26247
-4.26246
-4.26242
-4.26236
-4.26227
-4.26217
-4.26204
-4.26190
-4.26174
-4.26157
-4.26139
-4.26120
-4.26100
-4.26079
-4.26058
-4.26036
-4.26014
-4.25992
-4.25970
-4.25948
-4.25925
-4.25904
-4.25882
-4.25861
-4.25841
-4.25821
-4.25803
-4.25785
-4.25769
-4.25754
-4.25741
-4.25730
-4.25721
-4.25715
-4.25711
-4.25710
-4.25712
-4.25719
-4.25729
-4.25744
-4.25764
-4.25789
-4.25820
-4.25858
-4.25903
-4.25956
-4.26017
-4.26087
-4.26167
-4.26257
-4.26358
-4.26470
-4.26594
-4.26731
-4.26882
-4.27046
-4.27224
-4.27417
-4.27625
-4.27847
-4.28085
-4.28338
-4.28606
-4.28890
-4.29188
-4.29501
-4.29828
-4.30170
-4.30524
-4.30892
-4.31273
-4.31666
-4.32071
-4.32486
-4.32913
-4.33350
-4.33796
-4.34252
-4.34716
-4.35189
-4.35669
-4.36277
-4.37033
-4.37788
-4.38543
-4.39298
-4.40053
-4.40808
-4.41563
-4.42318
-4.43073
-4.43902
-4.44808
-4.45712
-4.46618
-4.47523
-4.48428
-4.49333
-4.50237
-4.51143
-4.52047
-4.52992
-4.53977
-4.54962
-4.55947
-4.56933
-4.57917
-4.58902
-4.59887
-4.60872
-4.61857
-4.62830
-4.63790
-4.64750
-4.65710
-4.66670
-4.67630
-4.68590
-4.69550
-4.70510
-4.71470
-4.72337
-4.73113
-4.73888
-4.74662
-4.75438
-4.76213
-4.76987
-4.77763
-4.78538
-4.79312
-4.79908
-4.80322
-4.80738
-4.81152
-4.81568
-4.81982
-4.82397
-4.82812
-4.83227
-4.83643
-4.83785
-4.83655
-4.83525
-4.83395
-4.83265
-4.83135
-4.83005
-4.82875
-4.82745
-4.82615
-4.82000
-4.80900
-4.79800
-4.78700
-4.77600
-4.76500
-4.75400
-4.74300
-4.73200
-4.72100
-4.70065
-4.67095
-4.64125
-4.61155
-4.58185
-4.55215
-4.52245
-4.49275
-4.46305
-4.43335
-4.39178
-4.33833
-4.28488
-4.23142
-4.17797
-4.12453
-4.07108
-4.01762
-3.96417
-3.91072
-3.85118
-3.78553
-3.71988
-3.65422
-3.58857
-3.52293
-3.45728
-3.39163
-3.32597
-3.26032
-3.19728
-3.13683
-3.07638
-3.01592
-2.95547
-2.89503
-2.83458
-2.77412
-2.71367
-2.65322
-2.60003
-2.55408
-2.50813
-2.46217
-2.41622
-2.37028
-2.32433
-2.27838
-2.23242
-2.18647
-2.15013
-2.12338
-2.09662
-2.06987
-2.04312
-2.01638
-1.98963
-1.96287
-1.93612
-1.90937
-1.89005
-1.87815
-1.86625
-1.85435
-1.84245
-1.83055
-1.81865
-1.80675
-1.79485
-1.78295
-1.77440
-1.76920
-1.76400
-1.75880
-1.75360
-1.74840
-1.74320
-1.73800
-1.73280
-1.72760
-1.72363
-1.72088
-1.71813
-1.71538
-1.71263
-1.70988
-1.70713
-1.70437
-1.70162
-1.69887
-1.69655
-1.69465
-1.69275
-1.69085
-1.68895
-1.68705
-1.68515
-1.68325
-1.68135
-1.67945
-1.67850
-1.67850
-1.67850
-1.67850
-1.67850
-1.67850
-1.67850
-1.67850
-1.67850
-1.67850
-1.67850
-1.67850
-1.67850
-1.67850
-1.67850
-1.67850
-1.67850
-1.67850
-1.67850
-1.67850
-1.67850
-1.67850
-1.67850
-1.67850
-1.67850
-1.67850
-1.67850
-1.67850
-1.67850
-1.67850
-1.67850
-1.67850
-1.67850
-1.67850
-1.67850
-1.67850
-1.67850
-1.67850
-1.67850
-1.67850
-1.67850
-1.67850
-1.67850
-1.67850
-1.67850
-1.67850
-1.67850
-1.67850
-1.67850
-1.67850
-1.67850
-1.67850
-1.67850
-1.67850
-1.67850
-1.67850
-1.67850
-1.67850
-1.67850
-1.67850
-1.67850
-1.67850
-1.67850
-1.67850
-1.67850
-1.67850
-1.67850
-1.67850
-1.67850
-1.67850
-1.67850
-1.67850
-1.67850
-1.67850
-1.67850
-1.67850
-1.67850
-1.67850
-1.67850
-1.67850
-1.67850
-1.67850
-1.67850
-1.67850
-1.67850
-1.67850
-1.67850
-1.67850
-1.67850
-1.67850
-1.67850
-1.67850
-1.67850
-1.67850
-1.67850
-1.67850
-1.67850
-1.67850
-1.67850
-1.67850
-1.67850
-1.67850
-1.67850
-1.67850
-1.67850
-1.67850
-1.67850
-1.67850
-1.67850
-1.67850
-1.67850
-1.67850
-1.67850
-1.67850
-1.67850
-1.67850
-1.67850
-1.67850
-1.67850
-1.67850
-1.67850
-1.67850
-1.67850
-1.67850
-1.67850
-1.67850
-1.67850
-1.67850
-1.67850
-1.67850
-1.67850
-1.67850
-1.67850
-1.67850
-1.67850
-1.67850
-1.67850
-1.67850
-4.11215
-4.11834
-4.12426
-4.12990
-4.13527
-4.14039
-4.14526
-4.14990
-4.15430
-4.15849
-4.16247
-4.16625
-4.16984
-4.17326
-4.17650
-4.17958
-4.18249
-4.18526
-4.18788
-4.19035
-4.19268
-4.19487
-4.19693
-4.19885
-4.20064
-4.20231
-4.20384
-4.20526
-4.20655
-4.20773
-4.20880
-4.20976
-4.21062
-4.21139
-4.21206
-4.21265
-4.21315
-4.21358
-4.21394
-4.21424
-4.21448
-4.21466
-4.21479
-4.21487
-4.21491
-4.21491
-4.21488
-4.21482
-4.21473
-4.21461
-4.21447
-4.21431
-4.21413
-4.21394
-4.21373
-4.21351
-4.21328
-4.21304
-4.21279
-4.21254
-4.21228
-4.21202
-4.21176
-4.21149
-4.21123
-4.21097
-4.21071
-4.21046
-4.21022
-4.20998
-4.20975
-4.20953
-4.20932
-4.20913
-4.20895
-4.20879
-4.20866
-4.20855
-4.20846
-4.20841
-4.20839
-4.20840
-4.20846
-4.20856
-4.20871
-4.20892
-4.20919
-4.20953
-4.20993
-4.21042
-4.21098
-4.21164
-4.21240
-4.21325
-4.21422
-4.21530
-4.21651
-4.21784
-4.21930
-4.22090
-4.22263
-4.22451
-4.22653
-4.22869
-4.23100
-4.23550
-4.24000
-4.24450
-4.24900
-4.25350
-4.25800
-4.26250
-4.26700
-4.27150
-4.27600
-4.28210
-4.28820
-4.29430
-4.30040
-4.30650
-4.31260
-4.31870
-4.32480
-4.33090
-4.33700
-4.34480
-4.35260
-4.36040
-4.36820
-4.37600
-4.38380
-4.39160
-4.39940
-4.40720
-4.41500
-4.42410
-4.43320
-4.44230
-4.45140
-4.46050
-4.46960
-4.47870
-4.48780
-4.49690
-4.50600
-4.51570
-4.52540
-4.53510
-4.54480
-4.55450
-4.56420
-4.57390
-4.58360
-4.59330
-4.60300
-4.61160
-4.62020
-4.62880
-4.63740
-4.64600
-4.65460
-4.66320
-4.67180
-4.68040
-4.68900
-4.69460
-4.70020
-4.70580
-4.71140
-4.71700
-4.72260
-4.72820
-4.73380
-4.73940
-4.74500
-4.74500
-4.74500
-4.74500
-4.74500
-4.74500
-4.74500
-4.74500
-4.74500
-4.74500
-4.74500
-4.73420
-4.72340
-4.71260
-4.70180
-4.69100
-4.68020
-4.66940
-4.65860
-4.64780
-4.63700
-4.60550
-4.57400
-4.54250
-4.51100
-4.47950
-4.44800
-4.41650
-4.38500
-4.35350
-4.32200
-4.26620
-4.21040
-4.15460
-4.09880
-4.04300
-3.98720
-3.93140
-3.87560
-3.81980
-3.76400
-3.69710
-3.63020
-3.56330
-3.49640
-3.42950
-3.36260
-3.29570
-3.22880
-3.16190
-3.09500
-3.03530
-2.97560
-2.91590
-2.85620
-2.79650
-2.73680
-2.67710
-2.61740
-2.55770
-2.49800
-2.45390
-2.40980
-2.36570
-2.32160
-2.27750
-2.23340
-2.18930
-2.14520
-2.10110
-2.05700
-2.03090
-2.00480
-1.97870
-1.95260
-1.92650
-1.90040
-1.87430
-1.84820
-1.82210
-1.79600
-1.78380
-1.77160
-1.75940
-1.74720
-1.73500
-1.72280
-1.71060
-1.69840
-1.68620
-1.67400
-1.66800
-1.66200
-1.65600
-1.65000
-1.64400
-1.63800
-1.63200
-1.62600
-1.62000
-1.61400
-1.61040
-1.60680
-1.60320
-1.59960
-1.59600
-1.59240
-1.58880
-1.58520
-1.58160
-1.57800
-1.57800
-1.57800
-1.57800
-1.57800
-1.57800
-1.57800
-1.57800
-1.57800
-1.57800
-1.57800
-1.57800
-1.57800
-1.57800
-1.57800
-1.57800
-1.57800
-1.57800
-1.57800
-1.57800
-1.57800
-1.57800
-1.57800
-1.57800
-1.57800
-1.57800
-1.57800
-1.57800
-1.57800
-1.57800
-1.57800
-1.57800
-1.57800
-1.57800
-1.57800
-1.57800
-1.57800
-1.57800
-1.57800
-1.57800
-1.57800
-1.57800
-1.57800
-1.57800
-1.57800
-1.57800
-1.57800
-1.57800
-1.57800
-1.57800
-1.57800
-1.57800
-1.57800
-1.57800
-1.57800
-1.57800
-1.57800
-1.57800
-1.57800
-1.57800
-1.57800
-1.57800
-1.57800
-1.57800
-1.57800
-1.57800
-1.57800
-1.57800
-1.57800
-1.57800
-1.57800
-1.57800
-1.57800
-1.57800
-1.57800
-1.57800
-1.57800
-1.57800
-1.57800
-1.57800
-1.57800
-1.57800
-1.57800
-1.57800
-1.57800
-1.57800
-1.57800
-1.57800
-1.57800
-1.57800
-1.57800
-1.57800
-1.57800
-1.57800
-1.57800
-1.57800
-1.57800
-1.57800
-1.57800
-1.57800
-1.57800
-1.57800
-1.57800
-1.57800
-1.57800
-1.57800
-1.57800
-1.57800
-1.57800
-1.57800
-1.57800
-1.57800
-1.57800
-1.57800
-1.57800
-1.57800
-1.57800
-1.57800
-1.57800
-1.57800
-1.57800
-1.57800
-1.57800
-1.57800
-1.57800
-1.57800
-1.57800
-1.57800
-1.57800
-1.57800
-1.57800
-1.57800
-1.57800
-1.57800
-1.57800
-1.57800
-1.57800
-3.85699
-3.86705
-3.87711
-3.88717
-3.89720
-3.90721
-3.91718
-3.92709
-3.93693
-3.94669
-3.95634
-3.96587
-3.97527
-3.98453
-3.99361
-4.00252
-4.01124
-4.01975
-4.02805
-4.03611
-4.04395
-4.05154
-4.05888
-4.06597
-4.07280
-4.07937
-4.08569
-4.09175
-4.09755
-4.10310
-4.10840
-4.11345
-4.11827
-4.12285
-4.12721
-4.13134
-4.13526
-4.13898
-4.14249
-4.14581
-4.14895
-4.15190
-4.15467
-4.15728
-4.15972
-4.16200
-4.16413
-4.16611
-4.16794
-4.16963
-4.17119
-4.17262
-4.17392
-4.17511
-4.17617
-4.17713
-4.17798
-4.17873
-4.17939
-4.17996
-4.18044
-4.18084
-4.18117
-4.18143
-4.18163
-4.18177
-4.18185
-4.18189
-4.18188
-4.18182
-4.18173
-4.18161
-4.18145
-4.18127
-4.18106
-4.18084
-4.18059
-4.18032
-4.18004
-4.17975
-4.17945
-4.17914
-4.17882
-4.17850
-4.17818
-4.17785
-4.17753
-4.17720
-4.17689
-4.17658
-4.17627
-4.17598
-4.17570
-4.17544
-4.17519
-4.17496
-4.17475
-4.17457
-4.17442
-4.17430
-4.17422
-4.17417
-4.17417
-4.17422
-4.17432
-4.17447
-4.17482
-4.17548
-4.17612
-4.17678
-4.17742
-4.17807
-4.17873
-4.17938
-4.18002
-4.18067
-4.18230
-4.18490
-4.18750
-4.19010
-4.19270
-4.19530
-4.19790
-4.20050
-4.20310
-4.20570
-4.20930
-4.21390
-4.21850
-4.22310
-4.22770
-4.23230
-4.23690
-4.24150
-4.24610
-4.25070
-4.25623
-4.26268
-4.26913
-4.27558
-4.28203
-4.28848
-4.29493
-4.30138
-4.30783
-4.31428
-4.32143
-4.32928
-4.33713
-4.34498
-4.35283
-4.36068
-4.36853
-4.37638
-4.38423
-4.39208
-4.40040
-4.40920
-4.41800
-4.42680
-4.43560
-4.44440
-4.45320
-4.46200
-4.47080
-4.47960
-4.48810
-4.49630
-4.50450
-4.51270
-4.52090
-4.52910
-4.53730
-4.54550
-4.55370
-4.56190
-4.56860
-4.57380
-4.57900
-4.58420
-4.58940
-4.59460
-4.59980
-4.60500
-4.61020
-4.61540
-4.61755
-4.61665
-4.61575
-4.61485
-4.61395
-4.61305
-4.61215
-4.61125
-4.61035
-4.60945
-4.60255
-4.58965
-4.57675
-4.56385
-4.55095
-4.53805
-4.52515
-4.51225
-4.49935
-4.48645
-4.46292
-4.42877
-4.39462
-4.36047
-4.32632
-4.29217
-4.25802
-4.22387
-4.18972
-4.15557
-4.10995
-4.05285
-3.99575
-3.93865
-3.88155
-3.82445
-3.76735
-3.71025
-3.65315
-3.59605
-3.53432
-3.46797
-3.40162
-3.33527
-3.26892
-3.20257
-3.13622
-3.06987
-3.00352
-2.93717
-2.87492
-2.81677
-2.75862
-2.70047
-2.64232
-2.58417
-2.52602
-2.46787
-2.40972
-2.35157
-2.30172
-2.26017
-2.21862
-2.17707
-2.13552
-2.09397
-2.05242
-2.01087
-1.96932
-1.92777
-1.89470
-1.87010
-1.84550
-1.82090
-1.79630
-1.77170
-1.74710
-1.72250
-1.69790
-1.67330
-1.65470
-1.64210
-1.62950
-1.61690
-1.60430
-1.59170
-1.57910
-1.56650
-1.55390
-1.54130
-1.53148
-1.52443
-1.51738
-1.51033
-1.50328
-1.49623
-1.48918
-1.48213
-1.47508
-1.46803
-1.46450
-1.46450
-1.46450
-1.46450
-1.46450
-1.46450
-1.46450
-1.46450
-1.46450
-1.46450
-1.46450
-1.46450
-1.46450
-1.46450
-1.46450
-1.46450
-1.46450
-1.46450
-1.46450
-1.46450
-1.46450
-1.46450
-1.46450
-1.46450
-1.46450
-1.46450
-1.46450
-1.46450
-1.46450
-1.46450
-1.46450
-1.46450
-1.46450
-1.46450
-1.46450
-1.46450
-1.46450
-1.46450
-1.46450
-1.46450
-1.46450
-1.46450
-1.46450
-1.46450
-1.46450
-1.46450
-1.46450
-1.46450
-1.46450
-1.46450
-1.46450
-1.46450
-1.46450
-1.46450
-1.46450
-1.46450
-1.46450
-1.46450
-1.46450
-1.46450
-1.46450
-1.46450
-1.46450
-1.46450
-1.46450
-1.46450
-1.46450
-1.46450
-1.46450
-1.46450
-1.46450
-1.46450
-1.46450
-1.46450
-1.46450
-1.46450
-1.46450
-1.46450
-1.46450
-1.46450
-1.46450
-1.46450
-1.46450
-1.46450
-1.46450
-1.46450
-1.46450
-1.46450
-1.46450
-1.46450
-1.46450
-1.46450
-1.46450
-1.46450
-1.46450
-1.46450
-1.46450
-1.46450
-1.46450
-1.46450
-1.46450
-1.46450
-1.46450
-1.46450
-1.46450
-1.46450
-1.46450
-1.46450
-1.46450
-1.46450
-1.46450
-1.46450
-1.46450
-1.46450
-1.46450
-1.46450
-1.46450
-1.46450
-1.46450
-1.46450
-1.46450
-1.46450
-1.46450
-1.46450
-1.46450
-1.46450
-1.46450
-1.46450
-1.46450
-1.46450
-1.46450
-1.46450
-1.46450
-1.46450
-1.46450
-3.53647
-3.55133
-3.56585
-3.58004
-3.59392
-3.60748
-3.62076
-3.63375
-3.64647
-3.65896
-3.67121
-3.68326
-3.69513
-3.70684
-3.71840
-3.72984
-3.74119
-3.75244
-3.76363
-3.77476
-3.78585
-3.79690
-3.80793
-3.81893
-3.82990
-3.84085
-3.85177
-3.86265
-3.87348
-3.88426
-3.89498
-3.90561
-3.91615
-3.92658
-3.93689
-3.94706
-3.95707
-3.96691
-3.97657
-3.98602
-3.99526
-4.00427
-4.01304
-4.02157
-4.02983
-4.03782
-4.04553
-4.05297
-4.06012
-4.06699
-4.07358
-4.07987
-4.08589
-4.09163
-4.09710
-4.10230
-4.10724
-4.11192
-4.11636
-4.12057
-4.12454
-4.12829
-4.13183
-4.13516
-4.13828
-4.14121
-4.14396
-4.14651
-4.14889
-4.15110
-4.15314
-4.15502
-4.15674
-4.15831
-4.15973
-4.16101
-4.16216
-4.16319
-4.16409
-4.16488
-4.16556
-4.16614
-4.16662
-4.16702
-4.16733
-4.16757
-4.16774
-4.16784
-4.16789
-4.16788
-4.16783
-4.16773
-4.16759
-4.16742
-4.16721
-4.16698
-4.16672
-4.16644
-4.16614
-4.16582
-4.16549
-4.16515
-4.16480
-4.16445
-4.16409
-4.16372
-4.16336
-4.16300
-4.16160
-4.16020
-4.15880
-4.15740
-4.15600
-4.15460
-4.15320
-4.15180
-4.15040
-4.14900
-4.14820
-4.14740
-4.14660
-4.14580
-4.14500
-4.14420
-4.14340
-4.14260
-4.14180
-4.14100
-4.14170
-4.14240
-4.14310
-4.14380
-4.14450
-4.14520
-4.14590
-4.14660
-4.14730
-4.14800
-4.15070
-4.15340
-4.15610
-4.15880
-4.16150
-4.16420
-4.16690
-4.16960
-4.17230
-4.17500
-4.17990
-4.18480
-4.18970
-4.19460
-4.19950
-4.20440
-4.20930
-4.21420
-4.21910
-4.22400
-4.23020
-4.23640
-4.24260
-4.24880
-4.25500
-4.26120
-4.26740
-4.27360
-4.27980
-4.28600
-4.29310
-4.30020
-4.30730
-4.31440
-4.32150
-4.32860
-4.33570
-4.34280
-4.34990
-4.35700
-4.36310
-4.36920
-4.37530
-4.38140
-4.38750
-4.39360
-4.39970
-4.40580
-4.41190
-4.41800
-4.42040
-4.42280
-4.42520
-4.42760
-4.43000
-4.43240
-4.43480
-4.43720
-4.43960
-4.44200
-4.43750
-4.43300
-4.42850
-4.42400
-4.41950
-4.41500
-4.41050
-4.40600
-4.40150
-4.39700
-4.38040
-4.36380
-4.34720
-4.33060
-4.31400
-4.29740
-4.28080
-4.26420
-4.24760
-4.23100
-4.19420
-4.15740
-4.12060
-4.08380
-4.04700
-4.01020
-3.97340
-3.93660
-3.89980
-3.86300
-3.80630
-3.74960
-3.69290
-3.63620
-3.57950
-3.52280
-3.46610
-3.40940
-3.35270
-3.29600
-3.23140
-3.16680
-3.10220
-3.03760
-2.97300
-2.90840
-2.84380
-2.77920
-2.71460
-2.65000
-2.59420
-2.53840
-2.48260
-2.42680
-2.37100
-2.31520
-2.25940
-2.20360
-2.14780
-2.09200
-2.05340
-2.01480
-1.97620
-1.93760
-1.89900
-1.86040
-1.82180
-1.78320
-1.74460
-1.70600
-1.68320
-1.66040
-1.63760
-1.61480
-1.59200
-1.56920
-1.54640
-1.52360
-1.50080
-1.47800
-1.46520
-1.45240
-1.43960
-1.42680
-1.41400
-1.40120
-1.38840
-1.37560
-1.36280
-1.35000
-1.35000
-1.35000
-1.35000
-1.35000
-1.35000
-1.35000
-1.35000
-1.35000
-1.35000
-1.35000
-1.35000
-1.35000
-1.35000
-1.35000
-1.35000
-1.35000
-1.35000
-1.35000
-1.35000
-1.35000
-1.35000
-1.35000
-1.35000
-1.35000
-1.35000
-1.35000
-1.35000
-1.35000
-1.35000
-1.35000
-1.35000
-1.35000
-1.35000
-1.35000
-1.35000
-1.35000
-1.35000
-1.35000
-1.35000
-1.35000
-1.35000
-1.35000
-1.35000
-1.35000
-1.35000
-1.35000
-1.35000
-1.35000
-1.35000
-1.35000
-1.35000
-1.35000
-1.35000
-1.35000
-1.35000
-1.35000
-1.35000
-1.35000
-1.35000
-1.35000
-1.35000
-1.35000
-1.35000
-1.35000
-1.35000
-1.35000
-1.35000
-1.35000
-1.35000
-1.35000
-1.35000
-1.35000
-1.35000
-1.35000
-1.35000
-1.35000
-1.35000
-1.35000
-1.35000
-1.35000
-1.35000
-1.35000
-1.35000
-1.35000
-1.35000
-1.35000
-1.35000
-1.35000
-1.35000
-1.35000
-1.35000
-1.35000
-1.35000
-1.35000
-1.35000
-1.35000
-1.35000
-1.35000
-1.35000
-1.35000
-1.35000
-1.35000
-1.35000
-1.35000
-1.35000
-1.35000
-1.35000
-1.35000
-1.35000
-1.35000
-1.35000
-1.35000
-1.35000
-1.35000
-1.35000
-1.35000
-1.35000
-1.35000
-1.35000
-1.35000
-1.35000
-1.35000
-1.35000
-1.35000
-1.35000
-1.35000
-1.35000
-1.35000
-1.35000
-1.35000
-1.35000
-1.35000
-1.35000
-2.99839
-3.02053
-3.04253
-3.06436
-3.08603
-3.10753
-3.12885
-3.14998
-3.17091
-3.19165
-3.21217
-3.23247
-3.25254
-3.27238
-3.29198
-3.31134
-3.33043
-3.34927
-3.36784
-3.38614
-3.40416
-3.42191
-3.43938
-3.45656
-3.47347
-3.49009
-3.50644
-3.52251
-3.53831
-3.55384
-3.56912
-3.58415
-3.59894
-3.61350
-3.62784
-3.64196
-3.65589
-3.66963
-3.68319
-3.69657
-3.70981
-3.72289
-3.73583
-3.74863
-3.76131
-3.77386
-3.78629
-3.79860
-3.81079
-3.82286
-3.83481
-3.84663
-3.85832
-3.86987
-3.88127
-3.89252
-3.90360
-3.91451
-3.92524
-3.93577
-3.94610
-3.95621
-3.96609
-3.97574
-3.98514
-3.99429
-4.00318
-4.01180
-4.02014
-4.02821
-4.03599
-4.04348
-4.05069
-4.05761
-4.06424
-4.07058
-4.07664
-4.08242
-4.08792
-4.09315
-4.09811
-4.10280
-4.10724
-4.11143
-4.11537
-4.11908
-4.12255
-4.12580
-4.12883
-4.13164
-4.13426
-4.13667
-4.13889
-4.14093
-4.14279
-4.14449
-4.14602
-4.14739
-4.14862
-4.14971
-4.15066
-4.15149
-4.15220
-4.15280
-4.15329
-4.15369
-4.15400
-4.15423
-4.15438
-4.15405
-4.15315
-4.15225
-4.15135
-4.15045
-4.14955
-4.14865
-4.14775
-4.14685
-4.14595
-4.14470
-4.14310
-4.14150
-4.13990
-4.13830
-4.13670
-4.13510
-4.13350
-4.13190
-4.13030
-4.12862
-4.12688
-4.12513
-4.12338
-4.12162
-4.11987
-4.11813
-4.11637
-4.11463
-4.11288
-4.11150
-4.11050
-4.10950
-4.10850
-4.10750
-4.10650
-4.10550
-4.10450
-4.10350
-4.10250
-4.10228
-4.10283
-4.10337
-4.10393
-4.10447
-4.10502
-4.10557
-4.10613
-4.10668
-4.10722
-4.10882
-4.11147
-4.11412
-4.11677
-4.11942
-4.12208
-4.12472
-4.12737
-4.13002
-4.13267
-4.13590
-4.13970
-4.14350
-4.14730
-4.15110
-4.15490
-4.15870
-4.16250
-4.16630
-4.17010
-4.17378
-4.17732
-4.18088
-4.18443
-4.18797
-4.19153
-4.19508
-4.19862
-4.20217
-4.20573
-4.20805
-4.20915
-4.21025
-4.21135
-4.21245
-4.21355
-4.21465
-4.21575
-4.21685
-4.21795
-4.21668
-4.21303
-4.20937
-4.20573
-4.20207
-4.19843
-4.19477
-4.19113
-4.18748
-4.18383
-4.17655
-4.16565
-4.15475
-4.14385
-4.13295
-4.12205
-4.11115
-4.10025
-4.08935
-4.07845
-4.06173
-4.03918
-4.01663
-3.99408
-3.97152
-3.94898
-3.92643
-3.90388
-3.88133
-3.85877
-3.82835
-3.79005
-3.75175
-3.71345
-3.67515
-3.63685
-3.59855
-3.56025
-3.52195
-3.48365
-3.43788
-3.38463
-3.33137
-3.27813
-3.22487
-3.17163
-3.11838
-3.06513
-3.01188
-2.95862
-2.90220
-2.84260
-2.78300
-2.72340
-2.66380
-2.60420
-2.54460
-2.48500
-2.42540
-2.36580
-2.31015
-2.25845
-2.20675
-2.15505
-2.10335
-2.05165
-1.99995
-1.94825
-1.89655
-1.84485
-1.80135
-1.76605
-1.73075
-1.69545
-1.66015
-1.62485
-1.58955
-1.55425
-1.51895
-1.48365
-1.45535
-1.43405
-1.41275
-1.39145
-1.37015
-1.34885
-1.32755
-1.30625
-1.28495
-1.26365
-1.25300
-1.25300
-1.25300
-1.25300
-1.25300
-1.25300
-1.25300
-1.25300
-1.25300
-1.25300
-1.25300
-1.25300
-1.25300
-1.25300
-1.25300
-1.25300
-1.25300
-1.25300
-1.25300
-1.25300
-1.25300
-1.25300
-1.25300
-1.25300
-1.25300
-1.25300
-1.25300
-1.25300
-1.25300
-1.25300
-1.25300
-1.25300
-1.25300
-1.25300
-1.25300
-1.25300
-1.25300
-1.25300
-1.25300
-1.25300
-1.25300
-1.25300
-1.25300
-1.25300
-1.25300
-1.25300
-1.25300
-1.25300
-1.25300
-1.25300
-1.25300
-1.25300
-1.25300
-1.25300
-1.25300
-1.25300
-1.25300
-1.25300
-1.25300
-1.25300
-1.25300
-1.25300
-1.25300
-1.25300
-1.25300
-1.25300
-1.25300
-1.25300
-1.25300
-1.25300
-1.25300
-1.25300
-1.25300
-1.25300
-1.25300
-1.25300
-1.25300
-1.25300
-1.25300
-1.25300
-1.25300
-1.25300
-1.25300
-1.25300
-1.25300
-1.25300
-1.25300
-1.25300
-1.25300
-1.25300
-1.25300
-1.25300
-1.25300
-1.25300
-1.25300
-1.25300
-1.25300
-1.25300
-1.25300
-1.25300
-1.25300
-1.25300
-1.25300
-1.25300
-1.25300
-1.25300
-1.25300
-1.25300
-1.25300
-1.25300
-1.25300
-1.25300
-1.25300
-1.25300
-1.25300
-1.25300
-1.25300
-1.25300
-1.25300
-1.25300
-1.25300
-1.25300
-1.25300
-1.25300
-1.25300
-1.25300
-1.25300
-1.25300
-1.25300
-1.25300
-1.25300
-1.25300
-2.37784
-2.40203
-2.42619
-2.45032
-2.47442
-2.49848
-2.52251
-2.54649
-2.57043
-2.59432
-2.61816
-2.64194
-2.66566
-2.68933
-2.71292
-2.73645
-2.75990
-2.78327
-2.80655
-2.82975
-2.85285
-2.87586
-2.89876
-2.92155
-2.94422
-2.96677
-2.98919
-3.01148
-3.03363
-3.05562
-3.07747
-3.09915
-3.12067
-3.14201
-3.16316
-3.18413
-3.20490
-3.22547
-3.24583
-3.26597
-3.28589
-3.30558
-3.32503
-3.34424
-3.36321
-3.38193
-3.40039
-3.41860
-3.43655
-3.45425
-3.47169
-3.48887
-3.50579
-3.52246
-3.53889
-3.55506
-3.57100
-3.58671
-3.60219
-3.61746
-3.63251
-3.64736
-3.66201
-3.67647
-3.69074
-3.70484
-3.71877
-3.73252
-3.74611
-3.75953
-3.77278
-3.78587
-3.79879
-3.81153
-3.82410
-3.83648
-3.84867
-3.86065
-3.87243
-3.88400
-3.89533
-3.90643
-3.91728
-3.92788
-3.93821
-3.94827
-3.95804
-3.96753
-3.97672
-3.98560
-3.99418
-4.00245
-4.01040
-4.01803
-4.02535
-4.03235
-4.03903
-4.04540
-4.05146
-4.05721
-4.06266
-4.06782
-4.07269
-4.07727
-4.08158
-4.08561
-4.08939
-4.09290
-4.09617
-4.09920
-4.10200
-4.10410
-4.10620
-4.10830
-4.11040
-4.11250
-4.11460
-4.11670
-4.11880
-4.12090
-4.12300
-4.12300
-4.12300
-4.12300
-4.12300
-4.12300
-4.12300
-4.12300
-4.12300
-4.12300
-4.12300
-4.12150
-4.12000
-4.11850
-4.11700
-4.11550
-4.11400
-4.11250
-4.11100
-4.10950
-4.10800
-4.10570
-4.10340
-4.10110
-4.09880
-4.09650
-4.09420
-4.09190
-4.08960
-4.08730
-4.08500
-4.08250
-4.08000
-4.07750
-4.07500
-4.07250
-4.07000
-4.06750
-4.06500
-4.06250
-4.06000
-4.05820
-4.05640
-4.05460
-4.05280
-4.05100
-4.04920
-4.04740
-4.04560
-4.04380
-4.04200
-4.04140
-4.04080
-4.04020
-4.03960
-4.03900
-4.03840
-4.03780
-4.03720
-4.03660
-4.03600
-4.03550
-4.03500
-4.03450
-4.03400
-4.03350
-4.03300
-4.03250
-4.03200
-4.03150
-4.03100
-4.02830
-4.02560
-4.02290
-4.02020
-4.01750
-4.01480
-4.01210
-4.00940
-4.00670
-4.00400
-3.99750
-3.99100
-3.98450
-3.97800
-3.97150
-3.96500
-3.95850
-3.95200
-3.94550
-3.93900
-3.92720
-3.91540
-3.90360
-3.89180
-3.88000
-3.86820
-3.85640
-3.84460
-3.83280
-3.82100
-3.80230
-3.78360
-3.76490
-3.74620
-3.72750
-3.70880
-3.69010
-3.67140
-3.65270
-3.63400
-3.60690
-3.57980
-3.55270
-3.52560
-3.49850
-3.47140
-3.44430
-3.41720
-3.39010
-3.36300
-3.32570
-3.28840
-3.25110
-3.21380
-3.17650
-3.13920
-3.10190
-3.06460
-3.02730
-2.99000
-2.94190
-2.89380
-2.84570
-2.79760
-2.74950
-2.70140
-2.65330
-2.60520
-2.55710
-2.50900
-2.45540
-2.40180
-2.34820
-2.29460
-2.24100
-2.18740
-2.13380
-2.08020
-2.02660
-1.97300
-1.92660
-1.88020
-1.83380
-1.78740
-1.74100
-1.69460
-1.64820
-1.60180
-1.55540
-1.50900
-1.47730
-1.44560
-1.41390
-1.38220
-1.35050
-1.31880
-1.28710
-1.25540
-1.22370
-1.19200
-1.19200
-1.19200
-1.19200
-1.19200
-1.19200
-1.19200
-1.19200
-1.19200
-1.19200
-1.19200
-1.19200
-1.19200
-1.19200
-1.19200
-1.19200
-1.19200
-1.19200
-1.19200
-1.19200
-1.19200
-1.19200
-1.19200
-1.19200
-1.19200
-1.19200
-1.19200
-1.19200
-1.19200
-1.19200
-1.19200
-1.19200
-1.19200
-1.19200
-1.19200
-1.19200
-1.19200
-1.19200
-1.19200
-1.19200
-1.19200
-1.19200
-1.19200
-1.19200
-1.19200
-1.19200
-1.19200
-1.19200
-1.19200
-1.19200
-1.19200
-1.19200
-1.19200
-1.19200
-1.19200
-1.19200
-1.19200
-1.19200
-1.19200
-1.19200
-1.19200
-1.19200
-1.19200
-1.19200
-1.19200
-1.19200
-1.19200
-1.19200
-1.19200
-1.19200
-1.19200
-1.19200
-1.19200
-1.19200
-1.19200
-1.19200
-1.19200
-1.19200
-1.19200
-1.19200
-1.19200
-1.19200
-1.19200
-1.19200
-1.19200
-1.19200
-1.19200
-1.19200
-1.19200
-1.19200
-1.19200
-1.19200
-1.19200
-1.19200
-1.19200
-1.19200
-1.19200
-1.19200
-1.19200
-1.19200
-1.19200
-1.19200
-1.19200
-1.19200
-1.19200
-1.19200
-1.19200
-1.19200
-1.19200
-1.19200
-1.19200
-1.19200
-1.19200
-1.19200
-1.19200
-1.19200
-1.19200
-1.19200
-1.19200
-1.19200
-1.19200
-1.19200
-1.19200
-1.19200
-1.19200
-1.19200
-1.19200
-1.19200
-1.19200
-1.19200
-1.19200
-1.79954
-1.82265
-1.84582
-1.86905
-1.89233
-1.91567
-1.93905
-1.96246
-1.98591
-2.00939
-2.03289
-2.05642
-2.07995
-2.10350
-2.12705
-2.15060
-2.17414
-2.19768
-2.22120
-2.24471
-2.26820
-2.29166
-2.31508
-2.33848
-2.36183
-2.38514
-2.40840
-2.43160
-2.45475
-2.47783
-2.50084
-2.52378
-2.54665
-2.56943
-2.59212
-2.61473
-2.63723
-2.65963
-2.68193
-2.70411
-2.72618
-2.74813
-2.76996
-2.79166
-2.81323
-2.83466
-2.85595
-2.87710
-2.89811
-2.91898
-2.93969
-2.96026
-2.98069
-3.00096
-3.02108
-3.04106
-3.06089
-3.08057
-3.10011
-3.11950
-3.13876
-3.15787
-3.17684
-3.19568
-3.21438
-3.23295
-3.25137
-3.26966
-3.28781
-3.30582
-3.32369
-3.34140
-3.35897
-3.37638
-3.39363
-3.41071
-3.42761
-3.44434
-3.46087
-3.47721
-3.49334
-3.50926
-3.52496
-3.54043
-3.55567
-3.57066
-3.58540
-3.59989
-3.61411
-3.62807
-3.64176
-3.65516
-3.66829
-3.68114
-3.69371
-3.70598
-3.71798
-3.72968
-3.74111
-3.75224
-3.76310
-3.77367
-3.78397
-3.79399
-3.80373
-3.81321
-3.82241
-3.83135
-3.84003
-3.84844
-3.85660
-3.86426
-3.88010
-3.88830
-3.89650
-3.90470
-3.91290
-3.92110
-3.92930
-3.93750
-3.94570
-3.95390
-3.96095
-3.96685
-3.97275
-3.97865
-3.98455
-3.99045
-3.99635
-4.00225
-4.00815
-4.01405
-4.01870
-4.02210
-4.02550
-4.02890
-4.03230
-4.03570
-4.03910
-4.04250
-4.04590
-4.04930
-4.05150
-4.05250
-4.05350
-4.05450
-4.05550
-4.05650
-4.05750
-4.05850
-4.05950
-4.06050
-4.06053
-4.05957
-4.05863
-4.05767
-4.05673
-4.05577
-4.05483
-4.05387
-4.05293
-4.05197
-4.05045
-4.04835
-4.04625
-4.04415
-4.04205
-4.03995
-4.03785
-4.03575
-4.03365
-4.03155
-4.02902
-4.02607
-4.02313
-4.02018
-4.01722
-4.01427
-4.01133
-4.00837
-4.00542
-4.00247
-3.99860
-3.99380
-3.98900
-3.98420
-3.97940
-3.97460
-3.96980
-3.96500
-3.96020
-3.95540
-3.94893
-3.94077
-3.93263
-3.92448
-3.91632
-3.90817
-3.90002
-3.89187
-3.88373
-3.87557
-3.86540
-3.85320
-3.84100
-3.82880
-3.81660
-3.80440
-3.79220
-3.78000
-3.76780
-3.75560
-3.74113
-3.72437
-3.70763
-3.69088
-3.67412
-3.65738
-3.64062
-3.62388
-3.60712
-3.59037
-3.57113
-3.54937
-3.52763
-3.50587
-3.48412
-3.46238
-3.44062
-3.41887
-3.39712
-3.37537
-3.35108
-3.32422
-3.29737
-3.27052
-3.24367
-3.21683
-3.18997
-3.16312
-3.13627
-3.10942
-3.07970
-3.04710
-3.01450
-2.98190
-2.94930
-2.91670
-2.88410
-2.85150
-2.81890
-2.78630
-2.75045
-2.71135
-2.67225
-2.63315
-2.59405
-2.55495
-2.51585
-2.47675
-2.43765
-2.39855
-2.35720
-2.31360
-2.27000
-2.22640
-2.18280
-2.13920
-2.09560
-2.05200
-2.00840
-1.96480
-1.92188
-1.87962
-1.83738
-1.79512
-1.75287
-1.71063
-1.66837
-1.62613
-1.58387
-1.54162
-1.50270
-1.46710
-1.43150
-1.39590
-1.36030
-1.32470
-1.28910
-1.25350
-1.21790
-1.18230
-1.18425
-1.16450
-1.16450
-1.16450
-1.16450
-1.16450
-1.16450
-1.16450
-1.16450
-1.16450
-1.16450
-1.16450
-1.16450
-1.16450
-1.16450
-1.16450
-1.16450
-1.16450
-1.16450
-1.16450
-1.16450
-1.16450
-1.16450
-1.16450
-1.16450
-1.16450
-1.16450
-1.16450
-1.16450
-1.16450
-1.16450
-1.16450
-1.16450
-1.16450
-1.16450
-1.16450
-1.16450
-1.16450
-1.16450
-1.16450
-1.16450
-1.16450
-1.16450
-1.16450
-1.16450
-1.16450
-1.16450
-1.16450
-1.16450
-1.16450
-1.16450
-1.16450
-1.16450
-1.16450
-1.16450
-1.16450
-1.16450
-1.16450
-1.16450
-1.16450
-1.16450
-1.16450
-1.16450
-1.16450
-1.16450
-1.16450
-1.16450
-1.16450
-1.16450
-1.16450
-1.16450
-1.16450
-1.16450
-1.16450
-1.16450
-1.16450
-1.16450
-1.16450
-1.16450
-1.16450
-1.16450
-1.16450
-1.16450
-1.16450
-1.16450
-1.16450
-1.16450
-1.16450
-1.16450
-1.16450
-1.16450
-1.16450
-1.16450
-1.16450
-1.16450
-1.16450
-1.16450
-1.16450
-1.16450
-1.16450
-1.16450
-1.16450
-1.16450
-1.16450
-1.16450
-1.16450
-1.16450
-1.16450
-1.16450
-1.16450
-1.16450
-1.16450
-1.16450
-1.16450
-1.16450
-1.16450
-1.16450
-1.16450
-1.16450
-1.16450
-1.16450
-1.16450
-1.16450
-1.16450
-1.16450
-1.16450
-1.16450
-1.16450
-1.16450
-1.22124
-1.24327
-1.26545
-1.28778
-1.31025
-1.33286
-1.35559
-1.37844
-1.40140
-1.42447
-1.44763
-1.47089
-1.49424
-1.51766
-1.54117
-1.56474
-1.58839
-1.61209
-1.63586
-1.65967
-1.68354
-1.70745
-1.73141
-1.75541
-1.77944
-1.80350
-1.82760
-1.85172
-1.87587
-1.90003
-1.92422
-1.94842
-1.97263
-1.99685
-2.02108
-2.04532
-2.06956
-2.09379
-2.11803
-2.14226
-2.16648
-2.19069
-2.21489
-2.23908
-2.26324
-2.28739
-2.31151
-2.33560
-2.35967
-2.38370
-2.40770
-2.43166
-2.45558
-2.47945
-2.50328
-2.52705
-2.55077
-2.57443
-2.59802
-2.62155
-2.64500
-2.66838
-2.69168
-2.71490
-2.73802
-2.76105
-2.78398
-2.80680
-2.82952
-2.85211
-2.87459
-2.89694
-2.91915
-2.94123
-2.96316
-2.98494
-3.00656
-3.02802
-3.04931
-3.07042
-3.09135
-3.11209
-3.13263
-3.15298
-3.17312
-3.19305
-3.21276
-3.23225
-3.25151
-3.27054
-3.28933
-3.30788
-3.32619
-3.34425
-3.36206
-3.37962
-3.39692
-3.41397
-3.43075
-3.44727
-3.46353
-3.47952
-3.49525
-3.51071
-3.52589
-3.54081
-3.55544
-3.56980
-3.58389
-3.59769
-3.61120
-3.62443
-3.63736
-3.65000
-3.66430
-3.67860
-3.69290
-3.70720
-3.72150
-3.73580
-3.75010
-3.76440
-3.77870
-3.79300
-3.80480
-3.81660
-3.82840
-3.84020
-3.85200
-3.86380
-3.87560
-3.88740
-3.89920
-3.91100
-3.91930
-3.92760
-3.93590
-3.94420
-3.95250
-3.96080
-3.96910
-3.97740
-3.98570
-3.99400
-3.99830
-4.00260
-4.00690
-4.01120
-4.01550
-4.01980
-4.02410
-4.02840
-4.03270
-4.03700
-4.03760
-4.03820
-4.03880
-4.03940
-4.04000
-4.04060
-4.04120
-4.04180
-4.04240
-4.04300
-4.04060
-4.03820
-4.03580
-4.03340
-4.03100
-4.02860
-4.02620
-4.02380
-4.02140
-4.01900
-4.01370
-4.00840
-4.00310
-3.99780
-3.99250
-3.98720
-3.98190
-3.97660
-3.97130
-3.96600
-3.95690
-3.94780
-3.93870
-3.92960
-3.92050
-3.91140
-3.90230
-3.89320
-3.88410
-3.87500
-3.86140
-3.84780
-3.83420
-3.82060
-3.80700
-3.79340
-3.77980
-3.76620
-3.75260
-3.73900
-3.72110
-3.70320
-3.68530
-3.66740
-3.64950
-3.63160
-3.61370
-3.59580
-3.57790
-3.56000
-3.53830
-3.51660
-3.49490
-3.47320
-3.45150
-3.42980
-3.40810
-3.38640
-3.36470
-3.34300
-3.31820
-3.29340
-3.26860
-3.24380
-3.21900
-3.19420
-3.16940
-3.14460
-3.11980
-3.09500
-3.06840
-3.04180
-3.01520
-2.98860
-2.96200
-2.93540
-2.90880
-2.88220
-2.85560
-2.82900
-2.80110
-2.77320
-2.74530
-2.71740
-2.68950
-2.66160
-2.63370
-2.60580
-2.57790
-2.55000
-2.51990
-2.48980
-2.45970
-2.42960
-2.39950
-2.36940
-2.33930
-2.30920
-2.27910
-2.24900
-2.21540
-2.18180
-2.14820
-2.11460
-2.08100
-2.04740
-2.01380
-1.98020
-1.94660
-1.91300
-1.87490
-1.83680
-1.79870
-1.76060
-1.72250
-1.68440
-1.64630
-1.60820
-1.57010
-1.53200
-1.49250
-1.45300
-1.41350
-1.37400
-1.33450
-1.29500
-1.25550
-1.21600
-1.17650
-1.13700
-1.13700
-1.13700
-1.13700
-1.13700
-1.13700
-1.13700
-1.13700
-1.13700
-1.13700
-1.13700
-1.13700
-1.13700
-1.13700
-1.13700
-1.13700
-1.13700
-1.13700
-1.13700
-1.13700
-1.13700
-1.13700
-1.13700
-1.13700
-1.13700
-1.13700
-1.13700
-1.13700
-1.13700
-1.13700
-1.13700
-1.13700
-1.13700
-1.13700
-1.13700
-1.13700
-1.13700
-1.13700
-1.13700
-1.13700
-1.13700
-1.13700
-1.13700
-1.13700
-1.13700
-1.13700
-1.13700
-1.13700
-1.13700
-1.13700
-1.13700
-1.13700
-1.13700
-1.13700
-1.13700
-1.13700
-1.13700
-1.13700
-1.13700
-1.13700
-1.13700
-1.13700
-1.13700
-1.13700
-1.13700
-1.13700
-1.13700
-1.13700
-1.13700
-1.13700
-1.13700
-1.13700
-1.13700
-1.13700
-1.13700
-1.13700
-1.13700
-1.13700
-1.13700
-1.13700
-1.13700
-1.13700
-1.13700
-1.13700
-1.13700
-1.13700
-1.13700
-1.13700
-1.13700
-1.13700
-1.13700
-1.13700
-1.13700
-1.13700
-1.13700
-1.13700
-1.13700
-1.13700
-1.13700
-1.13700
-1.13700
-1.13700
-1.13700
-1.13700
-1.13700
-1.13700
-1.13700
-1.13700
-1.13700
-1.13700
-1.13700
-1.13700
-1.13700
-1.13700
-1.13700
-1.13700
-1.13700
-1.13700
-1.13700
-1.13700
-1.13700
-1.13700
-1.13700
-1.13700
-1.13700
-1.13700
-1.13700
-1.13700
-0.90911
-0.92234
-0.93585
-0.94964
-0.96372
-0.97809
-0.99277
-1.00775
-1.02305
-1.03865
-1.05458
-1.07082
-1.08738
-1.10425
-1.12144
-1.13894
-1.15675
-1.17486
-1.19327
-1.21196
-1.23094
-1.25019
-1.26970
-1.28947
-1.30948
-1.32973
-1.35021
-1.37090
-1.39181
-1.41290
-1.43419
-1.45565
-1.47728
-1.49908
-1.52102
-1.54311
-1.56533
-1.58767
-1.61013
-1.63271
-1.65538
-1.67816
-1.70102
-1.72396
-1.74698
-1.77007
-1.79322
-1.81643
-1.83970
-1.86300
-1.88635
-1.90974
-1.93315
-1.95660
-1.98006
-2.00354
-2.02702
-2.05052
-2.07401
-2.09751
-2.12099
-2.14447
-2.16792
-2.19136
-2.21476
-2.23814
-2.26148
-2.28478
-2.30804
-2.33125
-2.35440
-2.37750
-2.40053
-2.42349
-2.44638
-2.46919
-2.49192
-2.51455
-2.53710
-2.55955
-2.58189
-2.60413
-2.62625
-2.64826
-2.67014
-2.69190
-2.71352
-2.73501
-2.75635
-2.77755
-2.79860
-2.81949
-2.84023
-2.86080
-2.88120
-2.90143
-2.92149
-2.94137
-2.96106
-2.98057
-2.99988
-3.01901
-3.03793
-3.05665
-3.07516
-3.09347
-3.11156
-3.12942
-3.14707
-3.16448
-3.18167
-3.19861
-3.21531
-3.23176
-3.24893
-3.27025
-3.28775
-3.30525
-3.32275
-3.34025
-3.35775
-3.37525
-3.39275
-3.41025
-3.42775
-3.44432
-3.45997
-3.47562
-3.49127
-3.50692
-3.52257
-3.53822
-3.55387
-3.56952
-3.58517
-3.59962
-3.61287
-3.62612
-3.63937
-3.65262
-3.66587
-3.67912
-3.69237
-3.70562
-3.71887
-3.73062
-3.74087
-3.75112
-3.76137
-3.77162
-3.78187
-3.79212
-3.80237
-3.81262
-3.82287
-3.83157
-3.83872
-3.84587
-3.85302
-3.86017
-3.86732
-3.87447
-3.88162
-3.88877
-3.89592
-3.90135
-3.90505
-3.90875
-3.91245
-3.91615
-3.91985
-3.92355
-3.92725
-3.93095
-3.93465
-3.93615
-3.93545
-3.93475
-3.93405
-3.93335
-3.93265
-3.93195
-3.93125
-3.93055
-3.92985
-3.92620
-3.91960
-3.91300
-3.90640
-3.89980
-3.89320
-3.88660
-3.88000
-3.87340
-3.86680
-3.85650
-3.84250
-3.82850
-3.81450
-3.80050
-3.78650
-3.77250
-3.75850
-3.74450
-3.73050
-3.71263
-3.69088
-3.66912
-3.64738
-3.62563
-3.60388
-3.58212
-3.56037
-3.53863
-3.51688
-3.49220
-3.46460
-3.43700
-3.40940
-3.38180
-3.35420
-3.32660
-3.29900
-3.27140
-3.24380
-3.21473
-3.18417
-3.15362
-3.12308
-3.09253
-3.06197
-3.03142
-3.00087
-2.97033
-2.93978
-2.90897
-2.87792
-2.84687
-2.81582
-2.78477
-2.75372
-2.72267
-2.69162
-2.66058
-2.62952
-2.59860
-2.56780
-2.53700
-2.50620
-2.47540
-2.44460
-2.41380
-2.38300
-2.35220
-2.32140
-2.29047
-2.25942
-2.22837
-2.19732
-2.16627
-2.13522
-2.10417
-2.07312
-2.04207
-2.01102
-1.97935
-1.94705
-1.91475
-1.88245
-1.85015
-1.81785
-1.78555
-1.75325
-1.72095
-1.68865
-1.65525
-1.62075
-1.58625
-1.55175
-1.51725
-1.48275
-1.44825
-1.41375
-1.37925
-1.34475
-1.30985
-1.27455
-1.23925
-1.20395
-1.16865
-1.13335
-1.09805
-1.06275
-1.02745
-0.99215
-0.99005
-0.97450
-0.97450
-0.97450
-0.97450
-0.97450
-0.97450
-0.97450
-0.97450
-0.97450
-0.97450
-0.97450
-0.97450
-0.97450
-0.97450
-0.97450
-0.97450
-0.97450
-0.97450
-0.97450
-0.97450
-0.97450
-0.97450
-0.97450
-0.97450
-0.97450
-0.97450
-0.97450
-0.97450
-0.97450
-0.97450
-0.97450
-0.97450
-0.97450
-0.97450
-0.97450
-0.97450
-0.97450
-0.97450
-0.97450
-0.97450
-0.97450
-0.97450
-0.97450
-0.97450
-0.97450
-0.97450
-0.97450
-0.97450
-0.97450
-0.97450
-0.97450
-0.97450
-0.97450
-0.97450
-0.97450
-0.97450
-0.97450
-0.97450
-0.97450
-0.97450
-0.97450
-0.97450
-0.97450
-0.97450
-0.97450
-0.97450
-0.97450
-0.97450
-0.97450
-0.97450
-0.97450
-0.97450
-0.97450
-0.97450
-0.97450
-0.97450
-0.97450
-0.97450
-0.97450
-0.97450
-0.97450
-0.97450
-0.97450
-0.97450
-0.97450
-0.97450
-0.97450
-0.97450
-0.97450
-0.97450
-0.97450
-0.97450
-0.97450
-0.97450
-0.97450
-0.97450
-0.97450
-0.97450
-0.97450
-0.97450
-0.97450
-0.97450
-0.97450
-0.97450
-0.97450
-0.97450
-0.97450
-0.97450
-0.97450
-0.97450
-0.97450
-0.97450
-0.97450
-0.97450
-0.97450
-0.97450
-0.97450
-0.97450
-0.97450
-0.97450
-0.97450
-0.97450
-0.97450
-0.97450
-0.97450
-0.59698
-0.60141
-0.60625
-0.61150
-0.61719
-0.62333
-0.62995
-0.63707
-0.64469
-0.65284
-0.66152
-0.67075
-0.68052
-0.69084
-0.70172
-0.71314
-0.72512
-0.73763
-0.75068
-0.76425
-0.77834
-0.79292
-0.80799
-0.82353
-0.83953
-0.85596
-0.87282
-0.89009
-0.90774
-0.92577
-0.94416
-0.96289
-0.98194
-1.00130
-1.02096
-1.04090
-1.06110
-1.08155
-1.10224
-1.12316
-1.14429
-1.16562
-1.18714
-1.20885
-1.23072
-1.25275
-1.27494
-1.29726
-1.31972
-1.34230
-1.36500
-1.38782
-1.41073
-1.43374
-1.45684
-1.48002
-1.50328
-1.52661
-1.55001
-1.57347
-1.59698
-1.62055
-1.64416
-1.66781
-1.69151
-1.71523
-1.73899
-1.76276
-1.78657
-1.81038
-1.83421
-1.85805
-1.88190
-1.90575
-1.92960
-1.95344
-1.97727
-2.00109
-2.02489
-2.04868
-2.07244
-2.09617
-2.11987
-2.14354
-2.16717
-2.19075
-2.21429
-2.23777
-2.26120
-2.28457
-2.30787
-2.33111
-2.35426
-2.37734
-2.40034
-2.42324
-2.44605
-2.46876
-2.49137
-2.51386
-2.53623
-2.55849
-2.58061
-2.60259
-2.62443
-2.64613
-2.66767
-2.68904
-2.71025
-2.73128
-2.75213
-2.77279
-2.79325
-2.81351
-2.83356
-2.85339
-2.87300
-2.89370
-2.91440
-2.93510
-2.95580
-2.97650
-2.99720
-3.01790
-3.03860
-3.05930
-3.08000
-3.09950
-3.11900
-3.13850
-3.15800
-3.17750
-3.19700
-3.21650
-3.23600
-3.25550
-3.27500
-3.29320
-3.31140
-3.32960
-3.34780
-3.36600
-3.38420
-3.40240
-3.42060
-3.43880
-3.45700
-3.47320
-3.48940
-3.50560
-3.52180
-3.53800
-3.55420
-3.57040
-3.58660
-3.60280
-3.61900
-3.63270
-3.64640
-3.66010
-3.67380
-3.68750
-3.70120
-3.71490
-3.72860
-3.74230
-3.75600
-3.76580
-3.77560
-3.78540
-3.79520
-3.80500
-3.81480
-3.82460
-3.83440
-3.84420
-3.85400
-3.85790
-3.86180
-3.86570
-3.86960
-3.87350
-3.87740
-3.88130
-3.88520
-3.88910
-3.89300
-3.88890
-3.88480
-3.88070
-3.87660
-3.87250
-3.86840
-3.86430
-3.86020
-3.85610
-3.85200
-3.83760
-3.82320
-3.80880
-3.79440
-3.78000
-3.76560
-3.75120
-3.73680
-3.72240
-3.70800
-3.68240
-3.65680
-3.63120
-3.60560
-3.58000
-3.55440
-3.52880
-3.50320
-3.47760
-3.45200
-3.41850
-3.38500
-3.35150
-3.31800
-3.28450
-3.25100
-3.21750
-3.18400
-3.15050
-3.11700
-3.08070
-3.04440
-3.00810
-2.97180
-2.93550
-2.89920
-2.86290
-2.82660
-2.79030
-2.75400
-2.71850
-2.68300
-2.64750
-2.61200
-2.57650
-2.54100
-2.50550
-2.47000
-2.43450
-2.39900
-2.36530
-2.33160
-2.29790
-2.26420
-2.23050
-2.19680
-2.16310
-2.12940
-2.09570
-2.06200
-2.03000
-1.99800
-1.96600
-1.93400
-1.90200
-1.87000
-1.83800
-1.80600
-1.77400
-1.74200
-1.71100
-1.68000
-1.64900
-1.61800
-1.58700
-1.55600
-1.52500
-1.49400
-1.46300
-1.43200
-1.40110
-1.37020
-1.33930
-1.30840
-1.27750
-1.24660
-1.21570
-1.18480
-1.15390
-1.12300
-1.09190
-1.06080
-1.02970
-0.99860
-0.96750
-0.93640
-0.90530
-0.87420
-0.84310
-0.81200
-0.81200
-0.81200
-0.81200
-0.81200
-0.81200
-0.81200
-0.81200
-0.81200
-0.81200
-0.81200
-0.81200
-0.81200
-0.81200
-0.81200
-0.81200
-0.81200
-0.81200
-0.81200
-0.81200
-0.81200
-0.81200
-0.81200
-0.81200
-0.81200
-0.81200
-0.81200
-0.81200
-0.81200
-0.81200
-0.81200
-0.81200
-0.81200
-0.81200
-0.81200
-0.81200
-0.81200
-0.81200
-0.81200
-0.81200
-0.81200
-0.81200
-0.81200
-0.81200
-0.81200
-0.81200
-0.81200
-0.81200
-0.81200
-0.81200
-0.81200
-0.81200
-0.81200
-0.81200
-0.81200
-0.81200
-0.81200
-0.81200
-0.81200
-0.81200
-0.81200
-0.81200
-0.81200
-0.81200
-0.81200
-0.81200
-0.81200
-0.81200
-0.81200
-0.81200
-0.81200
-0.81200
-0.81200
-0.81200
-0.81200
-0.81200
-0.81200
-0.81200
-0.81200
-0.81200
-0.81200
-0.81200
-0.81200
-0.81200
-0.81200
-0.81200
-0.81200
-0.81200
-0.81200
-0.81200
-0.81200
-0.81200
-0.81200
-0.81200
-0.81200
-0.81200
-0.81200
-0.81200
-0.81200
-0.81200
-0.81200
-0.81200
-0.81200
-0.81200
-0.81200
-0.81200
-0.81200
-0.81200
-0.81200
-0.81200
-0.81200
-0.81200
-0.81200
-0.81200
-0.81200
-0.81200
-0.81200
-0.81200
-0.81200
-0.81200
-0.81200
-0.81200
-0.81200
-0.81200
-0.81200
-0.57560
-0.57785
-0.58030
-0.58297
-0.58586
-0.58899
-0.59236
-0.59598
-0.59987
-0.60403
-0.60846
-0.61318
-0.61818
-0.62348
-0.62906
-0.63494
-0.64111
-0.64758
-0.65434
-0.66138
-0.66871
-0.67633
-0.68423
-0.69240
-0.70085
-0.70957
-0.71856
-0.72782
-0.73734
-0.74712
-0.75717
-0.76748
-0.77805
-0.78889
-0.80000
-0.81138
-0.82303
-0.83496
-0.84717
-0.85967
-0.87246
-0.88555
-0.89894
-0.91264
-0.92666
-0.94099
-0.95565
-0.97063
-0.98593
-1.00157
-1.01754
-1.03383
-1.05045
-1.06739
-1.08465
-1.10223
-1.12011
-1.13829
-1.15677
-1.17553
-1.19457
-1.21387
-1.23343
-1.25324
-1.27328
-1.29355
-1.31403
-1.33472
-1.35560
-1.37666
-1.39790
-1.41930
-1.44086
-1.46256
-1.48439
-1.50635
-1.52843
-1.55062
-1.57290
-1.59528
-1.61774
-1.64028
-1.66288
-1.68555
-1.70827
-1.73103
-1.75384
-1.77668
-1.79954
-1.82243
-1.84533
-1.86823
-1.89114
-1.91404
-1.93693
-1.95980
-1.98265
-2.00546
-2.02824
-2.05098
-2.07367
-2.09631
-2.11888
-2.14139
-2.16382
-2.18618
-2.20845
-2.23063
-2.25271
-2.27468
-2.29654
-2.31829
-2.33991
-2.36140
-2.38275
-2.40396
-2.42501
-2.44657
-2.46937
-2.49112
-2.51287
-2.53463
-2.55638
-2.57812
-2.59987
-2.62162
-2.64338
-2.66513
-2.68645
-2.70735
-2.72825
-2.74915
-2.77005
-2.79095
-2.81185
-2.83275
-2.85365
-2.87455
-2.89497
-2.91492
-2.93487
-2.95483
-2.97478
-2.99472
-3.01467
-3.03463
-3.05458
-3.07453
-3.09375
-3.11225
-3.13075
-3.14925
-3.16775
-3.18625
-3.20475
-3.22325
-3.24175
-3.26025
-3.27780
-3.29440
-3.31100
-3.32760
-3.34420
-3.36080
-3.37740
-3.39400
-3.41060
-3.42720
-3.44237
-3.45612
-3.46988
-3.48362
-3.49738
-3.51112
-3.52487
-3.53862
-3.55238
-3.56613
-3.57750
-3.58650
-3.59550
-3.60450
-3.61350
-3.62250
-3.63150
-3.64050
-3.64950
-3.65850
-3.66387
-3.66563
-3.66737
-3.66912
-3.67088
-3.67263
-3.67438
-3.67612
-3.67787
-3.67962
-3.67618
-3.66753
-3.65887
-3.65022
-3.64157
-3.63292
-3.62427
-3.61562
-3.60698
-3.59832
-3.58348
-3.56243
-3.54137
-3.52032
-3.49927
-3.47823
-3.45718
-3.43613
-3.41507
-3.39402
-3.36768
-3.33603
-3.30438
-3.27272
-3.24107
-3.20943
-3.17778
-3.14612
-3.11447
-3.08282
-3.04818
-3.01053
-2.97288
-2.93522
-2.89757
-2.85993
-2.82228
-2.78463
-2.74697
-2.70932
-2.67100
-2.63200
-2.59300
-2.55400
-2.51500
-2.47600
-2.43700
-2.39800
-2.35900
-2.32000
-2.28158
-2.24373
-2.20587
-2.16802
-2.13017
-2.09233
-2.05448
-2.01662
-1.97877
-1.94092
-1.90408
-1.86823
-1.83238
-1.79652
-1.76067
-1.72483
-1.68898
-1.65313
-1.61727
-1.58142
-1.54650
-1.51250
-1.47850
-1.44450
-1.41050
-1.37650
-1.34250
-1.30850
-1.27450
-1.24050
-1.20713
-1.17438
-1.14162
-1.10887
-1.07612
-1.04338
-1.01063
-0.97788
-0.94512
-0.91237
-0.88008
-0.84823
-0.81637
-0.78452
-0.75267
-0.72083
-0.68898
-0.65712
-0.62527
-0.59342
-0.59380
-0.57750
-0.57750
-0.57750
-0.57750
-0.57750
-0.57750
-0.57750
-0.57750
-0.57750
-0.57750
-0.57750
-0.57750
-0.57750
-0.57750
-0.57750
-0.57750
-0.57750
-0.57750
-0.57750
-0.57750
-0.57750
-0.57750
-0.57750
-0.57750
-0.57750
-0.57750
-0.57750
-0.57750
-0.57750
-0.57750
-0.57750
-0.57750
-0.57750
-0.57750
-0.57750
-0.57750
-0.57750
-0.57750
-0.57750
-0.57750
-0.57750
-0.57750
-0.57750
-0.57750
-0.57750
-0.57750
-0.57750
-0.57750
-0.57750
-0.57750
-0.57750
-0.57750
-0.57750
-0.57750
-0.57750
-0.57750
-0.57750
-0.57750
-0.57750
-0.57750
-0.57750
-0.57750
-0.57750
-0.57750
-0.57750
-0.57750
-0.57750
-0.57750
-0.57750
-0.57750
-0.57750
-0.57750
-0.57750
-0.57750
-0.57750
-0.57750
-0.57750
-0.57750
-0.57750
-0.57750
-0.57750
-0.57750
-0.57750
-0.57750
-0.57750
-0.57750
-0.57750
-0.57750
-0.57750
-0.57750
-0.57750
-0.57750
-0.57750
-0.57750
-0.57750
-0.57750
-0.57750
-0.57750
-0.57750
-0.57750
-0.57750
-0.57750
-0.57750
-0.57750
-0.57750
-0.57750
-0.57750
-0.57750
-0.57750
-0.57750
-0.57750
-0.57750
-0.57750
-0.57750
-0.57750
-0.57750
-0.57750
-0.57750
-0.57750
-0.57750
-0.57750
-0.57750
-0.55422
-0.55428
-0.55436
-0.55444
-0.55454
-0.55464
-0.55476
-0.55490
-0.55505
-0.55521
-0.55540
-0.55561
-0.55585
-0.55611
-0.55641
-0.55674
-0.55711
-0.55753
-0.55799
-0.55851
-0.55909
-0.55974
-0.56046
-0.56127
-0.56217
-0.56318
-0.56430
-0.56555
-0.56693
-0.56847
-0.57018
-0.57207
-0.57417
-0.57648
-0.57904
-0.58186
-0.58496
-0.58837
-0.59210
-0.59618
-0.60063
-0.60547
-0.61074
-0.61644
-0.62259
-0.62923
-0.63636
-0.64399
-0.65215
-0.66084
-0.67007
-0.67984
-0.69017
-0.70104
-0.71247
-0.72444
-0.73694
-0.74998
-0.76353
-0.77760
-0.79216
-0.80720
-0.82270
-0.83866
-0.85505
-0.87186
-0.88907
-0.90667
-0.92463
-0.94294
-0.96159
-0.98055
-0.99982
-1.01937
-1.03919
-1.05927
-1.07959
-1.10014
-1.12091
-1.14188
-1.16304
-1.18438
-1.20589
-1.22756
-1.24937
-1.27132
-1.29339
-1.31559
-1.33789
-1.36029
-1.38278
-1.40536
-1.42801
-1.45073
-1.47352
-1.49635
-1.51924
-1.54216
-1.56512
-1.58810
-1.61111
-1.63413
-1.65716
-1.68019
-1.70321
-1.72623
-1.74923
-1.77221
-1.79516
-1.81808
-1.84095
-1.86379
-1.88656
-1.90928
-1.93194
-1.95452
-1.97702
-1.99944
-2.02177
-2.04400
-2.06680
-2.08960
-2.11240
-2.13520
-2.15800
-2.18080
-2.20360
-2.22640
-2.24920
-2.27200
-2.29430
-2.31660
-2.33890
-2.36120
-2.38350
-2.40580
-2.42810
-2.45040
-2.47270
-2.49500
-2.51670
-2.53840
-2.56010
-2.58180
-2.60350
-2.62520
-2.64690
-2.66860
-2.69030
-2.71200
-2.73280
-2.75360
-2.77440
-2.79520
-2.81600
-2.83680
-2.85760
-2.87840
-2.89920
-2.92000
-2.93950
-2.95900
-2.97850
-2.99800
-3.01750
-3.03700
-3.05650
-3.07600
-3.09550
-3.11500
-3.13270
-3.15040
-3.16810
-3.18580
-3.20350
-3.22120
-3.23890
-3.25660
-3.27430
-3.29200
-3.30610
-3.32020
-3.33430
-3.34840
-3.36250
-3.37660
-3.39070
-3.40480
-3.41890
-3.43300
-3.44060
-3.44820
-3.45580
-3.46340
-3.47100
-3.47860
-3.48620
-3.49380
-3.50140
-3.50900
-3.50610
-3.50320
-3.50030
-3.49740
-3.49450
-3.49160
-3.48870
-3.48580
-3.48290
-3.48000
-3.46350
-3.44700
-3.43050
-3.41400
-3.39750
-3.38100
-3.36450
-3.34800
-3.33150
-3.31500
-3.28520
-3.25540
-3.22560
-3.19580
-3.16600
-3.13620
-3.10640
-3.07660
-3.04680
-3.01700
-2.97800
-2.93900
-2.90000
-2.86100
-2.82200
-2.78300
-2.74400
-2.70500
-2.66600
-2.62700
-2.58450
-2.54200
-2.49950
-2.45700
-2.41450
-2.37200
-2.32950
-2.28700
-2.24450
-2.20200
-2.16000
-2.11800
-2.07600
-2.03400
-1.99200
-1.95000
-1.90800
-1.86600
-1.82400
-1.78200
-1.74230
-1.70260
-1.66290
-1.62320
-1.58350
-1.54380
-1.50410
-1.46440
-1.42470
-1.38500
-1.34800
-1.31100
-1.27400
-1.23700
-1.20000
-1.16300
-1.12600
-1.08900
-1.05200
-1.01500
-0.98040
-0.94580
-0.91120
-0.87660
-0.84200
-0.80740
-0.77280
-0.73820
-0.70360
-0.66900
-0.63640
-0.60380
-0.57120
-0.53860
-0.50600
-0.47340
-0.44080
-0.40820
-0.37560
-0.34300
-0.34300
-0.34300
-0.34300
-0.34300
-0.34300
-0.34300
-0.34300
-0.34300
-0.34300
-0.34300
-0.34300
-0.34300
-0.34300
-0.34300
-0.34300
-0.34300
-0.34300
-0.34300
-0.34300
-0.34300
-0.34300
-0.34300
-0.34300
-0.34300
-0.34300
-0.34300
-0.34300
-0.34300
-0.34300
-0.34300
-0.34300
-0.34300
-0.34300
-0.34300
-0.34300
-0.34300
-0.34300
-0.34300
-0.34300
-0.34300
-0.34300
-0.34300
-0.34300
-0.34300
-0.34300
-0.34300
-0.34300
-0.34300
-0.34300
-0.34300
-0.34300
-0.34300
-0.34300
-0.34300
-0.34300
-0.34300
-0.34300
-0.34300
-0.34300
-0.34300
-0.34300
-0.34300
-0.34300
-0.34300
-0.34300
-0.34300
-0.34300
-0.34300
-0.34300
-0.34300
-0.34300
-0.34300
-0.34300
-0.34300
-0.34300
-0.34300
-0.34300
-0.34300
-0.34300
-0.34300
-0.34300
-0.34300
-0.34300
-0.34300
-0.34300
-0.34300
-0.34300
-0.34300
-0.34300
-0.34300
-0.34300
-0.34300
-0.34300
-0.34300
-0.34300
-0.34300
-0.34300
-0.34300
-0.34300
-0.34300
-0.34300
-0.34300
-0.34300
-0.34300
-0.34300
-0.34300
-0.34300
-0.34300
-0.34300
-0.34300
-0.34300
-0.34300
-0.34300
-0.34300
-0.34300
-0.34300
-0.34300
-0.34300
-0.34300
-0.34300
-0.34300
-0.55266
-0.55269
-0.55273
-0.55277
-0.55281
-0.55287
-0.55292
-0.55299
-0.55306
-0.55315
-0.55324
-0.55334
-0.55346
-0.55359
-0.55374
-0.55391
-0.55409
-0.55430
-0.55454
-0.55480
-0.55509
-0.55542
-0.55579
-0.55620
-0.55665
-0.55716
-0.55773
-0.55836
-0.55907
-0.55985
-0.56072
-0.56168
-0.56275
-0.56393
-0.56523
-0.56667
-0.56825
-0.56999
-0.57189
-0.57398
-0.57625
-0.57873
-0.58143
-0.58435
-0.58751
-0.59092
-0.59459
-0.59852
-0.60273
-0.60722
-0.61200
-0.61707
-0.62244
-0.62811
-0.63408
-0.64036
-0.64693
-0.65382
-0.66100
-0.66848
-0.67626
-0.68435
-0.69272
-0.70140
-0.71036
-0.71963
-0.72918
-0.73903
-0.74917
-0.75961
-0.77035
-0.78139
-0.79273
-0.80437
-0.81633
-0.82860
-0.84119
-0.85410
-0.86734
-0.88090
-0.89480
-0.90904
-0.92361
-0.93851
-0.95376
-0.96934
-0.98525
-1.00149
-1.01806
-1.03495
-1.05215
-1.06965
-1.08746
-1.10555
-1.12392
-1.14255
-1.16145
-1.18059
-1.19996
-1.21956
-1.23936
-1.25937
-1.27956
-1.29992
-1.32045
-1.34113
-1.36195
-1.38289
-1.40395
-1.42512
-1.44638
-1.46772
-1.48913
-1.51061
-1.53214
-1.55371
-1.57531
-1.59693
-1.61856
-1.64020
-1.66216
-1.68328
-1.70583
-1.72838
-1.75093
-1.77348
-1.79603
-1.81858
-1.84113
-1.86368
-1.88623
-1.90873
-1.93118
-1.95363
-1.97608
-1.99853
-2.02098
-2.04343
-2.06588
-2.08833
-2.11078
-2.13305
-2.15515
-2.17725
-2.19935
-2.22145
-2.24355
-2.26565
-2.28775
-2.30985
-2.33195
-2.35370
-2.37510
-2.39650
-2.41790
-2.43930
-2.46070
-2.48210
-2.50350
-2.52490
-2.54630
-2.56718
-2.58753
-2.60788
-2.62823
-2.64858
-2.66893
-2.68928
-2.70963
-2.72998
-2.75033
-2.76983
-2.78848
-2.80713
-2.82578
-2.84443
-2.86308
-2.88173
-2.90038
-2.91903
-2.93768
-2.95465
-2.96995
-2.98525
-3.00055
-3.01585
-3.03115
-3.04645
-3.06175
-3.07705
-3.09235
-3.10450
-3.11350
-3.12250
-3.13150
-3.14050
-3.14950
-3.15850
-3.16750
-3.17650
-3.18550
-3.18945
-3.18835
-3.18725
-3.18615
-3.18505
-3.18395
-3.18285
-3.18175
-3.18065
-3.17955
-3.17230
-3.15890
-3.14550
-3.13210
-3.11870
-3.10530
-3.09190
-3.07850
-3.06510
-3.05170
-3.03268
-3.00803
-2.98338
-2.95873
-2.93408
-2.90943
-2.88478
-2.86013
-2.83548
-2.81083
-2.78218
-2.74953
-2.71688
-2.68423
-2.65158
-2.61892
-2.58627
-2.55363
-2.52098
-2.48833
-2.45323
-2.41567
-2.37813
-2.34058
-2.30302
-2.26547
-2.22792
-2.19038
-2.15283
-2.11528
-2.07640
-2.03620
-1.99600
-1.95580
-1.91560
-1.87540
-1.83520
-1.79500
-1.75480
-1.71460
-1.67402
-1.63307
-1.59213
-1.55118
-1.51022
-1.46927
-1.42832
-1.38738
-1.34643
-1.30547
-1.26507
-1.22522
-1.18538
-1.14553
-1.10567
-1.06582
-1.02597
-0.98613
-0.94628
-0.90642
-0.86762
-0.82987
-0.79213
-0.75438
-0.71663
-0.67887
-0.64112
-0.60338
-0.56563
-0.52788
-0.49132
-0.45597
-0.42063
-0.38528
-0.34993
-0.31458
-0.27922
-0.24388
-0.20853
-0.17318
-0.17455
-0.15550
-0.15550
-0.15550
-0.15550
-0.15550
-0.15550
-0.15550
-0.15550
-0.15550
-0.15550
-0.15550
-0.15550
-0.15550
-0.15550
-0.15550
-0.15550
-0.15550
-0.15550
-0.15550
-0.15550
-0.15550
-0.15550
-0.15550
-0.15550
-0.15550
-0.15550
-0.15550
-0.15550
-0.15550
-0.15550
-0.15550
-0.15550
-0.15550
-0.15550
-0.15550
-0.15550
-0.15550
-0.15550
-0.15550
-0.15550
-0.15550
-0.15550
-0.15550
-0.15550
-0.15550
-0.15550
-0.15550
-0.15550
-0.15550
-0.15550
-0.15550
-0.15550
-0.15550
-0.15550
-0.15550
-0.15550
-0.15550
-0.15550
-0.15550
-0.15550
-0.15550
-0.15550
-0.15550
-0.15550
-0.15550
-0.15550
-0.15550
-0.15550
-0.15550
-0.15550
-0.15550
-0.15550
-0.15550
-0.15550
-0.15550
-0.15550
-0.15550
-0.15550
-0.15550
-0.15550
-0.15550
-0.15550
-0.15550
-0.15550
-0.15550
-0.15550
-0.15550
-0.15550
-0.15550
-0.15550
-0.15550
-0.15550
-0.15550
-0.15550
-0.15550
-0.15550
-0.15550
-0.15550
-0.15550
-0.15550
-0.15550
-0.15550
-0.15550
-0.15550
-0.15550
-0.15550
-0.15550
-0.15550
-0.15550
-0.15550
-0.15550
-0.15550
-0.15550
-0.15550
-0.15550
-0.15550
-0.15550
-0.15550
-0.15550
-0.55110
-0.55110
-0.55110
-0.55109
-0.55109
-0.55109
-0.55108
-0.55108
-0.55108
-0.55108
-0.55108
-0.55107
-0.55107
-0.55107
-0.55107
-0.55107
-0.55108
-0.55108
-0.55108
-0.55109
-0.55109
-0.55110
-0.55111
-0.55112
-0.55113
-0.55114
-0.55116
-0.55118
-0.55120
-0.55123
-0.55125
-0.55129
-0.55132
-0.55137
-0.55142
-0.55147
-0.55153
-0.55160
-0.55168
-0.55177
-0.55188
-0.55199
-0.55212
-0.55227
-0.55243
-0.55261
-0.55282
-0.55305
-0.55332
-0.55361
-0.55394
-0.55431
-0.55472
-0.55518
-0.55570
-0.55628
-0.55693
-0.55765
-0.55846
-0.55936
-0.56037
-0.56149
-0.56274
-0.56413
-0.56568
-0.56739
-0.56929
-0.57139
-0.57372
-0.57628
-0.57911
-0.58222
-0.58564
-0.58938
-0.59347
-0.59793
-0.60279
-0.60806
-0.61376
-0.61993
-0.62656
-0.63369
-0.64132
-0.64947
-0.65815
-0.66736
-0.67711
-0.68740
-0.69823
-0.70960
-0.72151
-0.73395
-0.74690
-0.76036
-0.77432
-0.78876
-0.80366
-0.81901
-0.83480
-0.85101
-0.86762
-0.88461
-0.90196
-0.91966
-0.93769
-0.95603
-0.97466
-0.99357
-1.01274
-1.03215
-1.05180
-1.07165
-1.09170
-1.11194
-1.13234
-1.15289
-1.17359
-1.19441
-1.21535
-1.23639
-1.25752
-1.27873
-1.30000
-1.32230
-1.34460
-1.36690
-1.38920
-1.41150
-1.43380
-1.45610
-1.47840
-1.50070
-1.52300
-1.54560
-1.56820
-1.59080
-1.61340
-1.63600
-1.65860
-1.68120
-1.70380
-1.72640
-1.74900
-1.77150
-1.79400
-1.81650
-1.83900
-1.86150
-1.88400
-1.90650
-1.92900
-1.95150
-1.97400
-1.99600
-2.01800
-2.04000
-2.06200
-2.08400
-2.10600
-2.12800
-2.15000
-2.17200
-2.19400
-2.21520
-2.23640
-2.25760
-2.27880
-2.30000
-2.32120
-2.34240
-2.36360
-2.38480
-2.40600
-2.42560
-2.44520
-2.46480
-2.48440
-2.50400
-2.52360
-2.54320
-2.56280
-2.58240
-2.60200
-2.61850
-2.63500
-2.65150
-2.66800
-2.68450
-2.70100
-2.71750
-2.73400
-2.75050
-2.76700
-2.77740
-2.78780
-2.79820
-2.80860
-2.81900
-2.82940
-2.83980
-2.85020
-2.86060
-2.87100
-2.87170
-2.87240
-2.87310
-2.87380
-2.87450
-2.87520
-2.87590
-2.87660
-2.87730
-2.87800
-2.86770
-2.85740
-2.84710
-2.83680
-2.82650
-2.81620
-2.80590
-2.79560
-2.78530
-2.77500
-2.75550
-2.73600
-2.71650
-2.69700
-2.67750
-2.65800
-2.63850
-2.61900
-2.59950
-2.58000
-2.55370
-2.52740
-2.50110
-2.47480
-2.44850
-2.42220
-2.39590
-2.36960
-2.34330
-2.31700
-2.28440
-2.25180
-2.21920
-2.18660
-2.15400
-2.12140
-2.08880
-2.05620
-2.02360
-1.99100
-1.95260
-1.91420
-1.87580
-1.83740
-1.79900
-1.76060
-1.72220
-1.68380
-1.64540
-1.60700
-1.56480
-1.52260
-1.48040
-1.43820
-1.39600
-1.35380
-1.31160
-1.26940
-1.22720
-1.18500
-1.14230
-1.09960
-1.05690
-1.01420
-0.97150
-0.92880
-0.88610
-0.84340
-0.80070
-0.75800
-0.71710
-0.67620
-0.63530
-0.59440
-0.55350
-0.51260
-0.47170
-0.43080
-0.38990
-0.34900
-0.31090
-0.27280
-0.23470
-0.19660
-0.15850
-0.12040
-0.08230
-0.04420
-0.00610
0.03200
0.03200
0.03200
0.03200
0.03200
0.03200
0.03200
0.03200
0.03200
0.03200
0.03200
0.03200
0.03200
0.03200
0.03200
0.03200
0.03200
0.03200
0.03200
0.03200
0.03200
0.03200
0.03200
0.03200
0.03200
0.03200
0.03200
0.03200
0.03200
0.03200
0.03200
0.03200
0.03200
0.03200
0.03200
0.03200
0.03200
0.03200
0.03200
0.03200
0.03200
0.03200
0.03200
0.03200
0.03200
0.03200
0.03200
0.03200
0.03200
0.03200
0.03200
0.03200
0.03200
0.03200
0.03200
0.03200
0.03200
0.03200
0.03200
0.03200
0.03200
0.03200
0.03200
0.03200
0.03200
0.03200
0.03200
0.03200
0.03200
0.03200
0.03200
0.03200
0.03200
0.03200
0.03200
0.03200
0.03200
0.03200
0.03200
0.03200
0.03200
0.03200
0.03200
0.03200
0.03200
0.03200
0.03200
0.03200
0.03200
0.03200
0.03200
0.03200
0.03200
0.03200
0.03200
0.03200
0.03200
0.03200
0.03200
0.03200
0.03200
0.03200
0.03200
0.03200
0.03200
0.03200
0.03200
0.03200
0.03200
0.03200
0.03200
0.03200
0.03200
0.03200
0.03200
0.03200
0.03200
0.03200
0.03200
-0.54993
-0.54991
-0.54988
-0.54986
-0.54984
-0.54982
-0.54979
-0.54977
-0.54975
-0.54973
-0.54970
-0.54968
-0.54966
-0.54963
-0.54961
-0.54958
-0.54956
-0.54954
-0.54952
-0.54949
-0.54947
-0.54945
-0.54943
-0.54941
-0.54939
-0.54937
-0.54935
-0.54933
-0.54932
-0.54930
-0.54929
-0.54928
-0.54927
-0.54926
-0.54926
-0.54926
-0.54926
-0.54927
-0.54928
-0.54930
-0.54932
-0.54935
-0.54939
-0.54943
-0.54949
-0.54955
-0.54962
-0.54971
-0.54982
-0.54993
-0.55007
-0.55023
-0.55041
-0.55061
-0.55085
-0.55111
-0.55141
-0.55175
-0.55213
-0.55256
-0.55305
-0.55359
-0.55420
-0.55488
-0.55564
-0.55648
-0.55743
-0.55847
-0.55964
-0.56092
-0.56235
-0.56391
-0.56564
-0.56754
-0.56962
-0.57189
-0.57437
-0.57707
-0.58000
-0.58317
-0.58659
-0.59027
-0.59423
-0.59846
-0.60298
-0.60779
-0.61291
-0.61832
-0.62405
-0.63008
-0.63642
-0.64308
-0.65005
-0.65734
-0.66494
-0.67285
-0.68108
-0.68962
-0.69848
-0.70765
-0.71714
-0.72694
-0.73706
-0.74749
-0.75825
-0.76933
-0.78073
-0.79246
-0.80452
-0.81690
-0.82962
-0.84267
-0.85605
-0.86977
-0.88381
-0.89818
-0.91288
-0.92789
-0.94322
-0.95885
-0.97478
-0.99100
-1.00750
-1.02475
-1.03602
-1.05507
-1.07412
-1.09317
-1.11223
-1.13127
-1.15032
-1.16938
-1.18842
-1.20748
-1.22740
-1.24820
-1.26900
-1.28980
-1.31060
-1.33140
-1.35220
-1.37300
-1.39380
-1.41460
-1.43577
-1.45732
-1.47888
-1.50042
-1.52198
-1.54352
-1.56507
-1.58662
-1.60817
-1.62973
-1.65127
-1.67282
-1.69437
-1.71592
-1.73748
-1.75902
-1.78057
-1.80212
-1.82367
-1.84523
-1.86650
-1.88750
-1.90850
-1.92950
-1.95050
-1.97150
-1.99250
-2.01350
-2.03450
-2.05550
-2.07575
-2.09525
-2.11475
-2.13425
-2.15375
-2.17325
-2.19275
-2.21225
-2.23175
-2.25125
-2.26917
-2.28552
-2.30187
-2.31822
-2.33458
-2.35092
-2.36727
-2.38362
-2.39997
-2.41633
-2.42955
-2.43965
-2.44975
-2.45985
-2.46995
-2.48005
-2.49015
-2.50025
-2.51035
-2.52045
-2.52578
-2.52632
-2.52687
-2.52743
-2.52798
-2.52853
-2.52908
-2.52963
-2.53018
-2.53073
-2.52608
-2.51623
-2.50637
-2.49653
-2.48667
-2.47683
-2.46698
-2.45713
-2.44728
-2.43742
-2.42348
-2.40542
-2.38737
-2.36933
-2.35127
-2.33323
-2.31517
-2.29713
-2.27908
-2.26102
-2.24010
-2.21630
-2.19250
-2.16870
-2.14490
-2.12110
-2.09730
-2.07350
-2.04970
-2.02590
-1.99975
-1.97125
-1.94275
-1.91425
-1.88575
-1.85725
-1.82875
-1.80025
-1.77175
-1.74325
-1.71253
-1.67958
-1.64663
-1.61368
-1.58072
-1.54778
-1.51483
-1.48188
-1.44893
-1.41597
-1.38110
-1.34430
-1.30750
-1.27070
-1.23390
-1.19710
-1.16030
-1.12350
-1.08670
-1.04990
-1.01178
-0.97233
-0.93288
-0.89343
-0.85397
-0.81453
-0.77508
-0.73562
-0.69618
-0.65672
-0.61673
-0.57618
-0.53563
-0.49508
-0.45452
-0.41398
-0.37343
-0.33287
-0.29233
-0.25177
-0.21165
-0.17195
-0.13225
-0.09255
-0.05285
-0.01315
0.02655
0.06625
0.10595
0.14565
0.14485
0.16550
0.16550
0.16550
0.16550
0.16550
0.16550
0.16550
0.16550
0.16550
0.16550
0.16550
0.16550
0.16550
0.16550
0.16550
0.16550
0.16550
0.16550
0.16550
0.16550
0.16550
0.16550
0.16550
0.16550
0.16550
0.16550
0.16550
0.16550
0.16550
0.16550
0.16550
0.16550
0.16550
0.16550
0.16550
0.16550
0.16550
0.16550
0.16550
0.16550
0.16550
0.16550
0.16550
0.16550
0.16550
0.16550
0.16550
0.16550
0.16550
0.16550
0.16550
0.16550
0.16550
0.16550
0.16550
0.16550
0.16550
0.16550
0.16550
0.16550
0.16550
0.16550
0.16550
0.16550
0.16550
0.16550
0.16550
0.16550
0.16550
0.16550
0.16550
0.16550
0.16550
0.16550
0.16550
0.16550
0.16550
0.16550
0.16550
0.16550
0.16550
0.16550
0.16550
0.16550
0.16550
0.16550
0.16550
0.16550
0.16550
0.16550
0.16550
0.16550
0.16550
0.16550
0.16550
0.16550
0.16550
0.16550
0.16550
0.16550
0.16550
0.16550
0.16550
0.16550
0.16550
0.16550
0.16550
0.16550
0.16550
0.16550
0.16550
0.16550
0.16550
0.16550
0.16550
0.16550
-0.54875
-0.54871
-0.54867
-0.54863
-0.54859
-0.54855
-0.54850
-0.54846
-0.54842
-0.54837
-0.54833
-0.54828
-0.54824
-0.54819
-0.54814
-0.54810
-0.54805
-0.54800
-0.54795
-0.54790
-0.54785
-0.54780
-0.54775
-0.54770
-0.54764
-0.54759
-0.54754
-0.54749
-0.54743
-0.54738
-0.54733
-0.54727
-0.54722
-0.54716
-0.54711
-0.54705
-0.54699
-0.54694
-0.54688
-0.54682
-0.54677
-0.54671
-0.54665
-0.54660
-0.54654
-0.54648
-0.54643
-0.54637
-0.54632
-0.54626
-0.54621
-0.54615
-0.54610
-0.54605
-0.54599
-0.54594
-0.54589
-0.54585
-0.54580
-0.54576
-0.54572
-0.54568
-0.54565
-0.54562
-0.54560
-0.54558
-0.54556
-0.54555
-0.54555
-0.54556
-0.54558
-0.54561
-0.54565
-0.54570
-0.54577
-0.54585
-0.54596
-0.54608
-0.54623
-0.54641
-0.54661
-0.54685
-0.54713
-0.54745
-0.54781
-0.54823
-0.54871
-0.54925
-0.54986
-0.55055
-0.55134
-0.55222
-0.55321
-0.55432
-0.55556
-0.55695
-0.55851
-0.56024
-0.56216
-0.56429
-0.56666
-0.56927
-0.57215
-0.57533
-0.57881
-0.58263
-0.58680
-0.59135
-0.59629
-0.60165
-0.60744
-0.61369
-0.62040
-0.62760
-0.63528
-0.64347
-0.65217
-0.66137
-0.67109
-0.68131
-0.69205
-0.70328
-0.71500
-0.72721
-0.73988
-0.75300
-0.76880
-0.78460
-0.80040
-0.81620
-0.83200
-0.84780
-0.86360
-0.87940
-0.89520
-0.91100
-0.93000
-0.94900
-0.96800
-0.98700
-1.00600
-1.02500
-1.04400
-1.06300
-1.08200
-1.10100
-1.12160
-1.14220
-1.16280
-1.18340
-1.20400
-1.22460
-1.24520
-1.26580
-1.28640
-1.30700
-1.32810
-1.34920
-1.37030
-1.39140
-1.41250
-1.43360
-1.45470
-1.47580
-1.49690
-1.51800
-1.53880
-1.55960
-1.58040
-1.60120
-1.62200
-1.64280
-1.66360
-1.68440
-1.70520
-1.72600
-1.74540
-1.76480
-1.78420
-1.80360
-1.82300
-1.84240
-1.86180
-1.88120
-1.90060
-1.92000
-1.93620
-1.95240
-1.96860
-1.98480
-2.00100
-2.01720
-2.03340
-2.04960
-2.06580
-2.08200
-2.09180
-2.10160
-2.11140
-2.12120
-2.13100
-2.14080
-2.15060
-2.16040
-2.17020
-2.18000
-2.18040
-2.18080
-2.18120
-2.18160
-2.18200
-2.18240
-2.18280
-2.18320
-2.18360
-2.18400
-2.17460
-2.16520
-2.15580
-2.14640
-2.13700
-2.12760
-2.11820
-2.10880
-2.09940
-2.09000
-2.07340
-2.05680
-2.04020
-2.02360
-2.00700
-1.99040
-1.97380
-1.95720
-1.94060
-1.92400
-1.90270
-1.88140
-1.86010
-1.83880
-1.81750
-1.79620
-1.77490
-1.75360
-1.73230
-1.71100
-1.68660
-1.66220
-1.63780
-1.61340
-1.58900
-1.56460
-1.54020
-1.51580
-1.49140
-1.46700
-1.43950
-1.41200
-1.38450
-1.35700
-1.32950
-1.30200
-1.27450
-1.24700
-1.21950
-1.19200
-1.16060
-1.12920
-1.09780
-1.06640
-1.03500
-1.00360
-0.97220
-0.94080
-0.90940
-0.87800
-0.84180
-0.80560
-0.76940
-0.73320
-0.69700
-0.66080
-0.62460
-0.58840
-0.55220
-0.51600
-0.47580
-0.43560
-0.39540
-0.35520
-0.31500
-0.27480
-0.23460
-0.19440
-0.15420
-0.11400
-0.07270
-0.03140
0.00990
0.05120
0.09250
0.13380
0.17510
0.21640
0.25770
0.29900
0.29900
0.29900
0.29900
0.29900
0.29900
0.29900
0.29900
0.29900
0.29900
0.29900
0.29900
0.29900
0.29900
0.29900
0.29900
0.29900
0.29900
0.29900
0.29900
0.29900
0.29900
0.29900
0.29900
0.29900
0.29900
0.29900
0.29900
0.29900
0.29900
0.29900
0.29900
0.29900
0.29900
0.29900
0.29900
0.29900
0.29900
0.29900
0.29900
0.29900
0.29900
0.29900
0.29900
0.29900
0.29900
0.29900
0.29900
0.29900
0.29900
0.29900
0.29900
0.29900
0.29900
0.29900
0.29900
0.29900
0.29900
0.29900
0.29900
0.29900
0.29900
0.29900
0.29900
0.29900
0.29900
0.29900
0.29900
0.29900
0.29900
0.29900
0.29900
0.29900
0.29900
0.29900
0.29900
0.29900
0.29900
0.29900
0.29900
0.29900
0.29900
0.29900
0.29900
0.29900
0.29900
0.29900
0.29900
0.29900
0.29900
0.29900
0.29900
0.29900
0.29900
0.29900
0.29900
0.29900
0.29900
0.29900
0.29900
0.29900
0.29900
0.29900
0.29900
0.29900
0.29900
0.29900
0.29900
0.29900
0.29900
0.29900
0.29900
0.29900
0.29900
0.29900
0.29900
-0.54554
-0.54587
-0.54617
-0.54645
-0.54671
-0.54694
-0.54715
-0.54733
-0.54750
-0.54764
-0.54776
-0.54787
-0.54796
-0.54804
-0.54810
-0.54815
-0.54819
-0.54822
-0.54823
-0.54824
-0.54824
-0.54823
-0.54822
-0.54819
-0.54817
-0.54813
-0.54809
-0.54805
-0.54801
-0.54796
-0.54790
-0.54784
-0.54778
-0.54772
-0.54766
-0.54759
-0.54752
-0.54744
-0.54737
-0.54729
-0.54722
-0.54714
-0.54706
-0.54697
-0.54689
-0.54680
-0.54672
-0.54663
-0.54654
-0.54645
-0.54635
-0.54626
-0.54617
-0.54607
-0.54598
-0.54588
-0.54579
-0.54569
-0.54559
-0.54549
-0.54540
-0.54530
-0.54520
-0.54511
-0.54501
-0.54492
-0.54482
-0.54473
-0.54465
-0.54456
-0.54448
-0.54440
-0.54433
-0.54426
-0.54420
-0.54414
-0.54410
-0.54406
-0.54403
-0.54402
-0.54402
-0.54403
-0.54407
-0.54412
-0.54419
-0.54429
-0.54442
-0.54459
-0.54478
-0.54502
-0.54530
-0.54563
-0.54602
-0.54646
-0.54698
-0.54757
-0.54824
-0.54900
-0.54986
-0.55083
-0.55192
-0.55314
-0.55449
-0.55600
-0.55767
-0.55952
-0.56155
-0.56378
-0.56622
-0.56889
-0.57178
-0.57492
-0.57831
-0.58197
-0.58589
-0.59010
-0.59459
-0.59937
-0.60445
-0.60983
-0.61551
-0.62149
-0.62778
-0.63438
-0.64128
-0.64849
-0.65713
-0.65582
-0.66548
-0.67512
-0.68478
-0.69443
-0.70407
-0.71373
-0.72337
-0.73303
-0.74268
-0.75412
-0.76738
-0.78062
-0.79388
-0.80713
-0.82037
-0.83363
-0.84688
-0.86013
-0.87338
-0.88815
-0.90445
-0.92075
-0.93705
-0.95335
-0.96965
-0.98595
-1.00225
-1.01855
-1.03485
-1.05205
-1.07015
-1.08825
-1.10635
-1.12445
-1.14255
-1.16065
-1.17875
-1.19685
-1.21495
-1.23335
-1.25205
-1.27075
-1.28945
-1.30815
-1.32685
-1.34555
-1.36425
-1.38295
-1.40165
-1.41982
-1.43748
-1.45513
-1.47278
-1.49043
-1.50807
-1.52573
-1.54338
-1.56103
-1.57868
-1.59482
-1.60948
-1.62412
-1.63878
-1.65343
-1.66807
-1.68273
-1.69737
-1.71203
-1.72668
-1.73830
-1.74690
-1.75550
-1.76410
-1.77270
-1.78130
-1.78990
-1.79850
-1.80710
-1.81570
-1.82003
-1.82008
-1.82013
-1.82018
-1.82022
-1.82028
-1.82033
-1.82038
-1.82042
-1.82048
-1.81608
-1.80722
-1.79838
-1.78952
-1.78067
-1.77183
-1.76297
-1.75412
-1.74527
-1.73642
-1.72420
-1.70860
-1.69300
-1.67740
-1.66180
-1.64620
-1.63060
-1.61500
-1.59940
-1.58380
-1.56605
-1.54615
-1.52625
-1.50635
-1.48645
-1.46655
-1.44665
-1.42675
-1.40685
-1.38695
-1.36565
-1.34295
-1.32025
-1.29755
-1.27485
-1.25215
-1.22945
-1.20675
-1.18405
-1.16135
-1.13733
-1.11197
-1.08662
-1.06127
-1.03592
-1.01058
-0.98522
-0.95987
-0.93452
-0.90917
-0.88233
-0.85397
-0.82562
-0.79727
-0.76892
-0.74058
-0.71222
-0.68388
-0.65552
-0.62717
-0.59688
-0.56462
-0.53238
-0.50012
-0.46787
-0.43563
-0.40337
-0.37112
-0.33887
-0.30662
-0.27253
-0.23657
-0.20063
-0.16467
-0.12872
-0.09278
-0.05682
-0.02088
0.01508
0.05103
0.08812
0.12638
0.16462
0.20288
0.24113
0.27937
0.31763
0.35587
0.39413
0.43238
0.43390
0.45150
0.45150
0.45150
0.45150
0.45150
0.45150
0.45150
0.45150
0.45150
0.45150
0.45150
0.45150
0.45150
0.45150
0.45150
0.45150
0.45150
0.45150
0.45150
0.45150
0.45150
0.45150
0.45150
0.45150
0.45150
0.45150
0.45150
0.45150
0.45150
0.45150
0.45150
0.45150
0.45150
0.45150
0.45150
0.45150
0.45150
0.45150
0.45150
0.45150
0.45150
0.45150
0.45150
0.45150
0.45150
0.45150
0.45150
0.45150
0.45150
0.45150
0.45150
0.45150
0.45150
0.45150
0.45150
0.45150
0.45150
0.45150
0.45150
0.45150
0.45150
0.45150
0.45150
0.45150
0.45150
0.45150
0.45150
0.45150
0.45150
0.45150
0.45150
0.45150
0.45150
0.45150
0.45150
0.45150
0.45150
0.45150
0.45150
0.45150
0.45150
0.45150
0.45150
0.45150
0.45150
0.45150
0.45150
0.45150
0.45150
0.45150
0.45150
0.45150
0.45150
0.45150
0.45150
0.45150
0.45150
0.45150
0.45150
0.45150
0.45150
0.45150
0.45150
0.45150
0.45150
0.45150
0.45150
0.45150
0.45150
0.45150
0.45150
0.45150
0.45150
-0.54232
-0.54303
-0.54368
-0.54428
-0.54483
-0.54533
-0.54579
-0.54620
-0.54657
-0.54691
-0.54720
-0.54746
-0.54769
-0.54789
-0.54806
-0.54821
-0.54833
-0.54843
-0.54851
-0.54858
-0.54863
-0.54866
-0.54868
-0.54869
-0.54869
-0.54867
-0.54865
-0.54862
-0.54858
-0.54853
-0.54848
-0.54842
-0.54835
-0.54828
-0.54821
-0.54812
-0.54804
-0.54795
-0.54786
-0.54776
-0.54766
-0.54756
-0.54746
-0.54735
-0.54723
-0.54712
-0.54700
-0.54688
-0.54676
-0.54663
-0.54650
-0.54637
-0.54624
-0.54610
-0.54596
-0.54582
-0.54568
-0.54553
-0.54538
-0.54523
-0.54507
-0.54492
-0.54476
-0.54459
-0.54443
-0.54426
-0.54409
-0.54391
-0.54374
-0.54356
-0.54338
-0.54319
-0.54301
-0.54282
-0.54262
-0.54243
-0.54223
-0.54203
-0.54183
-0.54163
-0.54142
-0.54121
-0.54100
-0.54079
-0.54057
-0.54036
-0.54014
-0.53992
-0.53970
-0.53948
-0.53926
-0.53904
-0.53883
-0.53861
-0.53839
-0.53818
-0.53797
-0.53776
-0.53756
-0.53737
-0.53718
-0.53700
-0.53684
-0.53668
-0.53654
-0.53641
-0.53630
-0.53622
-0.53615
-0.53612
-0.53612
-0.53615
-0.53622
-0.53634
-0.53650
-0.53673
-0.53702
-0.53738
-0.53782
-0.53834
-0.53897
-0.53970
-0.54056
-0.54155
-0.54269
-0.54398
-0.54546
-0.54712
-0.54900
-0.55250
-0.55600
-0.55950
-0.56300
-0.56650
-0.57000
-0.57350
-0.57700
-0.58050
-0.58400
-0.59150
-0.59900
-0.60650
-0.61400
-0.62150
-0.62900
-0.63650
-0.64400
-0.65150
-0.65900
-0.67100
-0.68300
-0.69500
-0.70700
-0.71900
-0.73100
-0.74300
-0.75500
-0.76700
-0.77900
-0.79410
-0.80920
-0.82430
-0.83940
-0.85450
-0.86960
-0.88470
-0.89980
-0.91490
-0.93000
-0.94660
-0.96320
-0.97980
-0.99640
-1.01300
-1.02960
-1.04620
-1.06280
-1.07940
-1.09600
-1.11190
-1.12780
-1.14370
-1.15960
-1.17550
-1.19140
-1.20730
-1.22320
-1.23910
-1.25500
-1.26810
-1.28120
-1.29430
-1.30740
-1.32050
-1.33360
-1.34670
-1.35980
-1.37290
-1.38600
-1.39340
-1.40080
-1.40820
-1.41560
-1.42300
-1.43040
-1.43780
-1.44520
-1.45260
-1.46000
-1.45970
-1.45940
-1.45910
-1.45880
-1.45850
-1.45820
-1.45790
-1.45760
-1.45730
-1.45700
-1.44870
-1.44040
-1.43210
-1.42380
-1.41550
-1.40720
-1.39890
-1.39060
-1.38230
-1.37400
-1.35940
-1.34480
-1.33020
-1.31560
-1.30100
-1.28640
-1.27180
-1.25720
-1.24260
-1.22800
-1.20950
-1.19100
-1.17250
-1.15400
-1.13550
-1.11700
-1.09850
-1.08000
-1.06150
-1.04300
-1.02200
-1.00100
-0.98000
-0.95900
-0.93800
-0.91700
-0.89600
-0.87500
-0.85400
-0.83300
-0.80980
-0.78660
-0.76340
-0.74020
-0.71700
-0.69380
-0.67060
-0.64740
-0.62420
-0.60100
-0.57570
-0.55040
-0.52510
-0.49980
-0.47450
-0.44920
-0.42390
-0.39860
-0.37330
-0.34800
-0.31970
-0.29140
-0.26310
-0.23480
-0.20650
-0.17820
-0.14990
-0.12160
-0.09330
-0.06500
-0.03330
-0.00160
0.03010
0.06180
0.09350
0.12520
0.15690
0.18860
0.22030
0.25200
0.28720
0.32240
0.35760
0.39280
0.42800
0.46320
0.49840
0.53360
0.56880
0.60400
0.60400
0.60400
0.60400
0.60400
0.60400
0.60400
0.60400
0.60400
0.60400
0.60400
0.60400
0.60400
0.60400
0.60400
0.60400
0.60400
0.60400
0.60400
0.60400
0.60400
0.60400
0.60400
0.60400
0.60400
0.60400
0.60400
0.60400
0.60400
0.60400
0.60400
0.60400
0.60400
0.60400
0.60400
0.60400
0.60400
0.60400
0.60400
0.60400
0.60400
0.60400
0.60400
0.60400
0.60400
0.60400
0.60400
0.60400
0.60400
0.60400
0.60400
0.60400
0.60400
0.60400
0.60400
0.60400
0.60400
0.60400
0.60400
0.60400
0.60400
0.60400
0.60400
0.60400
0.60400
0.60400
0.60400
0.60400
0.60400
0.60400
0.60400
0.60400
0.60400
0.60400
0.60400
0.60400
0.60400
0.60400
0.60400
0.60400
0.60400
0.60400
0.60400
0.60400
0.60400
0.60400
0.60400
0.60400
0.60400
0.60400
0.60400
0.60400
0.60400
0.60400
0.60400
0.60400
0.60400
0.60400
0.60400
0.60400
0.60400
0.60400
0.60400
0.60400
0.60400
0.60400
0.60400
0.60400
0.60400
0.60400
0.60400
0.60400
0.60400
-0.52773
-0.52813
-0.52851
-0.52886
-0.52920
-0.52953
-0.52984
-0.53014
-0.53043
-0.53071
-0.53099
-0.53127
-0.53155
-0.53182
-0.53211
-0.53240
-0.53270
-0.53301
-0.53333
-0.53367
-0.53402
-0.53440
-0.53478
-0.53519
-0.53562
-0.53606
-0.53652
-0.53699
-0.53748
-0.53797
-0.53848
-0.53899
-0.53950
-0.54002
-0.54052
-0.54102
-0.54151
-0.54198
-0.54244
-0.54288
-0.54329
-0.54368
-0.54404
-0.54438
-0.54469
-0.54497
-0.54523
-0.54546
-0.54566
-0.54583
-0.54598
-0.54610
-0.54620
-0.54628
-0.54634
-0.54637
-0.54639
-0.54640
-0.54638
-0.54635
-0.54631
-0.54625
-0.54618
-0.54610
-0.54601
-0.54590
-0.54579
-0.54567
-0.54554
-0.54540
-0.54526
-0.54511
-0.54495
-0.54478
-0.54461
-0.54443
-0.54425
-0.54406
-0.54386
-0.54366
-0.54346
-0.54324
-0.54303
-0.54281
-0.54258
-0.54235
-0.54212
-0.54188
-0.54163
-0.54139
-0.54113
-0.54088
-0.54062
-0.54036
-0.54009
-0.53982
-0.53955
-0.53928
-0.53900
-0.53872
-0.53845
-0.53817
-0.53789
-0.53762
-0.53734
-0.53707
-0.53681
-0.53655
-0.53630
-0.53606
-0.53582
-0.53560
-0.53540
-0.53521
-0.53505
-0.53491
-0.53479
-0.53471
-0.53466
-0.53465
-0.53469
-0.53477
-0.53492
-0.53513
-0.53541
-0.53576
-0.53621
-0.53674
-0.53739
-0.53884
-0.53720
-0.53860
-0.54000
-0.54140
-0.54280
-0.54420
-0.54560
-0.54700
-0.54840
-0.54980
-0.55222
-0.55567
-0.55912
-0.56257
-0.56602
-0.56947
-0.57292
-0.57637
-0.57982
-0.58327
-0.58805
-0.59415
-0.60025
-0.60635
-0.61245
-0.61855
-0.62465
-0.63075
-0.63685
-0.64295
-0.65030
-0.65890
-0.66750
-0.67610
-0.68470
-0.69330
-0.70190
-0.71050
-0.71910
-0.72770
-0.73732
-0.74797
-0.75862
-0.76927
-0.77992
-0.79057
-0.80122
-0.81187
-0.82252
-0.83317
-0.84402
-0.85507
-0.86612
-0.87717
-0.88822
-0.89927
-0.91032
-0.92137
-0.93242
-0.94347
-0.95360
-0.96280
-0.97200
-0.98120
-0.99040
-0.99960
-1.00880
-1.01800
-1.02720
-1.03640
-1.04342
-1.04827
-1.05312
-1.05797
-1.06282
-1.06767
-1.07252
-1.07737
-1.08222
-1.08707
-1.08887
-1.08762
-1.08637
-1.08512
-1.08387
-1.08262
-1.08137
-1.08012
-1.07887
-1.07762
-1.07312
-1.06537
-1.05762
-1.04987
-1.04212
-1.03437
-1.02662
-1.01887
-1.01112
-1.00337
-0.99297
-0.97992
-0.96687
-0.95382
-0.94077
-0.92772
-0.91467
-0.90162
-0.88857
-0.87552
-0.86060
-0.84380
-0.82700
-0.81020
-0.79340
-0.77660
-0.75980
-0.74300
-0.72620
-0.70940
-0.69135
-0.67205
-0.65275
-0.63345
-0.61415
-0.59485
-0.57555
-0.55625
-0.53695
-0.51765
-0.49725
-0.47575
-0.45425
-0.43275
-0.41125
-0.38975
-0.36825
-0.34675
-0.32525
-0.30375
-0.28120
-0.25760
-0.23400
-0.21040
-0.18680
-0.16320
-0.13960
-0.11600
-0.09240
-0.06880
-0.04387
-0.01762
0.00863
0.03488
0.06113
0.08738
0.11363
0.13988
0.16613
0.19238
0.22020
0.24960
0.27900
0.30840
0.33780
0.36720
0.39660
0.42600
0.45540
0.48480
0.51578
0.54833
0.58088
0.61343
0.64598
0.67853
0.71108
0.74363
0.77618
0.80873
0.81005
0.82500
0.82500
0.82500
0.82500
0.82500
0.82500
0.82500
0.82500
0.82500
0.82500
0.82500
0.82500
0.82500
0.82500
0.82500
0.82500
0.82500
0.82500
0.82500
0.82500
0.82500
0.82500
0.82500
0.82500
0.82500
0.82500
0.82500
0.82500
0.82500
0.82500
0.82500
0.82500
0.82500
0.82500
0.82500
0.82500
0.82500
0.82500
0.82500
0.82500
0.82500
0.82500
0.82500
0.82500
0.82500
0.82500
0.82500
0.82500
0.82500
0.82500
0.82500
0.82500
0.82500
0.82500
0.82500
0.82500
0.82500
0.82500
0.82500
0.82500
0.82500
0.82500
0.82500
0.82500
0.82500
0.82500
0.82500
0.82500
0.82500
0.82500
0.82500
0.82500
0.82500
0.82500
0.82500
0.82500
0.82500
0.82500
0.82500
0.82500
0.82500
0.82500
0.82500
0.82500
0.82500
0.82500
0.82500
0.82500
0.82500
0.82500
0.82500
0.82500
0.82500
0.82500
0.82500
0.82500
0.82500
0.82500
0.82500
0.82500
0.82500
0.82500
0.82500
0.82500
0.82500
0.82500
0.82500
0.82500
0.82500
0.82500
-0.51314
-0.51323
-0.51333
-0.51345
-0.51358
-0.51373
-0.51389
-0.51408
-0.51429
-0.51452
-0.51479
-0.51508
-0.51540
-0.51576
-0.51616
-0.51659
-0.51707
-0.51758
-0.51815
-0.51876
-0.51942
-0.52013
-0.52089
-0.52169
-0.52254
-0.52344
-0.52438
-0.52536
-0.52637
-0.52742
-0.52848
-0.52956
-0.53066
-0.53175
-0.53284
-0.53392
-0.53498
-0.53602
-0.53702
-0.53799
-0.53892
-0.53980
-0.54063
-0.54142
-0.54215
-0.54283
-0.54346
-0.54403
-0.54455
-0.54503
-0.54545
-0.54583
-0.54616
-0.54646
-0.54671
-0.54693
-0.54711
-0.54726
-0.54738
-0.54747
-0.54754
-0.54758
-0.54760
-0.54760
-0.54758
-0.54755
-0.54749
-0.54743
-0.54734
-0.54725
-0.54714
-0.54702
-0.54689
-0.54675
-0.54659
-0.54643
-0.54626
-0.54608
-0.54589
-0.54570
-0.54549
-0.54528
-0.54506
-0.54483
-0.54459
-0.54435
-0.54409
-0.54383
-0.54356
-0.54329
-0.54300
-0.54271
-0.54241
-0.54210
-0.54179
-0.54146
-0.54113
-0.54079
-0.54044
-0.54008
-0.53971
-0.53934
-0.53895
-0.53856
-0.53815
-0.53774
-0.53732
-0.53688
-0.53644
-0.53599
-0.53553
-0.53506
-0.53458
-0.53409
-0.53359
-0.53308
-0.53256
-0.53204
-0.53150
-0.53096
-0.53041
-0.52985
-0.52928
-0.52871
-0.52813
-0.52754
-0.52695
-0.52636
-0.52577
-0.52518
-0.52459
-0.52400
-0.52330
-0.52260
-0.52190
-0.52120
-0.52050
-0.51980
-0.51910
-0.51840
-0.51770
-0.51700
-0.51640
-0.51580
-0.51520
-0.51460
-0.51400
-0.51340
-0.51280
-0.51220
-0.51160
-0.51100
-0.51120
-0.51140
-0.51160
-0.51180
-0.51200
-0.51220
-0.51240
-0.51260
-0.51280
-0.51300
-0.51510
-0.51720
-0.51930
-0.52140
-0.52350
-0.52560
-0.52770
-0.52980
-0.53190
-0.53400
-0.53870
-0.54340
-0.54810
-0.55280
-0.55750
-0.56220
-0.56690
-0.57160
-0.57630
-0.58100
-0.58720
-0.59340
-0.59960
-0.60580
-0.61200
-0.61820
-0.62440
-0.63060
-0.63680
-0.64300
-0.64830
-0.65360
-0.65890
-0.66420
-0.66950
-0.67480
-0.68010
-0.68540
-0.69070
-0.69600
-0.69830
-0.70060
-0.70290
-0.70520
-0.70750
-0.70980
-0.71210
-0.71440
-0.71670
-0.71900
-0.71680
-0.71460
-0.71240
-0.71020
-0.70800
-0.70580
-0.70360
-0.70140
-0.69920
-0.69700
-0.68980
-0.68260
-0.67540
-0.66820
-0.66100
-0.65380
-0.64660
-0.63940
-0.63220
-0.62500
-0.61350
-0.60200
-0.59050
-0.57900
-0.56750
-0.55600
-0.54450
-0.53300
-0.52150
-0.51000
-0.49490
-0.47980
-0.46470
-0.44960
-0.43450
-0.41940
-0.40430
-0.38920
-0.37410
-0.35900
-0.34140
-0.32380
-0.30620
-0.28860
-0.27100
-0.25340
-0.23580
-0.21820
-0.20060
-0.18300
-0.16320
-0.14340
-0.12360
-0.10380
-0.08400
-0.06420
-0.04440
-0.02460
-0.00480
0.01500
0.03690
0.05880
0.08070
0.10260
0.12450
0.14640
0.16830
0.19020
0.21210
0.23400
0.25820
0.28240
0.30660
0.33080
0.35500
0.37920
0.40340
0.42760
0.45180
0.47600
0.50310
0.53020
0.55730
0.58440
0.61150
0.63860
0.66570
0.69280
0.71990
0.74700
0.77690
0.80680
0.83670
0.86660
0.89650
0.92640
0.95630
0.98620
1.01610
1.04600
1.04600
1.04600
1.04600
1.04600
1.04600
1.04600
1.04600
1.04600
1.04600
1.04600
1.04600
1.04600
1.04600
1.04600
1.04600
1.04600
1.04600
1.04600
1.04600
1.04600
1.04600
1.04600
1.04600
1.04600
1.04600
1.04600
1.04600
1.04600
1.04600
1.04600
1.04600
1.04600
1.04600
1.04600
1.04600
1.04600
1.04600
1.04600
1.04600
1.04600
1.04600
1.04600
1.04600
1.04600
1.04600
1.04600
1.04600
1.04600
1.04600
1.04600
1.04600
1.04600
1.04600
1.04600
1.04600
1.04600
1.04600
1.04600
1.04600
1.04600
1.04600
1.04600
1.04600
1.04600
1.04600
1.04600
1.04600
1.04600
1.04600
1.04600
1.04600
1.04600
1.04600
1.04600
1.04600
1.04600
1.04600
1.04600
1.04600
1.04600
1.04600
1.04600
1.04600
1.04600
1.04600
1.04600
1.04600
1.04600
1.04600
1.04600
1.04600
1.04600
1.04600
1.04600
1.04600
1.04600
1.04600
1.04600
1.04600
1.04600
1.04600
1.04600
1.04600
1.04600
1.04600
1.04600
1.04600
1.04600
1.04600
-0.51305
-0.51309
-0.51314
-0.51319
-0.51325
-0.51332
-0.51340
-0.51349
-0.51359
-0.51370
-0.51383
-0.51397
-0.51412
-0.51430
-0.51449
-0.51470
-0.51493
-0.51519
-0.51547
-0.51577
-0.51609
-0.51645
-0.51682
-0.51722
-0.51765
-0.51809
-0.51856
-0.51905
-0.51956
-0.52009
-0.52062
-0.52117
-0.52172
-0.52228
-0.52284
-0.52340
-0.52395
-0.52449
-0.52502
-0.52553
-0.52603
-0.52651
-0.52698
-0.52743
-0.52786
-0.52827
-0.52866
-0.52904
-0.52941
-0.52976
-0.53010
-0.53044
-0.53076
-0.53109
-0.53141
-0.53174
-0.53207
-0.53240
-0.53274
-0.53309
-0.53345
-0.53383
-0.53421
-0.53461
-0.53502
-0.53545
-0.53588
-0.53633
-0.53678
-0.53724
-0.53770
-0.53816
-0.53862
-0.53908
-0.53952
-0.53995
-0.54036
-0.54076
-0.54113
-0.54147
-0.54179
-0.54209
-0.54235
-0.54258
-0.54278
-0.54294
-0.54308
-0.54318
-0.54326
-0.54330
-0.54331
-0.54330
-0.54325
-0.54318
-0.54309
-0.54297
-0.54283
-0.54266
-0.54248
-0.54227
-0.54205
-0.54180
-0.54154
-0.54126
-0.54097
-0.54065
-0.54033
-0.53998
-0.53962
-0.53925
-0.53886
-0.53846
-0.53804
-0.53761
-0.53717
-0.53671
-0.53624
-0.53575
-0.53525
-0.53474
-0.53422
-0.53368
-0.53313
-0.53257
-0.53199
-0.53140
-0.53080
-0.53019
-0.52957
-0.52893
-0.52829
-0.52764
-0.52692
-0.52600
-0.52500
-0.52400
-0.52300
-0.52200
-0.52100
-0.52000
-0.51900
-0.51800
-0.51700
-0.51582
-0.51448
-0.51313
-0.51177
-0.51042
-0.50908
-0.50772
-0.50638
-0.50502
-0.50367
-0.50218
-0.50052
-0.49887
-0.49723
-0.49557
-0.49393
-0.49228
-0.49062
-0.48897
-0.48733
-0.48550
-0.48350
-0.48150
-0.47950
-0.47750
-0.47550
-0.47350
-0.47150
-0.46950
-0.46750
-0.46550
-0.46350
-0.46150
-0.45950
-0.45750
-0.45550
-0.45350
-0.45150
-0.44950
-0.44750
-0.44550
-0.44350
-0.44150
-0.43950
-0.43750
-0.43550
-0.43350
-0.43150
-0.42950
-0.42750
-0.42543
-0.42328
-0.42112
-0.41897
-0.41682
-0.41468
-0.41253
-0.41037
-0.40822
-0.40607
-0.40350
-0.40050
-0.39750
-0.39450
-0.39150
-0.38850
-0.38550
-0.38250
-0.37950
-0.37650
-0.37253
-0.36758
-0.36263
-0.35767
-0.35272
-0.34778
-0.34283
-0.33787
-0.33292
-0.32797
-0.32165
-0.31395
-0.30625
-0.29855
-0.29085
-0.28315
-0.27545
-0.26775
-0.26005
-0.25235
-0.24325
-0.23275
-0.22225
-0.21175
-0.20125
-0.19075
-0.18025
-0.16975
-0.15925
-0.14875
-0.13685
-0.12355
-0.11025
-0.09695
-0.08365
-0.07035
-0.05705
-0.04375
-0.03045
-0.01715
-0.00270
0.01290
0.02850
0.04410
0.05970
0.07530
0.09090
0.10650
0.12210
0.13770
0.15442
0.17227
0.19012
0.20798
0.22583
0.24367
0.26152
0.27937
0.29723
0.31508
0.33400
0.35400
0.37400
0.39400
0.41400
0.43400
0.45400
0.47400
0.49400
0.51400
0.53527
0.55782
0.58037
0.60293
0.62548
0.64802
0.67057
0.69312
0.71568
0.73823
0.76217
0.78752
0.81288
0.83823
0.86358
0.88892
0.91427
0.93962
0.96498
0.99033
1.01705
1.04515
1.07325
1.10135
1.12945
1.15755
1.18565
1.21375
1.24185
1.26995
1.27085
1.28400
1.28400
1.28400
1.28400
1.28400
1.28400
1.28400
1.28400
1.28400
1.28400
1.28400
1.28400
1.28400
1.28400
1.28400
1.28400
1.28400
1.28400
1.28400
1.28400
1.28400
1.28400
1.28400
1.28400
1.28400
1.28400
1.28400
1.28400
1.28400
1.28400
1.28400
1.28400
1.28400
1.28400
1.28400
1.28400
1.28400
1.28400
1.28400
1.28400
1.28400
1.28400
1.28400
1.28400
1.28400
1.28400
1.28400
1.28400
1.28400
1.28400
1.28400
1.28400
1.28400
1.28400
1.28400
1.28400
1.28400
1.28400
1.28400
1.28400
1.28400
1.28400
1.28400
1.28400
1.28400
1.28400
1.28400
1.28400
1.28400
1.28400
1.28400
1.28400
1.28400
1.28400
1.28400
1.28400
1.28400
1.28400
1.28400
1.28400
1.28400
1.28400
1.28400
1.28400
1.28400
1.28400
1.28400
1.28400
1.28400
1.28400
1.28400
1.28400
1.28400
1.28400
1.28400
1.28400
1.28400
1.28400
1.28400
1.28400
1.28400
1.28400
1.28400
1.28400
1.28400
1.28400
1.28400
-0.51296
-0.51295
-0.51294
-0.51293
-0.51292
-0.51291
-0.51290
-0.51289
-0.51288
-0.51287
-0.51286
-0.51285
-0.51284
-0.51283
-0.51282
-0.51281
-0.51280
-0.51279
-0.51279
-0.51278
-0.51277
-0.51276
-0.51276
-0.51275
-0.51275
-0.51274
-0.51274
-0.51275
-0.51275
-0.51276
-0.51276
-0.51278
-0.51279
-0.51282
-0.51284
-0.51287
-0.51291
-0.51296
-0.51301
-0.51307
-0.51314
-0.51323
-0.51333
-0.51344
-0.51356
-0.51371
-0.51387
-0.51405
-0.51426
-0.51449
-0.51475
-0.51504
-0.51536
-0.51572
-0.51611
-0.51655
-0.51702
-0.51754
-0.51810
-0.51871
-0.51936
-0.52007
-0.52082
-0.52162
-0.52246
-0.52334
-0.52427
-0.52523
-0.52622
-0.52723
-0.52826
-0.52931
-0.53036
-0.53141
-0.53244
-0.53347
-0.53446
-0.53543
-0.53636
-0.53725
-0.53810
-0.53889
-0.53964
-0.54033
-0.54096
-0.54154
-0.54207
-0.54253
-0.54295
-0.54331
-0.54362
-0.54388
-0.54409
-0.54426
-0.54439
-0.54448
-0.54453
-0.54454
-0.54452
-0.54447
-0.54438
-0.54427
-0.54413
-0.54397
-0.54378
-0.54357
-0.54334
-0.54308
-0.54281
-0.54251
-0.54219
-0.54186
-0.54151
-0.54114
-0.54075
-0.54034
-0.53991
-0.53947
-0.53901
-0.53853
-0.53803
-0.53751
-0.53698
-0.53643
-0.53585
-0.53526
-0.53465
-0.53402
-0.53336
-0.53269
-0.53200
-0.53128
-0.53054
-0.52978
-0.52900
-0.52770
-0.52640
-0.52510
-0.52380
-0.52250
-0.52120
-0.51990
-0.51860
-0.51730
-0.51600
-0.51390
-0.51180
-0.50970
-0.50760
-0.50550
-0.50340
-0.50130
-0.49920
-0.49710
-0.49500
-0.49150
-0.48800
-0.48450
-0.48100
-0.47750
-0.47400
-0.47050
-0.46700
-0.46350
-0.46000
-0.45390
-0.44780
-0.44170
-0.43560
-0.42950
-0.42340
-0.41730
-0.41120
-0.40510
-0.39900
-0.39030
-0.38160
-0.37290
-0.36420
-0.35550
-0.34680
-0.33810
-0.32940
-0.32070
-0.31200
-0.30180
-0.29160
-0.28140
-0.27120
-0.26100
-0.25080
-0.24060
-0.23040
-0.22020
-0.21000
-0.20040
-0.19080
-0.18120
-0.17160
-0.16200
-0.15240
-0.14280
-0.13320
-0.12360
-0.11400
-0.10570
-0.09740
-0.08910
-0.08080
-0.07250
-0.06420
-0.05590
-0.04760
-0.03930
-0.03100
-0.02330
-0.01560
-0.00790
-0.00020
0.00750
0.01520
0.02290
0.03060
0.03830
0.04600
0.05420
0.06240
0.07060
0.07880
0.08700
0.09520
0.10340
0.11160
0.11980
0.12800
0.13750
0.14700
0.15650
0.16600
0.17550
0.18500
0.19450
0.20400
0.21350
0.22300
0.23450
0.24600
0.25750
0.26900
0.28050
0.29200
0.30350
0.31500
0.32650
0.33800
0.35160
0.36520
0.37880
0.39240
0.40600
0.41960
0.43320
0.44680
0.46040
0.47400
0.48990
0.50580
0.52170
0.53760
0.55350
0.56940
0.58530
0.60120
0.61710
0.63300
0.65110
0.66920
0.68730
0.70540
0.72350
0.74160
0.75970
0.77780
0.79590
0.81400
0.83490
0.85580
0.87670
0.89760
0.91850
0.93940
0.96030
0.98120
1.00210
1.02300
1.04660
1.07020
1.09380
1.11740
1.14100
1.16460
1.18820
1.21180
1.23540
1.25900
1.28530
1.31160
1.33790
1.36420
1.39050
1.41680
1.44310
1.46940
1.49570
1.52200
1.52200
1.52200
1.52200
1.52200
1.52200
1.52200
1.52200
1.52200
1.52200
1.52200
1.52200
1.52200
1.52200
1.52200
1.52200
1.52200
1.52200
1.52200
1.52200
1.52200
1.52200
1.52200
1.52200
1.52200
1.52200
1.52200
1.52200
1.52200
1.52200
1.52200
1.52200
1.52200
1.52200
1.52200
1.52200
1.52200
1.52200
1.52200
1.52200
1.52200
1.52200
1.52200
1.52200
1.52200
1.52200
1.52200
1.52200
1.52200
1.52200
1.52200
1.52200
1.52200
1.52200
1.52200
1.52200
1.52200
1.52200
1.52200
1.52200
1.52200
1.52200
1.52200
1.52200
1.52200
1.52200
1.52200
1.52200
1.52200
1.52200
1.52200
1.52200
1.52200
1.52200
1.52200
1.52200
1.52200
1.52200
1.52200
1.52200
1.52200
1.52200
1.52200
1.52200
1.52200
1.52200
1.52200
1.52200
1.52200
1.52200
1.52200
1.52200
1.52200
1.52200
1.52200
1.52200
1.52200
1.52200
1.52200
1.52200
1.52200
1.52200
1.52200
1.52200
1.52200
1.52200
1.52200
-0.51304
-0.51303
-0.51302
-0.51301
-0.51301
-0.51300
-0.51299
-0.51298
-0.51297
-0.51296
-0.51295
-0.51295
-0.51294
-0.51293
-0.51292
-0.51291
-0.51290
-0.51289
-0.51288
-0.51287
-0.51286
-0.51285
-0.51284
-0.51283
-0.51283
-0.51282
-0.51281
-0.51281
-0.51280
-0.51280
-0.51279
-0.51279
-0.51279
-0.51279
-0.51280
-0.51281
-0.51282
-0.51283
-0.51285
-0.51287
-0.51289
-0.51293
-0.51296
-0.51301
-0.51306
-0.51312
-0.51319
-0.51327
-0.51336
-0.51346
-0.51358
-0.51371
-0.51386
-0.51403
-0.51421
-0.51441
-0.51463
-0.51488
-0.51515
-0.51544
-0.51575
-0.51609
-0.51646
-0.51684
-0.51725
-0.51769
-0.51814
-0.51861
-0.51910
-0.51960
-0.52012
-0.52064
-0.52117
-0.52170
-0.52222
-0.52275
-0.52327
-0.52377
-0.52427
-0.52475
-0.52522
-0.52566
-0.52610
-0.52651
-0.52691
-0.52729
-0.52766
-0.52802
-0.52836
-0.52869
-0.52902
-0.52934
-0.52965
-0.52997
-0.53028
-0.53060
-0.53091
-0.53124
-0.53156
-0.53189
-0.53223
-0.53257
-0.53291
-0.53325
-0.53359
-0.53393
-0.53426
-0.53458
-0.53489
-0.53518
-0.53545
-0.53570
-0.53592
-0.53612
-0.53628
-0.53640
-0.53649
-0.53654
-0.53656
-0.53653
-0.53646
-0.53634
-0.53619
-0.53600
-0.53576
-0.53548
-0.53517
-0.53481
-0.53442
-0.53399
-0.53352
-0.53301
-0.53247
-0.53190
-0.53129
-0.53040
-0.52993
-0.52877
-0.52763
-0.52648
-0.52532
-0.52417
-0.52302
-0.52187
-0.52072
-0.51958
-0.51800
-0.51600
-0.51400
-0.51200
-0.51000
-0.50800
-0.50600
-0.50400
-0.50200
-0.50000
-0.49717
-0.49352
-0.48987
-0.48622
-0.48257
-0.47892
-0.47527
-0.47163
-0.46797
-0.46432
-0.45905
-0.45215
-0.44525
-0.43835
-0.43145
-0.42455
-0.41765
-0.41075
-0.40385
-0.39695
-0.38795
-0.37685
-0.36575
-0.35465
-0.34355
-0.33245
-0.32135
-0.31025
-0.29915
-0.28805
-0.27480
-0.25940
-0.24400
-0.22860
-0.21320
-0.19780
-0.18240
-0.16700
-0.15160
-0.13620
-0.11968
-0.10202
-0.08438
-0.06673
-0.04908
-0.03143
-0.01378
0.00387
0.02152
0.03917
0.05632
0.07297
0.08962
0.10627
0.12292
0.13957
0.15622
0.17287
0.18952
0.20617
0.22130
0.23490
0.24850
0.26210
0.27570
0.28930
0.30290
0.31650
0.33010
0.34370
0.35615
0.36745
0.37875
0.39005
0.40135
0.41265
0.42395
0.43525
0.44655
0.45785
0.46867
0.47902
0.48937
0.49972
0.51007
0.52042
0.53077
0.54112
0.55147
0.56182
0.57245
0.58335
0.59425
0.60515
0.61605
0.62695
0.63785
0.64875
0.65965
0.67055
0.68207
0.69422
0.70637
0.71852
0.73067
0.74282
0.75497
0.76712
0.77927
0.79142
0.80452
0.81857
0.83262
0.84667
0.86072
0.87477
0.88882
0.90287
0.91692
0.93097
0.94610
0.96230
0.97850
0.99470
1.01090
1.02710
1.04330
1.05950
1.07570
1.09190
1.10947
1.12842
1.14737
1.16632
1.18527
1.20422
1.22317
1.24212
1.26107
1.28002
1.30040
1.32220
1.34400
1.36580
1.38760
1.40940
1.43120
1.45300
1.47480
1.49660
1.51982
1.54447
1.56912
1.59377
1.61842
1.64307
1.66772
1.69237
1.71702
1.74167
1.74250
1.75400
1.75400
1.75400
1.75400
1.75400
1.75400
1.75400
1.75400
1.75400
1.75400
1.75400
1.75400
1.75400
1.75400
1.75400
1.75400
1.75400
1.75400
1.75400
1.75400
1.75400
1.75400
1.75400
1.75400
1.75400
1.75400
1.75400
1.75400
1.75400
1.75400
1.75400
1.75400
1.75400
1.75400
1.75400
1.75400
1.75400
1.75400
1.75400
1.75400
1.75400
1.75400
1.75400
1.75400
1.75400
1.75400
1.75400
1.75400
1.75400
1.75400
1.75400
1.75400
1.75400
1.75400
1.75400
1.75400
1.75400
1.75400
1.75400
1.75400
1.75400
1.75400
1.75400
1.75400
1.75400
1.75400
1.75400
1.75400
1.75400
1.75400
1.75400
1.75400
1.75400
1.75400
1.75400
1.75400
1.75400
1.75400
1.75400
1.75400
1.75400
1.75400
1.75400
1.75400
1.75400
1.75400
1.75400
1.75400
1.75400
1.75400
1.75400
1.75400
1.75400
1.75400
1.75400
1.75400
1.75400
1.75400
1.75400
1.75400
1.75400
1.75400
1.75400
1.75400
-0.51311
-0.51311
-0.51310
-0.51309
-0.51309
-0.51308
-0.51307
-0.51307
-0.51306
-0.51305
-0.51305
-0.51304
-0.51303
-0.51302
-0.51301
-0.51300
-0.51299
-0.51298
-0.51297
-0.51296
-0.51295
-0.51294
-0.51293
-0.51292
-0.51291
-0.51289
-0.51288
-0.51287
-0.51285
-0.51284
-0.51282
-0.51281
-0.51279
-0.51277
-0.51276
-0.51274
-0.51272
-0.51270
-0.51268
-0.51266
-0.51264
-0.51262
-0.51260
-0.51258
-0.51256
-0.51253
-0.51251
-0.51249
-0.51246
-0.51244
-0.51241
-0.51238
-0.51236
-0.51233
-0.51230
-0.51228
-0.51225
-0.51222
-0.51220
-0.51217
-0.51214
-0.51212
-0.51209
-0.51207
-0.51205
-0.51203
-0.51201
-0.51200
-0.51198
-0.51197
-0.51197
-0.51197
-0.51197
-0.51199
-0.51201
-0.51203
-0.51207
-0.51212
-0.51217
-0.51225
-0.51233
-0.51243
-0.51255
-0.51270
-0.51286
-0.51304
-0.51326
-0.51350
-0.51377
-0.51408
-0.51442
-0.51480
-0.51521
-0.51567
-0.51617
-0.51672
-0.51730
-0.51793
-0.51861
-0.51932
-0.52007
-0.52086
-0.52169
-0.52253
-0.52340
-0.52429
-0.52519
-0.52608
-0.52697
-0.52785
-0.52871
-0.52954
-0.53034
-0.53110
-0.53181
-0.53247
-0.53307
-0.53362
-0.53410
-0.53453
-0.53488
-0.53518
-0.53540
-0.53557
-0.53567
-0.53571
-0.53569
-0.53561
-0.53547
-0.53528
-0.53504
-0.53475
-0.53440
-0.53401
-0.53357
-0.53309
-0.53257
-0.53200
-0.53100
-0.53000
-0.52900
-0.52800
-0.52700
-0.52600
-0.52500
-0.52400
-0.52300
-0.52200
-0.52010
-0.51820
-0.51630
-0.51440
-0.51250
-0.51060
-0.50870
-0.50680
-0.50490
-0.50300
-0.49920
-0.49540
-0.49160
-0.48780
-0.48400
-0.48020
-0.47640
-0.47260
-0.46880
-0.46500
-0.45730
-0.44960
-0.44190
-0.43420
-0.42650
-0.41880
-0.41110
-0.40340
-0.39570
-0.38800
-0.37450
-0.36100
-0.34750
-0.33400
-0.32050
-0.30700
-0.29350
-0.28000
-0.26650
-0.25300
-0.23240
-0.21180
-0.19120
-0.17060
-0.15000
-0.12940
-0.10880
-0.08820
-0.06760
-0.04700
-0.02130
0.00440
0.03010
0.05580
0.08150
0.10720
0.13290
0.15860
0.18430
0.21000
0.23500
0.26000
0.28500
0.31000
0.33500
0.36000
0.38500
0.41000
0.43500
0.46000
0.47950
0.49900
0.51850
0.53800
0.55750
0.57700
0.59650
0.61600
0.63550
0.65500
0.66940
0.68380
0.69820
0.71260
0.72700
0.74140
0.75580
0.77020
0.78460
0.79900
0.81020
0.82140
0.83260
0.84380
0.85500
0.86620
0.87740
0.88860
0.89980
0.91100
0.92130
0.93160
0.94190
0.95220
0.96250
0.97280
0.98310
0.99340
1.00370
1.01400
1.02470
1.03540
1.04610
1.05680
1.06750
1.07820
1.08890
1.09960
1.11030
1.12100
1.13320
1.14540
1.15760
1.16980
1.18200
1.19420
1.20640
1.21860
1.23080
1.24300
1.25730
1.27160
1.28590
1.30020
1.31450
1.32880
1.34310
1.35740
1.37170
1.38600
1.40300
1.42000
1.43700
1.45400
1.47100
1.48800
1.50500
1.52200
1.53900
1.55600
1.57600
1.59600
1.61600
1.63600
1.65600
1.67600
1.69600
1.71600
1.73600
1.75600
1.77900
1.80200
1.82500
1.84800
1.87100
1.89400
1.91700
1.94000
1.96300
1.98600
1.98600
1.98600
1.98600
1.98600
1.98600
1.98600
1.98600
1.98600
1.98600
1.98600
1.98600
1.98600
1.98600
1.98600
1.98600
1.98600
1.98600
1.98600
1.98600
1.98600
1.98600
1.98600
1.98600
1.98600
1.98600
1.98600
1.98600
1.98600
1.98600
1.98600
1.98600
1.98600
1.98600
1.98600
1.98600
1.98600
1.98600
1.98600
1.98600
1.98600
1.98600
1.98600
1.98600
1.98600
1.98600
1.98600
1.98600
1.98600
1.98600
1.98600
1.98600
1.98600
1.98600
1.98600
1.98600
1.98600
1.98600
1.98600
1.98600
1.98600
1.98600
1.98600
1.98600
1.98600
1.98600
1.98600
1.98600
1.98600
1.98600
1.98600
1.98600
1.98600
1.98600
1.98600
1.98600
1.98600
1.98600
1.98600
1.98600
1.98600
1.98600
1.98600
1.98600
1.98600
1.98600
1.98600
1.98600
1.98600
1.98600
1.98600
1.98600
1.98600
1.98600
1.98600
1.98600
1.98600
1.98600
1.98600
1.98600
1.98600
1.98600
1.98600
1.98600
-0.51308
-0.51307
-0.51306
-0.51306
-0.51305
-0.51304
-0.51303
-0.51302
-0.51302
-0.51301
-0.51300
-0.51299
-0.51298
-0.51297
-0.51296
-0.51295
-0.51294
-0.51293
-0.51292
-0.51290
-0.51289
-0.51288
-0.51287
-0.51285
-0.51284
-0.51282
-0.51281
-0.51279
-0.51278
-0.51276
-0.51274
-0.51273
-0.51271
-0.51269
-0.51267
-0.51265
-0.51263
-0.51261
-0.51259
-0.51256
-0.51254
-0.51252
-0.51249
-0.51247
-0.51244
-0.51241
-0.51238
-0.51236
-0.51233
-0.51230
-0.51227
-0.51223
-0.51220
-0.51217
-0.51213
-0.51210
-0.51206
-0.51203
-0.51199
-0.51195
-0.51191
-0.51188
-0.51184
-0.51180
-0.51176
-0.51172
-0.51168
-0.51164
-0.51160
-0.51157
-0.51153
-0.51150
-0.51146
-0.51143
-0.51140
-0.51138
-0.51135
-0.51133
-0.51132
-0.51131
-0.51131
-0.51131
-0.51133
-0.51135
-0.51138
-0.51142
-0.51147
-0.51154
-0.51162
-0.51171
-0.51183
-0.51196
-0.51210
-0.51227
-0.51246
-0.51267
-0.51289
-0.51314
-0.51341
-0.51371
-0.51402
-0.51434
-0.51469
-0.51504
-0.51541
-0.51579
-0.51618
-0.51656
-0.51695
-0.51733
-0.51771
-0.51808
-0.51843
-0.51877
-0.51910
-0.51940
-0.51969
-0.51995
-0.52020
-0.52042
-0.52062
-0.52081
-0.52097
-0.52112
-0.52125
-0.52137
-0.52147
-0.52157
-0.52165
-0.52171
-0.52177
-0.52182
-0.52186
-0.52188
-0.52189
-0.52188
-0.52186
-0.52182
-0.52155
-0.52230
-0.52190
-0.52150
-0.52110
-0.52070
-0.52030
-0.51990
-0.51950
-0.51910
-0.51870
-0.51780
-0.51640
-0.51500
-0.51360
-0.51220
-0.51080
-0.50940
-0.50800
-0.50660
-0.50520
-0.50278
-0.49933
-0.49588
-0.49243
-0.48897
-0.48553
-0.48208
-0.47862
-0.47518
-0.47172
-0.46633
-0.45898
-0.45162
-0.44428
-0.43692
-0.42958
-0.42223
-0.41487
-0.40753
-0.40017
-0.38965
-0.37595
-0.36225
-0.34855
-0.33485
-0.32115
-0.30745
-0.29375
-0.28005
-0.26635
-0.24855
-0.22665
-0.20475
-0.18285
-0.16095
-0.13905
-0.11715
-0.09525
-0.07335
-0.05145
-0.02600
0.00300
0.03200
0.06100
0.09000
0.11900
0.14800
0.17700
0.20600
0.23500
0.26505
0.29615
0.32725
0.35835
0.38945
0.42055
0.45165
0.48275
0.51385
0.54495
0.57400
0.60100
0.62800
0.65500
0.68200
0.70900
0.73600
0.76300
0.79000
0.81700
0.84075
0.86125
0.88175
0.90225
0.92275
0.94325
0.96375
0.98425
1.00475
1.02525
1.04297
1.05792
1.07288
1.08782
1.10278
1.11772
1.13267
1.14763
1.16257
1.17753
1.19095
1.20285
1.21475
1.22665
1.23855
1.25045
1.26235
1.27425
1.28615
1.29805
1.30942
1.32027
1.33113
1.34197
1.35283
1.36367
1.37452
1.38538
1.39622
1.40708
1.41820
1.42960
1.44100
1.45240
1.46380
1.47520
1.48660
1.49800
1.50940
1.52080
1.53297
1.54592
1.55887
1.57182
1.58478
1.59772
1.61067
1.62362
1.63657
1.64953
1.66370
1.67910
1.69450
1.70990
1.72530
1.74070
1.75610
1.77150
1.78690
1.80230
1.81915
1.83745
1.85575
1.87405
1.89235
1.91065
1.92895
1.94725
1.96555
1.98385
2.00360
2.02480
2.04600
2.06720
2.08840
2.10960
2.13080
2.15200
2.17320
2.19440
2.19530
2.20500
2.20500
2.20500
2.20500
2.20500
2.20500
2.20500
2.20500
2.20500
2.20500
2.20500
2.20500
2.20500
2.20500
2.20500
2.20500
2.20500
2.20500
2.20500
2.20500
2.20500
2.20500
2.20500
2.20500
2.20500
2.20500
2.20500
2.20500
2.20500
2.20500
2.20500
2.20500
2.20500
2.20500
2.20500
2.20500
2.20500
2.20500
2.20500
2.20500
2.20500
2.20500
2.20500
2.20500
2.20500
2.20500
2.20500
2.20500
2.20500
2.20500
2.20500
2.20500
2.20500
2.20500
2.20500
2.20500
2.20500
2.20500
2.20500
2.20500
2.20500
2.20500
2.20500
2.20500
2.20500
2.20500
2.20500
2.20500
2.20500
2.20500
2.20500
2.20500
2.20500
2.20500
2.20500
2.20500
2.20500
2.20500
2.20500
2.20500
2.20500
2.20500
2.20500
2.20500
2.20500
2.20500
2.20500
2.20500
2.20500
2.20500
2.20500
2.20500
2.20500
2.20500
2.20500
2.20500
2.20500
2.20500
2.20500
2.20500
2.20500
-0.51304
-0.51303
-0.51302
-0.51302
-0.51301
-0.51300
-0.51299
-0.51298
-0.51297
-0.51296
-0.51295
-0.51294
-0.51293
-0.51292
-0.51291
-0.51290
-0.51289
-0.51287
-0.51286
-0.51285
-0.51283
-0.51282
-0.51280
-0.51279
-0.51277
-0.51276
-0.51274
-0.51272
-0.51270
-0.51269
-0.51267
-0.51265
-0.51263
-0.51261
-0.51258
-0.51256
-0.51254
-0.51251
-0.51249
-0.51246
-0.51244
-0.51241
-0.51238
-0.51235
-0.51232
-0.51229
-0.51226
-0.51223
-0.51219
-0.51216
-0.51212
-0.51208
-0.51205
-0.51201
-0.51196
-0.51192
-0.51188
-0.51183
-0.51179
-0.51174
-0.51169
-0.51164
-0.51158
-0.51153
-0.51147
-0.51141
-0.51135
-0.51129
-0.51123
-0.51116
-0.51109
-0.51102
-0.51095
-0.51087
-0.51080
-0.51072
-0.51064
-0.51055
-0.51047
-0.51038
-0.51029
-0.51019
-0.51010
-0.51000
-0.50990
-0.50979
-0.50969
-0.50958
-0.50947
-0.50935
-0.50924
-0.50912
-0.50899
-0.50887
-0.50874
-0.50862
-0.50849
-0.50836
-0.50822
-0.50809
-0.50796
-0.50782
-0.50769
-0.50755
-0.50742
-0.50729
-0.50717
-0.50704
-0.50693
-0.50681
-0.50671
-0.50661
-0.50652
-0.50645
-0.50638
-0.50633
-0.50630
-0.50628
-0.50629
-0.50631
-0.50636
-0.50644
-0.50654
-0.50667
-0.50684
-0.50703
-0.50726
-0.50752
-0.50782
-0.50815
-0.50851
-0.50890
-0.50931
-0.50975
-0.51021
-0.51068
-0.51115
-0.51163
-0.51210
-0.51256
-0.51300
-0.51320
-0.51340
-0.51360
-0.51380
-0.51400
-0.51420
-0.51440
-0.51460
-0.51480
-0.51500
-0.51410
-0.51320
-0.51230
-0.51140
-0.51050
-0.50960
-0.50870
-0.50780
-0.50690
-0.50600
-0.50290
-0.49980
-0.49670
-0.49360
-0.49050
-0.48740
-0.48430
-0.48120
-0.47810
-0.47500
-0.46800
-0.46100
-0.45400
-0.44700
-0.44000
-0.43300
-0.42600
-0.41900
-0.41200
-0.40500
-0.39110
-0.37720
-0.36330
-0.34940
-0.33550
-0.32160
-0.30770
-0.29380
-0.27990
-0.26600
-0.24280
-0.21960
-0.19640
-0.17320
-0.15000
-0.12680
-0.10360
-0.08040
-0.05720
-0.03400
-0.00170
0.03060
0.06290
0.09520
0.12750
0.15980
0.19210
0.22440
0.25670
0.28900
0.32620
0.36340
0.40060
0.43780
0.47500
0.51220
0.54940
0.58660
0.62380
0.66100
0.69550
0.73000
0.76450
0.79900
0.83350
0.86800
0.90250
0.93700
0.97150
1.00600
1.03260
1.05920
1.08580
1.11240
1.13900
1.16560
1.19220
1.21880
1.24540
1.27200
1.29070
1.30940
1.32810
1.34680
1.36550
1.38420
1.40290
1.42160
1.44030
1.45900
1.47250
1.48600
1.49950
1.51300
1.52650
1.54000
1.55350
1.56700
1.58050
1.59400
1.60500
1.61600
1.62700
1.63800
1.64900
1.66000
1.67100
1.68200
1.69300
1.70400
1.71460
1.72520
1.73580
1.74640
1.75700
1.76760
1.77820
1.78880
1.79940
1.81000
1.82160
1.83320
1.84480
1.85640
1.86800
1.87960
1.89120
1.90280
1.91440
1.92600
1.93980
1.95360
1.96740
1.98120
1.99500
2.00880
2.02260
2.03640
2.05020
2.06400
2.08060
2.09720
2.11380
2.13040
2.14700
2.16360
2.18020
2.19680
2.21340
2.23000
2.24940
2.26880
2.28820
2.30760
2.32700
2.34640
2.36580
2.38520
2.40460
2.42400
2.42400
2.42400
2.42400
2.42400
2.42400
2.42400
2.42400
2.42400
2.42400
2.42400
2.42400
2.42400
2.42400
2.42400
2.42400
2.42400
2.42400
2.42400
2.42400
2.42400
2.42400
2.42400
2.42400
2.42400
2.42400
2.42400
2.42400
2.42400
2.42400
2.42400
2.42400
2.42400
2.42400
2.42400
2.42400
2.42400
2.42400
2.42400
2.42400
2.42400
2.42400
2.42400
2.42400
2.42400
2.42400
2.42400
2.42400
2.42400
2.42400
2.42400
2.42400
2.42400
2.42400
2.42400
2.42400
2.42400
2.42400
2.42400
2.42400
2.42400
2.42400
2.42400
2.42400
2.42400
2.42400
2.42400
2.42400
2.42400
2.42400
2.42400
2.42400
2.42400
2.42400
2.42400
2.42400
2.42400
2.42400
2.42400
2.42400
2.42400
2.42400
2.42400
2.42400
2.42400
2.42400
2.42400
2.42400
2.42400
2.42400
2.42400
2.42400
2.42400
2.42400
2.42400
2.42400
2.42400
2.42400
2.42400
2.42400
2.42400
-0.51243
-0.51241
-0.51239
-0.51237
-0.51235
-0.51233
-0.51231
-0.51229
-0.51227
-0.51225
-0.51222
-0.51220
-0.51218
-0.51215
-0.51213
-0.51210
-0.51208
-0.51205
-0.51202
-0.51199
-0.51196
-0.51193
-0.51190
-0.51187
-0.51184
-0.51181
-0.51177
-0.51174
-0.51170
-0.51167
-0.51163
-0.51159
-0.51155
-0.51151
-0.51147
-0.51143
-0.51139
-0.51135
-0.51130
-0.51125
-0.51121
-0.51116
-0.51111
-0.51106
-0.51101
-0.51095
-0.51090
-0.51084
-0.51078
-0.51072
-0.51066
-0.51060
-0.51054
-0.51047
-0.51040
-0.51033
-0.51026
-0.51019
-0.51012
-0.51004
-0.50996
-0.50988
-0.50980
-0.50972
-0.50963
-0.50954
-0.50945
-0.50936
-0.50926
-0.50917
-0.50907
-0.50896
-0.50886
-0.50875
-0.50864
-0.50853
-0.50841
-0.50829
-0.50817
-0.50805
-0.50792
-0.50779
-0.50766
-0.50752
-0.50738
-0.50724
-0.50710
-0.50695
-0.50680
-0.50664
-0.50649
-0.50633
-0.50616
-0.50600
-0.50583
-0.50566
-0.50549
-0.50531
-0.50513
-0.50495
-0.50477
-0.50459
-0.50441
-0.50422
-0.50403
-0.50385
-0.50366
-0.50348
-0.50329
-0.50309
-0.50288
-0.50268
-0.50247
-0.50232
-0.50217
-0.50202
-0.50188
-0.50174
-0.50161
-0.50149
-0.50137
-0.50124
-0.50112
-0.50101
-0.50092
-0.50085
-0.50080
-0.50076
-0.50073
-0.50066
-0.50060
-0.50055
-0.50051
-0.50049
-0.50047
-0.50046
-0.50045
-0.50041
-0.50036
-0.50031
-0.50024
-0.50006
-0.49948
-0.49943
-0.49938
-0.49930
-0.49921
-0.49913
-0.49904
-0.49894
-0.49883
-0.49873
-0.49834
-0.49764
-0.49694
-0.49624
-0.49554
-0.49477
-0.49401
-0.49325
-0.49249
-0.49166
-0.49010
-0.48778
-0.48547
-0.48306
-0.48065
-0.47823
-0.47582
-0.47323
-0.47064
-0.46805
-0.46381
-0.45772
-0.45163
-0.44554
-0.43945
-0.43326
-0.42706
-0.42086
-0.41467
-0.40817
-0.39861
-0.38599
-0.37336
-0.36031
-0.34726
-0.33421
-0.32115
-0.30771
-0.29427
-0.28082
-0.26318
-0.24085
-0.21852
-0.19620
-0.17387
-0.15114
-0.12841
-0.10569
-0.08296
-0.05975
-0.03219
-0.00028
0.03164
0.06403
0.09641
0.12880
0.16119
0.19370
0.22621
0.25872
0.29399
0.33254
0.37109
0.40964
0.44819
0.48658
0.52497
0.56336
0.60176
0.64023
0.67860
0.71686
0.75512
0.79372
0.83233
0.87093
0.90953
0.94745
0.98537
1.02329
1.05863
1.09148
1.12433
1.15718
1.19003
1.22280
1.25556
1.28833
1.32110
1.35370
1.38275
1.40826
1.43376
1.45833
1.48289
1.50746
1.53203
1.55662
1.58122
1.60582
1.62735
1.64634
1.66532
1.68431
1.70329
1.72076
1.73822
1.75569
1.77315
1.79068
1.80625
1.81988
1.83351
1.84767
1.86183
1.87599
1.89015
1.90355
1.91696
1.93036
1.94296
1.95448
1.96600
1.97751
1.98903
2.00070
2.01237
2.02403
2.03570
2.04770
2.05972
2.07176
2.08380
2.09523
2.10665
2.11808
2.12950
2.14113
2.15275
2.16437
2.17669
2.18966
2.20262
2.21559
2.22856
2.24184
2.25511
2.26839
2.28167
2.29460
2.30858
2.32361
2.33863
2.35405
2.36946
2.38487
2.40028
2.41539
2.43051
2.44562
2.46187
2.47971
2.49755
2.51539
2.53322
2.55070
2.56817
2.58565
2.60312
2.62107
2.62381
2.63327
2.63542
2.63734
2.63926
2.64118
2.64310
2.64540
2.64770
2.65000
2.65230
2.65430
2.65631
2.65832
2.66032
2.66273
2.66513
2.66753
2.66993
2.67228
2.67462
2.67697
2.67932
2.68196
2.68460
2.68723
2.68987
2.69227
2.69466
2.69705
2.69945
2.70214
2.70483
2.70752
2.71020
2.71290
2.71559
2.71828
2.72097
2.72396
2.72695
2.72995
2.73294
2.73561
2.73828
2.74095
2.74362
2.74660
2.74959
2.75257
2.75556
2.75768
2.75981
2.76193
2.76406
2.76610
2.76813
2.77017
2.77221
2.77186
2.77151
2.77115
2.77080
2.77013
2.76947
2.76880
2.76813
2.76787
2.76760
2.76733
2.76706
2.76801
2.76896
2.76991
2.77086
2.77553
2.78021
2.78489
2.78956
2.79932
2.80907
2.81882
2.82857
2.85064
2.87271
2.89478
2.91684
2.94685
2.97685
3.00686
3.03686
3.04606
3.05526
3.06446
3.07366
3.05655
3.03945
3.02235
3.00524
-0.51172
-0.51169
-0.51165
-0.51162
-0.51159
-0.51155
-0.51152
-0.51148
-0.51145
-0.51141
-0.51137
-0.51134
-0.51130
-0.51126
-0.51122
-0.51117
-0.51113
-0.51109
-0.51104
-0.51100
-0.51095
-0.51090
-0.51086
-0.51081
-0.51076
-0.51070
-0.51065
-0.51060
-0.51054
-0.51049
-0.51043
-0.51037
-0.51031
-0.51025
-0.51019
-0.51012
-0.51006
-0.50999
-0.50992
-0.50985
-0.50978
-0.50971
-0.50963
-0.50956
-0.50948
-0.50940
-0.50932
-0.50924
-0.50915
-0.50906
-0.50898
-0.50889
-0.50879
-0.50870
-0.50860
-0.50850
-0.50840
-0.50830
-0.50819
-0.50808
-0.50797
-0.50786
-0.50774
-0.50763
-0.50750
-0.50738
-0.50726
-0.50713
-0.50699
-0.50686
-0.50672
-0.50658
-0.50644
-0.50629
-0.50614
-0.50598
-0.50583
-0.50567
-0.50550
-0.50533
-0.50516
-0.50499
-0.50481
-0.50463
-0.50444
-0.50425
-0.50405
-0.50385
-0.50365
-0.50344
-0.50323
-0.50302
-0.50280
-0.50257
-0.50234
-0.50211
-0.50187
-0.50163
-0.50138
-0.50113
-0.50087
-0.50061
-0.50034
-0.50007
-0.49979
-0.49951
-0.49922
-0.49893
-0.49863
-0.49832
-0.49799
-0.49766
-0.49732
-0.49707
-0.49682
-0.49656
-0.49629
-0.49600
-0.49570
-0.49539
-0.49508
-0.49476
-0.49443
-0.49410
-0.49375
-0.49343
-0.49310
-0.49276
-0.49242
-0.49203
-0.49163
-0.49123
-0.49082
-0.49042
-0.49002
-0.48961
-0.48920
-0.48876
-0.48831
-0.48787
-0.48743
-0.48697
-0.48651
-0.48605
-0.48582
-0.48555
-0.48528
-0.48501
-0.48474
-0.48445
-0.48415
-0.48386
-0.48356
-0.48323
-0.48274
-0.48226
-0.48178
-0.48122
-0.48066
-0.48011
-0.47955
-0.47891
-0.47827
-0.47763
-0.47609
-0.47440
-0.47271
-0.47102
-0.46933
-0.46742
-0.46550
-0.46358
-0.46166
-0.45942
-0.45448
-0.44955
-0.44461
-0.43934
-0.43407
-0.42880
-0.42353
-0.41774
-0.41194
-0.40615
-0.39502
-0.38311
-0.37120
-0.35928
-0.34737
-0.33469
-0.32201
-0.30933
-0.29665
-0.28294
-0.26180
-0.24067
-0.21953
-0.19747
-0.17541
-0.15335
-0.13128
-0.10812
-0.08496
-0.06181
-0.03055
0.00175
0.03405
0.06634
0.09864
0.13172
0.16481
0.19789
0.23098
0.26503
0.30485
0.34468
0.38450
0.42473
0.46495
0.50517
0.54539
0.58598
0.62657
0.66717
0.70941
0.75206
0.79471
0.83736
0.88001
0.92218
0.96435
1.00651
1.04868
1.09113
1.13066
1.17019
1.20971
1.24849
1.28726
1.32604
1.36481
1.40352
1.44222
1.48092
1.51340
1.54397
1.57454
1.60510
1.63567
1.66597
1.69626
1.72656
1.75685
1.78818
1.81291
1.83763
1.86236
1.88328
1.90419
1.92510
1.94602
1.96737
1.98873
2.01009
2.02665
2.04439
2.06212
2.07986
2.09759
2.11275
2.12791
2.14307
2.15823
2.17293
2.18516
2.19739
2.20962
2.22259
2.23556
2.24853
2.26150
2.27505
2.28859
2.30213
2.31500
2.32566
2.33631
2.34697
2.35762
2.36886
2.38009
2.39133
2.40257
2.41429
2.42676
2.43924
2.45171
2.46467
2.47762
2.49058
2.50353
2.51500
2.52647
2.53794
2.55091
2.56459
2.57827
2.59195
2.60564
2.61962
2.63360
2.64758
2.66156
2.67637
2.69297
2.70958
2.72619
2.74125
2.75631
2.77137
2.78643
2.80233
2.81822
2.83412
2.83749
2.84127
2.84505
2.84883
2.85261
2.85730
2.86199
2.86668
2.87137
2.87469
2.87801
2.88133
2.88465
2.88859
2.89252
2.89645
2.90039
2.90496
2.90953
2.91409
2.91866
2.92418
2.92970
2.93521
2.94073
2.94500
2.94926
2.95353
2.95780
2.96239
2.96697
2.97156
2.97615
2.98150
2.98686
2.99221
2.99757
3.00393
3.01029
3.01666
3.02302
3.02791
3.03280
3.03768
3.04257
3.04783
3.05308
3.05834
3.06359
3.06904
3.07449
3.07994
3.08539
3.09146
3.09752
3.10359
3.10965
3.10903
3.10840
3.10778
3.10716
3.10601
3.10487
3.10373
3.10259
3.10113
3.09968
3.09822
3.09677
3.09679
3.09681
3.09683
3.09686
3.10592
3.11498
3.12404
3.13310
3.15335
3.17361
3.19386
3.21411
3.25855
3.30299
3.34743
3.39187
3.44698
3.50209
3.55721
3.61232
3.62623
3.64013
3.65403
3.66793
3.63478
3.60162
3.56847
3.53531
-0.51005
-0.51005
-0.51005
-0.51005
-0.51004
-0.51004
-0.51003
-0.51002
-0.51000
-0.50999
-0.50997
-0.50995
-0.50992
-0.50990
-0.50987
-0.50983
-0.50980
-0.50976
-0.50972
-0.50967
-0.50963
-0.50957
-0.50952
-0.50947
-0.50941
-0.50935
-0.50928
-0.50922
-0.50915
-0.50908
-0.50901
-0.50893
-0.50886
-0.50878
-0.50870
-0.50861
-0.50853
-0.50844
-0.50835
-0.50826
-0.50817
-0.50807
-0.50797
-0.50787
-0.50777
-0.50766
-0.50756
-0.50745
-0.50734
-0.50722
-0.50711
-0.50699
-0.50687
-0.50674
-0.50661
-0.50649
-0.50635
-0.50622
-0.50608
-0.50594
-0.50580
-0.50565
-0.50550
-0.50535
-0.50520
-0.50504
-0.50488
-0.50471
-0.50454
-0.50437
-0.50419
-0.50401
-0.50383
-0.50365
-0.50345
-0.50326
-0.50306
-0.50286
-0.50265
-0.50244
-0.50223
-0.50201
-0.50178
-0.50155
-0.50132
-0.50108
-0.50084
-0.50059
-0.50033
-0.50008
-0.49981
-0.49954
-0.49927
-0.49898
-0.49870
-0.49840
-0.49811
-0.49780
-0.49749
-0.49717
-0.49685
-0.49651
-0.49618
-0.49583
-0.49548
-0.49512
-0.49475
-0.49438
-0.49400
-0.49361
-0.49321
-0.49280
-0.49239
-0.49210
-0.49181
-0.49151
-0.49120
-0.49082
-0.49044
-0.49004
-0.48965
-0.48925
-0.48885
-0.48844
-0.48802
-0.48760
-0.48717
-0.48673
-0.48629
-0.48583
-0.48535
-0.48487
-0.48439
-0.48389
-0.48339
-0.48288
-0.48236
-0.48184
-0.48131
-0.48077
-0.48022
-0.47967
-0.47911
-0.47854
-0.47807
-0.47728
-0.47688
-0.47648
-0.47608
-0.47565
-0.47522
-0.47480
-0.47437
-0.47391
-0.47344
-0.47289
-0.47224
-0.47149
-0.47074
-0.46999
-0.46925
-0.46843
-0.46762
-0.46680
-0.46598
-0.46472
-0.46309
-0.46147
-0.45984
-0.45797
-0.45609
-0.45422
-0.45235
-0.45011
-0.44786
-0.44465
-0.44047
-0.43574
-0.43100
-0.42627
-0.42153
-0.41611
-0.41069
-0.40527
-0.39984
-0.39138
-0.38093
-0.37048
-0.36004
-0.34849
-0.33695
-0.32540
-0.31386
-0.30079
-0.28771
-0.27169
-0.25271
-0.23227
-0.21183
-0.19139
-0.17096
-0.14881
-0.12666
-0.10451
-0.08236
-0.05517
-0.02455
0.00608
0.03670
0.06897
0.10123
0.13350
0.16576
0.19938
0.23301
0.26932
0.30832
0.34857
0.38882
0.42906
0.46931
0.51034
0.55137
0.59239
0.63342
0.67603
0.71977
0.76351
0.80724
0.85116
0.89508
0.93900
0.98292
1.02738
1.07185
1.11575
1.15909
1.20107
1.24305
1.28503
1.32700
1.36917
1.41133
1.45349
1.49566
1.53329
1.56894
1.60459
1.64024
1.67532
1.71039
1.74546
1.78053
1.81697
1.85341
1.88732
1.91869
1.94430
1.96990
1.99551
2.02111
2.04757
2.07402
2.10047
2.12692
2.15238
2.17540
2.19843
2.22145
2.24014
2.25884
2.27754
2.29623
2.31429
2.33235
2.34882
2.36373
2.37954
2.39536
2.41118
2.42699
2.44368
2.46037
2.47705
2.49374
2.50572
2.51700
2.52827
2.53955
2.55142
2.56330
2.57517
2.58705
2.60023
2.61341
2.62655
2.63967
2.65332
2.66697
2.68062
2.69428
2.70484
2.71540
2.72596
2.73652
2.74859
2.76111
2.77362
2.78614
2.79991
2.81369
2.82746
2.84123
2.85589
2.87055
2.88581
2.90165
2.91462
2.92759
2.94055
2.95352
2.96765
2.98178
2.99591
3.01004
3.01595
3.02624
3.03187
3.03750
3.04432
3.05113
3.05794
3.06475
3.06905
3.07335
3.07765
3.08195
3.08707
3.09219
3.09731
3.10243
3.10915
3.11587
3.12258
3.12930
3.13741
3.14552
3.15363
3.16174
3.16756
3.17337
3.17919
3.18501
3.19121
3.19741
3.20362
3.20982
3.21784
3.22586
3.23389
3.24191
3.25136
3.26082
3.27027
3.27972
3.28660
3.29347
3.30034
3.30721
3.31459
3.32196
3.32934
3.33671
3.34598
3.35524
3.36450
3.37377
3.38408
3.39440
3.40471
3.41502
3.41508
3.41513
3.41518
3.41524
3.41486
3.41448
3.41410
3.41372
3.41123
3.40874
3.40626
3.40377
3.40247
3.40117
3.39987
3.39857
3.41174
3.42492
3.43810
3.45127
3.48254
3.51380
3.54507
3.57633
3.64163
3.70693
3.77223
3.83753
3.91193
3.98634
4.06074
4.13515
4.15019
4.16523
4.18027
4.19531
4.14710
4.09889
4.05067
4.00246
-0.50641
-0.50655
-0.50669
-0.50683
-0.50697
-0.50710
-0.50722
-0.50734
-0.50745
-0.50755
-0.50765
-0.50773
-0.50780
-0.50787
-0.50793
-0.50797
-0.50801
-0.50804
-0.50806
-0.50807
-0.50807
-0.50806
-0.50805
-0.50803
-0.50800
-0.50796
-0.50792
-0.50788
-0.50782
-0.50777
-0.50771
-0.50764
-0.50757
-0.50749
-0.50742
-0.50733
-0.50725
-0.50716
-0.50706
-0.50697
-0.50687
-0.50677
-0.50666
-0.50656
-0.50644
-0.50633
-0.50621
-0.50610
-0.50597
-0.50585
-0.50572
-0.50559
-0.50546
-0.50532
-0.50518
-0.50504
-0.50490
-0.50475
-0.50460
-0.50445
-0.50429
-0.50413
-0.50397
-0.50380
-0.50363
-0.50346
-0.50328
-0.50310
-0.50292
-0.50274
-0.50255
-0.50235
-0.50216
-0.50196
-0.50175
-0.50154
-0.50133
-0.50111
-0.50089
-0.50067
-0.50044
-0.50020
-0.49997
-0.49972
-0.49948
-0.49922
-0.49897
-0.49871
-0.49844
-0.49817
-0.49789
-0.49761
-0.49732
-0.49702
-0.49673
-0.49642
-0.49611
-0.49579
-0.49547
-0.49514
-0.49480
-0.49446
-0.49411
-0.49376
-0.49340
-0.49303
-0.49265
-0.49227
-0.49188
-0.49148
-0.49107
-0.49066
-0.49024
-0.48997
-0.48970
-0.48942
-0.48914
-0.48870
-0.48825
-0.48780
-0.48734
-0.48686
-0.48638
-0.48589
-0.48540
-0.48487
-0.48434
-0.48380
-0.48325
-0.48266
-0.48206
-0.48146
-0.48084
-0.48019
-0.47952
-0.47885
-0.47816
-0.47747
-0.47677
-0.47606
-0.47534
-0.47461
-0.47388
-0.47314
-0.47239
-0.47156
-0.47071
-0.47007
-0.46942
-0.46874
-0.46806
-0.46738
-0.46670
-0.46599
-0.46528
-0.46458
-0.46387
-0.46275
-0.46163
-0.46051
-0.45939
-0.45824
-0.45709
-0.45594
-0.45478
-0.45378
-0.45277
-0.45121
-0.44965
-0.44772
-0.44578
-0.44385
-0.44191
-0.43952
-0.43713
-0.43474
-0.43235
-0.42805
-0.42375
-0.41946
-0.41516
-0.41008
-0.40500
-0.39991
-0.39483
-0.38857
-0.38230
-0.37324
-0.36417
-0.35378
-0.34338
-0.33298
-0.32259
-0.31038
-0.29818
-0.28598
-0.27378
-0.25527
-0.23676
-0.21825
-0.19974
-0.17912
-0.15850
-0.13788
-0.11726
-0.09461
-0.07197
-0.04372
-0.01547
0.01490
0.04528
0.07566
0.10604
0.13817
0.17031
0.20245
0.23459
0.27324
0.31190
0.35056
0.38921
0.42906
0.46891
0.50877
0.54862
0.58938
0.63014
0.67340
0.71666
0.76058
0.80450
0.84842
0.89235
0.93710
0.98186
1.02662
1.07137
1.11538
1.15938
1.20339
1.24739
1.29181
1.33622
1.38063
1.42504
1.46718
1.50931
1.54925
1.58919
1.62874
1.66829
1.70784
1.74740
1.78818
1.82897
1.86976
1.91054
1.94195
1.97336
2.00476
2.03617
2.06836
2.10055
2.13274
2.16493
2.19767
2.23041
2.25855
2.28669
2.31061
2.33453
2.35845
2.38236
2.40533
2.42830
2.45128
2.47425
2.49316
2.51208
2.53099
2.54990
2.57027
2.59063
2.61099
2.63135
2.64693
2.66251
2.67629
2.69008
2.70325
2.71642
2.72960
2.74277
2.75784
2.77290
2.78797
2.80303
2.81801
2.83299
2.84798
2.86296
2.87327
2.88359
2.89390
2.90422
2.91601
2.92780
2.94004
2.95228
2.96629
2.98029
2.99430
3.00830
3.02253
3.03675
3.05098
3.06521
3.07683
3.08846
3.10008
3.11171
3.12488
3.13806
3.15124
3.16441
3.17943
3.19445
3.20202
3.20959
3.21770
3.22580
3.23390
3.24201
3.24749
3.25298
3.25847
3.26396
3.27072
3.27749
3.28426
3.29103
3.29990
3.30878
3.31765
3.32653
3.33614
3.34575
3.35536
3.36497
3.37231
3.37965
3.38699
3.39433
3.40265
3.41098
3.41931
3.42764
3.43838
3.44913
3.45988
3.47063
3.48186
3.49309
3.50432
3.51556
3.52453
3.53350
3.54247
3.55145
3.56165
3.57186
3.58206
3.59226
3.60473
3.61720
3.62967
3.64214
3.65420
3.66626
3.67832
3.69038
3.69340
3.69642
3.69944
3.70246
3.70571
3.70895
3.71220
3.71545
3.71373
3.71201
3.71029
3.70857
3.70785
3.70713
3.70640
3.70568
3.72274
3.73979
3.75685
3.77391
3.81634
3.85877
3.90119
3.94362
4.02546
4.10729
4.18913
4.27096
4.35741
4.44387
4.53032
4.61677
4.63083
4.64488
4.65893
4.67298
4.61061
4.54823
4.48586
4.42348
-0.49974
-0.50024
-0.50073
-0.50121
-0.50168
-0.50213
-0.50256
-0.50297
-0.50336
-0.50372
-0.50406
-0.50438
-0.50467
-0.50493
-0.50517
-0.50539
-0.50559
-0.50576
-0.50591
-0.50604
-0.50615
-0.50624
-0.50632
-0.50638
-0.50642
-0.50646
-0.50647
-0.50648
-0.50648
-0.50646
-0.50644
-0.50640
-0.50636
-0.50631
-0.50626
-0.50619
-0.50613
-0.50605
-0.50597
-0.50589
-0.50580
-0.50571
-0.50561
-0.50551
-0.50540
-0.50529
-0.50518
-0.50506
-0.50495
-0.50482
-0.50470
-0.50457
-0.50444
-0.50430
-0.50417
-0.50402
-0.50388
-0.50373
-0.50359
-0.50343
-0.50328
-0.50312
-0.50296
-0.50279
-0.50263
-0.50246
-0.50228
-0.50211
-0.50193
-0.50174
-0.50156
-0.50137
-0.50117
-0.50098
-0.50078
-0.50057
-0.50037
-0.50015
-0.49994
-0.49972
-0.49950
-0.49927
-0.49904
-0.49881
-0.49857
-0.49832
-0.49808
-0.49783
-0.49757
-0.49731
-0.49704
-0.49677
-0.49650
-0.49622
-0.49593
-0.49564
-0.49535
-0.49505
-0.49474
-0.49443
-0.49412
-0.49379
-0.49347
-0.49313
-0.49279
-0.49245
-0.49209
-0.49174
-0.49137
-0.49100
-0.49062
-0.49024
-0.48985
-0.48963
-0.48942
-0.48920
-0.48897
-0.48847
-0.48796
-0.48744
-0.48693
-0.48637
-0.48580
-0.48524
-0.48466
-0.48401
-0.48336
-0.48270
-0.48204
-0.48131
-0.48056
-0.47982
-0.47906
-0.47822
-0.47736
-0.47650
-0.47564
-0.47476
-0.47388
-0.47299
-0.47210
-0.47122
-0.47033
-0.46943
-0.46852
-0.46749
-0.46645
-0.46548
-0.46435
-0.46333
-0.46232
-0.46131
-0.46029
-0.45928
-0.45827
-0.45725
-0.45624
-0.45485
-0.45340
-0.45190
-0.45040
-0.44893
-0.44747
-0.44600
-0.44453
-0.44358
-0.44263
-0.44167
-0.44054
-0.43870
-0.43686
-0.43501
-0.43317
-0.43081
-0.42845
-0.42609
-0.42372
-0.42077
-0.41732
-0.41339
-0.40946
-0.40471
-0.39997
-0.39522
-0.39047
-0.38453
-0.37859
-0.37265
-0.36569
-0.35622
-0.34675
-0.33728
-0.32781
-0.31637
-0.30494
-0.29350
-0.28207
-0.26854
-0.25342
-0.23669
-0.21996
-0.20081
-0.18165
-0.16250
-0.14335
-0.12180
-0.10024
-0.07869
-0.05520
-0.02717
0.00086
0.02889
0.05692
0.08708
0.11724
0.14741
0.17757
0.21007
0.24432
0.28033
0.31633
0.35403
0.39173
0.42943
0.46713
0.50633
0.54554
0.58474
0.62507
0.66787
0.71068
0.75348
0.79629
0.84027
0.88425
0.92824
0.97222
1.01622
1.06045
1.10491
1.14937
1.19455
1.23972
1.28489
1.33006
1.37379
1.41752
1.46125
1.50457
1.54749
1.59042
1.63334
1.67627
1.72000
1.76373
1.80746
1.85118
1.89034
1.92849
1.96565
2.00282
2.04052
2.07823
2.11594
2.15365
2.19033
2.22701
2.26369
2.29877
2.32889
2.35901
2.38913
2.41925
2.44808
2.47690
2.50572
2.53455
2.56020
2.58436
2.60703
2.62970
2.65454
2.67938
2.70422
2.72907
2.74863
2.76819
2.78776
2.80633
2.82141
2.83649
2.85157
2.86665
2.88429
2.90192
2.91955
2.93718
2.95521
2.97279
2.98990
3.00702
3.01761
3.02821
3.03881
3.04941
3.06194
3.07448
3.08702
3.09954
3.11436
3.12917
3.14399
3.15881
3.17270
3.18660
3.20049
3.21438
3.22482
3.23547
3.24632
3.25717
3.26997
3.28276
3.29556
3.30835
3.32346
3.33856
3.35367
3.36322
3.37490
3.38380
3.39271
3.40162
3.40817
3.41472
3.42127
3.42782
3.43621
3.44460
3.45299
3.46138
3.47237
3.48336
3.49435
3.50534
3.51585
3.52637
3.53688
3.54739
3.55604
3.56469
3.57334
3.58199
3.59247
3.60295
3.61343
3.62391
3.63741
3.65091
3.66441
3.67791
3.69023
3.70256
3.71488
3.72721
3.73819
3.74916
3.76014
3.77112
3.78433
3.79755
3.81077
3.82399
3.83973
3.85546
3.87120
3.88693
3.89989
3.91285
3.92581
3.93877
3.94623
3.95369
3.96115
3.96861
3.97736
3.98610
3.99485
4.00360
4.00345
4.00330
4.00315
4.00300
4.00336
4.00372
4.00408
4.00444
4.02513
4.04581
4.06649
4.08717
4.14113
4.19510
4.24906
4.30303
4.39878
4.49453
4.59029
4.68604
4.77817
4.87029
4.96241
5.05454
5.06460
5.07467
5.08473
5.09480
5.01921
4.94363
4.86804
4.79245
-0.49297
-0.49380
-0.49462
-0.49543
-0.49621
-0.49697
-0.49771
-0.49841
-0.49907
-0.49970
-0.50030
-0.50085
-0.50137
-0.50185
-0.50229
-0.50269
-0.50305
-0.50338
-0.50368
-0.50394
-0.50417
-0.50438
-0.50455
-0.50471
-0.50483
-0.50494
-0.50503
-0.50509
-0.50514
-0.50518
-0.50520
-0.50521
-0.50520
-0.50519
-0.50516
-0.50513
-0.50508
-0.50503
-0.50497
-0.50491
-0.50483
-0.50476
-0.50467
-0.50459
-0.50449
-0.50440
-0.50430
-0.50419
-0.50408
-0.50397
-0.50385
-0.50373
-0.50361
-0.50349
-0.50336
-0.50323
-0.50309
-0.50296
-0.50282
-0.50267
-0.50253
-0.50238
-0.50223
-0.50208
-0.50192
-0.50176
-0.50160
-0.50144
-0.50127
-0.50110
-0.50093
-0.50075
-0.50058
-0.50040
-0.50021
-0.50003
-0.49984
-0.49964
-0.49945
-0.49925
-0.49905
-0.49884
-0.49863
-0.49842
-0.49821
-0.49799
-0.49777
-0.49754
-0.49731
-0.49708
-0.49684
-0.49660
-0.49636
-0.49611
-0.49586
-0.49560
-0.49534
-0.49508
-0.49481
-0.49454
-0.49426
-0.49398
-0.49369
-0.49340
-0.49311
-0.49281
-0.49251
-0.49220
-0.49188
-0.49156
-0.49124
-0.49091
-0.49057
-0.49043
-0.49029
-0.49014
-0.48999
-0.48942
-0.48883
-0.48825
-0.48766
-0.48700
-0.48633
-0.48566
-0.48498
-0.48418
-0.48337
-0.48256
-0.48175
-0.48083
-0.47990
-0.47897
-0.47803
-0.47694
-0.47584
-0.47474
-0.47363
-0.47252
-0.47141
-0.47029
-0.46916
-0.46807
-0.46697
-0.46587
-0.46477
-0.46347
-0.46217
-0.46087
-0.45956
-0.45818
-0.45682
-0.45545
-0.45409
-0.45277
-0.45145
-0.45012
-0.44880
-0.44690
-0.44499
-0.44309
-0.44114
-0.43932
-0.43749
-0.43567
-0.43385
-0.43304
-0.43224
-0.43143
-0.43063
-0.42911
-0.42739
-0.42566
-0.42394
-0.42166
-0.41938
-0.41710
-0.41481
-0.41202
-0.40922
-0.40642
-0.40297
-0.39874
-0.39451
-0.39028
-0.38605
-0.38072
-0.37540
-0.37007
-0.36475
-0.35782
-0.34958
-0.34135
-0.33312
-0.32287
-0.31263
-0.30239
-0.29214
-0.27960
-0.26706
-0.25452
-0.23995
-0.22274
-0.20552
-0.18830
-0.17109
-0.15115
-0.13121
-0.11128
-0.09134
-0.06838
-0.04304
-0.01769
0.00765
0.03547
0.06330
0.09112
0.11895
0.14973
0.18051
0.21129
0.24437
0.27972
0.31507
0.35042
0.38577
0.42337
0.46097
0.49857
0.53616
0.57601
0.61761
0.65921
0.70081
0.74398
0.78716
0.83033
0.87351
0.91806
0.96262
1.00718
1.05228
1.09848
1.14467
1.19087
1.23706
1.28320
1.32935
1.37549
1.42163
1.46836
1.51510
1.56185
1.60860
1.65543
1.70226
1.74910
1.79593
1.84029
1.88465
1.92901
1.97257
2.01626
2.05996
2.10365
2.14734
2.18774
2.22815
2.26855
2.30895
2.34764
2.38436
2.42107
2.45779
2.49281
2.52783
2.56284
2.59786
2.62626
2.65465
2.68304
2.70916
2.73832
2.76748
2.79663
2.82579
2.84945
2.87311
2.89677
2.92043
2.93897
2.95578
2.97259
2.98940
3.00950
3.02959
3.04969
3.06979
3.09008
3.11036
3.13065
3.15002
3.16074
3.17146
3.18218
3.19290
3.20606
3.21923
3.23239
3.24555
3.26163
3.27744
3.29325
3.30906
3.32231
3.33556
3.34882
3.36207
3.37199
3.38191
3.39183
3.40194
3.41440
3.42685
3.43930
3.45175
3.46699
3.48222
3.49746
3.51270
3.52561
3.53483
3.54405
3.55327
3.56076
3.56826
3.57575
3.58324
3.59323
3.60321
3.61319
3.62317
3.63623
3.64929
3.66235
3.67541
3.68623
3.69705
3.70787
3.71868
3.72843
3.73819
3.74794
3.75769
3.77035
3.78301
3.79567
3.80833
3.82461
3.84089
3.85716
3.87344
3.88617
3.89890
3.91163
3.92437
3.93725
3.95014
3.96302
3.97591
3.99233
4.00875
4.02517
4.04159
4.06065
4.07971
4.09877
4.11782
4.13084
4.14385
4.15686
4.16987
4.18325
4.19662
4.21000
4.22337
4.23950
4.25562
4.27174
4.28787
4.29009
4.29231
4.29453
4.29675
4.29870
4.30065
4.30260
4.30455
4.32860
4.35264
4.37669
4.40074
4.46661
4.53248
4.59836
4.66423
4.77129
4.87834
4.98540
5.09246
5.18388
5.27530
5.36671
5.45813
5.46121
5.46429
5.46736
5.47044
5.38260
5.29475
5.20691
5.11906
-0.48503
-0.48579
-0.48654
-0.48729
-0.48803
-0.48874
-0.48944
-0.49012
-0.49077
-0.49138
-0.49197
-0.49253
-0.49305
-0.49353
-0.49399
-0.49441
-0.49479
-0.49515
-0.49547
-0.49577
-0.49604
-0.49628
-0.49650
-0.49670
-0.49688
-0.49705
-0.49719
-0.49732
-0.49744
-0.49754
-0.49764
-0.49772
-0.49779
-0.49786
-0.49791
-0.49796
-0.49800
-0.49804
-0.49807
-0.49809
-0.49811
-0.49812
-0.49813
-0.49814
-0.49814
-0.49814
-0.49814
-0.49813
-0.49813
-0.49812
-0.49811
-0.49811
-0.49810
-0.49809
-0.49809
-0.49809
-0.49809
-0.49809
-0.49810
-0.49811
-0.49811
-0.49812
-0.49814
-0.49815
-0.49816
-0.49817
-0.49818
-0.49818
-0.49819
-0.49818
-0.49818
-0.49816
-0.49814
-0.49811
-0.49808
-0.49803
-0.49798
-0.49791
-0.49784
-0.49776
-0.49767
-0.49757
-0.49746
-0.49734
-0.49721
-0.49707
-0.49693
-0.49677
-0.49661
-0.49644
-0.49627
-0.49609
-0.49590
-0.49570
-0.49550
-0.49530
-0.49508
-0.49486
-0.49464
-0.49441
-0.49418
-0.49394
-0.49370
-0.49345
-0.49320
-0.49294
-0.49268
-0.49241
-0.49214
-0.49187
-0.49159
-0.49130
-0.49101
-0.49090
-0.49079
-0.49068
-0.49056
-0.49002
-0.48948
-0.48894
-0.48840
-0.48775
-0.48709
-0.48643
-0.48577
-0.48496
-0.48416
-0.48335
-0.48253
-0.48160
-0.48067
-0.47974
-0.47880
-0.47768
-0.47656
-0.47544
-0.47432
-0.47316
-0.47201
-0.47085
-0.46969
-0.46855
-0.46742
-0.46628
-0.46514
-0.46379
-0.46244
-0.46108
-0.45972
-0.45826
-0.45680
-0.45532
-0.45383
-0.45236
-0.45089
-0.44942
-0.44795
-0.44582
-0.44368
-0.44155
-0.43942
-0.43738
-0.43532
-0.43326
-0.43120
-0.43025
-0.42929
-0.42834
-0.42738
-0.42565
-0.42392
-0.42214
-0.42031
-0.41790
-0.41550
-0.41309
-0.41068
-0.40779
-0.40489
-0.40200
-0.39910
-0.39532
-0.39140
-0.38747
-0.38355
-0.37856
-0.37357
-0.36858
-0.36358
-0.35702
-0.35046
-0.34359
-0.33642
-0.32717
-0.31793
-0.30868
-0.29943
-0.28781
-0.27619
-0.26457
-0.25295
-0.23805
-0.22266
-0.20727
-0.19188
-0.17335
-0.15481
-0.13627
-0.11774
-0.09608
-0.07443
-0.05216
-0.02929
-0.00381
0.02167
0.04715
0.07262
0.10182
0.13102
0.16021
0.18941
0.22207
0.25531
0.28855
0.32179
0.35793
0.39408
0.43022
0.46637
0.50542
0.54447
0.58393
0.62379
0.66578
0.70777
0.74977
0.79176
0.83605
0.88034
0.92464
0.96893
1.01479
1.06070
1.10661
1.15252
1.19930
1.24607
1.29285
1.33962
1.38750
1.43537
1.48342
1.53165
1.57959
1.62754
1.67549
1.72343
1.77062
1.81781
1.86501
1.91220
1.95922
2.00618
2.05314
2.10010
2.14305
2.18600
2.22895
2.27190
2.31425
2.35660
2.39857
2.44015
2.47991
2.51968
2.55944
2.59920
2.63102
2.66284
2.69466
2.72647
2.76084
2.79467
2.82850
2.86233
2.89031
2.91829
2.94628
2.97426
2.99624
3.01821
3.03969
3.06067
3.08464
3.10862
3.13260
3.15657
3.17900
3.20142
3.22385
3.24627
3.26029
3.27398
3.28767
3.30135
3.31671
3.33207
3.34744
3.36280
3.37966
3.39653
3.41327
3.42988
3.44402
3.45817
3.47232
3.48646
3.49803
3.50959
3.52116
3.53272
3.54462
3.55653
3.56844
3.58035
3.59546
3.61057
3.62568
3.64079
3.65356
3.66632
3.67714
3.68898
3.69811
3.70723
3.71636
3.72548
3.73654
3.74760
3.75865
3.76971
3.78425
3.79878
3.81332
3.82786
3.84008
3.85231
3.86453
3.87676
3.88759
3.89842
3.90925
3.92008
3.93411
3.94813
3.96216
3.97619
3.99436
4.01254
4.03071
4.04889
4.06330
4.07772
4.09213
4.10655
4.12116
4.13577
4.15039
4.16500
4.18418
4.20335
4.22253
4.24171
4.26409
4.28647
4.30886
4.33124
4.34642
4.36159
4.37677
4.39195
4.41084
4.42973
4.44862
4.46752
4.49012
4.51272
4.53532
4.55792
4.56365
4.56938
4.57510
4.58083
4.58532
4.58982
4.59431
4.59881
4.62789
4.65696
4.68604
4.71512
4.78902
4.86292
4.93682
5.01073
5.12151
5.23229
5.34307
5.45385
5.54543
5.63702
5.72860
5.82019
5.81498
5.80976
5.80455
5.79933
5.70080
5.60227
5.50373
5.40520
-0.47909
-0.47957
-0.48004
-0.48051
-0.48097
-0.48142
-0.48186
-0.48229
-0.48269
-0.48307
-0.48344
-0.48378
-0.48409
-0.48439
-0.48465
-0.48490
-0.48512
-0.48532
-0.48549
-0.48565
-0.48579
-0.48590
-0.48600
-0.48609
-0.48616
-0.48621
-0.48626
-0.48629
-0.48631
-0.48633
-0.48634
-0.48634
-0.48634
-0.48633
-0.48632
-0.48631
-0.48630
-0.48629
-0.48628
-0.48628
-0.48628
-0.48628
-0.48629
-0.48631
-0.48634
-0.48637
-0.48642
-0.48648
-0.48656
-0.48665
-0.48675
-0.48687
-0.48701
-0.48717
-0.48735
-0.48754
-0.48776
-0.48799
-0.48825
-0.48852
-0.48880
-0.48910
-0.48942
-0.48974
-0.49008
-0.49041
-0.49075
-0.49109
-0.49142
-0.49175
-0.49207
-0.49237
-0.49266
-0.49292
-0.49317
-0.49340
-0.49361
-0.49379
-0.49394
-0.49408
-0.49418
-0.49427
-0.49433
-0.49436
-0.49438
-0.49437
-0.49434
-0.49430
-0.49423
-0.49415
-0.49405
-0.49394
-0.49381
-0.49367
-0.49352
-0.49335
-0.49317
-0.49299
-0.49279
-0.49259
-0.49238
-0.49215
-0.49193
-0.49169
-0.49145
-0.49120
-0.49094
-0.49068
-0.49041
-0.49014
-0.48986
-0.48958
-0.48929
-0.48913
-0.48896
-0.48879
-0.48862
-0.48825
-0.48787
-0.48750
-0.48713
-0.48660
-0.48608
-0.48555
-0.48503
-0.48439
-0.48375
-0.48311
-0.48247
-0.48175
-0.48102
-0.48029
-0.47956
-0.47868
-0.47779
-0.47691
-0.47603
-0.47505
-0.47408
-0.47311
-0.47214
-0.47116
-0.47017
-0.46918
-0.46819
-0.46701
-0.46583
-0.46465
-0.46347
-0.46214
-0.46082
-0.45949
-0.45817
-0.45676
-0.45535
-0.45394
-0.45253
-0.45053
-0.44854
-0.44655
-0.44456
-0.44252
-0.44048
-0.43845
-0.43641
-0.43502
-0.43362
-0.43222
-0.43082
-0.42873
-0.42664
-0.42455
-0.42246
-0.41980
-0.41714
-0.41448
-0.41182
-0.40863
-0.40543
-0.40223
-0.39903
-0.39512
-0.39120
-0.38729
-0.38337
-0.37830
-0.37322
-0.36815
-0.36308
-0.35663
-0.35018
-0.34373
-0.33728
-0.32863
-0.31997
-0.31132
-0.30266
-0.29171
-0.28076
-0.26981
-0.25886
-0.24508
-0.23130
-0.21751
-0.20373
-0.18622
-0.16871
-0.15120
-0.13369
-0.11341
-0.09313
-0.07284
-0.05256
-0.02984
-0.00711
0.01562
0.03835
0.06572
0.09309
0.12047
0.14784
0.17879
0.20973
0.24068
0.27163
0.30600
0.34037
0.37473
0.40910
0.44667
0.48424
0.52181
0.55938
0.59983
0.64028
0.68073
0.72118
0.76415
0.80713
0.85010
0.89308
0.93803
0.98297
1.02792
1.07286
1.11884
1.16482
1.21080
1.25678
1.30424
1.35171
1.39917
1.44664
1.49400
1.54136
1.58873
1.63609
1.68365
1.73121
1.77876
1.82632
1.87382
1.92132
1.96882
2.01632
2.06122
2.10613
2.15104
2.19595
2.24050
2.28505
2.32961
2.37416
2.41715
2.46014
2.50313
2.54613
2.58280
2.61947
2.65613
2.69280
2.73157
2.77034
2.80910
2.84787
2.88021
2.91255
2.94489
2.97723
3.00504
3.03285
3.06067
3.08848
3.11768
3.14688
3.17608
3.20528
3.22928
3.25327
3.27727
3.30127
3.32118
3.34109
3.36100
3.38091
3.40010
3.41929
3.43848
3.45767
3.47440
3.49113
3.50786
3.52459
3.54126
3.55794
3.57461
3.59128
3.60685
3.62243
3.63800
3.65358
3.66446
3.67533
3.68621
3.69709
3.71152
3.72594
3.74037
3.75480
3.76909
3.78337
3.79766
3.81194
3.82360
3.83527
3.84693
3.85859
3.87008
3.88156
3.89304
3.90452
3.91980
3.93507
3.95034
3.96561
3.98080
3.99599
4.01119
4.02638
4.03831
4.05025
4.06218
4.07411
4.08847
4.10282
4.11718
4.13153
4.15049
4.16945
4.18840
4.20736
4.22525
4.24315
4.26104
4.27893
4.29507
4.31121
4.32735
4.34348
4.36480
4.38612
4.40744
4.42876
4.45446
4.48015
4.50584
4.53154
4.55177
4.57201
4.59225
4.61249
4.63600
4.65952
4.68303
4.70654
4.73399
4.76144
4.78889
4.81634
4.82679
4.83724
4.84769
4.85814
4.86627
4.87439
4.88251
4.89063
4.92691
4.96318
4.99946
5.03573
5.11266
5.18959
5.26652
5.34346
5.44906
5.55466
5.66026
5.76586
5.86042
5.95497
6.04952
6.14407
6.12972
6.11536
6.10099
6.08663
5.97914
5.87165
5.76416
5.65666
-0.47366
-0.47380
-0.47394
-0.47408
-0.47421
-0.47434
-0.47447
-0.47458
-0.47470
-0.47480
-0.47489
-0.47498
-0.47505
-0.47512
-0.47518
-0.47523
-0.47527
-0.47530
-0.47532
-0.47533
-0.47534
-0.47534
-0.47534
-0.47533
-0.47532
-0.47530
-0.47528
-0.47526
-0.47523
-0.47521
-0.47518
-0.47516
-0.47514
-0.47512
-0.47511
-0.47510
-0.47510
-0.47510
-0.47512
-0.47514
-0.47518
-0.47523
-0.47529
-0.47537
-0.47547
-0.47559
-0.47572
-0.47589
-0.47607
-0.47629
-0.47653
-0.47680
-0.47711
-0.47744
-0.47781
-0.47822
-0.47865
-0.47912
-0.47962
-0.48016
-0.48072
-0.48130
-0.48191
-0.48254
-0.48318
-0.48383
-0.48448
-0.48514
-0.48579
-0.48643
-0.48705
-0.48765
-0.48823
-0.48877
-0.48929
-0.48977
-0.49022
-0.49063
-0.49100
-0.49133
-0.49162
-0.49187
-0.49209
-0.49226
-0.49241
-0.49252
-0.49259
-0.49264
-0.49266
-0.49265
-0.49261
-0.49255
-0.49247
-0.49237
-0.49225
-0.49212
-0.49196
-0.49180
-0.49161
-0.49142
-0.49121
-0.49099
-0.49076
-0.49052
-0.49027
-0.49001
-0.48974
-0.48946
-0.48918
-0.48889
-0.48859
-0.48829
-0.48797
-0.48771
-0.48743
-0.48715
-0.48687
-0.48667
-0.48646
-0.48626
-0.48605
-0.48567
-0.48529
-0.48491
-0.48453
-0.48409
-0.48365
-0.48320
-0.48276
-0.48227
-0.48178
-0.48129
-0.48080
-0.48020
-0.47961
-0.47901
-0.47842
-0.47768
-0.47694
-0.47620
-0.47547
-0.47466
-0.47385
-0.47305
-0.47224
-0.47129
-0.47033
-0.46937
-0.46842
-0.46729
-0.46616
-0.46503
-0.46391
-0.46259
-0.46127
-0.45994
-0.45862
-0.45690
-0.45517
-0.45345
-0.45172
-0.44978
-0.44783
-0.44589
-0.44394
-0.44200
-0.44007
-0.43813
-0.43620
-0.43377
-0.43134
-0.42892
-0.42649
-0.42359
-0.42069
-0.41778
-0.41488
-0.41146
-0.40803
-0.40461
-0.40118
-0.39718
-0.39317
-0.38916
-0.38516
-0.38004
-0.37493
-0.36982
-0.36471
-0.35866
-0.35260
-0.34654
-0.34048
-0.33238
-0.32428
-0.31618
-0.30808
-0.29811
-0.28813
-0.27815
-0.26818
-0.25572
-0.24326
-0.23080
-0.21834
-0.20203
-0.18572
-0.16941
-0.15309
-0.13480
-0.11650
-0.09821
-0.07991
-0.05971
-0.03950
-0.01929
0.00091
0.02617
0.05142
0.07667
0.10193
0.13101
0.16010
0.18918
0.21827
0.25087
0.28348
0.31609
0.34869
0.38438
0.42007
0.45576
0.49145
0.53045
0.56946
0.60846
0.64747
0.68890
0.73033
0.77176
0.81319
0.85683
0.90048
0.94412
0.98776
1.03248
1.07720
1.12193
1.16665
1.21308
1.25952
1.30596
1.35239
1.39894
1.44550
1.49205
1.53860
1.58641
1.63421
1.68202
1.72982
1.77762
1.82542
1.87323
1.92103
1.96823
2.01543
2.06263
2.10983
2.15700
2.20418
2.25135
2.29853
2.34465
2.39078
2.43690
2.48303
2.52559
2.56815
2.61071
2.65327
2.69649
2.73970
2.78292
2.82613
2.86318
2.90022
2.93726
2.97430
3.00916
3.04401
3.07887
3.11372
3.14793
3.18213
3.21634
3.25054
3.27612
3.30169
3.32726
3.35283
3.37948
3.40613
3.43277
3.45942
3.48272
3.50601
3.52931
3.55260
3.56926
3.58592
3.60257
3.61923
3.63857
3.65792
3.67727
3.69661
3.71672
3.73683
3.75693
3.77704
3.78737
3.79770
3.80802
3.81835
3.83213
3.84590
3.85967
3.87345
3.88961
3.90578
3.92195
3.93812
3.95101
3.96391
3.97681
3.98970
4.00003
4.01036
4.02069
4.03102
4.04495
4.05888
4.07281
4.08673
4.10315
4.11956
4.13598
4.15239
4.16388
4.17537
4.18686
4.19835
4.21103
4.22371
4.23639
4.24907
4.26621
4.28335
4.30049
4.31763
4.33694
4.35626
4.37557
4.39488
4.41046
4.42603
4.44161
4.45718
4.47791
4.49863
4.51935
4.54008
4.56588
4.59169
4.61749
4.64330
4.66643
4.68956
4.71270
4.73583
4.76126
4.78670
4.81213
4.83757
4.86663
4.89570
4.92477
4.95384
4.96819
4.98255
4.99691
5.01127
5.02238
5.03348
5.04459
5.05570
5.09501
5.13433
5.17365
5.21297
5.28237
5.35178
5.42118
5.49058
5.57518
5.65978
5.74438
5.82897
5.91341
5.99784
6.08228
6.16672
6.14396
6.12120
6.09843
6.07567
5.97330
5.87092
5.76854
5.66617
-0.47031
-0.47024
-0.47017
-0.47010
-0.47003
-0.46996
-0.46988
-0.46981
-0.46974
-0.46967
-0.46959
-0.46952
-0.46944
-0.46937
-0.46929
-0.46922
-0.46914
-0.46907
-0.46899
-0.46892
-0.46885
-0.46877
-0.46870
-0.46863
-0.46856
-0.46850
-0.46844
-0.46838
-0.46832
-0.46827
-0.46822
-0.46817
-0.46814
-0.46811
-0.46808
-0.46807
-0.46806
-0.46807
-0.46809
-0.46812
-0.46817
-0.46823
-0.46831
-0.46841
-0.46854
-0.46868
-0.46885
-0.46906
-0.46929
-0.46955
-0.46984
-0.47017
-0.47054
-0.47095
-0.47139
-0.47187
-0.47240
-0.47296
-0.47355
-0.47419
-0.47486
-0.47555
-0.47628
-0.47702
-0.47778
-0.47855
-0.47933
-0.48011
-0.48088
-0.48164
-0.48238
-0.48310
-0.48379
-0.48444
-0.48506
-0.48565
-0.48619
-0.48668
-0.48713
-0.48754
-0.48790
-0.48822
-0.48849
-0.48872
-0.48892
-0.48907
-0.48918
-0.48927
-0.48931
-0.48933
-0.48932
-0.48928
-0.48922
-0.48913
-0.48902
-0.48889
-0.48875
-0.48858
-0.48840
-0.48821
-0.48800
-0.48778
-0.48754
-0.48730
-0.48704
-0.48678
-0.48650
-0.48622
-0.48593
-0.48563
-0.48532
-0.48501
-0.48468
-0.48436
-0.48402
-0.48368
-0.48334
-0.48323
-0.48312
-0.48301
-0.48290
-0.48262
-0.48234
-0.48206
-0.48178
-0.48147
-0.48115
-0.48084
-0.48052
-0.48020
-0.47987
-0.47954
-0.47921
-0.47882
-0.47843
-0.47803
-0.47764
-0.47709
-0.47654
-0.47599
-0.47544
-0.47480
-0.47416
-0.47351
-0.47287
-0.47213
-0.47139
-0.47065
-0.46991
-0.46897
-0.46802
-0.46708
-0.46613
-0.46496
-0.46379
-0.46262
-0.46146
-0.45998
-0.45851
-0.45704
-0.45557
-0.45378
-0.45200
-0.45021
-0.44842
-0.44623
-0.44404
-0.44184
-0.43965
-0.43707
-0.43449
-0.43191
-0.42933
-0.42634
-0.42335
-0.42037
-0.41738
-0.41390
-0.41043
-0.40695
-0.40347
-0.39948
-0.39548
-0.39149
-0.38749
-0.38246
-0.37742
-0.37238
-0.36734
-0.36168
-0.35602
-0.35036
-0.34470
-0.33717
-0.32963
-0.32210
-0.31456
-0.30546
-0.29636
-0.28726
-0.27816
-0.26688
-0.25561
-0.24433
-0.23305
-0.21802
-0.20299
-0.18796
-0.17293
-0.15638
-0.13982
-0.12327
-0.10671
-0.08851
-0.07031
-0.05212
-0.03392
-0.01058
0.01275
0.03608
0.05942
0.08670
0.11398
0.14125
0.16853
0.19942
0.23031
0.26120
0.29209
0.32607
0.36004
0.39402
0.42799
0.46561
0.50322
0.54083
0.57844
0.61857
0.65871
0.69884
0.73898
0.78153
0.82409
0.86664
0.90920
0.95312
0.99705
1.04097
1.08490
1.13061
1.17632
1.22203
1.26774
1.31396
1.36018
1.40639
1.45261
1.50055
1.54848
1.59642
1.64435
1.69250
1.74066
1.78881
1.83696
1.88561
1.93425
1.98290
2.03155
2.08046
2.12938
2.17830
2.22722
2.27537
2.32353
2.37168
2.41984
2.46633
2.51282
2.55931
2.60580
2.65203
2.69826
2.74449
2.79072
2.83134
2.87195
2.91256
2.95317
2.99319
3.03321
3.07323
3.11325
3.15136
3.18946
3.22757
3.26568
3.29383
3.32197
3.35012
3.37826
3.41029
3.44231
3.47433
3.50635
3.53355
3.56074
3.58794
3.61514
3.63356
3.65199
3.67041
3.68884
3.71137
3.73390
3.75643
3.77897
3.80246
3.82596
3.84946
3.87296
3.88470
3.89645
3.90819
3.91994
3.93444
3.94894
3.96344
3.97793
3.99551
4.01308
4.03065
4.04822
4.06272
4.07723
4.09173
4.10624
4.11672
4.12720
4.13768
4.14816
4.16113
4.17410
4.18707
4.20003
4.21711
4.23419
4.25127
4.26835
4.28021
4.29207
4.30393
4.31579
4.32734
4.33888
4.35043
4.36198
4.37788
4.39378
4.40968
4.42559
4.44574
4.46590
4.48606
4.50621
4.52152
4.53683
4.55214
4.56744
4.58754
4.60764
4.62774
4.64784
4.67343
4.69902
4.72462
4.75021
4.77506
4.79990
4.82475
4.84960
4.87602
4.90243
4.92885
4.95527
4.98497
5.01467
5.04437
5.07407
5.09148
5.10888
5.12629
5.14370
5.15756
5.17141
5.18527
5.19913
5.23926
5.27940
5.31953
5.35966
5.42201
5.48436
5.54671
5.60906
5.67780
5.74655
5.81530
5.88405
5.95832
6.03259
6.10685
6.18112
6.15159
6.12205
6.09251
6.06297
5.96534
5.86771
5.77008
5.67245
-0.47049
-0.47042
-0.47035
-0.47028
-0.47021
-0.47014
-0.47007
-0.47000
-0.46993
-0.46986
-0.46978
-0.46971
-0.46964
-0.46956
-0.46949
-0.46941
-0.46933
-0.46926
-0.46918
-0.46911
-0.46903
-0.46896
-0.46888
-0.46881
-0.46874
-0.46867
-0.46860
-0.46853
-0.46847
-0.46840
-0.46834
-0.46829
-0.46824
-0.46819
-0.46815
-0.46812
-0.46809
-0.46808
-0.46807
-0.46807
-0.46808
-0.46811
-0.46814
-0.46820
-0.46827
-0.46836
-0.46847
-0.46860
-0.46875
-0.46893
-0.46913
-0.46936
-0.46962
-0.46991
-0.47023
-0.47058
-0.47096
-0.47137
-0.47181
-0.47227
-0.47276
-0.47327
-0.47381
-0.47436
-0.47492
-0.47549
-0.47607
-0.47664
-0.47721
-0.47777
-0.47831
-0.47884
-0.47934
-0.47981
-0.48026
-0.48068
-0.48106
-0.48141
-0.48172
-0.48199
-0.48224
-0.48244
-0.48261
-0.48275
-0.48285
-0.48293
-0.48297
-0.48299
-0.48298
-0.48294
-0.48289
-0.48281
-0.48271
-0.48259
-0.48245
-0.48230
-0.48213
-0.48195
-0.48175
-0.48155
-0.48133
-0.48110
-0.48086
-0.48061
-0.48036
-0.48009
-0.47982
-0.47954
-0.47926
-0.47896
-0.47867
-0.47836
-0.47806
-0.47774
-0.47742
-0.47710
-0.47678
-0.47664
-0.47650
-0.47637
-0.47623
-0.47598
-0.47572
-0.47547
-0.47521
-0.47492
-0.47462
-0.47432
-0.47403
-0.47373
-0.47343
-0.47313
-0.47283
-0.47250
-0.47217
-0.47183
-0.47150
-0.47106
-0.47063
-0.47019
-0.46975
-0.46924
-0.46872
-0.46821
-0.46769
-0.46716
-0.46662
-0.46608
-0.46555
-0.46476
-0.46398
-0.46320
-0.46241
-0.46150
-0.46058
-0.45967
-0.45876
-0.45752
-0.45628
-0.45504
-0.45380
-0.45228
-0.45077
-0.44926
-0.44775
-0.44578
-0.44380
-0.44182
-0.43985
-0.43742
-0.43500
-0.43257
-0.43014
-0.42734
-0.42454
-0.42174
-0.41894
-0.41570
-0.41246
-0.40923
-0.40599
-0.40219
-0.39839
-0.39458
-0.39078
-0.38599
-0.38120
-0.37642
-0.37163
-0.36639
-0.36116
-0.35592
-0.35068
-0.34372
-0.33675
-0.32979
-0.32283
-0.31444
-0.30605
-0.29766
-0.28927
-0.27894
-0.26860
-0.25826
-0.24793
-0.23432
-0.22072
-0.20712
-0.19352
-0.17828
-0.16305
-0.14781
-0.13258
-0.11552
-0.09846
-0.08140
-0.06434
-0.04259
-0.02083
0.00092
0.02267
0.04824
0.07381
0.09937
0.12494
0.15419
0.18344
0.21269
0.24195
0.27449
0.30704
0.33959
0.37213
0.40843
0.44473
0.48104
0.51734
0.55660
0.59586
0.63512
0.67438
0.71621
0.75805
0.79988
0.84171
0.88562
0.92953
0.97343
1.01734
1.06284
1.10834
1.15384
1.19934
1.24603
1.29272
1.33941
1.38609
1.43396
1.48183
1.52969
1.57756
1.62615
1.67473
1.72332
1.77191
1.82057
1.86922
1.91788
1.96654
2.01571
2.06488
2.11405
2.16322
2.21153
2.25985
2.30817
2.35649
2.40358
2.45068
2.49777
2.54487
2.59169
2.63851
2.68533
2.73215
2.77441
2.81667
2.85893
2.90119
2.94320
2.98521
3.02722
3.06923
3.10937
3.14951
3.18965
3.22979
3.26220
3.29462
3.32703
3.35945
3.39454
3.42963
3.46472
3.49981
3.53055
3.56130
3.59204
3.62279
3.64611
3.66943
3.69275
3.71607
3.74265
3.76924
3.79582
3.82240
3.84736
3.87232
3.89728
3.92224
3.93873
3.95521
3.97170
3.98819
4.00575
4.02332
4.04089
4.05845
4.07661
4.09477
4.11293
4.13109
4.14784
4.16459
4.18134
4.19808
4.21093
4.22377
4.23661
4.24945
4.26211
4.27476
4.28742
4.30008
4.31687
4.33367
4.35047
4.36726
4.38088
4.39449
4.40811
4.42172
4.43305
4.44439
4.45572
4.46706
4.48270
4.49834
4.51398
4.52962
4.54964
4.56967
4.58969
4.60972
4.62526
4.64080
4.65634
4.67187
4.69130
4.71073
4.73015
4.74958
4.77441
4.79925
4.82408
4.84892
4.87348
4.89804
4.92261
4.94717
4.97298
4.99879
5.02460
5.05042
5.07908
5.10775
5.13641
5.16508
5.18407
5.20307
5.22207
5.24106
5.25728
5.27350
5.28973
5.30595
5.34312
5.38029
5.41746
5.45463
5.51072
5.56682
5.62292
5.67902
5.74064
5.80227
5.86390
5.92552
5.98954
6.05355
6.11757
6.18158
6.14802
6.11445
6.08088
6.04731
5.95381
5.86030
5.76680
5.67329
-0.47067
-0.47060
-0.47054
-0.47047
-0.47040
-0.47033
-0.47026
-0.47019
-0.47012
-0.47005
-0.46998
-0.46990
-0.46983
-0.46975
-0.46968
-0.46960
-0.46953
-0.46945
-0.46937
-0.46930
-0.46922
-0.46914
-0.46906
-0.46899
-0.46891
-0.46883
-0.46876
-0.46868
-0.46861
-0.46854
-0.46847
-0.46841
-0.46834
-0.46828
-0.46822
-0.46817
-0.46812
-0.46808
-0.46804
-0.46802
-0.46799
-0.46798
-0.46798
-0.46799
-0.46800
-0.46804
-0.46808
-0.46814
-0.46822
-0.46831
-0.46842
-0.46856
-0.46871
-0.46888
-0.46907
-0.46929
-0.46952
-0.46978
-0.47006
-0.47035
-0.47067
-0.47100
-0.47134
-0.47170
-0.47206
-0.47243
-0.47280
-0.47317
-0.47354
-0.47389
-0.47424
-0.47457
-0.47489
-0.47518
-0.47546
-0.47571
-0.47593
-0.47613
-0.47630
-0.47645
-0.47657
-0.47666
-0.47673
-0.47677
-0.47679
-0.47679
-0.47676
-0.47671
-0.47664
-0.47656
-0.47645
-0.47633
-0.47619
-0.47604
-0.47588
-0.47570
-0.47551
-0.47532
-0.47511
-0.47489
-0.47466
-0.47442
-0.47418
-0.47393
-0.47367
-0.47341
-0.47314
-0.47286
-0.47258
-0.47230
-0.47201
-0.47172
-0.47143
-0.47113
-0.47083
-0.47052
-0.47022
-0.47005
-0.46989
-0.46973
-0.46957
-0.46934
-0.46911
-0.46887
-0.46864
-0.46836
-0.46809
-0.46781
-0.46753
-0.46726
-0.46699
-0.46673
-0.46646
-0.46618
-0.46591
-0.46563
-0.46536
-0.46503
-0.46471
-0.46439
-0.46407
-0.46368
-0.46329
-0.46291
-0.46252
-0.46219
-0.46185
-0.46151
-0.46118
-0.46056
-0.45994
-0.45932
-0.45869
-0.45804
-0.45738
-0.45672
-0.45606
-0.45505
-0.45404
-0.45303
-0.45202
-0.45078
-0.44955
-0.44831
-0.44708
-0.44532
-0.44356
-0.44180
-0.44004
-0.43777
-0.43550
-0.43323
-0.43096
-0.42834
-0.42573
-0.42311
-0.42049
-0.41750
-0.41450
-0.41151
-0.40851
-0.40490
-0.40129
-0.39768
-0.39406
-0.38953
-0.38499
-0.38046
-0.37592
-0.37111
-0.36629
-0.36148
-0.35666
-0.35027
-0.34388
-0.33748
-0.33109
-0.32342
-0.31574
-0.30806
-0.30039
-0.29099
-0.28159
-0.27220
-0.26280
-0.25062
-0.23845
-0.22627
-0.21410
-0.20018
-0.18627
-0.17235
-0.15844
-0.14252
-0.12660
-0.11068
-0.09476
-0.07459
-0.05442
-0.03425
-0.01407
0.00978
0.03364
0.05749
0.08135
0.10896
0.13657
0.16419
0.19180
0.22291
0.25403
0.28515
0.31627
0.35126
0.38625
0.42124
0.45623
0.49462
0.53301
0.57139
0.60978
0.65089
0.69200
0.73311
0.77422
0.81811
0.86200
0.90589
0.94978
0.99507
1.04036
1.08565
1.13093
1.17810
1.22526
1.27242
1.31958
1.36738
1.41517
1.46297
1.51077
1.55979
1.60881
1.65783
1.70685
1.75552
1.80419
1.85287
1.90154
1.95096
2.00038
2.04979
2.09921
2.14770
2.19618
2.24466
2.29314
2.34084
2.38854
2.43624
2.48394
2.53135
2.57876
2.62617
2.67358
2.71749
2.76140
2.80530
2.84921
2.89321
2.93721
2.98121
3.02520
3.06738
3.10955
3.15173
3.19390
3.23058
3.26727
3.30395
3.34063
3.37879
3.41694
3.45510
3.49326
3.52755
3.56185
3.59615
3.63044
3.65866
3.68687
3.71509
3.74331
3.77394
3.80457
3.83520
3.86583
3.89225
3.91868
3.94510
3.97152
3.99275
4.01398
4.03521
4.05644
4.07707
4.09770
4.11834
4.13897
4.15772
4.17647
4.19521
4.21396
4.23295
4.25195
4.27094
4.28993
4.30513
4.32034
4.33554
4.35074
4.36309
4.37543
4.38777
4.40012
4.41663
4.43315
4.44966
4.46618
4.48155
4.49691
4.51228
4.52765
4.53877
4.54990
4.56102
4.57214
4.58752
4.60289
4.61827
4.63365
4.65354
4.67343
4.69333
4.71322
4.72899
4.74476
4.76053
4.77631
4.79506
4.81381
4.83257
4.85132
4.87540
4.89947
4.92355
4.94762
4.97190
4.99618
5.02046
5.04474
5.06995
5.09515
5.12036
5.14556
5.17319
5.20082
5.22845
5.25608
5.27667
5.29725
5.31784
5.33843
5.35701
5.37559
5.39418
5.41276
5.44697
5.48117
5.51538
5.54959
5.59944
5.64928
5.69913
5.74898
5.80348
5.85798
5.91249
5.96699
6.02075
6.07452
6.12828
6.18204
6.14445
6.10685
6.06925
6.03165
5.94227
5.85289
5.76351
5.67412
-0.47085
-0.47079
-0.47072
-0.47066
-0.47059
-0.47052
-0.47045
-0.47038
-0.47031
-0.47024
-0.47017
-0.47009
-0.47002
-0.46995
-0.46987
-0.46979
-0.46972
-0.46964
-0.46956
-0.46948
-0.46940
-0.46932
-0.46924
-0.46916
-0.46908
-0.46900
-0.46892
-0.46884
-0.46876
-0.46868
-0.46860
-0.46852
-0.46844
-0.46837
-0.46830
-0.46822
-0.46815
-0.46809
-0.46802
-0.46796
-0.46791
-0.46786
-0.46781
-0.46777
-0.46774
-0.46771
-0.46769
-0.46769
-0.46769
-0.46770
-0.46772
-0.46775
-0.46779
-0.46785
-0.46791
-0.46799
-0.46809
-0.46819
-0.46831
-0.46843
-0.46857
-0.46872
-0.46887
-0.46904
-0.46920
-0.46937
-0.46954
-0.46970
-0.46987
-0.47002
-0.47017
-0.47031
-0.47044
-0.47055
-0.47065
-0.47074
-0.47080
-0.47086
-0.47089
-0.47091
-0.47090
-0.47088
-0.47085
-0.47080
-0.47073
-0.47064
-0.47055
-0.47043
-0.47031
-0.47017
-0.47002
-0.46986
-0.46968
-0.46950
-0.46931
-0.46911
-0.46890
-0.46868
-0.46846
-0.46823
-0.46799
-0.46775
-0.46750
-0.46725
-0.46699
-0.46672
-0.46646
-0.46619
-0.46591
-0.46564
-0.46536
-0.46508
-0.46480
-0.46451
-0.46423
-0.46395
-0.46366
-0.46347
-0.46327
-0.46309
-0.46290
-0.46270
-0.46249
-0.46228
-0.46207
-0.46181
-0.46155
-0.46129
-0.46103
-0.46080
-0.46056
-0.46032
-0.46008
-0.45986
-0.45965
-0.45943
-0.45921
-0.45900
-0.45879
-0.45859
-0.45838
-0.45812
-0.45786
-0.45761
-0.45735
-0.45722
-0.45708
-0.45695
-0.45681
-0.45635
-0.45589
-0.45544
-0.45498
-0.45457
-0.45417
-0.45376
-0.45336
-0.45258
-0.45180
-0.45102
-0.45024
-0.44929
-0.44833
-0.44737
-0.44641
-0.44487
-0.44332
-0.44178
-0.44024
-0.43812
-0.43601
-0.43389
-0.43178
-0.42934
-0.42691
-0.42448
-0.42205
-0.41930
-0.41654
-0.41379
-0.41104
-0.40761
-0.40419
-0.40077
-0.39735
-0.39306
-0.38878
-0.38450
-0.38021
-0.37582
-0.37143
-0.36703
-0.36264
-0.35682
-0.35100
-0.34518
-0.33936
-0.33240
-0.32543
-0.31847
-0.31150
-0.30304
-0.29459
-0.28613
-0.27767
-0.26692
-0.25617
-0.24542
-0.23468
-0.22208
-0.20949
-0.19689
-0.18430
-0.16952
-0.15474
-0.13997
-0.12519
-0.10660
-0.08800
-0.06941
-0.05082
-0.02867
-0.00653
0.01561
0.03776
0.06373
0.08970
0.11568
0.14165
0.17134
0.20103
0.23072
0.26040
0.29409
0.32777
0.36145
0.39513
0.43264
0.47016
0.50767
0.54518
0.58557
0.62596
0.66635
0.70673
0.75061
0.79448
0.83835
0.88222
0.92730
0.97238
1.01745
1.06253
1.11016
1.15780
1.20543
1.25306
1.30079
1.34852
1.39625
1.44398
1.49343
1.54289
1.59234
1.64180
1.69048
1.73916
1.78785
1.83653
1.88620
1.93587
1.98554
2.03521
2.08386
2.13251
2.18115
2.22980
2.27810
2.32640
2.37470
2.42300
2.47100
2.51900
2.56700
2.61500
2.66056
2.70612
2.75168
2.79724
2.84322
2.88921
2.93520
2.98118
3.02539
3.06960
3.11380
3.15801
3.19896
3.23991
3.28086
3.32181
3.36304
3.40426
3.44549
3.48671
3.52456
3.56240
3.60025
3.63809
3.67121
3.70432
3.73743
3.77054
3.80522
3.83990
3.87458
3.90926
3.93715
3.96503
3.99292
4.02081
4.04678
4.07275
4.09872
4.12469
4.14839
4.17209
4.19579
4.21949
4.23883
4.25816
4.27750
4.29683
4.31807
4.33930
4.36054
4.38178
4.39934
4.41690
4.43447
4.45203
4.46406
4.47609
4.48813
4.50016
4.51639
4.53263
4.54886
4.56509
4.58222
4.59934
4.61646
4.63358
4.64449
4.65540
4.66631
4.67722
4.69233
4.70745
4.72256
4.73768
4.75744
4.77720
4.79696
4.81673
4.83273
4.84873
4.86473
4.88074
4.89882
4.91690
4.93498
4.95307
4.97638
4.99970
5.02301
5.04633
5.07032
5.09432
5.11831
5.14231
5.16691
5.19151
5.21611
5.24071
5.26730
5.29390
5.32049
5.34709
5.36926
5.39144
5.41362
5.43579
5.45674
5.47768
5.49863
5.51958
5.55082
5.58206
5.61331
5.64455
5.68815
5.73174
5.77534
5.81894
5.86632
5.91370
5.96108
6.00847
6.05197
6.09548
6.13899
6.18250
6.14087
6.09925
6.05762
6.01599
5.93074
5.84548
5.76022
5.67496
-0.47103
-0.47097
-0.47091
-0.47084
-0.47077
-0.47071
-0.47064
-0.47057
-0.47050
-0.47043
-0.47036
-0.47029
-0.47021
-0.47014
-0.47006
-0.46999
-0.46991
-0.46983
-0.46975
-0.46967
-0.46959
-0.46951
-0.46942
-0.46934
-0.46925
-0.46917
-0.46908
-0.46899
-0.46891
-0.46882
-0.46873
-0.46864
-0.46855
-0.46846
-0.46837
-0.46827
-0.46818
-0.46809
-0.46800
-0.46791
-0.46782
-0.46773
-0.46765
-0.46756
-0.46747
-0.46739
-0.46731
-0.46723
-0.46715
-0.46708
-0.46701
-0.46694
-0.46687
-0.46681
-0.46675
-0.46670
-0.46665
-0.46660
-0.46656
-0.46652
-0.46648
-0.46644
-0.46641
-0.46637
-0.46634
-0.46631
-0.46627
-0.46623
-0.46619
-0.46615
-0.46610
-0.46605
-0.46599
-0.46592
-0.46585
-0.46577
-0.46568
-0.46558
-0.46547
-0.46536
-0.46524
-0.46511
-0.46497
-0.46482
-0.46467
-0.46450
-0.46433
-0.46416
-0.46397
-0.46378
-0.46358
-0.46338
-0.46317
-0.46296
-0.46274
-0.46251
-0.46228
-0.46205
-0.46181
-0.46157
-0.46132
-0.46107
-0.46082
-0.46056
-0.46030
-0.46004
-0.45978
-0.45951
-0.45924
-0.45897
-0.45871
-0.45844
-0.45817
-0.45790
-0.45763
-0.45737
-0.45711
-0.45688
-0.45666
-0.45645
-0.45624
-0.45606
-0.45587
-0.45569
-0.45550
-0.45526
-0.45502
-0.45478
-0.45454
-0.45433
-0.45412
-0.45391
-0.45370
-0.45355
-0.45339
-0.45323
-0.45307
-0.45297
-0.45288
-0.45278
-0.45269
-0.45256
-0.45243
-0.45231
-0.45218
-0.45225
-0.45231
-0.45238
-0.45245
-0.45215
-0.45185
-0.45155
-0.45126
-0.45111
-0.45096
-0.45081
-0.45066
-0.45011
-0.44956
-0.44902
-0.44847
-0.44779
-0.44710
-0.44642
-0.44574
-0.44441
-0.44309
-0.44176
-0.44044
-0.43848
-0.43651
-0.43455
-0.43259
-0.43035
-0.42810
-0.42585
-0.42361
-0.42109
-0.41858
-0.41607
-0.41356
-0.41033
-0.40710
-0.40386
-0.40063
-0.39660
-0.39257
-0.38854
-0.38451
-0.38053
-0.37656
-0.37259
-0.36861
-0.36337
-0.35812
-0.35287
-0.34763
-0.34137
-0.33512
-0.32887
-0.32262
-0.31510
-0.30758
-0.30006
-0.29254
-0.28322
-0.27390
-0.26458
-0.25526
-0.24398
-0.23271
-0.22144
-0.21016
-0.19653
-0.18289
-0.16925
-0.15561
-0.13860
-0.12159
-0.10457
-0.08756
-0.06713
-0.04670
-0.02627
-0.00584
0.01850
0.04283
0.06717
0.09150
0.11976
0.14802
0.17628
0.20454
0.23691
0.26929
0.30166
0.33403
0.37067
0.40731
0.44394
0.48058
0.52025
0.55991
0.59958
0.63925
0.68310
0.72696
0.77081
0.81467
0.85953
0.90440
0.94926
0.99413
1.04223
1.09033
1.13844
1.18654
1.23420
1.28187
1.32953
1.37719
1.42708
1.47697
1.52685
1.57674
1.62544
1.67413
1.72283
1.77152
1.82145
1.87137
1.92129
1.97121
2.02002
2.06883
2.11764
2.16645
2.21536
2.26426
2.31317
2.36207
2.41066
2.45925
2.50784
2.55643
2.60364
2.65084
2.69805
2.74526
2.79323
2.84121
2.88919
2.93716
2.98340
3.02964
3.07588
3.12212
3.16734
3.21256
3.25778
3.30300
3.34729
3.39158
3.43587
3.48016
3.52156
3.56295
3.60435
3.64575
3.68375
3.72176
3.75977
3.79777
3.83650
3.87523
3.91396
3.95269
3.98204
4.01139
4.04074
4.07009
4.10080
4.13151
4.16222
4.19294
4.21970
4.24647
4.27324
4.30001
4.31994
4.33986
4.35978
4.37970
4.40318
4.42666
4.45014
4.47362
4.49355
4.51347
4.53340
4.55332
4.56504
4.57676
4.58848
4.60020
4.61615
4.63210
4.64806
4.66401
4.68289
4.70176
4.72064
4.73951
4.75021
4.76091
4.77161
4.78230
4.79715
4.81200
4.82685
4.84171
4.86134
4.88097
4.90060
4.92023
4.93646
4.95270
4.96893
4.98517
5.00258
5.01999
5.03740
5.05481
5.07736
5.09992
5.12248
5.14503
5.16875
5.19246
5.21617
5.23988
5.26387
5.28787
5.31186
5.33586
5.36142
5.38697
5.41253
5.43809
5.46186
5.48562
5.50939
5.53316
5.55647
5.57977
5.60308
5.62639
5.65467
5.68295
5.71123
5.73951
5.77686
5.81421
5.85155
5.88890
5.92916
5.96942
6.00968
6.04994
6.08319
6.11645
6.14970
6.18295
6.13730
6.09165
6.04599
6.00034
5.91920
5.83807
5.75693
5.67580
-0.47094
-0.47088
-0.47081
-0.47075
-0.47068
-0.47061
-0.47054
-0.47047
-0.47040
-0.47033
-0.47026
-0.47018
-0.47011
-0.47003
-0.46995
-0.46987
-0.46979
-0.46971
-0.46963
-0.46955
-0.46946
-0.46938
-0.46929
-0.46920
-0.46911
-0.46902
-0.46893
-0.46883
-0.46874
-0.46864
-0.46854
-0.46844
-0.46834
-0.46824
-0.46813
-0.46803
-0.46792
-0.46781
-0.46770
-0.46759
-0.46748
-0.46736
-0.46725
-0.46713
-0.46701
-0.46688
-0.46676
-0.46663
-0.46651
-0.46638
-0.46625
-0.46611
-0.46598
-0.46584
-0.46570
-0.46556
-0.46542
-0.46527
-0.46513
-0.46498
-0.46482
-0.46467
-0.46451
-0.46436
-0.46420
-0.46403
-0.46387
-0.46370
-0.46353
-0.46336
-0.46318
-0.46301
-0.46283
-0.46264
-0.46246
-0.46227
-0.46208
-0.46189
-0.46169
-0.46149
-0.46129
-0.46109
-0.46088
-0.46067
-0.46046
-0.46025
-0.46003
-0.45981
-0.45958
-0.45936
-0.45913
-0.45890
-0.45866
-0.45842
-0.45818
-0.45794
-0.45769
-0.45744
-0.45719
-0.45694
-0.45668
-0.45642
-0.45616
-0.45590
-0.45564
-0.45537
-0.45510
-0.45483
-0.45457
-0.45430
-0.45403
-0.45376
-0.45349
-0.45322
-0.45296
-0.45269
-0.45243
-0.45218
-0.45193
-0.45169
-0.45145
-0.45126
-0.45107
-0.45088
-0.45069
-0.45045
-0.45021
-0.44996
-0.44972
-0.44951
-0.44930
-0.44908
-0.44887
-0.44872
-0.44857
-0.44842
-0.44827
-0.44820
-0.44814
-0.44807
-0.44801
-0.44792
-0.44784
-0.44775
-0.44767
-0.44779
-0.44792
-0.44804
-0.44817
-0.44794
-0.44771
-0.44749
-0.44726
-0.44721
-0.44717
-0.44712
-0.44708
-0.44665
-0.44622
-0.44579
-0.44536
-0.44483
-0.44429
-0.44375
-0.44322
-0.44207
-0.44093
-0.43979
-0.43865
-0.43686
-0.43508
-0.43330
-0.43151
-0.42947
-0.42743
-0.42539
-0.42335
-0.42100
-0.41865
-0.41630
-0.41394
-0.41085
-0.40776
-0.40468
-0.40159
-0.39778
-0.39398
-0.39018
-0.38637
-0.38266
-0.37895
-0.37523
-0.37152
-0.36665
-0.36179
-0.35692
-0.35206
-0.34626
-0.34046
-0.33466
-0.32886
-0.32193
-0.31500
-0.30807
-0.30114
-0.29274
-0.28433
-0.27593
-0.26753
-0.25715
-0.24678
-0.23640
-0.22603
-0.21329
-0.20055
-0.18782
-0.17508
-0.15935
-0.14362
-0.12789
-0.11216
-0.09324
-0.07431
-0.05538
-0.03645
-0.01372
0.00902
0.03176
0.05449
0.08122
0.10794
0.13466
0.16139
0.19218
0.22297
0.25376
0.28455
0.31991
0.35527
0.39062
0.42598
0.46448
0.50298
0.54148
0.57998
0.62302
0.66606
0.70911
0.75215
0.79647
0.84078
0.88509
0.92941
0.97731
1.02522
1.07312
1.12103
1.16866
1.21630
1.26394
1.31157
1.36146
1.41135
1.46124
1.51113
1.56033
1.60952
1.65872
1.70791
1.75805
1.80819
1.85833
1.90847
1.95796
2.00746
2.05696
2.10646
2.15597
2.20549
2.25500
2.30451
2.35393
2.40334
2.45275
2.50217
2.55067
2.59917
2.64767
2.69617
2.74565
2.79513
2.84461
2.89409
2.94188
2.98968
3.03748
3.08528
3.13342
3.18157
3.22971
3.27786
3.32450
3.37113
3.41777
3.46441
3.50852
3.55264
3.59675
3.64087
3.68267
3.72447
3.76628
3.80808
3.84985
3.89162
3.93339
3.97516
4.00669
4.03822
4.06976
4.10129
4.13578
4.17027
4.20476
4.23925
4.26887
4.29850
4.32812
4.35775
4.37917
4.40060
4.42202
4.44345
4.46941
4.49536
4.52132
4.54728
4.56896
4.59064
4.61232
4.63400
4.64678
4.65957
4.67235
4.68514
4.70224
4.71935
4.73645
4.75356
4.77299
4.79242
4.81186
4.83129
4.84254
4.85379
4.86503
4.87628
4.89174
4.90719
4.92265
4.93811
4.95708
4.97604
4.99500
5.01396
5.03021
5.04645
5.06269
5.07893
5.09619
5.11345
5.13070
5.14796
5.16958
5.19120
5.21282
5.23444
5.25740
5.28035
5.30330
5.32626
5.34950
5.37274
5.39599
5.41923
5.44372
5.46822
5.49271
5.51721
5.54165
5.56609
5.59053
5.61497
5.63908
5.66320
5.68731
5.71143
5.73770
5.76397
5.79024
5.81652
5.84888
5.88123
5.91359
5.94595
5.97980
6.01365
6.04750
6.08135
6.10514
6.12893
6.15271
6.17650
6.12845
6.08040
6.03235
5.98430
5.90589
5.82748
5.74907
5.67067
-0.47040
-0.47033
-0.47026
-0.47019
-0.47012
-0.47004
-0.46997
-0.46989
-0.46982
-0.46974
-0.46966
-0.46958
-0.46950
-0.46942
-0.46933
-0.46925
-0.46916
-0.46908
-0.46899
-0.46890
-0.46881
-0.46872
-0.46862
-0.46853
-0.46843
-0.46834
-0.46824
-0.46814
-0.46804
-0.46793
-0.46783
-0.46772
-0.46761
-0.46751
-0.46740
-0.46728
-0.46717
-0.46705
-0.46694
-0.46682
-0.46670
-0.46658
-0.46645
-0.46633
-0.46620
-0.46607
-0.46594
-0.46581
-0.46568
-0.46554
-0.46540
-0.46526
-0.46512
-0.46498
-0.46483
-0.46468
-0.46453
-0.46438
-0.46422
-0.46407
-0.46391
-0.46375
-0.46359
-0.46342
-0.46325
-0.46308
-0.46291
-0.46273
-0.46256
-0.46238
-0.46220
-0.46201
-0.46182
-0.46163
-0.46144
-0.46125
-0.46105
-0.46085
-0.46064
-0.46044
-0.46023
-0.46002
-0.45980
-0.45959
-0.45937
-0.45914
-0.45892
-0.45869
-0.45846
-0.45822
-0.45799
-0.45775
-0.45750
-0.45726
-0.45701
-0.45675
-0.45650
-0.45624
-0.45598
-0.45571
-0.45545
-0.45518
-0.45491
-0.45463
-0.45436
-0.45408
-0.45380
-0.45351
-0.45323
-0.45294
-0.45265
-0.45237
-0.45208
-0.45179
-0.45150
-0.45121
-0.45092
-0.45064
-0.45035
-0.45007
-0.44980
-0.44955
-0.44931
-0.44906
-0.44881
-0.44854
-0.44827
-0.44799
-0.44772
-0.44744
-0.44717
-0.44689
-0.44662
-0.44639
-0.44617
-0.44595
-0.44572
-0.44555
-0.44537
-0.44520
-0.44502
-0.44483
-0.44464
-0.44444
-0.44425
-0.44420
-0.44415
-0.44409
-0.44404
-0.44373
-0.44342
-0.44311
-0.44280
-0.44260
-0.44241
-0.44222
-0.44202
-0.44153
-0.44103
-0.44053
-0.44004
-0.43942
-0.43881
-0.43820
-0.43759
-0.43658
-0.43556
-0.43454
-0.43353
-0.43196
-0.43039
-0.42883
-0.42726
-0.42546
-0.42366
-0.42187
-0.42007
-0.41774
-0.41541
-0.41308
-0.41075
-0.40772
-0.40469
-0.40166
-0.39864
-0.39502
-0.39141
-0.38779
-0.38418
-0.38045
-0.37672
-0.37300
-0.36927
-0.36447
-0.35967
-0.35487
-0.35007
-0.34429
-0.33850
-0.33272
-0.32693
-0.32001
-0.31308
-0.30616
-0.29923
-0.29089
-0.28255
-0.27421
-0.26587
-0.25569
-0.24550
-0.23532
-0.22513
-0.21290
-0.20067
-0.18843
-0.17620
-0.16125
-0.14631
-0.13136
-0.11641
-0.09864
-0.08087
-0.06310
-0.04533
-0.02412
-0.00290
0.01831
0.03952
0.06452
0.08952
0.11453
0.13953
0.16828
0.19704
0.22579
0.25455
0.28795
0.32134
0.35474
0.38814
0.42472
0.46131
0.49790
0.53449
0.57538
0.61628
0.65718
0.69808
0.74128
0.78448
0.82767
0.87087
0.91745
0.96403
1.01061
1.05719
1.10488
1.15256
1.20025
1.24794
1.29710
1.34626
1.39543
1.44459
1.49510
1.54561
1.59612
1.64663
1.69693
1.74723
1.79753
1.84782
1.89889
1.94995
2.00102
2.05208
2.10221
2.15234
2.20248
2.25261
2.30324
2.35387
2.40450
2.45513
2.50433
2.55353
2.60273
2.65193
2.70210
2.75226
2.80243
2.85260
2.90116
2.94972
2.99828
3.04684
3.09566
3.14448
3.19330
3.24212
3.28990
3.33767
3.38545
3.43322
3.47867
3.52411
3.56955
3.61500
3.65875
3.70251
3.74626
3.79001
3.83313
3.87625
3.91937
3.96249
3.99741
4.03233
4.06726
4.10218
4.13884
4.17549
4.21215
4.24881
4.28093
4.31306
4.34518
4.37731
4.40177
4.42622
4.45068
4.47514
4.50397
4.53280
4.56162
4.59045
4.61287
4.63529
4.65772
4.68014
4.69629
4.71245
4.72861
4.74477
4.76542
4.78608
4.80674
4.82740
4.84539
4.86338
4.88138
4.89937
4.91244
4.92550
4.93857
4.95163
4.96916
4.98669
5.00422
5.02175
5.03914
5.05654
5.07393
5.09132
5.10720
5.12307
5.13895
5.15483
5.17280
5.19077
5.20874
5.22672
5.24711
5.26750
5.28789
5.30828
5.32967
5.35107
5.37247
5.39387
5.41612
5.43837
5.46062
5.48287
5.50625
5.52964
5.55303
5.57641
5.59999
5.62356
5.64714
5.67072
5.69303
5.71534
5.73766
5.75997
5.78583
5.81169
5.83756
5.86342
5.89291
5.92240
5.95189
5.98138
6.01001
6.03865
6.06729
6.09592
6.11156
6.12720
6.14283
6.15847
6.11076
6.06305
6.01533
5.96762
5.88960
5.81158
5.73356
5.65554
-0.46986
-0.46978
-0.46971
-0.46963
-0.46955
-0.46948
-0.46940
-0.46932
-0.46923
-0.46915
-0.46907
-0.46898
-0.46889
-0.46881
-0.46872
-0.46863
-0.46853
-0.46844
-0.46835
-0.46825
-0.46816
-0.46806
-0.46796
-0.46786
-0.46776
-0.46765
-0.46755
-0.46744
-0.46733
-0.46722
-0.46711
-0.46700
-0.46689
-0.46677
-0.46666
-0.46654
-0.46642
-0.46630
-0.46617
-0.46605
-0.46592
-0.46579
-0.46566
-0.46553
-0.46540
-0.46526
-0.46512
-0.46499
-0.46484
-0.46470
-0.46456
-0.46441
-0.46426
-0.46411
-0.46396
-0.46380
-0.46364
-0.46348
-0.46332
-0.46316
-0.46299
-0.46283
-0.46266
-0.46248
-0.46231
-0.46213
-0.46195
-0.46177
-0.46158
-0.46140
-0.46121
-0.46102
-0.46082
-0.46062
-0.46042
-0.46022
-0.46002
-0.45981
-0.45960
-0.45938
-0.45917
-0.45895
-0.45873
-0.45850
-0.45827
-0.45804
-0.45781
-0.45757
-0.45733
-0.45709
-0.45684
-0.45660
-0.45634
-0.45609
-0.45583
-0.45557
-0.45530
-0.45504
-0.45477
-0.45449
-0.45421
-0.45393
-0.45365
-0.45336
-0.45307
-0.45278
-0.45249
-0.45219
-0.45189
-0.45159
-0.45128
-0.45097
-0.45067
-0.45035
-0.45004
-0.44973
-0.44941
-0.44910
-0.44878
-0.44846
-0.44815
-0.44785
-0.44755
-0.44724
-0.44694
-0.44663
-0.44633
-0.44602
-0.44572
-0.44538
-0.44504
-0.44470
-0.44436
-0.44407
-0.44377
-0.44347
-0.44318
-0.44289
-0.44260
-0.44232
-0.44203
-0.44173
-0.44144
-0.44114
-0.44084
-0.44061
-0.44037
-0.44014
-0.43991
-0.43951
-0.43912
-0.43873
-0.43833
-0.43799
-0.43765
-0.43731
-0.43697
-0.43640
-0.43584
-0.43527
-0.43471
-0.43402
-0.43334
-0.43265
-0.43197
-0.43108
-0.43019
-0.42930
-0.42840
-0.42706
-0.42571
-0.42436
-0.42301
-0.42145
-0.41989
-0.41834
-0.41678
-0.41447
-0.41217
-0.40986
-0.40755
-0.40459
-0.40162
-0.39865
-0.39568
-0.39226
-0.38883
-0.38541
-0.38198
-0.37824
-0.37450
-0.37076
-0.36702
-0.36229
-0.35755
-0.35282
-0.34808
-0.34231
-0.33655
-0.33078
-0.32501
-0.31809
-0.31116
-0.30424
-0.29732
-0.28904
-0.28077
-0.27249
-0.26422
-0.25423
-0.24423
-0.23424
-0.22424
-0.21251
-0.20078
-0.18905
-0.17732
-0.16316
-0.14899
-0.13483
-0.12066
-0.10405
-0.08743
-0.07082
-0.05420
-0.03452
-0.01483
0.00486
0.02454
0.04782
0.07111
0.09439
0.11767
0.14439
0.17111
0.19783
0.22455
0.25598
0.28742
0.31886
0.35029
0.38497
0.41964
0.45432
0.48899
0.52775
0.56650
0.60526
0.64401
0.68609
0.72817
0.77025
0.81233
0.85759
0.90284
0.94810
0.99335
1.04109
1.08882
1.13656
1.18430
1.23274
1.28118
1.32961
1.37805
1.42988
1.48170
1.53352
1.58535
1.63581
1.68626
1.73672
1.78718
1.83981
1.89244
1.94507
1.99770
2.04845
2.09920
2.14995
2.20070
2.25255
2.30439
2.35624
2.40809
2.45799
2.50789
2.55779
2.60769
2.65854
2.70940
2.76025
2.81111
2.86043
2.90975
2.95907
3.00839
3.05789
3.10739
3.15689
3.20639
3.25530
3.30421
3.35313
3.40204
3.44881
3.49558
3.54236
3.58913
3.63483
3.68054
3.72624
3.77195
3.81641
3.86088
3.90535
3.94981
3.98813
4.02645
4.06476
4.10308
4.14190
4.18072
4.21954
4.25836
4.29299
4.32761
4.36224
4.39686
4.42436
4.45185
4.47934
4.50684
4.53853
4.57023
4.60192
4.63362
4.65678
4.67995
4.70311
4.72627
4.74580
4.76533
4.78486
4.80440
4.82861
4.85282
4.87703
4.90124
4.91779
4.93434
4.95089
4.96745
4.98233
4.99722
5.01210
5.02699
5.04659
5.06619
5.08579
5.10538
5.12121
5.13703
5.15286
5.16868
5.18419
5.19970
5.21521
5.23072
5.24941
5.26810
5.28678
5.30547
5.32463
5.34379
5.36295
5.38211
5.40195
5.42180
5.44164
5.46149
5.48274
5.50399
5.52525
5.54650
5.56878
5.59106
5.61334
5.63562
5.65833
5.68104
5.70375
5.72646
5.74697
5.76749
5.78800
5.80851
5.83396
5.85942
5.88487
5.91032
5.93694
5.96356
5.99018
6.01680
6.04023
6.06365
6.08707
6.11049
6.11798
6.12547
6.13295
6.14044
6.09307
6.04569
5.99831
5.95094
5.87331
5.79568
5.71805
5.64042
-0.46932
-0.46924
-0.46916
-0.46907
-0.46899
-0.46891
-0.46882
-0.46874
-0.46865
-0.46856
-0.46847
-0.46838
-0.46829
-0.46819
-0.46810
-0.46800
-0.46790
-0.46781
-0.46771
-0.46761
-0.46750
-0.46740
-0.46729
-0.46719
-0.46708
-0.46697
-0.46686
-0.46675
-0.46663
-0.46652
-0.46640
-0.46628
-0.46616
-0.46604
-0.46592
-0.46579
-0.46567
-0.46554
-0.46541
-0.46528
-0.46514
-0.46501
-0.46487
-0.46473
-0.46459
-0.46445
-0.46431
-0.46416
-0.46401
-0.46386
-0.46371
-0.46356
-0.46340
-0.46324
-0.46308
-0.46292
-0.46276
-0.46259
-0.46242
-0.46225
-0.46208
-0.46190
-0.46173
-0.46155
-0.46136
-0.46118
-0.46099
-0.46080
-0.46061
-0.46042
-0.46022
-0.46002
-0.45982
-0.45961
-0.45941
-0.45920
-0.45898
-0.45877
-0.45855
-0.45833
-0.45811
-0.45788
-0.45765
-0.45742
-0.45718
-0.45694
-0.45670
-0.45646
-0.45621
-0.45596
-0.45570
-0.45545
-0.45519
-0.45492
-0.45465
-0.45438
-0.45411
-0.45383
-0.45355
-0.45327
-0.45298
-0.45269
-0.45239
-0.45210
-0.45179
-0.45149
-0.45118
-0.45087
-0.45055
-0.45023
-0.44991
-0.44958
-0.44925
-0.44892
-0.44858
-0.44824
-0.44790
-0.44755
-0.44720
-0.44685
-0.44650
-0.44614
-0.44579
-0.44543
-0.44506
-0.44473
-0.44439
-0.44405
-0.44372
-0.44331
-0.44291
-0.44251
-0.44211
-0.44174
-0.44137
-0.44100
-0.44063
-0.44023
-0.43984
-0.43944
-0.43904
-0.43864
-0.43824
-0.43783
-0.43743
-0.43702
-0.43660
-0.43619
-0.43578
-0.43530
-0.43482
-0.43434
-0.43387
-0.43338
-0.43289
-0.43240
-0.43192
-0.43128
-0.43065
-0.43001
-0.42938
-0.42862
-0.42786
-0.42710
-0.42635
-0.42558
-0.42481
-0.42405
-0.42328
-0.42215
-0.42102
-0.41989
-0.41876
-0.41744
-0.41613
-0.41481
-0.41349
-0.41121
-0.40893
-0.40664
-0.40436
-0.40145
-0.39855
-0.39564
-0.39273
-0.38950
-0.38626
-0.38302
-0.37978
-0.37603
-0.37228
-0.36853
-0.36477
-0.36010
-0.35543
-0.35076
-0.34609
-0.34034
-0.33459
-0.32884
-0.32309
-0.31617
-0.30925
-0.30233
-0.29541
-0.28720
-0.27899
-0.27078
-0.26257
-0.25276
-0.24296
-0.23315
-0.22335
-0.21212
-0.20089
-0.18966
-0.17844
-0.16506
-0.15168
-0.13830
-0.12491
-0.10946
-0.09400
-0.07854
-0.06308
-0.04492
-0.02676
-0.00860
0.00956
0.03113
0.05269
0.07425
0.09581
0.12050
0.14518
0.16986
0.19455
0.22402
0.25350
0.28298
0.31245
0.34521
0.37798
0.41074
0.44350
0.48011
0.51672
0.55333
0.58995
0.63091
0.67187
0.71283
0.75380
0.79773
0.84165
0.88558
0.92951
0.97730
1.02509
1.07287
1.12066
1.16837
1.21609
1.26380
1.31151
1.36465
1.41779
1.47093
1.52407
1.57468
1.62530
1.67592
1.72654
1.78074
1.83493
1.88913
1.94332
1.99469
2.04606
2.09743
2.14880
2.20186
2.25492
2.30798
2.36104
2.41164
2.46224
2.51284
2.56344
2.61499
2.66653
2.71808
2.76962
2.81970
2.86979
2.91987
2.96995
3.02013
3.07030
3.12047
3.17065
3.22070
3.27075
3.32081
3.37086
3.41896
3.46706
3.51516
3.56326
3.61091
3.65857
3.70622
3.75388
3.79970
3.84551
3.89133
3.93714
3.97885
4.02056
4.06226
4.10397
4.14496
4.18594
4.22693
4.26792
4.30504
4.34217
4.37929
4.41642
4.44695
4.47747
4.50800
4.53853
4.57310
4.60766
4.64222
4.67679
4.70070
4.72460
4.74850
4.77241
4.79531
4.81822
4.84112
4.86402
4.89179
4.91955
4.94732
4.97508
4.99019
5.00530
5.02041
5.03552
5.05223
5.06893
5.08564
5.10234
5.12401
5.14568
5.16735
5.18902
5.20327
5.21753
5.23178
5.24604
5.26118
5.27633
5.29147
5.30661
5.32602
5.34542
5.36482
5.38423
5.40216
5.42008
5.43801
5.45594
5.47423
5.49252
5.51081
5.52910
5.54936
5.56962
5.58988
5.61014
5.63131
5.65248
5.67365
5.69482
5.71667
5.73851
5.76036
5.78221
5.80092
5.81963
5.83834
5.85705
5.88209
5.90714
5.93218
5.95723
5.98098
6.00473
6.02848
6.05223
6.07044
6.08865
6.10685
6.12506
6.12440
6.12374
6.12307
6.12241
6.07537
6.02833
5.98130
5.93426
5.85702
5.77978
5.70254
5.62529
-0.46867
-0.46859
-0.46851
-0.46842
-0.46833
-0.46824
-0.46815
-0.46806
-0.46797
-0.46788
-0.46778
-0.46769
-0.46759
-0.46749
-0.46739
-0.46729
-0.46719
-0.46709
-0.46698
-0.46688
-0.46677
-0.46666
-0.46655
-0.46644
-0.46633
-0.46622
-0.46610
-0.46598
-0.46587
-0.46575
-0.46562
-0.46550
-0.46538
-0.46525
-0.46512
-0.46499
-0.46486
-0.46473
-0.46460
-0.46446
-0.46432
-0.46418
-0.46404
-0.46390
-0.46376
-0.46361
-0.46346
-0.46331
-0.46316
-0.46301
-0.46285
-0.46269
-0.46253
-0.46237
-0.46221
-0.46204
-0.46187
-0.46170
-0.46153
-0.46136
-0.46118
-0.46100
-0.46082
-0.46064
-0.46045
-0.46026
-0.46007
-0.45988
-0.45969
-0.45949
-0.45929
-0.45909
-0.45888
-0.45868
-0.45847
-0.45825
-0.45804
-0.45782
-0.45760
-0.45738
-0.45715
-0.45692
-0.45669
-0.45645
-0.45622
-0.45598
-0.45573
-0.45549
-0.45524
-0.45498
-0.45473
-0.45447
-0.45421
-0.45394
-0.45367
-0.45340
-0.45313
-0.45285
-0.45257
-0.45228
-0.45199
-0.45170
-0.45140
-0.45110
-0.45080
-0.45049
-0.45018
-0.44987
-0.44955
-0.44923
-0.44890
-0.44857
-0.44824
-0.44790
-0.44755
-0.44721
-0.44686
-0.44650
-0.44614
-0.44578
-0.44541
-0.44504
-0.44466
-0.44428
-0.44389
-0.44358
-0.44326
-0.44294
-0.44262
-0.44220
-0.44177
-0.44135
-0.44092
-0.44051
-0.44010
-0.43969
-0.43928
-0.43881
-0.43835
-0.43788
-0.43742
-0.43695
-0.43648
-0.43601
-0.43553
-0.43501
-0.43449
-0.43397
-0.43345
-0.43290
-0.43235
-0.43180
-0.43125
-0.43066
-0.43007
-0.42948
-0.42889
-0.42819
-0.42749
-0.42680
-0.42610
-0.42529
-0.42449
-0.42368
-0.42287
-0.42212
-0.42137
-0.42062
-0.41987
-0.41884
-0.41781
-0.41678
-0.41575
-0.41456
-0.41336
-0.41216
-0.41097
-0.40885
-0.40672
-0.40460
-0.40248
-0.39983
-0.39718
-0.39453
-0.39188
-0.38894
-0.38601
-0.38307
-0.38013
-0.37647
-0.37280
-0.36913
-0.36547
-0.36092
-0.35636
-0.35181
-0.34726
-0.34173
-0.33619
-0.33066
-0.32513
-0.31841
-0.31169
-0.30497
-0.29825
-0.29021
-0.28216
-0.27411
-0.26606
-0.25639
-0.24672
-0.23704
-0.22737
-0.21621
-0.20506
-0.19391
-0.18275
-0.16955
-0.15635
-0.14315
-0.12995
-0.11484
-0.09973
-0.08462
-0.06951
-0.05190
-0.03428
-0.01667
0.00094
0.02173
0.04252
0.06331
0.08410
0.10765
0.13121
0.15476
0.17831
0.20645
0.23460
0.26274
0.29088
0.32219
0.35351
0.38483
0.41615
0.45114
0.48613
0.52113
0.55612
0.59583
0.63554
0.67526
0.71497
0.75747
0.79997
0.84247
0.88497
0.93194
0.97890
1.02586
1.07283
1.11964
1.16645
1.21326
1.26007
1.31282
1.36557
1.41833
1.47108
1.52146
1.57183
1.62220
1.67257
1.72674
1.78092
1.83509
1.88926
1.94105
1.99284
2.04463
2.09642
2.14962
2.20283
2.25603
2.30923
2.36088
2.41252
2.46417
2.51582
2.56763
2.61944
2.67125
2.72306
2.77434
2.82561
2.87688
2.92815
2.97884
3.02954
3.08023
3.13093
3.18211
3.23329
3.28447
3.33565
3.38479
3.43393
3.48307
3.53221
3.58140
3.63059
3.67978
3.72898
3.77601
3.82304
3.87007
3.91711
3.96134
4.00557
4.04981
4.09404
4.13678
4.17951
4.22224
4.26498
4.30451
4.34404
4.38357
4.42310
4.45610
4.48910
4.52211
4.55511
4.59175
4.62839
4.66503
4.70167
4.72734
4.75300
4.77866
4.80432
4.82990
4.85548
4.88106
4.90665
4.93699
4.96733
4.99767
5.02801
5.04299
5.05797
5.07295
5.08793
5.10643
5.12493
5.14344
5.16194
5.18492
5.20790
5.23088
5.25386
5.26725
5.28063
5.29402
5.30741
5.32276
5.33811
5.35347
5.36882
5.38858
5.40834
5.42809
5.44785
5.46449
5.48113
5.49777
5.51441
5.53166
5.54890
5.56615
5.58340
5.60265
5.62190
5.64114
5.66039
5.68021
5.70003
5.71985
5.73967
5.76015
5.78063
5.80111
5.82158
5.83896
5.85634
5.87372
5.89110
5.91472
5.93835
5.96198
5.98561
6.00642
6.02723
6.04804
6.06885
6.08273
6.09662
6.11050
6.12438
6.11827
6.11216
6.10605
6.09994
6.05392
6.00789
5.96186
5.91584
5.84123
5.76662
5.69201
5.61740
-0.46793
-0.46784
-0.46776
-0.46767
-0.46757
-0.46748
-0.46739
-0.46729
-0.46720
-0.46710
-0.46700
-0.46691
-0.46681
-0.46670
-0.46660
-0.46650
-0.46639
-0.46629
-0.46618
-0.46607
-0.46596
-0.46585
-0.46574
-0.46562
-0.46551
-0.46539
-0.46527
-0.46515
-0.46503
-0.46491
-0.46479
-0.46466
-0.46453
-0.46441
-0.46428
-0.46414
-0.46401
-0.46388
-0.46374
-0.46360
-0.46346
-0.46332
-0.46318
-0.46303
-0.46289
-0.46274
-0.46259
-0.46244
-0.46229
-0.46213
-0.46197
-0.46182
-0.46166
-0.46149
-0.46133
-0.46116
-0.46099
-0.46082
-0.46065
-0.46048
-0.46030
-0.46012
-0.45994
-0.45976
-0.45957
-0.45939
-0.45920
-0.45901
-0.45881
-0.45862
-0.45842
-0.45822
-0.45801
-0.45781
-0.45760
-0.45739
-0.45718
-0.45696
-0.45674
-0.45652
-0.45630
-0.45608
-0.45585
-0.45562
-0.45538
-0.45515
-0.45491
-0.45467
-0.45442
-0.45417
-0.45392
-0.45367
-0.45341
-0.45315
-0.45289
-0.45263
-0.45236
-0.45209
-0.45181
-0.45153
-0.45125
-0.45097
-0.45068
-0.45039
-0.45010
-0.44980
-0.44950
-0.44919
-0.44888
-0.44857
-0.44826
-0.44794
-0.44761
-0.44729
-0.44696
-0.44662
-0.44629
-0.44594
-0.44560
-0.44525
-0.44490
-0.44454
-0.44418
-0.44381
-0.44344
-0.44319
-0.44295
-0.44270
-0.44245
-0.44204
-0.44163
-0.44121
-0.44080
-0.44038
-0.43996
-0.43954
-0.43913
-0.43864
-0.43815
-0.43766
-0.43717
-0.43667
-0.43617
-0.43567
-0.43518
-0.43461
-0.43405
-0.43349
-0.43293
-0.43232
-0.43172
-0.43111
-0.43050
-0.42985
-0.42920
-0.42855
-0.42790
-0.42715
-0.42640
-0.42565
-0.42490
-0.42407
-0.42323
-0.42240
-0.42156
-0.42072
-0.41988
-0.41903
-0.41819
-0.41714
-0.41610
-0.41505
-0.41401
-0.41281
-0.41161
-0.41041
-0.40921
-0.40739
-0.40557
-0.40375
-0.40193
-0.39973
-0.39754
-0.39535
-0.39315
-0.39063
-0.38810
-0.38558
-0.38306
-0.37958
-0.37610
-0.37262
-0.36914
-0.36476
-0.36038
-0.35600
-0.35162
-0.34651
-0.34140
-0.33629
-0.33118
-0.32486
-0.31855
-0.31223
-0.30591
-0.29812
-0.29034
-0.28255
-0.27477
-0.26516
-0.25556
-0.24595
-0.23634
-0.22483
-0.21332
-0.20181
-0.19030
-0.17667
-0.16304
-0.14941
-0.13578
-0.12020
-0.10462
-0.08904
-0.07346
-0.05542
-0.03737
-0.01932
-0.00127
0.01970
0.04068
0.06166
0.08263
0.10598
0.12932
0.15266
0.17600
0.20344
0.23087
0.25831
0.28574
0.31609
0.34643
0.37678
0.40713
0.44103
0.47494
0.50885
0.54275
0.58108
0.61940
0.65773
0.69606
0.73703
0.77800
0.81897
0.85994
0.90520
0.95046
0.99572
1.04098
1.08670
1.13242
1.17815
1.22387
1.27453
1.32518
1.37584
1.42649
1.47621
1.52592
1.57563
1.62535
1.67789
1.73043
1.78297
1.83552
1.88753
1.93954
1.99155
2.04356
2.09582
2.14808
2.20034
2.25260
2.30564
2.35868
2.41173
2.46477
2.51642
2.56807
2.61973
2.67138
2.72427
2.77717
2.83006
2.88296
2.93401
2.98506
3.03612
3.08717
3.13947
3.19178
3.24408
3.29638
3.34627
3.39615
3.44604
3.49592
3.54623
3.59654
3.64685
3.69716
3.74528
3.79339
3.84151
3.88962
3.93551
3.98140
4.02729
4.07318
4.11724
4.16129
4.20535
4.24940
4.29124
4.33309
4.37493
4.41677
4.45168
4.48659
4.52150
4.55641
4.59432
4.63224
4.67016
4.70808
4.73652
4.76496
4.79340
4.82184
4.84940
4.87696
4.90452
4.93208
4.96401
4.99594
5.02788
5.05981
5.07598
5.09215
5.10833
5.12450
5.14478
5.16505
5.18533
5.20561
5.22913
5.25265
5.27618
5.29970
5.31293
5.32616
5.33938
5.35261
5.36876
5.38490
5.40104
5.41718
5.43693
5.45668
5.47643
5.49618
5.51148
5.52677
5.54206
5.55735
5.57407
5.59079
5.60751
5.62423
5.64245
5.66068
5.67890
5.69712
5.71535
5.73357
5.75180
5.77003
5.78862
5.80722
5.82581
5.84441
5.86093
5.87745
5.89397
5.91049
5.93168
5.95288
5.97407
5.99527
6.01307
6.03086
6.04866
6.06646
6.07692
6.08738
6.09783
6.10829
6.09947
6.09065
6.08182
6.07300
6.02866
5.98433
5.93999
5.89565
5.82594
5.75623
5.68651
5.61680
-0.46719
-0.46710
-0.46701
-0.46691
-0.46682
-0.46672
-0.46662
-0.46653
-0.46643
-0.46633
-0.46623
-0.46612
-0.46602
-0.46592
-0.46581
-0.46570
-0.46560
-0.46549
-0.46538
-0.46526
-0.46515
-0.46504
-0.46492
-0.46480
-0.46468
-0.46457
-0.46444
-0.46432
-0.46420
-0.46407
-0.46395
-0.46382
-0.46369
-0.46356
-0.46343
-0.46329
-0.46316
-0.46302
-0.46288
-0.46274
-0.46260
-0.46246
-0.46231
-0.46217
-0.46202
-0.46187
-0.46172
-0.46157
-0.46141
-0.46126
-0.46110
-0.46094
-0.46078
-0.46061
-0.46045
-0.46028
-0.46011
-0.45994
-0.45977
-0.45960
-0.45942
-0.45924
-0.45906
-0.45888
-0.45869
-0.45851
-0.45832
-0.45813
-0.45794
-0.45774
-0.45755
-0.45735
-0.45715
-0.45694
-0.45674
-0.45653
-0.45632
-0.45610
-0.45589
-0.45567
-0.45545
-0.45523
-0.45501
-0.45478
-0.45455
-0.45432
-0.45408
-0.45385
-0.45361
-0.45336
-0.45312
-0.45287
-0.45262
-0.45237
-0.45211
-0.45185
-0.45159
-0.45133
-0.45106
-0.45079
-0.45051
-0.45024
-0.44996
-0.44968
-0.44939
-0.44910
-0.44881
-0.44852
-0.44822
-0.44792
-0.44761
-0.44731
-0.44699
-0.44668
-0.44636
-0.44604
-0.44572
-0.44539
-0.44506
-0.44472
-0.44438
-0.44404
-0.44369
-0.44334
-0.44299
-0.44281
-0.44264
-0.44246
-0.44228
-0.44188
-0.44148
-0.44108
-0.44068
-0.44025
-0.43983
-0.43940
-0.43898
-0.43846
-0.43795
-0.43744
-0.43692
-0.43640
-0.43587
-0.43534
-0.43482
-0.43422
-0.43362
-0.43302
-0.43241
-0.43175
-0.43108
-0.43042
-0.42975
-0.42904
-0.42833
-0.42763
-0.42692
-0.42611
-0.42531
-0.42451
-0.42370
-0.42284
-0.42198
-0.42112
-0.42026
-0.41932
-0.41838
-0.41744
-0.41650
-0.41544
-0.41439
-0.41333
-0.41227
-0.41107
-0.40986
-0.40866
-0.40746
-0.40594
-0.40442
-0.40289
-0.40137
-0.39964
-0.39790
-0.39616
-0.39443
-0.39231
-0.39020
-0.38809
-0.38598
-0.38269
-0.37940
-0.37611
-0.37281
-0.36860
-0.36439
-0.36018
-0.35597
-0.35129
-0.34661
-0.34192
-0.33724
-0.33132
-0.32540
-0.31948
-0.31357
-0.30604
-0.29852
-0.29100
-0.28348
-0.27394
-0.26440
-0.25486
-0.24532
-0.23346
-0.22159
-0.20972
-0.19785
-0.18379
-0.16973
-0.15567
-0.14162
-0.12557
-0.10952
-0.09347
-0.07742
-0.05894
-0.04045
-0.02197
-0.00349
0.01768
0.03884
0.06001
0.08117
0.10430
0.12743
0.15056
0.17369
0.20042
0.22715
0.25388
0.28061
0.30999
0.33936
0.36873
0.39811
0.43093
0.46374
0.49656
0.52938
0.56633
0.60327
0.64021
0.67715
0.71659
0.75603
0.79546
0.83490
0.87846
0.92202
0.96557
1.00913
1.05377
1.09840
1.14304
1.18768
1.23623
1.28479
1.33334
1.38190
1.43096
1.48001
1.52907
1.57813
1.62904
1.67995
1.73086
1.78177
1.83401
1.88624
1.93847
1.99071
2.04202
2.09334
2.14465
2.19597
2.25041
2.30484
2.35928
2.41372
2.46521
2.51671
2.56820
2.61970
2.67421
2.72873
2.78325
2.83776
2.88918
2.94059
2.99200
3.04341
3.09684
3.15026
3.20369
3.25711
3.30774
3.35838
3.40901
3.45964
3.51107
3.56249
3.61392
3.66535
3.71454
3.76374
3.81294
3.86214
3.90968
3.95723
4.00477
4.05232
4.09770
4.14307
4.18845
4.23382
4.27798
4.32213
4.36629
4.41044
4.44726
4.48407
4.52089
4.55770
4.59690
4.63609
4.67528
4.71448
4.74570
4.77692
4.80814
4.83936
4.86890
4.89843
4.92797
4.95751
4.99103
5.02456
5.05808
5.09160
5.10897
5.12634
5.14370
5.16107
5.18312
5.20517
5.22722
5.24927
5.27334
5.29740
5.32147
5.34554
5.35861
5.37168
5.38475
5.39782
5.41475
5.43168
5.44862
5.46555
5.48529
5.50503
5.52477
5.54451
5.55846
5.57240
5.58635
5.60029
5.61649
5.63268
5.64887
5.66507
5.68226
5.69946
5.71666
5.73385
5.75048
5.76711
5.78375
5.80038
5.81709
5.83381
5.85052
5.86724
5.88290
5.89856
5.91422
5.92988
5.94864
5.96740
5.98617
6.00493
6.01971
6.03450
6.04928
6.06407
6.07110
6.07813
6.08517
6.09220
6.08066
6.06913
6.05759
6.04605
6.00341
5.96076
5.91811
5.87547
5.81065
5.74583
5.68102
5.61620
-0.46657
-0.46647
-0.46638
-0.46628
-0.46618
-0.46609
-0.46599
-0.46589
-0.46578
-0.46568
-0.46558
-0.46547
-0.46537
-0.46526
-0.46515
-0.46504
-0.46493
-0.46482
-0.46471
-0.46459
-0.46448
-0.46436
-0.46425
-0.46413
-0.46401
-0.46388
-0.46376
-0.46364
-0.46351
-0.46339
-0.46326
-0.46313
-0.46300
-0.46287
-0.46273
-0.46260
-0.46246
-0.46232
-0.46218
-0.46204
-0.46190
-0.46176
-0.46161
-0.46146
-0.46132
-0.46117
-0.46101
-0.46086
-0.46071
-0.46055
-0.46039
-0.46023
-0.46007
-0.45991
-0.45974
-0.45957
-0.45941
-0.45924
-0.45906
-0.45889
-0.45872
-0.45854
-0.45836
-0.45818
-0.45799
-0.45781
-0.45762
-0.45743
-0.45724
-0.45705
-0.45685
-0.45666
-0.45646
-0.45626
-0.45605
-0.45585
-0.45564
-0.45543
-0.45522
-0.45501
-0.45479
-0.45457
-0.45435
-0.45413
-0.45390
-0.45367
-0.45344
-0.45321
-0.45298
-0.45274
-0.45250
-0.45226
-0.45201
-0.45177
-0.45152
-0.45126
-0.45101
-0.45075
-0.45049
-0.45023
-0.44996
-0.44969
-0.44942
-0.44915
-0.44887
-0.44859
-0.44831
-0.44802
-0.44773
-0.44744
-0.44715
-0.44685
-0.44655
-0.44625
-0.44594
-0.44563
-0.44532
-0.44500
-0.44468
-0.44436
-0.44403
-0.44371
-0.44337
-0.44304
-0.44270
-0.44255
-0.44239
-0.44224
-0.44209
-0.44170
-0.44132
-0.44094
-0.44055
-0.44013
-0.43970
-0.43927
-0.43884
-0.43833
-0.43781
-0.43730
-0.43678
-0.43625
-0.43572
-0.43519
-0.43465
-0.43405
-0.43344
-0.43283
-0.43223
-0.43155
-0.43086
-0.43018
-0.42950
-0.42878
-0.42806
-0.42734
-0.42661
-0.42580
-0.42499
-0.42418
-0.42337
-0.42252
-0.42166
-0.42081
-0.41996
-0.41899
-0.41802
-0.41704
-0.41607
-0.41503
-0.41399
-0.41295
-0.41191
-0.41073
-0.40955
-0.40837
-0.40718
-0.40588
-0.40458
-0.40328
-0.40198
-0.40055
-0.39912
-0.39769
-0.39627
-0.39446
-0.39265
-0.39085
-0.38904
-0.38599
-0.38293
-0.37987
-0.37681
-0.37283
-0.36885
-0.36487
-0.36088
-0.35657
-0.35226
-0.34794
-0.34363
-0.33814
-0.33265
-0.32716
-0.32167
-0.31454
-0.30741
-0.30028
-0.29315
-0.28396
-0.27476
-0.26557
-0.25637
-0.24462
-0.23288
-0.22113
-0.20939
-0.19539
-0.18140
-0.16741
-0.15342
-0.13730
-0.12118
-0.10505
-0.08893
-0.07031
-0.05168
-0.03305
-0.01442
0.00682
0.02807
0.04931
0.07056
0.09374
0.11692
0.14011
0.16329
0.18976
0.21623
0.24270
0.26916
0.29825
0.32733
0.35641
0.38549
0.41788
0.45026
0.48265
0.51504
0.55123
0.58742
0.62361
0.65980
0.69831
0.73682
0.77534
0.81385
0.85609
0.89833
0.94057
0.98281
1.02658
1.07036
1.11414
1.15792
1.20467
1.25142
1.29817
1.34492
1.39331
1.44169
1.49007
1.53845
1.58783
1.63720
1.68657
1.73595
1.78795
1.83995
1.89195
1.94395
1.99432
2.04470
2.09508
2.14546
2.20031
2.25517
2.31003
2.36489
2.41617
2.46746
2.51874
2.57003
2.62524
2.68044
2.73565
2.79086
2.84263
2.89440
2.94617
2.99794
3.05187
3.10581
3.15974
3.21368
3.26511
3.31655
3.36798
3.41942
3.47142
3.52343
3.57543
3.62743
3.67773
3.72802
3.77832
3.82861
3.87736
3.92611
3.97486
4.02361
4.07022
4.11682
4.16342
4.21002
4.25586
4.30170
4.34754
4.39339
4.43220
4.47102
4.50984
4.54865
4.58896
4.62927
4.66959
4.70990
4.74381
4.77773
4.81164
4.84556
4.87671
4.90786
4.93901
4.97017
5.00507
5.03997
5.07487
5.10977
5.12868
5.14758
5.16649
5.18539
5.20902
5.23264
5.25627
5.27990
5.30471
5.32951
5.35432
5.37913
5.39225
5.40537
5.41849
5.43162
5.44925
5.46689
5.48452
5.50216
5.52168
5.54121
5.56074
5.58026
5.59322
5.60617
5.61913
5.63208
5.64784
5.66359
5.67934
5.69510
5.71128
5.72746
5.74364
5.75983
5.77496
5.79009
5.80522
5.82035
5.83548
5.85060
5.86573
5.88086
5.89552
5.91018
5.92484
5.93950
5.95594
5.97237
5.98881
6.00524
6.01727
6.02930
6.04133
6.05336
6.05751
6.06167
6.06582
6.06998
6.05659
6.04320
6.02981
6.01643
5.97575
5.93506
5.89438
5.85370
5.79292
5.73215
5.67137
5.61060
-0.46619
-0.46609
-0.46600
-0.46590
-0.46580
-0.46571
-0.46561
-0.46550
-0.46540
-0.46530
-0.46520
-0.46509
-0.46498
-0.46488
-0.46477
-0.46466
-0.46455
-0.46444
-0.46432
-0.46421
-0.46409
-0.46398
-0.46386
-0.46374
-0.46362
-0.46350
-0.46338
-0.46325
-0.46313
-0.46300
-0.46287
-0.46274
-0.46261
-0.46248
-0.46235
-0.46221
-0.46208
-0.46194
-0.46180
-0.46166
-0.46152
-0.46138
-0.46123
-0.46109
-0.46094
-0.46079
-0.46064
-0.46049
-0.46033
-0.46018
-0.46002
-0.45986
-0.45970
-0.45954
-0.45938
-0.45922
-0.45905
-0.45888
-0.45871
-0.45854
-0.45837
-0.45819
-0.45801
-0.45783
-0.45765
-0.45747
-0.45729
-0.45710
-0.45691
-0.45672
-0.45653
-0.45634
-0.45614
-0.45594
-0.45575
-0.45554
-0.45534
-0.45513
-0.45493
-0.45472
-0.45450
-0.45429
-0.45407
-0.45385
-0.45363
-0.45341
-0.45319
-0.45296
-0.45273
-0.45250
-0.45226
-0.45203
-0.45179
-0.45154
-0.45130
-0.45105
-0.45081
-0.45055
-0.45030
-0.45004
-0.44978
-0.44952
-0.44926
-0.44899
-0.44872
-0.44845
-0.44818
-0.44790
-0.44762
-0.44734
-0.44705
-0.44676
-0.44647
-0.44617
-0.44588
-0.44558
-0.44527
-0.44497
-0.44466
-0.44435
-0.44403
-0.44371
-0.44339
-0.44306
-0.44274
-0.44251
-0.44229
-0.44207
-0.44184
-0.44149
-0.44113
-0.44078
-0.44042
-0.44000
-0.43958
-0.43916
-0.43874
-0.43827
-0.43780
-0.43733
-0.43686
-0.43636
-0.43587
-0.43538
-0.43488
-0.43434
-0.43380
-0.43325
-0.43271
-0.43210
-0.43149
-0.43088
-0.43027
-0.42962
-0.42898
-0.42834
-0.42769
-0.42696
-0.42624
-0.42551
-0.42478
-0.42402
-0.42325
-0.42248
-0.42172
-0.42083
-0.41995
-0.41907
-0.41818
-0.41723
-0.41628
-0.41532
-0.41437
-0.41326
-0.41215
-0.41103
-0.40992
-0.40867
-0.40742
-0.40617
-0.40493
-0.40351
-0.40209
-0.40068
-0.39926
-0.39754
-0.39583
-0.39411
-0.39239
-0.38966
-0.38693
-0.38420
-0.38147
-0.37783
-0.37419
-0.37056
-0.36692
-0.36287
-0.35881
-0.35476
-0.35071
-0.34570
-0.34069
-0.33569
-0.33068
-0.32421
-0.31774
-0.31128
-0.30481
-0.29651
-0.28821
-0.27991
-0.27161
-0.26096
-0.25031
-0.23966
-0.22902
-0.21610
-0.20318
-0.19026
-0.17734
-0.16195
-0.14655
-0.13116
-0.11577
-0.09759
-0.07942
-0.06124
-0.04307
-0.02196
-0.00085
0.02026
0.04137
0.06515
0.08893
0.11271
0.13649
0.16359
0.19069
0.21779
0.24490
0.27507
0.30524
0.33541
0.36558
0.39886
0.43214
0.46542
0.49870
0.53542
0.57215
0.60887
0.64560
0.68442
0.72324
0.76206
0.80088
0.84258
0.88429
0.92599
0.96770
1.01108
1.05446
1.09784
1.14123
1.18677
1.23231
1.27786
1.32340
1.37108
1.41876
1.46643
1.51411
1.56213
1.61015
1.65817
1.70620
1.75703
1.80787
1.85871
1.90955
1.95900
2.00846
2.05791
2.10737
2.16066
2.21396
2.26726
2.32056
2.37153
2.42251
2.47348
2.52445
2.57846
2.63247
2.68647
2.74048
2.79260
2.84473
2.89686
2.94898
3.00218
3.05538
3.10858
3.16178
3.21414
3.26650
3.31885
3.37121
3.42269
3.47418
3.52566
3.57715
3.62857
3.67999
3.73140
3.78282
3.83187
3.88091
3.92995
3.97900
4.02662
4.07425
4.12188
4.16951
4.21578
4.26204
4.30831
4.35457
4.39558
4.43658
4.47759
4.51859
4.55970
4.60081
4.64192
4.68302
4.71946
4.75589
4.79233
4.82876
4.86080
4.89284
4.92487
4.95691
4.99275
5.02860
5.06444
5.10028
5.12143
5.14257
5.16371
5.18485
5.20965
5.23446
5.25926
5.28406
5.31001
5.33596
5.36190
5.38785
5.40145
5.41506
5.42866
5.44227
5.46043
5.47858
5.49674
5.51490
5.53379
5.55268
5.57158
5.59047
5.60316
5.61585
5.62855
5.64124
5.65673
5.67222
5.68771
5.70320
5.71839
5.73359
5.74878
5.76397
5.77779
5.79161
5.80543
5.81924
5.83338
5.84752
5.86166
5.87579
5.88917
5.90256
5.91594
5.92932
5.94363
5.95795
5.97226
5.98658
5.99637
6.00616
6.01595
6.02575
6.02814
6.03053
6.03292
6.03531
6.02182
6.00833
5.99485
5.98136
5.94320
5.90504
5.86688
5.82873
5.77025
5.71178
5.65330
5.59483
-0.46581
-0.46572
-0.46562
-0.46552
-0.46542
-0.46532
-0.46522
-0.46512
-0.46502
-0.46492
-0.46481
-0.46471
-0.46460
-0.46449
-0.46438
-0.46427
-0.46416
-0.46405
-0.46394
-0.46382
-0.46371
-0.46359
-0.46347
-0.46335
-0.46323
-0.46311
-0.46299
-0.46287
-0.46274
-0.46261
-0.46249
-0.46236
-0.46223
-0.46210
-0.46196
-0.46183
-0.46169
-0.46156
-0.46142
-0.46128
-0.46114
-0.46100
-0.46085
-0.46071
-0.46056
-0.46042
-0.46027
-0.46012
-0.45996
-0.45981
-0.45965
-0.45950
-0.45934
-0.45918
-0.45902
-0.45886
-0.45869
-0.45852
-0.45836
-0.45819
-0.45802
-0.45784
-0.45767
-0.45749
-0.45731
-0.45713
-0.45695
-0.45677
-0.45658
-0.45640
-0.45621
-0.45602
-0.45583
-0.45563
-0.45544
-0.45524
-0.45504
-0.45484
-0.45463
-0.45443
-0.45422
-0.45401
-0.45380
-0.45358
-0.45337
-0.45315
-0.45293
-0.45270
-0.45248
-0.45225
-0.45202
-0.45179
-0.45156
-0.45132
-0.45109
-0.45085
-0.45060
-0.45036
-0.45011
-0.44986
-0.44961
-0.44935
-0.44910
-0.44884
-0.44858
-0.44831
-0.44804
-0.44777
-0.44750
-0.44723
-0.44695
-0.44667
-0.44639
-0.44610
-0.44581
-0.44552
-0.44523
-0.44493
-0.44463
-0.44433
-0.44403
-0.44372
-0.44341
-0.44309
-0.44278
-0.44248
-0.44219
-0.44189
-0.44159
-0.44127
-0.44094
-0.44062
-0.44029
-0.43988
-0.43947
-0.43906
-0.43865
-0.43822
-0.43779
-0.43736
-0.43693
-0.43648
-0.43602
-0.43557
-0.43511
-0.43463
-0.43415
-0.43367
-0.43319
-0.43266
-0.43212
-0.43158
-0.43104
-0.43047
-0.42990
-0.42934
-0.42877
-0.42812
-0.42748
-0.42684
-0.42620
-0.42552
-0.42483
-0.42415
-0.42347
-0.42268
-0.42188
-0.42109
-0.42029
-0.41943
-0.41856
-0.41770
-0.41683
-0.41579
-0.41474
-0.41370
-0.41265
-0.41146
-0.41026
-0.40907
-0.40788
-0.40647
-0.40506
-0.40366
-0.40225
-0.40063
-0.39900
-0.39737
-0.39574
-0.39334
-0.39094
-0.38853
-0.38613
-0.38283
-0.37954
-0.37624
-0.37295
-0.36916
-0.36537
-0.36158
-0.35779
-0.35327
-0.34874
-0.34421
-0.33969
-0.33388
-0.32808
-0.32227
-0.31646
-0.30906
-0.30166
-0.29426
-0.28686
-0.27730
-0.26775
-0.25820
-0.24865
-0.23680
-0.22495
-0.21310
-0.20126
-0.18659
-0.17193
-0.15727
-0.14261
-0.12488
-0.10716
-0.08943
-0.07171
-0.05074
-0.02976
-0.00879
0.01219
0.03656
0.06094
0.08531
0.10969
0.13742
0.16516
0.19289
0.22063
0.25189
0.28315
0.31442
0.34568
0.37985
0.41402
0.44819
0.48235
0.51962
0.55688
0.59414
0.63141
0.67053
0.70966
0.74878
0.78791
0.82908
0.87025
0.91142
0.95259
0.99558
1.03856
1.08155
1.12453
1.16887
1.21321
1.25755
1.30188
1.34885
1.39582
1.44279
1.48976
1.53643
1.58310
1.62977
1.67644
1.72612
1.77580
1.82548
1.87515
1.92368
1.97221
2.02074
2.06927
2.12101
2.17275
2.22449
2.27623
2.32689
2.37755
2.42821
2.47888
2.53168
2.58449
2.63729
2.69010
2.74258
2.79506
2.84754
2.90002
2.95249
3.00496
3.05742
3.10989
3.16317
3.21644
3.26972
3.32300
3.37396
3.42493
3.47590
3.52686
3.57941
3.63195
3.68449
3.73703
3.78637
3.83571
3.88504
3.93438
3.98303
4.03169
4.08034
4.12900
4.17569
4.22238
4.26907
4.31576
4.35895
4.40215
4.44534
4.48853
4.53043
4.57234
4.61425
4.65615
4.69511
4.73406
4.77302
4.81197
4.84489
4.87781
4.91073
4.94365
4.98043
5.01722
5.05401
5.09080
5.11417
5.13755
5.16093
5.18431
5.21029
5.23627
5.26225
5.28823
5.31531
5.34240
5.36949
5.39657
5.41066
5.42475
5.43883
5.45292
5.47160
5.49028
5.50896
5.52765
5.54590
5.56416
5.58242
5.60067
5.61311
5.62553
5.63796
5.65039
5.66562
5.68085
5.69608
5.71130
5.72551
5.73971
5.75391
5.76812
5.78062
5.79313
5.80564
5.81814
5.83129
5.84443
5.85758
5.87073
5.88283
5.89493
5.90703
5.91914
5.93133
5.94353
5.95572
5.96792
5.97547
5.98303
5.99058
5.99813
5.99876
5.99939
6.00001
6.00064
5.98705
5.97346
5.95988
5.94629
5.91065
5.87502
5.83939
5.80375
5.74758
5.69140
5.63523
5.57905
-0.46573
-0.46563
-0.46554
-0.46544
-0.46534
-0.46524
-0.46514
-0.46504
-0.46494
-0.46484
-0.46474
-0.46463
-0.46453
-0.46442
-0.46431
-0.46420
-0.46409
-0.46398
-0.46387
-0.46376
-0.46364
-0.46353
-0.46341
-0.46329
-0.46317
-0.46305
-0.46293
-0.46281
-0.46269
-0.46256
-0.46244
-0.46231
-0.46218
-0.46205
-0.46192
-0.46179
-0.46165
-0.46152
-0.46138
-0.46125
-0.46111
-0.46097
-0.46083
-0.46068
-0.46054
-0.46039
-0.46025
-0.46010
-0.45995
-0.45980
-0.45964
-0.45949
-0.45933
-0.45918
-0.45902
-0.45886
-0.45870
-0.45853
-0.45837
-0.45820
-0.45803
-0.45786
-0.45769
-0.45752
-0.45734
-0.45717
-0.45699
-0.45681
-0.45663
-0.45644
-0.45626
-0.45607
-0.45588
-0.45569
-0.45550
-0.45531
-0.45511
-0.45491
-0.45471
-0.45451
-0.45431
-0.45410
-0.45389
-0.45368
-0.45347
-0.45326
-0.45304
-0.45283
-0.45261
-0.45238
-0.45216
-0.45193
-0.45171
-0.45148
-0.45124
-0.45101
-0.45077
-0.45053
-0.45029
-0.45005
-0.44980
-0.44955
-0.44930
-0.44905
-0.44879
-0.44853
-0.44827
-0.44801
-0.44775
-0.44748
-0.44721
-0.44693
-0.44666
-0.44638
-0.44610
-0.44582
-0.44553
-0.44524
-0.44495
-0.44466
-0.44436
-0.44406
-0.44376
-0.44345
-0.44314
-0.44283
-0.44252
-0.44220
-0.44188
-0.44161
-0.44134
-0.44107
-0.44080
-0.44039
-0.43999
-0.43958
-0.43918
-0.43877
-0.43836
-0.43795
-0.43755
-0.43709
-0.43663
-0.43617
-0.43571
-0.43524
-0.43477
-0.43430
-0.43383
-0.43329
-0.43275
-0.43221
-0.43167
-0.43109
-0.43052
-0.42994
-0.42937
-0.42872
-0.42807
-0.42742
-0.42677
-0.42606
-0.42536
-0.42465
-0.42394
-0.42314
-0.42235
-0.42155
-0.42075
-0.41987
-0.41899
-0.41811
-0.41723
-0.41620
-0.41517
-0.41414
-0.41311
-0.41194
-0.41077
-0.40960
-0.40843
-0.40707
-0.40571
-0.40435
-0.40299
-0.40145
-0.39991
-0.39837
-0.39683
-0.39475
-0.39268
-0.39060
-0.38853
-0.38575
-0.38297
-0.38019
-0.37742
-0.37418
-0.37094
-0.36771
-0.36447
-0.36029
-0.35611
-0.35193
-0.34775
-0.34240
-0.33705
-0.33170
-0.32635
-0.31975
-0.31315
-0.30655
-0.29995
-0.29145
-0.28295
-0.27445
-0.26595
-0.25524
-0.24452
-0.23381
-0.22310
-0.20960
-0.19610
-0.18259
-0.16909
-0.15250
-0.13591
-0.11932
-0.10273
-0.08275
-0.06276
-0.04278
-0.02279
0.00087
0.02453
0.04820
0.07186
0.09903
0.12620
0.15337
0.18054
0.21147
0.24240
0.27333
0.30426
0.33840
0.37254
0.40668
0.44082
0.47797
0.51512
0.55227
0.58942
0.62918
0.66894
0.70870
0.74847
0.78991
0.83135
0.87280
0.91424
0.95801
1.00178
1.04555
1.08932
1.13392
1.17852
1.22311
1.26771
1.31481
1.36191
1.40901
1.45611
1.50272
1.54934
1.59595
1.64257
1.69154
1.74051
1.78949
1.83846
1.88660
1.93474
1.98287
2.03101
2.08133
2.13166
2.18198
2.23230
2.28246
2.33261
2.38277
2.43292
2.48409
2.53525
2.58641
2.63757
2.68989
2.74220
2.79451
2.84682
2.89821
2.94960
3.00099
3.05238
3.10561
3.15884
3.21206
3.26529
3.31588
3.36647
3.41706
3.46764
3.52012
3.57259
3.62507
3.67754
3.72702
3.77649
3.82596
3.87544
3.92425
3.97307
4.02188
4.07070
4.11746
4.16422
4.21098
4.25774
4.30227
4.34680
4.39132
4.43585
4.47828
4.52071
4.56314
4.60557
4.64650
4.68743
4.72836
4.76929
4.80303
4.83677
4.87051
4.90425
4.94167
4.97908
5.01650
5.05391
5.07980
5.10569
5.13158
5.15746
5.18415
5.21084
5.23753
5.26422
5.29259
5.32096
5.34933
5.37771
5.39254
5.40738
5.42222
5.43705
5.45656
5.47607
5.49557
5.51508
5.53348
5.55188
5.57028
5.58868
5.60103
5.61337
5.62571
5.63805
5.65331
5.66858
5.68385
5.69912
5.71263
5.72615
5.73966
5.75318
5.76472
5.77626
5.78779
5.79933
5.81195
5.82456
5.83718
5.84979
5.86057
5.87135
5.88212
5.89290
5.90350
5.91411
5.92471
5.93531
5.94135
5.94739
5.95343
5.95947
5.95919
5.95891
5.95864
5.95836
5.94530
5.93223
5.91916
5.90610
5.87292
5.83975
5.80657
5.77340
5.71867
5.66395
5.60922
5.55450
-0.46580
-0.46571
-0.46561
-0.46552
-0.46542
-0.46532
-0.46523
-0.46513
-0.46503
-0.46493
-0.46482
-0.46472
-0.46462
-0.46451
-0.46441
-0.46430
-0.46419
-0.46408
-0.46397
-0.46386
-0.46375
-0.46364
-0.46352
-0.46341
-0.46329
-0.46317
-0.46305
-0.46293
-0.46281
-0.46269
-0.46256
-0.46244
-0.46231
-0.46219
-0.46206
-0.46193
-0.46180
-0.46166
-0.46153
-0.46140
-0.46126
-0.46112
-0.46098
-0.46084
-0.46070
-0.46056
-0.46041
-0.46027
-0.46012
-0.45997
-0.45982
-0.45967
-0.45952
-0.45937
-0.45921
-0.45905
-0.45889
-0.45873
-0.45857
-0.45841
-0.45824
-0.45808
-0.45791
-0.45774
-0.45757
-0.45740
-0.45722
-0.45704
-0.45687
-0.45669
-0.45651
-0.45632
-0.45614
-0.45595
-0.45576
-0.45557
-0.45538
-0.45519
-0.45499
-0.45479
-0.45460
-0.45439
-0.45419
-0.45399
-0.45378
-0.45357
-0.45336
-0.45315
-0.45293
-0.45271
-0.45250
-0.45227
-0.45205
-0.45183
-0.45160
-0.45137
-0.45114
-0.45090
-0.45067
-0.45043
-0.45019
-0.44995
-0.44970
-0.44945
-0.44920
-0.44895
-0.44870
-0.44844
-0.44818
-0.44792
-0.44765
-0.44739
-0.44712
-0.44685
-0.44657
-0.44630
-0.44602
-0.44574
-0.44545
-0.44516
-0.44487
-0.44458
-0.44429
-0.44399
-0.44369
-0.44339
-0.44308
-0.44277
-0.44246
-0.44225
-0.44205
-0.44184
-0.44163
-0.44124
-0.44084
-0.44044
-0.44004
-0.43964
-0.43925
-0.43885
-0.43845
-0.43797
-0.43748
-0.43699
-0.43651
-0.43602
-0.43552
-0.43503
-0.43454
-0.43396
-0.43338
-0.43280
-0.43223
-0.43160
-0.43097
-0.43034
-0.42972
-0.42901
-0.42830
-0.42760
-0.42689
-0.42610
-0.42531
-0.42452
-0.42372
-0.42287
-0.42202
-0.42117
-0.42032
-0.41937
-0.41843
-0.41748
-0.41653
-0.41549
-0.41445
-0.41341
-0.41236
-0.41120
-0.41004
-0.40887
-0.40771
-0.40641
-0.40511
-0.40382
-0.40252
-0.40107
-0.39961
-0.39816
-0.39671
-0.39496
-0.39322
-0.39147
-0.38972
-0.38756
-0.38539
-0.38322
-0.38105
-0.37852
-0.37599
-0.37347
-0.37094
-0.36703
-0.36313
-0.35922
-0.35532
-0.35031
-0.34531
-0.34030
-0.33529
-0.32945
-0.32360
-0.31775
-0.31190
-0.30443
-0.29696
-0.28949
-0.28201
-0.27247
-0.26292
-0.25338
-0.24383
-0.23172
-0.21961
-0.20750
-0.19539
-0.18030
-0.16520
-0.15011
-0.13502
-0.11648
-0.09794
-0.07940
-0.06086
-0.03861
-0.01636
0.00589
0.02814
0.05411
0.08007
0.10604
0.13201
0.16185
0.19169
0.22154
0.25138
0.28500
0.31862
0.35223
0.38585
0.42254
0.45923
0.49592
0.53260
0.57318
0.61376
0.65433
0.69491
0.73706
0.77920
0.82134
0.86349
0.90868
0.95386
0.99905
1.04423
1.08987
1.13551
1.18115
1.22679
1.27447
1.32214
1.36981
1.41749
1.46474
1.51199
1.55924
1.60649
1.65501
1.70352
1.75203
1.80054
1.84857
1.89660
1.94462
1.99265
2.04164
2.09062
2.13961
2.18859
2.23814
2.28768
2.33723
2.38677
2.43605
2.48534
2.53462
2.58390
2.63577
2.68763
2.73950
2.79136
2.84149
2.89162
2.94175
2.99188
3.04454
3.09720
3.14986
3.20252
3.25280
3.30309
3.35337
3.40366
3.45543
3.50720
3.55897
3.61074
3.66027
3.70980
3.75933
3.80886
3.85737
3.90589
3.95440
4.00291
4.04955
4.09620
4.14284
4.18948
4.23489
4.28029
4.32570
4.37110
4.41392
4.45673
4.49954
4.54235
4.58497
4.62758
4.67020
4.71281
4.74734
4.78186
4.81639
4.85092
4.88879
4.92667
4.96454
5.00242
5.03096
5.05950
5.08804
5.11659
5.14374
5.17088
5.19803
5.22518
5.25492
5.28466
5.31439
5.34413
5.35986
5.37559
5.39132
5.40704
5.42754
5.44803
5.46853
5.48902
5.50798
5.52694
5.54590
5.56486
5.57720
5.58954
5.60189
5.61423
5.62970
5.64517
5.66064
5.67612
5.68910
5.70208
5.71507
5.72805
5.73881
5.74957
5.76033
5.77109
5.78341
5.79574
5.80807
5.82039
5.82982
5.83925
5.84868
5.85810
5.86740
5.87669
5.88598
5.89528
5.90018
5.90509
5.91000
5.91491
5.91419
5.91347
5.91274
5.91202
5.89981
5.88760
5.87539
5.86318
5.83243
5.80168
5.77092
5.74017
5.68644
5.63272
5.57899
5.52526
-0.46572
-0.46562
-0.46553
-0.46544
-0.46534
-0.46525
-0.46515
-0.46505
-0.46496
-0.46486
-0.46476
-0.46465
-0.46455
-0.46445
-0.46435
-0.46424
-0.46413
-0.46403
-0.46392
-0.46381
-0.46370
-0.46359
-0.46348
-0.46336
-0.46325
-0.46313
-0.46302
-0.46290
-0.46278
-0.46266
-0.46254
-0.46242
-0.46229
-0.46217
-0.46204
-0.46192
-0.46179
-0.46166
-0.46153
-0.46140
-0.46126
-0.46113
-0.46099
-0.46086
-0.46072
-0.46058
-0.46044
-0.46029
-0.46015
-0.46001
-0.45986
-0.45971
-0.45956
-0.45941
-0.45926
-0.45911
-0.45895
-0.45880
-0.45864
-0.45848
-0.45832
-0.45816
-0.45800
-0.45783
-0.45766
-0.45750
-0.45733
-0.45715
-0.45698
-0.45681
-0.45663
-0.45645
-0.45627
-0.45609
-0.45591
-0.45572
-0.45554
-0.45535
-0.45516
-0.45497
-0.45477
-0.45458
-0.45438
-0.45418
-0.45398
-0.45378
-0.45358
-0.45337
-0.45316
-0.45295
-0.45274
-0.45252
-0.45231
-0.45209
-0.45187
-0.45165
-0.45142
-0.45120
-0.45097
-0.45074
-0.45051
-0.45027
-0.45003
-0.44980
-0.44955
-0.44931
-0.44906
-0.44882
-0.44857
-0.44831
-0.44806
-0.44780
-0.44754
-0.44728
-0.44702
-0.44675
-0.44648
-0.44621
-0.44593
-0.44566
-0.44538
-0.44510
-0.44481
-0.44452
-0.44423
-0.44394
-0.44365
-0.44335
-0.44305
-0.44288
-0.44271
-0.44254
-0.44237
-0.44200
-0.44162
-0.44124
-0.44086
-0.44048
-0.44009
-0.43971
-0.43932
-0.43884
-0.43835
-0.43786
-0.43737
-0.43687
-0.43638
-0.43588
-0.43538
-0.43479
-0.43420
-0.43361
-0.43302
-0.43237
-0.43172
-0.43107
-0.43041
-0.42969
-0.42896
-0.42823
-0.42750
-0.42667
-0.42583
-0.42499
-0.42415
-0.42328
-0.42240
-0.42153
-0.42066
-0.41967
-0.41869
-0.41771
-0.41673
-0.41569
-0.41465
-0.41361
-0.41257
-0.41142
-0.41027
-0.40912
-0.40797
-0.40673
-0.40548
-0.40424
-0.40300
-0.40161
-0.40023
-0.39884
-0.39746
-0.39594
-0.39443
-0.39291
-0.39139
-0.38965
-0.38790
-0.38616
-0.38441
-0.38238
-0.38034
-0.37831
-0.37628
-0.37270
-0.36912
-0.36555
-0.36197
-0.35740
-0.35283
-0.34825
-0.34368
-0.33854
-0.33339
-0.32825
-0.32311
-0.31648
-0.30985
-0.30322
-0.29659
-0.28805
-0.27951
-0.27096
-0.26242
-0.25161
-0.24081
-0.23000
-0.21919
-0.20557
-0.19194
-0.17832
-0.16469
-0.14768
-0.13066
-0.11365
-0.09663
-0.07596
-0.05529
-0.03461
-0.01394
0.01056
0.03506
0.05956
0.08406
0.11250
0.14094
0.16939
0.19783
0.23043
0.26303
0.29563
0.32823
0.36404
0.39985
0.43567
0.47148
0.51196
0.55245
0.59294
0.63343
0.67562
0.71780
0.75999
0.80218
0.84782
0.89346
0.93910
0.98474
1.03089
1.07704
1.12319
1.16934
1.21710
1.26486
1.31262
1.36038
1.40814
1.45590
1.50366
1.55142
1.59959
1.64776
1.69593
1.74410
1.79232
1.84053
1.88875
1.93696
1.98522
2.03347
2.08173
2.12998
2.17934
2.22871
2.27807
2.32743
2.37572
2.42402
2.47231
2.52061
2.57211
2.62361
2.67511
2.72661
2.77601
2.82541
2.87482
2.92422
2.97626
3.02830
3.08034
3.13237
3.18240
3.23242
3.28245
3.33247
3.38352
3.43457
3.48562
3.53667
3.58610
3.63552
3.68495
3.73437
3.78260
3.83083
3.87906
3.92729
3.97380
4.02031
4.06683
4.11334
4.15928
4.20521
4.25115
4.29709
4.34020
4.38331
4.42642
4.46953
4.51316
4.55679
4.60042
4.64405
4.67961
4.71517
4.75073
4.78629
4.82438
4.86247
4.90056
4.93865
4.96978
5.00091
5.03204
5.06318
5.09078
5.11838
5.14599
5.17359
5.20450
5.23540
5.26631
5.29722
5.31432
5.33142
5.34852
5.36563
5.38701
5.40840
5.42979
5.45117
5.47102
5.49086
5.51070
5.53055
5.54300
5.55545
5.56790
5.58036
5.59613
5.61191
5.62768
5.64346
5.65622
5.66899
5.68176
5.69453
5.70470
5.71486
5.72503
5.73520
5.74734
5.75949
5.77163
5.78378
5.79213
5.80049
5.80884
5.81720
5.82548
5.83376
5.84203
5.85031
5.85446
5.85860
5.86275
5.86690
5.86608
5.86526
5.86444
5.86362
5.85250
5.84138
5.83026
5.81914
5.79082
5.76250
5.73418
5.70586
5.65420
5.60254
5.55089
5.49923
-0.46532
-0.46523
-0.46513
-0.46504
-0.46495
-0.46485
-0.46476
-0.46466
-0.46457
-0.46447
-0.46437
-0.46427
-0.46417
-0.46407
-0.46397
-0.46386
-0.46376
-0.46366
-0.46355
-0.46344
-0.46334
-0.46323
-0.46312
-0.46301
-0.46289
-0.46278
-0.46267
-0.46255
-0.46244
-0.46232
-0.46220
-0.46208
-0.46196
-0.46184
-0.46172
-0.46160
-0.46147
-0.46135
-0.46122
-0.46109
-0.46096
-0.46083
-0.46070
-0.46057
-0.46044
-0.46030
-0.46017
-0.46003
-0.45989
-0.45975
-0.45961
-0.45947
-0.45932
-0.45918
-0.45903
-0.45888
-0.45874
-0.45859
-0.45843
-0.45828
-0.45813
-0.45797
-0.45781
-0.45766
-0.45750
-0.45733
-0.45717
-0.45701
-0.45684
-0.45668
-0.45651
-0.45634
-0.45616
-0.45599
-0.45582
-0.45564
-0.45546
-0.45528
-0.45510
-0.45492
-0.45473
-0.45455
-0.45436
-0.45417
-0.45398
-0.45379
-0.45359
-0.45340
-0.45320
-0.45300
-0.45280
-0.45260
-0.45239
-0.45218
-0.45198
-0.45176
-0.45155
-0.45134
-0.45112
-0.45090
-0.45068
-0.45046
-0.45024
-0.45001
-0.44978
-0.44955
-0.44932
-0.44909
-0.44885
-0.44861
-0.44837
-0.44813
-0.44789
-0.44764
-0.44739
-0.44714
-0.44689
-0.44663
-0.44638
-0.44612
-0.44585
-0.44559
-0.44532
-0.44505
-0.44478
-0.44451
-0.44423
-0.44395
-0.44367
-0.44349
-0.44330
-0.44311
-0.44292
-0.44259
-0.44225
-0.44192
-0.44159
-0.44122
-0.44086
-0.44050
-0.44014
-0.43970
-0.43925
-0.43881
-0.43837
-0.43790
-0.43742
-0.43695
-0.43648
-0.43593
-0.43539
-0.43484
-0.43430
-0.43368
-0.43306
-0.43244
-0.43182
-0.43114
-0.43046
-0.42977
-0.42909
-0.42829
-0.42748
-0.42668
-0.42587
-0.42504
-0.42420
-0.42336
-0.42252
-0.42157
-0.42063
-0.41968
-0.41873
-0.41772
-0.41671
-0.41571
-0.41470
-0.41358
-0.41246
-0.41134
-0.41022
-0.40901
-0.40780
-0.40658
-0.40537
-0.40402
-0.40267
-0.40132
-0.39997
-0.39848
-0.39699
-0.39550
-0.39401
-0.39232
-0.39063
-0.38894
-0.38724
-0.38527
-0.38330
-0.38132
-0.37935
-0.37621
-0.37308
-0.36994
-0.36680
-0.36284
-0.35887
-0.35491
-0.35094
-0.34641
-0.34187
-0.33734
-0.33280
-0.32665
-0.32050
-0.31434
-0.30819
-0.30032
-0.29244
-0.28456
-0.27669
-0.26701
-0.25734
-0.24766
-0.23798
-0.22577
-0.21355
-0.20134
-0.18912
-0.17380
-0.15847
-0.14314
-0.12781
-0.10904
-0.09027
-0.07150
-0.05273
-0.03022
-0.00772
0.01478
0.03729
0.06370
0.09010
0.11651
0.14292
0.17352
0.20411
0.23470
0.26530
0.29940
0.33350
0.36759
0.40169
0.44028
0.47886
0.51744
0.55603
0.59694
0.63786
0.67877
0.71968
0.76384
0.80799
0.85215
0.89631
0.94190
0.98749
1.03309
1.07868
1.12555
1.17242
1.21928
1.26615
1.31416
1.36218
1.41019
1.45820
1.50628
1.55435
1.60242
1.65049
1.69949
1.74849
1.79748
1.84648
1.89523
1.94398
1.99272
2.04147
2.09151
2.14154
2.19157
2.24161
2.29070
2.33980
2.38890
2.43800
2.48930
2.54060
2.59190
2.64320
2.69295
2.74270
2.79245
2.84220
2.89351
2.94482
2.99613
3.04744
3.09729
3.14714
3.19698
3.24683
3.29713
3.34742
3.39772
3.44802
3.49701
3.54600
3.59500
3.64399
3.69198
3.73997
3.78796
3.83595
3.88230
3.92866
3.97502
4.02137
4.06714
4.11291
4.15868
4.20445
4.24769
4.29094
4.33418
4.37742
4.42072
4.46403
4.50733
4.55063
4.58773
4.62482
4.66191
4.69901
4.73681
4.77462
4.81243
4.85023
4.88383
4.91742
4.95101
4.98460
5.01266
5.04071
5.06876
5.09681
5.12849
5.16016
5.19184
5.22352
5.24296
5.26241
5.28186
5.30130
5.32339
5.34548
5.36756
5.38965
5.41104
5.43242
5.45381
5.47519
5.48797
5.50075
5.51352
5.52630
5.54258
5.55886
5.57514
5.59142
5.60460
5.61778
5.63096
5.64414
5.65410
5.66406
5.67402
5.68397
5.69615
5.70833
5.72050
5.73268
5.74052
5.74835
5.75619
5.76403
5.77189
5.77975
5.78761
5.79547
5.79959
5.80371
5.80784
5.81196
5.81173
5.81151
5.81128
5.81105
5.80150
5.79194
5.78239
5.77283
5.74697
5.72110
5.69523
5.66937
5.62193
5.57450
5.52706
5.47963
-0.46491
-0.46483
-0.46474
-0.46464
-0.46455
-0.46446
-0.46437
-0.46427
-0.46418
-0.46408
-0.46399
-0.46389
-0.46379
-0.46369
-0.46359
-0.46349
-0.46339
-0.46329
-0.46318
-0.46308
-0.46297
-0.46287
-0.46276
-0.46265
-0.46254
-0.46243
-0.46232
-0.46221
-0.46210
-0.46198
-0.46187
-0.46175
-0.46164
-0.46152
-0.46140
-0.46128
-0.46116
-0.46104
-0.46092
-0.46079
-0.46067
-0.46054
-0.46041
-0.46029
-0.46016
-0.46003
-0.45989
-0.45976
-0.45963
-0.45949
-0.45936
-0.45922
-0.45908
-0.45894
-0.45880
-0.45866
-0.45852
-0.45837
-0.45823
-0.45808
-0.45793
-0.45778
-0.45763
-0.45748
-0.45733
-0.45717
-0.45702
-0.45686
-0.45670
-0.45654
-0.45638
-0.45622
-0.45606
-0.45589
-0.45572
-0.45556
-0.45539
-0.45522
-0.45504
-0.45487
-0.45469
-0.45452
-0.45434
-0.45416
-0.45398
-0.45380
-0.45361
-0.45343
-0.45324
-0.45305
-0.45286
-0.45267
-0.45247
-0.45228
-0.45208
-0.45188
-0.45168
-0.45148
-0.45127
-0.45107
-0.45086
-0.45065
-0.45044
-0.45023
-0.45001
-0.44980
-0.44958
-0.44936
-0.44914
-0.44892
-0.44869
-0.44846
-0.44823
-0.44800
-0.44777
-0.44753
-0.44730
-0.44706
-0.44682
-0.44658
-0.44633
-0.44608
-0.44583
-0.44558
-0.44533
-0.44507
-0.44482
-0.44456
-0.44430
-0.44409
-0.44388
-0.44368
-0.44347
-0.44318
-0.44289
-0.44260
-0.44231
-0.44197
-0.44163
-0.44129
-0.44095
-0.44055
-0.44016
-0.43976
-0.43937
-0.43892
-0.43847
-0.43802
-0.43757
-0.43708
-0.43658
-0.43608
-0.43558
-0.43499
-0.43440
-0.43381
-0.43322
-0.43259
-0.43195
-0.43131
-0.43068
-0.42991
-0.42914
-0.42836
-0.42759
-0.42679
-0.42599
-0.42519
-0.42439
-0.42348
-0.42256
-0.42164
-0.42072
-0.41975
-0.41878
-0.41780
-0.41683
-0.41574
-0.41465
-0.41356
-0.41248
-0.41129
-0.41011
-0.40892
-0.40774
-0.40642
-0.40511
-0.40379
-0.40247
-0.40101
-0.39955
-0.39809
-0.39662
-0.39499
-0.39335
-0.39171
-0.39008
-0.38816
-0.38625
-0.38434
-0.38243
-0.37973
-0.37703
-0.37433
-0.37163
-0.36828
-0.36492
-0.36156
-0.35821
-0.35428
-0.35035
-0.34642
-0.34250
-0.33682
-0.33114
-0.32547
-0.31979
-0.31258
-0.30537
-0.29817
-0.29096
-0.28241
-0.27387
-0.26532
-0.25678
-0.24597
-0.23517
-0.22436
-0.21356
-0.19992
-0.18628
-0.17264
-0.15899
-0.14213
-0.12526
-0.10839
-0.09152
-0.07101
-0.05050
-0.02999
-0.00948
0.01489
0.03927
0.06364
0.08801
0.11660
0.14519
0.17378
0.20237
0.23475
0.26714
0.29952
0.33191
0.36859
0.40527
0.44195
0.47863
0.51827
0.55791
0.59755
0.63719
0.67986
0.72253
0.76520
0.80787
0.85291
0.89795
0.94299
0.98803
1.03400
1.07998
1.12595
1.17192
1.22019
1.26846
1.31672
1.36499
1.41296
1.46094
1.50891
1.55688
1.60666
1.65644
1.70622
1.75600
1.80524
1.85448
1.90372
1.95296
2.00367
2.05437
2.10508
2.15579
2.20569
2.25558
2.30548
2.35538
2.40648
2.45758
2.50868
2.55979
2.60988
2.65998
2.71008
2.76018
2.81076
2.86134
2.91192
2.96250
3.01217
3.06185
3.11152
3.16119
3.21073
3.26028
3.30982
3.35936
3.40792
3.45649
3.50505
3.55362
3.60136
3.64911
3.69686
3.74460
3.79080
3.83701
3.88321
3.92941
3.97501
4.02062
4.06622
4.11182
4.15519
4.19857
4.24194
4.28531
4.32829
4.37127
4.41424
4.45722
4.49585
4.53447
4.57310
4.61172
4.64925
4.68677
4.72430
4.76182
4.79787
4.83393
4.86998
4.90603
4.93453
4.96303
4.99153
5.02003
5.05248
5.08492
5.11737
5.14981
5.17161
5.19340
5.21519
5.23698
5.25977
5.28255
5.30534
5.32813
5.35106
5.37398
5.39691
5.41983
5.43294
5.44604
5.45914
5.47225
5.48903
5.50581
5.52259
5.53938
5.55297
5.56656
5.58016
5.59375
5.60350
5.61325
5.62300
5.63275
5.64496
5.65716
5.66937
5.68158
5.68890
5.69622
5.70354
5.71086
5.71830
5.72574
5.73318
5.74062
5.74472
5.74882
5.75292
5.75702
5.75739
5.75776
5.75812
5.75849
5.75050
5.74251
5.73452
5.72653
5.70311
5.67970
5.65629
5.63288
5.58967
5.54646
5.50324
5.46003
-0.46451
-0.46443
-0.46434
-0.46425
-0.46416
-0.46407
-0.46397
-0.46388
-0.46379
-0.46369
-0.46360
-0.46350
-0.46341
-0.46331
-0.46321
-0.46311
-0.46301
-0.46291
-0.46281
-0.46271
-0.46261
-0.46250
-0.46240
-0.46229
-0.46219
-0.46208
-0.46197
-0.46187
-0.46176
-0.46165
-0.46153
-0.46142
-0.46131
-0.46119
-0.46108
-0.46096
-0.46085
-0.46073
-0.46061
-0.46049
-0.46037
-0.46025
-0.46012
-0.46000
-0.45988
-0.45975
-0.45962
-0.45950
-0.45937
-0.45924
-0.45911
-0.45898
-0.45884
-0.45871
-0.45857
-0.45844
-0.45830
-0.45816
-0.45802
-0.45788
-0.45774
-0.45760
-0.45745
-0.45731
-0.45716
-0.45701
-0.45687
-0.45672
-0.45656
-0.45641
-0.45626
-0.45610
-0.45595
-0.45579
-0.45563
-0.45547
-0.45531
-0.45515
-0.45499
-0.45482
-0.45466
-0.45449
-0.45432
-0.45415
-0.45398
-0.45380
-0.45363
-0.45345
-0.45328
-0.45310
-0.45292
-0.45274
-0.45255
-0.45237
-0.45218
-0.45200
-0.45181
-0.45162
-0.45143
-0.45123
-0.45104
-0.45084
-0.45065
-0.45045
-0.45025
-0.45004
-0.44984
-0.44963
-0.44943
-0.44922
-0.44901
-0.44879
-0.44858
-0.44836
-0.44815
-0.44793
-0.44771
-0.44748
-0.44726
-0.44703
-0.44681
-0.44658
-0.44635
-0.44611
-0.44588
-0.44564
-0.44540
-0.44516
-0.44492
-0.44470
-0.44447
-0.44424
-0.44402
-0.44377
-0.44353
-0.44328
-0.44304
-0.44272
-0.44240
-0.44208
-0.44176
-0.44141
-0.44106
-0.44071
-0.44037
-0.43994
-0.43952
-0.43910
-0.43867
-0.43822
-0.43776
-0.43731
-0.43686
-0.43630
-0.43574
-0.43519
-0.43463
-0.43404
-0.43345
-0.43286
-0.43226
-0.43153
-0.43079
-0.43005
-0.42932
-0.42855
-0.42779
-0.42703
-0.42626
-0.42538
-0.42449
-0.42361
-0.42272
-0.42178
-0.42084
-0.41990
-0.41896
-0.41790
-0.41684
-0.41578
-0.41473
-0.41357
-0.41242
-0.41127
-0.41011
-0.40883
-0.40754
-0.40626
-0.40498
-0.40354
-0.40211
-0.40067
-0.39924
-0.39766
-0.39607
-0.39449
-0.39291
-0.39106
-0.38920
-0.38735
-0.38550
-0.38324
-0.38098
-0.37872
-0.37647
-0.37372
-0.37097
-0.36822
-0.36547
-0.36215
-0.35883
-0.35551
-0.35219
-0.34699
-0.34179
-0.33659
-0.33139
-0.32485
-0.31831
-0.31177
-0.30523
-0.29781
-0.29040
-0.28298
-0.27557
-0.26617
-0.25678
-0.24738
-0.23799
-0.22604
-0.21408
-0.20213
-0.19017
-0.17521
-0.16024
-0.14527
-0.13031
-0.11179
-0.09328
-0.07477
-0.05625
-0.03391
-0.01157
0.01077
0.03311
0.05969
0.08627
0.11285
0.13943
0.17010
0.20078
0.23145
0.26212
0.29690
0.33168
0.36645
0.40123
0.43959
0.47796
0.51632
0.55469
0.59588
0.63707
0.67825
0.71944
0.76393
0.80841
0.85289
0.89737
0.94246
0.98754
1.03262
1.07770
1.12622
1.17473
1.22325
1.27177
1.31965
1.36752
1.41540
1.46327
1.51383
1.56440
1.61496
1.66552
1.71525
1.76498
1.81472
1.86445
1.91583
1.96721
2.01859
2.06997
2.12067
2.17137
2.22207
2.27277
2.32367
2.37457
2.42547
2.47638
2.52682
2.57727
2.62771
2.67816
2.72801
2.77786
2.82771
2.87756
2.92706
2.97656
3.02606
3.07555
3.12434
3.17313
3.22191
3.27070
3.31884
3.36697
3.41511
3.46324
3.51075
3.55825
3.60575
3.65326
3.69930
3.74535
3.79140
3.83745
3.88288
3.92832
3.97375
4.01919
4.06269
4.10620
4.14970
4.19320
4.23585
4.27851
4.32116
4.36381
4.40396
4.44412
4.48428
4.52443
4.56168
4.59892
4.63616
4.67341
4.71192
4.75043
4.78894
4.82746
4.85641
4.88535
4.91430
4.94325
4.97647
5.00968
5.04290
5.07611
5.10025
5.12438
5.14852
5.17265
5.19614
5.21963
5.24312
5.26661
5.29108
5.31554
5.34001
5.36448
5.37791
5.39134
5.40476
5.41819
5.43548
5.45276
5.47005
5.48733
5.50134
5.51535
5.52935
5.54336
5.55290
5.56244
5.57198
5.58152
5.59376
5.60600
5.61824
5.63048
5.63728
5.64408
5.65088
5.65769
5.66471
5.67173
5.67875
5.68577
5.68985
5.69393
5.69801
5.70209
5.70305
5.70401
5.70497
5.70593
5.69950
5.69307
5.68665
5.68022
5.65926
5.63831
5.61735
5.59639
5.55740
5.51841
5.47942
5.44043
-0.46302
-0.46293
-0.46284
-0.46275
-0.46266
-0.46257
-0.46247
-0.46238
-0.46229
-0.46219
-0.46210
-0.46200
-0.46190
-0.46181
-0.46171
-0.46161
-0.46151
-0.46141
-0.46131
-0.46121
-0.46111
-0.46100
-0.46090
-0.46079
-0.46069
-0.46058
-0.46047
-0.46037
-0.46026
-0.46015
-0.46004
-0.45993
-0.45981
-0.45970
-0.45959
-0.45947
-0.45936
-0.45924
-0.45912
-0.45901
-0.45889
-0.45877
-0.45865
-0.45853
-0.45840
-0.45828
-0.45816
-0.45803
-0.45791
-0.45778
-0.45765
-0.45752
-0.45739
-0.45726
-0.45713
-0.45700
-0.45686
-0.45673
-0.45659
-0.45646
-0.45632
-0.45618
-0.45604
-0.45590
-0.45576
-0.45562
-0.45547
-0.45533
-0.45518
-0.45504
-0.45489
-0.45474
-0.45459
-0.45444
-0.45429
-0.45413
-0.45398
-0.45382
-0.45367
-0.45351
-0.45335
-0.45319
-0.45303
-0.45287
-0.45270
-0.45254
-0.45237
-0.45220
-0.45204
-0.45187
-0.45170
-0.45152
-0.45135
-0.45117
-0.45100
-0.45082
-0.45064
-0.45046
-0.45028
-0.45010
-0.44992
-0.44973
-0.44954
-0.44936
-0.44917
-0.44898
-0.44878
-0.44859
-0.44840
-0.44820
-0.44800
-0.44780
-0.44760
-0.44740
-0.44720
-0.44699
-0.44679
-0.44658
-0.44637
-0.44616
-0.44595
-0.44573
-0.44552
-0.44530
-0.44508
-0.44486
-0.44464
-0.44442
-0.44419
-0.44396
-0.44374
-0.44351
-0.44327
-0.44308
-0.44289
-0.44269
-0.44250
-0.44219
-0.44188
-0.44157
-0.44126
-0.44095
-0.44063
-0.44032
-0.44000
-0.43959
-0.43918
-0.43877
-0.43836
-0.43794
-0.43752
-0.43710
-0.43667
-0.43615
-0.43562
-0.43509
-0.43457
-0.43401
-0.43345
-0.43289
-0.43234
-0.43165
-0.43096
-0.43027
-0.42958
-0.42886
-0.42814
-0.42742
-0.42670
-0.42587
-0.42504
-0.42421
-0.42339
-0.42249
-0.42160
-0.42071
-0.41982
-0.41883
-0.41783
-0.41684
-0.41584
-0.41474
-0.41363
-0.41253
-0.41142
-0.41021
-0.40899
-0.40778
-0.40656
-0.40518
-0.40380
-0.40242
-0.40104
-0.39954
-0.39804
-0.39653
-0.39503
-0.39325
-0.39147
-0.38969
-0.38791
-0.38593
-0.38395
-0.38197
-0.37999
-0.37762
-0.37525
-0.37289
-0.37052
-0.36761
-0.36470
-0.36180
-0.35889
-0.35420
-0.34950
-0.34481
-0.34012
-0.33421
-0.32829
-0.32238
-0.31647
-0.30992
-0.30337
-0.29682
-0.29027
-0.28202
-0.27378
-0.26554
-0.25730
-0.24678
-0.23627
-0.22575
-0.21524
-0.20192
-0.18861
-0.17529
-0.16197
-0.14532
-0.12867
-0.11202
-0.09536
-0.07497
-0.05457
-0.03418
-0.01378
0.01072
0.03522
0.05973
0.08423
0.11294
0.14165
0.17036
0.19907
0.23171
0.26436
0.29700
0.32964
0.36625
0.40285
0.43946
0.47606
0.51546
0.55485
0.59425
0.63364
0.67685
0.72006
0.76326
0.80647
0.85043
0.89439
0.93836
0.98232
1.03019
1.07805
1.12592
1.17379
1.22131
1.26883
1.31635
1.36387
1.41425
1.46463
1.51501
1.56539
1.61536
1.66533
1.71529
1.76526
1.81651
1.86776
1.91901
1.97026
2.02160
2.07294
2.12428
2.17561
2.22627
2.27694
2.32760
2.37826
2.42917
2.48008
2.53099
2.58190
2.63150
2.68110
2.73071
2.78031
2.82999
2.87967
2.92935
2.97903
3.02769
3.07634
3.12500
3.17365
3.22179
3.26992
3.31806
3.36619
3.41380
3.46141
3.50901
3.55662
3.60288
3.64913
3.69539
3.74165
3.78710
3.83255
3.87800
3.92346
3.96742
4.01138
4.05534
4.09930
4.14169
4.18407
4.22646
4.26884
4.31013
4.35143
4.39272
4.43402
4.47131
4.50860
4.54589
4.58317
4.62291
4.66265
4.70238
4.74212
4.77218
4.80225
4.83232
4.86239
4.89588
4.92936
4.96285
4.99634
5.02277
5.04919
5.07561
5.10204
5.12603
5.15001
5.17400
5.19799
5.22370
5.24942
5.27514
5.30086
5.31502
5.32918
5.34334
5.35750
5.37509
5.39267
5.41026
5.42784
5.44253
5.45722
5.47191
5.48660
5.49600
5.50539
5.51479
5.52418
5.53641
5.54863
5.56086
5.57308
5.57974
5.58639
5.59305
5.59971
5.60649
5.61327
5.62006
5.62684
5.63110
5.63536
5.63963
5.64389
5.64554
5.64720
5.64886
5.65052
5.64554
5.64057
5.63559
5.63061
5.61207
5.59352
5.57497
5.55642
5.52091
5.48540
5.44988
5.41437
-0.46022
-0.46013
-0.46003
-0.45994
-0.45985
-0.45975
-0.45965
-0.45956
-0.45946
-0.45936
-0.45926
-0.45916
-0.45906
-0.45896
-0.45886
-0.45876
-0.45866
-0.45856
-0.45845
-0.45835
-0.45824
-0.45814
-0.45803
-0.45792
-0.45782
-0.45771
-0.45760
-0.45749
-0.45738
-0.45727
-0.45716
-0.45704
-0.45693
-0.45682
-0.45670
-0.45658
-0.45647
-0.45635
-0.45623
-0.45612
-0.45600
-0.45588
-0.45575
-0.45563
-0.45551
-0.45539
-0.45526
-0.45514
-0.45501
-0.45489
-0.45476
-0.45463
-0.45450
-0.45437
-0.45424
-0.45411
-0.45398
-0.45385
-0.45371
-0.45358
-0.45344
-0.45330
-0.45317
-0.45303
-0.45289
-0.45275
-0.45261
-0.45247
-0.45232
-0.45218
-0.45204
-0.45189
-0.45174
-0.45160
-0.45145
-0.45130
-0.45115
-0.45100
-0.45085
-0.45069
-0.45054
-0.45038
-0.45023
-0.45007
-0.44991
-0.44975
-0.44959
-0.44943
-0.44927
-0.44911
-0.44894
-0.44878
-0.44861
-0.44844
-0.44827
-0.44810
-0.44793
-0.44776
-0.44759
-0.44741
-0.44724
-0.44706
-0.44688
-0.44671
-0.44653
-0.44634
-0.44616
-0.44598
-0.44580
-0.44561
-0.44542
-0.44523
-0.44505
-0.44486
-0.44466
-0.44447
-0.44428
-0.44408
-0.44388
-0.44369
-0.44349
-0.44329
-0.44309
-0.44288
-0.44268
-0.44247
-0.44227
-0.44206
-0.44185
-0.44164
-0.44143
-0.44121
-0.44100
-0.44086
-0.44073
-0.44060
-0.44046
-0.44014
-0.43982
-0.43951
-0.43919
-0.43890
-0.43860
-0.43831
-0.43802
-0.43761
-0.43720
-0.43679
-0.43638
-0.43597
-0.43557
-0.43516
-0.43475
-0.43425
-0.43375
-0.43325
-0.43275
-0.43221
-0.43168
-0.43114
-0.43060
-0.42998
-0.42936
-0.42874
-0.42812
-0.42744
-0.42677
-0.42610
-0.42542
-0.42468
-0.42394
-0.42320
-0.42246
-0.42164
-0.42082
-0.42000
-0.41919
-0.41829
-0.41739
-0.41650
-0.41560
-0.41456
-0.41353
-0.41249
-0.41146
-0.41036
-0.40926
-0.40816
-0.40706
-0.40577
-0.40447
-0.40318
-0.40188
-0.40048
-0.39909
-0.39769
-0.39629
-0.39460
-0.39291
-0.39122
-0.38953
-0.38764
-0.38574
-0.38385
-0.38195
-0.37970
-0.37744
-0.37518
-0.37292
-0.37019
-0.36746
-0.36474
-0.36201
-0.35786
-0.35372
-0.34957
-0.34543
-0.34010
-0.33477
-0.32944
-0.32411
-0.31810
-0.31210
-0.30609
-0.30008
-0.29269
-0.28529
-0.27789
-0.27049
-0.26112
-0.25175
-0.24238
-0.23301
-0.22105
-0.20908
-0.19711
-0.18515
-0.17019
-0.15524
-0.14029
-0.12534
-0.10678
-0.08822
-0.06966
-0.05111
-0.02877
-0.00643
0.01591
0.03825
0.06470
0.09114
0.11759
0.14404
0.17428
0.20451
0.23475
0.26499
0.29926
0.33352
0.36778
0.40205
0.43928
0.47652
0.51375
0.55099
0.59205
0.63312
0.67419
0.71526
0.75784
0.80042
0.84299
0.88557
0.93171
0.97784
1.02398
1.07012
1.11697
1.16383
1.21069
1.25755
1.30660
1.35565
1.40470
1.45375
1.50365
1.55355
1.60344
1.65334
1.70351
1.75367
1.80384
1.85401
1.90579
1.95757
2.00934
2.06112
2.11149
2.16187
2.21224
2.26261
2.31412
2.36564
2.41715
2.46866
2.51859
2.56851
2.61844
2.66837
2.71866
2.76895
2.81925
2.86954
2.91881
2.96807
3.01733
3.06660
3.11524
3.16389
3.21253
3.26118
3.30931
3.35743
3.40556
3.45368
3.50058
3.54748
3.59437
3.64127
3.68696
3.73265
3.77834
3.82403
3.86884
3.91365
3.95846
4.00326
4.04545
4.08764
4.12983
4.17202
4.21398
4.25594
4.29791
4.33987
4.37760
4.41532
4.45305
4.49077
4.53026
4.56974
4.60922
4.64871
4.68070
4.71268
4.74467
4.77666
4.80982
4.84299
4.87616
4.90933
4.93798
4.96662
4.99527
5.02392
5.04816
5.07241
5.09665
5.12090
5.14752
5.17414
5.20076
5.22738
5.24276
5.25813
5.27351
5.28889
5.30653
5.32418
5.34182
5.35947
5.37516
5.39086
5.40655
5.42225
5.43157
5.44090
5.45022
5.45955
5.47170
5.48386
5.49601
5.50817
5.51512
5.52208
5.52904
5.53600
5.54276
5.54952
5.55628
5.56303
5.56772
5.57241
5.57710
5.58179
5.58427
5.58675
5.58923
5.59170
5.58805
5.58439
5.58073
5.57708
5.56088
5.54468
5.52849
5.51229
5.47937
5.44645
5.41353
5.38061
-0.45742
-0.45733
-0.45723
-0.45713
-0.45703
-0.45693
-0.45683
-0.45673
-0.45663
-0.45653
-0.45643
-0.45633
-0.45622
-0.45612
-0.45602
-0.45591
-0.45581
-0.45570
-0.45560
-0.45549
-0.45538
-0.45527
-0.45516
-0.45506
-0.45495
-0.45484
-0.45472
-0.45461
-0.45450
-0.45439
-0.45427
-0.45416
-0.45404
-0.45393
-0.45381
-0.45370
-0.45358
-0.45346
-0.45334
-0.45322
-0.45310
-0.45298
-0.45286
-0.45274
-0.45262
-0.45249
-0.45237
-0.45225
-0.45212
-0.45199
-0.45187
-0.45174
-0.45161
-0.45148
-0.45135
-0.45122
-0.45109
-0.45096
-0.45083
-0.45070
-0.45056
-0.45043
-0.45029
-0.45016
-0.45002
-0.44988
-0.44974
-0.44960
-0.44946
-0.44932
-0.44918
-0.44904
-0.44890
-0.44875
-0.44861
-0.44846
-0.44832
-0.44817
-0.44802
-0.44787
-0.44773
-0.44758
-0.44742
-0.44727
-0.44712
-0.44697
-0.44681
-0.44666
-0.44650
-0.44634
-0.44619
-0.44603
-0.44587
-0.44571
-0.44555
-0.44538
-0.44522
-0.44506
-0.44489
-0.44473
-0.44456
-0.44439
-0.44422
-0.44406
-0.44389
-0.44371
-0.44354
-0.44337
-0.44319
-0.44302
-0.44284
-0.44267
-0.44249
-0.44231
-0.44213
-0.44195
-0.44177
-0.44159
-0.44140
-0.44122
-0.44103
-0.44084
-0.44066
-0.44047
-0.44028
-0.44009
-0.43989
-0.43970
-0.43951
-0.43931
-0.43912
-0.43892
-0.43872
-0.43865
-0.43857
-0.43850
-0.43842
-0.43809
-0.43777
-0.43744
-0.43712
-0.43685
-0.43658
-0.43631
-0.43604
-0.43563
-0.43522
-0.43481
-0.43440
-0.43400
-0.43361
-0.43322
-0.43283
-0.43235
-0.43188
-0.43141
-0.43093
-0.43042
-0.42990
-0.42939
-0.42887
-0.42832
-0.42776
-0.42721
-0.42665
-0.42603
-0.42540
-0.42478
-0.42415
-0.42349
-0.42284
-0.42218
-0.42153
-0.42078
-0.42004
-0.41929
-0.41855
-0.41775
-0.41695
-0.41615
-0.41536
-0.41439
-0.41343
-0.41246
-0.41150
-0.41051
-0.40953
-0.40854
-0.40756
-0.40635
-0.40514
-0.40393
-0.40272
-0.40143
-0.40014
-0.39885
-0.39756
-0.39596
-0.39436
-0.39276
-0.39116
-0.38935
-0.38754
-0.38573
-0.38392
-0.38177
-0.37962
-0.37748
-0.37533
-0.37278
-0.37023
-0.36767
-0.36512
-0.36153
-0.35793
-0.35433
-0.35073
-0.34599
-0.34124
-0.33649
-0.33175
-0.32628
-0.32082
-0.31536
-0.30990
-0.30335
-0.29680
-0.29024
-0.28369
-0.27547
-0.26724
-0.25901
-0.25079
-0.24017
-0.22955
-0.21894
-0.20832
-0.19507
-0.18181
-0.16856
-0.15531
-0.13859
-0.12187
-0.10515
-0.08843
-0.06826
-0.04808
-0.02791
-0.00773
0.01645
0.04064
0.06482
0.08901
0.11684
0.14467
0.17251
0.20034
0.23226
0.26419
0.29611
0.32804
0.36311
0.39818
0.43325
0.46833
0.50726
0.54619
0.58512
0.62405
0.66524
0.70644
0.74763
0.78883
0.83323
0.87764
0.92204
0.96645
1.01264
1.05884
1.10503
1.15123
1.19895
1.24667
1.29440
1.34212
1.39194
1.44177
1.49159
1.54142
1.59050
1.63958
1.68867
1.73775
1.78997
1.84219
1.89441
1.94663
1.99671
2.04680
2.09688
2.14696
2.19908
2.25119
2.30331
2.35542
2.40567
2.45592
2.50617
2.55642
2.60733
2.65824
2.70914
2.76005
2.80992
2.85980
2.90967
2.95954
3.00870
3.05785
3.10701
3.15617
3.20481
3.25346
3.30210
3.35074
3.39828
3.44582
3.49335
3.54089
3.58682
3.63275
3.67868
3.72461
3.77026
3.81592
3.86157
3.90723
3.94922
3.99121
4.03320
4.07519
4.11783
4.16046
4.20309
4.24572
4.28389
4.32205
4.36021
4.39837
4.43760
4.47683
4.51607
4.55530
4.58921
4.62311
4.65702
4.69092
4.72377
4.75662
4.78947
4.82232
4.85319
4.88406
4.91493
4.94580
4.97030
4.99480
5.01930
5.04381
5.07133
5.09885
5.12637
5.15390
5.17049
5.18709
5.20369
5.22028
5.23798
5.25569
5.27339
5.29109
5.30779
5.32449
5.34120
5.35790
5.36715
5.37640
5.38566
5.39491
5.40700
5.41908
5.43117
5.44325
5.45051
5.45777
5.46503
5.47229
5.47902
5.48576
5.49249
5.49923
5.50435
5.50946
5.51458
5.51970
5.52300
5.52629
5.52959
5.53289
5.53055
5.52821
5.52588
5.52354
5.50970
5.49585
5.48201
5.46816
5.43784
5.40751
5.37718
5.34685
-0.45272
-0.45262
-0.45252
-0.45242
-0.45232
-0.45222
-0.45212
-0.45202
-0.45192
-0.45182
-0.45171
-0.45161
-0.45151
-0.45140
-0.45130
-0.45119
-0.45109
-0.45098
-0.45088
-0.45077
-0.45066
-0.45055
-0.45044
-0.45033
-0.45022
-0.45011
-0.45000
-0.44989
-0.44978
-0.44967
-0.44956
-0.44944
-0.44933
-0.44921
-0.44910
-0.44898
-0.44887
-0.44875
-0.44864
-0.44852
-0.44840
-0.44828
-0.44816
-0.44804
-0.44792
-0.44780
-0.44768
-0.44756
-0.44744
-0.44731
-0.44719
-0.44707
-0.44694
-0.44682
-0.44669
-0.44656
-0.44644
-0.44631
-0.44618
-0.44605
-0.44592
-0.44579
-0.44566
-0.44553
-0.44540
-0.44527
-0.44514
-0.44500
-0.44487
-0.44473
-0.44460
-0.44446
-0.44433
-0.44419
-0.44405
-0.44391
-0.44377
-0.44363
-0.44349
-0.44335
-0.44321
-0.44307
-0.44293
-0.44278
-0.44264
-0.44249
-0.44235
-0.44220
-0.44205
-0.44191
-0.44176
-0.44161
-0.44146
-0.44131
-0.44116
-0.44101
-0.44086
-0.44070
-0.44055
-0.44039
-0.44024
-0.44008
-0.43993
-0.43977
-0.43961
-0.43945
-0.43929
-0.43913
-0.43897
-0.43881
-0.43865
-0.43849
-0.43832
-0.43816
-0.43799
-0.43783
-0.43766
-0.43749
-0.43733
-0.43716
-0.43699
-0.43682
-0.43665
-0.43647
-0.43630
-0.43613
-0.43595
-0.43578
-0.43560
-0.43542
-0.43525
-0.43507
-0.43489
-0.43485
-0.43481
-0.43476
-0.43472
-0.43441
-0.43410
-0.43380
-0.43349
-0.43325
-0.43302
-0.43278
-0.43255
-0.43219
-0.43183
-0.43147
-0.43111
-0.43075
-0.43039
-0.43003
-0.42968
-0.42927
-0.42887
-0.42847
-0.42807
-0.42759
-0.42710
-0.42662
-0.42614
-0.42568
-0.42521
-0.42475
-0.42428
-0.42370
-0.42311
-0.42253
-0.42194
-0.42137
-0.42080
-0.42023
-0.41967
-0.41897
-0.41828
-0.41759
-0.41690
-0.41618
-0.41546
-0.41475
-0.41403
-0.41313
-0.41222
-0.41132
-0.41042
-0.40952
-0.40862
-0.40772
-0.40682
-0.40569
-0.40455
-0.40342
-0.40229
-0.40108
-0.39986
-0.39865
-0.39744
-0.39594
-0.39443
-0.39293
-0.39143
-0.38971
-0.38799
-0.38627
-0.38455
-0.38254
-0.38052
-0.37851
-0.37650
-0.37412
-0.37174
-0.36936
-0.36698
-0.36389
-0.36079
-0.35769
-0.35459
-0.35035
-0.34612
-0.34189
-0.33765
-0.33269
-0.32773
-0.32277
-0.31780
-0.31197
-0.30614
-0.30031
-0.29449
-0.28724
-0.28000
-0.27276
-0.26552
-0.25612
-0.24672
-0.23732
-0.22792
-0.21619
-0.20447
-0.19275
-0.18102
-0.16606
-0.15110
-0.13614
-0.12118
-0.10304
-0.08491
-0.06678
-0.04864
-0.02666
-0.00469
0.01729
0.03927
0.06480
0.09033
0.11587
0.14140
0.17101
0.20062
0.23023
0.25984
0.29283
0.32582
0.35880
0.39179
0.42858
0.46537
0.50216
0.53896
0.57872
0.61849
0.65826
0.69803
0.74066
0.78329
0.82592
0.86855
0.91390
0.95924
1.00458
1.04993
1.09630
1.14268
1.18905
1.23543
1.28488
1.33433
1.38379
1.43324
1.48141
1.52958
1.57775
1.62592
1.67816
1.73040
1.78264
1.83488
1.88478
1.93467
1.98457
2.03447
2.08682
2.13917
2.19153
2.24388
2.29449
2.34510
2.39571
2.44631
2.49755
2.54878
2.60002
2.65125
2.70173
2.75221
2.80269
2.85317
2.90269
2.95221
3.00173
3.05125
3.10049
3.14972
3.19896
3.24820
3.29633
3.34447
3.39260
3.44074
3.48712
3.53350
3.57988
3.62626
3.67270
3.71913
3.76556
3.81200
3.85424
3.89648
3.93872
3.98096
4.02417
4.06738
4.11059
4.15380
4.19270
4.23160
4.27051
4.30941
4.34841
4.38741
4.42642
4.46542
4.50118
4.53694
4.57270
4.60846
4.64099
4.67353
4.70606
4.73859
4.77121
4.80383
4.83645
4.86907
4.89391
4.91875
4.94360
4.96844
4.99640
5.02435
5.05230
5.08026
5.09820
5.11614
5.13408
5.15202
5.16962
5.18723
5.20483
5.22243
5.24004
5.25765
5.27526
5.29287
5.30204
5.31121
5.32038
5.32955
5.34149
5.35343
5.36536
5.37730
5.38491
5.39253
5.40014
5.40775
5.41445
5.42116
5.42786
5.43456
5.44010
5.44564
5.45118
5.45672
5.46073
5.46473
5.46874
5.47274
5.47165
5.47056
5.46946
5.46837
5.45680
5.44523
5.43367
5.42210
5.39456
5.36702
5.33949
5.31195
-0.44334
-0.44324
-0.44315
-0.44305
-0.44296
-0.44286
-0.44276
-0.44266
-0.44257
-0.44247
-0.44237
-0.44227
-0.44217
-0.44207
-0.44197
-0.44187
-0.44177
-0.44167
-0.44157
-0.44146
-0.44136
-0.44126
-0.44116
-0.44105
-0.44095
-0.44084
-0.44074
-0.44064
-0.44053
-0.44042
-0.44032
-0.44021
-0.44011
-0.44000
-0.43989
-0.43978
-0.43967
-0.43957
-0.43946
-0.43935
-0.43924
-0.43913
-0.43902
-0.43891
-0.43879
-0.43868
-0.43857
-0.43846
-0.43835
-0.43823
-0.43812
-0.43800
-0.43789
-0.43777
-0.43766
-0.43754
-0.43743
-0.43731
-0.43719
-0.43707
-0.43696
-0.43684
-0.43672
-0.43660
-0.43648
-0.43636
-0.43624
-0.43612
-0.43600
-0.43588
-0.43575
-0.43563
-0.43551
-0.43538
-0.43526
-0.43514
-0.43501
-0.43488
-0.43476
-0.43463
-0.43451
-0.43438
-0.43425
-0.43412
-0.43399
-0.43386
-0.43374
-0.43361
-0.43347
-0.43334
-0.43321
-0.43308
-0.43295
-0.43281
-0.43268
-0.43255
-0.43241
-0.43228
-0.43214
-0.43201
-0.43187
-0.43173
-0.43160
-0.43146
-0.43132
-0.43118
-0.43104
-0.43090
-0.43076
-0.43062
-0.43048
-0.43034
-0.43020
-0.43005
-0.42991
-0.42977
-0.42962
-0.42948
-0.42933
-0.42918
-0.42904
-0.42889
-0.42874
-0.42859
-0.42845
-0.42830
-0.42815
-0.42800
-0.42784
-0.42769
-0.42754
-0.42739
-0.42724
-0.42716
-0.42709
-0.42701
-0.42694
-0.42671
-0.42648
-0.42625
-0.42602
-0.42586
-0.42569
-0.42552
-0.42535
-0.42517
-0.42498
-0.42479
-0.42460
-0.42433
-0.42405
-0.42378
-0.42351
-0.42328
-0.42306
-0.42284
-0.42261
-0.42220
-0.42178
-0.42137
-0.42095
-0.42064
-0.42033
-0.42001
-0.41970
-0.41913
-0.41856
-0.41800
-0.41743
-0.41695
-0.41647
-0.41598
-0.41550
-0.41481
-0.41413
-0.41344
-0.41276
-0.41207
-0.41139
-0.41071
-0.41003
-0.40917
-0.40831
-0.40746
-0.40660
-0.40570
-0.40481
-0.40392
-0.40302
-0.40195
-0.40089
-0.39982
-0.39875
-0.39753
-0.39632
-0.39511
-0.39389
-0.39251
-0.39114
-0.38976
-0.38838
-0.38676
-0.38514
-0.38352
-0.38190
-0.38008
-0.37826
-0.37644
-0.37461
-0.37240
-0.37018
-0.36797
-0.36575
-0.36303
-0.36031
-0.35758
-0.35486
-0.35097
-0.34708
-0.34319
-0.33930
-0.33473
-0.33015
-0.32558
-0.32100
-0.31559
-0.31018
-0.30477
-0.29936
-0.29271
-0.28607
-0.27942
-0.27277
-0.26426
-0.25574
-0.24723
-0.23871
-0.22810
-0.21748
-0.20687
-0.19626
-0.18285
-0.16945
-0.15604
-0.14264
-0.12624
-0.10985
-0.09346
-0.07707
-0.05717
-0.03726
-0.01736
0.00254
0.02604
0.04953
0.07303
0.09652
0.12388
0.15124
0.17861
0.20597
0.23706
0.26815
0.29924
0.33033
0.36498
0.39963
0.43427
0.46892
0.50716
0.54540
0.58364
0.62189
0.66264
0.70338
0.74413
0.78488
0.82891
0.87293
0.91695
0.96098
1.00595
1.05093
1.09591
1.14089
1.18924
1.23759
1.28594
1.33429
1.38196
1.42964
1.47732
1.52499
1.57621
1.62743
1.67864
1.72986
1.77983
1.82980
1.87977
1.92974
1.98144
2.03313
2.08482
2.13651
2.18756
2.23862
2.28967
2.34073
2.39159
2.44245
2.49331
2.54417
2.59525
2.64633
2.69741
2.74850
2.79802
2.84754
2.89706
2.94658
2.99659
3.04660
3.09661
3.14662
3.19524
3.24387
3.29250
3.34112
3.38849
3.43585
3.48322
3.53058
3.57763
3.62467
3.67172
3.71876
3.76235
3.80594
3.84953
3.89311
3.93667
3.98022
4.02378
4.06733
4.10773
4.14813
4.18853
4.22893
4.26775
4.30658
4.34540
4.38422
4.42167
4.45912
4.49657
4.53403
4.56626
4.59850
4.63073
4.66297
4.69616
4.72936
4.76255
4.79574
4.82114
4.84653
4.87193
4.89733
4.92455
4.95178
4.97900
5.00623
5.02583
5.04542
5.06502
5.08462
5.10173
5.11885
5.13597
5.15308
5.17136
5.18964
5.20791
5.22619
5.23525
5.24430
5.25335
5.26241
5.27401
5.28560
5.29720
5.30880
5.31689
5.32499
5.33308
5.34118
5.34783
5.35448
5.36114
5.36779
5.37373
5.37968
5.38562
5.39157
5.39600
5.40044
5.40488
5.40931
5.40928
5.40925
5.40921
5.40918
5.39970
5.39022
5.38075
5.37127
5.34701
5.32276
5.29850
5.27425
-0.43396
-0.43386
-0.43377
-0.43368
-0.43359
-0.43349
-0.43340
-0.43330
-0.43321
-0.43312
-0.43302
-0.43293
-0.43283
-0.43274
-0.43264
-0.43254
-0.43245
-0.43235
-0.43226
-0.43216
-0.43206
-0.43197
-0.43187
-0.43177
-0.43167
-0.43157
-0.43148
-0.43138
-0.43128
-0.43118
-0.43108
-0.43098
-0.43088
-0.43078
-0.43068
-0.43058
-0.43048
-0.43038
-0.43028
-0.43018
-0.43008
-0.42997
-0.42987
-0.42977
-0.42967
-0.42956
-0.42946
-0.42936
-0.42925
-0.42915
-0.42905
-0.42894
-0.42884
-0.42873
-0.42863
-0.42852
-0.42842
-0.42831
-0.42820
-0.42810
-0.42799
-0.42788
-0.42778
-0.42767
-0.42756
-0.42745
-0.42734
-0.42724
-0.42713
-0.42702
-0.42691
-0.42680
-0.42669
-0.42658
-0.42647
-0.42636
-0.42625
-0.42614
-0.42602
-0.42591
-0.42580
-0.42569
-0.42558
-0.42546
-0.42535
-0.42524
-0.42512
-0.42501
-0.42489
-0.42478
-0.42467
-0.42455
-0.42443
-0.42432
-0.42420
-0.42409
-0.42397
-0.42385
-0.42374
-0.42362
-0.42350
-0.42338
-0.42327
-0.42315
-0.42303
-0.42291
-0.42279
-0.42267
-0.42255
-0.42243
-0.42231
-0.42219
-0.42207
-0.42195
-0.42182
-0.42170
-0.42158
-0.42146
-0.42133
-0.42121
-0.42109
-0.42096
-0.42084
-0.42072
-0.42059
-0.42047
-0.42034
-0.42021
-0.42009
-0.41996
-0.41984
-0.41971
-0.41958
-0.41948
-0.41937
-0.41927
-0.41916
-0.41901
-0.41886
-0.41871
-0.41856
-0.41846
-0.41836
-0.41826
-0.41816
-0.41815
-0.41813
-0.41811
-0.41810
-0.41791
-0.41772
-0.41753
-0.41733
-0.41729
-0.41725
-0.41720
-0.41716
-0.41681
-0.41646
-0.41612
-0.41577
-0.41560
-0.41544
-0.41527
-0.41511
-0.41456
-0.41402
-0.41347
-0.41292
-0.41253
-0.41213
-0.41173
-0.41134
-0.41066
-0.40997
-0.40929
-0.40861
-0.40797
-0.40732
-0.40667
-0.40603
-0.40521
-0.40440
-0.40359
-0.40277
-0.40189
-0.40100
-0.40012
-0.39923
-0.39822
-0.39722
-0.39621
-0.39520
-0.39399
-0.39277
-0.39156
-0.39035
-0.38909
-0.38784
-0.38658
-0.38533
-0.38381
-0.38229
-0.38077
-0.37925
-0.37762
-0.37599
-0.37436
-0.37273
-0.37068
-0.36863
-0.36658
-0.36452
-0.36217
-0.35983
-0.35748
-0.35513
-0.35158
-0.34804
-0.34449
-0.34095
-0.33676
-0.33257
-0.32839
-0.32420
-0.31921
-0.31421
-0.30922
-0.30423
-0.29818
-0.29213
-0.28608
-0.28003
-0.27239
-0.26476
-0.25713
-0.24950
-0.24000
-0.23049
-0.22099
-0.21149
-0.19964
-0.18779
-0.17594
-0.16410
-0.14945
-0.13480
-0.12015
-0.10550
-0.08767
-0.06984
-0.05201
-0.03418
-0.01272
0.00873
0.03019
0.05164
0.07676
0.10187
0.12698
0.15209
0.18129
0.21048
0.23968
0.26888
0.30138
0.33388
0.36638
0.39888
0.43560
0.47231
0.50903
0.54574
0.58461
0.62348
0.66234
0.70121
0.74392
0.78662
0.82932
0.87203
0.91561
0.95919
1.00277
1.04635
1.09360
1.14084
1.18809
1.23533
1.28251
1.32970
1.37688
1.42406
1.47426
1.52445
1.57465
1.62484
1.67489
1.72493
1.77498
1.82502
1.87605
1.92708
1.97811
2.02914
2.08064
2.13214
2.18364
2.23514
2.28563
2.33611
2.38660
2.43708
2.48877
2.54045
2.59214
2.64382
2.69334
2.74286
2.79238
2.84190
2.89268
2.94347
2.99425
3.04504
3.09415
3.14327
3.19239
3.24151
3.28986
3.33820
3.38655
3.43490
3.48255
3.53021
3.57787
3.62552
3.67046
3.71540
3.76033
3.80527
3.84917
3.89307
3.93696
3.98086
4.02276
4.06465
4.10655
4.14844
4.18709
4.22574
4.26438
4.30303
4.34217
4.38131
4.42045
4.45959
4.49153
4.52347
4.55541
4.58735
4.62111
4.65488
4.68865
4.72242
4.74837
4.77431
4.80026
4.82621
4.85271
4.87921
4.90570
4.93220
4.95345
4.97471
4.99596
5.01721
5.03384
5.05047
5.06710
5.08373
5.10268
5.12162
5.14056
5.15951
5.16845
5.17739
5.18633
5.19526
5.20652
5.21778
5.22904
5.24030
5.24887
5.25745
5.26603
5.27461
5.28121
5.28781
5.29441
5.30101
5.30736
5.31371
5.32007
5.32642
5.33128
5.33615
5.34101
5.34588
5.34691
5.34794
5.34897
5.34999
5.34261
5.33521
5.32782
5.32043
5.29946
5.27849
5.25752
5.23655
-0.42624
-0.42612
-0.42600
-0.42589
-0.42577
-0.42565
-0.42553
-0.42541
-0.42529
-0.42517
-0.42505
-0.42493
-0.42481
-0.42469
-0.42456
-0.42444
-0.42432
-0.42420
-0.42408
-0.42395
-0.42383
-0.42371
-0.42358
-0.42346
-0.42333
-0.42321
-0.42308
-0.42296
-0.42283
-0.42271
-0.42258
-0.42246
-0.42233
-0.42220
-0.42207
-0.42195
-0.42182
-0.42169
-0.42156
-0.42143
-0.42130
-0.42117
-0.42104
-0.42091
-0.42078
-0.42065
-0.42052
-0.42039
-0.42026
-0.42013
-0.42000
-0.41986
-0.41973
-0.41960
-0.41946
-0.41933
-0.41920
-0.41906
-0.41893
-0.41879
-0.41866
-0.41852
-0.41838
-0.41825
-0.41811
-0.41797
-0.41784
-0.41770
-0.41756
-0.41742
-0.41729
-0.41715
-0.41701
-0.41687
-0.41673
-0.41659
-0.41645
-0.41631
-0.41617
-0.41602
-0.41588
-0.41574
-0.41560
-0.41546
-0.41531
-0.41517
-0.41503
-0.41488
-0.41474
-0.41459
-0.41445
-0.41430
-0.41416
-0.41401
-0.41386
-0.41372
-0.41357
-0.41342
-0.41327
-0.41313
-0.41298
-0.41283
-0.41268
-0.41253
-0.41238
-0.41223
-0.41208
-0.41193
-0.41178
-0.41163
-0.41147
-0.41132
-0.41117
-0.41102
-0.41086
-0.41071
-0.41056
-0.41040
-0.41025
-0.41009
-0.40994
-0.40978
-0.40962
-0.40947
-0.40931
-0.40915
-0.40900
-0.40884
-0.40868
-0.40852
-0.40836
-0.40820
-0.40804
-0.40788
-0.40772
-0.40756
-0.40740
-0.40730
-0.40720
-0.40710
-0.40699
-0.40688
-0.40677
-0.40665
-0.40654
-0.40664
-0.40675
-0.40686
-0.40696
-0.40676
-0.40657
-0.40637
-0.40618
-0.40620
-0.40623
-0.40625
-0.40628
-0.40598
-0.40568
-0.40538
-0.40508
-0.40495
-0.40483
-0.40470
-0.40458
-0.40414
-0.40369
-0.40325
-0.40281
-0.40247
-0.40213
-0.40178
-0.40144
-0.40091
-0.40037
-0.39983
-0.39930
-0.39873
-0.39816
-0.39759
-0.39702
-0.39640
-0.39578
-0.39516
-0.39454
-0.39373
-0.39292
-0.39211
-0.39130
-0.39051
-0.38972
-0.38892
-0.38813
-0.38699
-0.38586
-0.38472
-0.38358
-0.38254
-0.38150
-0.38045
-0.37941
-0.37794
-0.37646
-0.37499
-0.37351
-0.37201
-0.37050
-0.36899
-0.36749
-0.36558
-0.36366
-0.36175
-0.35984
-0.35772
-0.35560
-0.35347
-0.35135
-0.34827
-0.34519
-0.34211
-0.33903
-0.33536
-0.33169
-0.32802
-0.32435
-0.31990
-0.31545
-0.31101
-0.30656
-0.30095
-0.29535
-0.28975
-0.28414
-0.27722
-0.27029
-0.26336
-0.25644
-0.24785
-0.23926
-0.23067
-0.22208
-0.21149
-0.20089
-0.19030
-0.17971
-0.16642
-0.15314
-0.13986
-0.12657
-0.11043
-0.09430
-0.07816
-0.06203
-0.04234
-0.02265
-0.00295
0.01674
0.03988
0.06302
0.08616
0.10930
0.13656
0.16381
0.19106
0.21831
0.24884
0.27937
0.30989
0.34042
0.37524
0.41006
0.44488
0.47970
0.51685
0.55401
0.59116
0.62831
0.66941
0.71051
0.75161
0.79271
0.83520
0.87769
0.92017
0.96266
1.00853
1.05439
1.10026
1.14613
1.19283
1.23954
1.28624
1.33295
1.38177
1.43059
1.47942
1.52824
1.57837
1.62850
1.67863
1.72875
1.77884
1.82892
1.87900
1.92909
1.98100
2.03292
2.08484
2.13676
2.18697
2.23718
2.28740
2.33761
2.38969
2.44177
2.49386
2.54594
2.59571
2.64548
2.69526
2.74503
2.79614
2.84725
2.89836
2.94947
2.99902
3.04858
3.09813
3.14769
3.19666
3.24564
3.29462
3.34359
3.39183
3.44007
3.48832
3.53656
3.58266
3.62876
3.67486
3.72096
3.76536
3.80975
3.85415
3.89855
3.94179
3.98504
4.02828
4.07153
4.11034
4.14916
4.18798
4.22679
4.26666
4.30652
4.34639
4.38625
4.41881
4.45137
4.48394
4.51650
4.55017
4.58384
4.61751
4.65118
4.67813
4.70508
4.73203
4.75898
4.78458
4.81019
4.83579
4.86140
4.88399
4.90658
4.92918
4.95177
4.96772
4.98367
4.99962
5.01557
5.03416
5.05276
5.07135
5.08995
5.09945
5.10896
5.11846
5.12796
5.13876
5.14955
5.16034
5.17113
5.18012
5.18910
5.19809
5.20708
5.21354
5.22001
5.22648
5.23295
5.23962
5.24629
5.25296
5.25963
5.26473
5.26984
5.27494
5.28005
5.28202
5.28398
5.28595
5.28792
5.28260
5.27727
5.27194
5.26662
5.24894
5.23127
5.21360
5.19592
-0.41958
-0.41942
-0.41926
-0.41910
-0.41894
-0.41877
-0.41861
-0.41845
-0.41828
-0.41812
-0.41795
-0.41779
-0.41762
-0.41745
-0.41729
-0.41712
-0.41695
-0.41678
-0.41661
-0.41645
-0.41628
-0.41611
-0.41593
-0.41576
-0.41559
-0.41542
-0.41525
-0.41507
-0.41490
-0.41473
-0.41455
-0.41438
-0.41420
-0.41403
-0.41385
-0.41367
-0.41350
-0.41332
-0.41314
-0.41296
-0.41278
-0.41260
-0.41242
-0.41224
-0.41206
-0.41188
-0.41169
-0.41151
-0.41133
-0.41114
-0.41096
-0.41078
-0.41059
-0.41040
-0.41022
-0.41003
-0.40984
-0.40966
-0.40947
-0.40928
-0.40909
-0.40890
-0.40871
-0.40852
-0.40833
-0.40813
-0.40794
-0.40775
-0.40756
-0.40736
-0.40717
-0.40697
-0.40678
-0.40658
-0.40638
-0.40619
-0.40599
-0.40579
-0.40559
-0.40539
-0.40519
-0.40499
-0.40479
-0.40459
-0.40439
-0.40419
-0.40398
-0.40378
-0.40357
-0.40337
-0.40316
-0.40296
-0.40275
-0.40255
-0.40234
-0.40213
-0.40192
-0.40171
-0.40150
-0.40129
-0.40108
-0.40087
-0.40066
-0.40045
-0.40023
-0.40002
-0.39980
-0.39959
-0.39937
-0.39916
-0.39894
-0.39872
-0.39851
-0.39829
-0.39807
-0.39785
-0.39763
-0.39741
-0.39719
-0.39697
-0.39674
-0.39652
-0.39630
-0.39607
-0.39585
-0.39562
-0.39540
-0.39517
-0.39495
-0.39472
-0.39449
-0.39426
-0.39403
-0.39380
-0.39357
-0.39334
-0.39311
-0.39303
-0.39296
-0.39289
-0.39282
-0.39264
-0.39246
-0.39227
-0.39209
-0.39229
-0.39249
-0.39268
-0.39288
-0.39262
-0.39236
-0.39210
-0.39184
-0.39187
-0.39189
-0.39192
-0.39195
-0.39168
-0.39142
-0.39115
-0.39088
-0.39073
-0.39057
-0.39042
-0.39027
-0.38998
-0.38970
-0.38942
-0.38913
-0.38882
-0.38852
-0.38821
-0.38790
-0.38760
-0.38730
-0.38699
-0.38669
-0.38623
-0.38576
-0.38530
-0.38483
-0.38450
-0.38417
-0.38383
-0.38350
-0.38281
-0.38212
-0.38143
-0.38074
-0.38026
-0.37978
-0.37930
-0.37882
-0.37780
-0.37679
-0.37578
-0.37476
-0.37399
-0.37322
-0.37244
-0.37167
-0.37020
-0.36874
-0.36727
-0.36581
-0.36438
-0.36296
-0.36153
-0.36011
-0.35832
-0.35653
-0.35475
-0.35296
-0.35097
-0.34897
-0.34698
-0.34499
-0.34245
-0.33992
-0.33738
-0.33484
-0.33177
-0.32870
-0.32563
-0.32257
-0.31874
-0.31492
-0.31109
-0.30727
-0.30202
-0.29676
-0.29151
-0.28626
-0.27992
-0.27359
-0.26725
-0.26092
-0.25312
-0.24532
-0.23752
-0.22972
-0.22019
-0.21066
-0.20113
-0.19160
-0.17944
-0.16728
-0.15512
-0.14296
-0.12828
-0.11359
-0.09891
-0.08422
-0.06612
-0.04802
-0.02992
-0.01182
0.00952
0.03087
0.05222
0.07357
0.09885
0.12413
0.14940
0.17468
0.20334
0.23200
0.26067
0.28933
0.32202
0.35470
0.38739
0.42008
0.45563
0.49118
0.52673
0.56228
0.60159
0.64091
0.68022
0.71954
0.76112
0.80270
0.84429
0.88587
0.93019
0.97450
1.01882
1.06314
1.10937
1.15561
1.20185
1.24808
1.29531
1.34254
1.38977
1.43700
1.48722
1.53744
1.58765
1.63787
1.68683
1.73578
1.78474
1.83369
1.88601
1.93832
1.99064
2.04296
2.09296
2.14297
2.19297
2.24298
2.29533
2.34768
2.40003
2.45239
2.50257
2.55276
2.60294
2.65313
2.70428
2.75543
2.80658
2.85773
2.90769
2.95764
3.00760
3.05756
3.10694
3.15631
3.20569
3.25507
3.30388
3.35269
3.40150
3.45031
3.49746
3.54461
3.59176
3.63890
3.68390
3.72889
3.77388
3.81888
3.86338
3.90788
3.95238
3.99688
4.03609
4.07530
4.11450
4.15371
4.19368
4.23366
4.27363
4.31360
4.34738
4.38115
4.41492
4.44869
4.48184
4.51499
4.54814
4.58128
4.60952
4.63775
4.66599
4.69422
4.71883
4.74344
4.76804
4.79265
4.81638
4.84011
4.86384
4.88757
4.90272
4.91786
4.93301
4.94816
4.96576
4.98336
5.00096
5.01856
5.02906
5.03956
5.05006
5.06056
5.07081
5.08105
5.09130
5.10155
5.11089
5.12024
5.12959
5.13894
5.14522
5.15150
5.15778
5.16406
5.17100
5.17793
5.18487
5.19180
5.19702
5.20224
5.20746
5.21269
5.21552
5.21835
5.22118
5.22401
5.22073
5.21745
5.21417
5.21089
5.19653
5.18217
5.16780
5.15344
-0.41242
-0.41221
-0.41200
-0.41179
-0.41158
-0.41137
-0.41116
-0.41095
-0.41074
-0.41053
-0.41031
-0.41010
-0.40988
-0.40967
-0.40945
-0.40924
-0.40902
-0.40880
-0.40858
-0.40836
-0.40814
-0.40792
-0.40770
-0.40748
-0.40726
-0.40703
-0.40681
-0.40659
-0.40636
-0.40613
-0.40591
-0.40568
-0.40545
-0.40522
-0.40499
-0.40476
-0.40453
-0.40430
-0.40407
-0.40384
-0.40360
-0.40337
-0.40313
-0.40290
-0.40266
-0.40242
-0.40219
-0.40195
-0.40171
-0.40147
-0.40123
-0.40099
-0.40074
-0.40050
-0.40026
-0.40001
-0.39977
-0.39952
-0.39928
-0.39903
-0.39878
-0.39853
-0.39828
-0.39803
-0.39778
-0.39753
-0.39728
-0.39702
-0.39677
-0.39651
-0.39626
-0.39600
-0.39575
-0.39549
-0.39523
-0.39497
-0.39471
-0.39445
-0.39419
-0.39392
-0.39366
-0.39340
-0.39313
-0.39287
-0.39260
-0.39233
-0.39207
-0.39180
-0.39153
-0.39126
-0.39099
-0.39071
-0.39044
-0.39017
-0.38989
-0.38962
-0.38934
-0.38907
-0.38879
-0.38851
-0.38823
-0.38795
-0.38767
-0.38739
-0.38711
-0.38682
-0.38654
-0.38626
-0.38597
-0.38568
-0.38540
-0.38511
-0.38482
-0.38453
-0.38424
-0.38395
-0.38366
-0.38336
-0.38307
-0.38277
-0.38248
-0.38218
-0.38188
-0.38159
-0.38129
-0.38099
-0.38069
-0.38039
-0.38008
-0.37978
-0.37948
-0.37917
-0.37886
-0.37856
-0.37825
-0.37794
-0.37763
-0.37752
-0.37741
-0.37729
-0.37718
-0.37690
-0.37662
-0.37634
-0.37606
-0.37621
-0.37635
-0.37650
-0.37665
-0.37632
-0.37599
-0.37566
-0.37533
-0.37526
-0.37518
-0.37511
-0.37503
-0.37476
-0.37449
-0.37422
-0.37395
-0.37370
-0.37345
-0.37320
-0.37295
-0.37277
-0.37258
-0.37240
-0.37222
-0.37189
-0.37155
-0.37122
-0.37089
-0.37077
-0.37065
-0.37053
-0.37041
-0.36998
-0.36955
-0.36911
-0.36868
-0.36856
-0.36844
-0.36831
-0.36819
-0.36757
-0.36695
-0.36633
-0.36570
-0.36542
-0.36513
-0.36484
-0.36455
-0.36367
-0.36278
-0.36190
-0.36101
-0.36040
-0.35980
-0.35919
-0.35858
-0.35724
-0.35590
-0.35455
-0.35321
-0.35189
-0.35057
-0.34925
-0.34793
-0.34635
-0.34477
-0.34319
-0.34161
-0.33974
-0.33788
-0.33602
-0.33416
-0.33213
-0.33010
-0.32807
-0.32604
-0.32344
-0.32084
-0.31824
-0.31564
-0.31245
-0.30925
-0.30606
-0.30286
-0.29799
-0.29312
-0.28825
-0.28338
-0.27767
-0.27195
-0.26624
-0.26052
-0.25350
-0.24648
-0.23946
-0.23244
-0.22393
-0.21543
-0.20692
-0.19841
-0.18740
-0.17639
-0.16537
-0.15436
-0.14107
-0.12777
-0.11447
-0.10118
-0.08465
-0.06812
-0.05160
-0.03507
-0.01542
0.00424
0.02389
0.04354
0.06692
0.09029
0.11367
0.13704
0.16393
0.19082
0.21770
0.24459
0.27525
0.30590
0.33656
0.36722
0.40122
0.43522
0.46923
0.50323
0.54073
0.57823
0.61574
0.65324
0.69382
0.73440
0.77498
0.81556
0.85828
0.90100
0.94371
0.98643
1.03203
1.07763
1.12324
1.16884
1.21464
1.26045
1.30625
1.35206
1.40199
1.45193
1.50187
1.55180
1.59986
1.64792
1.69598
1.74404
1.79628
1.84852
1.90076
1.95300
2.00285
2.05271
2.10257
2.15242
2.20471
2.25699
2.30927
2.36155
2.41213
2.46271
2.51329
2.56387
2.61489
2.66591
2.71693
2.76795
2.81839
2.86882
2.91926
2.96970
3.01928
3.06886
3.11844
3.16802
3.21744
3.26687
3.31629
3.36572
3.41369
3.46165
3.50962
3.55759
3.60320
3.64881
3.69442
3.74003
3.78545
3.83087
3.87629
3.92171
3.96147
4.00122
4.04098
4.08074
4.12065
4.16056
4.20047
4.24038
4.27542
4.31045
4.34549
4.38052
4.41320
4.44587
4.47855
4.51123
4.54086
4.57049
4.60013
4.62976
4.65333
4.67690
4.70048
4.72405
4.74845
4.77284
4.79724
4.82164
4.83639
4.85114
4.86589
4.88065
4.89726
4.91387
4.93049
4.94710
4.95854
4.96998
4.98141
4.99285
5.00254
5.01222
5.02190
5.03159
5.04127
5.05096
5.06064
5.07032
5.07639
5.08246
5.08853
5.09460
5.10176
5.10892
5.11608
5.12325
5.12854
5.13383
5.13912
5.14441
5.14807
5.15174
5.15540
5.15907
5.15777
5.15647
5.15517
5.15386
5.14269
5.13151
5.12033
5.10916
-0.40400
-0.40374
-0.40348
-0.40322
-0.40295
-0.40269
-0.40242
-0.40215
-0.40189
-0.40162
-0.40135
-0.40108
-0.40081
-0.40053
-0.40026
-0.39999
-0.39971
-0.39944
-0.39916
-0.39888
-0.39860
-0.39832
-0.39804
-0.39776
-0.39748
-0.39720
-0.39691
-0.39663
-0.39634
-0.39605
-0.39576
-0.39548
-0.39519
-0.39489
-0.39460
-0.39431
-0.39402
-0.39372
-0.39342
-0.39313
-0.39283
-0.39253
-0.39223
-0.39193
-0.39163
-0.39133
-0.39102
-0.39072
-0.39041
-0.39011
-0.38980
-0.38949
-0.38918
-0.38887
-0.38856
-0.38824
-0.38793
-0.38761
-0.38730
-0.38698
-0.38666
-0.38634
-0.38602
-0.38570
-0.38538
-0.38506
-0.38473
-0.38441
-0.38408
-0.38375
-0.38343
-0.38310
-0.38277
-0.38243
-0.38210
-0.38177
-0.38143
-0.38110
-0.38076
-0.38042
-0.38008
-0.37974
-0.37940
-0.37906
-0.37872
-0.37837
-0.37803
-0.37768
-0.37733
-0.37698
-0.37663
-0.37628
-0.37593
-0.37557
-0.37522
-0.37486
-0.37451
-0.37415
-0.37379
-0.37343
-0.37307
-0.37271
-0.37234
-0.37198
-0.37161
-0.37124
-0.37088
-0.37051
-0.37014
-0.36976
-0.36939
-0.36902
-0.36864
-0.36826
-0.36789
-0.36751
-0.36713
-0.36675
-0.36637
-0.36598
-0.36560
-0.36521
-0.36482
-0.36444
-0.36405
-0.36366
-0.36326
-0.36287
-0.36248
-0.36208
-0.36168
-0.36129
-0.36089
-0.36049
-0.36009
-0.35968
-0.35928
-0.35896
-0.35864
-0.35831
-0.35799
-0.35753
-0.35707
-0.35660
-0.35614
-0.35591
-0.35568
-0.35545
-0.35522
-0.35480
-0.35438
-0.35396
-0.35355
-0.35311
-0.35268
-0.35225
-0.35182
-0.35145
-0.35109
-0.35073
-0.35036
-0.34985
-0.34934
-0.34882
-0.34831
-0.34809
-0.34788
-0.34766
-0.34744
-0.34694
-0.34644
-0.34594
-0.34544
-0.34538
-0.34533
-0.34527
-0.34522
-0.34464
-0.34406
-0.34348
-0.34290
-0.34279
-0.34269
-0.34259
-0.34249
-0.34181
-0.34113
-0.34045
-0.33977
-0.33939
-0.33901
-0.33864
-0.33826
-0.33751
-0.33675
-0.33600
-0.33525
-0.33456
-0.33388
-0.33319
-0.33251
-0.33156
-0.33061
-0.32966
-0.32871
-0.32756
-0.32641
-0.32525
-0.32410
-0.32292
-0.32174
-0.32056
-0.31938
-0.31765
-0.31591
-0.31417
-0.31244
-0.31084
-0.30924
-0.30763
-0.30603
-0.30358
-0.30112
-0.29867
-0.29622
-0.29367
-0.29111
-0.28856
-0.28601
-0.28159
-0.27717
-0.27276
-0.26834
-0.26332
-0.25831
-0.25329
-0.24827
-0.24200
-0.23573
-0.22947
-0.22320
-0.21561
-0.20803
-0.20044
-0.19286
-0.18305
-0.17324
-0.16343
-0.15362
-0.14156
-0.12950
-0.11744
-0.10537
-0.09037
-0.07537
-0.06037
-0.04538
-0.02718
-0.00899
0.00920
0.02739
0.04903
0.07068
0.09233
0.11397
0.13931
0.16464
0.18997
0.21531
0.24418
0.27305
0.30192
0.33080
0.36339
0.39599
0.42859
0.46119
0.49681
0.53244
0.56806
0.60369
0.64302
0.68236
0.72169
0.76103
0.80202
0.84302
0.88402
0.92502
0.96958
1.01414
1.05870
1.10326
1.14806
1.19285
1.23764
1.28243
1.33119
1.37994
1.42869
1.47745
1.52517
1.57290
1.62063
1.66836
1.71937
1.77037
1.82138
1.87239
1.92224
1.97209
2.02194
2.07179
2.12318
2.17456
2.22594
2.27733
2.32825
2.37918
2.43011
2.48104
2.53151
2.58197
2.63244
2.68291
2.73403
2.78515
2.83627
2.88739
2.93667
2.98596
3.03525
3.08453
3.13469
3.18485
3.23501
3.28517
3.33340
3.38162
3.42985
3.47807
3.52435
3.57062
3.61690
3.66317
3.70870
3.75422
3.79975
3.84527
3.88596
3.92665
3.96734
4.00803
4.04747
4.08691
4.12634
4.16578
4.20220
4.23861
4.27503
4.31144
4.34379
4.37613
4.40847
4.44081
4.47211
4.50341
4.53471
4.56601
4.58846
4.61091
4.63335
4.65580
4.67972
4.70365
4.72757
4.75149
4.76684
4.78219
4.79755
4.81290
4.82854
4.84418
4.85982
4.87546
4.88769
4.89993
4.91216
4.92440
4.93348
4.94256
4.95164
4.96073
4.97069
4.98065
4.99061
5.00057
5.00636
5.01215
5.01793
5.02372
5.03102
5.03832
5.04562
5.05292
5.05817
5.06341
5.06866
5.07391
5.07834
5.08277
5.08720
5.09163
5.09213
5.09264
5.09315
5.09365
5.08537
5.07708
5.06879
5.06051
-0.39861
-0.39830
-0.39798
-0.39766
-0.39734
-0.39702
-0.39670
-0.39638
-0.39606
-0.39573
-0.39540
-0.39508
-0.39475
-0.39442
-0.39409
-0.39375
-0.39342
-0.39308
-0.39275
-0.39241
-0.39207
-0.39173
-0.39139
-0.39105
-0.39070
-0.39036
-0.39001
-0.38966
-0.38931
-0.38896
-0.38861
-0.38826
-0.38790
-0.38755
-0.38719
-0.38683
-0.38647
-0.38611
-0.38575
-0.38538
-0.38502
-0.38465
-0.38428
-0.38391
-0.38354
-0.38317
-0.38280
-0.38242
-0.38204
-0.38167
-0.38129
-0.38091
-0.38052
-0.38014
-0.37976
-0.37937
-0.37898
-0.37859
-0.37820
-0.37781
-0.37742
-0.37702
-0.37663
-0.37623
-0.37583
-0.37543
-0.37503
-0.37462
-0.37422
-0.37381
-0.37340
-0.37299
-0.37258
-0.37217
-0.37176
-0.37134
-0.37092
-0.37050
-0.37008
-0.36966
-0.36924
-0.36882
-0.36839
-0.36796
-0.36753
-0.36710
-0.36667
-0.36624
-0.36580
-0.36536
-0.36492
-0.36448
-0.36404
-0.36360
-0.36315
-0.36271
-0.36226
-0.36181
-0.36136
-0.36091
-0.36045
-0.36000
-0.35954
-0.35908
-0.35862
-0.35816
-0.35769
-0.35723
-0.35676
-0.35629
-0.35582
-0.35535
-0.35487
-0.35440
-0.35392
-0.35344
-0.35296
-0.35248
-0.35199
-0.35151
-0.35102
-0.35053
-0.35004
-0.34955
-0.34906
-0.34856
-0.34806
-0.34756
-0.34706
-0.34656
-0.34606
-0.34555
-0.34504
-0.34453
-0.34402
-0.34351
-0.34299
-0.34248
-0.34196
-0.34144
-0.34092
-0.34031
-0.33971
-0.33911
-0.33850
-0.33786
-0.33723
-0.33659
-0.33595
-0.33538
-0.33481
-0.33423
-0.33366
-0.33286
-0.33206
-0.33126
-0.33046
-0.32995
-0.32944
-0.32893
-0.32842
-0.32763
-0.32683
-0.32604
-0.32524
-0.32493
-0.32462
-0.32430
-0.32399
-0.32328
-0.32257
-0.32187
-0.32116
-0.32104
-0.32091
-0.32079
-0.32066
-0.31992
-0.31918
-0.31844
-0.31769
-0.31746
-0.31723
-0.31699
-0.31676
-0.31600
-0.31523
-0.31447
-0.31371
-0.31315
-0.31258
-0.31202
-0.31146
-0.31077
-0.31007
-0.30938
-0.30868
-0.30785
-0.30702
-0.30619
-0.30536
-0.30468
-0.30400
-0.30332
-0.30264
-0.30153
-0.30042
-0.29932
-0.29821
-0.29733
-0.29645
-0.29557
-0.29469
-0.29300
-0.29130
-0.28961
-0.28791
-0.28661
-0.28530
-0.28400
-0.28269
-0.28038
-0.27806
-0.27575
-0.27344
-0.27138
-0.26932
-0.26726
-0.26520
-0.26130
-0.25739
-0.25348
-0.24957
-0.24519
-0.24081
-0.23644
-0.23206
-0.22655
-0.22104
-0.21553
-0.21002
-0.20330
-0.19658
-0.18986
-0.18314
-0.17453
-0.16592
-0.15732
-0.14871
-0.13783
-0.12695
-0.11608
-0.10520
-0.09174
-0.07829
-0.06483
-0.05137
-0.03465
-0.01792
-0.00120
0.01552
0.03536
0.05519
0.07503
0.09486
0.11858
0.14230
0.16602
0.18973
0.21670
0.24366
0.27063
0.29759
0.32865
0.35971
0.39078
0.42184
0.45558
0.48933
0.52307
0.55681
0.59476
0.63271
0.67066
0.70860
0.74804
0.78747
0.82690
0.86633
0.90973
0.95313
0.99653
1.03993
1.08380
1.12767
1.17154
1.21541
1.26289
1.31037
1.35784
1.40532
1.45273
1.50014
1.54755
1.59495
1.64468
1.69440
1.74412
1.79384
1.84373
1.89362
1.94351
1.99339
2.04374
2.09409
2.14444
2.19479
2.24611
2.29744
2.34876
2.40008
2.44999
2.49990
2.54981
2.59972
2.65138
2.70305
2.75471
2.80637
2.85545
2.90452
2.95360
3.00267
3.05332
3.10397
3.15461
3.20526
3.25366
3.30206
3.35047
3.39887
3.44567
3.49247
3.53927
3.58607
3.63160
3.67714
3.72268
3.76821
3.80982
3.85143
3.89304
3.93465
3.97360
4.01254
4.05149
4.09044
4.12817
4.16591
4.20365
4.24139
4.27329
4.30519
4.33709
4.36900
4.40151
4.43403
4.46655
4.49907
4.52088
4.54268
4.56449
4.58630
4.60965
4.63299
4.65634
4.67969
4.69582
4.71196
4.72809
4.74423
4.75893
4.77364
4.78834
4.80305
4.81611
4.82918
4.84224
4.85530
4.86380
4.87230
4.88079
4.88929
4.89942
4.90955
4.91968
4.92981
4.93544
4.94107
4.94670
4.95232
4.95966
4.96700
4.97434
4.98168
4.98696
4.99223
4.99751
5.00279
5.00796
5.01313
5.01830
5.02347
5.02560
5.02773
5.02986
5.03199
5.02664
5.02130
5.01595
5.01060
-0.40253
-0.40216
-0.40179
-0.40141
-0.40104
-0.40066
-0.40029
-0.39991
-0.39952
-0.39914
-0.39876
-0.39837
-0.39798
-0.39759
-0.39720
-0.39680
-0.39641
-0.39601
-0.39561
-0.39521
-0.39480
-0.39440
-0.39399
-0.39358
-0.39317
-0.39275
-0.39234
-0.39192
-0.39150
-0.39108
-0.39066
-0.39023
-0.38980
-0.38937
-0.38894
-0.38851
-0.38808
-0.38764
-0.38720
-0.38676
-0.38631
-0.38587
-0.38542
-0.38497
-0.38452
-0.38407
-0.38361
-0.38315
-0.38269
-0.38223
-0.38177
-0.38130
-0.38083
-0.38036
-0.37989
-0.37941
-0.37894
-0.37846
-0.37797
-0.37749
-0.37701
-0.37652
-0.37603
-0.37553
-0.37504
-0.37454
-0.37404
-0.37354
-0.37304
-0.37253
-0.37202
-0.37151
-0.37100
-0.37049
-0.36997
-0.36945
-0.36893
-0.36840
-0.36788
-0.36735
-0.36681
-0.36628
-0.36575
-0.36521
-0.36467
-0.36412
-0.36358
-0.36303
-0.36248
-0.36193
-0.36137
-0.36081
-0.36025
-0.35969
-0.35912
-0.35856
-0.35799
-0.35741
-0.35684
-0.35626
-0.35568
-0.35510
-0.35451
-0.35393
-0.35334
-0.35274
-0.35215
-0.35155
-0.35095
-0.35035
-0.34974
-0.34914
-0.34852
-0.34791
-0.34730
-0.34668
-0.34606
-0.34543
-0.34481
-0.34418
-0.34355
-0.34291
-0.34228
-0.34164
-0.34099
-0.34035
-0.33970
-0.33905
-0.33840
-0.33774
-0.33708
-0.33642
-0.33576
-0.33509
-0.33442
-0.33375
-0.33308
-0.33240
-0.33172
-0.33104
-0.33035
-0.32973
-0.32910
-0.32848
-0.32786
-0.32673
-0.32561
-0.32448
-0.32336
-0.32243
-0.32150
-0.32057
-0.31964
-0.31843
-0.31722
-0.31601
-0.31480
-0.31399
-0.31318
-0.31237
-0.31156
-0.31042
-0.30928
-0.30814
-0.30700
-0.30640
-0.30580
-0.30520
-0.30459
-0.30357
-0.30255
-0.30153
-0.30050
-0.29990
-0.29930
-0.29870
-0.29810
-0.29715
-0.29619
-0.29524
-0.29428
-0.29345
-0.29262
-0.29179
-0.29096
-0.29004
-0.28912
-0.28819
-0.28727
-0.28623
-0.28518
-0.28414
-0.28310
-0.28224
-0.28138
-0.28052
-0.27966
-0.27847
-0.27728
-0.27609
-0.27490
-0.27410
-0.27330
-0.27250
-0.27170
-0.27028
-0.26885
-0.26742
-0.26599
-0.26510
-0.26420
-0.26331
-0.26241
-0.26049
-0.25858
-0.25666
-0.25474
-0.25333
-0.25192
-0.25051
-0.24910
-0.24691
-0.24472
-0.24253
-0.24035
-0.23832
-0.23629
-0.23426
-0.23223
-0.22901
-0.22578
-0.22255
-0.21932
-0.21540
-0.21148
-0.20756
-0.20365
-0.19892
-0.19419
-0.18947
-0.18474
-0.17870
-0.17267
-0.16663
-0.16059
-0.15319
-0.14578
-0.13838
-0.13097
-0.12112
-0.11127
-0.10142
-0.09158
-0.07971
-0.06784
-0.05597
-0.04410
-0.02885
-0.01361
0.00163
0.01687
0.03463
0.05240
0.07016
0.08792
0.10983
0.13175
0.15366
0.17557
0.20025
0.22493
0.24961
0.27430
0.30341
0.33252
0.36164
0.39075
0.42261
0.45447
0.48633
0.51820
0.55432
0.59045
0.62657
0.66270
0.70104
0.73938
0.77771
0.81605
0.85791
0.89977
0.94162
0.98348
1.02670
1.06992
1.11314
1.15637
1.20229
1.24822
1.29415
1.34007
1.38720
1.43432
1.48145
1.52857
1.57684
1.62512
1.67339
1.72166
1.77171
1.82176
1.87182
1.92187
1.97077
2.01966
2.06856
2.11746
2.16932
2.22117
2.27303
2.32489
2.37422
2.42355
2.47288
2.52221
2.57400
2.62579
2.67759
2.72938
2.77849
2.82761
2.87672
2.92584
2.97620
3.02656
3.07692
3.12729
3.17563
3.22397
3.27232
3.32066
3.36754
3.41443
3.46131
3.50820
3.55347
3.59873
3.64400
3.68927
3.73176
3.77425
3.81674
3.85923
3.89762
3.93601
3.97440
4.01279
4.05167
4.09055
4.12943
4.16831
4.19946
4.23061
4.26176
4.29291
4.32525
4.35760
4.38994
4.42228
4.44495
4.46762
4.49029
4.51296
4.53541
4.55787
4.58033
4.60279
4.62027
4.63776
4.65525
4.67274
4.68661
4.70049
4.71437
4.72825
4.74225
4.75625
4.77025
4.78425
4.79221
4.80017
4.80813
4.81609
4.82606
4.83603
4.84600
4.85597
4.86181
4.86765
4.87348
4.87932
4.88639
4.89346
4.90054
4.90761
4.91315
4.91869
4.92424
4.92978
4.93562
4.94145
4.94729
4.95312
4.95631
4.95950
4.96268
4.96587
4.96360
4.96134
4.95907
4.95680
-0.40878
-0.40839
-0.40799
-0.40760
-0.40720
-0.40680
-0.40639
-0.40599
-0.40558
-0.40517
-0.40475
-0.40434
-0.40392
-0.40350
-0.40308
-0.40265
-0.40223
-0.40180
-0.40137
-0.40093
-0.40050
-0.40006
-0.39962
-0.39917
-0.39873
-0.39828
-0.39783
-0.39737
-0.39692
-0.39646
-0.39600
-0.39554
-0.39507
-0.39460
-0.39413
-0.39366
-0.39318
-0.39270
-0.39222
-0.39173
-0.39125
-0.39076
-0.39027
-0.38977
-0.38927
-0.38877
-0.38827
-0.38777
-0.38726
-0.38675
-0.38623
-0.38572
-0.38520
-0.38467
-0.38415
-0.38362
-0.38309
-0.38256
-0.38202
-0.38148
-0.38094
-0.38039
-0.37985
-0.37930
-0.37874
-0.37818
-0.37762
-0.37706
-0.37650
-0.37593
-0.37536
-0.37478
-0.37420
-0.37362
-0.37304
-0.37245
-0.37186
-0.37127
-0.37067
-0.37007
-0.36947
-0.36887
-0.36826
-0.36764
-0.36703
-0.36641
-0.36579
-0.36516
-0.36454
-0.36390
-0.36327
-0.36263
-0.36199
-0.36135
-0.36070
-0.36005
-0.35939
-0.35874
-0.35807
-0.35741
-0.35674
-0.35607
-0.35540
-0.35472
-0.35404
-0.35335
-0.35266
-0.35197
-0.35127
-0.35057
-0.34987
-0.34916
-0.34846
-0.34774
-0.34702
-0.34630
-0.34558
-0.34485
-0.34412
-0.34339
-0.34265
-0.34190
-0.34116
-0.34041
-0.33965
-0.33890
-0.33814
-0.33737
-0.33660
-0.33583
-0.33505
-0.33428
-0.33349
-0.33270
-0.33191
-0.33112
-0.33032
-0.32952
-0.32871
-0.32790
-0.32708
-0.32652
-0.32595
-0.32538
-0.32482
-0.32338
-0.32194
-0.32049
-0.31905
-0.31779
-0.31652
-0.31525
-0.31398
-0.31243
-0.31089
-0.30934
-0.30779
-0.30663
-0.30547
-0.30431
-0.30314
-0.30167
-0.30020
-0.29872
-0.29725
-0.29625
-0.29524
-0.29424
-0.29323
-0.29185
-0.29047
-0.28908
-0.28770
-0.28656
-0.28541
-0.28427
-0.28312
-0.28184
-0.28055
-0.27926
-0.27797
-0.27655
-0.27514
-0.27372
-0.27231
-0.27105
-0.26980
-0.26855
-0.26729
-0.26575
-0.26420
-0.26266
-0.26112
-0.25989
-0.25866
-0.25743
-0.25620
-0.25458
-0.25295
-0.25133
-0.24970
-0.24852
-0.24733
-0.24614
-0.24495
-0.24311
-0.24126
-0.23941
-0.23756
-0.23631
-0.23505
-0.23380
-0.23254
-0.23031
-0.22807
-0.22584
-0.22361
-0.22183
-0.22005
-0.21827
-0.21649
-0.21418
-0.21187
-0.20956
-0.20725
-0.20494
-0.20263
-0.20032
-0.19801
-0.19502
-0.19204
-0.18905
-0.18606
-0.18222
-0.17839
-0.17455
-0.17072
-0.16634
-0.16196
-0.15758
-0.15320
-0.14754
-0.14188
-0.13623
-0.13057
-0.12389
-0.11721
-0.11054
-0.10386
-0.09482
-0.08577
-0.07673
-0.06768
-0.05695
-0.04622
-0.03549
-0.02476
-0.01084
0.00307
0.01699
0.03091
0.04704
0.06317
0.07930
0.09543
0.11555
0.13567
0.15578
0.17590
0.19861
0.22132
0.24404
0.26675
0.29374
0.32073
0.34772
0.37471
0.40467
0.43464
0.46461
0.49458
0.52854
0.56250
0.59646
0.63042
0.66727
0.70412
0.74097
0.77783
0.81777
0.85772
0.89766
0.93761
0.97970
1.02178
1.06387
1.10595
1.15019
1.19442
1.23865
1.28288
1.32924
1.37561
1.42197
1.46833
1.51528
1.56223
1.60918
1.65613
1.70576
1.75539
1.80503
1.85466
1.90255
1.95044
1.99832
2.04621
2.09785
2.14950
2.20114
2.25278
2.30170
2.35061
2.39952
2.44843
2.49981
2.55119
2.60257
2.65395
2.70305
2.75214
2.80124
2.85034
2.90013
2.94992
2.99971
3.04950
3.09763
3.14577
3.19391
3.24204
3.28866
3.33528
3.38189
3.42851
3.47325
3.51799
3.56273
3.60748
3.65013
3.69279
3.73544
3.77810
3.81604
3.85399
3.89193
3.92987
3.96894
4.00801
4.04707
4.08614
4.11712
4.14810
4.17909
4.21007
4.24190
4.27373
4.30556
4.33738
4.36135
4.38531
4.40927
4.43323
4.45490
4.47656
4.49822
4.51988
4.53875
4.55763
4.57650
4.59537
4.60887
4.62238
4.63588
4.64939
4.66401
4.67864
4.69326
4.70789
4.71602
4.72416
4.73229
4.74043
4.75022
4.76001
4.76980
4.77960
4.78591
4.79223
4.79855
4.80487
4.81169
4.81851
4.82534
4.83216
4.83802
4.84388
4.84973
4.85559
4.86190
4.86820
4.87450
4.88081
4.88506
4.88931
4.89357
4.89782
4.89830
4.89879
4.89927
4.89976
-0.41833
-0.41796
-0.41758
-0.41721
-0.41683
-0.41644
-0.41606
-0.41567
-0.41528
-0.41488
-0.41448
-0.41409
-0.41368
-0.41328
-0.41287
-0.41246
-0.41205
-0.41164
-0.41122
-0.41080
-0.41038
-0.40995
-0.40952
-0.40909
-0.40866
-0.40822
-0.40778
-0.40734
-0.40689
-0.40644
-0.40599
-0.40554
-0.40508
-0.40462
-0.40415
-0.40369
-0.40322
-0.40275
-0.40227
-0.40179
-0.40131
-0.40083
-0.40034
-0.39985
-0.39935
-0.39886
-0.39836
-0.39785
-0.39735
-0.39683
-0.39632
-0.39580
-0.39528
-0.39476
-0.39423
-0.39370
-0.39317
-0.39263
-0.39209
-0.39155
-0.39100
-0.39045
-0.38990
-0.38934
-0.38878
-0.38821
-0.38764
-0.38707
-0.38649
-0.38591
-0.38533
-0.38474
-0.38415
-0.38356
-0.38296
-0.38236
-0.38175
-0.38114
-0.38053
-0.37991
-0.37929
-0.37867
-0.37804
-0.37740
-0.37677
-0.37613
-0.37548
-0.37483
-0.37418
-0.37352
-0.37286
-0.37220
-0.37153
-0.37085
-0.37018
-0.36949
-0.36881
-0.36812
-0.36742
-0.36672
-0.36602
-0.36531
-0.36460
-0.36389
-0.36316
-0.36244
-0.36171
-0.36098
-0.36024
-0.35949
-0.35875
-0.35799
-0.35724
-0.35648
-0.35571
-0.35494
-0.35417
-0.35339
-0.35260
-0.35181
-0.35102
-0.35022
-0.34942
-0.34861
-0.34780
-0.34698
-0.34615
-0.34533
-0.34449
-0.34366
-0.34281
-0.34197
-0.34111
-0.34026
-0.33939
-0.33853
-0.33765
-0.33678
-0.33589
-0.33501
-0.33411
-0.33371
-0.33331
-0.33290
-0.33250
-0.33099
-0.32947
-0.32796
-0.32644
-0.32486
-0.32329
-0.32171
-0.32013
-0.31835
-0.31656
-0.31477
-0.31299
-0.31140
-0.30982
-0.30823
-0.30664
-0.30485
-0.30306
-0.30126
-0.29947
-0.29790
-0.29633
-0.29476
-0.29319
-0.29138
-0.28958
-0.28777
-0.28597
-0.28419
-0.28241
-0.28063
-0.27885
-0.27705
-0.27525
-0.27346
-0.27166
-0.26967
-0.26769
-0.26570
-0.26371
-0.26189
-0.26007
-0.25825
-0.25643
-0.25435
-0.25228
-0.25020
-0.24813
-0.24625
-0.24437
-0.24249
-0.24061
-0.23844
-0.23627
-0.23410
-0.23193
-0.22997
-0.22801
-0.22605
-0.22410
-0.22169
-0.21929
-0.21689
-0.21449
-0.21239
-0.21028
-0.20818
-0.20608
-0.20339
-0.20070
-0.19802
-0.19533
-0.19282
-0.19030
-0.18778
-0.18527
-0.18248
-0.17970
-0.17692
-0.17414
-0.17111
-0.16808
-0.16505
-0.16202
-0.15865
-0.15528
-0.15191
-0.14854
-0.14426
-0.13998
-0.13570
-0.13142
-0.12677
-0.12213
-0.11748
-0.11283
-0.10712
-0.10141
-0.09570
-0.09000
-0.08338
-0.07676
-0.07014
-0.06353
-0.05497
-0.04641
-0.03786
-0.02930
-0.01908
-0.00886
0.00136
0.01158
0.02439
0.03721
0.05003
0.06284
0.07796
0.09308
0.10820
0.12333
0.14166
0.16000
0.17833
0.19667
0.21785
0.23903
0.26022
0.28140
0.30602
0.33064
0.35526
0.37988
0.40794
0.43600
0.46406
0.49212
0.52342
0.55473
0.58604
0.61734
0.65216
0.68697
0.72179
0.75661
0.79412
0.83162
0.86913
0.90664
0.94691
0.98718
1.02744
1.06771
1.11005
1.15238
1.19472
1.23705
1.28198
1.32690
1.37183
1.41675
1.46255
1.50836
1.55416
1.59997
1.64836
1.69676
1.74515
1.79355
1.84105
1.88855
1.93605
1.98355
2.03392
2.08429
2.13466
2.18503
2.23375
2.28248
2.33120
2.37993
2.43013
2.48033
2.53053
2.58072
2.62972
2.67872
2.72772
2.77672
2.82553
2.87434
2.92315
2.97195
3.01968
3.06741
3.11514
3.16286
3.20871
3.25456
3.30041
3.34626
3.39010
3.43395
3.47780
3.52165
3.56347
3.60529
3.64711
3.68893
3.72658
3.76422
3.80187
3.83952
3.87743
3.91534
3.95326
3.99117
4.02280
4.05444
4.08607
4.11771
4.14854
4.17937
4.21021
4.24104
4.26691
4.29278
4.31865
4.34452
4.36552
4.38652
4.40752
4.42851
4.44881
4.46911
4.48941
4.50971
4.52348
4.53725
4.55102
4.56479
4.57960
4.59442
4.60923
4.62404
4.63336
4.64267
4.65199
4.66130
4.67089
4.68047
4.69005
4.69963
4.70682
4.71400
4.72118
4.72836
4.73496
4.74157
4.74817
4.75478
4.76102
4.76726
4.77350
4.77974
4.78623
4.79273
4.79923
4.80572
4.81106
4.81639
4.82172
4.82706
4.82983
4.83259
4.83536
4.83813
-0.42789
-0.42753
-0.42718
-0.42682
-0.42645
-0.42609
-0.42572
-0.42535
-0.42497
-0.42460
-0.42422
-0.42383
-0.42345
-0.42306
-0.42267
-0.42227
-0.42187
-0.42147
-0.42107
-0.42066
-0.42025
-0.41984
-0.41943
-0.41901
-0.41858
-0.41816
-0.41773
-0.41730
-0.41686
-0.41642
-0.41598
-0.41554
-0.41509
-0.41464
-0.41418
-0.41372
-0.41326
-0.41279
-0.41232
-0.41185
-0.41137
-0.41089
-0.41041
-0.40992
-0.40943
-0.40894
-0.40844
-0.40794
-0.40743
-0.40692
-0.40641
-0.40589
-0.40537
-0.40485
-0.40432
-0.40379
-0.40325
-0.40271
-0.40216
-0.40162
-0.40106
-0.40051
-0.39995
-0.39938
-0.39881
-0.39824
-0.39766
-0.39708
-0.39649
-0.39590
-0.39531
-0.39471
-0.39410
-0.39350
-0.39288
-0.39227
-0.39164
-0.39102
-0.39039
-0.38975
-0.38911
-0.38847
-0.38782
-0.38716
-0.38651
-0.38584
-0.38517
-0.38450
-0.38382
-0.38314
-0.38245
-0.38176
-0.38106
-0.38036
-0.37965
-0.37894
-0.37822
-0.37750
-0.37677
-0.37604
-0.37530
-0.37456
-0.37381
-0.37305
-0.37229
-0.37153
-0.37076
-0.36998
-0.36920
-0.36842
-0.36762
-0.36683
-0.36602
-0.36521
-0.36440
-0.36358
-0.36275
-0.36192
-0.36108
-0.36024
-0.35939
-0.35854
-0.35768
-0.35681
-0.35594
-0.35506
-0.35417
-0.35328
-0.35239
-0.35148
-0.35057
-0.34966
-0.34874
-0.34781
-0.34688
-0.34594
-0.34499
-0.34404
-0.34308
-0.34211
-0.34114
-0.34090
-0.34066
-0.34042
-0.34018
-0.33860
-0.33701
-0.33542
-0.33383
-0.33194
-0.33006
-0.32817
-0.32628
-0.32426
-0.32223
-0.32020
-0.31818
-0.31617
-0.31416
-0.31215
-0.31015
-0.30803
-0.30592
-0.30380
-0.30169
-0.29955
-0.29741
-0.29528
-0.29314
-0.29091
-0.28869
-0.28646
-0.28423
-0.28182
-0.27940
-0.27698
-0.27457
-0.27226
-0.26996
-0.26765
-0.26535
-0.26279
-0.26023
-0.25768
-0.25512
-0.25273
-0.25034
-0.24795
-0.24556
-0.24296
-0.24035
-0.23775
-0.23514
-0.23261
-0.23008
-0.22754
-0.22501
-0.22230
-0.21958
-0.21687
-0.21415
-0.21142
-0.20869
-0.20597
-0.20324
-0.20028
-0.19733
-0.19437
-0.19142
-0.18847
-0.18551
-0.18256
-0.17961
-0.17647
-0.17333
-0.17020
-0.16706
-0.16380
-0.16055
-0.15729
-0.15404
-0.15079
-0.14754
-0.14429
-0.14104
-0.13729
-0.13353
-0.12978
-0.12603
-0.12228
-0.11853
-0.11477
-0.11102
-0.10630
-0.10158
-0.09685
-0.09213
-0.08721
-0.08229
-0.07738
-0.07246
-0.06670
-0.06094
-0.05518
-0.04942
-0.04287
-0.03631
-0.02975
-0.02320
-0.01513
-0.00706
0.00101
0.00908
0.01879
0.02850
0.03821
0.04792
0.05963
0.07135
0.08306
0.09478
0.10889
0.12300
0.13711
0.15122
0.16777
0.18432
0.20088
0.21743
0.23709
0.25674
0.27640
0.29606
0.31831
0.34055
0.36280
0.38505
0.41120
0.43735
0.46351
0.48966
0.51831
0.54696
0.57561
0.60427
0.63705
0.66983
0.70261
0.73539
0.77046
0.80553
0.84060
0.87567
0.91412
0.95257
0.99102
1.02947
1.06991
1.11034
1.15078
1.19122
1.23471
1.27820
1.32168
1.36517
1.40983
1.45449
1.49915
1.54381
1.59097
1.63812
1.68528
1.73243
1.77955
1.82666
1.87377
1.92089
1.96998
2.01908
2.06817
2.11727
2.16581
2.21435
2.26289
2.31142
2.36044
2.40946
2.45848
2.50750
2.55640
2.60531
2.65421
2.70311
2.75094
2.79876
2.84659
2.89441
2.94173
2.98905
3.03637
3.08368
3.12876
3.17384
3.21892
3.26400
3.30696
3.34991
3.39287
3.43583
3.47681
3.51779
3.55877
3.59976
3.63711
3.67446
3.71181
3.74916
3.78592
3.82268
3.85944
3.89620
3.92848
3.96077
3.99306
4.02535
4.05519
4.08502
4.11486
4.14470
4.17247
4.20025
4.22803
4.25581
4.27614
4.29648
4.31681
4.33714
4.35887
4.38060
4.40233
4.42406
4.43809
4.45213
4.46616
4.48020
4.49520
4.51019
4.52519
4.54019
4.55069
4.56119
4.57168
4.58218
4.59155
4.60093
4.61030
4.61967
4.62772
4.63576
4.64381
4.65185
4.65824
4.66462
4.67101
4.67739
4.68402
4.69064
4.69726
4.70388
4.71057
4.71726
4.72395
4.73064
4.73705
4.74347
4.74988
4.75629
4.76135
4.76640
4.77145
4.77651
-0.43744
-0.43711
-0.43677
-0.43643
-0.43608
-0.43573
-0.43538
-0.43503
-0.43467
-0.43431
-0.43395
-0.43358
-0.43321
-0.43284
-0.43246
-0.43208
-0.43170
-0.43131
-0.43092
-0.43053
-0.43013
-0.42973
-0.42933
-0.42892
-0.42851
-0.42810
-0.42768
-0.42726
-0.42683
-0.42640
-0.42597
-0.42554
-0.42510
-0.42465
-0.42420
-0.42375
-0.42330
-0.42284
-0.42238
-0.42191
-0.42144
-0.42096
-0.42048
-0.42000
-0.41951
-0.41902
-0.41853
-0.41803
-0.41752
-0.41701
-0.41650
-0.41598
-0.41546
-0.41493
-0.41440
-0.41387
-0.41333
-0.41278
-0.41224
-0.41168
-0.41112
-0.41056
-0.40999
-0.40942
-0.40885
-0.40826
-0.40768
-0.40709
-0.40649
-0.40589
-0.40528
-0.40467
-0.40405
-0.40343
-0.40280
-0.40217
-0.40154
-0.40089
-0.40024
-0.39959
-0.39893
-0.39827
-0.39760
-0.39693
-0.39624
-0.39556
-0.39487
-0.39417
-0.39347
-0.39276
-0.39205
-0.39133
-0.39060
-0.38987
-0.38913
-0.38839
-0.38764
-0.38688
-0.38612
-0.38535
-0.38458
-0.38380
-0.38301
-0.38222
-0.38142
-0.38062
-0.37981
-0.37899
-0.37817
-0.37734
-0.37650
-0.37566
-0.37481
-0.37395
-0.37309
-0.37222
-0.37134
-0.37045
-0.36956
-0.36867
-0.36776
-0.36685
-0.36593
-0.36501
-0.36408
-0.36314
-0.36219
-0.36124
-0.36028
-0.35931
-0.35833
-0.35735
-0.35636
-0.35536
-0.35436
-0.35335
-0.35233
-0.35130
-0.35026
-0.34922
-0.34817
-0.34810
-0.34802
-0.34794
-0.34787
-0.34621
-0.34454
-0.34288
-0.34121
-0.33902
-0.33682
-0.33463
-0.33243
-0.33017
-0.32790
-0.32563
-0.32337
-0.32094
-0.31851
-0.31608
-0.31365
-0.31121
-0.30878
-0.30634
-0.30391
-0.30120
-0.29850
-0.29580
-0.29310
-0.29045
-0.28780
-0.28515
-0.28250
-0.27945
-0.27639
-0.27334
-0.27029
-0.26748
-0.26467
-0.26185
-0.25904
-0.25591
-0.25278
-0.24965
-0.24652
-0.24357
-0.24061
-0.23765
-0.23469
-0.23156
-0.22842
-0.22529
-0.22215
-0.21897
-0.21579
-0.21260
-0.20942
-0.20616
-0.20290
-0.19963
-0.19637
-0.19288
-0.18938
-0.18588
-0.18238
-0.17887
-0.17536
-0.17185
-0.16834
-0.16454
-0.16074
-0.15694
-0.15314
-0.14955
-0.14596
-0.14238
-0.13879
-0.13479
-0.13080
-0.12681
-0.12281
-0.11909
-0.11537
-0.11165
-0.10793
-0.10346
-0.09899
-0.09452
-0.09004
-0.08591
-0.08177
-0.07764
-0.07350
-0.06834
-0.06317
-0.05800
-0.05284
-0.04765
-0.04246
-0.03727
-0.03209
-0.02628
-0.02047
-0.01466
-0.00885
-0.00235
0.00414
0.01064
0.01714
0.02472
0.03230
0.03988
0.04746
0.05666
0.06586
0.07506
0.08425
0.09487
0.10548
0.11610
0.12671
0.13981
0.15291
0.16601
0.17911
0.19388
0.20865
0.22342
0.23819
0.25632
0.27445
0.29258
0.31071
0.33059
0.35047
0.37034
0.39022
0.41447
0.43871
0.46295
0.48720
0.51320
0.53919
0.56519
0.59119
0.62194
0.65268
0.68343
0.71417
0.74681
0.77944
0.81207
0.84470
0.88133
0.91796
0.95459
0.99122
1.02977
1.06831
1.10685
1.14539
1.18744
1.22949
1.27154
1.31359
1.35711
1.40062
1.44414
1.48765
1.53357
1.57949
1.62540
1.67132
1.71804
1.76477
1.81150
1.85823
1.90605
1.95387
2.00169
2.04951
2.09786
2.14622
2.19457
2.24292
2.29076
2.33860
2.38644
2.43428
2.48308
2.53189
2.58069
2.62950
2.67634
2.72318
2.77003
2.81687
2.86378
2.91069
2.95760
3.00450
3.04882
3.09313
3.13744
3.18175
3.22381
3.26588
3.30794
3.35000
3.39015
3.43029
3.47044
3.51059
3.54764
3.58469
3.62175
3.65880
3.69441
3.73001
3.76562
3.80122
3.83417
3.86711
3.90005
3.93299
3.96183
3.99067
4.01951
4.04835
4.07804
4.10773
4.13741
4.16710
4.18677
4.20644
4.22610
4.24577
4.26893
4.29209
4.31524
4.33840
4.35270
4.36700
4.38130
4.39560
4.41079
4.42597
4.44116
4.45635
4.46802
4.47970
4.49138
4.50306
4.51222
4.52138
4.53055
4.53971
4.54862
4.55753
4.56644
4.57535
4.58151
4.58768
4.59384
4.60001
4.60701
4.61402
4.62102
4.62803
4.63491
4.64179
4.64867
4.65556
4.66305
4.67054
4.67804
4.68553
4.69287
4.70020
4.70754
4.71488
-0.44551
-0.44521
-0.44492
-0.44462
-0.44431
-0.44401
-0.44370
-0.44339
-0.44307
-0.44276
-0.44244
-0.44211
-0.44179
-0.44146
-0.44113
-0.44079
-0.44045
-0.44011
-0.43976
-0.43942
-0.43906
-0.43871
-0.43835
-0.43799
-0.43762
-0.43726
-0.43688
-0.43651
-0.43613
-0.43575
-0.43536
-0.43497
-0.43458
-0.43418
-0.43378
-0.43338
-0.43297
-0.43256
-0.43214
-0.43172
-0.43130
-0.43087
-0.43044
-0.43001
-0.42957
-0.42912
-0.42868
-0.42823
-0.42777
-0.42731
-0.42685
-0.42638
-0.42591
-0.42543
-0.42495
-0.42447
-0.42398
-0.42348
-0.42298
-0.42248
-0.42197
-0.42146
-0.42094
-0.42042
-0.41990
-0.41937
-0.41883
-0.41829
-0.41775
-0.41720
-0.41664
-0.41608
-0.41552
-0.41495
-0.41437
-0.41379
-0.41321
-0.41262
-0.41202
-0.41142
-0.41081
-0.41020
-0.40959
-0.40896
-0.40834
-0.40770
-0.40707
-0.40642
-0.40577
-0.40512
-0.40446
-0.40379
-0.40312
-0.40244
-0.40175
-0.40106
-0.40037
-0.39967
-0.39896
-0.39825
-0.39753
-0.39680
-0.39607
-0.39533
-0.39458
-0.39383
-0.39308
-0.39231
-0.39154
-0.39077
-0.38998
-0.38919
-0.38840
-0.38760
-0.38679
-0.38597
-0.38515
-0.38432
-0.38348
-0.38264
-0.38179
-0.38093
-0.38007
-0.37919
-0.37832
-0.37743
-0.37654
-0.37564
-0.37473
-0.37381
-0.37289
-0.37196
-0.37103
-0.37008
-0.36913
-0.36817
-0.36720
-0.36623
-0.36525
-0.36426
-0.36326
-0.36326
-0.36326
-0.36326
-0.36326
-0.36182
-0.36038
-0.35894
-0.35750
-0.35530
-0.35310
-0.35091
-0.34871
-0.34647
-0.34423
-0.34199
-0.33976
-0.33725
-0.33475
-0.33225
-0.32975
-0.32727
-0.32479
-0.32231
-0.31983
-0.31698
-0.31413
-0.31127
-0.30842
-0.30564
-0.30286
-0.30008
-0.29730
-0.29405
-0.29081
-0.28757
-0.28433
-0.28130
-0.27827
-0.27524
-0.27220
-0.26885
-0.26550
-0.26214
-0.25879
-0.25551
-0.25224
-0.24896
-0.24569
-0.24226
-0.23883
-0.23539
-0.23196
-0.22836
-0.22475
-0.22115
-0.21754
-0.21390
-0.21026
-0.20661
-0.20297
-0.19894
-0.19491
-0.19088
-0.18684
-0.18287
-0.17889
-0.17492
-0.17094
-0.16654
-0.16214
-0.15774
-0.15334
-0.14922
-0.14510
-0.14098
-0.13686
-0.13224
-0.12763
-0.12301
-0.11840
-0.11403
-0.10966
-0.10529
-0.10092
-0.09580
-0.09068
-0.08556
-0.08043
-0.07562
-0.07080
-0.06598
-0.06117
-0.05540
-0.04963
-0.04387
-0.03810
-0.03223
-0.02637
-0.02051
-0.01464
-0.00826
-0.00187
0.00452
0.01091
0.01794
0.02498
0.03202
0.03905
0.04694
0.05483
0.06271
0.07060
0.07997
0.08935
0.09872
0.10809
0.11860
0.12912
0.13963
0.15015
0.16296
0.17577
0.18858
0.20139
0.21558
0.22977
0.24396
0.25816
0.27550
0.29285
0.31020
0.32755
0.34639
0.36523
0.38406
0.40290
0.42584
0.44877
0.47171
0.49464
0.51913
0.54363
0.56812
0.59261
0.62152
0.65043
0.67934
0.70825
0.73895
0.76966
0.80036
0.83107
0.86551
0.89995
0.93439
0.96882
1.00534
1.04186
1.07838
1.11489
1.15465
1.19440
1.23416
1.27391
1.31577
1.35764
1.39951
1.44137
1.48533
1.52929
1.57325
1.61721
1.66287
1.70853
1.75419
1.79985
1.84618
1.89251
1.93884
1.98517
2.03276
2.08036
2.12796
2.17555
2.22236
2.26916
2.31596
2.36277
2.41088
2.45899
2.50710
2.55521
2.60119
2.64717
2.69315
2.73913
2.78520
2.83128
2.87736
2.92344
2.96682
3.01020
3.05358
3.09697
3.13817
3.17938
3.22058
3.26179
3.30065
3.33951
3.37837
3.41723
3.45375
3.49026
3.52678
3.56329
3.59741
3.63154
3.66566
3.69978
3.73269
3.76560
3.79851
3.83142
3.85948
3.88755
3.91561
3.94368
3.97389
4.00410
4.03431
4.06452
4.08481
4.10510
4.12540
4.14569
4.16937
4.19305
4.21673
4.24041
4.25635
4.27229
4.28822
4.30416
4.31955
4.33494
4.35032
4.36571
4.37933
4.39295
4.40656
4.42018
4.42939
4.43860
4.44781
4.45702
4.46709
4.47716
4.48723
4.49730
4.50375
4.51020
4.51666
4.52311
4.53078
4.53845
4.54611
4.55378
4.56104
4.56831
4.57557
4.58283
4.59128
4.59974
4.60819
4.61664
4.62542
4.63421
4.64299
4.65177
-0.45229
-0.45206
-0.45183
-0.45159
-0.45135
-0.45111
-0.45087
-0.45062
-0.45037
-0.45012
-0.44986
-0.44961
-0.44935
-0.44909
-0.44882
-0.44856
-0.44829
-0.44802
-0.44774
-0.44747
-0.44719
-0.44690
-0.44662
-0.44633
-0.44604
-0.44575
-0.44545
-0.44515
-0.44485
-0.44454
-0.44424
-0.44393
-0.44361
-0.44329
-0.44297
-0.44265
-0.44233
-0.44200
-0.44166
-0.44133
-0.44099
-0.44065
-0.44030
-0.43995
-0.43960
-0.43925
-0.43889
-0.43853
-0.43816
-0.43779
-0.43742
-0.43704
-0.43666
-0.43628
-0.43589
-0.43550
-0.43511
-0.43471
-0.43431
-0.43390
-0.43349
-0.43308
-0.43266
-0.43224
-0.43182
-0.43139
-0.43096
-0.43052
-0.43008
-0.42964
-0.42919
-0.42873
-0.42828
-0.42781
-0.42735
-0.42688
-0.42640
-0.42592
-0.42544
-0.42495
-0.42446
-0.42396
-0.42346
-0.42296
-0.42245
-0.42193
-0.42141
-0.42089
-0.42036
-0.41982
-0.41928
-0.41874
-0.41819
-0.41764
-0.41708
-0.41651
-0.41594
-0.41537
-0.41479
-0.41420
-0.41361
-0.41302
-0.41242
-0.41181
-0.41120
-0.41059
-0.40996
-0.40934
-0.40870
-0.40806
-0.40742
-0.40677
-0.40611
-0.40545
-0.40478
-0.40411
-0.40343
-0.40275
-0.40205
-0.40136
-0.40065
-0.39994
-0.39923
-0.39851
-0.39778
-0.39704
-0.39630
-0.39556
-0.39480
-0.39404
-0.39328
-0.39250
-0.39173
-0.39094
-0.39015
-0.38935
-0.38854
-0.38773
-0.38691
-0.38608
-0.38525
-0.38525
-0.38525
-0.38525
-0.38525
-0.38429
-0.38333
-0.38237
-0.38141
-0.37947
-0.37753
-0.37559
-0.37365
-0.37167
-0.36969
-0.36772
-0.36574
-0.36346
-0.36119
-0.35892
-0.35665
-0.35436
-0.35207
-0.34979
-0.34750
-0.34485
-0.34221
-0.33956
-0.33692
-0.33425
-0.33159
-0.32892
-0.32626
-0.32321
-0.32017
-0.31712
-0.31408
-0.31107
-0.30807
-0.30506
-0.30206
-0.29877
-0.29549
-0.29221
-0.28893
-0.28555
-0.28217
-0.27879
-0.27541
-0.27189
-0.26836
-0.26483
-0.26131
-0.25748
-0.25365
-0.24982
-0.24599
-0.24211
-0.23822
-0.23434
-0.23045
-0.22609
-0.22173
-0.21737
-0.21301
-0.20864
-0.20428
-0.19991
-0.19555
-0.19076
-0.18597
-0.18118
-0.17639
-0.17166
-0.16694
-0.16222
-0.15750
-0.15236
-0.14723
-0.14209
-0.13696
-0.13179
-0.12662
-0.12145
-0.11628
-0.11057
-0.10485
-0.09914
-0.09343
-0.08767
-0.08192
-0.07616
-0.07041
-0.06391
-0.05741
-0.05090
-0.04440
-0.03751
-0.03062
-0.02373
-0.01685
-0.00943
-0.00201
0.00541
0.01282
0.02092
0.02901
0.03710
0.04519
0.05407
0.06294
0.07181
0.08069
0.09082
0.10095
0.11108
0.12121
0.13248
0.14375
0.15502
0.16629
0.17944
0.19258
0.20573
0.21887
0.23351
0.24815
0.26279
0.27743
0.29464
0.31185
0.32906
0.34626
0.36520
0.38414
0.40308
0.42202
0.44416
0.46629
0.48843
0.51057
0.53454
0.55852
0.58249
0.60646
0.63370
0.66094
0.68819
0.71543
0.74464
0.77386
0.80307
0.83229
0.86422
0.89615
0.92808
0.96001
0.99439
1.02877
1.06315
1.09754
1.13426
1.17098
1.20770
1.24442
1.28421
1.32399
1.36377
1.40356
1.44494
1.48633
1.52772
1.56911
1.61311
1.65712
1.70113
1.74514
1.78979
1.83444
1.87909
1.92374
1.97010
2.01646
2.06281
2.10917
2.15506
2.20095
2.24684
2.29273
2.33964
2.38654
2.43345
2.48035
2.52557
2.57078
2.61600
2.66121
2.70609
2.75098
2.79586
2.84075
2.88306
2.92538
2.96770
3.01001
3.05039
3.09077
3.13115
3.17153
3.20872
3.24591
3.28311
3.32030
3.35607
3.39183
3.42760
3.46337
3.49572
3.52808
3.56043
3.59278
3.62508
3.65737
3.68966
3.72195
3.74943
3.77691
3.80439
3.83186
3.86141
3.89096
3.92050
3.95005
3.97207
3.99410
4.01612
4.03814
4.06157
4.08500
4.10843
4.13186
4.15060
4.16935
4.18810
4.20685
4.22245
4.23806
4.25366
4.26926
4.28547
4.30168
4.31788
4.33409
4.34357
4.35304
4.36252
4.37199
4.38348
4.39496
4.40644
4.41793
4.42510
4.43228
4.43945
4.44663
4.45520
4.46377
4.47234
4.48092
4.48872
4.49652
4.50432
4.51213
4.52143
4.53074
4.54005
4.54936
4.55887
4.56837
4.57788
4.58739
-0.45908
-0.45891
-0.45874
-0.45856
-0.45839
-0.45821
-0.45803
-0.45785
-0.45766
-0.45748
-0.45729
-0.45710
-0.45691
-0.45672
-0.45652
-0.45632
-0.45613
-0.45592
-0.45572
-0.45552
-0.45531
-0.45510
-0.45489
-0.45467
-0.45446
-0.45424
-0.45402
-0.45379
-0.45357
-0.45334
-0.45311
-0.45288
-0.45264
-0.45241
-0.45217
-0.45193
-0.45168
-0.45143
-0.45119
-0.45093
-0.45068
-0.45042
-0.45016
-0.44990
-0.44964
-0.44937
-0.44910
-0.44883
-0.44855
-0.44827
-0.44799
-0.44771
-0.44742
-0.44713
-0.44684
-0.44654
-0.44624
-0.44594
-0.44564
-0.44533
-0.44502
-0.44470
-0.44439
-0.44407
-0.44374
-0.44342
-0.44309
-0.44275
-0.44242
-0.44208
-0.44173
-0.44139
-0.44104
-0.44068
-0.44033
-0.43996
-0.43960
-0.43923
-0.43886
-0.43849
-0.43811
-0.43772
-0.43734
-0.43695
-0.43655
-0.43616
-0.43576
-0.43535
-0.43494
-0.43453
-0.43411
-0.43369
-0.43326
-0.43283
-0.43240
-0.43196
-0.43152
-0.43107
-0.43062
-0.43016
-0.42970
-0.42924
-0.42877
-0.42830
-0.42782
-0.42734
-0.42685
-0.42636
-0.42586
-0.42536
-0.42485
-0.42434
-0.42383
-0.42331
-0.42278
-0.42225
-0.42171
-0.42117
-0.42063
-0.42008
-0.41952
-0.41896
-0.41839
-0.41782
-0.41724
-0.41666
-0.41607
-0.41548
-0.41488
-0.41427
-0.41366
-0.41305
-0.41242
-0.41180
-0.41116
-0.41052
-0.40988
-0.40923
-0.40857
-0.40791
-0.40724
-0.40724
-0.40724
-0.40724
-0.40724
-0.40676
-0.40628
-0.40581
-0.40533
-0.40365
-0.40196
-0.40028
-0.39860
-0.39688
-0.39516
-0.39344
-0.39172
-0.38968
-0.38763
-0.38559
-0.38354
-0.38145
-0.37936
-0.37726
-0.37517
-0.37273
-0.37029
-0.36785
-0.36541
-0.36286
-0.36032
-0.35777
-0.35522
-0.35237
-0.34952
-0.34667
-0.34382
-0.34084
-0.33786
-0.33488
-0.33191
-0.32870
-0.32549
-0.32228
-0.31907
-0.31559
-0.31210
-0.30862
-0.30514
-0.30152
-0.29790
-0.29428
-0.29065
-0.28660
-0.28255
-0.27850
-0.27445
-0.27032
-0.26619
-0.26206
-0.25794
-0.25325
-0.24856
-0.24387
-0.23918
-0.23442
-0.22966
-0.22490
-0.22015
-0.21497
-0.20979
-0.20461
-0.19943
-0.19411
-0.18879
-0.18346
-0.17814
-0.17249
-0.16683
-0.16118
-0.15552
-0.14955
-0.14358
-0.13761
-0.13163
-0.12533
-0.11903
-0.11272
-0.10642
-0.09973
-0.09304
-0.08635
-0.07965
-0.07242
-0.06518
-0.05794
-0.05070
-0.04279
-0.03488
-0.02696
-0.01905
-0.01060
-0.00215
0.00629
0.01474
0.02389
0.03303
0.04218
0.05133
0.06119
0.07105
0.08091
0.09078
0.10166
0.11255
0.12344
0.13433
0.14636
0.15839
0.17041
0.18244
0.19592
0.20939
0.22287
0.23635
0.25144
0.26652
0.28161
0.29670
0.31377
0.33084
0.34791
0.36498
0.38401
0.40305
0.42209
0.44113
0.46247
0.48382
0.50516
0.52650
0.54995
0.57340
0.59685
0.62031
0.64588
0.67146
0.69703
0.72261
0.75033
0.77806
0.80578
0.83351
0.86293
0.89235
0.92177
0.95119
0.98343
1.01568
1.04793
1.08018
1.11387
1.14756
1.18125
1.21494
1.25264
1.29034
1.32804
1.36574
1.40456
1.44337
1.48219
1.52100
1.56336
1.60571
1.64807
1.69043
1.73340
1.77637
1.81935
1.86232
1.90744
1.95255
1.99766
2.04278
2.08776
2.13274
2.17771
2.22269
2.26839
2.31409
2.35979
2.40549
2.44994
2.49439
2.53884
2.58329
2.62698
2.67068
2.71437
2.75806
2.79931
2.84056
2.88181
2.92306
2.96261
3.00216
3.04172
3.08127
3.11680
3.15232
3.18784
3.22336
3.25838
3.29340
3.32842
3.36344
3.39403
3.42462
3.45520
3.48579
3.51746
3.54914
3.58081
3.61248
3.63938
3.66627
3.69316
3.72005
3.74894
3.77782
3.80670
3.83558
3.85934
3.88309
3.90685
3.93060
3.95377
3.97695
4.00012
4.02330
4.04486
4.06642
4.08798
4.10954
4.12536
4.14118
4.15699
4.17281
4.19161
4.21041
4.22920
4.24800
4.25774
4.26748
4.27722
4.28696
4.29986
4.31276
4.32566
4.33856
4.34645
4.35435
4.36225
4.37014
4.37962
4.38910
4.39857
4.40805
4.41639
4.42474
4.43308
4.44142
4.45158
4.46175
4.47191
4.48208
4.49231
4.50254
4.51278
4.52301
-0.46336
-0.46323
-0.46311
-0.46298
-0.46286
-0.46273
-0.46260
-0.46247
-0.46234
-0.46220
-0.46207
-0.46193
-0.46179
-0.46165
-0.46151
-0.46137
-0.46122
-0.46108
-0.46093
-0.46078
-0.46063
-0.46048
-0.46032
-0.46017
-0.46001
-0.45985
-0.45969
-0.45953
-0.45936
-0.45920
-0.45903
-0.45886
-0.45869
-0.45851
-0.45834
-0.45816
-0.45798
-0.45780
-0.45762
-0.45743
-0.45725
-0.45706
-0.45687
-0.45667
-0.45648
-0.45628
-0.45608
-0.45588
-0.45568
-0.45547
-0.45526
-0.45505
-0.45484
-0.45463
-0.45441
-0.45419
-0.45397
-0.45375
-0.45352
-0.45329
-0.45306
-0.45283
-0.45259
-0.45235
-0.45211
-0.45187
-0.45162
-0.45137
-0.45112
-0.45087
-0.45061
-0.45035
-0.45009
-0.44982
-0.44956
-0.44929
-0.44901
-0.44874
-0.44846
-0.44817
-0.44789
-0.44760
-0.44731
-0.44702
-0.44672
-0.44642
-0.44612
-0.44581
-0.44550
-0.44519
-0.44487
-0.44455
-0.44423
-0.44390
-0.44357
-0.44324
-0.44290
-0.44256
-0.44222
-0.44187
-0.44152
-0.44117
-0.44081
-0.44045
-0.44008
-0.43971
-0.43934
-0.43896
-0.43858
-0.43820
-0.43781
-0.43742
-0.43702
-0.43662
-0.43621
-0.43581
-0.43539
-0.43498
-0.43455
-0.43413
-0.43370
-0.43327
-0.43283
-0.43238
-0.43194
-0.43148
-0.43103
-0.43057
-0.43010
-0.42963
-0.42915
-0.42868
-0.42819
-0.42770
-0.42721
-0.42671
-0.42620
-0.42569
-0.42518
-0.42466
-0.42413
-0.42413
-0.42413
-0.42413
-0.42413
-0.42397
-0.42381
-0.42365
-0.42349
-0.42208
-0.42066
-0.41925
-0.41784
-0.41638
-0.41493
-0.41347
-0.41201
-0.41024
-0.40847
-0.40670
-0.40493
-0.40308
-0.40123
-0.39938
-0.39753
-0.39538
-0.39322
-0.39106
-0.38890
-0.38658
-0.38426
-0.38194
-0.37962
-0.37707
-0.37451
-0.37195
-0.36939
-0.36661
-0.36383
-0.36104
-0.35826
-0.35528
-0.35230
-0.34933
-0.34635
-0.34300
-0.33966
-0.33631
-0.33297
-0.32948
-0.32600
-0.32251
-0.31903
-0.31505
-0.31108
-0.30711
-0.30314
-0.29906
-0.29498
-0.29090
-0.28682
-0.28215
-0.27749
-0.27282
-0.26815
-0.26335
-0.25855
-0.25374
-0.24894
-0.24373
-0.23853
-0.23333
-0.22812
-0.22261
-0.21709
-0.21157
-0.20605
-0.20026
-0.19447
-0.18868
-0.18289
-0.17658
-0.17028
-0.16397
-0.15766
-0.15114
-0.14463
-0.13811
-0.13159
-0.12445
-0.11730
-0.11016
-0.10302
-0.09544
-0.08786
-0.08028
-0.07270
-0.06427
-0.05583
-0.04740
-0.03897
-0.02997
-0.02098
-0.01198
-0.00299
0.00673
0.01644
0.02616
0.03588
0.04632
0.05676
0.06720
0.07764
0.08897
0.10030
0.11163
0.12296
0.13545
0.14794
0.16043
0.17292
0.18660
0.20029
0.21397
0.22765
0.24303
0.25840
0.27378
0.28916
0.30618
0.32319
0.34021
0.35723
0.37636
0.39550
0.41463
0.43376
0.45470
0.47564
0.49657
0.51751
0.54071
0.56391
0.58711
0.61031
0.63497
0.65964
0.68430
0.70897
0.73584
0.76272
0.78959
0.81647
0.84440
0.87233
0.90025
0.92818
0.95906
0.98994
1.02082
1.05169
1.08342
1.11516
1.14689
1.17862
1.21472
1.25081
1.28691
1.32301
1.35993
1.39685
1.43378
1.47070
1.51151
1.55231
1.59312
1.63393
1.67542
1.71691
1.75840
1.79989
1.84366
1.88743
1.93120
1.97497
2.01890
2.06283
2.10676
2.15069
2.19516
2.23962
2.28409
2.32855
2.37212
2.41569
2.45927
2.50284
2.54544
2.58804
2.63065
2.67325
2.71358
2.75390
2.79423
2.83455
2.87329
2.91203
2.95077
2.98951
3.02394
3.05837
3.09280
3.12723
3.16136
3.19549
3.22962
3.26376
3.29324
3.32273
3.35221
3.38170
3.41239
3.44308
3.47377
3.50446
3.53095
3.55745
3.58394
3.61044
3.63842
3.66641
3.69439
3.72238
3.74725
3.77212
3.79699
3.82186
3.84487
3.86788
3.89089
3.91390
3.93731
3.96072
3.98413
4.00754
4.02407
4.04060
4.05712
4.07365
4.09411
4.11456
4.13502
4.15548
4.16635
4.17722
4.18810
4.19897
4.21287
4.22677
4.24067
4.25457
4.26373
4.27290
4.28206
4.29123
4.30137
4.31152
4.32167
4.33181
4.34098
4.35014
4.35930
4.36846
4.37928
4.39009
4.40090
4.41172
4.42273
4.43374
4.44475
4.45576
-0.46338
-0.46328
-0.46318
-0.46308
-0.46298
-0.46288
-0.46278
-0.46267
-0.46257
-0.46246
-0.46235
-0.46224
-0.46213
-0.46202
-0.46191
-0.46180
-0.46168
-0.46156
-0.46145
-0.46133
-0.46121
-0.46109
-0.46097
-0.46084
-0.46072
-0.46059
-0.46046
-0.46033
-0.46020
-0.46007
-0.45994
-0.45980
-0.45967
-0.45953
-0.45939
-0.45925
-0.45911
-0.45897
-0.45882
-0.45867
-0.45853
-0.45838
-0.45823
-0.45807
-0.45792
-0.45776
-0.45760
-0.45744
-0.45728
-0.45712
-0.45696
-0.45679
-0.45662
-0.45645
-0.45628
-0.45611
-0.45593
-0.45575
-0.45558
-0.45540
-0.45521
-0.45503
-0.45484
-0.45465
-0.45446
-0.45427
-0.45408
-0.45388
-0.45368
-0.45348
-0.45328
-0.45307
-0.45286
-0.45265
-0.45244
-0.45223
-0.45201
-0.45180
-0.45157
-0.45135
-0.45113
-0.45090
-0.45067
-0.45044
-0.45020
-0.44997
-0.44973
-0.44948
-0.44924
-0.44899
-0.44874
-0.44849
-0.44824
-0.44798
-0.44772
-0.44746
-0.44719
-0.44692
-0.44665
-0.44638
-0.44610
-0.44582
-0.44554
-0.44526
-0.44497
-0.44468
-0.44438
-0.44409
-0.44379
-0.44348
-0.44318
-0.44287
-0.44255
-0.44224
-0.44192
-0.44160
-0.44127
-0.44094
-0.44061
-0.44028
-0.43994
-0.43960
-0.43925
-0.43890
-0.43855
-0.43819
-0.43783
-0.43747
-0.43710
-0.43673
-0.43636
-0.43598
-0.43560
-0.43521
-0.43483
-0.43443
-0.43404
-0.43363
-0.43323
-0.43282
-0.43241
-0.43241
-0.43241
-0.43241
-0.43241
-0.43228
-0.43215
-0.43203
-0.43190
-0.43078
-0.42967
-0.42855
-0.42743
-0.42624
-0.42505
-0.42386
-0.42267
-0.42125
-0.41983
-0.41840
-0.41698
-0.41547
-0.41395
-0.41243
-0.41092
-0.40917
-0.40742
-0.40567
-0.40392
-0.40201
-0.40011
-0.39820
-0.39630
-0.39420
-0.39210
-0.39001
-0.38791
-0.38561
-0.38330
-0.38100
-0.37869
-0.37622
-0.37374
-0.37126
-0.36879
-0.36598
-0.36318
-0.36038
-0.35758
-0.35462
-0.35167
-0.34871
-0.34575
-0.34237
-0.33899
-0.33561
-0.33223
-0.32869
-0.32515
-0.32160
-0.31806
-0.31402
-0.30998
-0.30593
-0.30189
-0.29762
-0.29335
-0.28908
-0.28481
-0.28020
-0.27559
-0.27098
-0.26637
-0.26134
-0.25632
-0.25129
-0.24626
-0.24099
-0.23572
-0.23045
-0.22518
-0.21933
-0.21347
-0.20762
-0.20176
-0.19567
-0.18958
-0.18348
-0.17739
-0.17062
-0.16384
-0.15706
-0.15029
-0.14304
-0.13579
-0.12854
-0.12129
-0.11319
-0.10509
-0.09699
-0.08889
-0.08016
-0.07144
-0.06272
-0.05400
-0.04453
-0.03506
-0.02560
-0.01613
-0.00581
0.00452
0.01484
0.02517
0.03640
0.04764
0.05888
0.07011
0.08257
0.09502
0.10748
0.11993
0.13360
0.14728
0.16095
0.17463
0.19002
0.20542
0.22081
0.23621
0.25332
0.27044
0.28756
0.30468
0.32390
0.34311
0.36233
0.38155
0.40274
0.42393
0.44512
0.46631
0.48972
0.51312
0.53653
0.55993
0.58497
0.61000
0.63504
0.66007
0.68718
0.71429
0.74140
0.76851
0.79668
0.82484
0.85300
0.88117
0.91197
0.94277
0.97357
1.00438
1.03597
1.06755
1.09914
1.13073
1.16604
1.20134
1.23665
1.27196
1.30813
1.34431
1.38049
1.41667
1.45610
1.49554
1.53498
1.57441
1.61475
1.65508
1.69541
1.73574
1.77800
1.82026
1.86251
1.90477
1.94742
1.99007
2.03272
2.07537
2.11855
2.16173
2.20491
2.24809
2.29059
2.33308
2.37558
2.41808
2.45978
2.50147
2.54317
2.58487
2.62451
2.66415
2.70379
2.74343
2.78138
2.81932
2.85727
2.89521
2.92952
2.96383
2.99814
3.03245
3.06546
3.09847
3.13147
3.16448
3.19399
3.22351
3.25302
3.28253
3.31162
3.34070
3.36979
3.39887
3.42529
3.45171
3.47812
3.50454
3.53124
3.55793
3.58462
3.61132
3.63626
3.66120
3.68614
3.71108
3.73408
3.75708
3.78009
3.80309
3.82671
3.85034
3.87397
3.89759
3.91567
3.93374
3.95182
3.96989
3.99044
4.01098
4.03152
4.05207
4.06554
4.07901
4.09248
4.10595
4.12015
4.13436
4.14856
4.16277
4.17413
4.18549
4.19684
4.20820
4.21862
4.22904
4.23945
4.24987
4.26033
4.27078
4.28124
4.29169
4.30281
4.31392
4.32503
4.33614
4.34802
4.35990
4.37178
4.38366
-0.46340
-0.46333
-0.46325
-0.46318
-0.46310
-0.46303
-0.46295
-0.46287
-0.46280
-0.46272
-0.46264
-0.46256
-0.46247
-0.46239
-0.46231
-0.46222
-0.46214
-0.46205
-0.46197
-0.46188
-0.46179
-0.46170
-0.46161
-0.46152
-0.46142
-0.46133
-0.46124
-0.46114
-0.46104
-0.46095
-0.46085
-0.46075
-0.46065
-0.46055
-0.46044
-0.46034
-0.46024
-0.46013
-0.46002
-0.45991
-0.45981
-0.45970
-0.45958
-0.45947
-0.45936
-0.45924
-0.45913
-0.45901
-0.45889
-0.45877
-0.45865
-0.45853
-0.45840
-0.45828
-0.45815
-0.45802
-0.45789
-0.45776
-0.45763
-0.45750
-0.45736
-0.45723
-0.45709
-0.45695
-0.45681
-0.45667
-0.45653
-0.45638
-0.45624
-0.45609
-0.45594
-0.45579
-0.45564
-0.45549
-0.45533
-0.45517
-0.45502
-0.45486
-0.45469
-0.45453
-0.45436
-0.45420
-0.45403
-0.45386
-0.45369
-0.45351
-0.45334
-0.45316
-0.45298
-0.45280
-0.45262
-0.45243
-0.45225
-0.45206
-0.45187
-0.45168
-0.45148
-0.45128
-0.45109
-0.45089
-0.45068
-0.45048
-0.45027
-0.45006
-0.44985
-0.44964
-0.44943
-0.44921
-0.44899
-0.44877
-0.44854
-0.44832
-0.44809
-0.44786
-0.44763
-0.44739
-0.44715
-0.44691
-0.44667
-0.44642
-0.44618
-0.44593
-0.44568
-0.44542
-0.44516
-0.44490
-0.44464
-0.44438
-0.44411
-0.44384
-0.44356
-0.44329
-0.44301
-0.44273
-0.44244
-0.44216
-0.44187
-0.44158
-0.44128
-0.44098
-0.44068
-0.44068
-0.44068
-0.44068
-0.44068
-0.44059
-0.44050
-0.44041
-0.44031
-0.43949
-0.43867
-0.43785
-0.43703
-0.43610
-0.43518
-0.43426
-0.43333
-0.43226
-0.43118
-0.43011
-0.42903
-0.42785
-0.42667
-0.42548
-0.42430
-0.42296
-0.42162
-0.42027
-0.41893
-0.41744
-0.41595
-0.41446
-0.41297
-0.41133
-0.40970
-0.40806
-0.40643
-0.40460
-0.40278
-0.40095
-0.39913
-0.39715
-0.39518
-0.39320
-0.39122
-0.38897
-0.38671
-0.38445
-0.38219
-0.37976
-0.37733
-0.37490
-0.37248
-0.36969
-0.36690
-0.36412
-0.36133
-0.35832
-0.35532
-0.35231
-0.34931
-0.34589
-0.34247
-0.33905
-0.33563
-0.33190
-0.32816
-0.32443
-0.32069
-0.31668
-0.31266
-0.30864
-0.30462
-0.30008
-0.29554
-0.29100
-0.28647
-0.28172
-0.27697
-0.27222
-0.26747
-0.26207
-0.25667
-0.25126
-0.24586
-0.24019
-0.23453
-0.22886
-0.22319
-0.21678
-0.21038
-0.20397
-0.19756
-0.19064
-0.18372
-0.17679
-0.16987
-0.16210
-0.15434
-0.14657
-0.13880
-0.13035
-0.12190
-0.11345
-0.10500
-0.09578
-0.08657
-0.07735
-0.06814
-0.05793
-0.04772
-0.03751
-0.02731
-0.01616
-0.00502
0.00612
0.01727
0.02968
0.04210
0.05452
0.06694
0.08060
0.09427
0.10794
0.12160
0.13702
0.15243
0.16784
0.18325
0.20047
0.21769
0.23491
0.25213
0.27143
0.29073
0.31003
0.32933
0.35078
0.37222
0.39367
0.41511
0.43872
0.46233
0.48594
0.50955
0.53496
0.56036
0.58577
0.61117
0.63852
0.66586
0.69321
0.72056
0.74895
0.77735
0.80575
0.83415
0.86488
0.89560
0.92633
0.95706
0.98851
1.01995
1.05140
1.08285
1.11736
1.15187
1.18639
1.22090
1.25634
1.29177
1.32720
1.36263
1.40070
1.43876
1.47683
1.51489
1.55407
1.59325
1.63242
1.67160
1.71234
1.75308
1.79382
1.83457
1.87593
1.91730
1.95867
2.00004
2.04194
2.08383
2.12573
2.16763
2.20905
2.25047
2.29190
2.33332
2.37411
2.41490
2.45569
2.49648
2.53544
2.57439
2.61335
2.65231
2.68946
2.72661
2.76376
2.80091
2.83510
2.86929
2.90349
2.93768
2.96956
3.00144
3.03332
3.06520
3.09474
3.12428
3.15382
3.18336
3.21084
3.23832
3.26581
3.29329
3.31963
3.34597
3.37231
3.39865
3.42405
3.44945
3.47485
3.50026
3.52527
3.55028
3.57529
3.60030
3.62330
3.64629
3.66928
3.69227
3.71612
3.73996
3.76380
3.78765
3.80727
3.82689
3.84652
3.86614
3.88677
3.90740
3.92802
3.94865
3.96472
3.98079
3.99686
4.01293
4.02744
4.04195
4.05646
4.07097
4.08452
4.09807
4.11162
4.12517
4.13586
4.14655
4.15724
4.16793
4.17968
4.19143
4.20317
4.21492
4.22633
4.23775
4.24916
4.26057
4.27332
4.28607
4.29882
4.31157
-0.46342
-0.46337
-0.46333
-0.46328
-0.46323
-0.46318
-0.46313
-0.46308
-0.46303
-0.46297
-0.46292
-0.46287
-0.46282
-0.46276
-0.46271
-0.46265
-0.46260
-0.46254
-0.46248
-0.46243
-0.46237
-0.46231
-0.46225
-0.46219
-0.46213
-0.46207
-0.46201
-0.46195
-0.46189
-0.46182
-0.46176
-0.46169
-0.46163
-0.46156
-0.46150
-0.46143
-0.46136
-0.46129
-0.46123
-0.46116
-0.46109
-0.46101
-0.46094
-0.46087
-0.46080
-0.46072
-0.46065
-0.46057
-0.46050
-0.46042
-0.46034
-0.46026
-0.46018
-0.46010
-0.46002
-0.45994
-0.45986
-0.45977
-0.45969
-0.45960
-0.45952
-0.45943
-0.45934
-0.45925
-0.45916
-0.45907
-0.45898
-0.45889
-0.45880
-0.45870
-0.45861
-0.45851
-0.45841
-0.45832
-0.45822
-0.45812
-0.45802
-0.45791
-0.45781
-0.45771
-0.45760
-0.45750
-0.45739
-0.45728
-0.45717
-0.45706
-0.45695
-0.45684
-0.45672
-0.45661
-0.45649
-0.45637
-0.45626
-0.45614
-0.45602
-0.45589
-0.45577
-0.45565
-0.45552
-0.45539
-0.45527
-0.45514
-0.45500
-0.45487
-0.45474
-0.45460
-0.45447
-0.45433
-0.45419
-0.45405
-0.45391
-0.45377
-0.45362
-0.45348
-0.45333
-0.45318
-0.45303
-0.45288
-0.45273
-0.45257
-0.45242
-0.45226
-0.45210
-0.45194
-0.45178
-0.45161
-0.45145
-0.45128
-0.45111
-0.45094
-0.45077
-0.45059
-0.45042
-0.45024
-0.45006
-0.44988
-0.44970
-0.44952
-0.44933
-0.44914
-0.44895
-0.44895
-0.44895
-0.44895
-0.44895
-0.44890
-0.44884
-0.44878
-0.44873
-0.44820
-0.44767
-0.44715
-0.44662
-0.44596
-0.44530
-0.44465
-0.44399
-0.44326
-0.44254
-0.44181
-0.44109
-0.44023
-0.43938
-0.43853
-0.43768
-0.43675
-0.43582
-0.43488
-0.43395
-0.43287
-0.43179
-0.43072
-0.42964
-0.42846
-0.42729
-0.42612
-0.42494
-0.42360
-0.42225
-0.42091
-0.41956
-0.41809
-0.41661
-0.41514
-0.41366
-0.41195
-0.41023
-0.40852
-0.40681
-0.40490
-0.40300
-0.40110
-0.39920
-0.39701
-0.39481
-0.39262
-0.39043
-0.38796
-0.38549
-0.38302
-0.38055
-0.37776
-0.37496
-0.37216
-0.36937
-0.36617
-0.36297
-0.35977
-0.35657
-0.35315
-0.34972
-0.34630
-0.34287
-0.33882
-0.33477
-0.33072
-0.32667
-0.32245
-0.31822
-0.31399
-0.30977
-0.30481
-0.29986
-0.29491
-0.28996
-0.28472
-0.27948
-0.27423
-0.26899
-0.26295
-0.25691
-0.25087
-0.24483
-0.23824
-0.23164
-0.22505
-0.21845
-0.21102
-0.20359
-0.19616
-0.18872
-0.18054
-0.17236
-0.16418
-0.15600
-0.14704
-0.13808
-0.12911
-0.12015
-0.11005
-0.09996
-0.08987
-0.07978
-0.06873
-0.05768
-0.04663
-0.03558
-0.02320
-0.01082
0.00156
0.01395
0.02760
0.04126
0.05492
0.06858
0.08401
0.09944
0.11487
0.13030
0.14762
0.16494
0.18226
0.19957
0.21896
0.23835
0.25773
0.27712
0.29882
0.32052
0.34221
0.36391
0.38773
0.41154
0.43536
0.45918
0.48495
0.51072
0.53650
0.56227
0.58985
0.61744
0.64502
0.67260
0.70123
0.72987
0.75850
0.78713
0.81778
0.84844
0.87909
0.90974
0.94105
0.97235
1.00366
1.03496
1.06868
1.10240
1.13613
1.16985
1.20454
1.23923
1.27391
1.30860
1.34530
1.38199
1.41868
1.45538
1.49340
1.53141
1.56943
1.60745
1.64668
1.68591
1.72513
1.76436
1.80445
1.84454
1.88463
1.92471
1.96533
2.00594
2.04655
2.08716
2.12751
2.16786
2.20821
2.24856
2.28844
2.32833
2.36821
2.40809
2.44636
2.48464
2.52291
2.56119
2.59754
2.63389
2.67025
2.70660
2.74068
2.77476
2.80883
2.84291
2.87366
2.90442
2.93517
2.96592
2.99549
3.02506
3.05463
3.08420
3.11007
3.13595
3.16182
3.18770
3.21396
3.24023
3.26649
3.29275
3.31686
3.34097
3.36508
3.38919
3.41428
3.43936
3.46444
3.48953
3.51251
3.53549
3.55848
3.58146
3.60552
3.62958
3.65364
3.67770
3.69887
3.72004
3.74121
3.76238
3.78310
3.80381
3.82452
3.84524
3.86391
3.88257
3.90124
3.91991
3.93472
3.94954
3.96435
3.97917
3.99491
4.01066
4.02640
4.04215
4.05311
4.06407
4.07503
4.08599
4.09903
4.11207
4.12511
4.13815
4.14986
4.16157
4.17328
4.18500
4.19861
4.21223
4.22585
4.23947
-0.46344
-0.46342
-0.46340
-0.46337
-0.46335
-0.46333
-0.46330
-0.46328
-0.46326
-0.46323
-0.46321
-0.46318
-0.46316
-0.46313
-0.46311
-0.46308
-0.46305
-0.46303
-0.46300
-0.46298
-0.46295
-0.46292
-0.46290
-0.46287
-0.46284
-0.46281
-0.46278
-0.46276
-0.46273
-0.46270
-0.46267
-0.46264
-0.46261
-0.46258
-0.46255
-0.46252
-0.46249
-0.46246
-0.46243
-0.46240
-0.46236
-0.46233
-0.46230
-0.46227
-0.46224
-0.46220
-0.46217
-0.46214
-0.46210
-0.46207
-0.46203
-0.46200
-0.46196
-0.46193
-0.46189
-0.46186
-0.46182
-0.46178
-0.46174
-0.46171
-0.46167
-0.46163
-0.46159
-0.46155
-0.46152
-0.46148
-0.46144
-0.46140
-0.46136
-0.46131
-0.46127
-0.46123
-0.46119
-0.46115
-0.46110
-0.46106
-0.46102
-0.46097
-0.46093
-0.46089
-0.46084
-0.46079
-0.46075
-0.46070
-0.46066
-0.46061
-0.46056
-0.46051
-0.46046
-0.46042
-0.46037
-0.46032
-0.46027
-0.46022
-0.46016
-0.46011
-0.46006
-0.46001
-0.45995
-0.45990
-0.45985
-0.45979
-0.45974
-0.45968
-0.45963
-0.45957
-0.45951
-0.45945
-0.45940
-0.45934
-0.45928
-0.45922
-0.45916
-0.45910
-0.45904
-0.45897
-0.45891
-0.45885
-0.45878
-0.45872
-0.45866
-0.45859
-0.45852
-0.45846
-0.45839
-0.45832
-0.45825
-0.45818
-0.45811
-0.45804
-0.45797
-0.45790
-0.45783
-0.45776
-0.45768
-0.45761
-0.45753
-0.45746
-0.45738
-0.45730
-0.45723
-0.45723
-0.45723
-0.45723
-0.45723
-0.45720
-0.45718
-0.45716
-0.45714
-0.45691
-0.45667
-0.45644
-0.45621
-0.45582
-0.45543
-0.45504
-0.45465
-0.45427
-0.45389
-0.45352
-0.45314
-0.45262
-0.45210
-0.45158
-0.45106
-0.45054
-0.45002
-0.44949
-0.44897
-0.44830
-0.44764
-0.44697
-0.44631
-0.44560
-0.44488
-0.44417
-0.44346
-0.44259
-0.44173
-0.44086
-0.43999
-0.43902
-0.43805
-0.43707
-0.43610
-0.43493
-0.43376
-0.43259
-0.43142
-0.43004
-0.42867
-0.42730
-0.42592
-0.42432
-0.42272
-0.42112
-0.41952
-0.41759
-0.41566
-0.41373
-0.41180
-0.40962
-0.40745
-0.40528
-0.40311
-0.40044
-0.39778
-0.39512
-0.39245
-0.38962
-0.38679
-0.38395
-0.38112
-0.37756
-0.37400
-0.37044
-0.36688
-0.36318
-0.35947
-0.35576
-0.35206
-0.34756
-0.34306
-0.33856
-0.33406
-0.32924
-0.32442
-0.31961
-0.31479
-0.30912
-0.30345
-0.29778
-0.29210
-0.28584
-0.27957
-0.27331
-0.26704
-0.25994
-0.25284
-0.24574
-0.23864
-0.23073
-0.22283
-0.21492
-0.20701
-0.19830
-0.18958
-0.18087
-0.17215
-0.16218
-0.15220
-0.14222
-0.13225
-0.12129
-0.11034
-0.09938
-0.08842
-0.07608
-0.06373
-0.05139
-0.03905
-0.02540
-0.01174
0.00191
0.01556
0.03101
0.04645
0.06190
0.07735
0.09477
0.11219
0.12960
0.14702
0.16649
0.18596
0.20543
0.22491
0.24686
0.26881
0.29076
0.31271
0.33673
0.36076
0.38478
0.40880
0.43494
0.46108
0.48723
0.51337
0.54119
0.56901
0.59683
0.62465
0.65351
0.68238
0.71125
0.74011
0.77069
0.80127
0.83185
0.86242
0.89359
0.92475
0.95591
0.98707
1.02000
1.05293
1.08586
1.11880
1.15274
1.18668
1.22063
1.25457
1.28989
1.32521
1.36054
1.39586
1.43272
1.46958
1.50645
1.54331
1.58102
1.61873
1.65645
1.69416
1.73296
1.77177
1.81058
1.84939
1.88871
1.92804
1.96737
2.00670
2.04598
2.08525
2.12453
2.16381
2.20278
2.24175
2.28073
2.31970
2.35729
2.39488
2.43247
2.47006
2.50562
2.54118
2.57674
2.61230
2.64626
2.68022
2.71418
2.74814
2.77776
2.80739
2.83702
2.86664
2.89624
2.92584
2.95543
2.98503
3.00930
3.03357
3.05784
3.08211
3.10830
3.13449
3.16067
3.18686
3.20968
3.23250
3.25531
3.27813
3.30329
3.32844
3.35360
3.37875
3.40172
3.42470
3.44767
3.47065
3.49492
3.51920
3.54347
3.56775
3.59047
3.61319
3.63591
3.65863
3.67943
3.70023
3.72103
3.74182
3.76309
3.78436
3.80562
3.82689
3.84201
3.85713
3.87225
3.88737
3.90531
3.92324
3.94118
3.95912
3.97035
3.98158
3.99281
4.00404
4.01838
4.03271
4.04705
4.06138
4.07339
4.08540
4.09741
4.10942
4.12391
4.13840
4.15288
4.16737
-0.46373
-0.46372
-0.46371
-0.46371
-0.46370
-0.46369
-0.46368
-0.46368
-0.46367
-0.46366
-0.46366
-0.46365
-0.46364
-0.46364
-0.46363
-0.46362
-0.46362
-0.46361
-0.46360
-0.46360
-0.46359
-0.46358
-0.46357
-0.46357
-0.46356
-0.46355
-0.46355
-0.46354
-0.46353
-0.46353
-0.46352
-0.46351
-0.46350
-0.46350
-0.46349
-0.46348
-0.46348
-0.46347
-0.46346
-0.46346
-0.46345
-0.46344
-0.46343
-0.46343
-0.46342
-0.46341
-0.46341
-0.46340
-0.46339
-0.46339
-0.46338
-0.46337
-0.46336
-0.46336
-0.46335
-0.46334
-0.46334
-0.46333
-0.46332
-0.46332
-0.46331
-0.46330
-0.46329
-0.46329
-0.46328
-0.46327
-0.46327
-0.46326
-0.46325
-0.46324
-0.46324
-0.46323
-0.46322
-0.46322
-0.46321
-0.46320
-0.46319
-0.46319
-0.46318
-0.46317
-0.46317
-0.46316
-0.46315
-0.46314
-0.46314
-0.46313
-0.46312
-0.46311
-0.46311
-0.46310
-0.46309
-0.46309
-0.46308
-0.46307
-0.46306
-0.46306
-0.46305
-0.46304
-0.46304
-0.46303
-0.46302
-0.46301
-0.46301
-0.46300
-0.46299
-0.46298
-0.46298
-0.46297
-0.46296
-0.46296
-0.46295
-0.46294
-0.46293
-0.46293
-0.46292
-0.46291
-0.46290
-0.46290
-0.46289
-0.46288
-0.46287
-0.46287
-0.46286
-0.46285
-0.46285
-0.46284
-0.46283
-0.46282
-0.46282
-0.46281
-0.46280
-0.46279
-0.46279
-0.46278
-0.46277
-0.46276
-0.46276
-0.46275
-0.46274
-0.46273
-0.46273
-0.46273
-0.46273
-0.46273
-0.46273
-0.46273
-0.46273
-0.46273
-0.46273
-0.46268
-0.46264
-0.46260
-0.46256
-0.46235
-0.46215
-0.46194
-0.46174
-0.46159
-0.46144
-0.46129
-0.46114
-0.46086
-0.46058
-0.46030
-0.46002
-0.45977
-0.45952
-0.45928
-0.45903
-0.45866
-0.45830
-0.45793
-0.45757
-0.45718
-0.45679
-0.45640
-0.45601
-0.45549
-0.45498
-0.45447
-0.45396
-0.45335
-0.45275
-0.45214
-0.45154
-0.45078
-0.45002
-0.44927
-0.44851
-0.44756
-0.44660
-0.44565
-0.44469
-0.44357
-0.44244
-0.44131
-0.44019
-0.43873
-0.43726
-0.43580
-0.43434
-0.43270
-0.43106
-0.42942
-0.42779
-0.42565
-0.42351
-0.42138
-0.41924
-0.41697
-0.41470
-0.41243
-0.41016
-0.40717
-0.40418
-0.40119
-0.39820
-0.39506
-0.39192
-0.38879
-0.38565
-0.38175
-0.37786
-0.37396
-0.37006
-0.36581
-0.36156
-0.35730
-0.35305
-0.34799
-0.34292
-0.33786
-0.33280
-0.32710
-0.32140
-0.31570
-0.31000
-0.30353
-0.29706
-0.29059
-0.28412
-0.27679
-0.26945
-0.26211
-0.25477
-0.24665
-0.23852
-0.23040
-0.22227
-0.21281
-0.20335
-0.19388
-0.18442
-0.17397
-0.16353
-0.15308
-0.14264
-0.13077
-0.11891
-0.10705
-0.09518
-0.08196
-0.06874
-0.05552
-0.04230
-0.02733
-0.01235
0.00262
0.01760
0.03460
0.05161
0.06862
0.08562
0.10458
0.12354
0.14249
0.16145
0.18305
0.20465
0.22624
0.24784
0.27143
0.29501
0.31859
0.34218
0.36811
0.39404
0.41997
0.44590
0.47351
0.50112
0.52873
0.55634
0.58523
0.61412
0.64302
0.67191
0.70246
0.73302
0.76357
0.79412
0.82544
0.85676
0.88808
0.91940
0.95215
0.98490
1.01765
1.05041
1.08426
1.11810
1.15195
1.18580
1.22057
1.25535
1.29012
1.32489
1.36125
1.39761
1.43397
1.47033
1.50720
1.54408
1.58095
1.61783
1.65587
1.69391
1.73195
1.76999
1.80843
1.84687
1.88532
1.92376
1.96229
2.00081
2.03934
2.07786
2.11608
2.15430
2.19252
2.23074
2.26783
2.30492
2.34200
2.37909
2.41404
2.44900
2.48396
2.51891
2.55273
2.58654
2.62035
2.65416
2.68320
2.71224
2.74128
2.77032
2.79974
2.82916
2.85857
2.88799
2.91151
2.93502
2.95854
2.98206
3.00780
3.03355
3.05930
3.08504
3.10720
3.12936
3.15152
3.17368
3.19836
3.22304
3.24772
3.27239
3.29547
3.31854
3.34161
3.36468
3.38869
3.41269
3.43670
3.46071
3.48449
3.50828
3.53207
3.55586
3.57678
3.59769
3.61861
3.63953
3.66252
3.68551
3.70851
3.73150
3.74737
3.76324
3.77911
3.79499
3.81433
3.83368
3.85303
3.87237
3.88451
3.89664
3.90877
3.92091
3.93610
3.95130
3.96649
3.98168
3.99435
4.00702
4.01969
4.03237
4.04755
4.06273
4.07792
4.09310
-0.46445
-0.46444
-0.46443
-0.46443
-0.46442
-0.46442
-0.46441
-0.46440
-0.46440
-0.46439
-0.46439
-0.46438
-0.46437
-0.46437
-0.46436
-0.46436
-0.46435
-0.46434
-0.46434
-0.46433
-0.46433
-0.46432
-0.46431
-0.46431
-0.46430
-0.46430
-0.46429
-0.46428
-0.46428
-0.46427
-0.46427
-0.46426
-0.46425
-0.46425
-0.46424
-0.46424
-0.46423
-0.46422
-0.46422
-0.46421
-0.46421
-0.46420
-0.46419
-0.46419
-0.46418
-0.46418
-0.46417
-0.46416
-0.46416
-0.46415
-0.46415
-0.46414
-0.46413
-0.46413
-0.46412
-0.46411
-0.46411
-0.46410
-0.46410
-0.46409
-0.46408
-0.46408
-0.46407
-0.46407
-0.46406
-0.46405
-0.46405
-0.46404
-0.46403
-0.46403
-0.46402
-0.46402
-0.46401
-0.46400
-0.46400
-0.46399
-0.46399
-0.46398
-0.46397
-0.46397
-0.46396
-0.46395
-0.46395
-0.46394
-0.46394
-0.46393
-0.46392
-0.46392
-0.46391
-0.46390
-0.46390
-0.46389
-0.46389
-0.46388
-0.46387
-0.46387
-0.46386
-0.46385
-0.46385
-0.46384
-0.46384
-0.46383
-0.46382
-0.46382
-0.46381
-0.46380
-0.46380
-0.46379
-0.46379
-0.46378
-0.46377
-0.46377
-0.46376
-0.46375
-0.46375
-0.46374
-0.46373
-0.46373
-0.46372
-0.46372
-0.46371
-0.46370
-0.46370
-0.46369
-0.46368
-0.46368
-0.46367
-0.46366
-0.46366
-0.46365
-0.46365
-0.46364
-0.46363
-0.46363
-0.46362
-0.46361
-0.46361
-0.46360
-0.46359
-0.46359
-0.46358
-0.46358
-0.46358
-0.46358
-0.46358
-0.46358
-0.46358
-0.46358
-0.46358
-0.46355
-0.46352
-0.46349
-0.46346
-0.46331
-0.46315
-0.46300
-0.46284
-0.46272
-0.46261
-0.46249
-0.46237
-0.46217
-0.46196
-0.46176
-0.46155
-0.46136
-0.46117
-0.46098
-0.46080
-0.46053
-0.46027
-0.46001
-0.45975
-0.45945
-0.45915
-0.45886
-0.45856
-0.45819
-0.45782
-0.45745
-0.45708
-0.45662
-0.45616
-0.45570
-0.45524
-0.45468
-0.45412
-0.45356
-0.45301
-0.45229
-0.45156
-0.45084
-0.45012
-0.44928
-0.44843
-0.44758
-0.44673
-0.44562
-0.44451
-0.44340
-0.44229
-0.44104
-0.43979
-0.43854
-0.43729
-0.43567
-0.43404
-0.43242
-0.43080
-0.42904
-0.42728
-0.42552
-0.42376
-0.42147
-0.41918
-0.41690
-0.41461
-0.41212
-0.40964
-0.40716
-0.40467
-0.40163
-0.39859
-0.39554
-0.39250
-0.38905
-0.38559
-0.38214
-0.37868
-0.37463
-0.37058
-0.36653
-0.36248
-0.35774
-0.35301
-0.34827
-0.34354
-0.33820
-0.33286
-0.32751
-0.32217
-0.31590
-0.30963
-0.30337
-0.29710
-0.29013
-0.28316
-0.27620
-0.26923
-0.26094
-0.25266
-0.24437
-0.23608
-0.22685
-0.21762
-0.20838
-0.19915
-0.18851
-0.17787
-0.16723
-0.15659
-0.14452
-0.13244
-0.12036
-0.10828
-0.09460
-0.08092
-0.06724
-0.05355
-0.03782
-0.02208
-0.00634
0.00940
0.02684
0.04428
0.06172
0.07916
0.09938
0.11961
0.13983
0.16006
0.18213
0.20420
0.22627
0.24833
0.27308
0.29783
0.32258
0.34732
0.37397
0.40062
0.42727
0.45392
0.48249
0.51106
0.53964
0.56821
0.59882
0.62943
0.66004
0.69065
0.72263
0.75460
0.78658
0.81855
0.85216
0.88576
0.91937
0.95297
0.98781
1.02265
1.05748
1.09232
1.12793
1.16354
1.19914
1.23475
1.27170
1.30865
1.34559
1.38254
1.41972
1.45689
1.49407
1.53124
1.56937
1.60750
1.64563
1.68376
1.72199
1.76022
1.79845
1.83668
1.87499
1.91331
1.95162
1.98993
2.02766
2.06538
2.10311
2.14083
2.17771
2.21459
2.25147
2.28835
2.32303
2.35771
2.39239
2.42706
2.46068
2.49430
2.52791
2.56153
2.59089
2.62025
2.64960
2.67896
2.70785
2.73674
2.76563
2.79452
2.81871
2.84289
2.86708
2.89127
2.91597
2.94066
2.96536
2.99006
3.01262
3.03518
3.05775
3.08031
3.10359
3.12687
3.15016
3.17344
3.19679
3.22014
3.24349
3.26684
3.28976
3.31269
3.33561
3.35854
3.38259
3.40663
3.43068
3.45473
3.47582
3.49692
3.51801
3.53911
3.56236
3.58562
3.60888
3.63214
3.64951
3.66688
3.68425
3.70163
3.72107
3.74051
3.75995
3.77939
3.79349
3.80758
3.82168
3.83577
3.85110
3.86643
3.88175
3.89708
3.91102
3.92495
3.93888
3.95282
3.96841
3.98401
3.99960
4.01520
-0.46517
-0.46516
-0.46516
-0.46515
-0.46515
-0.46514
-0.46514
-0.46513
-0.46513
-0.46512
-0.46512
-0.46511
-0.46511
-0.46510
-0.46510
-0.46509
-0.46509
-0.46508
-0.46508
-0.46507
-0.46507
-0.46506
-0.46506
-0.46505
-0.46504
-0.46504
-0.46503
-0.46503
-0.46502
-0.46502
-0.46501
-0.46501
-0.46500
-0.46500
-0.46499
-0.46499
-0.46498
-0.46498
-0.46497
-0.46497
-0.46496
-0.46496
-0.46495
-0.46495
-0.46494
-0.46494
-0.46493
-0.46493
-0.46492
-0.46492
-0.46491
-0.46491
-0.46490
-0.46490
-0.46489
-0.46489
-0.46488
-0.46488
-0.46487
-0.46487
-0.46486
-0.46485
-0.46485
-0.46484
-0.46484
-0.46483
-0.46483
-0.46482
-0.46482
-0.46481
-0.46481
-0.46480
-0.46480
-0.46479
-0.46479
-0.46478
-0.46478
-0.46477
-0.46477
-0.46476
-0.46476
-0.46475
-0.46474
-0.46474
-0.46473
-0.46473
-0.46472
-0.46472
-0.46471
-0.46471
-0.46470
-0.46470
-0.46469
-0.46469
-0.46468
-0.46468
-0.46467
-0.46467
-0.46466
-0.46466
-0.46465
-0.46464
-0.46464
-0.46463
-0.46463
-0.46462
-0.46462
-0.46461
-0.46461
-0.46460
-0.46460
-0.46459
-0.46459
-0.46458
-0.46458
-0.46457
-0.46456
-0.46456
-0.46455
-0.46455
-0.46454
-0.46454
-0.46453
-0.46453
-0.46452
-0.46452
-0.46451
-0.46451
-0.46450
-0.46450
-0.46449
-0.46448
-0.46448
-0.46447
-0.46447
-0.46446
-0.46446
-0.46445
-0.46445
-0.46444
-0.46444
-0.46444
-0.46444
-0.46444
-0.46444
-0.46444
-0.46444
-0.46444
-0.46444
-0.46442
-0.46440
-0.46438
-0.46436
-0.46426
-0.46415
-0.46405
-0.46395
-0.46386
-0.46377
-0.46368
-0.46360
-0.46347
-0.46334
-0.46321
-0.46309
-0.46295
-0.46282
-0.46269
-0.46256
-0.46240
-0.46225
-0.46209
-0.46193
-0.46173
-0.46152
-0.46132
-0.46111
-0.46088
-0.46066
-0.46043
-0.46020
-0.45989
-0.45958
-0.45926
-0.45895
-0.45859
-0.45822
-0.45786
-0.45750
-0.45701
-0.45653
-0.45604
-0.45556
-0.45499
-0.45442
-0.45385
-0.45328
-0.45252
-0.45176
-0.45101
-0.45025
-0.44938
-0.44852
-0.44765
-0.44679
-0.44568
-0.44457
-0.44347
-0.44236
-0.44111
-0.43986
-0.43861
-0.43735
-0.43577
-0.43419
-0.43260
-0.43102
-0.42919
-0.42736
-0.42552
-0.42369
-0.42150
-0.41931
-0.41712
-0.41493
-0.41228
-0.40962
-0.40697
-0.40431
-0.40127
-0.39823
-0.39519
-0.39215
-0.38838
-0.38461
-0.38085
-0.37708
-0.37286
-0.36865
-0.36443
-0.36022
-0.35502
-0.34982
-0.34462
-0.33943
-0.33362
-0.32781
-0.32200
-0.31619
-0.30908
-0.30197
-0.29486
-0.28775
-0.27972
-0.27170
-0.26368
-0.25566
-0.24625
-0.23683
-0.22742
-0.21800
-0.20707
-0.19613
-0.18520
-0.17426
-0.16187
-0.14948
-0.13709
-0.12470
-0.11023
-0.09576
-0.08129
-0.06682
-0.05090
-0.03498
-0.01906
-0.00314
0.01572
0.03457
0.05342
0.07228
0.09283
0.11338
0.13394
0.15449
0.17805
0.20162
0.22518
0.24874
0.27444
0.30013
0.32582
0.35151
0.37976
0.40801
0.43625
0.46450
0.49517
0.52584
0.55651
0.58718
0.61981
0.65244
0.68507
0.71770
0.75216
0.78662
0.82108
0.85554
0.89136
0.92719
0.96302
0.99884
1.03528
1.07172
1.10817
1.14461
1.18214
1.21968
1.25722
1.29475
1.33223
1.36970
1.40718
1.44465
1.48288
1.52110
1.55932
1.59754
1.63556
1.67357
1.71159
1.74960
1.78770
1.82580
1.86390
1.90200
1.93923
1.97646
2.01369
2.05092
2.08759
2.12427
2.16094
2.19761
2.23201
2.26641
2.30081
2.33522
2.36864
2.40206
2.43548
2.46890
2.49857
2.52825
2.55792
2.58760
2.61596
2.64432
2.67268
2.70105
2.72590
2.75076
2.77562
2.80048
2.82413
2.84778
2.87143
2.89508
2.91804
2.94101
2.96397
2.98694
3.00882
3.03071
3.05260
3.07449
3.09812
3.12174
3.14537
3.16900
3.19084
3.21268
3.23453
3.25637
3.28068
3.30499
3.32930
3.35360
3.37487
3.39614
3.41741
3.43868
3.46221
3.48573
3.50925
3.53278
3.55165
3.57052
3.58940
3.60827
3.62780
3.64734
3.66687
3.68641
3.70247
3.71853
3.73458
3.75064
3.76610
3.78156
3.79702
3.81248
3.82768
3.84288
3.85808
3.87327
3.88928
3.90528
3.92129
3.93729
-0.46589
-0.46588
-0.46588
-0.46587
-0.46587
-0.46587
-0.46586
-0.46586
-0.46585
-0.46585
-0.46585
-0.46584
-0.46584
-0.46583
-0.46583
-0.46582
-0.46582
-0.46582
-0.46581
-0.46581
-0.46580
-0.46580
-0.46580
-0.46579
-0.46579
-0.46578
-0.46578
-0.46577
-0.46577
-0.46577
-0.46576
-0.46576
-0.46575
-0.46575
-0.46575
-0.46574
-0.46574
-0.46573
-0.46573
-0.46572
-0.46572
-0.46572
-0.46571
-0.46571
-0.46570
-0.46570
-0.46569
-0.46569
-0.46569
-0.46568
-0.46568
-0.46567
-0.46567
-0.46567
-0.46566
-0.46566
-0.46565
-0.46565
-0.46564
-0.46564
-0.46564
-0.46563
-0.46563
-0.46562
-0.46562
-0.46561
-0.46561
-0.46561
-0.46560
-0.46560
-0.46559
-0.46559
-0.46558
-0.46558
-0.46558
-0.46557
-0.46557
-0.46556
-0.46556
-0.46555
-0.46555
-0.46555
-0.46554
-0.46554
-0.46553
-0.46553
-0.46552
-0.46552
-0.46552
-0.46551
-0.46551
-0.46550
-0.46550
-0.46549
-0.46549
-0.46549
-0.46548
-0.46548
-0.46547
-0.46547
-0.46546
-0.46546
-0.46546
-0.46545
-0.46545
-0.46544
-0.46544
-0.46543
-0.46543
-0.46543
-0.46542
-0.46542
-0.46541
-0.46541
-0.46540
-0.46540
-0.46540
-0.46539
-0.46539
-0.46538
-0.46538
-0.46537
-0.46537
-0.46536
-0.46536
-0.46536
-0.46535
-0.46535
-0.46534
-0.46534
-0.46533
-0.46533
-0.46533
-0.46532
-0.46532
-0.46531
-0.46531
-0.46530
-0.46530
-0.46529
-0.46529
-0.46529
-0.46529
-0.46529
-0.46529
-0.46529
-0.46529
-0.46529
-0.46529
-0.46528
-0.46528
-0.46527
-0.46527
-0.46521
-0.46516
-0.46510
-0.46505
-0.46499
-0.46494
-0.46488
-0.46482
-0.46477
-0.46472
-0.46467
-0.46462
-0.46455
-0.46447
-0.46440
-0.46433
-0.46427
-0.46422
-0.46417
-0.46412
-0.46400
-0.46389
-0.46378
-0.46366
-0.46358
-0.46349
-0.46341
-0.46333
-0.46316
-0.46299
-0.46282
-0.46265
-0.46249
-0.46232
-0.46216
-0.46199
-0.46174
-0.46149
-0.46124
-0.46099
-0.46070
-0.46041
-0.46011
-0.45982
-0.45942
-0.45901
-0.45861
-0.45821
-0.45773
-0.45725
-0.45677
-0.45629
-0.45570
-0.45510
-0.45451
-0.45392
-0.45318
-0.45244
-0.45169
-0.45095
-0.45007
-0.44919
-0.44831
-0.44743
-0.44625
-0.44507
-0.44389
-0.44271
-0.44138
-0.44004
-0.43871
-0.43737
-0.43551
-0.43366
-0.43180
-0.42995
-0.42792
-0.42589
-0.42386
-0.42183
-0.41902
-0.41622
-0.41342
-0.41062
-0.40753
-0.40444
-0.40135
-0.39827
-0.39414
-0.39001
-0.38588
-0.38175
-0.37710
-0.37245
-0.36780
-0.36315
-0.35721
-0.35128
-0.34534
-0.33941
-0.33260
-0.32579
-0.31898
-0.31217
-0.30398
-0.29579
-0.28760
-0.27941
-0.26962
-0.25983
-0.25003
-0.24024
-0.22914
-0.21805
-0.20695
-0.19586
-0.18265
-0.16945
-0.15625
-0.14304
-0.12864
-0.11424
-0.09984
-0.08543
-0.06795
-0.05047
-0.03298
-0.01550
0.00353
0.02257
0.04161
0.06064
0.08302
0.10540
0.12778
0.15017
0.17490
0.19963
0.22436
0.24909
0.27702
0.30495
0.33287
0.36080
0.39153
0.42226
0.45299
0.48371
0.51700
0.55029
0.58357
0.61686
0.65217
0.68748
0.72279
0.75810
0.79492
0.83173
0.86855
0.90536
0.94264
0.97991
1.01719
1.05447
1.09259
1.13071
1.16884
1.20696
1.24474
1.28251
1.32029
1.35807
1.39638
1.43469
1.47301
1.51132
1.54912
1.58692
1.62472
1.66252
1.70041
1.73830
1.77618
1.81407
1.85081
1.88754
1.92427
1.96101
1.99748
2.03394
2.07041
2.10687
2.14100
2.17512
2.20924
2.24337
2.27659
2.30982
2.34304
2.37627
2.40626
2.43625
2.46624
2.49624
2.52407
2.55191
2.57974
2.60757
2.63310
2.65863
2.68416
2.70969
2.73229
2.75489
2.77749
2.80009
2.82346
2.84683
2.87020
2.89356
2.91406
2.93455
2.95504
2.97554
2.99944
3.02335
3.04725
3.07116
3.09192
3.11268
3.13344
3.15420
3.17877
3.20334
3.22791
3.25248
3.27392
3.29537
3.31681
3.33826
3.36205
3.38584
3.40963
3.43342
3.45379
3.47416
3.49454
3.51491
3.53454
3.55417
3.57380
3.59343
3.61145
3.62947
3.64749
3.66551
3.68110
3.69669
3.71228
3.72787
3.74434
3.76080
3.77727
3.79373
3.81014
3.82656
3.84297
3.85939
-0.46653
-0.46653
-0.46652
-0.46652
-0.46652
-0.46651
-0.46651
-0.46651
-0.46650
-0.46650
-0.46650
-0.46650
-0.46649
-0.46649
-0.46649
-0.46648
-0.46648
-0.46648
-0.46647
-0.46647
-0.46647
-0.46646
-0.46646
-0.46646
-0.46645
-0.46645
-0.46645
-0.46645
-0.46644
-0.46644
-0.46644
-0.46643
-0.46643
-0.46643
-0.46642
-0.46642
-0.46642
-0.46641
-0.46641
-0.46641
-0.46640
-0.46640
-0.46640
-0.46640
-0.46639
-0.46639
-0.46639
-0.46638
-0.46638
-0.46638
-0.46637
-0.46637
-0.46637
-0.46636
-0.46636
-0.46636
-0.46635
-0.46635
-0.46635
-0.46634
-0.46634
-0.46634
-0.46634
-0.46633
-0.46633
-0.46633
-0.46632
-0.46632
-0.46632
-0.46631
-0.46631
-0.46631
-0.46630
-0.46630
-0.46630
-0.46629
-0.46629
-0.46629
-0.46628
-0.46628
-0.46628
-0.46627
-0.46627
-0.46627
-0.46626
-0.46626
-0.46626
-0.46626
-0.46625
-0.46625
-0.46625
-0.46624
-0.46624
-0.46624
-0.46623
-0.46623
-0.46623
-0.46622
-0.46622
-0.46622
-0.46621
-0.46621
-0.46621
-0.46620
-0.46620
-0.46620
-0.46619
-0.46619
-0.46619
-0.46618
-0.46618
-0.46618
-0.46617
-0.46617
-0.46617
-0.46617
-0.46616
-0.46616
-0.46616
-0.46615
-0.46615
-0.46615
-0.46614
-0.46614
-0.46614
-0.46613
-0.46613
-0.46613
-0.46612
-0.46612
-0.46612
-0.46611
-0.46611
-0.46611
-0.46610
-0.46610
-0.46610
-0.46609
-0.46609
-0.46609
-0.46608
-0.46608
-0.46608
-0.46608
-0.46608
-0.46608
-0.46608
-0.46608
-0.46608
-0.46608
-0.46608
-0.46608
-0.46608
-0.46606
-0.46604
-0.46601
-0.46599
-0.46595
-0.46590
-0.46586
-0.46582
-0.46581
-0.46579
-0.46577
-0.46576
-0.46571
-0.46567
-0.46562
-0.46558
-0.46557
-0.46556
-0.46555
-0.46554
-0.46548
-0.46542
-0.46535
-0.46529
-0.46527
-0.46525
-0.46523
-0.46521
-0.46512
-0.46503
-0.46494
-0.46485
-0.46479
-0.46472
-0.46465
-0.46458
-0.46446
-0.46434
-0.46422
-0.46410
-0.46395
-0.46381
-0.46367
-0.46352
-0.46333
-0.46313
-0.46293
-0.46273
-0.46247
-0.46221
-0.46195
-0.46169
-0.46140
-0.46111
-0.46081
-0.46052
-0.46009
-0.45966
-0.45923
-0.45879
-0.45833
-0.45786
-0.45740
-0.45694
-0.45619
-0.45544
-0.45469
-0.45393
-0.45313
-0.45233
-0.45153
-0.45073
-0.44945
-0.44817
-0.44690
-0.44562
-0.44427
-0.44292
-0.44157
-0.44022
-0.43818
-0.43614
-0.43410
-0.43207
-0.42981
-0.42756
-0.42531
-0.42306
-0.41989
-0.41672
-0.41355
-0.41039
-0.40673
-0.40307
-0.39941
-0.39575
-0.39101
-0.38627
-0.38152
-0.37678
-0.37115
-0.36552
-0.35988
-0.35425
-0.34742
-0.34060
-0.33377
-0.32695
-0.31848
-0.31000
-0.30153
-0.29306
-0.28343
-0.27381
-0.26418
-0.25456
-0.24281
-0.23106
-0.21931
-0.20757
-0.19471
-0.18184
-0.16898
-0.15612
-0.14021
-0.12430
-0.10839
-0.09248
-0.07494
-0.05741
-0.03988
-0.02234
-0.00146
0.01942
0.04031
0.06119
0.08473
0.10828
0.13182
0.15536
0.18222
0.20908
0.23593
0.26279
0.29296
0.32312
0.35328
0.38345
0.41637
0.44929
0.48221
0.51513
0.55060
0.58606
0.62152
0.65699
0.69413
0.73126
0.76840
0.80554
0.84345
0.88137
0.91928
0.95719
0.99593
1.03467
1.07341
1.11215
1.15059
1.18903
1.22748
1.26592
1.30473
1.34353
1.38234
1.42115
1.45932
1.49748
1.53565
1.57382
1.61186
1.64989
1.68793
1.72597
1.76276
1.79956
1.83636
1.87316
1.90949
1.94583
1.98216
2.01849
2.05276
2.08702
2.12128
2.15555
2.18850
2.22145
2.25440
2.28736
2.31786
2.34836
2.37887
2.40937
2.43680
2.46423
2.49165
2.51908
2.54512
2.57115
2.59718
2.62322
2.64527
2.66732
2.68936
2.71141
2.73472
2.75803
2.78134
2.80465
2.82449
2.84432
2.86415
2.88398
2.90741
2.93085
2.95428
2.97771
2.99809
3.01848
3.03886
3.05925
3.08331
3.10737
3.13143
3.15549
3.17739
3.19929
3.22118
3.24308
3.26654
3.28999
3.31345
3.33690
3.35882
3.38073
3.40264
3.42456
3.44397
3.46338
3.48279
3.50220
3.52182
3.54145
3.56107
3.58069
3.59649
3.61228
3.62807
3.64386
3.66136
3.67885
3.69634
3.71384
3.73061
3.74738
3.76415
3.78091
-0.46709
-0.46709
-0.46709
-0.46709
-0.46709
-0.46708
-0.46708
-0.46708
-0.46708
-0.46708
-0.46707
-0.46707
-0.46707
-0.46707
-0.46707
-0.46706
-0.46706
-0.46706
-0.46706
-0.46706
-0.46705
-0.46705
-0.46705
-0.46705
-0.46705
-0.46705
-0.46704
-0.46704
-0.46704
-0.46704
-0.46704
-0.46703
-0.46703
-0.46703
-0.46703
-0.46703
-0.46702
-0.46702
-0.46702
-0.46702
-0.46702
-0.46701
-0.46701
-0.46701
-0.46701
-0.46701
-0.46700
-0.46700
-0.46700
-0.46700
-0.46700
-0.46699
-0.46699
-0.46699
-0.46699
-0.46699
-0.46698
-0.46698
-0.46698
-0.46698
-0.46698
-0.46697
-0.46697
-0.46697
-0.46697
-0.46697
-0.46696
-0.46696
-0.46696
-0.46696
-0.46696
-0.46695
-0.46695
-0.46695
-0.46695
-0.46695
-0.46694
-0.46694
-0.46694
-0.46694
-0.46694
-0.46693
-0.46693
-0.46693
-0.46693
-0.46693
-0.46692
-0.46692
-0.46692
-0.46692
-0.46692
-0.46691
-0.46691
-0.46691
-0.46691
-0.46691
-0.46690
-0.46690
-0.46690
-0.46690
-0.46690
-0.46689
-0.46689
-0.46689
-0.46689
-0.46689
-0.46688
-0.46688
-0.46688
-0.46688
-0.46688
-0.46687
-0.46687
-0.46687
-0.46687
-0.46687
-0.46686
-0.46686
-0.46686
-0.46686
-0.46686
-0.46685
-0.46685
-0.46685
-0.46685
-0.46685
-0.46684
-0.46684
-0.46684
-0.46684
-0.46684
-0.46683
-0.46683
-0.46683
-0.46683
-0.46683
-0.46682
-0.46682
-0.46682
-0.46682
-0.46681
-0.46681
-0.46681
-0.46681
-0.46681
-0.46681
-0.46681
-0.46681
-0.46681
-0.46681
-0.46681
-0.46681
-0.46681
-0.46680
-0.46678
-0.46677
-0.46675
-0.46671
-0.46667
-0.46663
-0.46659
-0.46656
-0.46654
-0.46651
-0.46649
-0.46644
-0.46640
-0.46635
-0.46631
-0.46628
-0.46626
-0.46623
-0.46621
-0.46615
-0.46609
-0.46604
-0.46598
-0.46594
-0.46591
-0.46587
-0.46584
-0.46576
-0.46569
-0.46561
-0.46554
-0.46546
-0.46539
-0.46531
-0.46524
-0.46514
-0.46505
-0.46495
-0.46485
-0.46473
-0.46460
-0.46448
-0.46435
-0.46421
-0.46406
-0.46392
-0.46377
-0.46357
-0.46336
-0.46316
-0.46296
-0.46274
-0.46253
-0.46232
-0.46210
-0.46178
-0.46146
-0.46114
-0.46082
-0.46048
-0.46014
-0.45980
-0.45945
-0.45891
-0.45836
-0.45782
-0.45727
-0.45668
-0.45609
-0.45550
-0.45490
-0.45399
-0.45307
-0.45216
-0.45124
-0.45023
-0.44922
-0.44821
-0.44720
-0.44572
-0.44425
-0.44277
-0.44129
-0.43958
-0.43788
-0.43617
-0.43446
-0.43214
-0.42982
-0.42750
-0.42518
-0.42235
-0.41952
-0.41669
-0.41385
-0.41032
-0.40678
-0.40324
-0.39970
-0.39521
-0.39072
-0.38623
-0.38174
-0.37642
-0.37110
-0.36578
-0.36046
-0.35349
-0.34652
-0.33955
-0.33259
-0.32461
-0.31663
-0.30865
-0.30068
-0.29057
-0.28047
-0.27037
-0.26026
-0.24897
-0.23767
-0.22638
-0.21508
-0.20094
-0.18680
-0.17267
-0.15853
-0.14248
-0.12644
-0.11039
-0.09435
-0.07528
-0.05621
-0.03714
-0.01807
0.00405
0.02617
0.04829
0.07041
0.09544
0.12048
0.14551
0.17054
0.19951
0.22848
0.25744
0.28641
0.31794
0.34946
0.38099
0.41251
0.44742
0.48233
0.51724
0.55215
0.58894
0.62573
0.66252
0.69931
0.73766
0.77601
0.81437
0.85272
0.89210
0.93148
0.97086
1.01024
1.04972
1.08919
1.12867
1.16815
1.20786
1.24757
1.28728
1.32699
1.36612
1.40524
1.44436
1.48348
1.52203
1.56058
1.59913
1.63768
1.67511
1.71254
1.74997
1.78739
1.82367
1.85994
1.89622
1.93249
1.96732
2.00215
2.03698
2.07180
2.10440
2.13701
2.16961
2.20221
2.23342
2.26463
2.29584
2.32705
2.35419
2.38133
2.40848
2.43562
2.46200
2.48837
2.51474
2.54112
2.56311
2.58511
2.60711
2.62910
2.65189
2.67468
2.69747
2.72025
2.74017
2.76008
2.77999
2.79991
2.82210
2.84430
2.86650
2.88869
2.90942
2.93014
2.95087
2.97159
2.99437
3.01715
3.03992
3.06270
3.08533
3.10795
3.13058
3.15320
3.17572
3.19823
3.22075
3.24327
3.26676
3.29026
3.31375
3.33725
3.35612
3.37499
3.39386
3.41273
3.43360
3.45447
3.47534
3.49621
3.51227
3.52833
3.54439
3.56045
3.57874
3.59702
3.61531
3.63359
3.65066
3.66773
3.68480
3.70186
-0.46766
-0.46766
-0.46766
-0.46766
-0.46765
-0.46765
-0.46765
-0.46765
-0.46765
-0.46765
-0.46765
-0.46765
-0.46765
-0.46765
-0.46765
-0.46765
-0.46765
-0.46764
-0.46764
-0.46764
-0.46764
-0.46764
-0.46764
-0.46764
-0.46764
-0.46764
-0.46764
-0.46764
-0.46764
-0.46764
-0.46763
-0.46763
-0.46763
-0.46763
-0.46763
-0.46763
-0.46763
-0.46763
-0.46763
-0.46763
-0.46763
-0.46763
-0.46763
-0.46762
-0.46762
-0.46762
-0.46762
-0.46762
-0.46762
-0.46762
-0.46762
-0.46762
-0.46762
-0.46762
-0.46762
-0.46761
-0.46761
-0.46761
-0.46761
-0.46761
-0.46761
-0.46761
-0.46761
-0.46761
-0.46761
-0.46761
-0.46761
-0.46761
-0.46760
-0.46760
-0.46760
-0.46760
-0.46760
-0.46760
-0.46760
-0.46760
-0.46760
-0.46760
-0.46760
-0.46760
-0.46759
-0.46759
-0.46759
-0.46759
-0.46759
-0.46759
-0.46759
-0.46759
-0.46759
-0.46759
-0.46759
-0.46759
-0.46759
-0.46758
-0.46758
-0.46758
-0.46758
-0.46758
-0.46758
-0.46758
-0.46758
-0.46758
-0.46758
-0.46758
-0.46758
-0.46757
-0.46757
-0.46757
-0.46757
-0.46757
-0.46757
-0.46757
-0.46757
-0.46757
-0.46757
-0.46757
-0.46757
-0.46756
-0.46756
-0.46756
-0.46756
-0.46756
-0.46756
-0.46756
-0.46756
-0.46756
-0.46756
-0.46756
-0.46756
-0.46756
-0.46755
-0.46755
-0.46755
-0.46755
-0.46755
-0.46755
-0.46755
-0.46755
-0.46755
-0.46755
-0.46755
-0.46755
-0.46755
-0.46755
-0.46755
-0.46755
-0.46755
-0.46755
-0.46755
-0.46755
-0.46755
-0.46755
-0.46755
-0.46754
-0.46753
-0.46753
-0.46752
-0.46748
-0.46744
-0.46740
-0.46736
-0.46732
-0.46729
-0.46726
-0.46722
-0.46718
-0.46713
-0.46708
-0.46704
-0.46700
-0.46696
-0.46692
-0.46688
-0.46682
-0.46677
-0.46672
-0.46667
-0.46662
-0.46657
-0.46652
-0.46647
-0.46640
-0.46634
-0.46628
-0.46622
-0.46614
-0.46606
-0.46598
-0.46590
-0.46583
-0.46575
-0.46568
-0.46561
-0.46550
-0.46539
-0.46529
-0.46518
-0.46509
-0.46500
-0.46491
-0.46482
-0.46467
-0.46452
-0.46437
-0.46422
-0.46409
-0.46395
-0.46382
-0.46368
-0.46348
-0.46327
-0.46306
-0.46285
-0.46263
-0.46241
-0.46219
-0.46197
-0.46163
-0.46129
-0.46095
-0.46061
-0.46023
-0.45985
-0.45946
-0.45908
-0.45852
-0.45797
-0.45741
-0.45686
-0.45619
-0.45552
-0.45485
-0.45418
-0.45327
-0.45235
-0.45144
-0.45052
-0.44935
-0.44819
-0.44702
-0.44586
-0.44439
-0.44291
-0.44144
-0.43997
-0.43797
-0.43596
-0.43396
-0.43196
-0.42962
-0.42729
-0.42496
-0.42262
-0.41928
-0.41593
-0.41258
-0.40923
-0.40542
-0.40160
-0.39778
-0.39397
-0.38850
-0.38304
-0.37758
-0.37211
-0.36578
-0.35945
-0.35313
-0.34680
-0.33834
-0.32988
-0.32142
-0.31296
-0.30323
-0.29350
-0.28377
-0.27404
-0.26167
-0.24931
-0.23694
-0.22458
-0.21002
-0.19547
-0.18091
-0.16636
-0.14910
-0.13185
-0.11459
-0.09734
-0.07664
-0.05594
-0.03524
-0.01454
0.00867
0.03188
0.05508
0.07829
0.10606
0.13384
0.16161
0.18938
0.21951
0.24964
0.27977
0.30989
0.34425
0.37861
0.41296
0.44732
0.48376
0.52020
0.55664
0.59308
0.63187
0.67066
0.70945
0.74824
0.78827
0.82829
0.86831
0.90833
0.94884
0.98935
1.02987
1.07038
1.11099
1.15161
1.19222
1.23284
1.27291
1.31299
1.35306
1.39314
1.43220
1.47127
1.51033
1.54940
1.58745
1.62551
1.66357
1.70163
1.73784
1.77406
1.81027
1.84649
1.88188
1.91727
1.95267
1.98806
2.02031
2.05256
2.08481
2.11706
2.14898
2.18089
2.21281
2.24472
2.27158
2.29844
2.32530
2.35216
2.37887
2.40559
2.43230
2.45901
2.48096
2.50291
2.52485
2.54680
2.56906
2.59133
2.61359
2.63586
2.65585
2.67584
2.69584
2.71583
2.73679
2.75776
2.77872
2.79968
2.82074
2.84181
2.86287
2.88394
2.90543
2.92692
2.94841
2.96990
2.99326
3.01662
3.03997
3.06333
3.08490
3.10648
3.12805
3.14963
3.17470
3.19978
3.22486
3.24994
3.26827
3.28660
3.30493
3.32326
3.34538
3.36749
3.38961
3.41172
3.42805
3.44438
3.46071
3.47704
3.49612
3.51519
3.53427
3.55335
3.57071
3.58808
3.60545
3.62281
-0.46805
-0.46805
-0.46805
-0.46805
-0.46805
-0.46805
-0.46805
-0.46805
-0.46805
-0.46805
-0.46805
-0.46805
-0.46805
-0.46805
-0.46805
-0.46805
-0.46805
-0.46805
-0.46805
-0.46805
-0.46805
-0.46805
-0.46805
-0.46805
-0.46805
-0.46805
-0.46805
-0.46805
-0.46805
-0.46805
-0.46805
-0.46805
-0.46805
-0.46805
-0.46805
-0.46805
-0.46805
-0.46805
-0.46805
-0.46805
-0.46805
-0.46805
-0.46805
-0.46805
-0.46805
-0.46805
-0.46805
-0.46805
-0.46805
-0.46805
-0.46805
-0.46805
-0.46805
-0.46805
-0.46805
-0.46805
-0.46805
-0.46805
-0.46805
-0.46805
-0.46805
-0.46805
-0.46805
-0.46805
-0.46805
-0.46805
-0.46805
-0.46805
-0.46805
-0.46805
-0.46805
-0.46805
-0.46805
-0.46805
-0.46805
-0.46805
-0.46805
-0.46805
-0.46805
-0.46805
-0.46805
-0.46805
-0.46805
-0.46805
-0.46805
-0.46805
-0.46805
-0.46805
-0.46805
-0.46805
-0.46805
-0.46805
-0.46805
-0.46805
-0.46805
-0.46805
-0.46805
-0.46805
-0.46805
-0.46805
-0.46805
-0.46805
-0.46805
-0.46805
-0.46805
-0.46805
-0.46805
-0.46805
-0.46805
-0.46805
-0.46805
-0.46805
-0.46805
-0.46805
-0.46805
-0.46805
-0.46805
-0.46805
-0.46805
-0.46805
-0.46805
-0.46805
-0.46805
-0.46805
-0.46805
-0.46805
-0.46805
-0.46805
-0.46805
-0.46805
-0.46805
-0.46805
-0.46805
-0.46805
-0.46805
-0.46805
-0.46805
-0.46805
-0.46805
-0.46805
-0.46805
-0.46805
-0.46805
-0.46805
-0.46805
-0.46805
-0.46805
-0.46805
-0.46805
-0.46805
-0.46805
-0.46805
-0.46805
-0.46805
-0.46805
-0.46805
-0.46805
-0.46801
-0.46797
-0.46793
-0.46789
-0.46785
-0.46782
-0.46778
-0.46775
-0.46770
-0.46766
-0.46762
-0.46757
-0.46753
-0.46748
-0.46743
-0.46739
-0.46734
-0.46730
-0.46725
-0.46721
-0.46716
-0.46710
-0.46704
-0.46699
-0.46694
-0.46689
-0.46684
-0.46679
-0.46671
-0.46664
-0.46656
-0.46649
-0.46643
-0.46638
-0.46632
-0.46627
-0.46618
-0.46609
-0.46600
-0.46592
-0.46586
-0.46581
-0.46576
-0.46570
-0.46560
-0.46550
-0.46539
-0.46529
-0.46521
-0.46513
-0.46505
-0.46496
-0.46484
-0.46471
-0.46459
-0.46446
-0.46433
-0.46419
-0.46406
-0.46392
-0.46373
-0.46354
-0.46335
-0.46315
-0.46292
-0.46269
-0.46245
-0.46222
-0.46192
-0.46162
-0.46132
-0.46102
-0.46059
-0.46017
-0.45975
-0.45932
-0.45881
-0.45829
-0.45777
-0.45726
-0.45649
-0.45573
-0.45496
-0.45420
-0.45333
-0.45247
-0.45161
-0.45074
-0.44937
-0.44799
-0.44662
-0.44524
-0.44379
-0.44233
-0.44088
-0.43942
-0.43698
-0.43453
-0.43209
-0.42965
-0.42697
-0.42430
-0.42162
-0.41895
-0.41473
-0.41051
-0.40629
-0.40207
-0.39710
-0.39213
-0.38716
-0.38219
-0.37521
-0.36823
-0.36126
-0.35428
-0.34602
-0.33776
-0.32950
-0.32123
-0.31061
-0.29999
-0.28937
-0.27875
-0.26582
-0.25290
-0.23997
-0.22705
-0.21172
-0.19640
-0.18107
-0.16575
-0.14683
-0.12792
-0.10901
-0.09009
-0.06890
-0.04772
-0.02653
-0.00534
0.02068
0.04670
0.07272
0.09875
0.12722
0.15569
0.18417
0.21264
0.24576
0.27888
0.31200
0.34512
0.38095
0.41677
0.45260
0.48842
0.52707
0.56571
0.60436
0.64300
0.68349
0.72398
0.76448
0.80497
0.84624
0.88751
0.92878
0.97005
1.01159
1.05312
1.09466
1.13619
1.17726
1.21832
1.25939
1.30046
1.34026
1.38007
1.41987
1.45968
1.49852
1.53737
1.57621
1.61506
1.65162
1.68818
1.72474
1.76130
1.79725
1.83320
1.86915
1.90510
1.93746
1.96982
2.00218
2.03454
2.06689
2.09925
2.13160
2.16395
2.19098
2.21801
2.24504
2.27207
2.29891
2.32575
2.35259
2.37943
2.40164
2.42384
2.44605
2.46826
2.49010
2.51194
2.53377
2.55561
2.57573
2.59585
2.61597
2.63608
2.65611
2.67613
2.69616
2.71618
2.73731
2.75844
2.77956
2.80069
2.82124
2.84179
2.86234
2.88289
2.90646
2.93002
2.95358
2.97714
2.99814
3.01915
3.04015
3.06115
3.08691
3.11267
3.13843
3.16419
3.18255
3.20091
3.21927
3.23763
3.26028
3.28293
3.30557
3.32822
3.34515
3.36207
3.37900
3.39592
3.41537
3.43482
3.45426
3.47371
3.49153
3.50935
3.52717
3.54499
-0.46807
-0.46807
-0.46807
-0.46807
-0.46807
-0.46807
-0.46807
-0.46807
-0.46807
-0.46807
-0.46807
-0.46807
-0.46807
-0.46807
-0.46807
-0.46807
-0.46807
-0.46807
-0.46807
-0.46807
-0.46807
-0.46807
-0.46807
-0.46807
-0.46807
-0.46807
-0.46807
-0.46807
-0.46807
-0.46807
-0.46807
-0.46807
-0.46807
-0.46807
-0.46807
-0.46807
-0.46807
-0.46807
-0.46807
-0.46807
-0.46807
-0.46807
-0.46807
-0.46807
-0.46807
-0.46807
-0.46807
-0.46807
-0.46807
-0.46807
-0.46807
-0.46807
-0.46807
-0.46807
-0.46807
-0.46807
-0.46807
-0.46807
-0.46807
-0.46807
-0.46807
-0.46807
-0.46807
-0.46807
-0.46807
-0.46807
-0.46807
-0.46807
-0.46807
-0.46807
-0.46807
-0.46807
-0.46807
-0.46807
-0.46807
-0.46807
-0.46807
-0.46807
-0.46807
-0.46807
-0.46807
-0.46807
-0.46807
-0.46807
-0.46807
-0.46807
-0.46807
-0.46807
-0.46807
-0.46807
-0.46807
-0.46807
-0.46807
-0.46807
-0.46807
-0.46807
-0.46807
-0.46807
-0.46807
-0.46807
-0.46807
-0.46807
-0.46807
-0.46807
-0.46807
-0.46807
-0.46807
-0.46807
-0.46807
-0.46807
-0.46807
-0.46807
-0.46807
-0.46807
-0.46807
-0.46807
-0.46807
-0.46807
-0.46807
-0.46807
-0.46807
-0.46807
-0.46807
-0.46807
-0.46807
-0.46807
-0.46807
-0.46807
-0.46807
-0.46807
-0.46807
-0.46807
-0.46807
-0.46807
-0.46807
-0.46807
-0.46807
-0.46807
-0.46807
-0.46807
-0.46807
-0.46807
-0.46807
-0.46807
-0.46807
-0.46807
-0.46807
-0.46807
-0.46807
-0.46807
-0.46807
-0.46807
-0.46807
-0.46807
-0.46807
-0.46807
-0.46807
-0.46804
-0.46801
-0.46798
-0.46795
-0.46792
-0.46789
-0.46786
-0.46784
-0.46781
-0.46778
-0.46775
-0.46772
-0.46769
-0.46765
-0.46762
-0.46758
-0.46755
-0.46752
-0.46749
-0.46745
-0.46741
-0.46737
-0.46733
-0.46729
-0.46725
-0.46721
-0.46717
-0.46713
-0.46708
-0.46703
-0.46697
-0.46692
-0.46687
-0.46683
-0.46678
-0.46673
-0.46667
-0.46660
-0.46653
-0.46647
-0.46642
-0.46637
-0.46632
-0.46627
-0.46619
-0.46610
-0.46602
-0.46594
-0.46586
-0.46579
-0.46571
-0.46563
-0.46553
-0.46543
-0.46532
-0.46522
-0.46510
-0.46498
-0.46485
-0.46473
-0.46457
-0.46440
-0.46424
-0.46407
-0.46387
-0.46367
-0.46346
-0.46326
-0.46300
-0.46274
-0.46247
-0.46221
-0.46184
-0.46148
-0.46111
-0.46074
-0.46029
-0.45984
-0.45938
-0.45893
-0.45828
-0.45763
-0.45698
-0.45632
-0.45558
-0.45484
-0.45410
-0.45335
-0.45220
-0.45105
-0.44990
-0.44875
-0.44751
-0.44627
-0.44503
-0.44379
-0.44176
-0.43974
-0.43771
-0.43569
-0.43342
-0.43115
-0.42888
-0.42661
-0.42311
-0.41961
-0.41611
-0.41261
-0.40841
-0.40421
-0.40000
-0.39580
-0.38998
-0.38415
-0.37833
-0.37251
-0.36552
-0.35853
-0.35155
-0.34456
-0.33562
-0.32668
-0.31774
-0.30880
-0.29779
-0.28678
-0.27577
-0.26476
-0.25160
-0.23844
-0.22528
-0.21212
-0.19573
-0.17934
-0.16296
-0.14657
-0.12779
-0.10902
-0.09024
-0.07147
-0.04833
-0.02518
-0.00204
0.02110
0.04739
0.07368
0.09998
0.12627
0.15677
0.18727
0.21777
0.24827
0.28295
0.31763
0.35230
0.38698
0.42429
0.46159
0.49890
0.53621
0.57682
0.61743
0.65804
0.69865
0.74013
0.78160
0.82307
0.86455
0.90703
0.94952
0.99200
1.03449
1.07662
1.11875
1.16088
1.20301
1.24402
1.28503
1.32604
1.36704
1.40700
1.44695
1.48691
1.52686
1.56459
1.60231
1.64004
1.67777
1.71426
1.75075
1.78724
1.82374
1.85714
1.89055
1.92395
1.95736
1.98960
2.02184
2.05408
2.08632
2.11445
2.14258
2.17070
2.19883
2.22536
2.25189
2.27841
2.30494
2.32805
2.35117
2.37428
2.39739
2.41900
2.44060
2.46220
2.48380
2.50413
2.52446
2.54479
2.56512
2.58481
2.60450
2.62418
2.64387
2.66450
2.68514
2.70577
2.72640
2.74671
2.76702
2.78732
2.80763
2.83033
2.85304
2.87575
2.89846
2.91963
2.94081
2.96198
2.98316
3.00777
3.03238
3.05700
3.08161
3.10115
3.12070
3.14024
3.15978
3.18151
3.20324
3.22497
3.24670
3.26489
3.28309
3.30128
3.31947
3.33843
3.35739
3.37634
3.39530
3.41389
3.43249
3.45108
3.46968
-0.46810
-0.46810
-0.46810
-0.46810
-0.46810
-0.46810
-0.46810
-0.46810
-0.46810
-0.46810
-0.46810
-0.46810
-0.46810
-0.46810
-0.46810
-0.46810
-0.46810
-0.46810
-0.46810
-0.46810
-0.46810
-0.46810
-0.46810
-0.46810
-0.46810
-0.46810
-0.46810
-0.46810
-0.46810
-0.46810
-0.46810
-0.46810
-0.46810
-0.46810
-0.46810
-0.46810
-0.46810
-0.46810
-0.46810
-0.46810
-0.46810
-0.46810
-0.46810
-0.46810
-0.46810
-0.46810
-0.46810
-0.46810
-0.46810
-0.46810
-0.46810
-0.46810
-0.46810
-0.46810
-0.46810
-0.46810
-0.46810
-0.46810
-0.46810
-0.46810
-0.46810
-0.46810
-0.46810
-0.46810
-0.46810
-0.46810
-0.46810
-0.46810
-0.46810
-0.46810
-0.46810
-0.46810
-0.46810
-0.46810
-0.46810
-0.46810
-0.46810
-0.46810
-0.46810
-0.46810
-0.46810
-0.46810
-0.46810
-0.46810
-0.46810
-0.46810
-0.46810
-0.46810
-0.46810
-0.46810
-0.46810
-0.46810
-0.46810
-0.46810
-0.46810
-0.46810
-0.46810
-0.46810
-0.46810
-0.46810
-0.46810
-0.46810
-0.46810
-0.46810
-0.46810
-0.46810
-0.46810
-0.46810
-0.46810
-0.46810
-0.46810
-0.46810
-0.46810
-0.46810
-0.46810
-0.46810
-0.46810
-0.46810
-0.46810
-0.46810
-0.46810
-0.46810
-0.46810
-0.46810
-0.46810
-0.46810
-0.46810
-0.46810
-0.46810
-0.46810
-0.46810
-0.46810
-0.46810
-0.46810
-0.46810
-0.46810
-0.46810
-0.46810
-0.46810
-0.46810
-0.46810
-0.46810
-0.46810
-0.46810
-0.46810
-0.46810
-0.46810
-0.46810
-0.46810
-0.46810
-0.46810
-0.46810
-0.46810
-0.46810
-0.46810
-0.46810
-0.46810
-0.46808
-0.46806
-0.46804
-0.46801
-0.46799
-0.46797
-0.46795
-0.46793
-0.46791
-0.46790
-0.46788
-0.46786
-0.46784
-0.46782
-0.46780
-0.46778
-0.46776
-0.46774
-0.46772
-0.46770
-0.46767
-0.46765
-0.46762
-0.46760
-0.46757
-0.46754
-0.46751
-0.46748
-0.46745
-0.46742
-0.46738
-0.46735
-0.46731
-0.46728
-0.46724
-0.46720
-0.46716
-0.46711
-0.46707
-0.46702
-0.46697
-0.46693
-0.46688
-0.46683
-0.46677
-0.46671
-0.46665
-0.46659
-0.46651
-0.46644
-0.46637
-0.46630
-0.46622
-0.46614
-0.46605
-0.46597
-0.46586
-0.46576
-0.46565
-0.46554
-0.46541
-0.46527
-0.46513
-0.46499
-0.46482
-0.46465
-0.46447
-0.46430
-0.46408
-0.46385
-0.46363
-0.46341
-0.46309
-0.46278
-0.46247
-0.46215
-0.46177
-0.46138
-0.46100
-0.46061
-0.46007
-0.45953
-0.45899
-0.45845
-0.45783
-0.45721
-0.45658
-0.45596
-0.45504
-0.45411
-0.45318
-0.45226
-0.45123
-0.45021
-0.44918
-0.44816
-0.44655
-0.44494
-0.44334
-0.44173
-0.43987
-0.43800
-0.43614
-0.43428
-0.43150
-0.42872
-0.42594
-0.42316
-0.41972
-0.41629
-0.41285
-0.40941
-0.40474
-0.40007
-0.39540
-0.39073
-0.38502
-0.37931
-0.37360
-0.36789
-0.36063
-0.35337
-0.34611
-0.33885
-0.32976
-0.32066
-0.31157
-0.30247
-0.29147
-0.28048
-0.26948
-0.25849
-0.24463
-0.23077
-0.21691
-0.20305
-0.18668
-0.17032
-0.15396
-0.13760
-0.11733
-0.09707
-0.07681
-0.05654
-0.03243
-0.00832
0.01578
0.03989
0.06778
0.09566
0.12354
0.15142
0.18495
0.21848
0.25201
0.28554
0.32151
0.35748
0.39345
0.42941
0.47015
0.51088
0.55161
0.59234
0.63402
0.67569
0.71736
0.75904
0.80247
0.84591
0.88935
0.93278
0.97598
1.01918
1.06237
1.10557
1.14778
1.18999
1.23220
1.27441
1.31547
1.35653
1.39760
1.43866
1.47755
1.51644
1.55534
1.59423
1.63127
1.66830
1.70534
1.74237
1.77682
1.81127
1.84572
1.88017
1.91230
1.94443
1.97656
2.00869
2.03792
2.06714
2.09637
2.12559
2.15181
2.17802
2.20424
2.23046
2.25447
2.27849
2.30251
2.32652
2.34789
2.36926
2.39063
2.41199
2.43254
2.45308
2.47362
2.49416
2.51351
2.53286
2.55221
2.57156
2.59170
2.61184
2.63198
2.65212
2.67218
2.69224
2.71230
2.73236
2.75421
2.77607
2.79792
2.81977
2.84112
2.86247
2.88381
2.90516
2.92863
2.95209
2.97556
2.99903
3.01975
3.04048
3.06120
3.08193
3.10274
3.12356
3.14437
3.16518
3.18464
3.20410
3.22356
3.24302
3.26149
3.27995
3.29842
3.31688
3.33625
3.35562
3.37499
3.39436
-0.46813
-0.46813
-0.46813
-0.46813
-0.46813
-0.46813
-0.46813
-0.46813
-0.46813
-0.46813
-0.46813
-0.46813
-0.46813
-0.46813
-0.46813
-0.46813
-0.46813
-0.46813
-0.46813
-0.46813
-0.46813
-0.46813
-0.46813
-0.46813
-0.46813
-0.46813
-0.46813
-0.46813
-0.46813
-0.46813
-0.46813
-0.46813
-0.46813
-0.46813
-0.46813
-0.46813
-0.46813
-0.46813
-0.46813
-0.46813
-0.46813
-0.46813
-0.46813
-0.46813
-0.46813
-0.46813
-0.46813
-0.46813
-0.46813
-0.46813
-0.46813
-0.46813
-0.46813
-0.46813
-0.46813
-0.46813
-0.46813
-0.46813
-0.46813
-0.46813
-0.46813
-0.46813
-0.46813
-0.46813
-0.46813
-0.46813
-0.46813
-0.46813
-0.46813
-0.46813
-0.46813
-0.46813
-0.46813
-0.46813
-0.46813
-0.46813
-0.46813
-0.46813
-0.46813
-0.46813
-0.46813
-0.46813
-0.46813
-0.46813
-0.46813
-0.46813
-0.46813
-0.46813
-0.46813
-0.46813
-0.46813
-0.46813
-0.46813
-0.46813
-0.46813
-0.46813
-0.46813
-0.46813
-0.46813
-0.46813
-0.46813
-0.46813
-0.46813
-0.46813
-0.46813
-0.46813
-0.46813
-0.46813
-0.46813
-0.46813
-0.46813
-0.46813
-0.46813
-0.46813
-0.46813
-0.46813
-0.46813
-0.46813
-0.46813
-0.46813
-0.46813
-0.46813
-0.46813
-0.46813
-0.46813
-0.46813
-0.46813
-0.46813
-0.46813
-0.46813
-0.46813
-0.46813
-0.46813
-0.46813
-0.46813
-0.46813
-0.46813
-0.46813
-0.46813
-0.46813
-0.46813
-0.46813
-0.46813
-0.46813
-0.46813
-0.46813
-0.46813
-0.46813
-0.46813
-0.46813
-0.46813
-0.46813
-0.46813
-0.46813
-0.46813
-0.46813
-0.46813
-0.46812
-0.46810
-0.46809
-0.46807
-0.46806
-0.46804
-0.46803
-0.46801
-0.46801
-0.46801
-0.46801
-0.46801
-0.46800
-0.46799
-0.46798
-0.46798
-0.46797
-0.46796
-0.46795
-0.46794
-0.46793
-0.46792
-0.46791
-0.46790
-0.46788
-0.46786
-0.46785
-0.46783
-0.46782
-0.46781
-0.46780
-0.46779
-0.46776
-0.46773
-0.46770
-0.46767
-0.46764
-0.46762
-0.46760
-0.46757
-0.46753
-0.46749
-0.46744
-0.46740
-0.46736
-0.46732
-0.46728
-0.46723
-0.46717
-0.46710
-0.46704
-0.46697
-0.46691
-0.46685
-0.46679
-0.46673
-0.46663
-0.46654
-0.46645
-0.46635
-0.46624
-0.46613
-0.46602
-0.46591
-0.46577
-0.46563
-0.46548
-0.46534
-0.46515
-0.46497
-0.46479
-0.46460
-0.46434
-0.46408
-0.46383
-0.46357
-0.46325
-0.46293
-0.46261
-0.46229
-0.46186
-0.46143
-0.46101
-0.46058
-0.46008
-0.45957
-0.45907
-0.45857
-0.45787
-0.45717
-0.45647
-0.45577
-0.45496
-0.45415
-0.45334
-0.45253
-0.45134
-0.45015
-0.44896
-0.44777
-0.44632
-0.44486
-0.44340
-0.44195
-0.43988
-0.43782
-0.43576
-0.43370
-0.43103
-0.42836
-0.42570
-0.42303
-0.41951
-0.41599
-0.41247
-0.40895
-0.40452
-0.40009
-0.39565
-0.39122
-0.38564
-0.38006
-0.37449
-0.36891
-0.36172
-0.35454
-0.34736
-0.34018
-0.33135
-0.32252
-0.31369
-0.30486
-0.29352
-0.28219
-0.27086
-0.25952
-0.24557
-0.23162
-0.21768
-0.20373
-0.18634
-0.16896
-0.15157
-0.13419
-0.11226
-0.09033
-0.06841
-0.04648
-0.02121
0.00405
0.02931
0.05458
0.08696
0.11933
0.15171
0.18409
0.21873
0.25336
0.28799
0.32262
0.36347
0.40432
0.44518
0.48603
0.52790
0.56978
0.61165
0.65353
0.69792
0.74230
0.78669
0.83108
0.87534
0.91960
0.96387
1.00813
1.05154
1.09495
1.13836
1.18177
1.22395
1.26612
1.30829
1.35046
1.39052
1.43058
1.47064
1.51069
1.54827
1.58585
1.62343
1.66101
1.69651
1.73200
1.76750
1.80299
1.83501
1.86703
1.89904
1.93106
1.96138
1.99171
2.02203
2.05235
2.07826
2.10416
2.13007
2.15597
2.18089
2.20581
2.23073
2.25565
2.27679
2.29792
2.31905
2.34019
2.36094
2.38169
2.40245
2.42320
2.44221
2.46123
2.48024
2.49925
2.51889
2.53854
2.55819
2.57783
2.59765
2.61746
2.63727
2.65709
2.67809
2.69909
2.72009
2.74109
2.76261
2.78413
2.80565
2.82717
2.84949
2.87181
2.89412
2.91644
2.93835
2.96026
2.98217
3.00408
3.02398
3.04387
3.06377
3.08367
3.10439
3.12512
3.14585
3.16657
3.18455
3.20252
3.22050
3.23847
3.25861
3.27876
3.29890
3.31905
-0.46816
-0.46816
-0.46816
-0.46816
-0.46816
-0.46816
-0.46816
-0.46816
-0.46816
-0.46816
-0.46816
-0.46816
-0.46816
-0.46816
-0.46816
-0.46816
-0.46816
-0.46816
-0.46816
-0.46816
-0.46816
-0.46816
-0.46816
-0.46816
-0.46816
-0.46816
-0.46816
-0.46816
-0.46816
-0.46816
-0.46816
-0.46816
-0.46816
-0.46816
-0.46816
-0.46816
-0.46816
-0.46816
-0.46816
-0.46816
-0.46816
-0.46816
-0.46816
-0.46816
-0.46816
-0.46816
-0.46816
-0.46816
-0.46816
-0.46816
-0.46816
-0.46816
-0.46816
-0.46816
-0.46816
-0.46816
-0.46816
-0.46816
-0.46816
-0.46816
-0.46816
-0.46816
-0.46816
-0.46816
-0.46816
-0.46816
-0.46816
-0.46816
-0.46816
-0.46816
-0.46816
-0.46816
-0.46816
-0.46816
-0.46816
-0.46816
-0.46816
-0.46816
-0.46816
-0.46816
-0.46816
-0.46816
-0.46816
-0.46816
-0.46816
-0.46816
-0.46816
-0.46816
-0.46816
-0.46816
-0.46816
-0.46816
-0.46816
-0.46816
-0.46816
-0.46816
-0.46816
-0.46816
-0.46816
-0.46816
-0.46816
-0.46816
-0.46816
-0.46816
-0.46816
-0.46816
-0.46816
-0.46816
-0.46816
-0.46816
-0.46816
-0.46816
-0.46816
-0.46816
-0.46816
-0.46816
-0.46816
-0.46816
-0.46816
-0.46816
-0.46816
-0.46816
-0.46816
-0.46816
-0.46816
-0.46816
-0.46816
-0.46816
-0.46816
-0.46816
-0.46816
-0.46816
-0.46816
-0.46816
-0.46816
-0.46816
-0.46816
-0.46816
-0.46816
-0.46816
-0.46816
-0.46816
-0.46816
-0.46816
-0.46816
-0.46816
-0.46816
-0.46816
-0.46816
-0.46816
-0.46816
-0.46816
-0.46816
-0.46816
-0.46816
-0.46816
-0.46816
-0.46815
-0.46815
-0.46814
-0.46814
-0.46813
-0.46812
-0.46811
-0.46810
-0.46812
-0.46813
-0.46814
-0.46816
-0.46816
-0.46816
-0.46817
-0.46817
-0.46817
-0.46818
-0.46818
-0.46818
-0.46819
-0.46819
-0.46820
-0.46820
-0.46820
-0.46819
-0.46818
-0.46817
-0.46819
-0.46820
-0.46821
-0.46822
-0.46820
-0.46818
-0.46815
-0.46813
-0.46813
-0.46813
-0.46813
-0.46813
-0.46809
-0.46805
-0.46801
-0.46796
-0.46794
-0.46792
-0.46790
-0.46788
-0.46782
-0.46776
-0.46770
-0.46764
-0.46760
-0.46756
-0.46752
-0.46748
-0.46740
-0.46732
-0.46724
-0.46716
-0.46708
-0.46700
-0.46692
-0.46683
-0.46672
-0.46660
-0.46649
-0.46637
-0.46623
-0.46609
-0.46594
-0.46580
-0.46559
-0.46539
-0.46518
-0.46498
-0.46473
-0.46447
-0.46422
-0.46397
-0.46365
-0.46334
-0.46302
-0.46270
-0.46232
-0.46194
-0.46156
-0.46118
-0.46071
-0.46023
-0.45975
-0.45927
-0.45868
-0.45808
-0.45749
-0.45689
-0.45612
-0.45535
-0.45458
-0.45381
-0.45276
-0.45171
-0.45066
-0.44961
-0.44827
-0.44693
-0.44558
-0.44424
-0.44234
-0.44044
-0.43854
-0.43664
-0.43428
-0.43191
-0.42954
-0.42718
-0.42402
-0.42086
-0.41771
-0.41455
-0.41065
-0.40675
-0.40286
-0.39896
-0.39369
-0.38842
-0.38316
-0.37789
-0.37123
-0.36456
-0.35790
-0.35123
-0.34242
-0.33361
-0.32481
-0.31600
-0.30446
-0.29293
-0.28139
-0.26986
-0.25535
-0.24085
-0.22634
-0.21183
-0.19209
-0.17234
-0.15260
-0.13285
-0.11021
-0.08756
-0.06492
-0.04227
-0.01104
0.02019
0.05142
0.08265
0.11594
0.14924
0.18253
0.21583
0.25680
0.29777
0.33874
0.37972
0.42179
0.46387
0.50595
0.54802
0.59336
0.63870
0.68404
0.72937
0.77470
0.82003
0.86536
0.91069
0.95530
0.99991
1.04453
1.08914
1.13242
1.17570
1.21898
1.26226
1.30348
1.34471
1.38593
1.42716
1.46528
1.50340
1.54153
1.57965
1.61619
1.65273
1.68927
1.72581
1.75771
1.78962
1.82153
1.85343
1.88485
1.91627
1.94769
1.97911
2.00470
2.03030
2.05589
2.08149
2.10731
2.13314
2.15896
2.18478
2.20568
2.22658
2.24748
2.26838
2.28934
2.31031
2.33128
2.35224
2.37092
2.38959
2.40826
2.42694
2.44609
2.46524
2.48439
2.50354
2.52311
2.54268
2.56225
2.58182
2.60197
2.62211
2.64226
2.66240
2.68410
2.70579
2.72748
2.74917
2.77035
2.79152
2.81269
2.83386
2.85695
2.88005
2.90314
2.92623
2.94521
2.96419
2.98317
3.00215
3.02414
3.04614
3.06813
3.09012
3.10761
3.12509
3.14257
3.16006
3.18098
3.20189
3.22281
3.24373
-0.46806
-0.46806
-0.46806
-0.46806
-0.46806
-0.46806
-0.46806
-0.46806
-0.46806
-0.46806
-0.46806
-0.46806
-0.46806
-0.46806
-0.46806
-0.46806
-0.46806
-0.46806
-0.46806
-0.46806
-0.46806
-0.46806
-0.46806
-0.46806
-0.46806
-0.46806
-0.46806
-0.46806
-0.46806
-0.46806
-0.46806
-0.46806
-0.46806
-0.46806
-0.46806
-0.46806
-0.46806
-0.46806
-0.46806
-0.46806
-0.46806
-0.46806
-0.46806
-0.46806
-0.46806
-0.46806
-0.46806
-0.46806
-0.46806
-0.46806
-0.46806
-0.46806
-0.46806
-0.46806
-0.46806
-0.46806
-0.46806
-0.46806
-0.46806
-0.46806
-0.46806
-0.46806
-0.46806
-0.46806
-0.46806
-0.46806
-0.46806
-0.46806
-0.46806
-0.46806
-0.46806
-0.46806
-0.46806
-0.46806
-0.46806
-0.46806
-0.46806
-0.46806
-0.46806
-0.46806
-0.46806
-0.46806
-0.46806
-0.46806
-0.46806
-0.46806
-0.46806
-0.46806
-0.46806
-0.46806
-0.46806
-0.46806
-0.46806
-0.46806
-0.46806
-0.46806
-0.46806
-0.46806
-0.46806
-0.46806
-0.46806
-0.46806
-0.46806
-0.46806
-0.46806
-0.46806
-0.46806
-0.46806
-0.46806
-0.46806
-0.46806
-0.46806
-0.46806
-0.46806
-0.46806
-0.46806
-0.46806
-0.46806
-0.46806
-0.46806
-0.46806
-0.46806
-0.46806
-0.46806
-0.46806
-0.46806
-0.46806
-0.46806
-0.46806
-0.46806
-0.46806
-0.46806
-0.46806
-0.46806
-0.46806
-0.46806
-0.46806
-0.46806
-0.46806
-0.46806
-0.46806
-0.46806
-0.46806
-0.46806
-0.46806
-0.46806
-0.46806
-0.46806
-0.46806
-0.46806
-0.46806
-0.46806
-0.46806
-0.46806
-0.46806
-0.46806
-0.46806
-0.46806
-0.46806
-0.46806
-0.46806
-0.46806
-0.46806
-0.46805
-0.46805
-0.46807
-0.46809
-0.46811
-0.46813
-0.46815
-0.46817
-0.46819
-0.46821
-0.46822
-0.46823
-0.46824
-0.46825
-0.46827
-0.46829
-0.46831
-0.46833
-0.46833
-0.46833
-0.46834
-0.46834
-0.46836
-0.46839
-0.46842
-0.46844
-0.46843
-0.46842
-0.46841
-0.46840
-0.46841
-0.46842
-0.46844
-0.46845
-0.46842
-0.46838
-0.46835
-0.46832
-0.46832
-0.46831
-0.46831
-0.46830
-0.46825
-0.46820
-0.46815
-0.46810
-0.46808
-0.46805
-0.46803
-0.46801
-0.46795
-0.46788
-0.46782
-0.46776
-0.46770
-0.46764
-0.46758
-0.46752
-0.46743
-0.46735
-0.46726
-0.46718
-0.46706
-0.46695
-0.46684
-0.46673
-0.46657
-0.46641
-0.46625
-0.46610
-0.46590
-0.46570
-0.46550
-0.46530
-0.46507
-0.46484
-0.46462
-0.46439
-0.46410
-0.46381
-0.46353
-0.46324
-0.46292
-0.46261
-0.46229
-0.46198
-0.46154
-0.46111
-0.46068
-0.46024
-0.45977
-0.45930
-0.45882
-0.45835
-0.45760
-0.45686
-0.45611
-0.45537
-0.45453
-0.45369
-0.45286
-0.45202
-0.45070
-0.44937
-0.44805
-0.44672
-0.44519
-0.44365
-0.44212
-0.44058
-0.43839
-0.43620
-0.43401
-0.43182
-0.42916
-0.42649
-0.42383
-0.42117
-0.41737
-0.41358
-0.40979
-0.40599
-0.40102
-0.39605
-0.39108
-0.38610
-0.37935
-0.37259
-0.36584
-0.35908
-0.34966
-0.34023
-0.33081
-0.32138
-0.30943
-0.29747
-0.28551
-0.27356
-0.25621
-0.23886
-0.22152
-0.20417
-0.18423
-0.16430
-0.14436
-0.12442
-0.09546
-0.06651
-0.03755
-0.00859
0.02258
0.05375
0.08492
0.11609
0.15551
0.19493
0.23435
0.27378
0.31510
0.35641
0.39773
0.43905
0.48404
0.52903
0.57402
0.61900
0.66512
0.71123
0.75735
0.80346
0.84896
0.89445
0.93995
0.98545
1.03016
1.07488
1.11960
1.16431
1.20701
1.24970
1.29240
1.33509
1.37436
1.41362
1.45288
1.49214
1.53004
1.56794
1.60584
1.64374
1.67630
1.70886
1.74142
1.77398
1.80642
1.83886
1.87130
1.90374
1.92981
1.95588
1.98194
2.00801
2.03448
2.06095
2.08743
2.11390
2.13526
2.15662
2.17797
2.19933
2.22037
2.24141
2.26245
2.28349
2.30231
2.32114
2.33996
2.35879
2.37750
2.39621
2.41492
2.43363
2.45309
2.47254
2.49200
2.51145
2.53093
2.55041
2.56988
2.58936
2.61104
2.63272
2.65440
2.67608
2.69642
2.71677
2.73711
2.75745
2.78101
2.80457
2.82813
2.85168
2.87022
2.88876
2.90730
2.92584
2.94831
2.97078
2.99325
3.01573
3.03315
3.05057
3.06799
3.08541
3.10656
3.12770
3.14885
3.17000
-0.46772
-0.46772
-0.46772
-0.46772
-0.46772
-0.46772
-0.46772
-0.46772
-0.46772
-0.46772
-0.46772
-0.46772
-0.46772
-0.46772
-0.46772
-0.46772
-0.46772
-0.46772
-0.46772
-0.46772
-0.46772
-0.46772
-0.46772
-0.46772
-0.46772
-0.46772
-0.46772
-0.46772
-0.46772
-0.46772
-0.46772
-0.46772
-0.46772
-0.46772
-0.46772
-0.46772
-0.46772
-0.46772
-0.46772
-0.46772
-0.46772
-0.46772
-0.46772
-0.46772
-0.46772
-0.46772
-0.46772
-0.46772
-0.46772
-0.46772
-0.46772
-0.46772
-0.46772
-0.46772
-0.46772
-0.46772
-0.46772
-0.46772
-0.46772
-0.46772
-0.46772
-0.46772
-0.46772
-0.46772
-0.46772
-0.46772
-0.46772
-0.46772
-0.46772
-0.46772
-0.46772
-0.46772
-0.46772
-0.46772
-0.46772
-0.46772
-0.46772
-0.46772
-0.46772
-0.46772
-0.46772
-0.46772
-0.46772
-0.46772
-0.46772
-0.46772
-0.46772
-0.46772
-0.46772
-0.46772
-0.46772
-0.46772
-0.46772
-0.46772
-0.46772
-0.46772
-0.46772
-0.46772
-0.46772
-0.46772
-0.46772
-0.46772
-0.46772
-0.46772
-0.46772
-0.46772
-0.46772
-0.46772
-0.46772
-0.46772
-0.46772
-0.46772
-0.46772
-0.46772
-0.46772
-0.46772
-0.46772
-0.46772
-0.46772
-0.46772
-0.46772
-0.46772
-0.46772
-0.46772
-0.46772
-0.46772
-0.46772
-0.46772
-0.46772
-0.46772
-0.46772
-0.46772
-0.46772
-0.46772
-0.46772
-0.46772
-0.46772
-0.46772
-0.46772
-0.46772
-0.46772
-0.46772
-0.46772
-0.46772
-0.46772
-0.46772
-0.46772
-0.46772
-0.46772
-0.46772
-0.46772
-0.46772
-0.46772
-0.46772
-0.46772
-0.46772
-0.46772
-0.46772
-0.46772
-0.46772
-0.46772
-0.46772
-0.46771
-0.46771
-0.46771
-0.46772
-0.46774
-0.46776
-0.46778
-0.46781
-0.46785
-0.46789
-0.46793
-0.46794
-0.46795
-0.46796
-0.46797
-0.46800
-0.46803
-0.46807
-0.46810
-0.46811
-0.46812
-0.46813
-0.46813
-0.46816
-0.46819
-0.46822
-0.46825
-0.46825
-0.46825
-0.46825
-0.46825
-0.46826
-0.46828
-0.46829
-0.46831
-0.46829
-0.46828
-0.46827
-0.46826
-0.46826
-0.46825
-0.46825
-0.46825
-0.46823
-0.46820
-0.46817
-0.46815
-0.46813
-0.46811
-0.46809
-0.46807
-0.46804
-0.46800
-0.46797
-0.46793
-0.46788
-0.46783
-0.46778
-0.46773
-0.46768
-0.46762
-0.46757
-0.46751
-0.46741
-0.46731
-0.46721
-0.46711
-0.46699
-0.46687
-0.46675
-0.46662
-0.46646
-0.46629
-0.46612
-0.46595
-0.46576
-0.46556
-0.46537
-0.46518
-0.46493
-0.46468
-0.46443
-0.46418
-0.46390
-0.46362
-0.46334
-0.46306
-0.46268
-0.46231
-0.46193
-0.46156
-0.46113
-0.46070
-0.46027
-0.45984
-0.45920
-0.45856
-0.45792
-0.45728
-0.45652
-0.45576
-0.45500
-0.45425
-0.45311
-0.45198
-0.45085
-0.44971
-0.44836
-0.44701
-0.44566
-0.44431
-0.44246
-0.44061
-0.43877
-0.43692
-0.43460
-0.43227
-0.42995
-0.42762
-0.42442
-0.42122
-0.41801
-0.41481
-0.41058
-0.40635
-0.40213
-0.39790
-0.39224
-0.38659
-0.38093
-0.37528
-0.36735
-0.35943
-0.35150
-0.34358
-0.33352
-0.32346
-0.31339
-0.30333
-0.28882
-0.27430
-0.25979
-0.24527
-0.22822
-0.21117
-0.19412
-0.17707
-0.15264
-0.12821
-0.10377
-0.07934
-0.05188
-0.02441
0.00305
0.03051
0.06503
0.09955
0.13406
0.16858
0.20722
0.24586
0.28449
0.32313
0.36516
0.40719
0.44921
0.49124
0.53758
0.58392
0.63026
0.67661
0.72234
0.76808
0.81381
0.85955
0.90637
0.95318
1.00000
1.04681
1.09158
1.13636
1.18113
1.22591
1.26751
1.30911
1.35071
1.39231
1.43220
1.47209
1.51199
1.55188
1.58663
1.62137
1.65612
1.69087
1.72418
1.75749
1.79081
1.82412
1.85222
1.88033
1.90843
1.93654
1.96315
1.98976
2.01638
2.04299
2.06620
2.08941
2.11262
2.13583
2.15666
2.17749
2.19832
2.21915
2.23911
2.25907
2.27903
2.29899
2.31737
2.33575
2.35413
2.37251
2.39211
2.41171
2.43132
2.45092
2.47010
2.48928
2.50847
2.52765
2.54894
2.57023
2.59153
2.61282
2.63298
2.65313
2.67329
2.69344
2.71602
2.73860
2.76118
2.78376
2.80282
2.82187
2.84092
2.85998
2.88134
2.90271
2.92408
2.94544
2.96367
2.98189
3.00011
3.01833
3.03861
3.05888
3.07916
3.09943
-0.46738
-0.46738
-0.46738
-0.46738
-0.46738
-0.46738
-0.46738
-0.46738
-0.46738
-0.46738
-0.46738
-0.46738
-0.46738
-0.46738
-0.46738
-0.46738
-0.46738
-0.46738
-0.46738
-0.46738
-0.46738
-0.46738
-0.46738
-0.46738
-0.46738
-0.46738
-0.46738
-0.46738
-0.46738
-0.46738
-0.46738
-0.46738
-0.46738
-0.46738
-0.46738
-0.46738
-0.46738
-0.46738
-0.46738
-0.46738
-0.46738
-0.46738
-0.46738
-0.46738
-0.46738
-0.46738
-0.46738
-0.46738
-0.46738
-0.46738
-0.46738
-0.46738
-0.46738
-0.46738
-0.46738
-0.46738
-0.46738
-0.46738
-0.46738
-0.46738
-0.46738
-0.46738
-0.46738
-0.46738
-0.46738
-0.46738
-0.46738
-0.46738
-0.46738
-0.46738
-0.46738
-0.46738
-0.46738
-0.46738
-0.46738
-0.46738
-0.46738
-0.46738
-0.46738
-0.46738
-0.46738
-0.46738
-0.46738
-0.46738
-0.46738
-0.46738
-0.46738
-0.46738
-0.46738
-0.46738
-0.46738
-0.46738
-0.46738
-0.46738
-0.46738
-0.46738
-0.46738
-0.46738
-0.46738
-0.46738
-0.46738
-0.46738
-0.46738
-0.46738
-0.46738
-0.46738
-0.46738
-0.46738
-0.46738
-0.46738
-0.46738
-0.46738
-0.46738
-0.46738
-0.46738
-0.46738
-0.46738
-0.46738
-0.46738
-0.46738
-0.46738
-0.46738
-0.46738
-0.46738
-0.46738
-0.46738
-0.46738
-0.46738
-0.46738
-0.46738
-0.46738
-0.46738
-0.46738
-0.46738
-0.46738
-0.46738
-0.46738
-0.46738
-0.46738
-0.46738
-0.46738
-0.46738
-0.46738
-0.46738
-0.46738
-0.46738
-0.46738
-0.46738
-0.46738
-0.46738
-0.46738
-0.46738
-0.46738
-0.46738
-0.46738
-0.46738
-0.46738
-0.46738
-0.46738
-0.46738
-0.46738
-0.46738
-0.46737
-0.46737
-0.46737
-0.46738
-0.46739
-0.46740
-0.46742
-0.46748
-0.46753
-0.46759
-0.46765
-0.46766
-0.46767
-0.46767
-0.46768
-0.46773
-0.46778
-0.46782
-0.46787
-0.46788
-0.46790
-0.46791
-0.46793
-0.46796
-0.46799
-0.46802
-0.46805
-0.46806
-0.46807
-0.46809
-0.46810
-0.46812
-0.46813
-0.46815
-0.46817
-0.46817
-0.46818
-0.46819
-0.46820
-0.46820
-0.46820
-0.46820
-0.46820
-0.46820
-0.46820
-0.46820
-0.46819
-0.46818
-0.46817
-0.46815
-0.46814
-0.46813
-0.46812
-0.46811
-0.46810
-0.46806
-0.46802
-0.46798
-0.46794
-0.46792
-0.46789
-0.46787
-0.46784
-0.46776
-0.46767
-0.46759
-0.46750
-0.46741
-0.46732
-0.46724
-0.46715
-0.46701
-0.46687
-0.46674
-0.46660
-0.46644
-0.46628
-0.46612
-0.46596
-0.46575
-0.46555
-0.46534
-0.46513
-0.46488
-0.46464
-0.46439
-0.46415
-0.46383
-0.46351
-0.46319
-0.46287
-0.46249
-0.46211
-0.46172
-0.46134
-0.46080
-0.46027
-0.45973
-0.45919
-0.45851
-0.45783
-0.45715
-0.45647
-0.45553
-0.45459
-0.45365
-0.45271
-0.45154
-0.45037
-0.44920
-0.44804
-0.44653
-0.44503
-0.44352
-0.44202
-0.44003
-0.43805
-0.43606
-0.43408
-0.43147
-0.42885
-0.42624
-0.42363
-0.42014
-0.41666
-0.41317
-0.40969
-0.40514
-0.40058
-0.39603
-0.39148
-0.38505
-0.37863
-0.37220
-0.36578
-0.35761
-0.34944
-0.34127
-0.33311
-0.32142
-0.30974
-0.29806
-0.28638
-0.27221
-0.25805
-0.24389
-0.22972
-0.20982
-0.18991
-0.17000
-0.15009
-0.12633
-0.10258
-0.07882
-0.05506
-0.02545
0.00416
0.03377
0.06338
0.09934
0.13530
0.17125
0.20721
0.24628
0.28534
0.32441
0.36348
0.41004
0.45661
0.50318
0.54975
0.59573
0.64170
0.68768
0.73366
0.78257
0.83148
0.88039
0.92931
0.97616
1.02302
1.06987
1.11672
1.16066
1.20460
1.24853
1.29247
1.33436
1.37624
1.41813
1.46001
1.49695
1.53389
1.57082
1.60776
1.64194
1.67613
1.71031
1.74449
1.77464
1.80478
1.83493
1.86507
1.89182
1.91857
1.94533
1.97208
1.99714
2.02220
2.04726
2.07233
2.09295
2.11357
2.13419
2.15482
2.17591
2.19700
2.21810
2.23919
2.25724
2.27529
2.29333
2.31138
2.33113
2.35088
2.37063
2.39038
2.40927
2.42816
2.44705
2.46594
2.48684
2.50775
2.52865
2.54956
2.56953
2.58950
2.60946
2.62943
2.65104
2.67264
2.69424
2.71585
2.73541
2.75498
2.77455
2.79411
2.81438
2.83464
2.85490
2.87516
2.89418
2.91321
2.93223
2.95125
2.97065
2.99006
3.00947
3.02887
-0.46704
-0.46704
-0.46704
-0.46704
-0.46704
-0.46704
-0.46704
-0.46704
-0.46704
-0.46704
-0.46704
-0.46704
-0.46704
-0.46704
-0.46704
-0.46704
-0.46704
-0.46704
-0.46704
-0.46704
-0.46704
-0.46704
-0.46704
-0.46704
-0.46704
-0.46704
-0.46704
-0.46704
-0.46704
-0.46704
-0.46704
-0.46704
-0.46704
-0.46704
-0.46704
-0.46704
-0.46704
-0.46704
-0.46704
-0.46704
-0.46704
-0.46704
-0.46704
-0.46704
-0.46704
-0.46704
-0.46704
-0.46704
-0.46704
-0.46704
-0.46704
-0.46704
-0.46704
-0.46704
-0.46704
-0.46704
-0.46704
-0.46704
-0.46704
-0.46704
-0.46704
-0.46704
-0.46704
-0.46704
-0.46704
-0.46704
-0.46704
-0.46704
-0.46704
-0.46704
-0.46704
-0.46704
-0.46704
-0.46704
-0.46704
-0.46704
-0.46704
-0.46704
-0.46704
-0.46704
-0.46704
-0.46704
-0.46704
-0.46704
-0.46704
-0.46704
-0.46704
-0.46704
-0.46704
-0.46704
-0.46704
-0.46704
-0.46704
-0.46704
-0.46704
-0.46704
-0.46704
-0.46704
-0.46704
-0.46704
-0.46704
-0.46704
-0.46704
-0.46704
-0.46704
-0.46704
-0.46704
-0.46704
-0.46704
-0.46704
-0.46704
-0.46704
-0.46704
-0.46704
-0.46704
-0.46704
-0.46704
-0.46704
-0.46704
-0.46704
-0.46704
-0.46704
-0.46704
-0.46704
-0.46704
-0.46704
-0.46704
-0.46704
-0.46704
-0.46704
-0.46704
-0.46704
-0.46704
-0.46704
-0.46704
-0.46704
-0.46704
-0.46704
-0.46704
-0.46704
-0.46704
-0.46704
-0.46704
-0.46704
-0.46704
-0.46704
-0.46704
-0.46704
-0.46704
-0.46704
-0.46704
-0.46704
-0.46704
-0.46704
-0.46704
-0.46704
-0.46704
-0.46704
-0.46704
-0.46704
-0.46704
-0.46703
-0.46703
-0.46703
-0.46702
-0.46703
-0.46704
-0.46705
-0.46706
-0.46714
-0.46722
-0.46729
-0.46737
-0.46738
-0.46739
-0.46739
-0.46740
-0.46746
-0.46752
-0.46758
-0.46764
-0.46766
-0.46768
-0.46770
-0.46773
-0.46776
-0.46779
-0.46782
-0.46785
-0.46788
-0.46790
-0.46793
-0.46795
-0.46797
-0.46799
-0.46801
-0.46802
-0.46805
-0.46808
-0.46811
-0.46813
-0.46814
-0.46814
-0.46815
-0.46815
-0.46817
-0.46820
-0.46822
-0.46824
-0.46823
-0.46822
-0.46821
-0.46820
-0.46822
-0.46824
-0.46826
-0.46827
-0.46824
-0.46821
-0.46818
-0.46815
-0.46816
-0.46816
-0.46817
-0.46817
-0.46810
-0.46803
-0.46796
-0.46789
-0.46784
-0.46778
-0.46773
-0.46767
-0.46757
-0.46746
-0.46736
-0.46725
-0.46713
-0.46700
-0.46688
-0.46675
-0.46658
-0.46641
-0.46624
-0.46607
-0.46586
-0.46565
-0.46544
-0.46523
-0.46497
-0.46471
-0.46444
-0.46418
-0.46385
-0.46351
-0.46318
-0.46284
-0.46241
-0.46197
-0.46154
-0.46110
-0.46050
-0.45990
-0.45930
-0.45870
-0.45795
-0.45720
-0.45645
-0.45570
-0.45471
-0.45373
-0.45275
-0.45176
-0.45060
-0.44944
-0.44828
-0.44712
-0.44547
-0.44383
-0.44218
-0.44054
-0.43851
-0.43649
-0.43447
-0.43245
-0.42971
-0.42696
-0.42422
-0.42148
-0.41803
-0.41458
-0.41113
-0.40767
-0.40275
-0.39783
-0.39290
-0.38798
-0.38170
-0.37543
-0.36915
-0.36288
-0.35403
-0.34518
-0.33633
-0.32748
-0.31621
-0.30493
-0.29365
-0.28238
-0.26699
-0.25161
-0.23623
-0.22084
-0.20079
-0.18074
-0.16069
-0.14064
-0.11593
-0.09123
-0.06652
-0.04181
-0.00854
0.02474
0.05802
0.09129
0.12740
0.16350
0.19961
0.23571
0.28251
0.32930
0.37610
0.42289
0.46911
0.51533
0.56154
0.60776
0.65877
0.70978
0.76079
0.81180
0.86074
0.90967
0.95861
1.00754
1.05381
1.10009
1.14636
1.19263
1.23651
1.28039
1.32427
1.36815
1.40727
1.44640
1.48552
1.52465
1.55970
1.59476
1.62981
1.66487
1.69705
1.72924
1.76142
1.79361
1.82050
1.84739
1.87427
1.90116
1.92808
1.95499
1.98191
2.00882
2.02924
2.04965
2.07007
2.09048
2.11271
2.13494
2.15717
2.17939
2.19711
2.21482
2.23254
2.25025
2.27015
2.29005
2.30995
2.32985
2.34844
2.36704
2.38563
2.40422
2.42474
2.44526
2.46578
2.48630
2.50608
2.52586
2.54564
2.56542
2.58605
2.60668
2.62730
2.64793
2.66801
2.68809
2.70817
2.72825
2.74741
2.76657
2.78572
2.80488
2.82470
2.84452
2.86435
2.88417
2.90270
2.92124
2.93977
2.95831
-0.46706
-0.46706
-0.46706
-0.46706
-0.46706
-0.46706
-0.46706
-0.46706
-0.46706
-0.46706
-0.46706
-0.46706
-0.46706
-0.46706
-0.46706
-0.46706
-0.46706
-0.46706
-0.46706
-0.46706
-0.46706
-0.46706
-0.46706
-0.46706
-0.46706
-0.46706
-0.46706
-0.46706
-0.46706
-0.46706
-0.46706
-0.46706
-0.46706
-0.46706
-0.46706
-0.46706
-0.46706
-0.46706
-0.46706
-0.46706
-0.46706
-0.46706
-0.46706
-0.46706
-0.46706
-0.46706
-0.46706
-0.46706
-0.46706
-0.46706
-0.46706
-0.46706
-0.46706
-0.46706
-0.46706
-0.46706
-0.46706
-0.46706
-0.46706
-0.46706
-0.46706
-0.46706
-0.46706
-0.46706
-0.46706
-0.46706
-0.46706
-0.46706
-0.46706
-0.46706
-0.46706
-0.46706
-0.46706
-0.46706
-0.46706
-0.46706
-0.46706
-0.46706
-0.46706
-0.46706
-0.46706
-0.46706
-0.46706
-0.46706
-0.46706
-0.46706
-0.46706
-0.46706
-0.46706
-0.46706
-0.46706
-0.46706
-0.46706
-0.46706
-0.46706
-0.46706
-0.46706
-0.46706
-0.46706
-0.46706
-0.46706
-0.46706
-0.46706
-0.46706
-0.46706
-0.46706
-0.46706
-0.46706
-0.46706
-0.46706
-0.46706
-0.46706
-0.46706
-0.46706
-0.46706
-0.46706
-0.46706
-0.46706
-0.46706
-0.46706
-0.46706
-0.46706
-0.46706
-0.46706
-0.46706
-0.46706
-0.46706
-0.46706
-0.46706
-0.46706
-0.46706
-0.46706
-0.46706
-0.46706
-0.46706
-0.46706
-0.46706
-0.46706
-0.46706
-0.46706
-0.46706
-0.46706
-0.46706
-0.46706
-0.46706
-0.46706
-0.46706
-0.46706
-0.46706
-0.46706
-0.46706
-0.46706
-0.46706
-0.46706
-0.46706
-0.46706
-0.46706
-0.46706
-0.46706
-0.46706
-0.46706
-0.46706
-0.46705
-0.46705
-0.46705
-0.46705
-0.46705
-0.46704
-0.46704
-0.46711
-0.46718
-0.46725
-0.46732
-0.46732
-0.46731
-0.46731
-0.46731
-0.46736
-0.46742
-0.46747
-0.46752
-0.46754
-0.46756
-0.46758
-0.46759
-0.46762
-0.46764
-0.46766
-0.46768
-0.46770
-0.46773
-0.46775
-0.46778
-0.46779
-0.46780
-0.46780
-0.46781
-0.46784
-0.46787
-0.46791
-0.46794
-0.46794
-0.46793
-0.46793
-0.46793
-0.46796
-0.46799
-0.46802
-0.46805
-0.46804
-0.46803
-0.46802
-0.46802
-0.46804
-0.46807
-0.46810
-0.46812
-0.46810
-0.46808
-0.46806
-0.46804
-0.46805
-0.46807
-0.46808
-0.46810
-0.46804
-0.46799
-0.46793
-0.46788
-0.46784
-0.46781
-0.46777
-0.46773
-0.46765
-0.46758
-0.46750
-0.46742
-0.46732
-0.46722
-0.46711
-0.46701
-0.46688
-0.46675
-0.46662
-0.46649
-0.46630
-0.46612
-0.46594
-0.46576
-0.46555
-0.46534
-0.46513
-0.46492
-0.46463
-0.46433
-0.46404
-0.46375
-0.46339
-0.46304
-0.46268
-0.46233
-0.46181
-0.46128
-0.46076
-0.46024
-0.45963
-0.45901
-0.45840
-0.45779
-0.45697
-0.45614
-0.45531
-0.45448
-0.45355
-0.45262
-0.45170
-0.45077
-0.44940
-0.44803
-0.44666
-0.44529
-0.44366
-0.44204
-0.44041
-0.43879
-0.43658
-0.43438
-0.43217
-0.42996
-0.42725
-0.42453
-0.42181
-0.41909
-0.41524
-0.41140
-0.40755
-0.40370
-0.39875
-0.39380
-0.38885
-0.38390
-0.37709
-0.37028
-0.36347
-0.35666
-0.34757
-0.33847
-0.32938
-0.32028
-0.30824
-0.29620
-0.28416
-0.27213
-0.25527
-0.23841
-0.22155
-0.20470
-0.18403
-0.16336
-0.14270
-0.12203
-0.09227
-0.06250
-0.03273
-0.00297
0.02979
0.06255
0.09531
0.12807
0.17242
0.21676
0.26111
0.30545
0.35043
0.39540
0.44038
0.48535
0.53594
0.58653
0.63713
0.68772
0.73783
0.78794
0.83805
0.88816
0.93584
0.98351
1.03118
1.07885
1.12499
1.17113
1.21727
1.26340
1.30498
1.34656
1.38814
1.42972
1.46640
1.50309
1.53978
1.57646
1.61095
1.64544
1.67993
1.71442
1.74235
1.77029
1.79822
1.82615
1.85455
1.88295
1.91135
1.93975
1.96102
1.98229
2.00356
2.02483
2.04780
2.07077
2.09374
2.11671
2.13509
2.15346
2.17183
2.19021
2.21011
2.23001
2.24991
2.26981
2.28874
2.30766
2.32658
2.34551
2.36552
2.38554
2.40556
2.42557
2.44558
2.46559
2.48560
2.50561
2.52532
2.54502
2.56472
2.58443
2.60486
2.62529
2.64572
2.66615
2.68451
2.70286
2.72122
2.73957
2.75967
2.77977
2.79987
2.81998
2.83800
2.85603
2.87406
2.89209
-0.46752
-0.46752
-0.46752
-0.46752
-0.46752
-0.46752
-0.46752
-0.46752
-0.46752
-0.46752
-0.46752
-0.46752
-0.46752
-0.46752
-0.46752
-0.46752
-0.46752
-0.46752
-0.46752
-0.46752
-0.46752
-0.46752
-0.46752
-0.46752
-0.46752
-0.46752
-0.46752
-0.46752
-0.46752
-0.46752
-0.46752
-0.46752
-0.46752
-0.46752
-0.46752
-0.46752
-0.46752
-0.46752
-0.46752
-0.46752
-0.46752
-0.46752
-0.46752
-0.46752
-0.46752
-0.46752
-0.46752
-0.46752
-0.46752
-0.46752
-0.46752
-0.46752
-0.46752
-0.46752
-0.46752
-0.46752
-0.46752
-0.46752
-0.46752
-0.46752
-0.46752
-0.46752
-0.46752
-0.46752
-0.46752
-0.46752
-0.46752
-0.46752
-0.46752
-0.46752
-0.46752
-0.46752
-0.46752
-0.46752
-0.46752
-0.46752
-0.46752
-0.46752
-0.46752
-0.46752
-0.46752
-0.46752
-0.46752
-0.46752
-0.46752
-0.46752
-0.46752
-0.46752
-0.46752
-0.46752
-0.46752
-0.46752
-0.46752
-0.46752
-0.46752
-0.46752
-0.46752
-0.46752
-0.46752
-0.46752
-0.46752
-0.46752
-0.46752
-0.46752
-0.46752
-0.46752
-0.46752
-0.46752
-0.46752
-0.46752
-0.46752
-0.46752
-0.46752
-0.46752
-0.46752
-0.46752
-0.46752
-0.46752
-0.46752
-0.46752
-0.46752
-0.46752
-0.46752
-0.46752
-0.46752
-0.46752
-0.46752
-0.46752
-0.46752
-0.46752
-0.46752
-0.46752
-0.46752
-0.46752
-0.46752
-0.46752
-0.46752
-0.46752
-0.46752
-0.46752
-0.46752
-0.46752
-0.46752
-0.46752
-0.46752
-0.46752
-0.46752
-0.46752
-0.46752
-0.46752
-0.46752
-0.46752
-0.46752
-0.46752
-0.46752
-0.46752
-0.46752
-0.46752
-0.46752
-0.46752
-0.46752
-0.46752
-0.46752
-0.46751
-0.46751
-0.46749
-0.46747
-0.46745
-0.46743
-0.46746
-0.46748
-0.46750
-0.46752
-0.46751
-0.46749
-0.46748
-0.46746
-0.46748
-0.46750
-0.46751
-0.46753
-0.46754
-0.46754
-0.46755
-0.46755
-0.46755
-0.46754
-0.46754
-0.46753
-0.46754
-0.46756
-0.46757
-0.46758
-0.46757
-0.46755
-0.46754
-0.46752
-0.46753
-0.46755
-0.46756
-0.46758
-0.46756
-0.46754
-0.46752
-0.46750
-0.46752
-0.46753
-0.46755
-0.46756
-0.46755
-0.46755
-0.46754
-0.46753
-0.46755
-0.46756
-0.46757
-0.46759
-0.46757
-0.46756
-0.46755
-0.46753
-0.46754
-0.46754
-0.46754
-0.46754
-0.46750
-0.46747
-0.46743
-0.46739
-0.46735
-0.46732
-0.46728
-0.46724
-0.46718
-0.46713
-0.46707
-0.46701
-0.46692
-0.46683
-0.46674
-0.46664
-0.46655
-0.46646
-0.46636
-0.46627
-0.46611
-0.46595
-0.46579
-0.46563
-0.46547
-0.46530
-0.46514
-0.46497
-0.46472
-0.46446
-0.46421
-0.46395
-0.46365
-0.46334
-0.46304
-0.46273
-0.46229
-0.46184
-0.46140
-0.46095
-0.46042
-0.45989
-0.45936
-0.45882
-0.45812
-0.45741
-0.45671
-0.45600
-0.45517
-0.45434
-0.45351
-0.45268
-0.45151
-0.45034
-0.44917
-0.44800
-0.44654
-0.44509
-0.44363
-0.44217
-0.44025
-0.43834
-0.43642
-0.43450
-0.43208
-0.42965
-0.42722
-0.42480
-0.42153
-0.41825
-0.41498
-0.41171
-0.40740
-0.40309
-0.39878
-0.39447
-0.38876
-0.38304
-0.37733
-0.37162
-0.36387
-0.35611
-0.34836
-0.34061
-0.33051
-0.32040
-0.31030
-0.30020
-0.28592
-0.27165
-0.25737
-0.24310
-0.22544
-0.20778
-0.19013
-0.17247
-0.14720
-0.12193
-0.09666
-0.07140
-0.04244
-0.01348
0.01548
0.04444
0.08314
0.12185
0.16055
0.19925
0.24122
0.28318
0.32514
0.36711
0.41427
0.46144
0.50861
0.55578
0.60600
0.65621
0.70642
0.75663
0.80459
0.85254
0.90050
0.94845
0.99716
1.04587
1.09458
1.14329
1.18764
1.23199
1.27634
1.32070
1.35992
1.39914
1.43836
1.47758
1.51470
1.55181
1.58892
1.62603
1.65609
1.68614
1.71620
1.74626
1.77570
1.80515
1.83459
1.86404
1.88743
1.91082
1.93421
1.95761
1.98085
2.00410
2.02734
2.05059
2.07080
2.09101
2.11123
2.13144
2.15117
2.17090
2.19063
2.21036
2.23036
2.25036
2.27036
2.29037
2.30974
2.32911
2.34849
2.36786
2.38860
2.40934
2.43007
2.45081
2.46966
2.48850
2.50735
2.52619
2.54678
2.56736
2.58795
2.60853
2.62645
2.64436
2.66227
2.68019
2.69995
2.71971
2.73947
2.75923
2.77718
2.79514
2.81310
2.83105
-0.46798
-0.46798
-0.46798
-0.46798
-0.46798
-0.46798
-0.46798
-0.46798
-0.46798
-0.46798
-0.46798
-0.46798
-0.46798
-0.46798
-0.46798
-0.46798
-0.46798
-0.46798
-0.46798
-0.46798
-0.46798
-0.46798
-0.46798
-0.46798
-0.46798
-0.46798
-0.46798
-0.46798
-0.46798
-0.46798
-0.46798
-0.46798
-0.46798
-0.46798
-0.46798
-0.46798
-0.46798
-0.46798
-0.46798
-0.46798
-0.46798
-0.46798
-0.46798
-0.46798
-0.46798
-0.46798
-0.46798
-0.46798
-0.46798
-0.46798
-0.46798
-0.46798
-0.46798
-0.46798
-0.46798
-0.46798
-0.46798
-0.46798
-0.46798
-0.46798
-0.46798
-0.46798
-0.46798
-0.46798
-0.46798
-0.46798
-0.46798
-0.46798
-0.46798
-0.46798
-0.46798
-0.46798
-0.46798
-0.46798
-0.46798
-0.46798
-0.46798
-0.46798
-0.46798
-0.46798
-0.46798
-0.46798
-0.46798
-0.46798
-0.46798
-0.46798
-0.46798
-0.46798
-0.46798
-0.46798
-0.46798
-0.46798
-0.46798
-0.46798
-0.46798
-0.46798
-0.46798
-0.46798
-0.46798
-0.46798
-0.46798
-0.46798
-0.46798
-0.46798
-0.46798
-0.46798
-0.46798
-0.46798
-0.46798
-0.46798
-0.46798
-0.46798
-0.46798
-0.46798
-0.46798
-0.46798
-0.46798
-0.46798
-0.46798
-0.46798
-0.46798
-0.46798
-0.46798
-0.46798
-0.46798
-0.46798
-0.46798
-0.46798
-0.46798
-0.46798
-0.46798
-0.46798
-0.46798
-0.46798
-0.46798
-0.46798
-0.46798
-0.46798
-0.46798
-0.46798
-0.46798
-0.46798
-0.46798
-0.46798
-0.46798
-0.46798
-0.46798
-0.46798
-0.46798
-0.46798
-0.46798
-0.46798
-0.46798
-0.46798
-0.46798
-0.46798
-0.46798
-0.46798
-0.46798
-0.46798
-0.46798
-0.46798
-0.46798
-0.46798
-0.46797
-0.46794
-0.46790
-0.46786
-0.46782
-0.46780
-0.46778
-0.46776
-0.46773
-0.46770
-0.46767
-0.46764
-0.46761
-0.46759
-0.46758
-0.46756
-0.46754
-0.46753
-0.46752
-0.46752
-0.46751
-0.46748
-0.46745
-0.46742
-0.46739
-0.46739
-0.46739
-0.46739
-0.46739
-0.46735
-0.46731
-0.46727
-0.46723
-0.46722
-0.46722
-0.46722
-0.46722
-0.46718
-0.46715
-0.46711
-0.46708
-0.46708
-0.46708
-0.46708
-0.46708
-0.46707
-0.46706
-0.46705
-0.46704
-0.46705
-0.46705
-0.46705
-0.46705
-0.46705
-0.46704
-0.46704
-0.46703
-0.46702
-0.46701
-0.46699
-0.46698
-0.46696
-0.46694
-0.46692
-0.46690
-0.46686
-0.46682
-0.46678
-0.46674
-0.46671
-0.46668
-0.46664
-0.46661
-0.46652
-0.46644
-0.46636
-0.46627
-0.46622
-0.46616
-0.46611
-0.46605
-0.46592
-0.46578
-0.46564
-0.46551
-0.46539
-0.46527
-0.46514
-0.46502
-0.46481
-0.46459
-0.46437
-0.46416
-0.46390
-0.46365
-0.46339
-0.46314
-0.46277
-0.46241
-0.46204
-0.46167
-0.46122
-0.46076
-0.46031
-0.45985
-0.45927
-0.45868
-0.45810
-0.45752
-0.45679
-0.45606
-0.45533
-0.45460
-0.45363
-0.45265
-0.45168
-0.45071
-0.44942
-0.44814
-0.44685
-0.44556
-0.44393
-0.44230
-0.44067
-0.43904
-0.43691
-0.43477
-0.43264
-0.43051
-0.42781
-0.42511
-0.42242
-0.41972
-0.41605
-0.41238
-0.40871
-0.40504
-0.40042
-0.39581
-0.39119
-0.38658
-0.38017
-0.37376
-0.36734
-0.36093
-0.35277
-0.34460
-0.33643
-0.32827
-0.31658
-0.30488
-0.29319
-0.28150
-0.26685
-0.25220
-0.23755
-0.22290
-0.20213
-0.18136
-0.16059
-0.13982
-0.11467
-0.08951
-0.06435
-0.03920
-0.00613
0.02693
0.05999
0.09305
0.13201
0.17096
0.20991
0.24886
0.29261
0.33635
0.38010
0.42385
0.47416
0.52448
0.57479
0.62510
0.67334
0.72158
0.76982
0.81805
0.86934
0.92062
0.97190
1.02318
1.07031
1.11743
1.16455
1.21167
1.25343
1.29519
1.33695
1.37871
1.41844
1.45817
1.49791
1.53764
1.56982
1.60200
1.63418
1.66636
1.69685
1.72734
1.75783
1.78832
1.81384
1.83935
1.86487
1.89038
1.91390
1.93743
1.96095
1.98447
2.00652
2.02857
2.05062
2.07267
2.09223
2.11179
2.13135
2.15091
2.17199
2.19307
2.21414
2.23522
2.25396
2.27269
2.29142
2.31015
2.33162
2.35308
2.37455
2.39601
2.41400
2.43198
2.44997
2.46796
2.48870
2.50944
2.53018
2.55091
2.56839
2.58586
2.60333
2.62080
2.64022
2.65964
2.67906
2.69848
2.71636
2.73425
2.75213
2.77001
-0.46859
-0.46859
-0.46859
-0.46859
-0.46859
-0.46859
-0.46859
-0.46859
-0.46859
-0.46859
-0.46859
-0.46859
-0.46859
-0.46859
-0.46859
-0.46859
-0.46859
-0.46859
-0.46859
-0.46859
-0.46859
-0.46859
-0.46859
-0.46859
-0.46859
-0.46859
-0.46859
-0.46859
-0.46859
-0.46859
-0.46859
-0.46859
-0.46859
-0.46859
-0.46859
-0.46859
-0.46859
-0.46859
-0.46859
-0.46859
-0.46859
-0.46859
-0.46859
-0.46859
-0.46859
-0.46859
-0.46859
-0.46859
-0.46859
-0.46859
-0.46859
-0.46859
-0.46859
-0.46859
-0.46859
-0.46859
-0.46859
-0.46859
-0.46859
-0.46859
-0.46859
-0.46859
-0.46859
-0.46859
-0.46859
-0.46859
-0.46859
-0.46859
-0.46859
-0.46859
-0.46859
-0.46859
-0.46859
-0.46859
-0.46859
-0.46859
-0.46859
-0.46859
-0.46859
-0.46859
-0.46859
-0.46859
-0.46859
-0.46859
-0.46859
-0.46859
-0.46859
-0.46859
-0.46859
-0.46859
-0.46859
-0.46859
-0.46859
-0.46859
-0.46859
-0.46859
-0.46859
-0.46859
-0.46859
-0.46859
-0.46859
-0.46859
-0.46859
-0.46859
-0.46859
-0.46859
-0.46859
-0.46859
-0.46859
-0.46859
-0.46859
-0.46859
-0.46859
-0.46859
-0.46859
-0.46859
-0.46859
-0.46859
-0.46859
-0.46859
-0.46859
-0.46859
-0.46859
-0.46859
-0.46859
-0.46859
-0.46859
-0.46859
-0.46859
-0.46859
-0.46859
-0.46859
-0.46859
-0.46859
-0.46859
-0.46859
-0.46859
-0.46859
-0.46859
-0.46859
-0.46859
-0.46859
-0.46859
-0.46859
-0.46859
-0.46859
-0.46859
-0.46859
-0.46859
-0.46859
-0.46859
-0.46859
-0.46859
-0.46859
-0.46859
-0.46859
-0.46859
-0.46859
-0.46859
-0.46859
-0.46859
-0.46859
-0.46859
-0.46859
-0.46859
-0.46855
-0.46850
-0.46846
-0.46841
-0.46836
-0.46831
-0.46826
-0.46820
-0.46816
-0.46812
-0.46808
-0.46804
-0.46800
-0.46796
-0.46792
-0.46788
-0.46786
-0.46784
-0.46781
-0.46779
-0.46775
-0.46770
-0.46765
-0.46760
-0.46759
-0.46758
-0.46756
-0.46755
-0.46749
-0.46744
-0.46738
-0.46732
-0.46731
-0.46729
-0.46727
-0.46725
-0.46721
-0.46716
-0.46711
-0.46706
-0.46704
-0.46703
-0.46701
-0.46699
-0.46698
-0.46696
-0.46695
-0.46693
-0.46692
-0.46691
-0.46690
-0.46688
-0.46688
-0.46687
-0.46687
-0.46687
-0.46684
-0.46681
-0.46678
-0.46676
-0.46675
-0.46674
-0.46672
-0.46671
-0.46667
-0.46662
-0.46658
-0.46653
-0.46650
-0.46648
-0.46645
-0.46643
-0.46635
-0.46627
-0.46619
-0.46611
-0.46607
-0.46603
-0.46600
-0.46596
-0.46584
-0.46572
-0.46560
-0.46547
-0.46538
-0.46528
-0.46519
-0.46509
-0.46491
-0.46472
-0.46454
-0.46435
-0.46413
-0.46392
-0.46370
-0.46348
-0.46318
-0.46288
-0.46258
-0.46228
-0.46189
-0.46150
-0.46111
-0.46072
-0.46024
-0.45976
-0.45928
-0.45880
-0.45816
-0.45752
-0.45688
-0.45624
-0.45544
-0.45464
-0.45384
-0.45304
-0.45191
-0.45077
-0.44964
-0.44851
-0.44713
-0.44575
-0.44437
-0.44300
-0.44114
-0.43928
-0.43743
-0.43557
-0.43335
-0.43114
-0.42893
-0.42671
-0.42362
-0.42052
-0.41743
-0.41434
-0.41062
-0.40690
-0.40318
-0.39947
-0.39421
-0.38895
-0.38370
-0.37844
-0.37186
-0.36528
-0.35871
-0.35213
-0.34267
-0.33321
-0.32376
-0.31430
-0.30222
-0.29015
-0.27807
-0.26599
-0.24919
-0.23238
-0.21558
-0.19878
-0.17709
-0.15541
-0.13373
-0.11204
-0.08416
-0.05627
-0.02838
-0.00049
0.03519
0.07087
0.10655
0.14223
0.18235
0.22247
0.26260
0.30272
0.35196
0.40121
0.45045
0.49970
0.54758
0.59547
0.64335
0.69124
0.74388
0.79653
0.84918
0.90183
0.95105
1.00027
1.04949
1.09871
1.14283
1.18695
1.23107
1.27519
1.31733
1.35947
1.40161
1.44375
1.47849
1.51324
1.54798
1.58272
1.61439
1.64607
1.67775
1.70942
1.73744
1.76547
1.79349
1.82151
1.84540
1.86929
1.89319
1.91708
1.94095
1.96481
1.98867
2.01254
2.03223
2.05192
2.07161
2.09129
2.11329
2.13528
2.15728
2.17927
2.19782
2.21637
2.23491
2.25346
2.27535
2.29724
2.31913
2.34102
2.35871
2.37640
2.39408
2.41177
2.43239
2.45302
2.47364
2.49427
2.51166
2.52906
2.54646
2.56386
2.58275
2.60165
2.62054
2.63944
2.65736
2.67529
2.69322
2.71114
-0.46960
-0.46960
-0.46960
-0.46960
-0.46960
-0.46960
-0.46960
-0.46960
-0.46960
-0.46960
-0.46960
-0.46960
-0.46960
-0.46960
-0.46960
-0.46960
-0.46960
-0.46960
-0.46960
-0.46960
-0.46960
-0.46960
-0.46960
-0.46960
-0.46960
-0.46960
-0.46960
-0.46960
-0.46960
-0.46960
-0.46960
-0.46960
-0.46960
-0.46960
-0.46960
-0.46960
-0.46960
-0.46960
-0.46960
-0.46960
-0.46960
-0.46960
-0.46960
-0.46960
-0.46960
-0.46960
-0.46960
-0.46960
-0.46960
-0.46960
-0.46960
-0.46960
-0.46960
-0.46960
-0.46960
-0.46960
-0.46960
-0.46960
-0.46960
-0.46960
-0.46960
-0.46960
-0.46960
-0.46960
-0.46960
-0.46960
-0.46960
-0.46960
-0.46960
-0.46960
-0.46960
-0.46960
-0.46960
-0.46960
-0.46960
-0.46960
-0.46960
-0.46960
-0.46960
-0.46960
-0.46960
-0.46960
-0.46960
-0.46960
-0.46960
-0.46960
-0.46960
-0.46960
-0.46960
-0.46960
-0.46960
-0.46960
-0.46960
-0.46960
-0.46960
-0.46960
-0.46960
-0.46960
-0.46960
-0.46960
-0.46960
-0.46960
-0.46960
-0.46960
-0.46960
-0.46960
-0.46960
-0.46960
-0.46960
-0.46960
-0.46960
-0.46960
-0.46960
-0.46960
-0.46960
-0.46960
-0.46960
-0.46960
-0.46960
-0.46960
-0.46960
-0.46960
-0.46960
-0.46960
-0.46960
-0.46960
-0.46960
-0.46960
-0.46960
-0.46960
-0.46960
-0.46960
-0.46960
-0.46960
-0.46960
-0.46960
-0.46960
-0.46960
-0.46960
-0.46960
-0.46960
-0.46960
-0.46960
-0.46960
-0.46960
-0.46960
-0.46960
-0.46960
-0.46960
-0.46960
-0.46960
-0.46960
-0.46960
-0.46960
-0.46960
-0.46960
-0.46960
-0.46960
-0.46960
-0.46960
-0.46960
-0.46960
-0.46960
-0.46960
-0.46960
-0.46957
-0.46954
-0.46951
-0.46949
-0.46944
-0.46940
-0.46936
-0.46931
-0.46928
-0.46924
-0.46920
-0.46916
-0.46912
-0.46908
-0.46904
-0.46900
-0.46898
-0.46895
-0.46892
-0.46890
-0.46885
-0.46880
-0.46876
-0.46871
-0.46869
-0.46866
-0.46864
-0.46861
-0.46855
-0.46850
-0.46844
-0.46839
-0.46835
-0.46832
-0.46829
-0.46826
-0.46820
-0.46814
-0.46809
-0.46803
-0.46800
-0.46796
-0.46792
-0.46788
-0.46785
-0.46782
-0.46778
-0.46775
-0.46771
-0.46768
-0.46765
-0.46761
-0.46759
-0.46757
-0.46755
-0.46753
-0.46749
-0.46744
-0.46740
-0.46736
-0.46733
-0.46730
-0.46728
-0.46725
-0.46719
-0.46713
-0.46706
-0.46700
-0.46695
-0.46690
-0.46686
-0.46681
-0.46672
-0.46662
-0.46653
-0.46644
-0.46637
-0.46630
-0.46624
-0.46617
-0.46604
-0.46592
-0.46580
-0.46568
-0.46556
-0.46544
-0.46532
-0.46521
-0.46504
-0.46486
-0.46469
-0.46452
-0.46431
-0.46410
-0.46389
-0.46368
-0.46341
-0.46315
-0.46288
-0.46262
-0.46227
-0.46191
-0.46156
-0.46121
-0.46079
-0.46037
-0.45995
-0.45953
-0.45895
-0.45838
-0.45780
-0.45723
-0.45652
-0.45582
-0.45511
-0.45441
-0.45340
-0.45240
-0.45140
-0.45040
-0.44918
-0.44797
-0.44675
-0.44553
-0.44391
-0.44229
-0.44066
-0.43904
-0.43708
-0.43513
-0.43317
-0.43121
-0.42853
-0.42585
-0.42317
-0.42050
-0.41719
-0.41388
-0.41058
-0.40727
-0.40271
-0.39814
-0.39358
-0.38901
-0.38317
-0.37732
-0.37147
-0.36562
-0.35754
-0.34946
-0.34137
-0.33329
-0.32272
-0.31214
-0.30157
-0.29100
-0.27685
-0.26270
-0.24855
-0.23440
-0.21538
-0.19637
-0.17735
-0.15833
-0.13447
-0.11060
-0.08674
-0.06287
-0.03110
0.00067
0.03244
0.06422
0.10021
0.13620
0.17219
0.20818
0.25348
0.29878
0.34407
0.38937
0.43534
0.48131
0.52727
0.57324
0.62428
0.67533
0.72637
0.77742
0.82708
0.87674
0.92641
0.97607
1.02211
1.06816
1.11421
1.16026
1.20427
1.24829
1.29231
1.33633
1.37472
1.41310
1.45148
1.48987
1.52307
1.55628
1.58948
1.62269
1.65416
1.68563
1.71710
1.74857
1.77307
1.79757
1.82208
1.84658
1.87219
1.89781
1.92342
1.94904
1.96960
1.99016
2.01072
2.03127
2.05379
2.07630
2.09881
2.12132
2.14081
2.16030
2.17979
2.19928
2.22085
2.24242
2.26400
2.28557
2.30433
2.32310
2.34186
2.36063
2.38047
2.40031
2.42016
2.44000
2.45824
2.47647
2.49471
2.51294
2.53085
2.54876
2.56667
2.58458
2.60284
2.62110
2.63935
2.65761
-0.47060
-0.47060
-0.47060
-0.47060
-0.47060
-0.47060
-0.47060
-0.47060
-0.47060
-0.47060
-0.47060
-0.47060
-0.47060
-0.47060
-0.47060
-0.47060
-0.47060
-0.47060
-0.47060
-0.47060
-0.47060
-0.47060
-0.47060
-0.47060
-0.47060
-0.47060
-0.47060
-0.47060
-0.47060
-0.47060
-0.47060
-0.47060
-0.47060
-0.47060
-0.47060
-0.47060
-0.47060
-0.47060
-0.47060
-0.47060
-0.47060
-0.47060
-0.47060
-0.47060
-0.47060
-0.47060
-0.47060
-0.47060
-0.47060
-0.47060
-0.47060
-0.47060
-0.47060
-0.47060
-0.47060
-0.47060
-0.47060
-0.47060
-0.47060
-0.47060
-0.47060
-0.47060
-0.47060
-0.47060
-0.47060
-0.47060
-0.47060
-0.47060
-0.47060
-0.47060
-0.47060
-0.47060
-0.47060
-0.47060
-0.47060
-0.47060
-0.47060
-0.47060
-0.47060
-0.47060
-0.47060
-0.47060
-0.47060
-0.47060
-0.47060
-0.47060
-0.47060
-0.47060
-0.47060
-0.47060
-0.47060
-0.47060
-0.47060
-0.47060
-0.47060
-0.47060
-0.47060
-0.47060
-0.47060
-0.47060
-0.47060
-0.47060
-0.47060
-0.47060
-0.47060
-0.47060
-0.47060
-0.47060
-0.47060
-0.47060
-0.47060
-0.47060
-0.47060
-0.47060
-0.47060
-0.47060
-0.47060
-0.47060
-0.47060
-0.47060
-0.47060
-0.47060
-0.47060
-0.47060
-0.47060
-0.47060
-0.47060
-0.47060
-0.47060
-0.47060
-0.47060
-0.47060
-0.47060
-0.47060
-0.47060
-0.47060
-0.47060
-0.47060
-0.47060
-0.47060
-0.47060
-0.47060
-0.47060
-0.47060
-0.47060
-0.47060
-0.47060
-0.47060
-0.47060
-0.47060
-0.47060
-0.47060
-0.47060
-0.47060
-0.47060
-0.47060
-0.47060
-0.47060
-0.47060
-0.47060
-0.47060
-0.47060
-0.47060
-0.47060
-0.47060
-0.47059
-0.47058
-0.47057
-0.47056
-0.47053
-0.47049
-0.47046
-0.47042
-0.47039
-0.47035
-0.47032
-0.47029
-0.47025
-0.47021
-0.47017
-0.47013
-0.47010
-0.47007
-0.47003
-0.47000
-0.46995
-0.46991
-0.46986
-0.46982
-0.46978
-0.46974
-0.46971
-0.46967
-0.46962
-0.46956
-0.46951
-0.46945
-0.46940
-0.46935
-0.46931
-0.46926
-0.46920
-0.46913
-0.46907
-0.46901
-0.46895
-0.46889
-0.46883
-0.46878
-0.46872
-0.46867
-0.46862
-0.46856
-0.46851
-0.46845
-0.46840
-0.46834
-0.46830
-0.46827
-0.46823
-0.46820
-0.46814
-0.46808
-0.46802
-0.46796
-0.46791
-0.46787
-0.46783
-0.46779
-0.46771
-0.46763
-0.46755
-0.46747
-0.46740
-0.46733
-0.46726
-0.46719
-0.46708
-0.46698
-0.46688
-0.46677
-0.46667
-0.46657
-0.46647
-0.46638
-0.46625
-0.46613
-0.46601
-0.46588
-0.46574
-0.46560
-0.46546
-0.46532
-0.46516
-0.46501
-0.46485
-0.46469
-0.46449
-0.46428
-0.46408
-0.46387
-0.46364
-0.46341
-0.46319
-0.46296
-0.46264
-0.46232
-0.46201
-0.46169
-0.46133
-0.46097
-0.46061
-0.46025
-0.45974
-0.45923
-0.45872
-0.45821
-0.45760
-0.45699
-0.45638
-0.45577
-0.45490
-0.45403
-0.45316
-0.45229
-0.45123
-0.45018
-0.44912
-0.44806
-0.44668
-0.44529
-0.44390
-0.44252
-0.44081
-0.43911
-0.43741
-0.43571
-0.43344
-0.43118
-0.42892
-0.42665
-0.42376
-0.42086
-0.41797
-0.41507
-0.41120
-0.40733
-0.40346
-0.39959
-0.39447
-0.38935
-0.38423
-0.37912
-0.37241
-0.36570
-0.35899
-0.35228
-0.34321
-0.33414
-0.32507
-0.31600
-0.30451
-0.29301
-0.28152
-0.27002
-0.25367
-0.23732
-0.22097
-0.20462
-0.18478
-0.16494
-0.14510
-0.12526
-0.09739
-0.06953
-0.04167
-0.01380
0.01806
0.04992
0.08178
0.11364
0.15499
0.19634
0.23770
0.27905
0.32310
0.36715
0.41119
0.45524
0.50468
0.55412
0.60357
0.65301
0.70311
0.75321
0.80332
0.85342
0.90139
0.94937
0.99734
1.04532
1.09122
1.13711
1.18301
1.22891
1.27094
1.31296
1.35499
1.39701
1.43175
1.46648
1.50121
1.53595
1.57087
1.60579
1.64071
1.67564
1.70075
1.72585
1.75096
1.77607
1.80344
1.83081
1.85817
1.88554
1.90697
1.92840
1.94983
1.97126
1.99429
2.01732
2.04035
2.06338
2.08381
2.10424
2.12466
2.14509
2.16635
2.18761
2.20886
2.23012
2.24996
2.26980
2.28964
2.30948
2.32855
2.34761
2.36667
2.38573
2.40481
2.42388
2.44295
2.46202
2.47895
2.49588
2.51280
2.52973
2.54832
2.56691
2.58549
2.60408
-0.47114
-0.47114
-0.47114
-0.47114
-0.47114
-0.47114
-0.47114
-0.47114
-0.47114
-0.47114
-0.47114
-0.47114
-0.47114
-0.47114
-0.47114
-0.47114
-0.47114
-0.47114
-0.47114
-0.47114
-0.47114
-0.47114
-0.47114
-0.47114
-0.47114
-0.47114
-0.47114
-0.47114
-0.47114
-0.47114
-0.47114
-0.47114
-0.47114
-0.47114
-0.47114
-0.47114
-0.47114
-0.47114
-0.47114
-0.47114
-0.47114
-0.47114
-0.47114
-0.47114
-0.47114
-0.47114
-0.47114
-0.47114
-0.47114
-0.47114
-0.47114
-0.47114
-0.47114
-0.47114
-0.47114
-0.47114
-0.47114
-0.47114
-0.47114
-0.47114
-0.47114
-0.47114
-0.47114
-0.47114
-0.47114
-0.47114
-0.47114
-0.47114
-0.47114
-0.47114
-0.47114
-0.47114
-0.47114
-0.47114
-0.47114
-0.47114
-0.47114
-0.47114
-0.47114
-0.47114
-0.47114
-0.47114
-0.47114
-0.47114
-0.47114
-0.47114
-0.47114
-0.47114
-0.47114
-0.47114
-0.47114
-0.47114
-0.47114
-0.47114
-0.47114
-0.47114
-0.47114
-0.47114
-0.47114
-0.47114
-0.47114
-0.47114
-0.47114
-0.47114
-0.47114
-0.47114
-0.47114
-0.47114
-0.47114
-0.47114
-0.47114
-0.47114
-0.47114
-0.47114
-0.47114
-0.47114
-0.47114
-0.47114
-0.47114
-0.47114
-0.47114
-0.47114
-0.47114
-0.47114
-0.47114
-0.47114
-0.47114
-0.47114
-0.47114
-0.47114
-0.47114
-0.47114
-0.47114
-0.47114
-0.47114
-0.47114
-0.47114
-0.47114
-0.47114
-0.47114
-0.47114
-0.47114
-0.47114
-0.47114
-0.47114
-0.47114
-0.47114
-0.47114
-0.47114
-0.47114
-0.47114
-0.47114
-0.47114
-0.47114
-0.47114
-0.47114
-0.47114
-0.47114
-0.47114
-0.47114
-0.47114
-0.47114
-0.47114
-0.47114
-0.47114
-0.47114
-0.47113
-0.47113
-0.47113
-0.47110
-0.47108
-0.47105
-0.47103
-0.47100
-0.47098
-0.47095
-0.47093
-0.47089
-0.47086
-0.47083
-0.47080
-0.47077
-0.47074
-0.47071
-0.47068
-0.47064
-0.47060
-0.47056
-0.47052
-0.47048
-0.47044
-0.47041
-0.47037
-0.47032
-0.47027
-0.47023
-0.47018
-0.47013
-0.47008
-0.47003
-0.46998
-0.46992
-0.46986
-0.46980
-0.46975
-0.46968
-0.46961
-0.46954
-0.46948
-0.46941
-0.46935
-0.46929
-0.46923
-0.46915
-0.46908
-0.46901
-0.46894
-0.46888
-0.46883
-0.46877
-0.46872
-0.46864
-0.46856
-0.46848
-0.46840
-0.46833
-0.46827
-0.46820
-0.46814
-0.46804
-0.46794
-0.46784
-0.46774
-0.46765
-0.46755
-0.46746
-0.46736
-0.46724
-0.46713
-0.46701
-0.46689
-0.46677
-0.46664
-0.46652
-0.46640
-0.46627
-0.46613
-0.46600
-0.46587
-0.46571
-0.46555
-0.46539
-0.46522
-0.46507
-0.46491
-0.46475
-0.46459
-0.46438
-0.46417
-0.46395
-0.46374
-0.46352
-0.46330
-0.46308
-0.46286
-0.46257
-0.46227
-0.46197
-0.46167
-0.46134
-0.46102
-0.46069
-0.46036
-0.45990
-0.45945
-0.45900
-0.45855
-0.45800
-0.45746
-0.45692
-0.45638
-0.45563
-0.45488
-0.45413
-0.45338
-0.45245
-0.45152
-0.45059
-0.44967
-0.44847
-0.44727
-0.44607
-0.44488
-0.44337
-0.44187
-0.44037
-0.43887
-0.43692
-0.43496
-0.43301
-0.43106
-0.42848
-0.42591
-0.42334
-0.42077
-0.41742
-0.41407
-0.41073
-0.40738
-0.40288
-0.39837
-0.39386
-0.38936
-0.38362
-0.37789
-0.37216
-0.36643
-0.35855
-0.35067
-0.34279
-0.33491
-0.32514
-0.31536
-0.30559
-0.29582
-0.28172
-0.26763
-0.25353
-0.23944
-0.22237
-0.20531
-0.18825
-0.17119
-0.14702
-0.12285
-0.09868
-0.07451
-0.04610
-0.01769
0.01072
0.03912
0.07599
0.11286
0.14973
0.18660
0.22809
0.26957
0.31106
0.35254
0.39887
0.44520
0.49153
0.53786
0.58756
0.63727
0.68697
0.73667
0.78492
0.83316
0.88141
0.92965
0.97700
1.02434
1.07168
1.11903
1.16343
1.20783
1.25223
1.29663
1.33357
1.37051
1.40745
1.44439
1.48153
1.51867
1.55581
1.59296
1.62042
1.64788
1.67534
1.70280
1.73140
1.76000
1.78860
1.81720
1.84063
1.86406
1.88749
1.91092
1.93429
1.95766
1.98102
2.00439
2.02632
2.04826
2.07019
2.09212
2.11313
2.13414
2.15514
2.17615
2.19736
2.21857
2.23978
2.26099
2.27938
2.29776
2.31615
2.33453
2.35427
2.37400
2.39374
2.41348
2.42977
2.44607
2.46236
2.47866
2.49709
2.51553
2.53397
2.55240
-0.47138
-0.47138
-0.47138
-0.47138
-0.47138
-0.47138
-0.47138
-0.47138
-0.47138
-0.47138
-0.47138
-0.47138
-0.47138
-0.47138
-0.47138
-0.47138
-0.47138
-0.47138
-0.47138
-0.47138
-0.47138
-0.47138
-0.47138
-0.47138
-0.47138
-0.47138
-0.47138
-0.47138
-0.47138
-0.47138
-0.47138
-0.47138
-0.47138
-0.47138
-0.47138
-0.47138
-0.47138
-0.47138
-0.47138
-0.47138
-0.47138
-0.47138
-0.47138
-0.47138
-0.47138
-0.47138
-0.47138
-0.47138
-0.47138
-0.47138
-0.47138
-0.47138
-0.47138
-0.47138
-0.47138
-0.47138
-0.47138
-0.47138
-0.47138
-0.47138
-0.47138
-0.47138
-0.47138
-0.47138
-0.47138
-0.47138
-0.47138
-0.47138
-0.47138
-0.47138
-0.47138
-0.47138
-0.47138
-0.47138
-0.47138
-0.47138
-0.47138
-0.47138
-0.47138
-0.47138
-0.47138
-0.47138
-0.47138
-0.47138
-0.47138
-0.47138
-0.47138
-0.47138
-0.47138
-0.47138
-0.47138
-0.47138
-0.47138
-0.47138
-0.47138
-0.47138
-0.47138
-0.47138
-0.47138
-0.47138
-0.47138
-0.47138
-0.47138
-0.47138
-0.47138
-0.47138
-0.47138
-0.47138
-0.47138
-0.47138
-0.47138
-0.47138
-0.47138
-0.47138
-0.47138
-0.47138
-0.47138
-0.47138
-0.47138
-0.47138
-0.47138
-0.47138
-0.47138
-0.47138
-0.47138
-0.47138
-0.47138
-0.47138
-0.47138
-0.47138
-0.47138
-0.47138
-0.47138
-0.47138
-0.47138
-0.47138
-0.47138
-0.47138
-0.47138
-0.47138
-0.47138
-0.47138
-0.47138
-0.47138
-0.47138
-0.47138
-0.47138
-0.47138
-0.47138
-0.47138
-0.47138
-0.47138
-0.47138
-0.47138
-0.47138
-0.47138
-0.47138
-0.47138
-0.47138
-0.47138
-0.47138
-0.47138
-0.47138
-0.47138
-0.47138
-0.47138
-0.47138
-0.47137
-0.47137
-0.47136
-0.47134
-0.47133
-0.47132
-0.47130
-0.47129
-0.47127
-0.47126
-0.47124
-0.47121
-0.47119
-0.47117
-0.47115
-0.47112
-0.47110
-0.47108
-0.47105
-0.47102
-0.47099
-0.47096
-0.47093
-0.47090
-0.47087
-0.47084
-0.47080
-0.47077
-0.47073
-0.47069
-0.47065
-0.47061
-0.47056
-0.47052
-0.47047
-0.47042
-0.47037
-0.47033
-0.47026
-0.47019
-0.47012
-0.47006
-0.46999
-0.46993
-0.46986
-0.46979
-0.46971
-0.46962
-0.46954
-0.46945
-0.46937
-0.46930
-0.46922
-0.46915
-0.46905
-0.46894
-0.46884
-0.46874
-0.46864
-0.46855
-0.46846
-0.46836
-0.46824
-0.46812
-0.46800
-0.46788
-0.46776
-0.46764
-0.46753
-0.46741
-0.46727
-0.46714
-0.46701
-0.46688
-0.46673
-0.46659
-0.46644
-0.46630
-0.46615
-0.46601
-0.46587
-0.46572
-0.46554
-0.46536
-0.46518
-0.46500
-0.46483
-0.46466
-0.46449
-0.46432
-0.46409
-0.46386
-0.46363
-0.46340
-0.46318
-0.46295
-0.46272
-0.46249
-0.46220
-0.46192
-0.46163
-0.46134
-0.46102
-0.46070
-0.46038
-0.46007
-0.45967
-0.45927
-0.45887
-0.45847
-0.45797
-0.45748
-0.45699
-0.45650
-0.45587
-0.45523
-0.45460
-0.45396
-0.45314
-0.45232
-0.45150
-0.45067
-0.44964
-0.44860
-0.44756
-0.44653
-0.44519
-0.44385
-0.44252
-0.44118
-0.43947
-0.43776
-0.43605
-0.43434
-0.43204
-0.42973
-0.42742
-0.42512
-0.42219
-0.41926
-0.41634
-0.41341
-0.40944
-0.40547
-0.40150
-0.39753
-0.39252
-0.38751
-0.38250
-0.37749
-0.37060
-0.36371
-0.35683
-0.34994
-0.34130
-0.33265
-0.32400
-0.31536
-0.30326
-0.29116
-0.27905
-0.26695
-0.25187
-0.23680
-0.22172
-0.20664
-0.18603
-0.16542
-0.14480
-0.12419
-0.09880
-0.07341
-0.04802
-0.02263
0.00941
0.04145
0.07350
0.10554
0.14405
0.18256
0.22107
0.25958
0.30184
0.34409
0.38635
0.42860
0.47737
0.52614
0.57491
0.62368
0.67114
0.71860
0.76606
0.81352
0.86204
0.91055
0.95906
1.00758
1.05354
1.09951
1.14548
1.19145
1.23102
1.27060
1.31018
1.34975
1.38833
1.42691
1.46549
1.50407
1.53499
1.56591
1.59683
1.62776
1.65726
1.68677
1.71628
1.74579
1.77194
1.79809
1.82424
1.85040
1.87398
1.89756
1.92114
1.94473
1.96853
1.99233
2.01613
2.03993
2.06073
2.08153
2.10232
2.12312
2.14589
2.16865
2.19142
2.21418
2.23196
2.24973
2.26750
2.28528
2.30557
2.32586
2.34616
2.36645
2.38234
2.39822
2.41411
2.42999
2.44797
2.46595
2.48393
2.50191
-0.47156
-0.47156
-0.47156
-0.47156
-0.47156
-0.47156
-0.47156
-0.47156
-0.47156
-0.47156
-0.47156
-0.47156
-0.47156
-0.47156
-0.47156
-0.47156
-0.47156
-0.47156
-0.47156
-0.47156
-0.47156
-0.47156
-0.47156
-0.47156
-0.47156
-0.47156
-0.47156
-0.47156
-0.47156
-0.47156
-0.47156
-0.47156
-0.47156
-0.47156
-0.47156
-0.47156
-0.47156
-0.47156
-0.47156
-0.47156
-0.47156
-0.47156
-0.47156
-0.47156
-0.47156
-0.47156
-0.47156
-0.47156
-0.47156
-0.47156
-0.47156
-0.47156
-0.47156
-0.47156
-0.47156
-0.47156
-0.47156
-0.47156
-0.47156
-0.47156
-0.47156
-0.47156
-0.47156
-0.47156
-0.47156
-0.47156
-0.47156
-0.47156
-0.47156
-0.47156
-0.47156
-0.47156
-0.47156
-0.47156
-0.47156
-0.47156
-0.47156
-0.47156
-0.47156
-0.47156
-0.47156
-0.47156
-0.47156
-0.47156
-0.47156
-0.47156
-0.47156
-0.47156
-0.47156
-0.47156
-0.47156
-0.47156
-0.47156
-0.47156
-0.47156
-0.47156
-0.47156
-0.47156
-0.47156
-0.47156
-0.47156
-0.47156
-0.47156
-0.47156
-0.47156
-0.47156
-0.47156
-0.47156
-0.47156
-0.47156
-0.47156
-0.47156
-0.47156
-0.47156
-0.47156
-0.47156
-0.47156
-0.47156
-0.47156
-0.47156
-0.47156
-0.47156
-0.47156
-0.47156
-0.47156
-0.47156
-0.47156
-0.47156
-0.47156
-0.47156
-0.47156
-0.47156
-0.47156
-0.47156
-0.47156
-0.47156
-0.47156
-0.47156
-0.47156
-0.47156
-0.47156
-0.47156
-0.47156
-0.47156
-0.47156
-0.47156
-0.47156
-0.47156
-0.47156
-0.47156
-0.47156
-0.47156
-0.47156
-0.47156
-0.47156
-0.47156
-0.47156
-0.47156
-0.47156
-0.47156
-0.47156
-0.47156
-0.47156
-0.47156
-0.47156
-0.47156
-0.47156
-0.47156
-0.47156
-0.47155
-0.47155
-0.47154
-0.47154
-0.47153
-0.47153
-0.47152
-0.47151
-0.47150
-0.47149
-0.47147
-0.47146
-0.47144
-0.47143
-0.47142
-0.47140
-0.47138
-0.47136
-0.47134
-0.47132
-0.47130
-0.47128
-0.47125
-0.47123
-0.47120
-0.47118
-0.47115
-0.47112
-0.47109
-0.47105
-0.47102
-0.47098
-0.47094
-0.47090
-0.47086
-0.47082
-0.47076
-0.47070
-0.47064
-0.47057
-0.47051
-0.47045
-0.47038
-0.47032
-0.47023
-0.47014
-0.47005
-0.46996
-0.46988
-0.46979
-0.46971
-0.46962
-0.46951
-0.46940
-0.46929
-0.46918
-0.46906
-0.46895
-0.46884
-0.46873
-0.46860
-0.46847
-0.46834
-0.46821
-0.46807
-0.46793
-0.46779
-0.46765
-0.46750
-0.46736
-0.46722
-0.46707
-0.46690
-0.46674
-0.46657
-0.46640
-0.46624
-0.46608
-0.46592
-0.46576
-0.46555
-0.46535
-0.46514
-0.46493
-0.46474
-0.46455
-0.46436
-0.46417
-0.46392
-0.46367
-0.46341
-0.46316
-0.46291
-0.46267
-0.46242
-0.46217
-0.46188
-0.46158
-0.46128
-0.46099
-0.46066
-0.46034
-0.46001
-0.45969
-0.45931
-0.45894
-0.45857
-0.45820
-0.45773
-0.45727
-0.45680
-0.45634
-0.45578
-0.45523
-0.45468
-0.45413
-0.45339
-0.45265
-0.45191
-0.45117
-0.45026
-0.44936
-0.44846
-0.44755
-0.44636
-0.44518
-0.44399
-0.44280
-0.44131
-0.43982
-0.43833
-0.43684
-0.43480
-0.43276
-0.43073
-0.42869
-0.42615
-0.42361
-0.42106
-0.41852
-0.41506
-0.41160
-0.40814
-0.40467
-0.40031
-0.39596
-0.39160
-0.38724
-0.38127
-0.37531
-0.36934
-0.36337
-0.35577
-0.34816
-0.34056
-0.33295
-0.32265
-0.31235
-0.30205
-0.29174
-0.27848
-0.26522
-0.25196
-0.23870
-0.22128
-0.20386
-0.18644
-0.16901
-0.14642
-0.12383
-0.10124
-0.07865
-0.05097
-0.02329
0.00439
0.03207
0.06750
0.10293
0.13836
0.17379
0.21229
0.25080
0.28930
0.32781
0.37490
0.42199
0.46908
0.51618
0.56262
0.60906
0.65550
0.70194
0.75093
0.79992
0.84891
0.89790
0.94503
0.99215
1.03928
1.08641
1.12839
1.17038
1.21236
1.25435
1.29430
1.33426
1.37422
1.41417
1.44853
1.48289
1.51725
1.55161
1.58208
1.61255
1.64302
1.67349
1.70249
1.73148
1.76048
1.78948
1.81336
1.83725
1.86114
1.88503
1.91056
1.93609
1.96163
1.98716
2.00804
2.02891
2.04979
2.07067
2.09451
2.11836
2.14220
2.16605
2.18376
2.20147
2.21918
2.23689
2.25742
2.27795
2.29847
2.31900
2.33488
2.35075
2.36662
2.38250
2.39988
2.41727
2.43466
2.45204
-0.47161
-0.47161
-0.47161
-0.47161
-0.47161
-0.47161
-0.47161
-0.47161
-0.47161
-0.47161
-0.47161
-0.47161
-0.47161
-0.47161
-0.47161
-0.47161
-0.47161
-0.47161
-0.47161
-0.47161
-0.47161
-0.47161
-0.47161
-0.47161
-0.47161
-0.47161
-0.47161
-0.47161
-0.47161
-0.47161
-0.47161
-0.47161
-0.47161
-0.47161
-0.47161
-0.47161
-0.47161
-0.47161
-0.47161
-0.47161
-0.47161
-0.47161
-0.47161
-0.47161
-0.47161
-0.47161
-0.47161
-0.47161
-0.47161
-0.47161
-0.47161
-0.47161
-0.47161
-0.47161
-0.47161
-0.47161
-0.47161
-0.47161
-0.47161
-0.47161
-0.47161
-0.47161
-0.47161
-0.47161
-0.47161
-0.47161
-0.47161
-0.47161
-0.47161
-0.47161
-0.47161
-0.47161
-0.47161
-0.47161
-0.47161
-0.47161
-0.47161
-0.47161
-0.47161
-0.47161
-0.47161
-0.47161
-0.47161
-0.47161
-0.47161
-0.47161
-0.47161
-0.47161
-0.47161
-0.47161
-0.47161
-0.47161
-0.47161
-0.47161
-0.47161
-0.47161
-0.47161
-0.47161
-0.47161
-0.47161
-0.47161
-0.47161
-0.47161
-0.47161
-0.47161
-0.47161
-0.47161
-0.47161
-0.47161
-0.47161
-0.47161
-0.47161
-0.47161
-0.47161
-0.47161
-0.47161
-0.47161
-0.47161
-0.47161
-0.47161
-0.47161
-0.47161
-0.47161
-0.47161
-0.47161
-0.47161
-0.47161
-0.47161
-0.47161
-0.47161
-0.47161
-0.47161
-0.47161
-0.47161
-0.47161
-0.47161
-0.47161
-0.47161
-0.47161
-0.47161
-0.47161
-0.47161
-0.47161
-0.47161
-0.47161
-0.47161
-0.47161
-0.47161
-0.47161
-0.47161
-0.47161
-0.47161
-0.47161
-0.47161
-0.47161
-0.47161
-0.47161
-0.47161
-0.47161
-0.47161
-0.47161
-0.47161
-0.47161
-0.47161
-0.47161
-0.47161
-0.47161
-0.47161
-0.47161
-0.47161
-0.47160
-0.47160
-0.47159
-0.47159
-0.47159
-0.47159
-0.47158
-0.47158
-0.47157
-0.47156
-0.47155
-0.47154
-0.47154
-0.47153
-0.47152
-0.47151
-0.47150
-0.47149
-0.47148
-0.47146
-0.47145
-0.47143
-0.47142
-0.47140
-0.47138
-0.47137
-0.47135
-0.47132
-0.47130
-0.47127
-0.47124
-0.47121
-0.47118
-0.47116
-0.47113
-0.47108
-0.47103
-0.47098
-0.47094
-0.47089
-0.47084
-0.47080
-0.47075
-0.47068
-0.47061
-0.47054
-0.47048
-0.47041
-0.47034
-0.47027
-0.47020
-0.47011
-0.47002
-0.46993
-0.46985
-0.46974
-0.46964
-0.46953
-0.46943
-0.46931
-0.46919
-0.46908
-0.46896
-0.46881
-0.46867
-0.46852
-0.46837
-0.46823
-0.46808
-0.46793
-0.46779
-0.46759
-0.46739
-0.46720
-0.46700
-0.46681
-0.46663
-0.46644
-0.46625
-0.46601
-0.46576
-0.46552
-0.46527
-0.46504
-0.46480
-0.46457
-0.46433
-0.46404
-0.46374
-0.46345
-0.46316
-0.46286
-0.46256
-0.46227
-0.46197
-0.46163
-0.46129
-0.46094
-0.46060
-0.46022
-0.45985
-0.45947
-0.45909
-0.45869
-0.45828
-0.45787
-0.45746
-0.45697
-0.45647
-0.45597
-0.45547
-0.45492
-0.45438
-0.45383
-0.45328
-0.45256
-0.45184
-0.45113
-0.45041
-0.44957
-0.44873
-0.44789
-0.44705
-0.44598
-0.44490
-0.44383
-0.44275
-0.44142
-0.44008
-0.43875
-0.43742
-0.43565
-0.43389
-0.43213
-0.43037
-0.42812
-0.42588
-0.42364
-0.42140
-0.41838
-0.41537
-0.41235
-0.40934
-0.40546
-0.40157
-0.39769
-0.39380
-0.38858
-0.38336
-0.37814
-0.37292
-0.36614
-0.35937
-0.35259
-0.34581
-0.33684
-0.32786
-0.31889
-0.30991
-0.29807
-0.28622
-0.27438
-0.26253
-0.24740
-0.23226
-0.21713
-0.20199
-0.18167
-0.16135
-0.14103
-0.12071
-0.09626
-0.07181
-0.04737
-0.02292
0.00917
0.04125
0.07333
0.10541
0.14096
0.17650
0.21204
0.24759
0.29119
0.33480
0.37841
0.42202
0.46686
0.51171
0.55656
0.60141
0.64919
0.69697
0.74475
0.79253
0.83983
0.88713
0.93443
0.98173
1.02557
1.06940
1.11323
1.15707
1.19825
1.23944
1.28063
1.32181
1.35955
1.39730
1.43504
1.47278
1.50435
1.53592
1.56749
1.59906
1.63119
1.66333
1.69547
1.72760
1.75201
1.77641
1.80082
1.82522
1.85216
1.87910
1.90604
1.93298
1.95463
1.97629
1.99795
2.01961
2.04337
2.06714
2.09091
2.11468
2.13367
2.15265
2.17164
2.19062
2.21060
2.23057
2.25055
2.27052
2.28736
2.30419
2.32103
2.33786
2.35432
2.37078
2.38725
2.40371
-0.47166
-0.47166
-0.47166
-0.47166
-0.47166
-0.47166
-0.47166
-0.47166
-0.47166
-0.47166
-0.47166
-0.47166
-0.47166
-0.47166
-0.47166
-0.47166
-0.47166
-0.47166
-0.47166
-0.47166
-0.47166
-0.47166
-0.47166
-0.47166
-0.47166
-0.47166
-0.47166
-0.47166
-0.47166
-0.47166
-0.47166
-0.47166
-0.47166
-0.47166
-0.47166
-0.47166
-0.47166
-0.47166
-0.47166
-0.47166
-0.47166
-0.47166
-0.47166
-0.47166
-0.47166
-0.47166
-0.47166
-0.47166
-0.47166
-0.47166
-0.47166
-0.47166
-0.47166
-0.47166
-0.47166
-0.47166
-0.47166
-0.47166
-0.47166
-0.47166
-0.47166
-0.47166
-0.47166
-0.47166
-0.47166
-0.47166
-0.47166
-0.47166
-0.47166
-0.47166
-0.47166
-0.47166
-0.47166
-0.47166
-0.47166
-0.47166
-0.47166
-0.47166
-0.47166
-0.47166
-0.47166
-0.47166
-0.47166
-0.47166
-0.47166
-0.47166
-0.47166
-0.47166
-0.47166
-0.47166
-0.47166
-0.47166
-0.47166
-0.47166
-0.47166
-0.47166
-0.47166
-0.47166
-0.47166
-0.47166
-0.47166
-0.47166
-0.47166
-0.47166
-0.47166
-0.47166
-0.47166
-0.47166
-0.47166
-0.47166
-0.47166
-0.47166
-0.47166
-0.47166
-0.47166
-0.47166
-0.47166
-0.47166
-0.47166
-0.47166
-0.47166
-0.47166
-0.47166
-0.47166
-0.47166
-0.47166
-0.47166
-0.47166
-0.47166
-0.47166
-0.47166
-0.47166
-0.47166
-0.47166
-0.47166
-0.47166
-0.47166
-0.47166
-0.47166
-0.47166
-0.47166
-0.47166
-0.47166
-0.47166
-0.47166
-0.47166
-0.47166
-0.47166
-0.47166
-0.47166
-0.47166
-0.47166
-0.47166
-0.47166
-0.47166
-0.47166
-0.47166
-0.47166
-0.47166
-0.47166
-0.47166
-0.47166
-0.47166
-0.47166
-0.47166
-0.47166
-0.47166
-0.47166
-0.47166
-0.47166
-0.47166
-0.47165
-0.47165
-0.47165
-0.47165
-0.47165
-0.47165
-0.47165
-0.47164
-0.47164
-0.47164
-0.47163
-0.47163
-0.47163
-0.47163
-0.47162
-0.47162
-0.47162
-0.47161
-0.47160
-0.47160
-0.47159
-0.47158
-0.47157
-0.47156
-0.47155
-0.47154
-0.47153
-0.47151
-0.47149
-0.47147
-0.47145
-0.47143
-0.47141
-0.47139
-0.47136
-0.47133
-0.47130
-0.47127
-0.47123
-0.47120
-0.47117
-0.47114
-0.47109
-0.47104
-0.47100
-0.47095
-0.47090
-0.47084
-0.47079
-0.47074
-0.47067
-0.47060
-0.47054
-0.47047
-0.47038
-0.47029
-0.47019
-0.47010
-0.47000
-0.46990
-0.46980
-0.46970
-0.46956
-0.46942
-0.46927
-0.46913
-0.46899
-0.46885
-0.46870
-0.46856
-0.46835
-0.46814
-0.46793
-0.46772
-0.46752
-0.46731
-0.46711
-0.46691
-0.46664
-0.46637
-0.46610
-0.46583
-0.46556
-0.46529
-0.46501
-0.46474
-0.46441
-0.46409
-0.46376
-0.46343
-0.46308
-0.46274
-0.46239
-0.46204
-0.46166
-0.46128
-0.46089
-0.46051
-0.46007
-0.45963
-0.45919
-0.45875
-0.45830
-0.45786
-0.45741
-0.45697
-0.45642
-0.45587
-0.45532
-0.45477
-0.45421
-0.45365
-0.45309
-0.45253
-0.45181
-0.45109
-0.45037
-0.44965
-0.44885
-0.44805
-0.44724
-0.44644
-0.44545
-0.44445
-0.44345
-0.44245
-0.44124
-0.44003
-0.43882
-0.43761
-0.43608
-0.43455
-0.43302
-0.43149
-0.42951
-0.42753
-0.42556
-0.42358
-0.42098
-0.41838
-0.41578
-0.41317
-0.40975
-0.40633
-0.40291
-0.39949
-0.39499
-0.39049
-0.38600
-0.38150
-0.37554
-0.36958
-0.36362
-0.35766
-0.34994
-0.34222
-0.33450
-0.32678
-0.31631
-0.30585
-0.29539
-0.28493
-0.27188
-0.25883
-0.24578
-0.23272
-0.21464
-0.19656
-0.17848
-0.16040
-0.13889
-0.11737
-0.09585
-0.07433
-0.04554
-0.01674
0.01205
0.04085
0.07357
0.10630
0.13902
0.17175
0.21185
0.25194
0.29204
0.33214
0.37529
0.41844
0.46159
0.50475
0.55104
0.59733
0.64362
0.68991
0.73720
0.78449
0.83178
0.87906
0.92436
0.96965
1.01494
1.06023
1.10257
1.14491
1.18724
1.22958
1.27028
1.31097
1.35167
1.39236
1.42530
1.45824
1.49119
1.52413
1.55888
1.59363
1.62839
1.66314
1.68866
1.71417
1.73969
1.76520
1.79332
1.82143
1.84955
1.87767
1.90046
1.92326
1.94605
1.96885
1.99257
2.01629
2.04000
2.06372
2.08406
2.10439
2.12473
2.14506
2.16441
2.18376
2.20311
2.22246
2.24021
2.25796
2.27571
2.29346
2.30903
2.32459
2.34016
2.35573
-0.47171
-0.47171
-0.47171
-0.47171
-0.47171
-0.47171
-0.47171
-0.47171
-0.47171
-0.47171
-0.47171
-0.47171
-0.47171
-0.47171
-0.47171
-0.47171
-0.47171
-0.47171
-0.47171
-0.47171
-0.47171
-0.47171
-0.47171
-0.47171
-0.47171
-0.47171
-0.47171
-0.47171
-0.47171
-0.47171
-0.47171
-0.47171
-0.47171
-0.47171
-0.47171
-0.47171
-0.47171
-0.47171
-0.47171
-0.47171
-0.47171
-0.47171
-0.47171
-0.47171
-0.47171
-0.47171
-0.47171
-0.47171
-0.47171
-0.47171
-0.47171
-0.47171
-0.47171
-0.47171
-0.47171
-0.47171
-0.47171
-0.47171
-0.47171
-0.47171
-0.47171
-0.47171
-0.47171
-0.47171
-0.47171
-0.47171
-0.47171
-0.47171
-0.47171
-0.47171
-0.47171
-0.47171
-0.47171
-0.47171
-0.47171
-0.47171
-0.47171
-0.47171
-0.47171
-0.47171
-0.47171
-0.47171
-0.47171
-0.47171
-0.47171
-0.47171
-0.47171
-0.47171
-0.47171
-0.47171
-0.47171
-0.47171
-0.47171
-0.47171
-0.47171
-0.47171
-0.47171
-0.47171
-0.47171
-0.47171
-0.47171
-0.47171
-0.47171
-0.47171
-0.47171
-0.47171
-0.47171
-0.47171
-0.47171
-0.47171
-0.47171
-0.47171
-0.47171
-0.47171
-0.47171
-0.47171
-0.47171
-0.47171
-0.47171
-0.47171
-0.47171
-0.47171
-0.47171
-0.47171
-0.47171
-0.47171
-0.47171
-0.47171
-0.47171
-0.47171
-0.47171
-0.47171
-0.47171
-0.47171
-0.47171
-0.47171
-0.47171
-0.47171
-0.47171
-0.47171
-0.47171
-0.47171
-0.47171
-0.47171
-0.47171
-0.47171
-0.47171
-0.47171
-0.47171
-0.47171
-0.47171
-0.47171
-0.47171
-0.47171
-0.47171
-0.47171
-0.47171
-0.47171
-0.47171
-0.47171
-0.47171
-0.47171
-0.47171
-0.47171
-0.47171
-0.47171
-0.47171
-0.47171
-0.47171
-0.47171
-0.47171
-0.47171
-0.47171
-0.47171
-0.47171
-0.47171
-0.47171
-0.47170
-0.47170
-0.47170
-0.47169
-0.47169
-0.47169
-0.47169
-0.47169
-0.47169
-0.47168
-0.47168
-0.47168
-0.47167
-0.47167
-0.47166
-0.47166
-0.47165
-0.47164
-0.47164
-0.47163
-0.47163
-0.47162
-0.47161
-0.47160
-0.47159
-0.47158
-0.47157
-0.47155
-0.47154
-0.47152
-0.47150
-0.47148
-0.47146
-0.47144
-0.47142
-0.47140
-0.47138
-0.47135
-0.47132
-0.47129
-0.47126
-0.47122
-0.47119
-0.47115
-0.47111
-0.47106
-0.47102
-0.47097
-0.47091
-0.47084
-0.47077
-0.47070
-0.47063
-0.47056
-0.47049
-0.47041
-0.47030
-0.47020
-0.47009
-0.46998
-0.46987
-0.46975
-0.46964
-0.46952
-0.46935
-0.46918
-0.46900
-0.46883
-0.46864
-0.46845
-0.46825
-0.46806
-0.46781
-0.46756
-0.46731
-0.46706
-0.46677
-0.46649
-0.46620
-0.46591
-0.46558
-0.46525
-0.46491
-0.46458
-0.46418
-0.46377
-0.46337
-0.46296
-0.46255
-0.46214
-0.46173
-0.46132
-0.46078
-0.46025
-0.45972
-0.45918
-0.45868
-0.45818
-0.45768
-0.45718
-0.45653
-0.45588
-0.45524
-0.45459
-0.45396
-0.45333
-0.45270
-0.45207
-0.45128
-0.45048
-0.44969
-0.44890
-0.44805
-0.44720
-0.44635
-0.44550
-0.44447
-0.44345
-0.44243
-0.44141
-0.44022
-0.43903
-0.43784
-0.43665
-0.43521
-0.43377
-0.43233
-0.43088
-0.42907
-0.42726
-0.42544
-0.42363
-0.42133
-0.41904
-0.41674
-0.41445
-0.41146
-0.40847
-0.40548
-0.40249
-0.39864
-0.39480
-0.39095
-0.38710
-0.38192
-0.37674
-0.37156
-0.36638
-0.35969
-0.35300
-0.34630
-0.33961
-0.33044
-0.32126
-0.31208
-0.30291
-0.29131
-0.27972
-0.26812
-0.25653
-0.24060
-0.22468
-0.20876
-0.19284
-0.17331
-0.15379
-0.13426
-0.11474
-0.08905
-0.06337
-0.03768
-0.01200
0.01835
0.04870
0.07905
0.10939
0.14591
0.18242
0.21894
0.25545
0.29659
0.33773
0.37887
0.42001
0.46395
0.50788
0.55181
0.59575
0.64245
0.68916
0.73587
0.78258
0.82812
0.87366
0.91921
0.96475
1.00800
1.05126
1.09451
1.13776
1.18008
1.22240
1.26472
1.30704
1.34220
1.37736
1.41252
1.44768
1.48343
1.51919
1.55495
1.59071
1.61916
1.64761
1.67606
1.70451
1.73310
1.76170
1.79029
1.81888
1.84392
1.86896
1.89399
1.91903
1.94278
1.96652
1.99026
2.01401
2.03593
2.05785
2.07977
2.10169
2.12018
2.13868
2.15717
2.17567
2.19421
2.21274
2.23128
2.24981
2.26457
2.27932
2.29408
2.30883
-0.47178
-0.47178
-0.47178
-0.47178
-0.47178
-0.47178
-0.47178
-0.47178
-0.47178
-0.47178
-0.47178
-0.47178
-0.47178
-0.47178
-0.47178
-0.47178
-0.47178
-0.47178
-0.47178
-0.47178
-0.47178
-0.47178
-0.47178
-0.47178
-0.47178
-0.47178
-0.47178
-0.47178
-0.47178
-0.47178
-0.47178
-0.47178
-0.47178
-0.47178
-0.47178
-0.47178
-0.47178
-0.47178
-0.47178
-0.47178
-0.47178
-0.47178
-0.47178
-0.47178
-0.47178
-0.47178
-0.47178
-0.47178
-0.47178
-0.47178
-0.47178
-0.47178
-0.47178
-0.47178
-0.47178
-0.47178
-0.47178
-0.47178
-0.47178
-0.47178
-0.47178
-0.47178
-0.47178
-0.47178
-0.47178
-0.47178
-0.47178
-0.47178
-0.47178
-0.47178
-0.47178
-0.47178
-0.47178
-0.47178
-0.47178
-0.47178
-0.47178
-0.47178
-0.47178
-0.47178
-0.47178
-0.47178
-0.47178
-0.47178
-0.47178
-0.47178
-0.47178
-0.47178
-0.47178
-0.47178
-0.47178
-0.47178
-0.47178
-0.47178
-0.47178
-0.47178
-0.47178
-0.47178
-0.47178
-0.47178
-0.47178
-0.47178
-0.47178
-0.47178
-0.47178
-0.47178
-0.47178
-0.47178
-0.47178
-0.47178
-0.47178
-0.47178
-0.47178
-0.47178
-0.47178
-0.47178
-0.47178
-0.47178
-0.47178
-0.47178
-0.47178
-0.47178
-0.47178
-0.47178
-0.47178
-0.47178
-0.47178
-0.47178
-0.47178
-0.47178
-0.47178
-0.47178
-0.47178
-0.47178
-0.47178
-0.47178
-0.47178
-0.47178
-0.47178
-0.47178
-0.47178
-0.47178
-0.47178
-0.47178
-0.47178
-0.47178
-0.47178
-0.47178
-0.47178
-0.47178
-0.47178
-0.47178
-0.47178
-0.47178
-0.47178
-0.47178
-0.47178
-0.47178
-0.47178
-0.47178
-0.47178
-0.47178
-0.47178
-0.47178
-0.47178
-0.47178
-0.47178
-0.47178
-0.47178
-0.47178
-0.47178
-0.47178
-0.47178
-0.47178
-0.47178
-0.47178
-0.47178
-0.47178
-0.47177
-0.47177
-0.47177
-0.47177
-0.47177
-0.47177
-0.47177
-0.47176
-0.47176
-0.47176
-0.47176
-0.47175
-0.47175
-0.47175
-0.47174
-0.47174
-0.47174
-0.47173
-0.47173
-0.47173
-0.47173
-0.47172
-0.47172
-0.47171
-0.47171
-0.47170
-0.47170
-0.47169
-0.47168
-0.47167
-0.47166
-0.47165
-0.47164
-0.47162
-0.47161
-0.47160
-0.47158
-0.47157
-0.47155
-0.47153
-0.47151
-0.47148
-0.47146
-0.47143
-0.47140
-0.47137
-0.47134
-0.47129
-0.47125
-0.47120
-0.47115
-0.47110
-0.47105
-0.47099
-0.47094
-0.47086
-0.47078
-0.47070
-0.47063
-0.47053
-0.47044
-0.47035
-0.47026
-0.47013
-0.46999
-0.46985
-0.46972
-0.46955
-0.46938
-0.46921
-0.46904
-0.46882
-0.46860
-0.46838
-0.46816
-0.46789
-0.46761
-0.46734
-0.46707
-0.46676
-0.46644
-0.46613
-0.46582
-0.46541
-0.46501
-0.46460
-0.46419
-0.46379
-0.46338
-0.46298
-0.46257
-0.46201
-0.46146
-0.46090
-0.46034
-0.45983
-0.45931
-0.45879
-0.45827
-0.45759
-0.45691
-0.45623
-0.45555
-0.45487
-0.45420
-0.45352
-0.45284
-0.45201
-0.45119
-0.45036
-0.44954
-0.44862
-0.44770
-0.44678
-0.44586
-0.44481
-0.44375
-0.44269
-0.44164
-0.44040
-0.43916
-0.43792
-0.43668
-0.43524
-0.43381
-0.43238
-0.43095
-0.42918
-0.42741
-0.42564
-0.42387
-0.42173
-0.41959
-0.41745
-0.41532
-0.41258
-0.40984
-0.40710
-0.40436
-0.40094
-0.39751
-0.39409
-0.39067
-0.38606
-0.38145
-0.37685
-0.37224
-0.36633
-0.36043
-0.35452
-0.34861
-0.34053
-0.33245
-0.32436
-0.31628
-0.30595
-0.29562
-0.28529
-0.27497
-0.26097
-0.24697
-0.23297
-0.21898
-0.20135
-0.18372
-0.16610
-0.14847
-0.12563
-0.10278
-0.07993
-0.05709
-0.02916
-0.00124
0.02669
0.05461
0.08786
0.12111
0.15436
0.18760
0.22647
0.26534
0.30420
0.34307
0.38474
0.42641
0.46809
0.50976
0.55536
0.60096
0.64656
0.69217
0.73752
0.78287
0.82822
0.87358
0.91736
0.96115
1.00493
1.04872
1.09207
1.13541
1.17876
1.22211
1.25930
1.29648
1.33367
1.37086
1.40753
1.44420
1.48087
1.51754
1.54872
1.57990
1.61108
1.64226
1.67146
1.70066
1.72986
1.75907
1.78609
1.81311
1.84013
1.86715
1.89119
1.91523
1.93927
1.96331
1.98645
2.00960
2.03274
2.05588
2.07409
2.09229
2.11050
2.12871
2.14751
2.16632
2.18513
2.20394
2.21837
2.23279
2.24722
2.26165
-0.47188
-0.47188
-0.47188
-0.47188
-0.47188
-0.47188
-0.47188
-0.47188
-0.47188
-0.47188
-0.47188
-0.47188
-0.47188
-0.47188
-0.47188
-0.47188
-0.47188
-0.47188
-0.47188
-0.47188
-0.47188
-0.47188
-0.47188
-0.47188
-0.47188
-0.47188
-0.47188
-0.47188
-0.47188
-0.47188
-0.47188
-0.47188
-0.47188
-0.47188
-0.47188
-0.47188
-0.47188
-0.47188
-0.47188
-0.47188
-0.47188
-0.47188
-0.47188
-0.47188
-0.47188
-0.47188
-0.47188
-0.47188
-0.47188
-0.47188
-0.47188
-0.47188
-0.47188
-0.47188
-0.47188
-0.47188
-0.47188
-0.47188
-0.47188
-0.47188
-0.47188
-0.47188
-0.47188
-0.47188
-0.47188
-0.47188
-0.47188
-0.47188
-0.47188
-0.47188
-0.47188
-0.47188
-0.47188
-0.47188
-0.47188
-0.47188
-0.47188
-0.47188
-0.47188
-0.47188
-0.47188
-0.47188
-0.47188
-0.47188
-0.47188
-0.47188
-0.47188
-0.47188
-0.47188
-0.47188
-0.47188
-0.47188
-0.47188
-0.47188
-0.47188
-0.47188
-0.47188
-0.47188
-0.47188
-0.47188
-0.47188
-0.47188
-0.47188
-0.47188
-0.47188
-0.47188
-0.47188
-0.47188
-0.47188
-0.47188
-0.47188
-0.47188
-0.47188
-0.47188
-0.47188
-0.47188
-0.47188
-0.47188
-0.47188
-0.47188
-0.47188
-0.47188
-0.47188
-0.47188
-0.47188
-0.47188
-0.47188
-0.47188
-0.47188
-0.47188
-0.47188
-0.47188
-0.47188
-0.47188
-0.47188
-0.47188
-0.47188
-0.47188
-0.47188
-0.47188
-0.47188
-0.47188
-0.47188
-0.47188
-0.47188
-0.47188
-0.47188
-0.47188
-0.47188
-0.47188
-0.47188
-0.47188
-0.47188
-0.47188
-0.47188
-0.47188
-0.47188
-0.47188
-0.47188
-0.47188
-0.47188
-0.47188
-0.47188
-0.47188
-0.47188
-0.47188
-0.47188
-0.47188
-0.47188
-0.47188
-0.47188
-0.47188
-0.47188
-0.47188
-0.47188
-0.47188
-0.47188
-0.47187
-0.47187
-0.47187
-0.47187
-0.47187
-0.47187
-0.47187
-0.47187
-0.47187
-0.47186
-0.47186
-0.47186
-0.47186
-0.47185
-0.47185
-0.47185
-0.47185
-0.47184
-0.47184
-0.47184
-0.47184
-0.47183
-0.47183
-0.47183
-0.47182
-0.47182
-0.47181
-0.47181
-0.47180
-0.47179
-0.47179
-0.47178
-0.47177
-0.47176
-0.47175
-0.47174
-0.47173
-0.47172
-0.47171
-0.47170
-0.47168
-0.47166
-0.47164
-0.47162
-0.47160
-0.47157
-0.47155
-0.47153
-0.47149
-0.47146
-0.47142
-0.47139
-0.47134
-0.47130
-0.47126
-0.47122
-0.47116
-0.47110
-0.47104
-0.47098
-0.47091
-0.47084
-0.47077
-0.47070
-0.47059
-0.47049
-0.47038
-0.47028
-0.47015
-0.47002
-0.46989
-0.46975
-0.46958
-0.46941
-0.46924
-0.46907
-0.46885
-0.46864
-0.46842
-0.46820
-0.46795
-0.46770
-0.46744
-0.46719
-0.46686
-0.46652
-0.46619
-0.46585
-0.46550
-0.46515
-0.46480
-0.46445
-0.46397
-0.46350
-0.46302
-0.46254
-0.46206
-0.46158
-0.46110
-0.46061
-0.45999
-0.45937
-0.45875
-0.45813
-0.45743
-0.45674
-0.45605
-0.45536
-0.45455
-0.45374
-0.45293
-0.45212
-0.45111
-0.45010
-0.44909
-0.44809
-0.44698
-0.44587
-0.44476
-0.44366
-0.44226
-0.44087
-0.43948
-0.43808
-0.43655
-0.43502
-0.43349
-0.43196
-0.43006
-0.42817
-0.42627
-0.42438
-0.42218
-0.41999
-0.41780
-0.41561
-0.41287
-0.41013
-0.40740
-0.40466
-0.40133
-0.39800
-0.39467
-0.39135
-0.38703
-0.38271
-0.37839
-0.37408
-0.36861
-0.36314
-0.35767
-0.35220
-0.34494
-0.33767
-0.33041
-0.32314
-0.31382
-0.30449
-0.29516
-0.28584
-0.27344
-0.26104
-0.24864
-0.23625
-0.22038
-0.20452
-0.18865
-0.17278
-0.15240
-0.13201
-0.11163
-0.09125
-0.06580
-0.04036
-0.01492
0.01052
0.04094
0.07137
0.10179
0.13222
0.16844
0.20466
0.24089
0.27711
0.31665
0.35620
0.39575
0.43529
0.47905
0.52281
0.56657
0.61033
0.65486
0.69940
0.74393
0.78847
0.83225
0.87604
0.91982
0.96360
1.00713
1.05066
1.09419
1.13771
1.17667
1.21562
1.25457
1.29352
1.33097
1.36843
1.40588
1.44334
1.47696
1.51057
1.54419
1.57781
1.60781
1.63780
1.66780
1.69780
1.72644
1.75509
1.78373
1.81237
1.83709
1.86181
1.88652
1.91124
1.93509
1.95894
1.98279
2.00664
2.02536
2.04407
2.06278
2.08150
2.09986
2.11822
2.13657
2.15493
2.16971
2.18449
2.19927
2.21405
-0.47197
-0.47197
-0.47197
-0.47197
-0.47197
-0.47197
-0.47197
-0.47197
-0.47197
-0.47197
-0.47197
-0.47197
-0.47197
-0.47197
-0.47197
-0.47197
-0.47197
-0.47197
-0.47197
-0.47197
-0.47197
-0.47197
-0.47197
-0.47197
-0.47197
-0.47197
-0.47197
-0.47197
-0.47197
-0.47197
-0.47197
-0.47197
-0.47197
-0.47197
-0.47197
-0.47197
-0.47197
-0.47197
-0.47197
-0.47197
-0.47197
-0.47197
-0.47197
-0.47197
-0.47197
-0.47197
-0.47197
-0.47197
-0.47197
-0.47197
-0.47197
-0.47197
-0.47197
-0.47197
-0.47197
-0.47197
-0.47197
-0.47197
-0.47197
-0.47197
-0.47197
-0.47197
-0.47197
-0.47197
-0.47197
-0.47197
-0.47197
-0.47197
-0.47197
-0.47197
-0.47197
-0.47197
-0.47197
-0.47197
-0.47197
-0.47197
-0.47197
-0.47197
-0.47197
-0.47197
-0.47197
-0.47197
-0.47197
-0.47197
-0.47197
-0.47197
-0.47197
-0.47197
-0.47197
-0.47197
-0.47197
-0.47197
-0.47197
-0.47197
-0.47197
-0.47197
-0.47197
-0.47197
-0.47197
-0.47197
-0.47197
-0.47197
-0.47197
-0.47197
-0.47197
-0.47197
-0.47197
-0.47197
-0.47197
-0.47197
-0.47197
-0.47197
-0.47197
-0.47197
-0.47197
-0.47197
-0.47197
-0.47197
-0.47197
-0.47197
-0.47197
-0.47197
-0.47197
-0.47197
-0.47197
-0.47197
-0.47197
-0.47197
-0.47197
-0.47197
-0.47197
-0.47197
-0.47197
-0.47197
-0.47197
-0.47197
-0.47197
-0.47197
-0.47197
-0.47197
-0.47197
-0.47197
-0.47197
-0.47197
-0.47197
-0.47197
-0.47197
-0.47197
-0.47197
-0.47197
-0.47197
-0.47197
-0.47197
-0.47197
-0.47197
-0.47197
-0.47197
-0.47197
-0.47197
-0.47197
-0.47197
-0.47197
-0.47197
-0.47197
-0.47197
-0.47197
-0.47197
-0.47197
-0.47197
-0.47197
-0.47197
-0.47197
-0.47197
-0.47197
-0.47197
-0.47197
-0.47197
-0.47197
-0.47197
-0.47197
-0.47197
-0.47197
-0.47197
-0.47197
-0.47197
-0.47197
-0.47196
-0.47196
-0.47196
-0.47196
-0.47196
-0.47196
-0.47196
-0.47195
-0.47195
-0.47195
-0.47194
-0.47194
-0.47194
-0.47194
-0.47194
-0.47193
-0.47193
-0.47193
-0.47192
-0.47192
-0.47191
-0.47190
-0.47190
-0.47189
-0.47189
-0.47188
-0.47187
-0.47186
-0.47186
-0.47185
-0.47184
-0.47183
-0.47181
-0.47180
-0.47178
-0.47177
-0.47175
-0.47173
-0.47171
-0.47169
-0.47167
-0.47164
-0.47162
-0.47159
-0.47156
-0.47153
-0.47150
-0.47146
-0.47141
-0.47137
-0.47133
-0.47128
-0.47123
-0.47118
-0.47113
-0.47106
-0.47099
-0.47092
-0.47085
-0.47075
-0.47066
-0.47057
-0.47047
-0.47035
-0.47023
-0.47010
-0.46998
-0.46982
-0.46966
-0.46950
-0.46934
-0.46914
-0.46895
-0.46876
-0.46856
-0.46830
-0.46804
-0.46777
-0.46751
-0.46721
-0.46692
-0.46663
-0.46633
-0.46593
-0.46554
-0.46514
-0.46474
-0.46429
-0.46385
-0.46340
-0.46296
-0.46239
-0.46183
-0.46127
-0.46070
-0.45999
-0.45929
-0.45858
-0.45787
-0.45708
-0.45629
-0.45550
-0.45471
-0.45361
-0.45251
-0.45141
-0.45031
-0.44915
-0.44799
-0.44683
-0.44567
-0.44413
-0.44258
-0.44103
-0.43949
-0.43786
-0.43623
-0.43460
-0.43297
-0.43095
-0.42893
-0.42690
-0.42488
-0.42264
-0.42039
-0.41815
-0.41591
-0.41317
-0.41043
-0.40769
-0.40495
-0.40172
-0.39849
-0.39526
-0.39202
-0.38800
-0.38397
-0.37994
-0.37591
-0.37088
-0.36585
-0.36082
-0.35579
-0.34934
-0.34290
-0.33645
-0.33001
-0.32168
-0.31336
-0.30503
-0.29671
-0.28591
-0.27511
-0.26432
-0.25352
-0.23941
-0.22531
-0.21120
-0.19710
-0.17917
-0.16125
-0.14333
-0.12540
-0.10245
-0.07949
-0.05653
-0.03358
-0.00597
0.02163
0.04923
0.07683
0.11041
0.14399
0.17757
0.21115
0.24857
0.28599
0.32341
0.36083
0.40274
0.44466
0.48657
0.52849
0.57221
0.61593
0.65964
0.70336
0.74714
0.79092
0.83470
0.87848
0.92219
0.96590
1.00961
1.05332
1.09403
1.13475
1.17547
1.21618
1.25442
1.29266
1.33090
1.36913
1.40519
1.44125
1.47731
1.51336
1.54416
1.57495
1.60574
1.63653
1.66680
1.69706
1.72733
1.75759
1.78299
1.80838
1.83377
1.85916
1.88372
1.90828
1.93284
1.95740
1.97662
1.99585
2.01507
2.03429
2.05220
2.07011
2.08802
2.10593
2.12106
2.13619
2.15131
2.16644
-0.47207
-0.47207
-0.47207
-0.47207
-0.47207
-0.47207
-0.47207
-0.47207
-0.47207
-0.47207
-0.47207
-0.47207
-0.47207
-0.47207
-0.47207
-0.47207
-0.47207
-0.47207
-0.47207
-0.47207
-0.47207
-0.47207
-0.47207
-0.47207
-0.47207
-0.47207
-0.47207
-0.47207
-0.47207
-0.47207
-0.47207
-0.47207
-0.47207
-0.47207
-0.47207
-0.47207
-0.47207
-0.47207
-0.47207
-0.47207
-0.47207
-0.47207
-0.47207
-0.47207
-0.47207
-0.47207
-0.47207
-0.47207
-0.47207
-0.47207
-0.47207
-0.47207
-0.47207
-0.47207
-0.47207
-0.47207
-0.47207
-0.47207
-0.47207
-0.47207
-0.47207
-0.47207
-0.47207
-0.47207
-0.47207
-0.47207
-0.47207
-0.47207
-0.47207
-0.47207
-0.47207
-0.47207
-0.47207
-0.47207
-0.47207
-0.47207
-0.47207
-0.47207
-0.47207
-0.47207
-0.47207
-0.47207
-0.47207
-0.47207
-0.47207
-0.47207
-0.47207
-0.47207
-0.47207
-0.47207
-0.47207
-0.47207
-0.47207
-0.47207
-0.47207
-0.47207
-0.47207
-0.47207
-0.47207
-0.47207
-0.47207
-0.47207
-0.47207
-0.47207
-0.47207
-0.47207
-0.47207
-0.47207
-0.47207
-0.47207
-0.47207
-0.47207
-0.47207
-0.47207
-0.47207
-0.47207
-0.47207
-0.47207
-0.47207
-0.47207
-0.47207
-0.47207
-0.47207
-0.47207
-0.47207
-0.47207
-0.47207
-0.47207
-0.47207
-0.47207
-0.47207
-0.47207
-0.47207
-0.47207
-0.47207
-0.47207
-0.47207
-0.47207
-0.47207
-0.47207
-0.47207
-0.47207
-0.47207
-0.47207
-0.47207
-0.47207
-0.47207
-0.47207
-0.47207
-0.47207
-0.47207
-0.47207
-0.47207
-0.47207
-0.47207
-0.47207
-0.47207
-0.47207
-0.47207
-0.47207
-0.47207
-0.47207
-0.47207
-0.47207
-0.47207
-0.47207
-0.47207
-0.47207
-0.47207
-0.47207
-0.47207
-0.47207
-0.47207
-0.47207
-0.47207
-0.47207
-0.47207
-0.47207
-0.47207
-0.47207
-0.47207
-0.47207
-0.47207
-0.47207
-0.47207
-0.47207
-0.47207
-0.47207
-0.47206
-0.47206
-0.47206
-0.47206
-0.47206
-0.47206
-0.47206
-0.47205
-0.47205
-0.47205
-0.47205
-0.47205
-0.47205
-0.47205
-0.47204
-0.47204
-0.47203
-0.47203
-0.47203
-0.47202
-0.47202
-0.47201
-0.47201
-0.47201
-0.47200
-0.47200
-0.47199
-0.47199
-0.47198
-0.47197
-0.47196
-0.47196
-0.47195
-0.47193
-0.47192
-0.47191
-0.47190
-0.47189
-0.47187
-0.47186
-0.47185
-0.47183
-0.47181
-0.47180
-0.47178
-0.47175
-0.47173
-0.47170
-0.47168
-0.47165
-0.47162
-0.47159
-0.47156
-0.47153
-0.47149
-0.47145
-0.47141
-0.47136
-0.47130
-0.47125
-0.47119
-0.47112
-0.47104
-0.47097
-0.47089
-0.47079
-0.47068
-0.47058
-0.47047
-0.47034
-0.47020
-0.47007
-0.46994
-0.46974
-0.46955
-0.46936
-0.46916
-0.46893
-0.46869
-0.46845
-0.46822
-0.46789
-0.46757
-0.46725
-0.46693
-0.46652
-0.46612
-0.46571
-0.46530
-0.46479
-0.46429
-0.46378
-0.46328
-0.46256
-0.46183
-0.46111
-0.46039
-0.45962
-0.45884
-0.45807
-0.45729
-0.45610
-0.45491
-0.45372
-0.45253
-0.45132
-0.45011
-0.44890
-0.44769
-0.44599
-0.44429
-0.44259
-0.44089
-0.43917
-0.43744
-0.43571
-0.43398
-0.43183
-0.42968
-0.42754
-0.42539
-0.42309
-0.42079
-0.41850
-0.41620
-0.41346
-0.41073
-0.40799
-0.40525
-0.40211
-0.39898
-0.39584
-0.39270
-0.38896
-0.38523
-0.38149
-0.37775
-0.37316
-0.36856
-0.36397
-0.35938
-0.35375
-0.34813
-0.34250
-0.33688
-0.32955
-0.32223
-0.31490
-0.30758
-0.29838
-0.28918
-0.27999
-0.27079
-0.25844
-0.24610
-0.23375
-0.22141
-0.20595
-0.19048
-0.17502
-0.15956
-0.13909
-0.11862
-0.09814
-0.07767
-0.05289
-0.02811
-0.00333
0.02144
0.05238
0.08331
0.11425
0.14518
0.18048
0.21578
0.25107
0.28637
0.32644
0.36651
0.40658
0.44665
0.48955
0.53245
0.57535
0.61826
0.66203
0.70581
0.74958
0.79336
0.83725
0.88114
0.92503
0.96892
1.01140
1.05388
1.09636
1.13884
1.17787
1.21689
1.25591
1.29493
1.33343
1.37193
1.41042
1.44892
1.48050
1.51209
1.54367
1.57526
1.60715
1.63904
1.67093
1.70281
1.72888
1.75495
1.78102
1.80709
1.83236
1.85763
1.88289
1.90816
1.92789
1.94762
1.96735
1.98708
2.00454
2.02200
2.03946
2.05692
2.07240
2.08788
2.10336
2.11884
-0.47216
-0.47216
-0.47216
-0.47216
-0.47216
-0.47216
-0.47216
-0.47216
-0.47216
-0.47216
-0.47216
-0.47216
-0.47216
-0.47216
-0.47216
-0.47216
-0.47216
-0.47216
-0.47216
-0.47216
-0.47216
-0.47216
-0.47216
-0.47216
-0.47216
-0.47216
-0.47216
-0.47216
-0.47216
-0.47216
-0.47216
-0.47216
-0.47216
-0.47216
-0.47216
-0.47216
-0.47216
-0.47216
-0.47216
-0.47216
-0.47216
-0.47216
-0.47216
-0.47216
-0.47216
-0.47216
-0.47216
-0.47216
-0.47216
-0.47216
-0.47216
-0.47216
-0.47216
-0.47216
-0.47216
-0.47216
-0.47216
-0.47216
-0.47216
-0.47216
-0.47216
-0.47216
-0.47216
-0.47216
-0.47216
-0.47216
-0.47216
-0.47216
-0.47216
-0.47216
-0.47216
-0.47216
-0.47216
-0.47216
-0.47216
-0.47216
-0.47216
-0.47216
-0.47216
-0.47216
-0.47216
-0.47216
-0.47216
-0.47216
-0.47216
-0.47216
-0.47216
-0.47216
-0.47216
-0.47216
-0.47216
-0.47216
-0.47216
-0.47216
-0.47216
-0.47216
-0.47216
-0.47216
-0.47216
-0.47216
-0.47216
-0.47216
-0.47216
-0.47216
-0.47216
-0.47216
-0.47216
-0.47216
-0.47216
-0.47216
-0.47216
-0.47216
-0.47216
-0.47216
-0.47216
-0.47216
-0.47216
-0.47216
-0.47216
-0.47216
-0.47216
-0.47216
-0.47216
-0.47216
-0.47216
-0.47216
-0.47216
-0.47216
-0.47216
-0.47216
-0.47216
-0.47216
-0.47216
-0.47216
-0.47216
-0.47216
-0.47216
-0.47216
-0.47216
-0.47216
-0.47216
-0.47216
-0.47216
-0.47216
-0.47216
-0.47216
-0.47216
-0.47216
-0.47216
-0.47216
-0.47216
-0.47216
-0.47216
-0.47216
-0.47216
-0.47216
-0.47216
-0.47216
-0.47216
-0.47216
-0.47216
-0.47216
-0.47216
-0.47216
-0.47216
-0.47216
-0.47216
-0.47216
-0.47216
-0.47216
-0.47216
-0.47216
-0.47216
-0.47216
-0.47216
-0.47216
-0.47216
-0.47216
-0.47216
-0.47216
-0.47216
-0.47216
-0.47216
-0.47216
-0.47216
-0.47216
-0.47216
-0.47216
-0.47216
-0.47216
-0.47216
-0.47216
-0.47216
-0.47216
-0.47216
-0.47215
-0.47215
-0.47215
-0.47215
-0.47215
-0.47215
-0.47215
-0.47215
-0.47214
-0.47214
-0.47214
-0.47214
-0.47213
-0.47213
-0.47213
-0.47213
-0.47212
-0.47212
-0.47212
-0.47211
-0.47211
-0.47211
-0.47210
-0.47210
-0.47209
-0.47209
-0.47208
-0.47207
-0.47206
-0.47205
-0.47205
-0.47204
-0.47203
-0.47203
-0.47201
-0.47200
-0.47199
-0.47198
-0.47197
-0.47195
-0.47194
-0.47192
-0.47190
-0.47189
-0.47187
-0.47185
-0.47183
-0.47181
-0.47179
-0.47177
-0.47173
-0.47170
-0.47166
-0.47163
-0.47158
-0.47153
-0.47149
-0.47144
-0.47137
-0.47130
-0.47123
-0.47116
-0.47106
-0.47097
-0.47087
-0.47078
-0.47064
-0.47050
-0.47036
-0.47022
-0.47003
-0.46985
-0.46967
-0.46948
-0.46924
-0.46899
-0.46874
-0.46849
-0.46815
-0.46781
-0.46746
-0.46712
-0.46670
-0.46627
-0.46585
-0.46543
-0.46479
-0.46414
-0.46350
-0.46286
-0.46217
-0.46148
-0.46079
-0.46011
-0.45901
-0.45791
-0.45682
-0.45572
-0.45460
-0.45347
-0.45235
-0.45122
-0.44962
-0.44802
-0.44642
-0.44482
-0.44315
-0.44148
-0.43981
-0.43814
-0.43607
-0.43401
-0.43195
-0.42988
-0.42758
-0.42528
-0.42297
-0.42067
-0.41799
-0.41531
-0.41263
-0.40996
-0.40677
-0.40358
-0.40040
-0.39721
-0.39356
-0.38992
-0.38627
-0.38262
-0.37811
-0.37361
-0.36910
-0.36460
-0.35931
-0.35403
-0.34874
-0.34346
-0.33664
-0.32981
-0.32299
-0.31617
-0.30786
-0.29955
-0.29124
-0.28293
-0.27181
-0.26069
-0.24958
-0.23846
-0.22470
-0.21094
-0.19718
-0.18342
-0.16512
-0.14682
-0.12852
-0.11023
-0.08785
-0.06547
-0.04310
-0.02072
0.00738
0.03548
0.06358
0.09168
0.12467
0.15766
0.19065
0.22363
0.26130
0.29897
0.33664
0.37431
0.41587
0.45744
0.49901
0.54058
0.58361
0.62664
0.66968
0.71271
0.75650
0.80029
0.84408
0.88787
0.93117
0.97446
1.01775
1.06105
1.10092
1.14079
1.18067
1.22054
1.26029
1.30004
1.33978
1.37953
1.41243
1.44534
1.47824
1.51115
1.54381
1.57647
1.60914
1.64180
1.66906
1.69632
1.72358
1.75085
1.77627
1.80169
1.82711
1.85253
1.87336
1.89420
1.91503
1.93586
1.95276
1.96967
1.98657
2.00347
2.01936
2.03526
2.05115
2.06705
-0.47226
-0.47226
-0.47226
-0.47226
-0.47226
-0.47226
-0.47226
-0.47226
-0.47226
-0.47226
-0.47226
-0.47226
-0.47226
-0.47226
-0.47226
-0.47226
-0.47226
-0.47226
-0.47226
-0.47226
-0.47226
-0.47226
-0.47226
-0.47226
-0.47226
-0.47226
-0.47226
-0.47226
-0.47226
-0.47226
-0.47226
-0.47226
-0.47226
-0.47226
-0.47226
-0.47226
-0.47226
-0.47226
-0.47226
-0.47226
-0.47226
-0.47226
-0.47226
-0.47226
-0.47226
-0.47226
-0.47226
-0.47226
-0.47226
-0.47226
-0.47226
-0.47226
-0.47226
-0.47226
-0.47226
-0.47226
-0.47226
-0.47226
-0.47226
-0.47226
-0.47226
-0.47226
-0.47226
-0.47226
-0.47226
-0.47226
-0.47226
-0.47226
-0.47226
-0.47226
-0.47226
-0.47226
-0.47226
-0.47226
-0.47226
-0.47226
-0.47226
-0.47226
-0.47226
-0.47226
-0.47226
-0.47226
-0.47226
-0.47226
-0.47226
-0.47226
-0.47226
-0.47226
-0.47226
-0.47226
-0.47226
-0.47226
-0.47226
-0.47226
-0.47226
-0.47226
-0.47226
-0.47226
-0.47226
-0.47226
-0.47226
-0.47226
-0.47226
-0.47226
-0.47226
-0.47226
-0.47226
-0.47226
-0.47226
-0.47226
-0.47226
-0.47226
-0.47226
-0.47226
-0.47226
-0.47226
-0.47226
-0.47226
-0.47226
-0.47226
-0.47226
-0.47226
-0.47226
-0.47226
-0.47226
-0.47226
-0.47226
-0.47226
-0.47226
-0.47226
-0.47226
-0.47226
-0.47226
-0.47226
-0.47226
-0.47226
-0.47226
-0.47226
-0.47226
-0.47226
-0.47226
-0.47226
-0.47226
-0.47226
-0.47226
-0.47226
-0.47226
-0.47226
-0.47226
-0.47226
-0.47226
-0.47226
-0.47226
-0.47226
-0.47226
-0.47226
-0.47226
-0.47226
-0.47226
-0.47226
-0.47226
-0.47226
-0.47226
-0.47226
-0.47226
-0.47226
-0.47226
-0.47226
-0.47226
-0.47226
-0.47226
-0.47226
-0.47226
-0.47226
-0.47226
-0.47226
-0.47226
-0.47226
-0.47226
-0.47226
-0.47226
-0.47226
-0.47226
-0.47226
-0.47226
-0.47226
-0.47226
-0.47226
-0.47226
-0.47226
-0.47226
-0.47226
-0.47226
-0.47225
-0.47225
-0.47225
-0.47225
-0.47225
-0.47225
-0.47225
-0.47225
-0.47225
-0.47225
-0.47224
-0.47224
-0.47224
-0.47224
-0.47224
-0.47224
-0.47223
-0.47223
-0.47223
-0.47223
-0.47223
-0.47222
-0.47222
-0.47222
-0.47221
-0.47221
-0.47221
-0.47220
-0.47220
-0.47219
-0.47218
-0.47218
-0.47217
-0.47216
-0.47216
-0.47215
-0.47214
-0.47214
-0.47213
-0.47212
-0.47211
-0.47209
-0.47208
-0.47207
-0.47205
-0.47204
-0.47202
-0.47201
-0.47199
-0.47197
-0.47196
-0.47194
-0.47191
-0.47188
-0.47185
-0.47182
-0.47178
-0.47175
-0.47171
-0.47167
-0.47162
-0.47156
-0.47151
-0.47146
-0.47138
-0.47131
-0.47124
-0.47117
-0.47107
-0.47096
-0.47086
-0.47076
-0.47062
-0.47049
-0.47036
-0.47022
-0.47004
-0.46987
-0.46969
-0.46951
-0.46925
-0.46900
-0.46874
-0.46849
-0.46817
-0.46785
-0.46754
-0.46722
-0.46674
-0.46625
-0.46577
-0.46529
-0.46474
-0.46420
-0.46366
-0.46312
-0.46227
-0.46143
-0.46059
-0.45974
-0.45882
-0.45789
-0.45697
-0.45604
-0.45476
-0.45347
-0.45218
-0.45090
-0.44942
-0.44794
-0.44647
-0.44499
-0.44319
-0.44140
-0.43960
-0.43780
-0.43553
-0.43326
-0.43099
-0.42872
-0.42615
-0.42358
-0.42101
-0.41844
-0.41508
-0.41172
-0.40836
-0.40501
-0.40128
-0.39755
-0.39382
-0.39009
-0.38537
-0.38065
-0.37593
-0.37121
-0.36586
-0.36051
-0.35515
-0.34980
-0.34305
-0.33630
-0.32955
-0.32281
-0.31477
-0.30674
-0.29871
-0.29067
-0.28033
-0.26998
-0.25963
-0.24928
-0.23658
-0.22387
-0.21116
-0.19846
-0.18207
-0.16567
-0.14928
-0.13289
-0.11256
-0.09222
-0.07189
-0.05155
-0.02645
-0.00135
0.02376
0.04886
0.07939
0.10991
0.14043
0.17095
0.20574
0.24053
0.27531
0.31010
0.34989
0.38969
0.42948
0.46927
0.51092
0.55258
0.59423
0.63588
0.67934
0.72279
0.76624
0.80969
0.85298
0.89627
0.93957
0.98286
1.02364
1.06442
1.10521
1.14599
1.18597
1.22595
1.26593
1.30591
1.34058
1.37525
1.40992
1.44459
1.47731
1.51002
1.54274
1.57545
1.60435
1.63324
1.66213
1.69103
1.71612
1.74122
1.76632
1.79142
1.81387
1.83632
1.85877
1.88121
1.89746
1.91370
1.92995
1.94620
1.96256
1.97893
1.99529
2.01165
-0.47235
-0.47235
-0.47235
-0.47235
-0.47235
-0.47235
-0.47235
-0.47235
-0.47235
-0.47235
-0.47235
-0.47235
-0.47235
-0.47235
-0.47235
-0.47235
-0.47235
-0.47235
-0.47235
-0.47235
-0.47235
-0.47235
-0.47235
-0.47235
-0.47235
-0.47235
-0.47235
-0.47235
-0.47235
-0.47235
-0.47235
-0.47235
-0.47235
-0.47235
-0.47235
-0.47235
-0.47235
-0.47235
-0.47235
-0.47235
-0.47235
-0.47235
-0.47235
-0.47235
-0.47235
-0.47235
-0.47235
-0.47235
-0.47235
-0.47235
-0.47235
-0.47235
-0.47235
-0.47235
-0.47235
-0.47235
-0.47235
-0.47235
-0.47235
-0.47235
-0.47235
-0.47235
-0.47235
-0.47235
-0.47235
-0.47235
-0.47235
-0.47235
-0.47235
-0.47235
-0.47235
-0.47235
-0.47235
-0.47235
-0.47235
-0.47235
-0.47235
-0.47235
-0.47235
-0.47235
-0.47235
-0.47235
-0.47235
-0.47235
-0.47235
-0.47235
-0.47235
-0.47235
-0.47235
-0.47235
-0.47235
-0.47235
-0.47235
-0.47235
-0.47235
-0.47235
-0.47235
-0.47235
-0.47235
-0.47235
-0.47235
-0.47235
-0.47235
-0.47235
-0.47235
-0.47235
-0.47235
-0.47235
-0.47235
-0.47235
-0.47235
-0.47235
-0.47235
-0.47235
-0.47235
-0.47235
-0.47235
-0.47235
-0.47235
-0.47235
-0.47235
-0.47235
-0.47235
-0.47235
-0.47235
-0.47235
-0.47235
-0.47235
-0.47235
-0.47235
-0.47235
-0.47235
-0.47235
-0.47235
-0.47235
-0.47235
-0.47235
-0.47235
-0.47235
-0.47235
-0.47235
-0.47235
-0.47235
-0.47235
-0.47235
-0.47235
-0.47235
-0.47235
-0.47235
-0.47235
-0.47235
-0.47235
-0.47235
-0.47235
-0.47235
-0.47235
-0.47235
-0.47235
-0.47235
-0.47235
-0.47235
-0.47235
-0.47235
-0.47235
-0.47235
-0.47235
-0.47235
-0.47235
-0.47235
-0.47235
-0.47235
-0.47235
-0.47235
-0.47235
-0.47235
-0.47235
-0.47235
-0.47235
-0.47235
-0.47235
-0.47235
-0.47235
-0.47235
-0.47235
-0.47235
-0.47235
-0.47235
-0.47235
-0.47235
-0.47235
-0.47235
-0.47235
-0.47235
-0.47235
-0.47235
-0.47235
-0.47235
-0.47235
-0.47235
-0.47235
-0.47235
-0.47235
-0.47235
-0.47235
-0.47234
-0.47234
-0.47234
-0.47234
-0.47234
-0.47234
-0.47234
-0.47234
-0.47234
-0.47234
-0.47233
-0.47233
-0.47233
-0.47233
-0.47232
-0.47232
-0.47232
-0.47232
-0.47231
-0.47231
-0.47230
-0.47230
-0.47229
-0.47228
-0.47228
-0.47227
-0.47227
-0.47226
-0.47226
-0.47225
-0.47224
-0.47222
-0.47221
-0.47220
-0.47219
-0.47218
-0.47217
-0.47215
-0.47214
-0.47212
-0.47211
-0.47208
-0.47206
-0.47204
-0.47202
-0.47199
-0.47196
-0.47193
-0.47190
-0.47187
-0.47183
-0.47179
-0.47176
-0.47171
-0.47166
-0.47161
-0.47156
-0.47149
-0.47143
-0.47136
-0.47130
-0.47121
-0.47113
-0.47105
-0.47096
-0.47085
-0.47074
-0.47063
-0.47052
-0.47036
-0.47019
-0.47003
-0.46986
-0.46965
-0.46943
-0.46922
-0.46901
-0.46868
-0.46836
-0.46804
-0.46771
-0.46732
-0.46692
-0.46652
-0.46613
-0.46554
-0.46495
-0.46435
-0.46376
-0.46304
-0.46231
-0.46159
-0.46086
-0.45989
-0.45892
-0.45795
-0.45698
-0.45569
-0.45441
-0.45313
-0.45185
-0.45031
-0.44878
-0.44725
-0.44571
-0.44348
-0.44124
-0.43900
-0.43676
-0.43430
-0.43184
-0.42938
-0.42692
-0.42339
-0.41986
-0.41633
-0.41280
-0.40899
-0.40518
-0.40137
-0.39756
-0.39263
-0.38770
-0.38277
-0.37783
-0.37241
-0.36699
-0.36156
-0.35614
-0.34947
-0.34279
-0.33612
-0.32944
-0.32169
-0.31393
-0.30617
-0.29842
-0.28884
-0.27926
-0.26969
-0.26011
-0.24846
-0.23680
-0.22515
-0.21350
-0.19901
-0.18452
-0.17004
-0.15555
-0.13726
-0.11897
-0.10068
-0.08239
-0.06028
-0.03817
-0.01606
0.00604
0.03410
0.06216
0.09021
0.11827
0.15018
0.18208
0.21399
0.24590
0.28391
0.32193
0.35994
0.39796
0.43823
0.47851
0.51878
0.55906
0.60217
0.64528
0.68840
0.73151
0.77480
0.81809
0.86138
0.90467
0.94636
0.98805
1.02975
1.07144
1.11165
1.15186
1.19207
1.23228
1.26872
1.30516
1.34160
1.37804
1.41081
1.44357
1.47634
1.50910
1.53963
1.57015
1.60068
1.63121
1.65598
1.68076
1.70554
1.73031
1.75438
1.77844
1.80250
1.82656
1.84215
1.85774
1.87334
1.88893
1.90576
1.92259
1.93943
1.95626
-0.47244
-0.47244
-0.47244
-0.47244
-0.47244
-0.47244
-0.47244
-0.47244
-0.47244
-0.47244
-0.47244
-0.47244
-0.47244
-0.47244
-0.47244
-0.47244
-0.47244
-0.47244
-0.47244
-0.47244
-0.47244
-0.47244
-0.47244
-0.47244
-0.47244
-0.47244
-0.47244
-0.47244
-0.47244
-0.47244
-0.47244
-0.47244
-0.47244
-0.47244
-0.47244
-0.47244
-0.47244
-0.47244
-0.47244
-0.47244
-0.47244
-0.47244
-0.47244
-0.47244
-0.47244
-0.47244
-0.47244
-0.47244
-0.47244
-0.47244
-0.47244
-0.47244
-0.47244
-0.47244
-0.47244
-0.47244
-0.47244
-0.47244
-0.47244
-0.47244
-0.47244
-0.47244
-0.47244
-0.47244
-0.47244
-0.47244
-0.47244
-0.47244
-0.47244
-0.47244
-0.47244
-0.47244
-0.47244
-0.47244
-0.47244
-0.47244
-0.47244
-0.47244
-0.47244
-0.47244
-0.47244
-0.47244
-0.47244
-0.47244
-0.47244
-0.47244
-0.47244
-0.47244
-0.47244
-0.47244
-0.47244
-0.47244
-0.47244
-0.47244
-0.47244
-0.47244
-0.47244
-0.47244
-0.47244
-0.47244
-0.47244
-0.47244
-0.47244
-0.47244
-0.47244
-0.47244
-0.47244
-0.47244
-0.47244
-0.47244
-0.47244
-0.47244
-0.47244
-0.47244
-0.47244
-0.47244
-0.47244
-0.47244
-0.47244
-0.47244
-0.47244
-0.47244
-0.47244
-0.47244
-0.47244
-0.47244
-0.47244
-0.47244
-0.47244
-0.47244
-0.47244
-0.47244
-0.47244
-0.47244
-0.47244
-0.47244
-0.47244
-0.47244
-0.47244
-0.47244
-0.47244
-0.47244
-0.47244
-0.47244
-0.47244
-0.47244
-0.47244
-0.47244
-0.47244
-0.47244
-0.47244
-0.47244
-0.47244
-0.47244
-0.47244
-0.47244
-0.47244
-0.47244
-0.47244
-0.47244
-0.47244
-0.47244
-0.47244
-0.47244
-0.47244
-0.47244
-0.47244
-0.47244
-0.47244
-0.47244
-0.47244
-0.47244
-0.47244
-0.47244
-0.47244
-0.47244
-0.47244
-0.47244
-0.47244
-0.47244
-0.47244
-0.47244
-0.47244
-0.47244
-0.47244
-0.47244
-0.47244
-0.47244
-0.47244
-0.47244
-0.47244
-0.47244
-0.47244
-0.47244
-0.47244
-0.47244
-0.47244
-0.47244
-0.47244
-0.47244
-0.47244
-0.47244
-0.47244
-0.47244
-0.47244
-0.47244
-0.47244
-0.47244
-0.47244
-0.47244
-0.47244
-0.47244
-0.47244
-0.47244
-0.47244
-0.47244
-0.47243
-0.47243
-0.47243
-0.47243
-0.47243
-0.47243
-0.47243
-0.47242
-0.47242
-0.47241
-0.47241
-0.47240
-0.47240
-0.47240
-0.47239
-0.47239
-0.47239
-0.47238
-0.47237
-0.47236
-0.47235
-0.47234
-0.47233
-0.47232
-0.47232
-0.47230
-0.47229
-0.47228
-0.47227
-0.47225
-0.47223
-0.47222
-0.47220
-0.47218
-0.47216
-0.47213
-0.47211
-0.47209
-0.47207
-0.47204
-0.47202
-0.47198
-0.47195
-0.47192
-0.47188
-0.47184
-0.47180
-0.47177
-0.47173
-0.47168
-0.47163
-0.47158
-0.47153
-0.47147
-0.47140
-0.47134
-0.47127
-0.47117
-0.47107
-0.47097
-0.47087
-0.47073
-0.47060
-0.47046
-0.47032
-0.47012
-0.46991
-0.46971
-0.46951
-0.46923
-0.46895
-0.46867
-0.46840
-0.46800
-0.46761
-0.46722
-0.46683
-0.46628
-0.46573
-0.46518
-0.46463
-0.46392
-0.46321
-0.46251
-0.46180
-0.46073
-0.45967
-0.45860
-0.45754
-0.45628
-0.45502
-0.45376
-0.45250
-0.45046
-0.44843
-0.44639
-0.44435
-0.44213
-0.43990
-0.43767
-0.43545
-0.43207
-0.42869
-0.42532
-0.42194
-0.41827
-0.41461
-0.41094
-0.40727
-0.40246
-0.39764
-0.39282
-0.38801
-0.38263
-0.37726
-0.37189
-0.36651
-0.36003
-0.35355
-0.34707
-0.34059
-0.33292
-0.32525
-0.31758
-0.30991
-0.30085
-0.29178
-0.28271
-0.27365
-0.26257
-0.25150
-0.24042
-0.22935
-0.21614
-0.20293
-0.18973
-0.17652
-0.15971
-0.14291
-0.12610
-0.10930
-0.08942
-0.06955
-0.04968
-0.02980
-0.00401
0.02179
0.04759
0.07339
0.10277
0.13216
0.16154
0.19092
0.22680
0.26268
0.29856
0.33444
0.37311
0.41179
0.45047
0.48915
0.53126
0.57337
0.61548
0.65759
0.70055
0.74350
0.78646
0.82942
0.87147
0.91353
0.95559
0.99765
1.03800
1.07835
1.11870
1.15905
1.19675
1.23444
1.27213
1.30982
1.34269
1.37556
1.40843
1.44130
1.47289
1.50447
1.53605
1.56763
1.59240
1.61716
1.64193
1.66669
1.69153
1.71636
1.74119
1.76602
1.78172
1.79741
1.81310
1.82880
1.84571
1.86262
1.87953
1.89644
-0.47254
-0.47254
-0.47254
-0.47254
-0.47254
-0.47254
-0.47254
-0.47254
-0.47254
-0.47254
-0.47254
-0.47254
-0.47254
-0.47254
-0.47254
-0.47254
-0.47254
-0.47254
-0.47254
-0.47254
-0.47254
-0.47254
-0.47254
-0.47254
-0.47254
-0.47254
-0.47254
-0.47254
-0.47254
-0.47254
-0.47254
-0.47254
-0.47254
-0.47254
-0.47254
-0.47254
-0.47254
-0.47254
-0.47254
-0.47254
-0.47254
-0.47254
-0.47254
-0.47254
-0.47254
-0.47254
-0.47254
-0.47254
-0.47254
-0.47254
-0.47254
-0.47254
-0.47254
-0.47254
-0.47254
-0.47254
-0.47254
-0.47254
-0.47254
-0.47254
-0.47254
-0.47254
-0.47254
-0.47254
-0.47254
-0.47254
-0.47254
-0.47254
-0.47254
-0.47254
-0.47254
-0.47254
-0.47254
-0.47254
-0.47254
-0.47254
-0.47254
-0.47254
-0.47254
-0.47254
-0.47254
-0.47254
-0.47254
-0.47254
-0.47254
-0.47254
-0.47254
-0.47254
-0.47254
-0.47254
-0.47254
-0.47254
-0.47254
-0.47254
-0.47254
-0.47254
-0.47254
-0.47254
-0.47254
-0.47254
-0.47254
-0.47254
-0.47254
-0.47254
-0.47254
-0.47254
-0.47254
-0.47254
-0.47254
-0.47254
-0.47254
-0.47254
-0.47254
-0.47254
-0.47254
-0.47254
-0.47254
-0.47254
-0.47254
-0.47254
-0.47254
-0.47254
-0.47254
-0.47254
-0.47254
-0.47254
-0.47254
-0.47254
-0.47254
-0.47254
-0.47254
-0.47254
-0.47254
-0.47254
-0.47254
-0.47254
-0.47254
-0.47254
-0.47254
-0.47254
-0.47254
-0.47254
-0.47254
-0.47254
-0.47254
-0.47254
-0.47254
-0.47254
-0.47254
-0.47254
-0.47254
-0.47254
-0.47254
-0.47254
-0.47254
-0.47254
-0.47254
-0.47254
-0.47254
-0.47254
-0.47254
-0.47254
-0.47254
-0.47254
-0.47254
-0.47254
-0.47254
-0.47254
-0.47254
-0.47254
-0.47254
-0.47254
-0.47254
-0.47254
-0.47254
-0.47254
-0.47254
-0.47254
-0.47254
-0.47254
-0.47254
-0.47254
-0.47254
-0.47254
-0.47254
-0.47254
-0.47254
-0.47254
-0.47254
-0.47254
-0.47254
-0.47254
-0.47254
-0.47254
-0.47254
-0.47254
-0.47254
-0.47254
-0.47254
-0.47254
-0.47254
-0.47254
-0.47254
-0.47254
-0.47254
-0.47254
-0.47254
-0.47254
-0.47254
-0.47254
-0.47254
-0.47254
-0.47254
-0.47254
-0.47254
-0.47254
-0.47253
-0.47253
-0.47253
-0.47253
-0.47253
-0.47253
-0.47253
-0.47252
-0.47252
-0.47252
-0.47252
-0.47251
-0.47251
-0.47251
-0.47250
-0.47250
-0.47250
-0.47249
-0.47249
-0.47248
-0.47248
-0.47247
-0.47246
-0.47245
-0.47245
-0.47244
-0.47243
-0.47242
-0.47241
-0.47240
-0.47238
-0.47237
-0.47236
-0.47234
-0.47232
-0.47231
-0.47229
-0.47227
-0.47225
-0.47223
-0.47221
-0.47218
-0.47215
-0.47213
-0.47210
-0.47207
-0.47203
-0.47200
-0.47197
-0.47192
-0.47188
-0.47184
-0.47179
-0.47174
-0.47169
-0.47163
-0.47158
-0.47150
-0.47142
-0.47134
-0.47126
-0.47116
-0.47105
-0.47094
-0.47084
-0.47068
-0.47053
-0.47038
-0.47023
-0.47002
-0.46982
-0.46961
-0.46941
-0.46912
-0.46884
-0.46855
-0.46827
-0.46785
-0.46744
-0.46703
-0.46662
-0.46608
-0.46555
-0.46502
-0.46448
-0.46368
-0.46287
-0.46207
-0.46126
-0.46029
-0.45931
-0.45834
-0.45736
-0.45582
-0.45427
-0.45272
-0.45118
-0.44939
-0.44761
-0.44582
-0.44404
-0.44137
-0.43870
-0.43603
-0.43337
-0.43022
-0.42707
-0.42392
-0.42077
-0.41663
-0.41248
-0.40834
-0.40420
-0.39908
-0.39396
-0.38884
-0.38372
-0.37764
-0.37155
-0.36547
-0.35939
-0.35148
-0.34358
-0.33567
-0.32777
-0.31877
-0.30977
-0.30078
-0.29178
-0.28048
-0.26918
-0.25788
-0.24658
-0.23359
-0.22059
-0.20760
-0.19461
-0.17835
-0.16208
-0.14582
-0.12956
-0.11063
-0.09170
-0.07277
-0.05384
-0.02995
-0.00606
0.01783
0.04172
0.06919
0.09666
0.12412
0.15159
0.18472
0.21784
0.25097
0.28410
0.32081
0.35753
0.39424
0.43095
0.47094
0.51093
0.55092
0.59091
0.63296
0.67502
0.71707
0.75912
0.80063
0.84214
0.88365
0.92516
0.96550
1.00583
1.04616
1.08649
1.12456
1.16263
1.20070
1.23877
1.27184
1.30491
1.33798
1.37105
1.40271
1.43438
1.46604
1.49770
1.52298
1.54826
1.57354
1.59882
1.62299
1.64716
1.67133
1.69551
1.71259
1.72967
1.74675
1.76383
1.78015
1.79647
1.81280
1.82912
-0.47264
-0.47264
-0.47264
-0.47264
-0.47264
-0.47264
-0.47264
-0.47264
-0.47264
-0.47264
-0.47264
-0.47264
-0.47264
-0.47264
-0.47264
-0.47264
-0.47264
-0.47264
-0.47264
-0.47264
-0.47264
-0.47264
-0.47264
-0.47264
-0.47264
-0.47264
-0.47264
-0.47264
-0.47264
-0.47264
-0.47264
-0.47264
-0.47264
-0.47264
-0.47264
-0.47264
-0.47264
-0.47264
-0.47264
-0.47264
-0.47264
-0.47264
-0.47264
-0.47264
-0.47264
-0.47264
-0.47264
-0.47264
-0.47264
-0.47264
-0.47264
-0.47264
-0.47264
-0.47264
-0.47264
-0.47264
-0.47264
-0.47264
-0.47264
-0.47264
-0.47264
-0.47264
-0.47264
-0.47264
-0.47264
-0.47264
-0.47264
-0.47264
-0.47264
-0.47264
-0.47264
-0.47264
-0.47264
-0.47264
-0.47264
-0.47264
-0.47264
-0.47264
-0.47264
-0.47264
-0.47264
-0.47264
-0.47264
-0.47264
-0.47264
-0.47264
-0.47264
-0.47264
-0.47264
-0.47264
-0.47264
-0.47264
-0.47264
-0.47264
-0.47264
-0.47264
-0.47264
-0.47264
-0.47264
-0.47264
-0.47264
-0.47264
-0.47264
-0.47264
-0.47264
-0.47264
-0.47264
-0.47264
-0.47264
-0.47264
-0.47264
-0.47264
-0.47264
-0.47264
-0.47264
-0.47264
-0.47264
-0.47264
-0.47264
-0.47264
-0.47264
-0.47264
-0.47264
-0.47264
-0.47264
-0.47264
-0.47264
-0.47264
-0.47264
-0.47264
-0.47264
-0.47264
-0.47264
-0.47264
-0.47264
-0.47264
-0.47264
-0.47264
-0.47264
-0.47264
-0.47264
-0.47264
-0.47264
-0.47264
-0.47264
-0.47264
-0.47264
-0.47264
-0.47264
-0.47264
-0.47264
-0.47264
-0.47264
-0.47264
-0.47264
-0.47264
-0.47264
-0.47264
-0.47264
-0.47264
-0.47264
-0.47264
-0.47264
-0.47264
-0.47264
-0.47264
-0.47264
-0.47264
-0.47264
-0.47264
-0.47264
-0.47264
-0.47264
-0.47264
-0.47264
-0.47264
-0.47264
-0.47264
-0.47264
-0.47264
-0.47264
-0.47264
-0.47264
-0.47264
-0.47264
-0.47264
-0.47264
-0.47264
-0.47264
-0.47264
-0.47264
-0.47264
-0.47264
-0.47264
-0.47264
-0.47264
-0.47264
-0.47264
-0.47264
-0.47264
-0.47264
-0.47264
-0.47264
-0.47264
-0.47264
-0.47264
-0.47264
-0.47264
-0.47264
-0.47264
-0.47264
-0.47264
-0.47264
-0.47264
-0.47264
-0.47264
-0.47264
-0.47264
-0.47264
-0.47264
-0.47264
-0.47263
-0.47263
-0.47263
-0.47262
-0.47262
-0.47262
-0.47262
-0.47262
-0.47262
-0.47261
-0.47261
-0.47261
-0.47261
-0.47260
-0.47260
-0.47260
-0.47260
-0.47259
-0.47258
-0.47258
-0.47257
-0.47257
-0.47256
-0.47256
-0.47255
-0.47254
-0.47253
-0.47251
-0.47250
-0.47249
-0.47248
-0.47247
-0.47245
-0.47244
-0.47242
-0.47240
-0.47238
-0.47236
-0.47234
-0.47232
-0.47229
-0.47226
-0.47223
-0.47221
-0.47217
-0.47213
-0.47209
-0.47206
-0.47202
-0.47197
-0.47193
-0.47189
-0.47183
-0.47177
-0.47172
-0.47166
-0.47158
-0.47150
-0.47143
-0.47135
-0.47125
-0.47115
-0.47105
-0.47095
-0.47082
-0.47068
-0.47055
-0.47041
-0.47024
-0.47006
-0.46988
-0.46970
-0.46943
-0.46915
-0.46888
-0.46860
-0.46825
-0.46789
-0.46753
-0.46717
-0.46663
-0.46608
-0.46553
-0.46498
-0.46430
-0.46361
-0.46292
-0.46223
-0.46117
-0.46012
-0.45906
-0.45800
-0.45666
-0.45532
-0.45397
-0.45263
-0.45067
-0.44871
-0.44675
-0.44479
-0.44216
-0.43953
-0.43689
-0.43426
-0.43080
-0.42733
-0.42387
-0.42040
-0.41553
-0.41067
-0.40580
-0.40093
-0.39524
-0.38956
-0.38387
-0.37818
-0.37004
-0.36190
-0.35376
-0.34562
-0.33669
-0.32776
-0.31884
-0.30991
-0.29838
-0.28686
-0.27533
-0.26381
-0.25103
-0.23825
-0.22548
-0.21270
-0.19698
-0.18126
-0.16554
-0.14982
-0.13183
-0.11385
-0.09586
-0.07787
-0.05589
-0.03391
-0.01193
0.01006
0.03561
0.06116
0.08671
0.11226
0.14263
0.17301
0.20338
0.23376
0.26851
0.30326
0.33801
0.37276
0.41062
0.44849
0.48636
0.52422
0.56538
0.60653
0.64768
0.68883
0.72979
0.77075
0.81171
0.85267
0.89299
0.93330
0.97362
1.01394
1.05238
1.09083
1.12928
1.16772
1.20099
1.23426
1.26753
1.30080
1.33254
1.36429
1.39603
1.42778
1.45357
1.47936
1.50515
1.53094
1.55445
1.57797
1.60148
1.62499
1.64346
1.66192
1.68039
1.69886
1.71459
1.73033
1.74606
1.76180
-0.47273
-0.47273
-0.47273
-0.47273
-0.47273
-0.47273
-0.47273
-0.47273
-0.47273
-0.47273
-0.47273
-0.47273
-0.47273
-0.47273
-0.47273
-0.47273
-0.47273
-0.47273
-0.47273
-0.47273
-0.47273
-0.47273
-0.47273
-0.47273
-0.47273
-0.47273
-0.47273
-0.47273
-0.47273
-0.47273
-0.47273
-0.47273
-0.47273
-0.47273
-0.47273
-0.47273
-0.47273
-0.47273
-0.47273
-0.47273
-0.47273
-0.47273
-0.47273
-0.47273
-0.47273
-0.47273
-0.47273
-0.47273
-0.47273
-0.47273
-0.47273
-0.47273
-0.47273
-0.47273
-0.47273
-0.47273
-0.47273
-0.47273
-0.47273
-0.47273
-0.47273
-0.47273
-0.47273
-0.47273
-0.47273
-0.47273
-0.47273
-0.47273
-0.47273
-0.47273
-0.47273
-0.47273
-0.47273
-0.47273
-0.47273
-0.47273
-0.47273
-0.47273
-0.47273
-0.47273
-0.47273
-0.47273
-0.47273
-0.47273
-0.47273
-0.47273
-0.47273
-0.47273
-0.47273
-0.47273
-0.47273
-0.47273
-0.47273
-0.47273
-0.47273
-0.47273
-0.47273
-0.47273
-0.47273
-0.47273
-0.47273
-0.47273
-0.47273
-0.47273
-0.47273
-0.47273
-0.47273
-0.47273
-0.47273
-0.47273
-0.47273
-0.47273
-0.47273
-0.47273
-0.47273
-0.47273
-0.47273
-0.47273
-0.47273
-0.47273
-0.47273
-0.47273
-0.47273
-0.47273
-0.47273
-0.47273
-0.47273
-0.47273
-0.47273
-0.47273
-0.47273
-0.47273
-0.47273
-0.47273
-0.47273
-0.47273
-0.47273
-0.47273
-0.47273
-0.47273
-0.47273
-0.47273
-0.47273
-0.47273
-0.47273
-0.47273
-0.47273
-0.47273
-0.47273
-0.47273
-0.47273
-0.47273
-0.47273
-0.47273
-0.47273
-0.47273
-0.47273
-0.47273
-0.47273
-0.47273
-0.47273
-0.47273
-0.47273
-0.47273
-0.47273
-0.47273
-0.47273
-0.47273
-0.47273
-0.47273
-0.47273
-0.47273
-0.47273
-0.47273
-0.47273
-0.47273
-0.47273
-0.47273
-0.47273
-0.47273
-0.47273
-0.47273
-0.47273
-0.47273
-0.47273
-0.47273
-0.47273
-0.47273
-0.47273
-0.47273
-0.47273
-0.47273
-0.47273
-0.47273
-0.47273
-0.47273
-0.47273
-0.47273
-0.47273
-0.47273
-0.47273
-0.47273
-0.47273
-0.47273
-0.47273
-0.47273
-0.47273
-0.47273
-0.47273
-0.47273
-0.47273
-0.47273
-0.47273
-0.47273
-0.47273
-0.47273
-0.47273
-0.47273
-0.47273
-0.47273
-0.47273
-0.47273
-0.47273
-0.47273
-0.47272
-0.47272
-0.47272
-0.47272
-0.47272
-0.47272
-0.47272
-0.47271
-0.47271
-0.47271
-0.47271
-0.47271
-0.47271
-0.47271
-0.47270
-0.47270
-0.47269
-0.47269
-0.47269
-0.47268
-0.47268
-0.47267
-0.47266
-0.47265
-0.47264
-0.47264
-0.47263
-0.47262
-0.47261
-0.47260
-0.47259
-0.47257
-0.47256
-0.47254
-0.47253
-0.47251
-0.47249
-0.47247
-0.47245
-0.47243
-0.47240
-0.47237
-0.47234
-0.47231
-0.47228
-0.47225
-0.47221
-0.47218
-0.47214
-0.47210
-0.47205
-0.47200
-0.47196
-0.47190
-0.47184
-0.47178
-0.47172
-0.47164
-0.47157
-0.47149
-0.47142
-0.47132
-0.47122
-0.47112
-0.47102
-0.47089
-0.47076
-0.47063
-0.47050
-0.47030
-0.47010
-0.46990
-0.46970
-0.46944
-0.46918
-0.46892
-0.46866
-0.46827
-0.46787
-0.46748
-0.46709
-0.46658
-0.46607
-0.46556
-0.46504
-0.46429
-0.46353
-0.46278
-0.46202
-0.46100
-0.45997
-0.45895
-0.45792
-0.45646
-0.45501
-0.45355
-0.45210
-0.44999
-0.44788
-0.44577
-0.44367
-0.44091
-0.43815
-0.43539
-0.43263
-0.42851
-0.42439
-0.42027
-0.41615
-0.41126
-0.40636
-0.40147
-0.39658
-0.38929
-0.38201
-0.37472
-0.36744
-0.35918
-0.35093
-0.34268
-0.33442
-0.32349
-0.31255
-0.30162
-0.29068
-0.27812
-0.26556
-0.25300
-0.24044
-0.22509
-0.20973
-0.19438
-0.17903
-0.16114
-0.14326
-0.12537
-0.10749
-0.08636
-0.06523
-0.04409
-0.02296
0.00175
0.02647
0.05118
0.07590
0.10452
0.13314
0.16176
0.19038
0.22354
0.25669
0.28985
0.32301
0.35901
0.39500
0.43099
0.46699
0.50668
0.54637
0.58607
0.62576
0.66566
0.70556
0.74546
0.78537
0.82499
0.86461
0.90423
0.94386
0.98183
1.01980
1.05778
1.09575
1.12923
1.16270
1.19618
1.22965
1.26087
1.29210
1.32332
1.35454
1.38103
1.40752
1.43401
1.46050
1.48327
1.50604
1.52880
1.55157
1.57135
1.59112
1.61090
1.63067
1.64576
1.66084
1.67593
1.69101
-0.47283
-0.47283
-0.47283
-0.47283
-0.47283
-0.47283
-0.47283
-0.47283
-0.47283
-0.47283
-0.47283
-0.47283
-0.47283
-0.47283
-0.47283
-0.47283
-0.47283
-0.47283
-0.47283
-0.47283
-0.47283
-0.47283
-0.47283
-0.47283
-0.47283
-0.47283
-0.47283
-0.47283
-0.47283
-0.47283
-0.47283
-0.47283
-0.47283
-0.47283
-0.47283
-0.47283
-0.47283
-0.47283
-0.47283
-0.47283
-0.47283
-0.47283
-0.47283
-0.47283
-0.47283
-0.47283
-0.47283
-0.47283
-0.47283
-0.47283
-0.47283
-0.47283
-0.47283
-0.47283
-0.47283
-0.47283
-0.47283
-0.47283
-0.47283
-0.47283
-0.47283
-0.47283
-0.47283
-0.47283
-0.47283
-0.47283
-0.47283
-0.47283
-0.47283
-0.47283
-0.47283
-0.47283
-0.47283
-0.47283
-0.47283
-0.47283
-0.47283
-0.47283
-0.47283
-0.47283
-0.47283
-0.47283
-0.47283
-0.47283
-0.47283
-0.47283
-0.47283
-0.47283
-0.47283
-0.47283
-0.47283
-0.47283
-0.47283
-0.47283
-0.47283
-0.47283
-0.47283
-0.47283
-0.47283
-0.47283
-0.47283
-0.47283
-0.47283
-0.47283
-0.47283
-0.47283
-0.47283
-0.47283
-0.47283
-0.47283
-0.47283
-0.47283
-0.47283
-0.47283
-0.47283
-0.47283
-0.47283
-0.47283
-0.47283
-0.47283
-0.47283
-0.47283
-0.47283
-0.47283
-0.47283
-0.47283
-0.47283
-0.47283
-0.47283
-0.47283
-0.47283
-0.47283
-0.47283
-0.47283
-0.47283
-0.47283
-0.47283
-0.47283
-0.47283
-0.47283
-0.47283
-0.47283
-0.47283
-0.47283
-0.47283
-0.47283
-0.47283
-0.47283
-0.47283
-0.47283
-0.47283
-0.47283
-0.47283
-0.47283
-0.47283
-0.47283
-0.47283
-0.47283
-0.47283
-0.47283
-0.47283
-0.47283
-0.47283
-0.47283
-0.47283
-0.47283
-0.47283
-0.47283
-0.47283
-0.47283
-0.47283
-0.47283
-0.47283
-0.47283
-0.47283
-0.47283
-0.47283
-0.47283
-0.47283
-0.47283
-0.47283
-0.47283
-0.47283
-0.47283
-0.47283
-0.47283
-0.47283
-0.47283
-0.47283
-0.47283
-0.47283
-0.47283
-0.47283
-0.47283
-0.47283
-0.47283
-0.47283
-0.47283
-0.47283
-0.47283
-0.47283
-0.47283
-0.47283
-0.47283
-0.47283
-0.47283
-0.47283
-0.47283
-0.47283
-0.47283
-0.47283
-0.47283
-0.47283
-0.47283
-0.47283
-0.47283
-0.47283
-0.47283
-0.47283
-0.47283
-0.47283
-0.47283
-0.47282
-0.47282
-0.47282
-0.47282
-0.47282
-0.47282
-0.47282
-0.47282
-0.47282
-0.47281
-0.47281
-0.47281
-0.47281
-0.47281
-0.47281
-0.47281
-0.47281
-0.47281
-0.47280
-0.47280
-0.47280
-0.47279
-0.47279
-0.47278
-0.47278
-0.47277
-0.47276
-0.47276
-0.47275
-0.47275
-0.47274
-0.47273
-0.47272
-0.47271
-0.47271
-0.47269
-0.47268
-0.47266
-0.47265
-0.47263
-0.47261
-0.47260
-0.47258
-0.47256
-0.47253
-0.47251
-0.47249
-0.47246
-0.47243
-0.47240
-0.47237
-0.47233
-0.47229
-0.47226
-0.47222
-0.47217
-0.47212
-0.47207
-0.47201
-0.47195
-0.47189
-0.47183
-0.47176
-0.47168
-0.47160
-0.47152
-0.47144
-0.47133
-0.47122
-0.47112
-0.47101
-0.47086
-0.47071
-0.47056
-0.47041
-0.47021
-0.47001
-0.46981
-0.46961
-0.46933
-0.46905
-0.46876
-0.46848
-0.46810
-0.46772
-0.46734
-0.46695
-0.46642
-0.46588
-0.46534
-0.46480
-0.46404
-0.46328
-0.46251
-0.46175
-0.46071
-0.45967
-0.45863
-0.45759
-0.45601
-0.45442
-0.45284
-0.45126
-0.44922
-0.44718
-0.44514
-0.44310
-0.43995
-0.43680
-0.43364
-0.43049
-0.42657
-0.42264
-0.41872
-0.41479
-0.40885
-0.40290
-0.39696
-0.39101
-0.38370
-0.37638
-0.36907
-0.36176
-0.35177
-0.34179
-0.33181
-0.32183
-0.30948
-0.29714
-0.28479
-0.27245
-0.25738
-0.24232
-0.22726
-0.21219
-0.19404
-0.17588
-0.15772
-0.13957
-0.11882
-0.09807
-0.07733
-0.05658
-0.03222
-0.00786
0.01650
0.04085
0.06816
0.09546
0.12277
0.15007
0.18180
0.21354
0.24527
0.27701
0.31124
0.34547
0.37970
0.41393
0.45192
0.48990
0.52789
0.56588
0.60450
0.64312
0.68173
0.72035
0.75898
0.79761
0.83624
0.87487
0.91200
0.94912
0.98624
1.02337
1.05705
1.09074
1.12443
1.15811
1.18855
1.21898
1.24942
1.27985
1.30712
1.33439
1.36165
1.38892
1.41091
1.43290
1.45489
1.47687
1.49792
1.51897
1.54002
1.56107
1.57547
1.58988
1.60429
1.61870
-0.47297
-0.47297
-0.47297
-0.47297
-0.47297
-0.47297
-0.47297
-0.47297
-0.47297
-0.47297
-0.47297
-0.47297
-0.47297
-0.47297
-0.47297
-0.47297
-0.47297
-0.47297
-0.47297
-0.47297
-0.47297
-0.47297
-0.47297
-0.47297
-0.47297
-0.47297
-0.47297
-0.47297
-0.47297
-0.47297
-0.47297
-0.47297
-0.47297
-0.47297
-0.47297
-0.47297
-0.47297
-0.47297
-0.47297
-0.47297
-0.47297
-0.47297
-0.47297
-0.47297
-0.47297
-0.47297
-0.47297
-0.47297
-0.47297
-0.47297
-0.47297
-0.47297
-0.47297
-0.47297
-0.47297
-0.47297
-0.47297
-0.47297
-0.47297
-0.47297
-0.47297
-0.47297
-0.47297
-0.47297
-0.47297
-0.47297
-0.47297
-0.47297
-0.47297
-0.47297
-0.47297
-0.47297
-0.47297
-0.47297
-0.47297
-0.47297
-0.47297
-0.47297
-0.47297
-0.47297
-0.47297
-0.47297
-0.47297
-0.47297
-0.47297
-0.47297
-0.47297
-0.47297
-0.47297
-0.47297
-0.47297
-0.47297
-0.47297
-0.47297
-0.47297
-0.47297
-0.47297
-0.47297
-0.47297
-0.47297
-0.47297
-0.47297
-0.47297
-0.47297
-0.47297
-0.47297
-0.47297
-0.47297
-0.47297
-0.47297
-0.47297
-0.47297
-0.47297
-0.47297
-0.47297
-0.47297
-0.47297
-0.47297
-0.47297
-0.47297
-0.47297
-0.47297
-0.47297
-0.47297
-0.47297
-0.47297
-0.47297
-0.47297
-0.47297
-0.47297
-0.47297
-0.47297
-0.47297
-0.47297
-0.47297
-0.47297
-0.47297
-0.47297
-0.47297
-0.47297
-0.47297
-0.47297
-0.47297
-0.47297
-0.47297
-0.47297
-0.47297
-0.47297
-0.47297
-0.47297
-0.47297
-0.47297
-0.47297
-0.47297
-0.47297
-0.47297
-0.47297
-0.47297
-0.47297
-0.47297
-0.47297
-0.47297
-0.47297
-0.47297
-0.47297
-0.47297
-0.47297
-0.47297
-0.47297
-0.47297
-0.47297
-0.47297
-0.47297
-0.47297
-0.47297
-0.47297
-0.47297
-0.47297
-0.47297
-0.47297
-0.47297
-0.47297
-0.47297
-0.47297
-0.47297
-0.47297
-0.47297
-0.47297
-0.47297
-0.47297
-0.47297
-0.47297
-0.47297
-0.47297
-0.47297
-0.47297
-0.47297
-0.47297
-0.47297
-0.47297
-0.47297
-0.47297
-0.47297
-0.47297
-0.47297
-0.47297
-0.47297
-0.47297
-0.47297
-0.47297
-0.47297
-0.47297
-0.47297
-0.47297
-0.47297
-0.47297
-0.47297
-0.47297
-0.47297
-0.47297
-0.47297
-0.47297
-0.47297
-0.47297
-0.47297
-0.47297
-0.47297
-0.47297
-0.47297
-0.47296
-0.47296
-0.47296
-0.47296
-0.47296
-0.47296
-0.47296
-0.47296
-0.47295
-0.47295
-0.47295
-0.47295
-0.47295
-0.47295
-0.47295
-0.47294
-0.47294
-0.47293
-0.47293
-0.47292
-0.47292
-0.47291
-0.47291
-0.47291
-0.47290
-0.47290
-0.47289
-0.47289
-0.47287
-0.47286
-0.47285
-0.47284
-0.47283
-0.47281
-0.47280
-0.47279
-0.47277
-0.47276
-0.47274
-0.47272
-0.47270
-0.47267
-0.47265
-0.47262
-0.47260
-0.47257
-0.47254
-0.47251
-0.47246
-0.47242
-0.47238
-0.47234
-0.47229
-0.47224
-0.47218
-0.47213
-0.47207
-0.47200
-0.47193
-0.47187
-0.47178
-0.47169
-0.47160
-0.47151
-0.47140
-0.47128
-0.47117
-0.47106
-0.47091
-0.47076
-0.47060
-0.47045
-0.47025
-0.47005
-0.46985
-0.46964
-0.46937
-0.46909
-0.46881
-0.46853
-0.46815
-0.46778
-0.46741
-0.46703
-0.46648
-0.46593
-0.46538
-0.46483
-0.46411
-0.46339
-0.46266
-0.46194
-0.46080
-0.45966
-0.45852
-0.45738
-0.45591
-0.45445
-0.45298
-0.45152
-0.44919
-0.44687
-0.44454
-0.44222
-0.43916
-0.43609
-0.43303
-0.42997
-0.42530
-0.42064
-0.41597
-0.41131
-0.40506
-0.39882
-0.39258
-0.38633
-0.37768
-0.36902
-0.36037
-0.35171
-0.34014
-0.32856
-0.31699
-0.30541
-0.29128
-0.27715
-0.26302
-0.24889
-0.23094
-0.21299
-0.19504
-0.17709
-0.15685
-0.13660
-0.11636
-0.09612
-0.07200
-0.04789
-0.02378
0.00034
0.02687
0.05341
0.07994
0.10648
0.13716
0.16783
0.19851
0.22919
0.26212
0.29505
0.32799
0.36092
0.39741
0.43390
0.47039
0.50688
0.54426
0.58165
0.61903
0.65642
0.69404
0.73166
0.76929
0.80691
0.84303
0.87915
0.91527
0.95138
0.98515
1.01892
1.05269
1.08646
1.11602
1.14558
1.17514
1.20471
1.23249
1.26028
1.28807
1.31586
1.33731
1.35877
1.38022
1.40168
1.42340
1.44511
1.46683
1.48855
1.50290
1.51724
1.53159
1.54594
-0.47318
-0.47318
-0.47318
-0.47318
-0.47318
-0.47318
-0.47318
-0.47318
-0.47318
-0.47318
-0.47318
-0.47318
-0.47318
-0.47318
-0.47318
-0.47318
-0.47318
-0.47318
-0.47318
-0.47318
-0.47318
-0.47318
-0.47318
-0.47318
-0.47318
-0.47318
-0.47318
-0.47318
-0.47318
-0.47318
-0.47318
-0.47318
-0.47318
-0.47318
-0.47318
-0.47318
-0.47318
-0.47318
-0.47318
-0.47318
-0.47318
-0.47318
-0.47318
-0.47318
-0.47318
-0.47318
-0.47318
-0.47318
-0.47318
-0.47318
-0.47318
-0.47318
-0.47318
-0.47318
-0.47318
-0.47318
-0.47318
-0.47318
-0.47318
-0.47318
-0.47318
-0.47318
-0.47318
-0.47318
-0.47318
-0.47318
-0.47318
-0.47318
-0.47318
-0.47318
-0.47318
-0.47318
-0.47318
-0.47318
-0.47318
-0.47318
-0.47318
-0.47318
-0.47318
-0.47318
-0.47318
-0.47318
-0.47318
-0.47318
-0.47318
-0.47318
-0.47318
-0.47318
-0.47318
-0.47318
-0.47318
-0.47318
-0.47318
-0.47318
-0.47318
-0.47318
-0.47318
-0.47318
-0.47318
-0.47318
-0.47318
-0.47318
-0.47318
-0.47318
-0.47318
-0.47318
-0.47318
-0.47318
-0.47318
-0.47318
-0.47318
-0.47318
-0.47318
-0.47318
-0.47318
-0.47318
-0.47318
-0.47318
-0.47318
-0.47318
-0.47318
-0.47318
-0.47318
-0.47318
-0.47318
-0.47318
-0.47318
-0.47318
-0.47318
-0.47318
-0.47318
-0.47318
-0.47318
-0.47318
-0.47318
-0.47318
-0.47318
-0.47318
-0.47318
-0.47318
-0.47318
-0.47318
-0.47318
-0.47318
-0.47318
-0.47318
-0.47318
-0.47318
-0.47318
-0.47318
-0.47318
-0.47318
-0.47318
-0.47318
-0.47318
-0.47318
-0.47318
-0.47318
-0.47318
-0.47318
-0.47318
-0.47318
-0.47318
-0.47318
-0.47318
-0.47318
-0.47318
-0.47318
-0.47318
-0.47318
-0.47318
-0.47318
-0.47318
-0.47318
-0.47318
-0.47318
-0.47318
-0.47318
-0.47318
-0.47318
-0.47318
-0.47318
-0.47318
-0.47318
-0.47318
-0.47318
-0.47318
-0.47318
-0.47318
-0.47318
-0.47318
-0.47318
-0.47318
-0.47318
-0.47318
-0.47318
-0.47318
-0.47318
-0.47318
-0.47318
-0.47318
-0.47318
-0.47318
-0.47318
-0.47318
-0.47318
-0.47318
-0.47318
-0.47318
-0.47318
-0.47318
-0.47318
-0.47318
-0.47318
-0.47318
-0.47318
-0.47318
-0.47318
-0.47318
-0.47318
-0.47318
-0.47318
-0.47318
-0.47318
-0.47318
-0.47318
-0.47318
-0.47318
-0.47318
-0.47318
-0.47318
-0.47318
-0.47318
-0.47318
-0.47318
-0.47318
-0.47318
-0.47317
-0.47317
-0.47317
-0.47317
-0.47317
-0.47317
-0.47316
-0.47316
-0.47316
-0.47315
-0.47315
-0.47315
-0.47315
-0.47314
-0.47314
-0.47314
-0.47314
-0.47313
-0.47313
-0.47312
-0.47312
-0.47311
-0.47310
-0.47309
-0.47308
-0.47307
-0.47306
-0.47306
-0.47304
-0.47303
-0.47302
-0.47300
-0.47299
-0.47297
-0.47295
-0.47293
-0.47290
-0.47288
-0.47286
-0.47283
-0.47280
-0.47277
-0.47274
-0.47270
-0.47266
-0.47262
-0.47257
-0.47253
-0.47247
-0.47242
-0.47236
-0.47231
-0.47223
-0.47215
-0.47208
-0.47200
-0.47190
-0.47181
-0.47171
-0.47161
-0.47148
-0.47136
-0.47123
-0.47110
-0.47093
-0.47076
-0.47060
-0.47043
-0.47020
-0.46998
-0.46976
-0.46953
-0.46924
-0.46894
-0.46864
-0.46834
-0.46792
-0.46750
-0.46707
-0.46665
-0.46609
-0.46552
-0.46496
-0.46440
-0.46355
-0.46270
-0.46186
-0.46101
-0.45988
-0.45875
-0.45761
-0.45648
-0.45475
-0.45302
-0.45130
-0.44957
-0.44719
-0.44481
-0.44243
-0.44005
-0.43657
-0.43309
-0.42960
-0.42612
-0.42116
-0.41620
-0.41124
-0.40629
-0.39959
-0.39288
-0.38618
-0.37948
-0.36961
-0.35973
-0.34986
-0.33998
-0.32786
-0.31574
-0.30361
-0.29149
-0.27455
-0.25761
-0.24068
-0.22374
-0.20420
-0.18466
-0.16512
-0.14558
-0.12152
-0.09746
-0.07340
-0.04935
-0.02267
0.00402
0.03070
0.05738
0.08761
0.11785
0.14809
0.17833
0.21075
0.24316
0.27557
0.30799
0.34333
0.37867
0.41401
0.44935
0.48559
0.52182
0.55806
0.59429
0.63088
0.66747
0.70406
0.74065
0.77551
0.81036
0.84522
0.88008
0.91371
0.94734
0.98097
1.01461
1.04316
1.07170
1.10025
1.12880
1.15668
1.18455
1.21242
1.24030
1.26164
1.28298
1.30432
1.32566
1.34704
1.36841
1.38978
1.41115
1.42647
1.44180
1.45712
1.47244
-0.47340
-0.47340
-0.47340
-0.47340
-0.47340
-0.47340
-0.47340
-0.47340
-0.47340
-0.47340
-0.47340
-0.47340
-0.47340
-0.47340
-0.47340
-0.47340
-0.47340
-0.47340
-0.47340
-0.47340
-0.47340
-0.47340
-0.47340
-0.47340
-0.47340
-0.47340
-0.47340
-0.47340
-0.47340
-0.47340
-0.47340
-0.47340
-0.47340
-0.47340
-0.47340
-0.47340
-0.47340
-0.47340
-0.47340
-0.47340
-0.47340
-0.47340
-0.47340
-0.47340
-0.47340
-0.47340
-0.47340
-0.47340
-0.47340
-0.47340
-0.47340
-0.47340
-0.47340
-0.47340
-0.47340
-0.47340
-0.47340
-0.47340
-0.47340
-0.47340
-0.47340
-0.47340
-0.47340
-0.47340
-0.47340
-0.47340
-0.47340
-0.47340
-0.47340
-0.47340
-0.47340
-0.47340
-0.47340
-0.47340
-0.47340
-0.47340
-0.47340
-0.47340
-0.47340
-0.47340
-0.47340
-0.47340
-0.47340
-0.47340
-0.47340
-0.47340
-0.47340
-0.47340
-0.47340
-0.47340
-0.47340
-0.47340
-0.47340
-0.47340
-0.47340
-0.47340
-0.47340
-0.47340
-0.47340
-0.47340
-0.47340
-0.47340
-0.47340
-0.47340
-0.47340
-0.47340
-0.47340
-0.47340
-0.47340
-0.47340
-0.47340
-0.47340
-0.47340
-0.47340
-0.47340
-0.47340
-0.47340
-0.47340
-0.47340
-0.47340
-0.47340
-0.47340
-0.47340
-0.47340
-0.47340
-0.47340
-0.47340
-0.47340
-0.47340
-0.47340
-0.47340
-0.47340
-0.47340
-0.47340
-0.47340
-0.47340
-0.47340
-0.47340
-0.47340
-0.47340
-0.47340
-0.47340
-0.47340
-0.47340
-0.47340
-0.47340
-0.47340
-0.47340
-0.47340
-0.47340
-0.47340
-0.47340
-0.47340
-0.47340
-0.47340
-0.47340
-0.47340
-0.47340
-0.47340
-0.47340
-0.47340
-0.47340
-0.47340
-0.47340
-0.47340
-0.47340
-0.47340
-0.47340
-0.47340
-0.47340
-0.47340
-0.47340
-0.47340
-0.47340
-0.47340
-0.47340
-0.47340
-0.47340
-0.47340
-0.47340
-0.47340
-0.47340
-0.47340
-0.47340
-0.47340
-0.47340
-0.47340
-0.47340
-0.47340
-0.47340
-0.47340
-0.47340
-0.47340
-0.47340
-0.47340
-0.47340
-0.47340
-0.47340
-0.47340
-0.47340
-0.47340
-0.47340
-0.47340
-0.47340
-0.47340
-0.47340
-0.47340
-0.47340
-0.47340
-0.47340
-0.47340
-0.47340
-0.47340
-0.47340
-0.47340
-0.47340
-0.47340
-0.47340
-0.47340
-0.47340
-0.47340
-0.47340
-0.47340
-0.47340
-0.47340
-0.47340
-0.47340
-0.47340
-0.47340
-0.47340
-0.47340
-0.47340
-0.47340
-0.47340
-0.47340
-0.47340
-0.47340
-0.47339
-0.47339
-0.47339
-0.47338
-0.47338
-0.47338
-0.47338
-0.47338
-0.47338
-0.47338
-0.47338
-0.47337
-0.47337
-0.47337
-0.47337
-0.47337
-0.47337
-0.47337
-0.47336
-0.47336
-0.47335
-0.47335
-0.47334
-0.47334
-0.47333
-0.47332
-0.47332
-0.47331
-0.47330
-0.47329
-0.47329
-0.47328
-0.47326
-0.47325
-0.47323
-0.47322
-0.47320
-0.47318
-0.47316
-0.47314
-0.47312
-0.47310
-0.47307
-0.47305
-0.47301
-0.47298
-0.47294
-0.47290
-0.47286
-0.47281
-0.47277
-0.47272
-0.47266
-0.47260
-0.47253
-0.47247
-0.47239
-0.47231
-0.47223
-0.47215
-0.47204
-0.47193
-0.47182
-0.47172
-0.47158
-0.47144
-0.47130
-0.47117
-0.47099
-0.47081
-0.47063
-0.47046
-0.47022
-0.46999
-0.46975
-0.46952
-0.46920
-0.46888
-0.46856
-0.46824
-0.46781
-0.46738
-0.46695
-0.46652
-0.46591
-0.46530
-0.46469
-0.46408
-0.46323
-0.46238
-0.46153
-0.46068
-0.45945
-0.45822
-0.45699
-0.45575
-0.45396
-0.45218
-0.45039
-0.44860
-0.44610
-0.44360
-0.44111
-0.43861
-0.43480
-0.43099
-0.42718
-0.42337
-0.41833
-0.41330
-0.40827
-0.40323
-0.39511
-0.38700
-0.37888
-0.37076
-0.36061
-0.35046
-0.34031
-0.33017
-0.31487
-0.29956
-0.28426
-0.26896
-0.25065
-0.23235
-0.21404
-0.19573
-0.17248
-0.14923
-0.12598
-0.10272
-0.07624
-0.04976
-0.02329
0.00319
0.03293
0.06267
0.09241
0.12214
0.15425
0.18636
0.21846
0.25057
0.28513
0.31969
0.35425
0.38880
0.42409
0.45938
0.49467
0.52995
0.56576
0.60157
0.63738
0.67319
0.70691
0.74062
0.77433
0.80805
0.84128
0.87451
0.90775
0.94098
0.96887
0.99677
1.02466
1.05255
1.08023
1.10790
1.13557
1.16325
1.18481
1.20637
1.22793
1.24949
1.27042
1.29135
1.31228
1.33320
1.34967
1.36613
1.38259
1.39906
-0.47362
-0.47362
-0.47362
-0.47362
-0.47362
-0.47362
-0.47362
-0.47362
-0.47362
-0.47362
-0.47362
-0.47362
-0.47362
-0.47362
-0.47362
-0.47362
-0.47362
-0.47362
-0.47362
-0.47362
-0.47362
-0.47362
-0.47362
-0.47362
-0.47362
-0.47362
-0.47362
-0.47362
-0.47362
-0.47362
-0.47362
-0.47362
-0.47362
-0.47362
-0.47362
-0.47362
-0.47362
-0.47362
-0.47362
-0.47362
-0.47362
-0.47362
-0.47362
-0.47362
-0.47362
-0.47362
-0.47362
-0.47362
-0.47362
-0.47362
-0.47362
-0.47362
-0.47362
-0.47362
-0.47362
-0.47362
-0.47362
-0.47362
-0.47362
-0.47362
-0.47362
-0.47362
-0.47362
-0.47362
-0.47362
-0.47362
-0.47362
-0.47362
-0.47362
-0.47362
-0.47362
-0.47362
-0.47362
-0.47362
-0.47362
-0.47362
-0.47362
-0.47362
-0.47362
-0.47362
-0.47362
-0.47362
-0.47362
-0.47362
-0.47362
-0.47362
-0.47362
-0.47362
-0.47362
-0.47362
-0.47362
-0.47362
-0.47362
-0.47362
-0.47362
-0.47362
-0.47362
-0.47362
-0.47362
-0.47362
-0.47362
-0.47362
-0.47362
-0.47362
-0.47362
-0.47362
-0.47362
-0.47362
-0.47362
-0.47362
-0.47362
-0.47362
-0.47362
-0.47362
-0.47362
-0.47362
-0.47362
-0.47362
-0.47362
-0.47362
-0.47362
-0.47362
-0.47362
-0.47362
-0.47362
-0.47362
-0.47362
-0.47362
-0.47362
-0.47362
-0.47362
-0.47362
-0.47362
-0.47362
-0.47362
-0.47362
-0.47362
-0.47362
-0.47362
-0.47362
-0.47362
-0.47362
-0.47362
-0.47362
-0.47362
-0.47362
-0.47362
-0.47362
-0.47362
-0.47362
-0.47362
-0.47362
-0.47362
-0.47362
-0.47362
-0.47362
-0.47362
-0.47362
-0.47362
-0.47362
-0.47362
-0.47362
-0.47362
-0.47362
-0.47362
-0.47362
-0.47362
-0.47362
-0.47362
-0.47362
-0.47362
-0.47362
-0.47362
-0.47362
-0.47362
-0.47362
-0.47362
-0.47362
-0.47362
-0.47362
-0.47362
-0.47362
-0.47362
-0.47362
-0.47362
-0.47362
-0.47362
-0.47362
-0.47362
-0.47362
-0.47362
-0.47362
-0.47362
-0.47362
-0.47362
-0.47362
-0.47362
-0.47362
-0.47362
-0.47362
-0.47362
-0.47362
-0.47362
-0.47362
-0.47362
-0.47362
-0.47362
-0.47362
-0.47362
-0.47362
-0.47362
-0.47362
-0.47362
-0.47362
-0.47362
-0.47362
-0.47362
-0.47362
-0.47362
-0.47362
-0.47362
-0.47362
-0.47362
-0.47362
-0.47362
-0.47362
-0.47362
-0.47362
-0.47362
-0.47362
-0.47362
-0.47362
-0.47362
-0.47362
-0.47362
-0.47362
-0.47362
-0.47361
-0.47361
-0.47361
-0.47360
-0.47360
-0.47360
-0.47360
-0.47360
-0.47360
-0.47360
-0.47360
-0.47360
-0.47360
-0.47359
-0.47359
-0.47359
-0.47359
-0.47359
-0.47359
-0.47359
-0.47358
-0.47358
-0.47357
-0.47357
-0.47356
-0.47356
-0.47355
-0.47354
-0.47354
-0.47353
-0.47353
-0.47352
-0.47351
-0.47350
-0.47349
-0.47348
-0.47346
-0.47345
-0.47343
-0.47342
-0.47340
-0.47338
-0.47336
-0.47334
-0.47332
-0.47329
-0.47326
-0.47324
-0.47320
-0.47317
-0.47313
-0.47310
-0.47305
-0.47300
-0.47294
-0.47289
-0.47283
-0.47277
-0.47270
-0.47264
-0.47255
-0.47246
-0.47237
-0.47228
-0.47216
-0.47205
-0.47193
-0.47181
-0.47166
-0.47151
-0.47136
-0.47121
-0.47101
-0.47081
-0.47061
-0.47041
-0.47015
-0.46988
-0.46962
-0.46935
-0.46900
-0.46865
-0.46830
-0.46794
-0.46746
-0.46697
-0.46649
-0.46600
-0.46533
-0.46466
-0.46399
-0.46332
-0.46238
-0.46144
-0.46049
-0.45955
-0.45816
-0.45677
-0.45538
-0.45399
-0.45207
-0.45016
-0.44824
-0.44632
-0.44338
-0.44043
-0.43749
-0.43455
-0.43059
-0.42664
-0.42268
-0.41873
-0.41248
-0.40623
-0.39998
-0.39373
-0.38549
-0.37726
-0.36902
-0.36078
-0.34840
-0.33602
-0.32363
-0.31125
-0.29526
-0.27927
-0.26328
-0.24729
-0.22639
-0.20549
-0.18458
-0.16368
-0.13811
-0.11255
-0.08698
-0.06141
-0.03231
-0.00320
0.02591
0.05502
0.08725
0.11948
0.15171
0.18394
0.21847
0.25300
0.28752
0.32205
0.35681
0.39156
0.42632
0.46107
0.49662
0.53217
0.56772
0.60327
0.63608
0.66890
0.70172
0.73453
0.76682
0.79912
0.83141
0.86370
0.89167
0.91965
0.94762
0.97559
1.00248
1.02937
1.05626
1.08315
1.10562
1.12808
1.15054
1.17301
1.19328
1.21356
1.23384
1.25412
1.27207
1.29002
1.30798
1.32593
-0.47383
-0.47383
-0.47383
-0.47383
-0.47383
-0.47383
-0.47383
-0.47383
-0.47383
-0.47383
-0.47383
-0.47383
-0.47383
-0.47383
-0.47383
-0.47383
-0.47383
-0.47383
-0.47383
-0.47383
-0.47383
-0.47383
-0.47383
-0.47383
-0.47383
-0.47383
-0.47383
-0.47383
-0.47383
-0.47383
-0.47383
-0.47383
-0.47383
-0.47383
-0.47383
-0.47383
-0.47383
-0.47383
-0.47383
-0.47383
-0.47383
-0.47383
-0.47383
-0.47383
-0.47383
-0.47383
-0.47383
-0.47383
-0.47383
-0.47383
-0.47383
-0.47383
-0.47383
-0.47383
-0.47383
-0.47383
-0.47383
-0.47383
-0.47383
-0.47383
-0.47383
-0.47383
-0.47383
-0.47383
-0.47383
-0.47383
-0.47383
-0.47383
-0.47383
-0.47383
-0.47383
-0.47383
-0.47383
-0.47383
-0.47383
-0.47383
-0.47383
-0.47383
-0.47383
-0.47383
-0.47383
-0.47383
-0.47383
-0.47383
-0.47383
-0.47383
-0.47383
-0.47383
-0.47383
-0.47383
-0.47383
-0.47383
-0.47383
-0.47383
-0.47383
-0.47383
-0.47383
-0.47383
-0.47383
-0.47383
-0.47383
-0.47383
-0.47383
-0.47383
-0.47383
-0.47383
-0.47383
-0.47383
-0.47383
-0.47383
-0.47383
-0.47383
-0.47383
-0.47383
-0.47383
-0.47383
-0.47383
-0.47383
-0.47383
-0.47383
-0.47383
-0.47383
-0.47383
-0.47383
-0.47383
-0.47383
-0.47383
-0.47383
-0.47383
-0.47383
-0.47383
-0.47383
-0.47383
-0.47383
-0.47383
-0.47383
-0.47383
-0.47383
-0.47383
-0.47383
-0.47383
-0.47383
-0.47383
-0.47383
-0.47383
-0.47383
-0.47383
-0.47383
-0.47383
-0.47383
-0.47383
-0.47383
-0.47383
-0.47383
-0.47383
-0.47383
-0.47383
-0.47383
-0.47383
-0.47383
-0.47383
-0.47383
-0.47383
-0.47383
-0.47383
-0.47383
-0.47383
-0.47383
-0.47383
-0.47383
-0.47383
-0.47383
-0.47383
-0.47383
-0.47383
-0.47383
-0.47383
-0.47383
-0.47383
-0.47383
-0.47383
-0.47383
-0.47383
-0.47383
-0.47383
-0.47383
-0.47383
-0.47383
-0.47383
-0.47383
-0.47383
-0.47383
-0.47383
-0.47383
-0.47383
-0.47383
-0.47383
-0.47383
-0.47383
-0.47383
-0.47383
-0.47383
-0.47383
-0.47383
-0.47383
-0.47383
-0.47383
-0.47383
-0.47383
-0.47383
-0.47383
-0.47383
-0.47383
-0.47383
-0.47383
-0.47383
-0.47383
-0.47383
-0.47383
-0.47383
-0.47383
-0.47383
-0.47383
-0.47383
-0.47383
-0.47383
-0.47383
-0.47383
-0.47383
-0.47383
-0.47383
-0.47383
-0.47383
-0.47383
-0.47383
-0.47383
-0.47383
-0.47383
-0.47383
-0.47382
-0.47382
-0.47382
-0.47382
-0.47382
-0.47382
-0.47382
-0.47382
-0.47382
-0.47382
-0.47382
-0.47382
-0.47381
-0.47381
-0.47381
-0.47381
-0.47381
-0.47381
-0.47381
-0.47380
-0.47380
-0.47380
-0.47379
-0.47379
-0.47378
-0.47378
-0.47377
-0.47377
-0.47377
-0.47376
-0.47376
-0.47375
-0.47374
-0.47373
-0.47372
-0.47371
-0.47370
-0.47369
-0.47367
-0.47366
-0.47364
-0.47362
-0.47361
-0.47359
-0.47357
-0.47355
-0.47352
-0.47349
-0.47347
-0.47344
-0.47340
-0.47336
-0.47332
-0.47328
-0.47323
-0.47318
-0.47313
-0.47308
-0.47301
-0.47294
-0.47286
-0.47279
-0.47270
-0.47260
-0.47250
-0.47241
-0.47228
-0.47215
-0.47203
-0.47190
-0.47174
-0.47157
-0.47141
-0.47124
-0.47102
-0.47080
-0.47058
-0.47037
-0.47008
-0.46979
-0.46949
-0.46920
-0.46881
-0.46842
-0.46803
-0.46764
-0.46711
-0.46658
-0.46605
-0.46552
-0.46479
-0.46406
-0.46334
-0.46261
-0.46154
-0.46046
-0.45939
-0.45832
-0.45685
-0.45537
-0.45390
-0.45243
-0.45018
-0.44794
-0.44569
-0.44344
-0.44036
-0.43727
-0.43419
-0.43110
-0.42636
-0.42162
-0.41688
-0.41214
-0.40556
-0.39898
-0.39241
-0.38583
-0.37607
-0.36632
-0.35656
-0.34681
-0.33325
-0.31970
-0.30615
-0.29259
-0.27463
-0.25667
-0.23871
-0.22074
-0.19698
-0.17321
-0.14944
-0.12567
-0.09817
-0.07066
-0.04316
-0.01566
0.01616
0.04799
0.07981
0.11164
0.14588
0.18012
0.21436
0.24861
0.28316
0.31772
0.35227
0.38683
0.42219
0.45755
0.49291
0.52827
0.56086
0.59345
0.62604
0.65864
0.69010
0.72156
0.75302
0.78448
0.81277
0.84105
0.86933
0.89762
0.92369
0.94977
0.97585
1.00193
1.02544
1.04895
1.07246
1.09597
1.11565
1.13534
1.15503
1.17471
1.19429
1.21386
1.23344
1.25301
-0.47404
-0.47404
-0.47404
-0.47404
-0.47404
-0.47404
-0.47404
-0.47404
-0.47404
-0.47404
-0.47404
-0.47404
-0.47404
-0.47404
-0.47404
-0.47404
-0.47404
-0.47404
-0.47404
-0.47404
-0.47404
-0.47404
-0.47404
-0.47404
-0.47404
-0.47404
-0.47404
-0.47404
-0.47404
-0.47404
-0.47404
-0.47404
-0.47404
-0.47404
-0.47404
-0.47404
-0.47404
-0.47404
-0.47404
-0.47404
-0.47404
-0.47404
-0.47404
-0.47404
-0.47404
-0.47404
-0.47404
-0.47404
-0.47404
-0.47404
-0.47404
-0.47404
-0.47404
-0.47404
-0.47404
-0.47404
-0.47404
-0.47404
-0.47404
-0.47404
-0.47404
-0.47404
-0.47404
-0.47404
-0.47404
-0.47404
-0.47404
-0.47404
-0.47404
-0.47404
-0.47404
-0.47404
-0.47404
-0.47404
-0.47404
-0.47404
-0.47404
-0.47404
-0.47404
-0.47404
-0.47404
-0.47404
-0.47404
-0.47404
-0.47404
-0.47404
-0.47404
-0.47404
-0.47404
-0.47404
-0.47404
-0.47404
-0.47404
-0.47404
-0.47404
-0.47404
-0.47404
-0.47404
-0.47404
-0.47404
-0.47404
-0.47404
-0.47404
-0.47404
-0.47404
-0.47404
-0.47404
-0.47404
-0.47404
-0.47404
-0.47404
-0.47404
-0.47404
-0.47404
-0.47404
-0.47404
-0.47404
-0.47404
-0.47404
-0.47404
-0.47404
-0.47404
-0.47404
-0.47404
-0.47404
-0.47404
-0.47404
-0.47404
-0.47404
-0.47404
-0.47404
-0.47404
-0.47404
-0.47404
-0.47404
-0.47404
-0.47404
-0.47404
-0.47404
-0.47404
-0.47404
-0.47404
-0.47404
-0.47404
-0.47404
-0.47404
-0.47404
-0.47404
-0.47404
-0.47404
-0.47404
-0.47404
-0.47404
-0.47404
-0.47404
-0.47404
-0.47404
-0.47404
-0.47404
-0.47404
-0.47404
-0.47404
-0.47404
-0.47404
-0.47404
-0.47404
-0.47404
-0.47404
-0.47404
-0.47404
-0.47404
-0.47404
-0.47404
-0.47404
-0.47404
-0.47404
-0.47404
-0.47404
-0.47404
-0.47404
-0.47404
-0.47404
-0.47404
-0.47404
-0.47404
-0.47404
-0.47404
-0.47404
-0.47404
-0.47404
-0.47404
-0.47404
-0.47404
-0.47404
-0.47404
-0.47404
-0.47404
-0.47404
-0.47404
-0.47404
-0.47404
-0.47404
-0.47404
-0.47404
-0.47404
-0.47404
-0.47404
-0.47404
-0.47404
-0.47404
-0.47404
-0.47404
-0.47404
-0.47404
-0.47404
-0.47404
-0.47404
-0.47404
-0.47404
-0.47404
-0.47404
-0.47404
-0.47404
-0.47404
-0.47404
-0.47404
-0.47404
-0.47404
-0.47404
-0.47404
-0.47404
-0.47404
-0.47404
-0.47404
-0.47404
-0.47404
-0.47404
-0.47404
-0.47404
-0.47404
-0.47404
-0.47404
-0.47404
-0.47404
-0.47404
-0.47404
-0.47404
-0.47404
-0.47404
-0.47404
-0.47404
-0.47404
-0.47404
-0.47404
-0.47403
-0.47403
-0.47403
-0.47403
-0.47403
-0.47403
-0.47403
-0.47402
-0.47402
-0.47402
-0.47401
-0.47401
-0.47401
-0.47400
-0.47400
-0.47399
-0.47399
-0.47398
-0.47397
-0.47396
-0.47396
-0.47395
-0.47394
-0.47393
-0.47392
-0.47390
-0.47389
-0.47388
-0.47386
-0.47385
-0.47383
-0.47381
-0.47379
-0.47377
-0.47375
-0.47372
-0.47369
-0.47366
-0.47363
-0.47359
-0.47355
-0.47351
-0.47347
-0.47342
-0.47336
-0.47331
-0.47325
-0.47317
-0.47310
-0.47302
-0.47294
-0.47284
-0.47274
-0.47264
-0.47254
-0.47240
-0.47227
-0.47213
-0.47199
-0.47181
-0.47163
-0.47145
-0.47127
-0.47103
-0.47078
-0.47054
-0.47029
-0.46997
-0.46965
-0.46933
-0.46901
-0.46857
-0.46814
-0.46771
-0.46727
-0.46668
-0.46609
-0.46550
-0.46491
-0.46407
-0.46324
-0.46240
-0.46157
-0.46040
-0.45924
-0.45808
-0.45691
-0.45519
-0.45348
-0.45176
-0.45004
-0.44761
-0.44518
-0.44275
-0.44032
-0.43673
-0.43314
-0.42955
-0.42595
-0.42077
-0.41560
-0.41042
-0.40524
-0.39782
-0.39040
-0.38298
-0.37556
-0.36456
-0.35356
-0.34257
-0.33157
-0.31715
-0.30272
-0.28830
-0.27387
-0.25280
-0.23172
-0.21064
-0.18956
-0.16465
-0.13974
-0.11483
-0.08992
-0.05904
-0.02816
0.00271
0.03359
0.06729
0.10100
0.13470
0.16840
0.20309
0.23779
0.27248
0.30717
0.34241
0.37765
0.41289
0.44814
0.48119
0.51423
0.54728
0.58033
0.61108
0.64182
0.67256
0.70330
0.73213
0.76096
0.78979
0.81862
0.84385
0.86909
0.89433
0.91956
0.94426
0.96897
0.99367
1.01837
1.03752
1.05668
1.07583
1.09498
1.11631
1.13764
1.15898
1.18031
-0.47425
-0.47425
-0.47425
-0.47425
-0.47425
-0.47425
-0.47425
-0.47425
-0.47425
-0.47425
-0.47425
-0.47425
-0.47425
-0.47425
-0.47425
-0.47425
-0.47425
-0.47425
-0.47425
-0.47425
-0.47425
-0.47425
-0.47425
-0.47425
-0.47425
-0.47425
-0.47425
-0.47425
-0.47425
-0.47425
-0.47425
-0.47425
-0.47425
-0.47425
-0.47425
-0.47425
-0.47425
-0.47425
-0.47425
-0.47425
-0.47425
-0.47425
-0.47425
-0.47425
-0.47425
-0.47425
-0.47425
-0.47425
-0.47425
-0.47425
-0.47425
-0.47425
-0.47425
-0.47425
-0.47425
-0.47425
-0.47425
-0.47425
-0.47425
-0.47425
-0.47425
-0.47425
-0.47425
-0.47425
-0.47425
-0.47425
-0.47425
-0.47425
-0.47425
-0.47425
-0.47425
-0.47425
-0.47425
-0.47425
-0.47425
-0.47425
-0.47425
-0.47425
-0.47425
-0.47425
-0.47425
-0.47425
-0.47425
-0.47425
-0.47425
-0.47425
-0.47425
-0.47425
-0.47425
-0.47425
-0.47425
-0.47425
-0.47425
-0.47425
-0.47425
-0.47425
-0.47425
-0.47425
-0.47425
-0.47425
-0.47425
-0.47425
-0.47425
-0.47425
-0.47425
-0.47425
-0.47425
-0.47425
-0.47425
-0.47425
-0.47425
-0.47425
-0.47425
-0.47425
-0.47425
-0.47425
-0.47425
-0.47425
-0.47425
-0.47425
-0.47425
-0.47425
-0.47425
-0.47425
-0.47425
-0.47425
-0.47425
-0.47425
-0.47425
-0.47425
-0.47425
-0.47425
-0.47425
-0.47425
-0.47425
-0.47425
-0.47425
-0.47425
-0.47425
-0.47425
-0.47425
-0.47425
-0.47425
-0.47425
-0.47425
-0.47425
-0.47425
-0.47425
-0.47425
-0.47425
-0.47425
-0.47425
-0.47425
-0.47425
-0.47425
-0.47425
-0.47425
-0.47425
-0.47425
-0.47425
-0.47425
-0.47425
-0.47425
-0.47425
-0.47425
-0.47425
-0.47425
-0.47425
-0.47425
-0.47425
-0.47425
-0.47425
-0.47425
-0.47425
-0.47425
-0.47425
-0.47425
-0.47425
-0.47425
-0.47425
-0.47425
-0.47425
-0.47425
-0.47425
-0.47425
-0.47425
-0.47425
-0.47425
-0.47425
-0.47425
-0.47425
-0.47425
-0.47425
-0.47425
-0.47425
-0.47425
-0.47425
-0.47425
-0.47425
-0.47425
-0.47425
-0.47425
-0.47425
-0.47425
-0.47425
-0.47425
-0.47425
-0.47425
-0.47425
-0.47425
-0.47425
-0.47425
-0.47425
-0.47425
-0.47425
-0.47425
-0.47425
-0.47425
-0.47425
-0.47425
-0.47425
-0.47425
-0.47425
-0.47425
-0.47425
-0.47425
-0.47425
-0.47425
-0.47425
-0.47425
-0.47425
-0.47425
-0.47425
-0.47425
-0.47425
-0.47425
-0.47425
-0.47425
-0.47425
-0.47425
-0.47425
-0.47425
-0.47425
-0.47425
-0.47425
-0.47425
-0.47425
-0.47425
-0.47425
-0.47425
-0.47425
-0.47425
-0.47425
-0.47425
-0.47425
-0.47425
-0.47425
-0.47425
-0.47425
-0.47424
-0.47424
-0.47424
-0.47424
-0.47424
-0.47424
-0.47423
-0.47423
-0.47423
-0.47422
-0.47422
-0.47421
-0.47421
-0.47420
-0.47420
-0.47420
-0.47419
-0.47419
-0.47417
-0.47416
-0.47415
-0.47414
-0.47413
-0.47412
-0.47411
-0.47410
-0.47408
-0.47406
-0.47404
-0.47403
-0.47400
-0.47398
-0.47396
-0.47393
-0.47390
-0.47387
-0.47384
-0.47381
-0.47376
-0.47372
-0.47367
-0.47363
-0.47357
-0.47350
-0.47344
-0.47338
-0.47330
-0.47322
-0.47314
-0.47306
-0.47295
-0.47283
-0.47272
-0.47261
-0.47246
-0.47231
-0.47217
-0.47202
-0.47182
-0.47162
-0.47142
-0.47122
-0.47095
-0.47069
-0.47042
-0.47015
-0.46979
-0.46943
-0.46907
-0.46871
-0.46822
-0.46774
-0.46725
-0.46676
-0.46608
-0.46540
-0.46472
-0.46404
-0.46310
-0.46215
-0.46120
-0.46025
-0.45889
-0.45752
-0.45616
-0.45479
-0.45285
-0.45090
-0.44895
-0.44700
-0.44418
-0.44137
-0.43855
-0.43573
-0.43158
-0.42742
-0.42327
-0.41911
-0.41327
-0.40744
-0.40160
-0.39576
-0.38687
-0.37798
-0.36909
-0.36020
-0.34843
-0.33665
-0.32488
-0.31310
-0.29551
-0.27792
-0.26033
-0.24274
-0.22100
-0.19926
-0.17752
-0.15578
-0.12777
-0.09976
-0.07175
-0.04374
-0.01178
0.02017
0.05212
0.08408
0.11834
0.15260
0.18687
0.22113
0.25626
0.29140
0.32653
0.36166
0.39575
0.42983
0.46391
0.49799
0.52818
0.55836
0.58855
0.61873
0.64864
0.67855
0.70846
0.73836
0.76286
0.78736
0.81186
0.83636
0.86186
0.88737
0.91287
0.93837
0.95750
0.97663
0.99576
1.01490
1.03635
1.05780
1.07925
1.10070
-0.47446
-0.47446
-0.47446
-0.47446
-0.47446
-0.47446
-0.47446
-0.47446
-0.47446
-0.47446
-0.47446
-0.47446
-0.47446
-0.47446
-0.47446
-0.47446
-0.47446
-0.47446
-0.47446
-0.47446
-0.47446
-0.47446
-0.47446
-0.47446
-0.47446
-0.47446
-0.47446
-0.47446
-0.47446
-0.47446
-0.47446
-0.47446
-0.47446
-0.47446
-0.47446
-0.47446
-0.47446
-0.47446
-0.47446
-0.47446
-0.47446
-0.47446
-0.47446
-0.47446
-0.47446
-0.47446
-0.47446
-0.47446
-0.47446
-0.47446
-0.47446
-0.47446
-0.47446
-0.47446
-0.47446
-0.47446
-0.47446
-0.47446
-0.47446
-0.47446
-0.47446
-0.47446
-0.47446
-0.47446
-0.47446
-0.47446
-0.47446
-0.47446
-0.47446
-0.47446
-0.47446
-0.47446
-0.47446
-0.47446
-0.47446
-0.47446
-0.47446
-0.47446
-0.47446
-0.47446
-0.47446
-0.47446
-0.47446
-0.47446
-0.47446
-0.47446
-0.47446
-0.47446
-0.47446
-0.47446
-0.47446
-0.47446
-0.47446
-0.47446
-0.47446
-0.47446
-0.47446
-0.47446
-0.47446
-0.47446
-0.47446
-0.47446
-0.47446
-0.47446
-0.47446
-0.47446
-0.47446
-0.47446
-0.47446
-0.47446
-0.47446
-0.47446
-0.47446
-0.47446
-0.47446
-0.47446
-0.47446
-0.47446
-0.47446
-0.47446
-0.47446
-0.47446
-0.47446
-0.47446
-0.47446
-0.47446
-0.47446
-0.47446
-0.47446
-0.47446
-0.47446
-0.47446
-0.47446
-0.47446
-0.47446
-0.47446
-0.47446
-0.47446
-0.47446
-0.47446
-0.47446
-0.47446
-0.47446
-0.47446
-0.47446
-0.47446
-0.47446
-0.47446
-0.47446
-0.47446
-0.47446
-0.47446
-0.47446
-0.47446
-0.47446
-0.47446
-0.47446
-0.47446
-0.47446
-0.47446
-0.47446
-0.47446
-0.47446
-0.47446
-0.47446
-0.47446
-0.47446
-0.47446
-0.47446
-0.47446
-0.47446
-0.47446
-0.47446
-0.47446
-0.47446
-0.47446
-0.47446
-0.47446
-0.47446
-0.47446
-0.47446
-0.47446
-0.47446
-0.47446
-0.47446
-0.47446
-0.47446
-0.47446
-0.47446
-0.47446
-0.47446
-0.47446
-0.47446
-0.47446
-0.47446
-0.47446
-0.47447
-0.47447
-0.47447
-0.47447
-0.47447
-0.47447
-0.47447
-0.47447
-0.47447
-0.47447
-0.47447
-0.47447
-0.47447
-0.47447
-0.47447
-0.47447
-0.47447
-0.47447
-0.47447
-0.47447
-0.47447
-0.47447
-0.47447
-0.47447
-0.47447
-0.47447
-0.47447
-0.47447
-0.47447
-0.47447
-0.47447
-0.47447
-0.47447
-0.47447
-0.47447
-0.47447
-0.47447
-0.47447
-0.47447
-0.47447
-0.47447
-0.47447
-0.47447
-0.47447
-0.47447
-0.47447
-0.47447
-0.47447
-0.47447
-0.47447
-0.47447
-0.47447
-0.47447
-0.47447
-0.47447
-0.47447
-0.47447
-0.47447
-0.47447
-0.47447
-0.47447
-0.47447
-0.47446
-0.47446
-0.47446
-0.47446
-0.47446
-0.47446
-0.47446
-0.47445
-0.47445
-0.47445
-0.47445
-0.47444
-0.47444
-0.47444
-0.47443
-0.47443
-0.47443
-0.47442
-0.47442
-0.47441
-0.47440
-0.47439
-0.47439
-0.47438
-0.47437
-0.47436
-0.47435
-0.47434
-0.47432
-0.47431
-0.47429
-0.47427
-0.47425
-0.47424
-0.47422
-0.47419
-0.47417
-0.47414
-0.47412
-0.47408
-0.47405
-0.47401
-0.47397
-0.47393
-0.47388
-0.47383
-0.47378
-0.47371
-0.47365
-0.47359
-0.47352
-0.47343
-0.47334
-0.47325
-0.47316
-0.47304
-0.47292
-0.47280
-0.47268
-0.47252
-0.47236
-0.47220
-0.47203
-0.47182
-0.47160
-0.47138
-0.47116
-0.47086
-0.47056
-0.47027
-0.46997
-0.46957
-0.46917
-0.46877
-0.46837
-0.46781
-0.46726
-0.46670
-0.46614
-0.46537
-0.46460
-0.46382
-0.46305
-0.46196
-0.46087
-0.45978
-0.45869
-0.45713
-0.45557
-0.45401
-0.45245
-0.45023
-0.44801
-0.44579
-0.44357
-0.44025
-0.43693
-0.43362
-0.43030
-0.42569
-0.42108
-0.41647
-0.41186
-0.40477
-0.39767
-0.39057
-0.38348
-0.37390
-0.36433
-0.35476
-0.34518
-0.33089
-0.31659
-0.30229
-0.28799
-0.26940
-0.25081
-0.23222
-0.21363
-0.18903
-0.16443
-0.13983
-0.11523
-0.08570
-0.05617
-0.02664
0.00290
0.03585
0.06881
0.10176
0.13472
0.16925
0.20379
0.23832
0.27286
0.30756
0.34225
0.37695
0.41165
0.44166
0.47167
0.50168
0.53169
0.56250
0.59330
0.62411
0.65492
0.67935
0.70378
0.72821
0.75265
0.77852
0.80440
0.83027
0.85615
0.87583
0.89552
0.91520
0.93488
0.95604
0.97720
0.99835
1.01951
-0.47467
-0.47467
-0.47467
-0.47467
-0.47467
-0.47467
-0.47467
-0.47467
-0.47467
-0.47467
-0.47467
-0.47467
-0.47467
-0.47467
-0.47467
-0.47467
-0.47467
-0.47467
-0.47467
-0.47467
-0.47467
-0.47467
-0.47467
-0.47467
-0.47467
-0.47467
-0.47467
-0.47467
-0.47467
-0.47467
-0.47467
-0.47467
-0.47467
-0.47467
-0.47467
-0.47467
-0.47467
-0.47467
-0.47467
-0.47467
-0.47467
-0.47467
-0.47467
-0.47467
-0.47467
-0.47467
-0.47467
-0.47467
-0.47467
-0.47467
-0.47467
-0.47467
-0.47467
-0.47467
-0.47467
-0.47467
-0.47467
-0.47467
-0.47467
-0.47467
-0.47467
-0.47467
-0.47467
-0.47467
-0.47467
-0.47467
-0.47467
-0.47467
-0.47467
-0.47467
-0.47467
-0.47467
-0.47467
-0.47467
-0.47467
-0.47467
-0.47467
-0.47467
-0.47467
-0.47467
-0.47467
-0.47467
-0.47467
-0.47467
-0.47467
-0.47467
-0.47467
-0.47467
-0.47467
-0.47467
-0.47467
-0.47467
-0.47467
-0.47467
-0.47467
-0.47467
-0.47467
-0.47467
-0.47467
-0.47467
-0.47467
-0.47467
-0.47467
-0.47467
-0.47467
-0.47467
-0.47467
-0.47467
-0.47467
-0.47467
-0.47467
-0.47467
-0.47467
-0.47467
-0.47467
-0.47467
-0.47467
-0.47467
-0.47467
-0.47467
-0.47467
-0.47467
-0.47467
-0.47467
-0.47467
-0.47467
-0.47467
-0.47467
-0.47467
-0.47467
-0.47467
-0.47467
-0.47467
-0.47467
-0.47467
-0.47467
-0.47467
-0.47467
-0.47467
-0.47467
-0.47467
-0.47467
-0.47467
-0.47467
-0.47467
-0.47467
-0.47467
-0.47467
-0.47467
-0.47467
-0.47467
-0.47467
-0.47467
-0.47467
-0.47467
-0.47467
-0.47467
-0.47467
-0.47467
-0.47467
-0.47467
-0.47467
-0.47467
-0.47467
-0.47467
-0.47467
-0.47467
-0.47467
-0.47467
-0.47467
-0.47467
-0.47467
-0.47467
-0.47467
-0.47467
-0.47467
-0.47467
-0.47467
-0.47467
-0.47467
-0.47467
-0.47467
-0.47467
-0.47467
-0.47467
-0.47467
-0.47467
-0.47467
-0.47467
-0.47467
-0.47467
-0.47467
-0.47467
-0.47467
-0.47467
-0.47467
-0.47467
-0.47467
-0.47467
-0.47467
-0.47467
-0.47467
-0.47467
-0.47467
-0.47467
-0.47467
-0.47467
-0.47467
-0.47467
-0.47467
-0.47467
-0.47467
-0.47467
-0.47467
-0.47467
-0.47467
-0.47467
-0.47467
-0.47467
-0.47467
-0.47467
-0.47468
-0.47468
-0.47468
-0.47468
-0.47468
-0.47468
-0.47468
-0.47468
-0.47468
-0.47468
-0.47468
-0.47468
-0.47468
-0.47468
-0.47468
-0.47468
-0.47468
-0.47468
-0.47468
-0.47468
-0.47468
-0.47468
-0.47468
-0.47468
-0.47468
-0.47468
-0.47468
-0.47468
-0.47468
-0.47468
-0.47468
-0.47468
-0.47468
-0.47468
-0.47468
-0.47468
-0.47468
-0.47468
-0.47468
-0.47467
-0.47467
-0.47467
-0.47467
-0.47467
-0.47467
-0.47467
-0.47467
-0.47467
-0.47466
-0.47466
-0.47466
-0.47466
-0.47465
-0.47465
-0.47465
-0.47465
-0.47464
-0.47464
-0.47463
-0.47462
-0.47462
-0.47461
-0.47460
-0.47460
-0.47459
-0.47457
-0.47456
-0.47455
-0.47454
-0.47452
-0.47451
-0.47449
-0.47447
-0.47445
-0.47443
-0.47441
-0.47438
-0.47435
-0.47433
-0.47430
-0.47426
-0.47422
-0.47418
-0.47414
-0.47408
-0.47403
-0.47398
-0.47393
-0.47385
-0.47378
-0.47370
-0.47362
-0.47353
-0.47343
-0.47333
-0.47323
-0.47310
-0.47296
-0.47283
-0.47269
-0.47251
-0.47233
-0.47215
-0.47197
-0.47172
-0.47148
-0.47123
-0.47098
-0.47064
-0.47031
-0.46997
-0.46964
-0.46917
-0.46871
-0.46824
-0.46778
-0.46713
-0.46648
-0.46583
-0.46518
-0.46427
-0.46336
-0.46245
-0.46154
-0.46025
-0.45895
-0.45765
-0.45636
-0.45452
-0.45268
-0.45084
-0.44900
-0.44629
-0.44357
-0.44086
-0.43815
-0.43434
-0.43053
-0.42672
-0.42292
-0.41715
-0.41138
-0.40561
-0.39984
-0.39190
-0.38395
-0.37601
-0.36807
-0.35636
-0.34465
-0.33295
-0.32124
-0.30554
-0.28984
-0.27414
-0.25844
-0.23762
-0.21680
-0.19598
-0.17516
-0.14895
-0.12274
-0.09653
-0.07032
-0.04024
-0.01016
0.01991
0.04999
0.08293
0.11586
0.14880
0.18173
0.21598
0.25022
0.28447
0.31871
0.34927
0.37982
0.41037
0.44092
0.47206
0.50320
0.53433
0.56547
0.59116
0.61684
0.64252
0.66820
0.69373
0.71927
0.74480
0.77033
0.79154
0.81274
0.83395
0.85516
0.87581
0.89646
0.91711
0.93775
-0.47488
-0.47488
-0.47488
-0.47488
-0.47488
-0.47488
-0.47488
-0.47488
-0.47488
-0.47488
-0.47488
-0.47488
-0.47488
-0.47488
-0.47488
-0.47488
-0.47488
-0.47488
-0.47488
-0.47488
-0.47488
-0.47488
-0.47488
-0.47488
-0.47488
-0.47488
-0.47488
-0.47488
-0.47488
-0.47488
-0.47488
-0.47488
-0.47488
-0.47488
-0.47488
-0.47488
-0.47488
-0.47488
-0.47488
-0.47488
-0.47488
-0.47488
-0.47488
-0.47488
-0.47488
-0.47488
-0.47488
-0.47488
-0.47488
-0.47488
-0.47488
-0.47488
-0.47488
-0.47488
-0.47488
-0.47488
-0.47488
-0.47488
-0.47488
-0.47488
-0.47488
-0.47488
-0.47488
-0.47488
-0.47488
-0.47488
-0.47488
-0.47488
-0.47488
-0.47488
-0.47488
-0.47488
-0.47488
-0.47488
-0.47488
-0.47488
-0.47488
-0.47488
-0.47488
-0.47488
-0.47488
-0.47488
-0.47488
-0.47488
-0.47488
-0.47488
-0.47488
-0.47488
-0.47488
-0.47488
-0.47488
-0.47488
-0.47488
-0.47488
-0.47488
-0.47488
-0.47488
-0.47488
-0.47488
-0.47488
-0.47488
-0.47488
-0.47488
-0.47488
-0.47488
-0.47488
-0.47488
-0.47488
-0.47488
-0.47488
-0.47488
-0.47488
-0.47488
-0.47488
-0.47488
-0.47488
-0.47488
-0.47488
-0.47488
-0.47488
-0.47488
-0.47488
-0.47488
-0.47488
-0.47488
-0.47488
-0.47488
-0.47488
-0.47488
-0.47488
-0.47488
-0.47488
-0.47488
-0.47488
-0.47488
-0.47488
-0.47488
-0.47488
-0.47488
-0.47488
-0.47488
-0.47488
-0.47488
-0.47488
-0.47488
-0.47488
-0.47488
-0.47488
-0.47488
-0.47488
-0.47488
-0.47488
-0.47488
-0.47488
-0.47488
-0.47488
-0.47488
-0.47488
-0.47488
-0.47488
-0.47488
-0.47488
-0.47488
-0.47488
-0.47488
-0.47488
-0.47488
-0.47488
-0.47488
-0.47488
-0.47488
-0.47488
-0.47488
-0.47488
-0.47488
-0.47488
-0.47488
-0.47488
-0.47488
-0.47488
-0.47488
-0.47488
-0.47488
-0.47488
-0.47488
-0.47488
-0.47488
-0.47488
-0.47488
-0.47488
-0.47488
-0.47488
-0.47488
-0.47488
-0.47488
-0.47488
-0.47488
-0.47488
-0.47488
-0.47488
-0.47488
-0.47488
-0.47488
-0.47488
-0.47488
-0.47488
-0.47488
-0.47488
-0.47488
-0.47488
-0.47488
-0.47488
-0.47488
-0.47488
-0.47488
-0.47488
-0.47488
-0.47488
-0.47488
-0.47488
-0.47488
-0.47489
-0.47489
-0.47489
-0.47489
-0.47489
-0.47489
-0.47489
-0.47489
-0.47489
-0.47489
-0.47489
-0.47489
-0.47489
-0.47489
-0.47489
-0.47489
-0.47489
-0.47489
-0.47489
-0.47489
-0.47489
-0.47489
-0.47489
-0.47489
-0.47489
-0.47489
-0.47489
-0.47489
-0.47489
-0.47489
-0.47489
-0.47489
-0.47489
-0.47489
-0.47489
-0.47489
-0.47489
-0.47489
-0.47489
-0.47489
-0.47489
-0.47489
-0.47489
-0.47489
-0.47489
-0.47489
-0.47489
-0.47489
-0.47489
-0.47488
-0.47488
-0.47488
-0.47488
-0.47488
-0.47488
-0.47488
-0.47487
-0.47487
-0.47486
-0.47486
-0.47486
-0.47485
-0.47485
-0.47484
-0.47484
-0.47483
-0.47482
-0.47481
-0.47480
-0.47479
-0.47478
-0.47477
-0.47475
-0.47473
-0.47472
-0.47470
-0.47468
-0.47466
-0.47464
-0.47462
-0.47459
-0.47456
-0.47453
-0.47449
-0.47445
-0.47441
-0.47437
-0.47433
-0.47427
-0.47421
-0.47415
-0.47409
-0.47401
-0.47394
-0.47386
-0.47378
-0.47367
-0.47357
-0.47346
-0.47335
-0.47321
-0.47307
-0.47293
-0.47278
-0.47259
-0.47239
-0.47219
-0.47199
-0.47172
-0.47145
-0.47118
-0.47091
-0.47054
-0.47016
-0.46979
-0.46941
-0.46889
-0.46837
-0.46784
-0.46732
-0.46659
-0.46586
-0.46513
-0.46440
-0.46337
-0.46233
-0.46130
-0.46027
-0.45881
-0.45735
-0.45590
-0.45444
-0.45233
-0.45022
-0.44810
-0.44599
-0.44299
-0.43998
-0.43698
-0.43397
-0.42953
-0.42509
-0.42065
-0.41621
-0.40989
-0.40358
-0.39726
-0.39095
-0.38183
-0.37272
-0.36360
-0.35448
-0.34168
-0.32887
-0.31606
-0.30326
-0.28621
-0.26917
-0.25213
-0.23509
-0.21220
-0.18931
-0.16643
-0.14354
-0.11634
-0.08914
-0.06193
-0.03473
-0.00340
0.02794
0.05927
0.09061
0.12440
0.15820
0.19199
0.22578
0.25687
0.28797
0.31906
0.35015
0.38162
0.41309
0.44456
0.47603
0.50296
0.52989
0.55683
0.58376
0.60895
0.63413
0.65932
0.68451
0.70724
0.72997
0.75270
0.77543
0.79558
0.81572
0.83586
0.85600
-0.47509
-0.47509
-0.47509
-0.47509
-0.47509
-0.47509
-0.47509
-0.47509
-0.47509
-0.47509
-0.47509
-0.47509
-0.47509
-0.47509
-0.47509
-0.47509
-0.47509
-0.47509
-0.47509
-0.47509
-0.47509
-0.47509
-0.47509
-0.47509
-0.47509
-0.47509
-0.47509
-0.47509
-0.47509
-0.47509
-0.47509
-0.47509
-0.47509
-0.47509
-0.47509
-0.47509
-0.47509
-0.47509
-0.47509
-0.47509
-0.47509
-0.47509
-0.47509
-0.47509
-0.47509
-0.47509
-0.47509
-0.47509
-0.47509
-0.47509
-0.47509
-0.47509
-0.47509
-0.47509
-0.47509
-0.47509
-0.47509
-0.47509
-0.47509
-0.47509
-0.47509
-0.47509
-0.47509
-0.47509
-0.47509
-0.47509
-0.47509
-0.47509
-0.47509
-0.47509
-0.47509
-0.47509
-0.47509
-0.47509
-0.47509
-0.47509
-0.47509
-0.47509
-0.47509
-0.47509
-0.47509
-0.47509
-0.47509
-0.47509
-0.47509
-0.47509
-0.47509
-0.47509
-0.47509
-0.47509
-0.47509
-0.47509
-0.47509
-0.47509
-0.47509
-0.47509
-0.47509
-0.47509
-0.47509
-0.47509
-0.47509
-0.47509
-0.47509
-0.47509
-0.47509
-0.47509
-0.47509
-0.47509
-0.47509
-0.47509
-0.47509
-0.47509
-0.47509
-0.47509
-0.47509
-0.47509
-0.47509
-0.47509
-0.47509
-0.47509
-0.47509
-0.47509
-0.47509
-0.47509
-0.47509
-0.47509
-0.47509
-0.47509
-0.47509
-0.47509
-0.47509
-0.47509
-0.47509
-0.47509
-0.47509
-0.47509
-0.47509
-0.47509
-0.47509
-0.47509
-0.47509
-0.47509
-0.47509
-0.47509
-0.47509
-0.47509
-0.47509
-0.47509
-0.47509
-0.47509
-0.47509
-0.47509
-0.47509
-0.47509
-0.47509
-0.47509
-0.47509
-0.47509
-0.47509
-0.47509
-0.47509
-0.47509
-0.47509
-0.47509
-0.47509
-0.47509
-0.47509
-0.47509
-0.47509
-0.47509
-0.47509
-0.47509
-0.47509
-0.47509
-0.47509
-0.47509
-0.47509
-0.47509
-0.47509
-0.47509
-0.47509
-0.47509
-0.47509
-0.47509
-0.47509
-0.47509
-0.47509
-0.47509
-0.47509
-0.47509
-0.47509
-0.47509
-0.47509
-0.47509
-0.47509
-0.47509
-0.47509
-0.47509
-0.47509
-0.47509
-0.47509
-0.47509
-0.47509
-0.47509
-0.47509
-0.47509
-0.47509
-0.47509
-0.47509
-0.47509
-0.47509
-0.47509
-0.47509
-0.47509
-0.47509
-0.47509
-0.47509
-0.47509
-0.47509
-0.47509
-0.47509
-0.47510
-0.47510
-0.47510
-0.47510
-0.47510
-0.47510
-0.47510
-0.47510
-0.47510
-0.47510
-0.47510
-0.47510
-0.47510
-0.47510
-0.47510
-0.47510
-0.47510
-0.47510
-0.47510
-0.47510
-0.47510
-0.47510
-0.47510
-0.47510
-0.47510
-0.47510
-0.47510
-0.47510
-0.47510
-0.47510
-0.47511
-0.47511
-0.47511
-0.47511
-0.47511
-0.47511
-0.47511
-0.47511
-0.47511
-0.47511
-0.47511
-0.47511
-0.47511
-0.47511
-0.47511
-0.47511
-0.47511
-0.47511
-0.47510
-0.47510
-0.47510
-0.47509
-0.47509
-0.47509
-0.47509
-0.47509
-0.47509
-0.47509
-0.47509
-0.47508
-0.47508
-0.47508
-0.47507
-0.47507
-0.47507
-0.47506
-0.47505
-0.47505
-0.47504
-0.47503
-0.47503
-0.47502
-0.47500
-0.47499
-0.47497
-0.47496
-0.47495
-0.47493
-0.47492
-0.47490
-0.47488
-0.47485
-0.47483
-0.47480
-0.47477
-0.47474
-0.47471
-0.47468
-0.47463
-0.47458
-0.47453
-0.47448
-0.47442
-0.47436
-0.47429
-0.47423
-0.47414
-0.47405
-0.47397
-0.47388
-0.47376
-0.47364
-0.47353
-0.47341
-0.47325
-0.47309
-0.47292
-0.47276
-0.47254
-0.47232
-0.47210
-0.47187
-0.47157
-0.47126
-0.47095
-0.47065
-0.47022
-0.46979
-0.46937
-0.46894
-0.46835
-0.46775
-0.46716
-0.46656
-0.46572
-0.46489
-0.46405
-0.46321
-0.46204
-0.46086
-0.45968
-0.45850
-0.45681
-0.45512
-0.45343
-0.45174
-0.44932
-0.44690
-0.44448
-0.44205
-0.43853
-0.43500
-0.43148
-0.42795
-0.42284
-0.41774
-0.41263
-0.40752
-0.40022
-0.39293
-0.38563
-0.37833
-0.36781
-0.35728
-0.34676
-0.33623
-0.32210
-0.30797
-0.29384
-0.27972
-0.26013
-0.24053
-0.22094
-0.20135
-0.17733
-0.15331
-0.12928
-0.10526
-0.07658
-0.04789
-0.01921
0.00947
0.04139
0.07332
0.10524
0.13716
0.16809
0.19902
0.22996
0.26089
0.29194
0.32298
0.35403
0.38508
0.41344
0.44180
0.47017
0.49853
0.52350
0.54847
0.57344
0.59840
0.62286
0.64732
0.67178
0.69623
0.71593
0.73562
0.75531
0.77500
-0.47531
-0.47531
-0.47531
-0.47531
-0.47531
-0.47531
-0.47531
-0.47531
-0.47531
-0.47531
-0.47531
-0.47531
-0.47531
-0.47531
-0.47531
-0.47531
-0.47531
-0.47531
-0.47531
-0.47531
-0.47531
-0.47531
-0.47531
-0.47531
-0.47531
-0.47531
-0.47531
-0.47531
-0.47531
-0.47531
-0.47531
-0.47531
-0.47531
-0.47531
-0.47531
-0.47531
-0.47531
-0.47531
-0.47531
-0.47531
-0.47531
-0.47531
-0.47531
-0.47531
-0.47531
-0.47531
-0.47531
-0.47531
-0.47531
-0.47531
-0.47531
-0.47531
-0.47531
-0.47531
-0.47531
-0.47531
-0.47531
-0.47531
-0.47531
-0.47531
-0.47531
-0.47531
-0.47531
-0.47531
-0.47531
-0.47531
-0.47531
-0.47531
-0.47531
-0.47531
-0.47531
-0.47531
-0.47531
-0.47531
-0.47531
-0.47531
-0.47531
-0.47531
-0.47531
-0.47531
-0.47531
-0.47531
-0.47531
-0.47531
-0.47531
-0.47531
-0.47531
-0.47531
-0.47531
-0.47531
-0.47531
-0.47531
-0.47531
-0.47531
-0.47531
-0.47531
-0.47531
-0.47531
-0.47531
-0.47531
-0.47531
-0.47531
-0.47531
-0.47531
-0.47531
-0.47531
-0.47531
-0.47531
-0.47531
-0.47531
-0.47531
-0.47531
-0.47531
-0.47531
-0.47531
-0.47531
-0.47531
-0.47531
-0.47531
-0.47531
-0.47531
-0.47531
-0.47531
-0.47531
-0.47531
-0.47531
-0.47531
-0.47531
-0.47531
-0.47531
-0.47531
-0.47531
-0.47531
-0.47531
-0.47531
-0.47531
-0.47531
-0.47531
-0.47531
-0.47531
-0.47531
-0.47531
-0.47531
-0.47531
-0.47531
-0.47531
-0.47531
-0.47531
-0.47531
-0.47531
-0.47531
-0.47531
-0.47531
-0.47531
-0.47531
-0.47531
-0.47531
-0.47531
-0.47531
-0.47531
-0.47531
-0.47531
-0.47531
-0.47531
-0.47531
-0.47531
-0.47531
-0.47531
-0.47531
-0.47531
-0.47531
-0.47531
-0.47531
-0.47531
-0.47531
-0.47531
-0.47531
-0.47531
-0.47531
-0.47531
-0.47531
-0.47531
-0.47531
-0.47531
-0.47531
-0.47531
-0.47531
-0.47531
-0.47531
-0.47531
-0.47531
-0.47531
-0.47531
-0.47531
-0.47531
-0.47531
-0.47531
-0.47531
-0.47531
-0.47531
-0.47531
-0.47531
-0.47531
-0.47531
-0.47531
-0.47531
-0.47531
-0.47531
-0.47531
-0.47531
-0.47531
-0.47531
-0.47531
-0.47531
-0.47531
-0.47531
-0.47531
-0.47531
-0.47531
-0.47531
-0.47531
-0.47531
-0.47531
-0.47531
-0.47531
-0.47531
-0.47531
-0.47531
-0.47531
-0.47531
-0.47531
-0.47531
-0.47531
-0.47531
-0.47531
-0.47531
-0.47531
-0.47531
-0.47531
-0.47531
-0.47531
-0.47531
-0.47531
-0.47531
-0.47531
-0.47531
-0.47531
-0.47531
-0.47531
-0.47531
-0.47531
-0.47532
-0.47532
-0.47532
-0.47532
-0.47532
-0.47532
-0.47532
-0.47532
-0.47532
-0.47532
-0.47532
-0.47532
-0.47532
-0.47532
-0.47532
-0.47532
-0.47532
-0.47532
-0.47532
-0.47531
-0.47531
-0.47531
-0.47531
-0.47531
-0.47531
-0.47531
-0.47531
-0.47530
-0.47530
-0.47530
-0.47530
-0.47530
-0.47529
-0.47529
-0.47529
-0.47528
-0.47528
-0.47527
-0.47527
-0.47526
-0.47526
-0.47525
-0.47524
-0.47523
-0.47522
-0.47521
-0.47519
-0.47518
-0.47517
-0.47516
-0.47514
-0.47512
-0.47511
-0.47509
-0.47506
-0.47504
-0.47501
-0.47498
-0.47494
-0.47491
-0.47487
-0.47483
-0.47478
-0.47473
-0.47468
-0.47463
-0.47455
-0.47448
-0.47440
-0.47433
-0.47423
-0.47414
-0.47404
-0.47394
-0.47381
-0.47367
-0.47354
-0.47340
-0.47322
-0.47304
-0.47286
-0.47267
-0.47242
-0.47217
-0.47192
-0.47167
-0.47133
-0.47098
-0.47063
-0.47029
-0.46980
-0.46932
-0.46884
-0.46836
-0.46768
-0.46700
-0.46632
-0.46565
-0.46469
-0.46374
-0.46279
-0.46184
-0.46047
-0.45911
-0.45774
-0.45638
-0.45442
-0.45246
-0.45051
-0.44855
-0.44572
-0.44289
-0.44007
-0.43724
-0.43311
-0.42898
-0.42485
-0.42072
-0.41483
-0.40895
-0.40306
-0.39717
-0.38860
-0.38003
-0.37146
-0.36289
-0.35121
-0.33954
-0.32786
-0.31618
-0.29987
-0.28357
-0.26726
-0.25096
-0.23027
-0.20958
-0.18890
-0.16821
-0.14274
-0.11728
-0.09181
-0.06634
-0.03705
-0.00775
0.02154
0.05084
0.08124
0.11163
0.14203
0.17242
0.20265
0.23287
0.26310
0.29332
0.32321
0.35310
0.38300
0.41289
0.43770
0.46252
0.48734
0.51215
0.53844
0.56473
0.59102
0.61731
0.63659
0.65586
0.67514
0.69441
-0.47552
-0.47552
-0.47552
-0.47552
-0.47552
-0.47552
-0.47552
-0.47552
-0.47552
-0.47552
-0.47552
-0.47552
-0.47552
-0.47552
-0.47552
-0.47552
-0.47552
-0.47552
-0.47552
-0.47552
-0.47552
-0.47552
-0.47552
-0.47552
-0.47552
-0.47552
-0.47552
-0.47552
-0.47552
-0.47552
-0.47552
-0.47552
-0.47552
-0.47552
-0.47552
-0.47552
-0.47552
-0.47552
-0.47552
-0.47552
-0.47552
-0.47552
-0.47552
-0.47552
-0.47552
-0.47552
-0.47552
-0.47552
-0.47552
-0.47552
-0.47552
-0.47552
-0.47552
-0.47552
-0.47552
-0.47552
-0.47552
-0.47552
-0.47552
-0.47552
-0.47552
-0.47552
-0.47552
-0.47552
-0.47552
-0.47552
-0.47552
-0.47552
-0.47552
-0.47552
-0.47552
-0.47552
-0.47552
-0.47552
-0.47552
-0.47552
-0.47552
-0.47552
-0.47552
-0.47552
-0.47552
-0.47552
-0.47552
-0.47552
-0.47552
-0.47552
-0.47552
-0.47552
-0.47552
-0.47552
-0.47552
-0.47552
-0.47552
-0.47552
-0.47552
-0.47552
-0.47552
-0.47552
-0.47552
-0.47552
-0.47552
-0.47552
-0.47552
-0.47552
-0.47552
-0.47552
-0.47552
-0.47552
-0.47552
-0.47552
-0.47552
-0.47552
-0.47552
-0.47552
-0.47552
-0.47552
-0.47552
-0.47552
-0.47552
-0.47552
-0.47552
-0.47552
-0.47552
-0.47552
-0.47552
-0.47552
-0.47552
-0.47552
-0.47552
-0.47552
-0.47552
-0.47552
-0.47552
-0.47552
-0.47552
-0.47552
-0.47552
-0.47552
-0.47552
-0.47552
-0.47552
-0.47552
-0.47552
-0.47552
-0.47552
-0.47552
-0.47552
-0.47552
-0.47552
-0.47552
-0.47552
-0.47552
-0.47552
-0.47552
-0.47552
-0.47552
-0.47552
-0.47552
-0.47552
-0.47552
-0.47552
-0.47552
-0.47552
-0.47552
-0.47552
-0.47552
-0.47552
-0.47552
-0.47552
-0.47552
-0.47552
-0.47552
-0.47552
-0.47552
-0.47552
-0.47552
-0.47552
-0.47552
-0.47552
-0.47552
-0.47552
-0.47552
-0.47552
-0.47552
-0.47552
-0.47552
-0.47552
-0.47552
-0.47552
-0.47552
-0.47552
-0.47552
-0.47552
-0.47552
-0.47552
-0.47552
-0.47552
-0.47552
-0.47552
-0.47552
-0.47552
-0.47552
-0.47552
-0.47552
-0.47552
-0.47552
-0.47552
-0.47552
-0.47552
-0.47552
-0.47552
-0.47552
-0.47552
-0.47552
-0.47552
-0.47552
-0.47552
-0.47552
-0.47552
-0.47552
-0.47552
-0.47552
-0.47552
-0.47552
-0.47552
-0.47552
-0.47552
-0.47552
-0.47552
-0.47552
-0.47552
-0.47552
-0.47552
-0.47552
-0.47552
-0.47552
-0.47552
-0.47552
-0.47552
-0.47552
-0.47552
-0.47552
-0.47552
-0.47552
-0.47552
-0.47552
-0.47552
-0.47552
-0.47552
-0.47552
-0.47553
-0.47553
-0.47553
-0.47553
-0.47553
-0.47553
-0.47553
-0.47553
-0.47553
-0.47553
-0.47553
-0.47553
-0.47553
-0.47553
-0.47553
-0.47553
-0.47553
-0.47553
-0.47553
-0.47553
-0.47552
-0.47552
-0.47552
-0.47552
-0.47552
-0.47552
-0.47552
-0.47552
-0.47552
-0.47552
-0.47552
-0.47551
-0.47551
-0.47551
-0.47550
-0.47550
-0.47550
-0.47550
-0.47549
-0.47549
-0.47549
-0.47548
-0.47548
-0.47547
-0.47546
-0.47545
-0.47544
-0.47543
-0.47543
-0.47542
-0.47541
-0.47539
-0.47538
-0.47537
-0.47536
-0.47534
-0.47532
-0.47529
-0.47527
-0.47524
-0.47521
-0.47518
-0.47515
-0.47511
-0.47507
-0.47504
-0.47500
-0.47494
-0.47488
-0.47482
-0.47476
-0.47468
-0.47460
-0.47452
-0.47444
-0.47433
-0.47422
-0.47411
-0.47400
-0.47386
-0.47371
-0.47356
-0.47342
-0.47322
-0.47302
-0.47281
-0.47261
-0.47234
-0.47206
-0.47178
-0.47151
-0.47112
-0.47074
-0.47035
-0.46997
-0.46943
-0.46889
-0.46835
-0.46781
-0.46705
-0.46630
-0.46554
-0.46478
-0.46370
-0.46262
-0.46154
-0.46046
-0.45891
-0.45736
-0.45581
-0.45426
-0.45204
-0.44981
-0.44758
-0.44536
-0.44209
-0.43882
-0.43555
-0.43228
-0.42762
-0.42297
-0.41831
-0.41365
-0.40682
-0.39998
-0.39315
-0.38632
-0.37683
-0.36735
-0.35787
-0.34839
-0.33506
-0.32173
-0.30840
-0.29507
-0.27752
-0.25998
-0.24244
-0.22490
-0.20263
-0.18036
-0.15809
-0.13583
-0.10931
-0.08278
-0.05626
-0.02974
-0.00044
0.02887
0.05817
0.08748
0.11665
0.14582
0.17499
0.20415
0.23484
0.26552
0.29620
0.32688
0.35176
0.37664
0.40152
0.42640
0.45374
0.48108
0.50842
0.53576
0.55534
0.57493
0.59451
0.61409
-0.47574
-0.47574
-0.47574
-0.47574
-0.47574
-0.47574
-0.47574
-0.47574
-0.47574
-0.47574
-0.47574
-0.47574
-0.47574
-0.47574
-0.47574
-0.47574
-0.47574
-0.47574
-0.47574
-0.47574
-0.47574
-0.47574
-0.47574
-0.47574
-0.47574
-0.47574
-0.47574
-0.47574
-0.47574
-0.47574
-0.47574
-0.47574
-0.47574
-0.47574
-0.47574
-0.47574
-0.47574
-0.47574
-0.47574
-0.47574
-0.47574
-0.47574
-0.47574
-0.47574
-0.47574
-0.47574
-0.47574
-0.47574
-0.47574
-0.47574
-0.47574
-0.47574
-0.47574
-0.47574
-0.47574
-0.47574
-0.47574
-0.47574
-0.47574
-0.47574
-0.47574
-0.47574
-0.47574
-0.47574
-0.47574
-0.47574
-0.47574
-0.47574
-0.47574
-0.47574
-0.47574
-0.47574
-0.47574
-0.47574
-0.47574
-0.47574
-0.47574
-0.47574
-0.47574
-0.47574
-0.47574
-0.47574
-0.47574
-0.47574
-0.47574
-0.47574
-0.47574
-0.47574
-0.47574
-0.47574
-0.47574
-0.47574
-0.47574
-0.47574
-0.47574
-0.47574
-0.47574
-0.47574
-0.47574
-0.47574
-0.47574
-0.47574
-0.47574
-0.47574
-0.47574
-0.47574
-0.47574
-0.47574
-0.47574
-0.47574
-0.47574
-0.47574
-0.47574
-0.47574
-0.47574
-0.47574
-0.47574
-0.47574
-0.47574
-0.47574
-0.47574
-0.47574
-0.47574
-0.47574
-0.47574
-0.47574
-0.47574
-0.47574
-0.47574
-0.47574
-0.47574
-0.47574
-0.47574
-0.47574
-0.47574
-0.47574
-0.47574
-0.47574
-0.47574
-0.47574
-0.47574
-0.47574
-0.47574
-0.47574
-0.47574
-0.47574
-0.47574
-0.47574
-0.47574
-0.47574
-0.47574
-0.47574
-0.47574
-0.47574
-0.47574
-0.47574
-0.47574
-0.47574
-0.47574
-0.47574
-0.47574
-0.47574
-0.47574
-0.47574
-0.47574
-0.47574
-0.47574
-0.47574
-0.47574
-0.47574
-0.47574
-0.47574
-0.47574
-0.47574
-0.47574
-0.47574
-0.47574
-0.47574
-0.47574
-0.47574
-0.47574
-0.47574
-0.47574
-0.47574
-0.47574
-0.47574
-0.47574
-0.47574
-0.47574
-0.47574
-0.47574
-0.47574
-0.47574
-0.47574
-0.47574
-0.47574
-0.47574
-0.47574
-0.47574
-0.47574
-0.47574
-0.47574
-0.47574
-0.47574
-0.47574
-0.47574
-0.47574
-0.47574
-0.47574
-0.47574
-0.47574
-0.47574
-0.47574
-0.47574
-0.47574
-0.47574
-0.47574
-0.47574
-0.47574
-0.47574
-0.47574
-0.47574
-0.47574
-0.47574
-0.47574
-0.47574
-0.47574
-0.47574
-0.47574
-0.47574
-0.47574
-0.47574
-0.47574
-0.47574
-0.47574
-0.47574
-0.47574
-0.47574
-0.47574
-0.47574
-0.47574
-0.47574
-0.47574
-0.47574
-0.47574
-0.47574
-0.47574
-0.47574
-0.47574
-0.47574
-0.47574
-0.47574
-0.47574
-0.47574
-0.47574
-0.47574
-0.47574
-0.47574
-0.47574
-0.47574
-0.47574
-0.47574
-0.47574
-0.47573
-0.47573
-0.47573
-0.47573
-0.47573
-0.47573
-0.47573
-0.47573
-0.47573
-0.47573
-0.47573
-0.47573
-0.47573
-0.47573
-0.47573
-0.47572
-0.47572
-0.47572
-0.47572
-0.47572
-0.47572
-0.47571
-0.47571
-0.47571
-0.47570
-0.47570
-0.47570
-0.47569
-0.47569
-0.47569
-0.47568
-0.47568
-0.47567
-0.47567
-0.47566
-0.47565
-0.47564
-0.47564
-0.47562
-0.47561
-0.47560
-0.47559
-0.47558
-0.47556
-0.47554
-0.47553
-0.47550
-0.47548
-0.47546
-0.47544
-0.47541
-0.47538
-0.47534
-0.47531
-0.47527
-0.47522
-0.47518
-0.47513
-0.47507
-0.47500
-0.47494
-0.47488
-0.47479
-0.47470
-0.47462
-0.47453
-0.47441
-0.47429
-0.47417
-0.47405
-0.47388
-0.47372
-0.47355
-0.47338
-0.47315
-0.47293
-0.47270
-0.47247
-0.47215
-0.47184
-0.47152
-0.47120
-0.47076
-0.47032
-0.46988
-0.46944
-0.46882
-0.46820
-0.46758
-0.46696
-0.46608
-0.46520
-0.46431
-0.46343
-0.46217
-0.46091
-0.45965
-0.45839
-0.45658
-0.45477
-0.45296
-0.45114
-0.44850
-0.44585
-0.44321
-0.44056
-0.43677
-0.43298
-0.42919
-0.42540
-0.41986
-0.41432
-0.40878
-0.40324
-0.39544
-0.38765
-0.37985
-0.37205
-0.36108
-0.35010
-0.33913
-0.32816
-0.31337
-0.29858
-0.28379
-0.26901
-0.24991
-0.23080
-0.21170
-0.19260
-0.16915
-0.14571
-0.12226
-0.09881
-0.07171
-0.04461
-0.01750
0.00960
0.03724
0.06489
0.09253
0.12017
0.15017
0.18016
0.21015
0.24015
0.26552
0.29089
0.31626
0.34163
0.36846
0.39528
0.42211
0.44894
0.47028
0.49163
0.51297
0.53432
-0.47595
-0.47595
-0.47595
-0.47595
-0.47595
-0.47595
-0.47595
-0.47595
-0.47595
-0.47595
-0.47595
-0.47595
-0.47595
-0.47595
-0.47595
-0.47595
-0.47595
-0.47595
-0.47595
-0.47595
-0.47595
-0.47595
-0.47595
-0.47595
-0.47595
-0.47595
-0.47595
-0.47595
-0.47595
-0.47595
-0.47595
-0.47595
-0.47595
-0.47595
-0.47595
-0.47595
-0.47595
-0.47595
-0.47595
-0.47595
-0.47595
-0.47595
-0.47595
-0.47595
-0.47595
-0.47595
-0.47595
-0.47595
-0.47595
-0.47595
-0.47595
-0.47595
-0.47595
-0.47595
-0.47595
-0.47595
-0.47595
-0.47595
-0.47595
-0.47595
-0.47595
-0.47595
-0.47595
-0.47595
-0.47595
-0.47595
-0.47595
-0.47595
-0.47595
-0.47595
-0.47595
-0.47595
-0.47595
-0.47595
-0.47595
-0.47595
-0.47595
-0.47595
-0.47595
-0.47595
-0.47595
-0.47595
-0.47595
-0.47595
-0.47595
-0.47595
-0.47595
-0.47595
-0.47595
-0.47595
-0.47595
-0.47595
-0.47595
-0.47595
-0.47595
-0.47595
-0.47595
-0.47595
-0.47595
-0.47595
-0.47595
-0.47595
-0.47595
-0.47595
-0.47595
-0.47595
-0.47595
-0.47595
-0.47595
-0.47595
-0.47595
-0.47595
-0.47595
-0.47595
-0.47595
-0.47595
-0.47595
-0.47595
-0.47595
-0.47595
-0.47595
-0.47595
-0.47595
-0.47595
-0.47595
-0.47595
-0.47595
-0.47595
-0.47595
-0.47595
-0.47595
-0.47595
-0.47595
-0.47595
-0.47595
-0.47595
-0.47595
-0.47595
-0.47595
-0.47595
-0.47595
-0.47595
-0.47595
-0.47595
-0.47595
-0.47595
-0.47595
-0.47595
-0.47595
-0.47595
-0.47595
-0.47595
-0.47595
-0.47595
-0.47595
-0.47595
-0.47595
-0.47595
-0.47595
-0.47595
-0.47595
-0.47595
-0.47595
-0.47595
-0.47595
-0.47595
-0.47595
-0.47595
-0.47595
-0.47595
-0.47595
-0.47595
-0.47595
-0.47595
-0.47595
-0.47595
-0.47595
-0.47595
-0.47595
-0.47595
-0.47595
-0.47595
-0.47595
-0.47595
-0.47595
-0.47595
-0.47595
-0.47595
-0.47595
-0.47595
-0.47595
-0.47595
-0.47595
-0.47595
-0.47595
-0.47595
-0.47595
-0.47595
-0.47595
-0.47595
-0.47595
-0.47595
-0.47595
-0.47595
-0.47595
-0.47595
-0.47595
-0.47595
-0.47595
-0.47595
-0.47595
-0.47595
-0.47595
-0.47595
-0.47595
-0.47595
-0.47595
-0.47595
-0.47595
-0.47595
-0.47595
-0.47595
-0.47595
-0.47595
-0.47595
-0.47595
-0.47595
-0.47595
-0.47595
-0.47595
-0.47595
-0.47595
-0.47595
-0.47595
-0.47595
-0.47595
-0.47595
-0.47595
-0.47595
-0.47595
-0.47595
-0.47595
-0.47595
-0.47595
-0.47595
-0.47595
-0.47595
-0.47595
-0.47595
-0.47595
-0.47595
-0.47595
-0.47595
-0.47595
-0.47595
-0.47595
-0.47595
-0.47595
-0.47595
-0.47595
-0.47595
-0.47595
-0.47595
-0.47594
-0.47594
-0.47594
-0.47594
-0.47594
-0.47594
-0.47594
-0.47594
-0.47594
-0.47594
-0.47594
-0.47594
-0.47594
-0.47594
-0.47593
-0.47593
-0.47593
-0.47592
-0.47592
-0.47592
-0.47592
-0.47592
-0.47592
-0.47592
-0.47591
-0.47591
-0.47591
-0.47590
-0.47590
-0.47590
-0.47589
-0.47589
-0.47589
-0.47588
-0.47588
-0.47587
-0.47586
-0.47586
-0.47585
-0.47584
-0.47583
-0.47582
-0.47581
-0.47579
-0.47578
-0.47577
-0.47575
-0.47574
-0.47572
-0.47571
-0.47568
-0.47566
-0.47563
-0.47561
-0.47557
-0.47554
-0.47551
-0.47547
-0.47542
-0.47537
-0.47533
-0.47528
-0.47521
-0.47514
-0.47507
-0.47501
-0.47491
-0.47482
-0.47472
-0.47463
-0.47449
-0.47436
-0.47422
-0.47409
-0.47390
-0.47372
-0.47354
-0.47335
-0.47310
-0.47285
-0.47259
-0.47234
-0.47199
-0.47163
-0.47128
-0.47092
-0.47043
-0.46993
-0.46944
-0.46894
-0.46824
-0.46754
-0.46684
-0.46614
-0.46514
-0.46414
-0.46314
-0.46214
-0.46070
-0.45926
-0.45783
-0.45639
-0.45430
-0.45222
-0.45013
-0.44805
-0.44504
-0.44203
-0.43902
-0.43602
-0.43165
-0.42727
-0.42290
-0.41853
-0.41227
-0.40601
-0.39975
-0.39349
-0.38467
-0.37585
-0.36702
-0.35820
-0.34598
-0.33377
-0.32156
-0.30934
-0.29324
-0.27714
-0.26104
-0.24494
-0.22452
-0.20410
-0.18368
-0.16326
-0.13860
-0.11393
-0.08927
-0.06461
-0.03862
-0.01262
0.01337
0.03937
0.06827
0.09717
0.12607
0.15497
0.18077
0.20656
0.23235
0.25815
0.28436
0.31057
0.33678
0.36299
0.38602
0.40905
0.43207
0.45510
-0.47617
-0.47617
-0.47617
-0.47617
-0.47617
-0.47617
-0.47617
-0.47617
-0.47617
-0.47617
-0.47617
-0.47617
-0.47617
-0.47617
-0.47617
-0.47617
-0.47617
-0.47617
-0.47617
-0.47617
-0.47617
-0.47617
-0.47617
-0.47617
-0.47617
-0.47617
-0.47617
-0.47617
-0.47617
-0.47617
-0.47617
-0.47617
-0.47617
-0.47617
-0.47617
-0.47617
-0.47617
-0.47617
-0.47617
-0.47617
-0.47617
-0.47617
-0.47617
-0.47617
-0.47617
-0.47617
-0.47617
-0.47617
-0.47617
-0.47617
-0.47617
-0.47617
-0.47617
-0.47617
-0.47617
-0.47617
-0.47617
-0.47617
-0.47617
-0.47617
-0.47617
-0.47617
-0.47617
-0.47617
-0.47617
-0.47617
-0.47617
-0.47617
-0.47617
-0.47617
-0.47617
-0.47617
-0.47617
-0.47617
-0.47617
-0.47617
-0.47617
-0.47617
-0.47617
-0.47617
-0.47617
-0.47617
-0.47617
-0.47617
-0.47617
-0.47617
-0.47617
-0.47617
-0.47617
-0.47617
-0.47617
-0.47617
-0.47617
-0.47617
-0.47617
-0.47617
-0.47617
-0.47617
-0.47617
-0.47617
-0.47617
-0.47617
-0.47617
-0.47617
-0.47617
-0.47617
-0.47617
-0.47617
-0.47617
-0.47617
-0.47617
-0.47617
-0.47617
-0.47617
-0.47617
-0.47617
-0.47617
-0.47617
-0.47617
-0.47617
-0.47617
-0.47617
-0.47617
-0.47617
-0.47617
-0.47617
-0.47617
-0.47617
-0.47617
-0.47617
-0.47617
-0.47617
-0.47617
-0.47617
-0.47617
-0.47617
-0.47617
-0.47617
-0.47617
-0.47617
-0.47617
-0.47617
-0.47617
-0.47617
-0.47617
-0.47617
-0.47617
-0.47617
-0.47617
-0.47617
-0.47617
-0.47617
-0.47617
-0.47617
-0.47617
-0.47617
-0.47617
-0.47617
-0.47617
-0.47617
-0.47617
-0.47617
-0.47617
-0.47617
-0.47617
-0.47617
-0.47617
-0.47617
-0.47617
-0.47617
-0.47617
-0.47617
-0.47617
-0.47617
-0.47617
-0.47617
-0.47617
-0.47617
-0.47617
-0.47617
-0.47617
-0.47617
-0.47617
-0.47617
-0.47617
-0.47617
-0.47617
-0.47617
-0.47617
-0.47617
-0.47617
-0.47617
-0.47617
-0.47617
-0.47617
-0.47617
-0.47617
-0.47617
-0.47617
-0.47617
-0.47617
-0.47617
-0.47617
-0.47617
-0.47617
-0.47617
-0.47617
-0.47617
-0.47617
-0.47617
-0.47617
-0.47617
-0.47617
-0.47617
-0.47617
-0.47617
-0.47617
-0.47617
-0.47617
-0.47617
-0.47617
-0.47617
-0.47617
-0.47617
-0.47617
-0.47617
-0.47617
-0.47617
-0.47617
-0.47617
-0.47617
-0.47617
-0.47617
-0.47617
-0.47617
-0.47617
-0.47617
-0.47617
-0.47617
-0.47617
-0.47617
-0.47617
-0.47617
-0.47617
-0.47616
-0.47616
-0.47616
-0.47616
-0.47616
-0.47616
-0.47616
-0.47616
-0.47616
-0.47616
-0.47616
-0.47616
-0.47616
-0.47616
-0.47616
-0.47616
-0.47616
-0.47616
-0.47616
-0.47616
-0.47616
-0.47616
-0.47616
-0.47615
-0.47615
-0.47615
-0.47615
-0.47615
-0.47615
-0.47615
-0.47615
-0.47614
-0.47614
-0.47614
-0.47614
-0.47614
-0.47614
-0.47614
-0.47613
-0.47613
-0.47613
-0.47613
-0.47612
-0.47612
-0.47612
-0.47611
-0.47611
-0.47611
-0.47610
-0.47610
-0.47610
-0.47609
-0.47609
-0.47608
-0.47608
-0.47607
-0.47606
-0.47605
-0.47604
-0.47603
-0.47602
-0.47601
-0.47600
-0.47599
-0.47598
-0.47597
-0.47596
-0.47595
-0.47594
-0.47591
-0.47589
-0.47587
-0.47585
-0.47582
-0.47580
-0.47577
-0.47574
-0.47570
-0.47566
-0.47562
-0.47558
-0.47553
-0.47547
-0.47542
-0.47537
-0.47529
-0.47521
-0.47514
-0.47506
-0.47495
-0.47485
-0.47474
-0.47463
-0.47448
-0.47434
-0.47419
-0.47404
-0.47383
-0.47363
-0.47342
-0.47322
-0.47293
-0.47264
-0.47236
-0.47207
-0.47167
-0.47126
-0.47086
-0.47045
-0.46988
-0.46931
-0.46874
-0.46817
-0.46736
-0.46655
-0.46574
-0.46493
-0.46376
-0.46260
-0.46144
-0.46028
-0.45860
-0.45692
-0.45524
-0.45356
-0.45113
-0.44870
-0.44627
-0.44384
-0.44032
-0.43680
-0.43328
-0.42975
-0.42467
-0.41958
-0.41449
-0.40941
-0.40222
-0.39503
-0.38784
-0.38065
-0.37056
-0.36046
-0.35037
-0.34027
-0.32676
-0.31324
-0.29973
-0.28622
-0.26871
-0.25120
-0.23369
-0.21619
-0.19456
-0.17293
-0.15130
-0.12967
-0.10563
-0.08159
-0.05756
-0.03352
-0.00672
0.02008
0.04688
0.07368
0.09972
0.12576
0.15181
0.17785
0.20320
0.22855
0.25390
0.27925
0.30375
0.32825
0.35274
0.37724
-0.47651
-0.47651
-0.47651
-0.47651
-0.47651
-0.47651
-0.47651
-0.47651
-0.47651
-0.47651
-0.47651
-0.47651
-0.47651
-0.47651
-0.47651
-0.47651
-0.47651
-0.47651
-0.47651
-0.47651
-0.47651
-0.47651
-0.47651
-0.47651
-0.47651
-0.47651
-0.47651
-0.47651
-0.47651
-0.47651
-0.47651
-0.47651
-0.47651
-0.47651
-0.47651
-0.47651
-0.47651
-0.47651
-0.47651
-0.47651
-0.47651
-0.47651
-0.47651
-0.47651
-0.47651
-0.47651
-0.47651
-0.47651
-0.47651
-0.47651
-0.47651
-0.47651
-0.47651
-0.47651
-0.47651
-0.47651
-0.47651
-0.47651
-0.47651
-0.47651
-0.47651
-0.47651
-0.47651
-0.47651
-0.47651
-0.47651
-0.47651
-0.47651
-0.47651
-0.47651
-0.47651
-0.47651
-0.47651
-0.47651
-0.47651
-0.47651
-0.47651
-0.47651
-0.47651
-0.47651
-0.47651
-0.47651
-0.47651
-0.47651
-0.47651
-0.47651
-0.47651
-0.47651
-0.47651
-0.47651
-0.47651
-0.47651
-0.47651
-0.47651
-0.47651
-0.47651
-0.47651
-0.47651
-0.47651
-0.47651
-0.47651
-0.47651
-0.47651
-0.47651
-0.47651
-0.47651
-0.47651
-0.47651
-0.47651
-0.47651
-0.47651
-0.47651
-0.47651
-0.47651
-0.47651
-0.47651
-0.47651
-0.47651
-0.47651
-0.47651
-0.47651
-0.47651
-0.47651
-0.47651
-0.47651
-0.47651
-0.47651
-0.47651
-0.47651
-0.47651
-0.47651
-0.47651
-0.47651
-0.47651
-0.47651
-0.47651
-0.47651
-0.47651
-0.47651
-0.47651
-0.47651
-0.47651
-0.47651
-0.47651
-0.47651
-0.47651
-0.47651
-0.47651
-0.47651
-0.47651
-0.47651
-0.47651
-0.47651
-0.47651
-0.47651
-0.47651
-0.47651
-0.47651
-0.47651
-0.47651
-0.47651
-0.47651
-0.47651
-0.47651
-0.47651
-0.47651
-0.47651
-0.47651
-0.47651
-0.47651
-0.47651
-0.47651
-0.47651
-0.47651
-0.47651
-0.47651
-0.47651
-0.47651
-0.47651
-0.47651
-0.47651
-0.47651
-0.47651
-0.47651
-0.47651
-0.47651
-0.47651
-0.47651
-0.47651
-0.47651
-0.47651
-0.47651
-0.47651
-0.47651
-0.47651
-0.47651
-0.47651
-0.47651
-0.47651
-0.47651
-0.47651
-0.47651
-0.47651
-0.47651
-0.47651
-0.47651
-0.47651
-0.47651
-0.47651
-0.47651
-0.47651
-0.47651
-0.47651
-0.47651
-0.47651
-0.47651
-0.47651
-0.47651
-0.47651
-0.47651
-0.47651
-0.47651
-0.47651
-0.47651
-0.47651
-0.47651
-0.47651
-0.47651
-0.47651
-0.47651
-0.47651
-0.47651
-0.47651
-0.47651
-0.47651
-0.47651
-0.47651
-0.47651
-0.47651
-0.47651
-0.47651
-0.47651
-0.47650
-0.47650
-0.47650
-0.47650
-0.47650
-0.47650
-0.47649
-0.47649
-0.47649
-0.47649
-0.47649
-0.47649
-0.47649
-0.47649
-0.47649
-0.47649
-0.47649
-0.47649
-0.47649
-0.47649
-0.47649
-0.47649
-0.47649
-0.47649
-0.47649
-0.47648
-0.47648
-0.47648
-0.47648
-0.47648
-0.47648
-0.47648
-0.47648
-0.47647
-0.47647
-0.47647
-0.47647
-0.47647
-0.47647
-0.47647
-0.47646
-0.47646
-0.47646
-0.47645
-0.47645
-0.47645
-0.47644
-0.47644
-0.47644
-0.47643
-0.47643
-0.47643
-0.47642
-0.47642
-0.47641
-0.47641
-0.47640
-0.47639
-0.47639
-0.47638
-0.47637
-0.47636
-0.47635
-0.47634
-0.47633
-0.47632
-0.47631
-0.47630
-0.47629
-0.47628
-0.47627
-0.47625
-0.47623
-0.47621
-0.47619
-0.47617
-0.47614
-0.47612
-0.47610
-0.47607
-0.47603
-0.47600
-0.47597
-0.47592
-0.47588
-0.47584
-0.47579
-0.47573
-0.47566
-0.47560
-0.47554
-0.47545
-0.47537
-0.47528
-0.47520
-0.47508
-0.47496
-0.47485
-0.47473
-0.47457
-0.47440
-0.47424
-0.47408
-0.47385
-0.47362
-0.47339
-0.47316
-0.47284
-0.47252
-0.47219
-0.47187
-0.47141
-0.47096
-0.47050
-0.47004
-0.46939
-0.46874
-0.46809
-0.46745
-0.46652
-0.46559
-0.46467
-0.46374
-0.46241
-0.46107
-0.45973
-0.45840
-0.45647
-0.45454
-0.45261
-0.45068
-0.44788
-0.44509
-0.44229
-0.43950
-0.43543
-0.43137
-0.42731
-0.42325
-0.41748
-0.41171
-0.40595
-0.40018
-0.39198
-0.38377
-0.37557
-0.36737
-0.35620
-0.34504
-0.33387
-0.32271
-0.30792
-0.29313
-0.27834
-0.26355
-0.24485
-0.22615
-0.20745
-0.18875
-0.16686
-0.14497
-0.12308
-0.10119
-0.07662
-0.05205
-0.02748
-0.00291
0.02294
0.04878
0.07463
0.10047
0.12483
0.14919
0.17355
0.19791
0.22345
0.24900
0.27454
0.30008
-0.47698
-0.47698
-0.47698
-0.47698
-0.47698
-0.47698
-0.47698
-0.47698
-0.47698
-0.47698
-0.47698
-0.47698
-0.47698
-0.47698
-0.47698
-0.47698
-0.47698
-0.47698
-0.47698
-0.47698
-0.47698
-0.47698
-0.47698
-0.47698
-0.47698
-0.47698
-0.47698
-0.47698
-0.47698
-0.47698
-0.47698
-0.47698
-0.47698
-0.47698
-0.47698
-0.47698
-0.47698
-0.47698
-0.47698
-0.47698
-0.47698
-0.47698
-0.47698
-0.47698
-0.47698
-0.47698
-0.47698
-0.47698
-0.47698
-0.47698
-0.47698
-0.47698
-0.47698
-0.47698
-0.47698
-0.47698
-0.47698
-0.47698
-0.47698
-0.47698
-0.47698
-0.47698
-0.47698
-0.47698
-0.47698
-0.47698
-0.47698
-0.47698
-0.47698
-0.47698
-0.47698
-0.47698
-0.47698
-0.47698
-0.47698
-0.47698
-0.47698
-0.47698
-0.47698
-0.47698
-0.47698
-0.47698
-0.47698
-0.47698
-0.47698
-0.47698
-0.47698
-0.47698
-0.47698
-0.47698
-0.47698
-0.47698
-0.47698
-0.47698
-0.47698
-0.47698
-0.47698
-0.47698
-0.47698
-0.47698
-0.47698
-0.47698
-0.47698
-0.47698
-0.47698
-0.47698
-0.47698
-0.47698
-0.47698
-0.47698
-0.47698
-0.47698
-0.47698
-0.47698
-0.47698
-0.47698
-0.47698
-0.47698
-0.47698
-0.47698
-0.47698
-0.47698
-0.47698
-0.47698
-0.47698
-0.47698
-0.47698
-0.47698
-0.47698
-0.47698
-0.47698
-0.47698
-0.47698
-0.47698
-0.47698
-0.47698
-0.47698
-0.47698
-0.47698
-0.47698
-0.47698
-0.47698
-0.47698
-0.47698
-0.47698
-0.47698
-0.47698
-0.47698
-0.47698
-0.47698
-0.47698
-0.47698
-0.47698
-0.47698
-0.47698
-0.47698
-0.47698
-0.47698
-0.47698
-0.47698
-0.47698
-0.47698
-0.47698
-0.47698
-0.47698
-0.47698
-0.47698
-0.47698
-0.47698
-0.47698
-0.47698
-0.47698
-0.47698
-0.47698
-0.47698
-0.47698
-0.47698
-0.47698
-0.47698
-0.47698
-0.47698
-0.47698
-0.47698
-0.47698
-0.47698
-0.47698
-0.47698
-0.47698
-0.47698
-0.47698
-0.47698
-0.47698
-0.47698
-0.47698
-0.47698
-0.47698
-0.47698
-0.47698
-0.47698
-0.47698
-0.47698
-0.47698
-0.47698
-0.47698
-0.47698
-0.47698
-0.47698
-0.47698
-0.47698
-0.47698
-0.47698
-0.47698
-0.47698
-0.47698
-0.47698
-0.47698
-0.47698
-0.47698
-0.47698
-0.47698
-0.47698
-0.47698
-0.47698
-0.47698
-0.47698
-0.47698
-0.47698
-0.47698
-0.47698
-0.47698
-0.47698
-0.47698
-0.47698
-0.47698
-0.47698
-0.47698
-0.47698
-0.47698
-0.47698
-0.47698
-0.47698
-0.47698
-0.47698
-0.47698
-0.47698
-0.47697
-0.47697
-0.47697
-0.47697
-0.47697
-0.47697
-0.47697
-0.47697
-0.47697
-0.47697
-0.47697
-0.47697
-0.47697
-0.47697
-0.47697
-0.47697
-0.47697
-0.47697
-0.47697
-0.47697
-0.47696
-0.47696
-0.47696
-0.47695
-0.47695
-0.47695
-0.47695
-0.47695
-0.47695
-0.47695
-0.47694
-0.47694
-0.47694
-0.47694
-0.47694
-0.47694
-0.47694
-0.47693
-0.47693
-0.47693
-0.47692
-0.47692
-0.47692
-0.47691
-0.47691
-0.47691
-0.47690
-0.47690
-0.47690
-0.47689
-0.47688
-0.47688
-0.47687
-0.47686
-0.47686
-0.47685
-0.47684
-0.47683
-0.47682
-0.47681
-0.47680
-0.47679
-0.47678
-0.47677
-0.47676
-0.47675
-0.47673
-0.47672
-0.47670
-0.47668
-0.47666
-0.47664
-0.47662
-0.47660
-0.47658
-0.47656
-0.47653
-0.47650
-0.47647
-0.47644
-0.47641
-0.47637
-0.47633
-0.47630
-0.47624
-0.47618
-0.47613
-0.47607
-0.47600
-0.47593
-0.47586
-0.47580
-0.47570
-0.47561
-0.47552
-0.47543
-0.47530
-0.47517
-0.47504
-0.47491
-0.47473
-0.47455
-0.47437
-0.47419
-0.47394
-0.47369
-0.47343
-0.47318
-0.47281
-0.47245
-0.47208
-0.47171
-0.47120
-0.47068
-0.47016
-0.46964
-0.46891
-0.46817
-0.46743
-0.46669
-0.46563
-0.46457
-0.46351
-0.46244
-0.46092
-0.45939
-0.45786
-0.45633
-0.45412
-0.45191
-0.44969
-0.44748
-0.44427
-0.44105
-0.43783
-0.43462
-0.43001
-0.42541
-0.42081
-0.41621
-0.40963
-0.40305
-0.39647
-0.38990
-0.38079
-0.37169
-0.36258
-0.35348
-0.34118
-0.32888
-0.31658
-0.30428
-0.28838
-0.27248
-0.25658
-0.24069
-0.22117
-0.20166
-0.18215
-0.16264
-0.14045
-0.11826
-0.09607
-0.07388
-0.04877
-0.02365
0.00146
0.02657
0.04979
0.07300
0.09622
0.11943
0.14551
0.17159
0.19768
0.22376
-0.47745
-0.47745
-0.47745
-0.47745
-0.47745
-0.47745
-0.47745
-0.47745
-0.47745
-0.47745
-0.47745
-0.47745
-0.47745
-0.47745
-0.47745
-0.47745
-0.47745
-0.47745
-0.47745
-0.47745
-0.47745
-0.47745
-0.47745
-0.47745
-0.47745
-0.47745
-0.47745
-0.47745
-0.47745
-0.47745
-0.47745
-0.47745
-0.47745
-0.47745
-0.47745
-0.47745
-0.47745
-0.47745
-0.47745
-0.47745
-0.47745
-0.47745
-0.47745
-0.47745
-0.47745
-0.47745
-0.47745
-0.47745
-0.47745
-0.47745
-0.47745
-0.47745
-0.47745
-0.47745
-0.47745
-0.47745
-0.47745
-0.47745
-0.47745
-0.47745
-0.47745
-0.47745
-0.47745
-0.47745
-0.47745
-0.47745
-0.47745
-0.47745
-0.47745
-0.47745
-0.47745
-0.47745
-0.47745
-0.47745
-0.47745
-0.47745
-0.47745
-0.47745
-0.47745
-0.47745
-0.47745
-0.47745
-0.47745
-0.47745
-0.47745
-0.47745
-0.47745
-0.47745
-0.47745
-0.47745
-0.47745
-0.47745
-0.47745
-0.47745
-0.47745
-0.47745
-0.47745
-0.47745
-0.47745
-0.47745
-0.47745
-0.47745
-0.47745
-0.47745
-0.47745
-0.47745
-0.47745
-0.47745
-0.47745
-0.47745
-0.47745
-0.47745
-0.47745
-0.47745
-0.47745
-0.47745
-0.47745
-0.47745
-0.47745
-0.47745
-0.47745
-0.47745
-0.47745
-0.47745
-0.47745
-0.47745
-0.47745
-0.47745
-0.47745
-0.47745
-0.47745
-0.47745
-0.47745
-0.47745
-0.47745
-0.47745
-0.47745
-0.47745
-0.47745
-0.47745
-0.47745
-0.47745
-0.47745
-0.47745
-0.47745
-0.47745
-0.47745
-0.47745
-0.47745
-0.47745
-0.47745
-0.47745
-0.47745
-0.47745
-0.47745
-0.47745
-0.47745
-0.47745
-0.47745
-0.47745
-0.47745
-0.47745
-0.47745
-0.47745
-0.47745
-0.47745
-0.47745
-0.47745
-0.47745
-0.47745
-0.47745
-0.47745
-0.47745
-0.47745
-0.47745
-0.47745
-0.47745
-0.47745
-0.47745
-0.47745
-0.47745
-0.47745
-0.47745
-0.47745
-0.47745
-0.47745
-0.47745
-0.47745
-0.47745
-0.47745
-0.47745
-0.47745
-0.47745
-0.47745
-0.47745
-0.47745
-0.47745
-0.47745
-0.47745
-0.47745
-0.47745
-0.47745
-0.47745
-0.47745
-0.47745
-0.47745
-0.47745
-0.47745
-0.47745
-0.47745
-0.47745
-0.47745
-0.47745
-0.47745
-0.47745
-0.47745
-0.47745
-0.47745
-0.47745
-0.47745
-0.47745
-0.47745
-0.47745
-0.47745
-0.47745
-0.47745
-0.47745
-0.47745
-0.47745
-0.47745
-0.47745
-0.47745
-0.47745
-0.47745
-0.47745
-0.47745
-0.47745
-0.47745
-0.47745
-0.47745
-0.47745
-0.47745
-0.47745
-0.47745
-0.47745
-0.47744
-0.47744
-0.47744
-0.47744
-0.47744
-0.47744
-0.47744
-0.47744
-0.47744
-0.47744
-0.47744
-0.47744
-0.47744
-0.47744
-0.47744
-0.47744
-0.47744
-0.47744
-0.47744
-0.47744
-0.47744
-0.47743
-0.47743
-0.47743
-0.47743
-0.47743
-0.47743
-0.47743
-0.47742
-0.47742
-0.47742
-0.47741
-0.47741
-0.47741
-0.47741
-0.47741
-0.47741
-0.47741
-0.47740
-0.47740
-0.47740
-0.47739
-0.47739
-0.47739
-0.47738
-0.47738
-0.47738
-0.47737
-0.47737
-0.47736
-0.47736
-0.47735
-0.47734
-0.47734
-0.47733
-0.47732
-0.47731
-0.47730
-0.47729
-0.47728
-0.47727
-0.47726
-0.47725
-0.47724
-0.47723
-0.47722
-0.47721
-0.47719
-0.47717
-0.47715
-0.47713
-0.47711
-0.47709
-0.47707
-0.47705
-0.47703
-0.47700
-0.47697
-0.47695
-0.47692
-0.47688
-0.47684
-0.47681
-0.47677
-0.47671
-0.47666
-0.47660
-0.47655
-0.47648
-0.47642
-0.47635
-0.47629
-0.47621
-0.47613
-0.47605
-0.47597
-0.47586
-0.47575
-0.47564
-0.47553
-0.47539
-0.47525
-0.47510
-0.47496
-0.47476
-0.47456
-0.47436
-0.47415
-0.47386
-0.47356
-0.47327
-0.47297
-0.47255
-0.47213
-0.47171
-0.47129
-0.47069
-0.47009
-0.46950
-0.46890
-0.46804
-0.46719
-0.46633
-0.46547
-0.46425
-0.46302
-0.46179
-0.46056
-0.45878
-0.45701
-0.45523
-0.45345
-0.45087
-0.44829
-0.44570
-0.44312
-0.43941
-0.43569
-0.43198
-0.42826
-0.42294
-0.41761
-0.41229
-0.40696
-0.39951
-0.39205
-0.38460
-0.37715
-0.36694
-0.35673
-0.34652
-0.33631
-0.32288
-0.30945
-0.29602
-0.28260
-0.26553
-0.24846
-0.23139
-0.21432
-0.19457
-0.17483
-0.15509
-0.13535
-0.11206
-0.08877
-0.06548
-0.04219
-0.01995
0.00229
0.02453
0.04677
0.07180
0.09684
0.12187
0.14690
-0.47791
-0.47791
-0.47791
-0.47791
-0.47791
-0.47791
-0.47791
-0.47791
-0.47791
-0.47791
-0.47791
-0.47791
-0.47791
-0.47791
-0.47791
-0.47791
-0.47791
-0.47791
-0.47791
-0.47791
-0.47791
-0.47791
-0.47791
-0.47791
-0.47791
-0.47791
-0.47791
-0.47791
-0.47791
-0.47791
-0.47791
-0.47791
-0.47791
-0.47791
-0.47791
-0.47791
-0.47791
-0.47791
-0.47791
-0.47791
-0.47791
-0.47791
-0.47791
-0.47791
-0.47791
-0.47791
-0.47791
-0.47791
-0.47791
-0.47791
-0.47791
-0.47791
-0.47791
-0.47791
-0.47791
-0.47791
-0.47791
-0.47791
-0.47791
-0.47791
-0.47791
-0.47791
-0.47791
-0.47791
-0.47791
-0.47791
-0.47791
-0.47791
-0.47791
-0.47791
-0.47791
-0.47791
-0.47791
-0.47791
-0.47791
-0.47791
-0.47791
-0.47791
-0.47791
-0.47791
-0.47791
-0.47791
-0.47791
-0.47791
-0.47791
-0.47791
-0.47791
-0.47791
-0.47791
-0.47791
-0.47791
-0.47791
-0.47791
-0.47791
-0.47791
-0.47791
-0.47791
-0.47791
-0.47791
-0.47791
-0.47791
-0.47791
-0.47791
-0.47791
-0.47791
-0.47791
-0.47791
-0.47791
-0.47791
-0.47791
-0.47791
-0.47791
-0.47791
-0.47791
-0.47791
-0.47791
-0.47791
-0.47791
-0.47791
-0.47791
-0.47791
-0.47791
-0.47791
-0.47791
-0.47791
-0.47791
-0.47791
-0.47791
-0.47791
-0.47791
-0.47791
-0.47791
-0.47791
-0.47791
-0.47791
-0.47791
-0.47791
-0.47791
-0.47791
-0.47791
-0.47791
-0.47791
-0.47791
-0.47791
-0.47791
-0.47791
-0.47791
-0.47791
-0.47791
-0.47791
-0.47791
-0.47791
-0.47791
-0.47791
-0.47791
-0.47791
-0.47791
-0.47791
-0.47791
-0.47791
-0.47791
-0.47791
-0.47791
-0.47791
-0.47791
-0.47791
-0.47791
-0.47791
-0.47791
-0.47791
-0.47791
-0.47791
-0.47791
-0.47791
-0.47791
-0.47791
-0.47791
-0.47791
-0.47791
-0.47791
-0.47791
-0.47791
-0.47791
-0.47791
-0.47791
-0.47791
-0.47791
-0.47791
-0.47791
-0.47791
-0.47791
-0.47791
-0.47791
-0.47791
-0.47791
-0.47791
-0.47791
-0.47791
-0.47791
-0.47791
-0.47791
-0.47791
-0.47791
-0.47791
-0.47791
-0.47791
-0.47791
-0.47791
-0.47791
-0.47791
-0.47791
-0.47791
-0.47791
-0.47791
-0.47791
-0.47791
-0.47791
-0.47791
-0.47791
-0.47791
-0.47791
-0.47791
-0.47791
-0.47791
-0.47791
-0.47791
-0.47791
-0.47791
-0.47791
-0.47791
-0.47791
-0.47791
-0.47791
-0.47791
-0.47791
-0.47791
-0.47791
-0.47791
-0.47791
-0.47791
-0.47791
-0.47791
-0.47791
-0.47791
-0.47791
-0.47791
-0.47791
-0.47791
-0.47791
-0.47791
-0.47791
-0.47791
-0.47791
-0.47791
-0.47791
-0.47791
-0.47791
-0.47791
-0.47791
-0.47791
-0.47791
-0.47791
-0.47791
-0.47791
-0.47791
-0.47791
-0.47791
-0.47791
-0.47790
-0.47790
-0.47790
-0.47790
-0.47790
-0.47790
-0.47790
-0.47789
-0.47789
-0.47789
-0.47789
-0.47789
-0.47789
-0.47788
-0.47788
-0.47788
-0.47788
-0.47787
-0.47787
-0.47787
-0.47786
-0.47786
-0.47786
-0.47785
-0.47785
-0.47784
-0.47784
-0.47783
-0.47782
-0.47782
-0.47781
-0.47780
-0.47780
-0.47779
-0.47778
-0.47777
-0.47776
-0.47775
-0.47774
-0.47773
-0.47772
-0.47771
-0.47770
-0.47768
-0.47767
-0.47765
-0.47763
-0.47761
-0.47760
-0.47757
-0.47755
-0.47753
-0.47750
-0.47748
-0.47745
-0.47742
-0.47740
-0.47736
-0.47732
-0.47728
-0.47724
-0.47719
-0.47713
-0.47707
-0.47702
-0.47695
-0.47689
-0.47682
-0.47675
-0.47668
-0.47661
-0.47654
-0.47647
-0.47637
-0.47627
-0.47617
-0.47608
-0.47596
-0.47584
-0.47573
-0.47561
-0.47545
-0.47529
-0.47513
-0.47496
-0.47473
-0.47449
-0.47425
-0.47401
-0.47367
-0.47333
-0.47299
-0.47265
-0.47217
-0.47169
-0.47121
-0.47073
-0.47004
-0.46936
-0.46867
-0.46799
-0.46701
-0.46603
-0.46505
-0.46407
-0.46266
-0.46124
-0.45983
-0.45842
-0.45637
-0.45432
-0.45227
-0.45022
-0.44726
-0.44430
-0.44134
-0.43837
-0.43412
-0.42987
-0.42562
-0.42137
-0.41536
-0.40934
-0.40333
-0.39732
-0.38898
-0.38064
-0.37230
-0.36396
-0.35279
-0.34163
-0.33047
-0.31930
-0.30467
-0.29004
-0.27541
-0.26078
-0.24343
-0.22609
-0.20874
-0.19139
-0.17032
-0.14925
-0.12818
-0.10711
-0.08587
-0.06463
-0.04339
-0.02215
0.00137
0.02489
0.04841
0.07193
-0.47838
-0.47838
-0.47838
-0.47838
-0.47838
-0.47838
-0.47838
-0.47838
-0.47838
-0.47838
-0.47838
-0.47838
-0.47838
-0.47838
-0.47838
-0.47838
-0.47838
-0.47838
-0.47838
-0.47838
-0.47838
-0.47838
-0.47838
-0.47838
-0.47838
-0.47838
-0.47838
-0.47838
-0.47838
-0.47838
-0.47838
-0.47838
-0.47838
-0.47838
-0.47838
-0.47838
-0.47838
-0.47838
-0.47838
-0.47838
-0.47838
-0.47838
-0.47838
-0.47838
-0.47838
-0.47838
-0.47838
-0.47838
-0.47838
-0.47838
-0.47838
-0.47838
-0.47838
-0.47838
-0.47838
-0.47838
-0.47838
-0.47838
-0.47838
-0.47838
-0.47838
-0.47838
-0.47838
-0.47838
-0.47838
-0.47838
-0.47838
-0.47838
-0.47838
-0.47838
-0.47838
-0.47838
-0.47838
-0.47838
-0.47838
-0.47838
-0.47838
-0.47838
-0.47838
-0.47838
-0.47838
-0.47838
-0.47838
-0.47838
-0.47838
-0.47838
-0.47838
-0.47838
-0.47838
-0.47838
-0.47838
-0.47838
-0.47838
-0.47838
-0.47838
-0.47838
-0.47838
-0.47838
-0.47838
-0.47838
-0.47838
-0.47838
-0.47838
-0.47838
-0.47838
-0.47838
-0.47838
-0.47838
-0.47838
-0.47838
-0.47838
-0.47838
-0.47838
-0.47838
-0.47838
-0.47838
-0.47838
-0.47838
-0.47838
-0.47838
-0.47838
-0.47838
-0.47838
-0.47838
-0.47838
-0.47838
-0.47838
-0.47838
-0.47838
-0.47838
-0.47838
-0.47838
-0.47838
-0.47838
-0.47838
-0.47838
-0.47838
-0.47838
-0.47838
-0.47838
-0.47838
-0.47838
-0.47838
-0.47838
-0.47838
-0.47838
-0.47838
-0.47838
-0.47838
-0.47838
-0.47838
-0.47838
-0.47838
-0.47838
-0.47838
-0.47838
-0.47838
-0.47838
-0.47838
-0.47838
-0.47838
-0.47838
-0.47838
-0.47838
-0.47838
-0.47838
-0.47838
-0.47838
-0.47838
-0.47838
-0.47838
-0.47838
-0.47838
-0.47838
-0.47838
-0.47838
-0.47838
-0.47838
-0.47838
-0.47838
-0.47838
-0.47838
-0.47838
-0.47838
-0.47838
-0.47838
-0.47838
-0.47838
-0.47838
-0.47838
-0.47838
-0.47838
-0.47838
-0.47838
-0.47838
-0.47838
-0.47838
-0.47838
-0.47838
-0.47838
-0.47838
-0.47838
-0.47838
-0.47838
-0.47838
-0.47838
-0.47838
-0.47838
-0.47838
-0.47838
-0.47838
-0.47838
-0.47838
-0.47838
-0.47838
-0.47838
-0.47838
-0.47838
-0.47838
-0.47838
-0.47838
-0.47838
-0.47838
-0.47838
-0.47838
-0.47838
-0.47838
-0.47838
-0.47838
-0.47838
-0.47838
-0.47838
-0.47838
-0.47838
-0.47838
-0.47838
-0.47838
-0.47838
-0.47838
-0.47838
-0.47838
-0.47838
-0.47838
-0.47838
-0.47838
-0.47838
-0.47838
-0.47838
-0.47838
-0.47838
-0.47838
-0.47838
-0.47838
-0.47838
-0.47838
-0.47838
-0.47838
-0.47838
-0.47838
-0.47838
-0.47838
-0.47838
-0.47838
-0.47838
-0.47838
-0.47838
-0.47838
-0.47838
-0.47838
-0.47838
-0.47838
-0.47838
-0.47838
-0.47838
-0.47838
-0.47837
-0.47837
-0.47837
-0.47836
-0.47836
-0.47836
-0.47836
-0.47836
-0.47836
-0.47836
-0.47835
-0.47835
-0.47835
-0.47834
-0.47834
-0.47833
-0.47832
-0.47832
-0.47831
-0.47831
-0.47831
-0.47830
-0.47830
-0.47829
-0.47828
-0.47828
-0.47827
-0.47826
-0.47826
-0.47825
-0.47824
-0.47823
-0.47822
-0.47821
-0.47820
-0.47818
-0.47817
-0.47816
-0.47814
-0.47813
-0.47811
-0.47809
-0.47807
-0.47805
-0.47802
-0.47800
-0.47797
-0.47794
-0.47791
-0.47788
-0.47785
-0.47781
-0.47777
-0.47773
-0.47767
-0.47762
-0.47756
-0.47751
-0.47744
-0.47736
-0.47729
-0.47722
-0.47715
-0.47708
-0.47701
-0.47693
-0.47684
-0.47674
-0.47664
-0.47654
-0.47644
-0.47634
-0.47624
-0.47614
-0.47600
-0.47586
-0.47572
-0.47558
-0.47538
-0.47518
-0.47498
-0.47479
-0.47450
-0.47422
-0.47393
-0.47365
-0.47326
-0.47286
-0.47247
-0.47208
-0.47152
-0.47097
-0.47041
-0.46985
-0.46906
-0.46827
-0.46748
-0.46669
-0.46555
-0.46442
-0.46329
-0.46215
-0.46052
-0.45888
-0.45724
-0.45561
-0.45324
-0.45088
-0.44852
-0.44615
-0.44276
-0.43937
-0.43598
-0.43259
-0.42775
-0.42291
-0.41808
-0.41324
-0.40647
-0.39971
-0.39294
-0.38618
-0.37698
-0.36777
-0.35857
-0.34937
-0.33713
-0.32489
-0.31266
-0.30042
-0.28529
-0.27016
-0.25503
-0.23991
-0.22136
-0.20282
-0.18428
-0.16574
-0.14565
-0.12557
-0.10548
-0.08539
-0.06357
-0.04174
-0.01992
0.00191
-0.47886
-0.47886
-0.47886
-0.47886
-0.47886
-0.47886
-0.47886
-0.47886
-0.47886
-0.47886
-0.47886
-0.47886
-0.47886
-0.47886
-0.47886
-0.47886
-0.47886
-0.47886
-0.47886
-0.47886
-0.47886
-0.47886
-0.47886
-0.47886
-0.47886
-0.47886
-0.47886
-0.47886
-0.47886
-0.47886
-0.47886
-0.47886
-0.47886
-0.47886
-0.47886
-0.47886
-0.47886
-0.47886
-0.47886
-0.47886
-0.47886
-0.47886
-0.47886
-0.47886
-0.47886
-0.47886
-0.47886
-0.47886
-0.47886
-0.47886
-0.47886
-0.47886
-0.47886
-0.47886
-0.47886
-0.47886
-0.47886
-0.47886
-0.47886
-0.47886
-0.47886
-0.47886
-0.47886
-0.47886
-0.47886
-0.47886
-0.47886
-0.47886
-0.47886
-0.47886
-0.47886
-0.47886
-0.47886
-0.47886
-0.47886
-0.47886
-0.47886
-0.47886
-0.47886
-0.47886
-0.47886
-0.47886
-0.47886
-0.47886
-0.47886
-0.47886
-0.47886
-0.47886
-0.47886
-0.47886
-0.47886
-0.47886
-0.47886
-0.47886
-0.47886
-0.47886
-0.47886
-0.47886
-0.47886
-0.47886
-0.47886
-0.47886
-0.47886
-0.47886
-0.47886
-0.47886
-0.47886
-0.47886
-0.47886
-0.47886
-0.47886
-0.47886
-0.47886
-0.47886
-0.47886
-0.47886
-0.47886
-0.47886
-0.47886
-0.47886
-0.47886
-0.47886
-0.47886
-0.47886
-0.47886
-0.47886
-0.47886
-0.47886
-0.47886
-0.47886
-0.47886
-0.47886
-0.47886
-0.47886
-0.47886
-0.47886
-0.47886
-0.47886
-0.47886
-0.47886
-0.47886
-0.47886
-0.47886
-0.47886
-0.47886
-0.47886
-0.47886
-0.47886
-0.47886
-0.47886
-0.47886
-0.47886
-0.47886
-0.47886
-0.47886
-0.47886
-0.47886
-0.47886
-0.47886
-0.47886
-0.47886
-0.47886
-0.47886
-0.47886
-0.47886
-0.47886
-0.47886
-0.47886
-0.47886
-0.47886
-0.47886
-0.47886
-0.47886
-0.47886
-0.47886
-0.47886
-0.47886
-0.47886
-0.47886
-0.47886
-0.47886
-0.47886
-0.47886
-0.47886
-0.47886
-0.47886
-0.47886
-0.47886
-0.47886
-0.47886
-0.47886
-0.47886
-0.47886
-0.47886
-0.47886
-0.47886
-0.47886
-0.47886
-0.47886
-0.47886
-0.47886
-0.47886
-0.47886
-0.47886
-0.47886
-0.47886
-0.47886
-0.47886
-0.47886
-0.47886
-0.47886
-0.47886
-0.47886
-0.47886
-0.47886
-0.47886
-0.47886
-0.47886
-0.47886
-0.47886
-0.47886
-0.47886
-0.47886
-0.47886
-0.47886
-0.47886
-0.47886
-0.47886
-0.47886
-0.47886
-0.47886
-0.47886
-0.47886
-0.47886
-0.47886
-0.47886
-0.47886
-0.47886
-0.47886
-0.47886
-0.47886
-0.47886
-0.47886
-0.47886
-0.47886
-0.47886
-0.47886
-0.47886
-0.47886
-0.47886
-0.47886
-0.47886
-0.47886
-0.47886
-0.47886
-0.47886
-0.47886
-0.47886
-0.47886
-0.47886
-0.47886
-0.47886
-0.47886
-0.47886
-0.47886
-0.47886
-0.47886
-0.47886
-0.47886
-0.47886
-0.47885
-0.47885
-0.47885
-0.47885
-0.47885
-0.47885
-0.47885
-0.47885
-0.47884
-0.47884
-0.47884
-0.47884
-0.47884
-0.47884
-0.47883
-0.47883
-0.47883
-0.47882
-0.47882
-0.47882
-0.47881
-0.47881
-0.47880
-0.47880
-0.47880
-0.47879
-0.47879
-0.47878
-0.47878
-0.47877
-0.47876
-0.47876
-0.47875
-0.47874
-0.47874
-0.47873
-0.47872
-0.47871
-0.47870
-0.47869
-0.47868
-0.47867
-0.47866
-0.47864
-0.47862
-0.47861
-0.47859
-0.47857
-0.47855
-0.47853
-0.47852
-0.47849
-0.47846
-0.47844
-0.47841
-0.47837
-0.47834
-0.47830
-0.47827
-0.47821
-0.47816
-0.47810
-0.47805
-0.47798
-0.47791
-0.47784
-0.47777
-0.47769
-0.47762
-0.47754
-0.47746
-0.47736
-0.47726
-0.47716
-0.47706
-0.47696
-0.47686
-0.47675
-0.47665
-0.47652
-0.47638
-0.47625
-0.47611
-0.47593
-0.47575
-0.47557
-0.47539
-0.47514
-0.47488
-0.47463
-0.47437
-0.47403
-0.47369
-0.47334
-0.47300
-0.47253
-0.47206
-0.47159
-0.47112
-0.47045
-0.46979
-0.46912
-0.46846
-0.46753
-0.46661
-0.46568
-0.46476
-0.46342
-0.46209
-0.46075
-0.45941
-0.45751
-0.45560
-0.45370
-0.45179
-0.44905
-0.44631
-0.44358
-0.44084
-0.43692
-0.43300
-0.42908
-0.42517
-0.41966
-0.41415
-0.40864
-0.40313
-0.39554
-0.38795
-0.38036
-0.37277
-0.36257
-0.35237
-0.34216
-0.33196
-0.31894
-0.30592
-0.29290
-0.27988
-0.26374
-0.24761
-0.23147
-0.21533
-0.19678
-0.17822
-0.15967
-0.14111
-0.12111
-0.10111
-0.08111
-0.06111
-0.47933
-0.47933
-0.47933
-0.47933
-0.47933
-0.47933
-0.47933
-0.47933
-0.47933
-0.47933
-0.47933
-0.47933
-0.47933
-0.47933
-0.47933
-0.47933
-0.47933
-0.47933
-0.47933
-0.47933
-0.47933
-0.47933
-0.47933
-0.47933
-0.47933
-0.47933
-0.47933
-0.47933
-0.47933
-0.47933
-0.47933
-0.47933
-0.47933
-0.47933
-0.47933
-0.47933
-0.47933
-0.47933
-0.47933
-0.47933
-0.47933
-0.47933
-0.47933
-0.47933
-0.47933
-0.47933
-0.47933
-0.47933
-0.47933
-0.47933
-0.47933
-0.47933
-0.47933
-0.47933
-0.47933
-0.47933
-0.47933
-0.47933
-0.47933
-0.47933
-0.47933
-0.47933
-0.47933
-0.47933
-0.47933
-0.47933
-0.47933
-0.47933
-0.47933
-0.47933
-0.47933
-0.47933
-0.47933
-0.47933
-0.47933
-0.47933
-0.47933
-0.47933
-0.47933
-0.47933
-0.47933
-0.47933
-0.47933
-0.47933
-0.47933
-0.47933
-0.47933
-0.47933
-0.47933
-0.47933
-0.47933
-0.47933
-0.47933
-0.47933
-0.47933
-0.47933
-0.47933
-0.47933
-0.47933
-0.47933
-0.47933
-0.47933
-0.47933
-0.47933
-0.47933
-0.47933
-0.47933
-0.47933
-0.47933
-0.47933
-0.47933
-0.47933
-0.47933
-0.47933
-0.47933
-0.47933
-0.47933
-0.47933
-0.47933
-0.47933
-0.47933
-0.47933
-0.47933
-0.47933
-0.47933
-0.47933
-0.47933
-0.47933
-0.47933
-0.47933
-0.47933
-0.47933
-0.47933
-0.47933
-0.47933
-0.47933
-0.47933
-0.47933
-0.47933
-0.47933
-0.47933
-0.47933
-0.47933
-0.47933
-0.47933
-0.47933
-0.47933
-0.47933
-0.47933
-0.47933
-0.47933
-0.47933
-0.47933
-0.47933
-0.47933
-0.47933
-0.47933
-0.47933
-0.47933
-0.47933
-0.47933
-0.47933
-0.47933
-0.47933
-0.47933
-0.47933
-0.47933
-0.47933
-0.47933
-0.47933
-0.47933
-0.47933
-0.47933
-0.47933
-0.47933
-0.47933
-0.47933
-0.47933
-0.47933
-0.47933
-0.47933
-0.47933
-0.47933
-0.47933
-0.47933
-0.47933
-0.47933
-0.47933
-0.47933
-0.47933
-0.47933
-0.47933
-0.47933
-0.47933
-0.47933
-0.47933
-0.47933
-0.47933
-0.47933
-0.47933
-0.47933
-0.47933
-0.47933
-0.47933
-0.47933
-0.47933
-0.47933
-0.47933
-0.47933
-0.47933
-0.47933
-0.47933
-0.47933
-0.47933
-0.47933
-0.47933
-0.47933
-0.47933
-0.47933
-0.47933
-0.47933
-0.47933
-0.47933
-0.47933
-0.47933
-0.47933
-0.47933
-0.47933
-0.47933
-0.47933
-0.47933
-0.47933
-0.47933
-0.47933
-0.47933
-0.47933
-0.47933
-0.47933
-0.47933
-0.47933
-0.47933
-0.47933
-0.47933
-0.47933
-0.47933
-0.47933
-0.47933
-0.47933
-0.47933
-0.47933
-0.47933
-0.47933
-0.47933
-0.47933
-0.47933
-0.47933
-0.47933
-0.47933
-0.47933
-0.47933
-0.47933
-0.47933
-0.47933
-0.47933
-0.47933
-0.47933
-0.47933
-0.47933
-0.47933
-0.47933
-0.47933
-0.47932
-0.47932
-0.47932
-0.47932
-0.47932
-0.47932
-0.47932
-0.47932
-0.47932
-0.47932
-0.47932
-0.47932
-0.47931
-0.47931
-0.47931
-0.47931
-0.47930
-0.47930
-0.47930
-0.47929
-0.47929
-0.47929
-0.47929
-0.47928
-0.47928
-0.47928
-0.47927
-0.47927
-0.47926
-0.47925
-0.47925
-0.47924
-0.47923
-0.47923
-0.47922
-0.47921
-0.47920
-0.47919
-0.47918
-0.47917
-0.47916
-0.47916
-0.47914
-0.47912
-0.47911
-0.47909
-0.47908
-0.47906
-0.47904
-0.47903
-0.47900
-0.47898
-0.47896
-0.47893
-0.47890
-0.47887
-0.47884
-0.47881
-0.47876
-0.47871
-0.47866
-0.47861
-0.47855
-0.47848
-0.47842
-0.47835
-0.47828
-0.47821
-0.47813
-0.47806
-0.47796
-0.47786
-0.47777
-0.47767
-0.47757
-0.47746
-0.47736
-0.47725
-0.47712
-0.47699
-0.47686
-0.47672
-0.47655
-0.47638
-0.47620
-0.47603
-0.47580
-0.47556
-0.47533
-0.47509
-0.47477
-0.47445
-0.47413
-0.47381
-0.47340
-0.47298
-0.47257
-0.47215
-0.47156
-0.47097
-0.47038
-0.46980
-0.46901
-0.46822
-0.46743
-0.46664
-0.46551
-0.46438
-0.46326
-0.46213
-0.46055
-0.45897
-0.45739
-0.45581
-0.45355
-0.45130
-0.44904
-0.44679
-0.44357
-0.44035
-0.43712
-0.43390
-0.42937
-0.42484
-0.42031
-0.41578
-0.40949
-0.40319
-0.39690
-0.39060
-0.38207
-0.37354
-0.36502
-0.35649
-0.34535
-0.33421
-0.32306
-0.31192
-0.29796
-0.28400
-0.27003
-0.25607
-0.23929
-0.22250
-0.20572
-0.18893
-0.17073
-0.15253
-0.13433
-0.11613
-0.47980
-0.47980
-0.47980
-0.47980
-0.47980
-0.47980
-0.47980
-0.47980
-0.47980
-0.47980
-0.47980
-0.47980
-0.47980
-0.47980
-0.47980
-0.47980
-0.47980
-0.47980
-0.47980
-0.47980
-0.47980
-0.47980
-0.47980
-0.47980
-0.47980
-0.47980
-0.47980
-0.47980
-0.47980
-0.47980
-0.47980
-0.47980
-0.47980
-0.47980
-0.47980
-0.47980
-0.47980
-0.47980
-0.47980
-0.47980
-0.47980
-0.47980
-0.47980
-0.47980
-0.47980
-0.47980
-0.47980
-0.47980
-0.47980
-0.47980
-0.47980
-0.47980
-0.47980
-0.47980
-0.47980
-0.47980
-0.47980
-0.47980
-0.47980
-0.47980
-0.47980
-0.47980
-0.47980
-0.47980
-0.47980
-0.47980
-0.47980
-0.47980
-0.47980
-0.47980
-0.47980
-0.47980
-0.47980
-0.47980
-0.47980
-0.47980
-0.47980
-0.47980
-0.47980
-0.47980
-0.47980
-0.47980
-0.47980
-0.47980
-0.47980
-0.47980
-0.47980
-0.47980
-0.47980
-0.47980
-0.47980
-0.47980
-0.47980
-0.47980
-0.47980
-0.47980
-0.47980
-0.47980
-0.47980
-0.47980
-0.47980
-0.47980
-0.47980
-0.47980
-0.47980
-0.47980
-0.47980
-0.47980
-0.47980
-0.47980
-0.47980
-0.47980
-0.47980
-0.47980
-0.47980
-0.47980
-0.47980
-0.47980
-0.47980
-0.47980
-0.47980
-0.47980
-0.47980
-0.47980
-0.47980
-0.47980
-0.47980
-0.47980
-0.47980
-0.47980
-0.47980
-0.47980
-0.47980
-0.47980
-0.47980
-0.47980
-0.47980
-0.47980
-0.47980
-0.47980
-0.47980
-0.47980
-0.47980
-0.47980
-0.47980
-0.47980
-0.47980
-0.47980
-0.47980
-0.47980
-0.47980
-0.47980
-0.47980
-0.47980
-0.47980
-0.47980
-0.47980
-0.47980
-0.47980
-0.47980
-0.47980
-0.47980
-0.47980
-0.47980
-0.47980
-0.47980
-0.47980
-0.47980
-0.47980
-0.47980
-0.47980
-0.47980
-0.47980
-0.47980
-0.47980
-0.47980
-0.47980
-0.47980
-0.47980
-0.47980
-0.47980
-0.47980
-0.47980
-0.47980
-0.47980
-0.47980
-0.47980
-0.47980
-0.47980
-0.47980
-0.47980
-0.47980
-0.47980
-0.47980
-0.47980
-0.47980
-0.47980
-0.47980
-0.47980
-0.47980
-0.47980
-0.47980
-0.47980
-0.47980
-0.47980
-0.47980
-0.47980
-0.47980
-0.47980
-0.47980
-0.47980
-0.47980
-0.47980
-0.47980
-0.47980
-0.47980
-0.47980
-0.47980
-0.47980
-0.47980
-0.47980
-0.47980
-0.47980
-0.47980
-0.47980
-0.47980
-0.47980
-0.47980
-0.47980
-0.47980
-0.47980
-0.47980
-0.47980
-0.47980
-0.47980
-0.47980
-0.47980
-0.47980
-0.47980
-0.47980
-0.47980
-0.47980
-0.47980
-0.47980
-0.47980
-0.47980
-0.47980
-0.47980
-0.47980
-0.47980
-0.47980
-0.47980
-0.47980
-0.47980
-0.47980
-0.47980
-0.47980
-0.47980
-0.47980
-0.47980
-0.47980
-0.47980
-0.47980
-0.47980
-0.47980
-0.47980
-0.47980
-0.47980
-0.47980
-0.47980
-0.47980
-0.47980
-0.47980
-0.47980
-0.47980
-0.47980
-0.47980
-0.47980
-0.47980
-0.47980
-0.47980
-0.47980
-0.47979
-0.47979
-0.47979
-0.47979
-0.47979
-0.47978
-0.47978
-0.47978
-0.47978
-0.47978
-0.47978
-0.47977
-0.47977
-0.47977
-0.47976
-0.47976
-0.47975
-0.47975
-0.47975
-0.47974
-0.47973
-0.47973
-0.47972
-0.47971
-0.47970
-0.47970
-0.47969
-0.47968
-0.47967
-0.47967
-0.47966
-0.47964
-0.47963
-0.47962
-0.47960
-0.47959
-0.47957
-0.47955
-0.47954
-0.47951
-0.47949
-0.47947
-0.47945
-0.47942
-0.47939
-0.47937
-0.47934
-0.47930
-0.47926
-0.47922
-0.47918
-0.47912
-0.47907
-0.47901
-0.47896
-0.47889
-0.47882
-0.47876
-0.47869
-0.47860
-0.47851
-0.47842
-0.47833
-0.47822
-0.47812
-0.47801
-0.47790
-0.47777
-0.47764
-0.47752
-0.47739
-0.47722
-0.47705
-0.47688
-0.47671
-0.47649
-0.47627
-0.47605
-0.47583
-0.47552
-0.47521
-0.47490
-0.47460
-0.47421
-0.47383
-0.47345
-0.47307
-0.47253
-0.47199
-0.47146
-0.47092
-0.47022
-0.46953
-0.46884
-0.46814
-0.46718
-0.46621
-0.46524
-0.46427
-0.46294
-0.46161
-0.46028
-0.45895
-0.45708
-0.45522
-0.45335
-0.45149
-0.44884
-0.44619
-0.44354
-0.44090
-0.43719
-0.43348
-0.42978
-0.42607
-0.42089
-0.41571
-0.41054
-0.40536
-0.39830
-0.39125
-0.38419
-0.37713
-0.36773
-0.35833
-0.34893
-0.33953
-0.32761
-0.31568
-0.30375
-0.29182
-0.27693
-0.26204
-0.24716
-0.23227
-0.21584
-0.19941
-0.18299
-0.16656
-0.48027
-0.48027
-0.48027
-0.48027
-0.48027
-0.48027
-0.48027
-0.48027
-0.48027
-0.48027
-0.48027
-0.48027
-0.48027
-0.48027
-0.48027
-0.48027
-0.48027
-0.48027
-0.48027
-0.48027
-0.48027
-0.48027
-0.48027
-0.48027
-0.48027
-0.48027
-0.48027
-0.48027
-0.48027
-0.48027
-0.48027
-0.48027
-0.48027
-0.48027
-0.48027
-0.48027
-0.48027
-0.48027
-0.48027
-0.48027
-0.48027
-0.48027
-0.48027
-0.48027
-0.48027
-0.48027
-0.48027
-0.48027
-0.48027
-0.48027
-0.48027
-0.48027
-0.48027
-0.48027
-0.48027
-0.48027
-0.48027
-0.48027
-0.48027
-0.48027
-0.48027
-0.48027
-0.48027
-0.48027
-0.48027
-0.48027
-0.48027
-0.48027
-0.48027
-0.48027
-0.48027
-0.48027
-0.48027
-0.48027
-0.48027
-0.48027
-0.48027
-0.48027
-0.48027
-0.48027
-0.48027
-0.48027
-0.48027
-0.48027
-0.48027
-0.48027
-0.48027
-0.48027
-0.48027
-0.48027
-0.48027
-0.48027
-0.48027
-0.48027
-0.48027
-0.48027
-0.48027
-0.48027
-0.48027
-0.48027
-0.48027
-0.48027
-0.48027
-0.48027
-0.48027
-0.48027
-0.48027
-0.48027
-0.48027
-0.48027
-0.48027
-0.48027
-0.48027
-0.48027
-0.48027
-0.48027
-0.48027
-0.48027
-0.48027
-0.48027
-0.48027
-0.48027
-0.48027
-0.48027
-0.48027
-0.48027
-0.48027
-0.48027
-0.48027
-0.48027
-0.48027
-0.48027
-0.48027
-0.48027
-0.48027
-0.48027
-0.48027
-0.48027
-0.48027
-0.48027
-0.48027
-0.48027
-0.48027
-0.48027
-0.48027
-0.48027
-0.48027
-0.48027
-0.48027
-0.48027
-0.48027
-0.48027
-0.48027
-0.48027
-0.48027
-0.48027
-0.48027
-0.48027
-0.48027
-0.48027
-0.48027
-0.48027
-0.48027
-0.48027
-0.48027
-0.48027
-0.48027
-0.48027
-0.48027
-0.48027
-0.48027
-0.48027
-0.48027
-0.48027
-0.48027
-0.48027
-0.48027
-0.48027
-0.48027
-0.48027
-0.48027
-0.48027
-0.48027
-0.48027
-0.48027
-0.48027
-0.48027
-0.48027
-0.48027
-0.48027
-0.48027
-0.48027
-0.48027
-0.48027
-0.48027
-0.48027
-0.48027
-0.48027
-0.48027
-0.48027
-0.48027
-0.48027
-0.48027
-0.48027
-0.48027
-0.48027
-0.48027
-0.48027
-0.48027
-0.48027
-0.48027
-0.48027
-0.48027
-0.48027
-0.48027
-0.48027
-0.48027
-0.48027
-0.48027
-0.48027
-0.48027
-0.48027
-0.48027
-0.48027
-0.48027
-0.48027
-0.48027
-0.48027
-0.48027
-0.48027
-0.48027
-0.48027
-0.48027
-0.48027
-0.48027
-0.48027
-0.48027
-0.48027
-0.48027
-0.48027
-0.48027
-0.48027
-0.48027
-0.48027
-0.48027
-0.48027
-0.48027
-0.48027
-0.48027
-0.48027
-0.48027
-0.48027
-0.48027
-0.48027
-0.48027
-0.48027
-0.48027
-0.48027
-0.48027
-0.48027
-0.48027
-0.48027
-0.48027
-0.48027
-0.48027
-0.48027
-0.48027
-0.48027
-0.48027
-0.48027
-0.48027
-0.48027
-0.48027
-0.48027
-0.48027
-0.48027
-0.48027
-0.48027
-0.48027
-0.48027
-0.48027
-0.48027
-0.48027
-0.48027
-0.48027
-0.48027
-0.48027
-0.48026
-0.48026
-0.48026
-0.48026
-0.48026
-0.48026
-0.48026
-0.48025
-0.48025
-0.48025
-0.48024
-0.48024
-0.48024
-0.48024
-0.48023
-0.48022
-0.48022
-0.48021
-0.48020
-0.48020
-0.48019
-0.48019
-0.48018
-0.48017
-0.48017
-0.48016
-0.48015
-0.48014
-0.48012
-0.48011
-0.48010
-0.48008
-0.48007
-0.48005
-0.48003
-0.48001
-0.47999
-0.47997
-0.47995
-0.47992
-0.47990
-0.47987
-0.47984
-0.47981
-0.47978
-0.47975
-0.47970
-0.47965
-0.47961
-0.47956
-0.47950
-0.47944
-0.47938
-0.47932
-0.47924
-0.47916
-0.47908
-0.47900
-0.47889
-0.47879
-0.47868
-0.47858
-0.47846
-0.47833
-0.47821
-0.47809
-0.47792
-0.47776
-0.47760
-0.47744
-0.47723
-0.47702
-0.47681
-0.47660
-0.47631
-0.47602
-0.47573
-0.47543
-0.47508
-0.47473
-0.47438
-0.47402
-0.47353
-0.47304
-0.47254
-0.47205
-0.47143
-0.47081
-0.47019
-0.46957
-0.46873
-0.46789
-0.46705
-0.46621
-0.46508
-0.46395
-0.46282
-0.46169
-0.46015
-0.45861
-0.45708
-0.45554
-0.45337
-0.45120
-0.44903
-0.44686
-0.44387
-0.44088
-0.43789
-0.43490
-0.43070
-0.42650
-0.42230
-0.41809
-0.41235
-0.40661
-0.40086
-0.39512
-0.38731
-0.37951
-0.37170
-0.36390
-0.35384
-0.34378
-0.33373
-0.32367
-0.31066
-0.29766
-0.28465
-0.27165
-0.25693
-0.24221
-0.22749
-0.21276
-0.48075
-0.48075
-0.48075
-0.48075
-0.48075
-0.48075
-0.48075
-0.48075
-0.48075
-0.48075
-0.48075
-0.48075
-0.48075
-0.48075
-0.48075
-0.48075
-0.48075
-0.48075
-0.48075
-0.48075
-0.48075
-0.48075
-0.48075
-0.48075
-0.48075
-0.48075
-0.48075
-0.48075
-0.48075
-0.48075
-0.48075
-0.48075
-0.48075
-0.48075
-0.48075
-0.48075
-0.48075
-0.48075
-0.48075
-0.48075
-0.48075
-0.48075
-0.48075
-0.48075
-0.48075
-0.48075
-0.48075
-0.48075
-0.48075
-0.48075
-0.48075
-0.48075
-0.48075
-0.48075
-0.48075
-0.48075
-0.48075
-0.48075
-0.48075
-0.48075
-0.48075
-0.48075
-0.48075
-0.48075
-0.48075
-0.48075
-0.48075
-0.48075
-0.48075
-0.48075
-0.48075
-0.48075
-0.48075
-0.48075
-0.48075
-0.48075
-0.48075
-0.48075
-0.48075
-0.48075
-0.48075
-0.48075
-0.48075
-0.48075
-0.48075
-0.48075
-0.48075
-0.48075
-0.48075
-0.48075
-0.48075
-0.48075
-0.48075
-0.48075
-0.48075
-0.48075
-0.48075
-0.48075
-0.48075
-0.48075
-0.48075
-0.48075
-0.48075
-0.48075
-0.48075
-0.48075
-0.48075
-0.48075
-0.48075
-0.48075
-0.48075
-0.48075
-0.48075
-0.48075
-0.48075
-0.48075
-0.48075
-0.48075
-0.48075
-0.48075
-0.48075
-0.48075
-0.48075
-0.48075
-0.48075
-0.48075
-0.48075
-0.48075
-0.48075
-0.48075
-0.48075
-0.48075
-0.48075
-0.48075
-0.48075
-0.48075
-0.48075
-0.48075
-0.48075
-0.48075
-0.48075
-0.48075
-0.48075
-0.48075
-0.48075
-0.48075
-0.48075
-0.48075
-0.48075
-0.48075
-0.48075
-0.48075
-0.48075
-0.48075
-0.48075
-0.48075
-0.48075
-0.48075
-0.48075
-0.48075
-0.48075
-0.48075
-0.48075
-0.48075
-0.48075
-0.48075
-0.48075
-0.48075
-0.48075
-0.48075
-0.48075
-0.48075
-0.48075
-0.48075
-0.48075
-0.48075
-0.48075
-0.48075
-0.48075
-0.48075
-0.48075
-0.48075
-0.48075
-0.48075
-0.48075
-0.48075
-0.48075
-0.48075
-0.48075
-0.48075
-0.48075
-0.48075
-0.48075
-0.48075
-0.48075
-0.48075
-0.48075
-0.48075
-0.48075
-0.48075
-0.48075
-0.48075
-0.48075
-0.48075
-0.48075
-0.48075
-0.48075
-0.48075
-0.48075
-0.48075
-0.48075
-0.48075
-0.48075
-0.48075
-0.48075
-0.48075
-0.48075
-0.48075
-0.48075
-0.48075
-0.48075
-0.48075
-0.48075
-0.48075
-0.48075
-0.48075
-0.48075
-0.48075
-0.48075
-0.48075
-0.48075
-0.48075
-0.48075
-0.48075
-0.48075
-0.48075
-0.48075
-0.48075
-0.48075
-0.48075
-0.48075
-0.48075
-0.48075
-0.48075
-0.48075
-0.48075
-0.48075
-0.48075
-0.48075
-0.48075
-0.48075
-0.48075
-0.48075
-0.48075
-0.48075
-0.48075
-0.48075
-0.48075
-0.48075
-0.48075
-0.48075
-0.48075
-0.48075
-0.48075
-0.48075
-0.48075
-0.48075
-0.48075
-0.48075
-0.48075
-0.48075
-0.48075
-0.48075
-0.48075
-0.48075
-0.48075
-0.48075
-0.48075
-0.48075
-0.48075
-0.48075
-0.48075
-0.48075
-0.48075
-0.48075
-0.48074
-0.48074
-0.48074
-0.48074
-0.48074
-0.48074
-0.48073
-0.48073
-0.48073
-0.48073
-0.48073
-0.48073
-0.48073
-0.48073
-0.48072
-0.48072
-0.48072
-0.48071
-0.48071
-0.48071
-0.48070
-0.48070
-0.48069
-0.48069
-0.48068
-0.48067
-0.48067
-0.48066
-0.48065
-0.48064
-0.48063
-0.48063
-0.48061
-0.48060
-0.48059
-0.48058
-0.48056
-0.48054
-0.48052
-0.48051
-0.48048
-0.48046
-0.48044
-0.48042
-0.48039
-0.48036
-0.48034
-0.48031
-0.48027
-0.48023
-0.48019
-0.48016
-0.48010
-0.48005
-0.48000
-0.47995
-0.47988
-0.47981
-0.47975
-0.47968
-0.47959
-0.47950
-0.47941
-0.47932
-0.47921
-0.47910
-0.47899
-0.47888
-0.47873
-0.47858
-0.47843
-0.47828
-0.47808
-0.47789
-0.47769
-0.47750
-0.47723
-0.47695
-0.47668
-0.47641
-0.47607
-0.47573
-0.47539
-0.47505
-0.47459
-0.47412
-0.47366
-0.47320
-0.47260
-0.47201
-0.47141
-0.47081
-0.47003
-0.46925
-0.46847
-0.46769
-0.46663
-0.46558
-0.46452
-0.46347
-0.46210
-0.46074
-0.45937
-0.45801
-0.45608
-0.45416
-0.45224
-0.45032
-0.44778
-0.44525
-0.44272
-0.44018
-0.43662
-0.43305
-0.42948
-0.42592
-0.42110
-0.41627
-0.41145
-0.40663
-0.40006
-0.39349
-0.38692
-0.38035
-0.37177
-0.36320
-0.35462
-0.34604
-0.33488
-0.32372
-0.31256
-0.30140
-0.28822
-0.27505
-0.26187
-0.24869
-0.48122
-0.48122
-0.48122
-0.48122
-0.48122
-0.48122
-0.48122
-0.48122
-0.48122
-0.48122
-0.48122
-0.48122
-0.48122
-0.48122
-0.48122
-0.48122
-0.48122
-0.48122
-0.48122
-0.48122
-0.48122
-0.48122
-0.48122
-0.48122
-0.48122
-0.48122
-0.48122
-0.48122
-0.48122
-0.48122
-0.48122
-0.48122
-0.48122
-0.48122
-0.48122
-0.48122
-0.48122
-0.48122
-0.48122
-0.48122
-0.48122
-0.48122
-0.48122
-0.48122
-0.48122
-0.48122
-0.48122
-0.48122
-0.48122
-0.48122
-0.48122
-0.48122
-0.48122
-0.48122
-0.48122
-0.48122
-0.48122
-0.48122
-0.48122
-0.48122
-0.48122
-0.48122
-0.48122
-0.48122
-0.48122
-0.48122
-0.48122
-0.48122
-0.48122
-0.48122
-0.48122
-0.48122
-0.48122
-0.48122
-0.48122
-0.48122
-0.48122
-0.48122
-0.48122
-0.48122
-0.48122
-0.48122
-0.48122
-0.48122
-0.48122
-0.48122
-0.48122
-0.48122
-0.48122
-0.48122
-0.48122
-0.48122
-0.48122
-0.48122
-0.48122
-0.48122
-0.48122
-0.48122
-0.48122
-0.48122
-0.48122
-0.48122
-0.48122
-0.48122
-0.48122
-0.48122
-0.48122
-0.48122
-0.48122
-0.48122
-0.48122
-0.48122
-0.48122
-0.48122
-0.48122
-0.48122
-0.48122
-0.48122
-0.48122
-0.48122
-0.48122
-0.48122
-0.48122
-0.48122
-0.48122
-0.48122
-0.48122
-0.48122
-0.48122
-0.48122
-0.48122
-0.48122
-0.48122
-0.48122
-0.48122
-0.48122
-0.48122
-0.48122
-0.48122
-0.48122
-0.48122
-0.48122
-0.48122
-0.48122
-0.48122
-0.48122
-0.48122
-0.48122
-0.48122
-0.48122
-0.48122
-0.48122
-0.48122
-0.48122
-0.48122
-0.48122
-0.48122
-0.48122
-0.48122
-0.48122
-0.48122
-0.48122
-0.48122
-0.48122
-0.48122
-0.48122
-0.48122
-0.48122
-0.48122
-0.48122
-0.48122
-0.48122
-0.48122
-0.48122
-0.48122
-0.48122
-0.48122
-0.48122
-0.48122
-0.48122
-0.48122
-0.48122
-0.48122
-0.48122
-0.48122
-0.48122
-0.48122
-0.48122
-0.48122
-0.48122
-0.48122
-0.48122
-0.48122
-0.48122
-0.48122
-0.48122
-0.48122
-0.48122
-0.48122
-0.48122
-0.48122
-0.48122
-0.48122
-0.48122
-0.48122
-0.48122
-0.48122
-0.48122
-0.48122
-0.48122
-0.48122
-0.48122
-0.48122
-0.48122
-0.48122
-0.48122
-0.48122
-0.48122
-0.48122
-0.48122
-0.48122
-0.48122
-0.48122
-0.48122
-0.48122
-0.48122
-0.48122
-0.48122
-0.48122
-0.48122
-0.48122
-0.48122
-0.48122
-0.48122
-0.48122
-0.48122
-0.48122
-0.48122
-0.48122
-0.48122
-0.48122
-0.48122
-0.48122
-0.48122
-0.48122
-0.48122
-0.48122
-0.48122
-0.48122
-0.48122
-0.48122
-0.48122
-0.48122
-0.48122
-0.48122
-0.48122
-0.48122
-0.48122
-0.48122
-0.48122
-0.48122
-0.48122
-0.48122
-0.48122
-0.48122
-0.48122
-0.48122
-0.48122
-0.48122
-0.48122
-0.48122
-0.48122
-0.48122
-0.48122
-0.48122
-0.48122
-0.48122
-0.48122
-0.48122
-0.48122
-0.48122
-0.48122
-0.48122
-0.48122
-0.48122
-0.48122
-0.48122
-0.48122
-0.48122
-0.48122
-0.48121
-0.48121
-0.48121
-0.48121
-0.48121
-0.48121
-0.48121
-0.48121
-0.48121
-0.48121
-0.48121
-0.48120
-0.48120
-0.48120
-0.48120
-0.48119
-0.48119
-0.48119
-0.48118
-0.48118
-0.48117
-0.48116
-0.48116
-0.48115
-0.48115
-0.48114
-0.48113
-0.48112
-0.48112
-0.48111
-0.48110
-0.48108
-0.48107
-0.48105
-0.48104
-0.48102
-0.48100
-0.48098
-0.48096
-0.48094
-0.48092
-0.48089
-0.48087
-0.48084
-0.48081
-0.48078
-0.48075
-0.48070
-0.48066
-0.48061
-0.48057
-0.48052
-0.48046
-0.48041
-0.48035
-0.48028
-0.48020
-0.48013
-0.48005
-0.47995
-0.47986
-0.47976
-0.47966
-0.47953
-0.47939
-0.47926
-0.47912
-0.47894
-0.47876
-0.47858
-0.47840
-0.47816
-0.47791
-0.47767
-0.47742
-0.47710
-0.47677
-0.47645
-0.47613
-0.47570
-0.47527
-0.47484
-0.47441
-0.47384
-0.47327
-0.47271
-0.47214
-0.47141
-0.47069
-0.46996
-0.46924
-0.46826
-0.46727
-0.46629
-0.46530
-0.46408
-0.46287
-0.46165
-0.46044
-0.45873
-0.45702
-0.45532
-0.45361
-0.45146
-0.44931
-0.44716
-0.44501
-0.44201
-0.43900
-0.43599
-0.43298
-0.42897
-0.42496
-0.42096
-0.41695
-0.41150
-0.40604
-0.40059
-0.39514
-0.38792
-0.38070
-0.37348
-0.36626
-0.35683
-0.34739
-0.33795
-0.32851
-0.31684
-0.30516
-0.29349
-0.28181
-0.48170
-0.48170
-0.48170
-0.48170
-0.48170
-0.48170
-0.48170
-0.48170
-0.48170
-0.48170
-0.48170
-0.48170
-0.48170
-0.48170
-0.48170
-0.48170
-0.48170
-0.48170
-0.48170
-0.48170
-0.48170
-0.48170
-0.48170
-0.48170
-0.48170
-0.48170
-0.48170
-0.48170
-0.48170
-0.48170
-0.48170
-0.48170
-0.48170
-0.48170
-0.48170
-0.48170
-0.48170
-0.48170
-0.48170
-0.48170
-0.48170
-0.48170
-0.48170
-0.48170
-0.48170
-0.48170
-0.48170
-0.48170
-0.48170
-0.48170
-0.48170
-0.48170
-0.48170
-0.48170
-0.48170
-0.48170
-0.48170
-0.48170
-0.48170
-0.48170
-0.48170
-0.48170
-0.48170
-0.48170
-0.48170
-0.48170
-0.48170
-0.48170
-0.48170
-0.48170
-0.48170
-0.48170
-0.48170
-0.48170
-0.48170
-0.48170
-0.48170
-0.48170
-0.48170
-0.48170
-0.48170
-0.48170
-0.48170
-0.48170
-0.48170
-0.48170
-0.48170
-0.48170
-0.48170
-0.48170
-0.48170
-0.48170
-0.48170
-0.48170
-0.48170
-0.48170
-0.48170
-0.48170
-0.48170
-0.48170
-0.48170
-0.48170
-0.48170
-0.48170
-0.48170
-0.48170
-0.48170
-0.48170
-0.48170
-0.48170
-0.48170
-0.48170
-0.48170
-0.48170
-0.48170
-0.48170
-0.48170
-0.48170
-0.48170
-0.48170
-0.48170
-0.48170
-0.48170
-0.48170
-0.48170
-0.48170
-0.48170
-0.48170
-0.48170
-0.48170
-0.48170
-0.48170
-0.48170
-0.48170
-0.48170
-0.48170
-0.48170
-0.48170
-0.48170
-0.48170
-0.48170
-0.48170
-0.48170
-0.48170
-0.48170
-0.48170
-0.48170
-0.48170
-0.48170
-0.48170
-0.48170
-0.48170
-0.48170
-0.48170
-0.48170
-0.48170
-0.48170
-0.48170
-0.48170
-0.48170
-0.48170
-0.48170
-0.48170
-0.48170
-0.48170
-0.48170
-0.48170
-0.48170
-0.48170
-0.48170
-0.48170
-0.48170
-0.48170
-0.48170
-0.48170
-0.48170
-0.48170
-0.48170
-0.48170
-0.48170
-0.48170
-0.48170
-0.48170
-0.48170
-0.48170
-0.48170
-0.48170
-0.48170
-0.48170
-0.48170
-0.48170
-0.48170
-0.48170
-0.48170
-0.48170
-0.48170
-0.48170
-0.48170
-0.48170
-0.48170
-0.48170
-0.48170
-0.48170
-0.48170
-0.48170
-0.48170
-0.48170
-0.48170
-0.48170
-0.48170
-0.48170
-0.48170
-0.48170
-0.48170
-0.48170
-0.48170
-0.48170
-0.48170
-0.48170
-0.48170
-0.48170
-0.48170
-0.48170
-0.48170
-0.48170
-0.48170
-0.48170
-0.48170
-0.48170
-0.48170
-0.48170
-0.48170
-0.48170
-0.48170
-0.48170
-0.48170
-0.48170
-0.48170
-0.48170
-0.48170
-0.48170
-0.48170
-0.48170
-0.48170
-0.48170
-0.48170
-0.48170
-0.48170
-0.48170
-0.48170
-0.48170
-0.48170
-0.48170
-0.48170
-0.48170
-0.48170
-0.48170
-0.48170
-0.48170
-0.48170
-0.48170
-0.48169
-0.48169
-0.48169
-0.48169
-0.48169
-0.48169
-0.48169
-0.48169
-0.48169
-0.48169
-0.48169
-0.48169
-0.48169
-0.48169
-0.48169
-0.48169
-0.48169
-0.48169
-0.48169
-0.48169
-0.48169
-0.48169
-0.48169
-0.48169
-0.48169
-0.48169
-0.48169
-0.48169
-0.48169
-0.48168
-0.48168
-0.48168
-0.48168
-0.48168
-0.48168
-0.48168
-0.48168
-0.48168
-0.48168
-0.48168
-0.48168
-0.48168
-0.48168
-0.48168
-0.48167
-0.48167
-0.48167
-0.48167
-0.48166
-0.48166
-0.48165
-0.48165
-0.48164
-0.48164
-0.48163
-0.48163
-0.48162
-0.48162
-0.48161
-0.48160
-0.48159
-0.48158
-0.48157
-0.48156
-0.48155
-0.48153
-0.48152
-0.48150
-0.48148
-0.48146
-0.48144
-0.48143
-0.48140
-0.48137
-0.48135
-0.48132
-0.48128
-0.48125
-0.48121
-0.48117
-0.48113
-0.48108
-0.48104
-0.48099
-0.48093
-0.48087
-0.48080
-0.48074
-0.48066
-0.48058
-0.48050
-0.48041
-0.48030
-0.48019
-0.48008
-0.47997
-0.47981
-0.47966
-0.47951
-0.47935
-0.47914
-0.47893
-0.47872
-0.47851
-0.47822
-0.47794
-0.47765
-0.47737
-0.47698
-0.47659
-0.47621
-0.47582
-0.47529
-0.47476
-0.47424
-0.47371
-0.47304
-0.47237
-0.47170
-0.47103
-0.47010
-0.46917
-0.46824
-0.46732
-0.46617
-0.46503
-0.46388
-0.46274
-0.46115
-0.45957
-0.45798
-0.45639
-0.45441
-0.45243
-0.45045
-0.44846
-0.44578
-0.44309
-0.44040
-0.43772
-0.43418
-0.43065
-0.42712
-0.42358
-0.41889
-0.41420
-0.40951
-0.40482
-0.39858
-0.39234
-0.38610
-0.37986
-0.37176
-0.36367
-0.35558
-0.34748
-0.33718
-0.32688
-0.31658
-0.30628
-0.48230
-0.48230
-0.48230
-0.48230
-0.48230
-0.48230
-0.48230
-0.48230
-0.48230
-0.48230
-0.48230
-0.48230
-0.48230
-0.48230
-0.48230
-0.48230
-0.48230
-0.48230
-0.48230
-0.48230
-0.48230
-0.48230
-0.48230
-0.48230
-0.48230
-0.48230
-0.48230
-0.48230
-0.48230
-0.48230
-0.48230
-0.48230
-0.48230
-0.48230
-0.48230
-0.48230
-0.48230
-0.48230
-0.48230
-0.48230
-0.48230
-0.48230
-0.48230
-0.48230
-0.48230
-0.48230
-0.48230
-0.48230
-0.48230
-0.48230
-0.48230
-0.48230
-0.48230
-0.48230
-0.48230
-0.48230
-0.48230
-0.48230
-0.48230
-0.48230
-0.48230
-0.48230
-0.48230
-0.48230
-0.48230
-0.48230
-0.48230
-0.48230
-0.48230
-0.48230
-0.48230
-0.48230
-0.48230
-0.48230
-0.48230
-0.48230
-0.48230
-0.48230
-0.48230
-0.48230
-0.48230
-0.48230
-0.48230
-0.48230
-0.48230
-0.48230
-0.48230
-0.48230
-0.48230
-0.48230
-0.48230
-0.48230
-0.48230
-0.48230
-0.48230
-0.48230
-0.48230
-0.48230
-0.48230
-0.48230
-0.48230
-0.48230
-0.48230
-0.48230
-0.48230
-0.48230
-0.48230
-0.48230
-0.48230
-0.48230
-0.48230
-0.48230
-0.48230
-0.48230
-0.48230
-0.48230
-0.48230
-0.48230
-0.48230
-0.48230
-0.48230
-0.48230
-0.48230
-0.48230
-0.48230
-0.48230
-0.48230
-0.48230
-0.48230
-0.48230
-0.48230
-0.48230
-0.48230
-0.48230
-0.48230
-0.48230
-0.48230
-0.48230
-0.48230
-0.48230
-0.48230
-0.48230
-0.48230
-0.48230
-0.48230
-0.48230
-0.48230
-0.48230
-0.48230
-0.48230
-0.48230
-0.48230
-0.48230
-0.48230
-0.48230
-0.48230
-0.48230
-0.48230
-0.48230
-0.48230
-0.48230
-0.48230
-0.48230
-0.48230
-0.48230
-0.48230
-0.48230
-0.48230
-0.48230
-0.48230
-0.48230
-0.48230
-0.48230
-0.48230
-0.48230
-0.48230
-0.48230
-0.48230
-0.48230
-0.48230
-0.48230
-0.48230
-0.48230
-0.48230
-0.48230
-0.48230
-0.48230
-0.48230
-0.48230
-0.48230
-0.48230
-0.48230
-0.48230
-0.48230
-0.48230
-0.48230
-0.48230
-0.48230
-0.48230
-0.48230
-0.48230
-0.48230
-0.48230
-0.48230
-0.48230
-0.48230
-0.48230
-0.48230
-0.48230
-0.48230
-0.48230
-0.48230
-0.48230
-0.48230
-0.48230
-0.48230
-0.48230
-0.48230
-0.48230
-0.48230
-0.48230
-0.48230
-0.48230
-0.48230
-0.48230
-0.48230
-0.48230
-0.48230
-0.48230
-0.48230
-0.48230
-0.48230
-0.48230
-0.48230
-0.48230
-0.48230
-0.48230
-0.48230
-0.48230
-0.48230
-0.48230
-0.48230
-0.48230
-0.48230
-0.48230
-0.48230
-0.48230
-0.48230
-0.48230
-0.48230
-0.48230
-0.48230
-0.48230
-0.48230
-0.48230
-0.48230
-0.48230
-0.48230
-0.48230
-0.48230
-0.48230
-0.48230
-0.48230
-0.48229
-0.48229
-0.48229
-0.48229
-0.48229
-0.48229
-0.48229
-0.48229
-0.48229
-0.48229
-0.48229
-0.48229
-0.48229
-0.48229
-0.48229
-0.48229
-0.48229
-0.48229
-0.48229
-0.48229
-0.48229
-0.48229
-0.48229
-0.48229
-0.48229
-0.48229
-0.48229
-0.48229
-0.48229
-0.48229
-0.48229
-0.48229
-0.48229
-0.48229
-0.48229
-0.48229
-0.48229
-0.48229
-0.48229
-0.48229
-0.48229
-0.48229
-0.48229
-0.48229
-0.48228
-0.48228
-0.48228
-0.48227
-0.48227
-0.48227
-0.48227
-0.48226
-0.48226
-0.48226
-0.48225
-0.48225
-0.48224
-0.48223
-0.48223
-0.48222
-0.48222
-0.48221
-0.48220
-0.48219
-0.48217
-0.48216
-0.48215
-0.48213
-0.48212
-0.48210
-0.48208
-0.48206
-0.48204
-0.48202
-0.48199
-0.48196
-0.48193
-0.48190
-0.48186
-0.48182
-0.48179
-0.48175
-0.48170
-0.48165
-0.48159
-0.48154
-0.48147
-0.48141
-0.48134
-0.48127
-0.48118
-0.48109
-0.48100
-0.48090
-0.48078
-0.48065
-0.48052
-0.48039
-0.48022
-0.48004
-0.47986
-0.47968
-0.47944
-0.47919
-0.47895
-0.47870
-0.47836
-0.47802
-0.47768
-0.47734
-0.47687
-0.47640
-0.47592
-0.47545
-0.47484
-0.47423
-0.47362
-0.47301
-0.47216
-0.47131
-0.47046
-0.46961
-0.46854
-0.46747
-0.46640
-0.46534
-0.46387
-0.46241
-0.46095
-0.45949
-0.45764
-0.45580
-0.45395
-0.45211
-0.44968
-0.44726
-0.44484
-0.44242
-0.43924
-0.43606
-0.43288
-0.42969
-0.42562
-0.42154
-0.41747
-0.41339
-0.40792
-0.40246
-0.39699
-0.39152
-0.38458
-0.37763
-0.37068
-0.36374
-0.35467
-0.34561
-0.33654
-0.32748
-0.48310
-0.48310
-0.48310
-0.48310
-0.48310
-0.48310
-0.48310
-0.48310
-0.48310
-0.48310
-0.48310
-0.48310
-0.48310
-0.48310
-0.48310
-0.48310
-0.48310
-0.48310
-0.48310
-0.48310
-0.48310
-0.48310
-0.48310
-0.48310
-0.48310
-0.48310
-0.48310
-0.48310
-0.48310
-0.48310
-0.48310
-0.48310
-0.48310
-0.48310
-0.48310
-0.48310
-0.48310
-0.48310
-0.48310
-0.48310
-0.48310
-0.48310
-0.48310
-0.48310
-0.48310
-0.48310
-0.48310
-0.48310
-0.48310
-0.48310
-0.48310
-0.48310
-0.48310
-0.48310
-0.48310
-0.48310
-0.48310
-0.48310
-0.48310
-0.48310
-0.48310
-0.48310
-0.48310
-0.48310
-0.48310
-0.48310
-0.48310
-0.48310
-0.48310
-0.48310
-0.48310
-0.48310
-0.48310
-0.48310
-0.48310
-0.48310
-0.48310
-0.48310
-0.48310
-0.48310
-0.48310
-0.48310
-0.48310
-0.48310
-0.48310
-0.48310
-0.48310
-0.48310
-0.48310
-0.48310
-0.48310
-0.48310
-0.48310
-0.48310
-0.48310
-0.48310
-0.48310
-0.48310
-0.48310
-0.48310
-0.48310
-0.48310
-0.48310
-0.48310
-0.48310
-0.48310
-0.48310
-0.48310
-0.48310
-0.48310
-0.48310
-0.48310
-0.48310
-0.48310
-0.48310
-0.48310
-0.48310
-0.48310
-0.48310
-0.48310
-0.48310
-0.48310
-0.48310
-0.48310
-0.48310
-0.48310
-0.48310
-0.48310
-0.48310
-0.48310
-0.48310
-0.48310
-0.48310
-0.48310
-0.48310
-0.48310
-0.48310
-0.48310
-0.48310
-0.48310
-0.48310
-0.48310
-0.48310
-0.48310
-0.48310
-0.48310
-0.48310
-0.48310
-0.48310
-0.48310
-0.48310
-0.48310
-0.48310
-0.48310
-0.48310
-0.48310
-0.48310
-0.48310
-0.48310
-0.48310
-0.48310
-0.48310
-0.48310
-0.48310
-0.48310
-0.48310
-0.48310
-0.48310
-0.48310
-0.48310
-0.48310
-0.48310
-0.48310
-0.48310
-0.48310
-0.48310
-0.48310
-0.48310
-0.48310
-0.48310
-0.48310
-0.48310
-0.48310
-0.48310
-0.48310
-0.48310
-0.48310
-0.48310
-0.48310
-0.48310
-0.48310
-0.48310
-0.48310
-0.48310
-0.48310
-0.48310
-0.48310
-0.48310
-0.48310
-0.48310
-0.48310
-0.48310
-0.48310
-0.48310
-0.48310
-0.48310
-0.48310
-0.48310
-0.48310
-0.48310
-0.48310
-0.48310
-0.48310
-0.48310
-0.48310
-0.48310
-0.48310
-0.48310
-0.48310
-0.48310
-0.48310
-0.48310
-0.48310
-0.48310
-0.48310
-0.48310
-0.48310
-0.48310
-0.48310
-0.48310
-0.48310
-0.48310
-0.48310
-0.48310
-0.48310
-0.48310
-0.48310
-0.48310
-0.48310
-0.48310
-0.48310
-0.48310
-0.48310
-0.48310
-0.48310
-0.48310
-0.48310
-0.48310
-0.48310
-0.48310
-0.48310
-0.48310
-0.48310
-0.48310
-0.48310
-0.48310
-0.48310
-0.48310
-0.48310
-0.48310
-0.48310
-0.48309
-0.48309
-0.48309
-0.48309
-0.48309
-0.48309
-0.48309
-0.48309
-0.48309
-0.48309
-0.48309
-0.48309
-0.48309
-0.48309
-0.48309
-0.48309
-0.48309
-0.48309
-0.48309
-0.48309
-0.48309
-0.48309
-0.48309
-0.48309
-0.48309
-0.48309
-0.48309
-0.48309
-0.48309
-0.48309
-0.48309
-0.48309
-0.48309
-0.48309
-0.48309
-0.48309
-0.48309
-0.48309
-0.48309
-0.48309
-0.48309
-0.48309
-0.48309
-0.48309
-0.48309
-0.48309
-0.48309
-0.48309
-0.48308
-0.48308
-0.48308
-0.48307
-0.48307
-0.48307
-0.48307
-0.48307
-0.48307
-0.48306
-0.48306
-0.48305
-0.48305
-0.48304
-0.48304
-0.48304
-0.48303
-0.48302
-0.48301
-0.48300
-0.48299
-0.48298
-0.48297
-0.48295
-0.48294
-0.48292
-0.48291
-0.48289
-0.48287
-0.48285
-0.48282
-0.48280
-0.48277
-0.48274
-0.48270
-0.48267
-0.48263
-0.48259
-0.48254
-0.48250
-0.48245
-0.48239
-0.48233
-0.48228
-0.48220
-0.48212
-0.48205
-0.48197
-0.48187
-0.48176
-0.48166
-0.48156
-0.48141
-0.48127
-0.48112
-0.48097
-0.48077
-0.48057
-0.48037
-0.48017
-0.47988
-0.47960
-0.47931
-0.47903
-0.47863
-0.47823
-0.47783
-0.47743
-0.47689
-0.47635
-0.47582
-0.47528
-0.47453
-0.47378
-0.47303
-0.47228
-0.47130
-0.47031
-0.46933
-0.46835
-0.46701
-0.46568
-0.46435
-0.46301
-0.46126
-0.45952
-0.45777
-0.45602
-0.45378
-0.45155
-0.44931
-0.44707
-0.44407
-0.44107
-0.43807
-0.43507
-0.43140
-0.42773
-0.42406
-0.42038
-0.41541
-0.41043
-0.40545
-0.40048
-0.39440
-0.38831
-0.38223
-0.37615
-0.36813
-0.36010
-0.35207
-0.34405
-0.48389
-0.48389
-0.48389
-0.48389
-0.48389
-0.48389
-0.48389
-0.48389
-0.48389
-0.48389
-0.48389
-0.48389
-0.48389
-0.48389
-0.48389
-0.48389
-0.48389
-0.48389
-0.48389
-0.48389
-0.48389
-0.48389
-0.48389
-0.48389
-0.48389
-0.48389
-0.48389
-0.48389
-0.48389
-0.48389
-0.48389
-0.48389
-0.48389
-0.48389
-0.48389
-0.48389
-0.48389
-0.48389
-0.48389
-0.48389
-0.48389
-0.48389
-0.48389
-0.48389
-0.48389
-0.48389
-0.48389
-0.48389
-0.48389
-0.48389
-0.48389
-0.48389
-0.48389
-0.48389
-0.48389
-0.48389
-0.48389
-0.48389
-0.48389
-0.48389
-0.48389
-0.48389
-0.48389
-0.48389
-0.48389
-0.48389
-0.48389
-0.48389
-0.48389
-0.48389
-0.48389
-0.48389
-0.48389
-0.48389
-0.48389
-0.48389
-0.48389
-0.48389
-0.48389
-0.48389
-0.48389
-0.48389
-0.48389
-0.48389
-0.48389
-0.48389
-0.48389
-0.48389
-0.48389
-0.48389
-0.48389
-0.48389
-0.48389
-0.48389
-0.48389
-0.48389
-0.48389
-0.48389
-0.48389
-0.48389
-0.48389
-0.48389
-0.48389
-0.48389
-0.48389
-0.48389
-0.48389
-0.48389
-0.48389
-0.48389
-0.48389
-0.48389
-0.48389
-0.48389
-0.48389
-0.48389
-0.48389
-0.48389
-0.48389
-0.48389
-0.48389
-0.48389
-0.48389
-0.48389
-0.48389
-0.48389
-0.48389
-0.48389
-0.48389
-0.48389
-0.48389
-0.48389
-0.48389
-0.48389
-0.48389
-0.48389
-0.48389
-0.48389
-0.48389
-0.48389
-0.48389
-0.48389
-0.48389
-0.48389
-0.48389
-0.48389
-0.48389
-0.48389
-0.48389
-0.48389
-0.48389
-0.48389
-0.48389
-0.48389
-0.48389
-0.48389
-0.48389
-0.48389
-0.48389
-0.48389
-0.48389
-0.48389
-0.48389
-0.48389
-0.48389
-0.48389
-0.48389
-0.48389
-0.48389
-0.48389
-0.48389
-0.48389
-0.48389
-0.48389
-0.48389
-0.48389
-0.48389
-0.48389
-0.48389
-0.48389
-0.48389
-0.48389
-0.48389
-0.48389
-0.48389
-0.48389
-0.48389
-0.48389
-0.48389
-0.48389
-0.48389
-0.48389
-0.48389
-0.48389
-0.48389
-0.48389
-0.48389
-0.48389
-0.48389
-0.48389
-0.48389
-0.48389
-0.48389
-0.48389
-0.48389
-0.48389
-0.48389
-0.48389
-0.48389
-0.48389
-0.48389
-0.48389
-0.48389
-0.48389
-0.48389
-0.48389
-0.48389
-0.48389
-0.48389
-0.48389
-0.48389
-0.48389
-0.48389
-0.48389
-0.48389
-0.48389
-0.48389
-0.48389
-0.48389
-0.48389
-0.48389
-0.48389
-0.48389
-0.48389
-0.48389
-0.48389
-0.48389
-0.48389
-0.48389
-0.48389
-0.48389
-0.48389
-0.48389
-0.48389
-0.48389
-0.48389
-0.48389
-0.48389
-0.48389
-0.48389
-0.48389
-0.48389
-0.48389
-0.48389
-0.48389
-0.48389
-0.48389
-0.48389
-0.48389
-0.48389
-0.48389
-0.48389
-0.48389
-0.48389
-0.48389
-0.48389
-0.48389
-0.48389
-0.48389
-0.48389
-0.48389
-0.48389
-0.48389
-0.48389
-0.48389
-0.48389
-0.48389
-0.48389
-0.48389
-0.48389
-0.48389
-0.48389
-0.48389
-0.48389
-0.48389
-0.48389
-0.48389
-0.48389
-0.48389
-0.48389
-0.48389
-0.48389
-0.48389
-0.48389
-0.48389
-0.48389
-0.48389
-0.48389
-0.48389
-0.48389
-0.48389
-0.48389
-0.48389
-0.48389
-0.48389
-0.48389
-0.48389
-0.48389
-0.48389
-0.48389
-0.48389
-0.48388
-0.48388
-0.48388
-0.48388
-0.48388
-0.48388
-0.48388
-0.48387
-0.48387
-0.48387
-0.48386
-0.48386
-0.48386
-0.48386
-0.48385
-0.48384
-0.48384
-0.48383
-0.48382
-0.48382
-0.48381
-0.48380
-0.48379
-0.48377
-0.48376
-0.48375
-0.48373
-0.48372
-0.48370
-0.48369
-0.48366
-0.48363
-0.48361
-0.48358
-0.48355
-0.48351
-0.48348
-0.48345
-0.48340
-0.48336
-0.48331
-0.48326
-0.48320
-0.48314
-0.48308
-0.48302
-0.48293
-0.48285
-0.48277
-0.48268
-0.48257
-0.48245
-0.48233
-0.48221
-0.48205
-0.48189
-0.48172
-0.48156
-0.48133
-0.48110
-0.48087
-0.48063
-0.48030
-0.47997
-0.47964
-0.47931
-0.47885
-0.47839
-0.47793
-0.47747
-0.47683
-0.47618
-0.47554
-0.47490
-0.47401
-0.47313
-0.47225
-0.47137
-0.47018
-0.46898
-0.46779
-0.46659
-0.46497
-0.46336
-0.46174
-0.46012
-0.45806
-0.45601
-0.45396
-0.45191
-0.44911
-0.44630
-0.44350
-0.44070
-0.43736
-0.43402
-0.43068
-0.42735
-0.42281
-0.41826
-0.41372
-0.40918
-0.40378
-0.39837
-0.39296
-0.38756
-0.38044
-0.37332
-0.36620
-0.35908
-0.48469
-0.48469
-0.48469
-0.48469
-0.48469
-0.48469
-0.48469
-0.48469
-0.48469
-0.48469
-0.48469
-0.48469
-0.48469
-0.48469
-0.48469
-0.48469
-0.48469
-0.48469
-0.48469
-0.48469
-0.48469
-0.48469
-0.48469
-0.48469
-0.48469
-0.48469
-0.48469
-0.48469
-0.48469
-0.48469
-0.48469
-0.48469
-0.48469
-0.48469
-0.48469
-0.48469
-0.48469
-0.48469
-0.48469
-0.48469
-0.48469
-0.48469
-0.48469
-0.48469
-0.48469
-0.48469
-0.48469
-0.48469
-0.48469
-0.48469
-0.48469
-0.48469
-0.48469
-0.48469
-0.48469
-0.48469
-0.48469
-0.48469
-0.48469
-0.48469
-0.48469
-0.48469
-0.48469
-0.48469
-0.48469
-0.48469
-0.48469
-0.48469
-0.48469
-0.48469
-0.48469
-0.48469
-0.48469
-0.48469
-0.48469
-0.48469
-0.48469
-0.48469
-0.48469
-0.48469
-0.48469
-0.48469
-0.48469
-0.48469
-0.48469
-0.48469
-0.48469
-0.48469
-0.48469
-0.48469
-0.48469
-0.48469
-0.48469
-0.48469
-0.48469
-0.48469
-0.48469
-0.48469
-0.48469
-0.48469
-0.48469
-0.48469
-0.48469
-0.48469
-0.48469
-0.48469
-0.48469
-0.48469
-0.48469
-0.48469
-0.48469
-0.48469
-0.48469
-0.48469
-0.48469
-0.48469
-0.48469
-0.48469
-0.48469
-0.48469
-0.48469
-0.48469
-0.48469
-0.48469
-0.48469
-0.48469
-0.48469
-0.48469
-0.48469
-0.48469
-0.48469
-0.48469
-0.48469
-0.48469
-0.48469
-0.48469
-0.48469
-0.48469
-0.48469
-0.48469
-0.48469
-0.48469
-0.48469
-0.48469
-0.48469
-0.48469
-0.48469
-0.48469
-0.48469
-0.48469
-0.48469
-0.48469
-0.48469
-0.48469
-0.48469
-0.48469
-0.48469
-0.48469
-0.48469
-0.48469
-0.48469
-0.48469
-0.48469
-0.48469
-0.48469
-0.48469
-0.48469
-0.48469
-0.48469
-0.48469
-0.48469
-0.48469
-0.48469
-0.48469
-0.48469
-0.48469
-0.48469
-0.48469
-0.48469
-0.48469
-0.48469
-0.48469
-0.48469
-0.48469
-0.48469
-0.48469
-0.48469
-0.48469
-0.48469
-0.48469
-0.48469
-0.48469
-0.48469
-0.48469
-0.48469
-0.48469
-0.48469
-0.48469
-0.48469
-0.48469
-0.48469
-0.48469
-0.48469
-0.48469
-0.48469
-0.48469
-0.48469
-0.48469
-0.48469
-0.48469
-0.48469
-0.48469
-0.48469
-0.48469
-0.48469
-0.48469
-0.48469
-0.48469
-0.48469
-0.48469
-0.48469
-0.48469
-0.48469
-0.48469
-0.48469
-0.48469
-0.48469
-0.48469
-0.48469
-0.48469
-0.48469
-0.48469
-0.48469
-0.48469
-0.48469
-0.48469
-0.48469
-0.48469
-0.48469
-0.48469
-0.48469
-0.48469
-0.48469
-0.48469
-0.48469
-0.48469
-0.48469
-0.48469
-0.48469
-0.48469
-0.48469
-0.48469
-0.48469
-0.48469
-0.48469
-0.48469
-0.48469
-0.48469
-0.48469
-0.48469
-0.48469
-0.48469
-0.48469
-0.48469
-0.48469
-0.48469
-0.48469
-0.48469
-0.48469
-0.48469
-0.48469
-0.48469
-0.48469
-0.48469
-0.48469
-0.48469
-0.48469
-0.48469
-0.48469
-0.48469
-0.48469
-0.48469
-0.48469
-0.48469
-0.48469
-0.48469
-0.48469
-0.48469
-0.48469
-0.48469
-0.48469
-0.48469
-0.48469
-0.48469
-0.48469
-0.48469
-0.48469
-0.48469
-0.48469
-0.48469
-0.48469
-0.48469
-0.48469
-0.48469
-0.48469
-0.48469
-0.48469
-0.48469
-0.48469
-0.48469
-0.48468
-0.48468
-0.48468
-0.48468
-0.48468
-0.48468
-0.48468
-0.48468
-0.48468
-0.48467
-0.48467
-0.48467
-0.48467
-0.48467
-0.48467
-0.48466
-0.48466
-0.48465
-0.48465
-0.48465
-0.48464
-0.48464
-0.48463
-0.48462
-0.48461
-0.48461
-0.48460
-0.48458
-0.48457
-0.48455
-0.48454
-0.48452
-0.48451
-0.48449
-0.48447
-0.48444
-0.48442
-0.48439
-0.48436
-0.48433
-0.48430
-0.48426
-0.48423
-0.48417
-0.48412
-0.48407
-0.48402
-0.48395
-0.48389
-0.48382
-0.48375
-0.48366
-0.48356
-0.48346
-0.48337
-0.48324
-0.48310
-0.48297
-0.48284
-0.48265
-0.48247
-0.48228
-0.48210
-0.48183
-0.48157
-0.48130
-0.48103
-0.48066
-0.48028
-0.47991
-0.47953
-0.47900
-0.47847
-0.47794
-0.47740
-0.47666
-0.47591
-0.47516
-0.47441
-0.47338
-0.47234
-0.47131
-0.47027
-0.46883
-0.46739
-0.46595
-0.46451
-0.46265
-0.46079
-0.45893
-0.45707
-0.45450
-0.45193
-0.44935
-0.44678
-0.44365
-0.44052
-0.43738
-0.43425
-0.43005
-0.42585
-0.42166
-0.41746
-0.41241
-0.40735
-0.40230
-0.39724
-0.39080
-0.38436
-0.37792
-0.37148
-0.48549
-0.48549
-0.48549
-0.48549
-0.48549
-0.48549
-0.48549
-0.48549
-0.48549
-0.48549
-0.48549
-0.48549
-0.48549
-0.48549
-0.48549
-0.48549
-0.48549
-0.48549
-0.48549
-0.48549
-0.48549
-0.48549
-0.48549
-0.48549
-0.48549
-0.48549
-0.48549
-0.48549
-0.48549
-0.48549
-0.48549
-0.48549
-0.48549
-0.48549
-0.48549
-0.48549
-0.48549
-0.48549
-0.48549
-0.48549
-0.48549
-0.48549
-0.48549
-0.48549
-0.48549
-0.48549
-0.48549
-0.48549
-0.48549
-0.48549
-0.48549
-0.48549
-0.48549
-0.48549
-0.48549
-0.48549
-0.48549
-0.48549
-0.48549
-0.48549
-0.48549
-0.48549
-0.48549
-0.48549
-0.48549
-0.48549
-0.48549
-0.48549
-0.48549
-0.48549
-0.48549
-0.48549
-0.48549
-0.48549
-0.48549
-0.48549
-0.48549
-0.48549
-0.48549
-0.48549
-0.48549
-0.48549
-0.48549
-0.48549
-0.48549
-0.48549
-0.48549
-0.48549
-0.48549
-0.48549
-0.48549
-0.48549
-0.48549
-0.48549
-0.48549
-0.48549
-0.48549
-0.48549
-0.48549
-0.48549
-0.48549
-0.48549
-0.48549
-0.48549
-0.48549
-0.48549
-0.48549
-0.48549
-0.48549
-0.48549
-0.48549
-0.48549
-0.48549
-0.48549
-0.48549
-0.48549
-0.48549
-0.48549
-0.48549
-0.48549
-0.48549
-0.48549
-0.48549
-0.48549
-0.48549
-0.48549
-0.48549
-0.48549
-0.48549
-0.48549
-0.48549
-0.48549
-0.48549
-0.48549
-0.48549
-0.48549
-0.48549
-0.48549
-0.48549
-0.48549
-0.48549
-0.48549
-0.48549
-0.48549
-0.48549
-0.48549
-0.48549
-0.48549
-0.48549
-0.48549
-0.48549
-0.48549
-0.48549
-0.48549
-0.48549
-0.48549
-0.48549
-0.48549
-0.48549
-0.48549
-0.48549
-0.48549
-0.48549
-0.48549
-0.48549
-0.48549
-0.48549
-0.48549
-0.48549
-0.48549
-0.48549
-0.48549
-0.48549
-0.48549
-0.48549
-0.48549
-0.48549
-0.48549
-0.48549
-0.48549
-0.48549
-0.48549
-0.48549
-0.48549
-0.48549
-0.48549
-0.48549
-0.48549
-0.48549
-0.48549
-0.48549
-0.48549
-0.48549
-0.48549
-0.48549
-0.48549
-0.48549
-0.48549
-0.48549
-0.48549
-0.48549
-0.48549
-0.48549
-0.48549
-0.48549
-0.48549
-0.48549
-0.48549
-0.48549
-0.48549
-0.48549
-0.48549
-0.48549
-0.48549
-0.48549
-0.48549
-0.48549
-0.48549
-0.48549
-0.48549
-0.48549
-0.48549
-0.48549
-0.48549
-0.48549
-0.48549
-0.48549
-0.48549
-0.48549
-0.48549
-0.48549
-0.48549
-0.48549
-0.48549
-0.48549
-0.48549
-0.48549
-0.48549
-0.48549
-0.48549
-0.48549
-0.48549
-0.48549
-0.48549
-0.48549
-0.48549
-0.48549
-0.48549
-0.48549
-0.48549
-0.48549
-0.48549
-0.48549
-0.48549
-0.48549
-0.48549
-0.48549
-0.48549
-0.48549
-0.48549
-0.48549
-0.48549
-0.48549
-0.48549
-0.48549
-0.48549
-0.48549
-0.48549
-0.48549
-0.48549
-0.48549
-0.48549
-0.48549
-0.48549
-0.48549
-0.48549
-0.48549
-0.48549
-0.48549
-0.48549
-0.48549
-0.48549
-0.48549
-0.48549
-0.48549
-0.48549
-0.48549
-0.48549
-0.48549
-0.48549
-0.48549
-0.48549
-0.48549
-0.48549
-0.48549
-0.48549
-0.48549
-0.48549
-0.48549
-0.48549
-0.48549
-0.48549
-0.48549
-0.48549
-0.48549
-0.48549
-0.48549
-0.48549
-0.48549
-0.48549
-0.48549
-0.48549
-0.48549
-0.48549
-0.48549
-0.48549
-0.48549
-0.48548
-0.48548
-0.48548
-0.48547
-0.48547
-0.48547
-0.48547
-0.48547
-0.48547
-0.48547
-0.48547
-0.48546
-0.48546
-0.48546
-0.48545
-0.48545
-0.48545
-0.48544
-0.48543
-0.48543
-0.48542
-0.48541
-0.48540
-0.48538
-0.48537
-0.48536
-0.48535
-0.48534
-0.48532
-0.48530
-0.48528
-0.48526
-0.48523
-0.48521
-0.48518
-0.48515
-0.48511
-0.48507
-0.48503
-0.48499
-0.48494
-0.48488
-0.48483
-0.48478
-0.48470
-0.48462
-0.48455
-0.48447
-0.48436
-0.48426
-0.48415
-0.48405
-0.48390
-0.48375
-0.48361
-0.48346
-0.48325
-0.48304
-0.48282
-0.48261
-0.48231
-0.48201
-0.48171
-0.48141
-0.48098
-0.48055
-0.48012
-0.47968
-0.47906
-0.47845
-0.47783
-0.47721
-0.47634
-0.47546
-0.47459
-0.47372
-0.47248
-0.47124
-0.47000
-0.46876
-0.46712
-0.46547
-0.46383
-0.46219
-0.45989
-0.45759
-0.45529
-0.45300
-0.45010
-0.44720
-0.44430
-0.44140
-0.43756
-0.43372
-0.42988
-0.42603
-0.42127
-0.41651
-0.41175
-0.40699
-0.40112
-0.39524
-0.38936
-0.38348
-0.48629
-0.48629
-0.48629
-0.48629
-0.48629
-0.48629
-0.48629
-0.48629
-0.48629
-0.48629
-0.48629
-0.48629
-0.48629
-0.48629
-0.48629
-0.48629
-0.48629
-0.48629
-0.48629
-0.48629
-0.48629
-0.48629
-0.48629
-0.48629
-0.48629
-0.48629
-0.48629
-0.48629
-0.48629
-0.48629
-0.48629
-0.48629
-0.48629
-0.48629
-0.48629
-0.48629
-0.48629
-0.48629
-0.48629
-0.48629
-0.48629
-0.48629
-0.48629
-0.48629
-0.48629
-0.48629
-0.48629
-0.48629
-0.48629
-0.48629
-0.48629
-0.48629
-0.48629
-0.48629
-0.48629
-0.48629
-0.48629
-0.48629
-0.48629
-0.48629
-0.48629
-0.48629
-0.48629
-0.48629
-0.48629
-0.48629
-0.48629
-0.48629
-0.48629
-0.48629
-0.48629
-0.48629
-0.48629
-0.48629
-0.48629
-0.48629
-0.48629
-0.48629
-0.48629
-0.48629
-0.48629
-0.48629
-0.48629
-0.48629
-0.48629
-0.48629
-0.48629
-0.48629
-0.48629
-0.48629
-0.48629
-0.48629
-0.48629
-0.48629
-0.48629
-0.48629
-0.48629
-0.48629
-0.48629
-0.48629
-0.48629
-0.48629
-0.48629
-0.48629
-0.48629
-0.48629
-0.48629
-0.48629
-0.48629
-0.48629
-0.48629
-0.48629
-0.48629
-0.48629
-0.48629
-0.48629
-0.48629
-0.48629
-0.48629
-0.48629
-0.48629
-0.48629
-0.48629
-0.48629
-0.48629
-0.48629
-0.48629
-0.48629
-0.48629
-0.48629
-0.48629
-0.48629
-0.48629
-0.48629
-0.48629
-0.48629
-0.48629
-0.48629
-0.48629
-0.48629
-0.48629
-0.48629
-0.48629
-0.48629
-0.48629
-0.48629
-0.48629
-0.48629
-0.48629
-0.48629
-0.48629
-0.48629
-0.48629
-0.48629
-0.48629
-0.48629
-0.48629
-0.48629
-0.48629
-0.48629
-0.48629
-0.48629
-0.48629
-0.48629
-0.48629
-0.48629
-0.48629
-0.48629
-0.48629
-0.48629
-0.48629
-0.48629
-0.48629
-0.48629
-0.48629
-0.48629
-0.48629
-0.48629
-0.48629
-0.48629
-0.48629
-0.48629
-0.48629
-0.48629
-0.48629
-0.48629
-0.48629
-0.48629
-0.48629
-0.48629
-0.48629
-0.48629
-0.48629
-0.48629
-0.48629
-0.48629
-0.48629
-0.48629
-0.48629
-0.48629
-0.48629
-0.48629
-0.48629
-0.48629
-0.48629
-0.48629
-0.48629
-0.48629
-0.48629
-0.48629
-0.48629
-0.48629
-0.48629
-0.48629
-0.48629
-0.48629
-0.48629
-0.48629
-0.48629
-0.48629
-0.48629
-0.48629
-0.48629
-0.48629
-0.48629
-0.48629
-0.48629
-0.48629
-0.48629
-0.48629
-0.48629
-0.48629
-0.48629
-0.48629
-0.48629
-0.48629
-0.48629
-0.48629
-0.48629
-0.48629
-0.48629
-0.48629
-0.48629
-0.48629
-0.48629
-0.48629
-0.48629
-0.48629
-0.48629
-0.48629
-0.48629
-0.48629
-0.48629
-0.48629
-0.48629
-0.48629
-0.48629
-0.48629
-0.48629
-0.48629
-0.48629
-0.48629
-0.48629
-0.48629
-0.48629
-0.48629
-0.48629
-0.48629
-0.48629
-0.48629
-0.48629
-0.48629
-0.48629
-0.48629
-0.48629
-0.48629
-0.48629
-0.48629
-0.48629
-0.48629
-0.48629
-0.48629
-0.48629
-0.48629
-0.48629
-0.48629
-0.48629
-0.48629
-0.48629
-0.48629
-0.48629
-0.48629
-0.48629
-0.48629
-0.48629
-0.48629
-0.48629
-0.48629
-0.48629
-0.48629
-0.48629
-0.48629
-0.48629
-0.48629
-0.48629
-0.48629
-0.48629
-0.48629
-0.48629
-0.48629
-0.48629
-0.48629
-0.48629
-0.48629
-0.48629
-0.48629
-0.48629
-0.48629
-0.48628
-0.48628
-0.48628
-0.48628
-0.48628
-0.48628
-0.48628
-0.48628
-0.48628
-0.48627
-0.48627
-0.48627
-0.48627
-0.48626
-0.48626
-0.48626
-0.48625
-0.48625
-0.48625
-0.48624
-0.48623
-0.48623
-0.48622
-0.48621
-0.48620
-0.48620
-0.48619
-0.48618
-0.48616
-0.48615
-0.48613
-0.48611
-0.48609
-0.48607
-0.48605
-0.48602
-0.48599
-0.48596
-0.48593
-0.48589
-0.48584
-0.48580
-0.48576
-0.48570
-0.48564
-0.48559
-0.48553
-0.48545
-0.48536
-0.48528
-0.48520
-0.48508
-0.48497
-0.48485
-0.48473
-0.48456
-0.48440
-0.48423
-0.48406
-0.48383
-0.48360
-0.48336
-0.48313
-0.48279
-0.48245
-0.48211
-0.48177
-0.48128
-0.48079
-0.48029
-0.47980
-0.47909
-0.47838
-0.47768
-0.47697
-0.47595
-0.47494
-0.47392
-0.47290
-0.47149
-0.47008
-0.46866
-0.46725
-0.46527
-0.46329
-0.46131
-0.45933
-0.45669
-0.45405
-0.45141
-0.44877
-0.44529
-0.44182
-0.43834
-0.43486
-0.43034
-0.42583
-0.42131
-0.41680
-0.41139
-0.40598
-0.40056
-0.39515
-0.48708
-0.48708
-0.48708
-0.48708
-0.48708
-0.48708
-0.48708
-0.48708
-0.48708
-0.48708
-0.48708
-0.48708
-0.48708
-0.48708
-0.48708
-0.48708
-0.48708
-0.48708
-0.48708
-0.48708
-0.48708
-0.48708
-0.48708
-0.48708
-0.48708
-0.48708
-0.48708
-0.48708
-0.48708
-0.48708
-0.48708
-0.48708
-0.48708
-0.48708
-0.48708
-0.48708
-0.48708
-0.48708
-0.48708
-0.48708
-0.48708
-0.48708
-0.48708
-0.48708
-0.48708
-0.48708
-0.48708
-0.48708
-0.48708
-0.48708
-0.48708
-0.48708
-0.48708
-0.48708
-0.48708
-0.48708
-0.48708
-0.48708
-0.48708
-0.48708
-0.48708
-0.48708
-0.48708
-0.48708
-0.48708
-0.48708
-0.48708
-0.48708
-0.48708
-0.48708
-0.48708
-0.48708
-0.48708
-0.48708
-0.48708
-0.48708
-0.48708
-0.48708
-0.48708
-0.48708
-0.48708
-0.48708
-0.48708
-0.48708
-0.48708
-0.48708
-0.48708
-0.48708
-0.48708
-0.48708
-0.48708
-0.48708
-0.48708
-0.48708
-0.48708
-0.48708
-0.48708
-0.48708
-0.48708
-0.48708
-0.48708
-0.48708
-0.48708
-0.48708
-0.48708
-0.48708
-0.48708
-0.48708
-0.48708
-0.48708
-0.48708
-0.48708
-0.48708
-0.48708
-0.48708
-0.48708
-0.48708
-0.48708
-0.48708
-0.48708
-0.48708
-0.48708
-0.48708
-0.48708
-0.48708
-0.48708
-0.48708
-0.48708
-0.48708
-0.48708
-0.48708
-0.48708
-0.48708
-0.48708
-0.48708
-0.48708
-0.48708
-0.48708
-0.48708
-0.48708
-0.48708
-0.48708
-0.48708
-0.48708
-0.48708
-0.48708
-0.48708
-0.48708
-0.48708
-0.48708
-0.48708
-0.48708
-0.48708
-0.48708
-0.48708
-0.48708
-0.48708
-0.48708
-0.48708
-0.48708
-0.48708
-0.48708
-0.48708
-0.48708
-0.48708
-0.48708
-0.48708
-0.48708
-0.48708
-0.48708
-0.48708
-0.48708
-0.48708
-0.48708
-0.48708
-0.48708
-0.48708
-0.48708
-0.48708
-0.48708
-0.48708
-0.48708
-0.48708
-0.48708
-0.48708
-0.48708
-0.48708
-0.48708
-0.48708
-0.48708
-0.48708
-0.48708
-0.48708
-0.48708
-0.48708
-0.48708
-0.48708
-0.48708
-0.48708
-0.48708
-0.48708
-0.48708
-0.48708
-0.48708
-0.48708
-0.48708
-0.48708
-0.48708
-0.48708
-0.48708
-0.48708
-0.48708
-0.48708
-0.48708
-0.48708
-0.48708
-0.48708
-0.48708
-0.48708
-0.48708
-0.48708
-0.48708
-0.48708
-0.48708
-0.48708
-0.48708
-0.48708
-0.48708
-0.48708
-0.48708
-0.48708
-0.48708
-0.48708
-0.48708
-0.48708
-0.48708
-0.48708
-0.48708
-0.48708
-0.48708
-0.48708
-0.48708
-0.48708
-0.48708
-0.48708
-0.48708
-0.48708
-0.48708
-0.48708
-0.48708
-0.48708
-0.48708
-0.48708
-0.48708
-0.48708
-0.48708
-0.48708
-0.48708
-0.48708
-0.48708
-0.48708
-0.48708
-0.48708
-0.48708
-0.48708
-0.48708
-0.48708
-0.48708
-0.48708
-0.48708
-0.48708
-0.48708
-0.48708
-0.48708
-0.48708
-0.48708
-0.48708
-0.48708
-0.48708
-0.48708
-0.48708
-0.48708
-0.48708
-0.48708
-0.48708
-0.48708
-0.48708
-0.48708
-0.48708
-0.48708
-0.48708
-0.48708
-0.48708
-0.48708
-0.48708
-0.48708
-0.48708
-0.48708
-0.48708
-0.48708
-0.48708
-0.48708
-0.48708
-0.48708
-0.48708
-0.48708
-0.48708
-0.48708
-0.48708
-0.48708
-0.48708
-0.48708
-0.48708
-0.48708
-0.48708
-0.48708
-0.48708
-0.48708
-0.48708
-0.48708
-0.48708
-0.48708
-0.48708
-0.48708
-0.48708
-0.48708
-0.48708
-0.48708
-0.48708
-0.48707
-0.48707
-0.48707
-0.48706
-0.48706
-0.48706
-0.48706
-0.48706
-0.48705
-0.48705
-0.48704
-0.48704
-0.48703
-0.48703
-0.48702
-0.48701
-0.48700
-0.48699
-0.48699
-0.48698
-0.48696
-0.48695
-0.48693
-0.48692
-0.48690
-0.48687
-0.48685
-0.48682
-0.48679
-0.48676
-0.48673
-0.48670
-0.48665
-0.48661
-0.48656
-0.48651
-0.48645
-0.48639
-0.48632
-0.48626
-0.48616
-0.48607
-0.48598
-0.48588
-0.48575
-0.48562
-0.48549
-0.48536
-0.48517
-0.48498
-0.48480
-0.48461
-0.48434
-0.48406
-0.48379
-0.48352
-0.48313
-0.48273
-0.48234
-0.48195
-0.48138
-0.48081
-0.48024
-0.47967
-0.47885
-0.47803
-0.47720
-0.47638
-0.47520
-0.47403
-0.47285
-0.47168
-0.47002
-0.46835
-0.46669
-0.46503
-0.46273
-0.46044
-0.45814
-0.45585
-0.45279
-0.44972
-0.44666
-0.44360
-0.43945
-0.43530
-0.43115
-0.42700
-0.42204
-0.41708
-0.41213
-0.40717
-0.48799
-0.48799
-0.48799
-0.48799
-0.48799
-0.48799
-0.48799
-0.48799
-0.48799
-0.48799
-0.48799
-0.48799
-0.48799
-0.48799
-0.48799
-0.48799
-0.48799
-0.48799
-0.48799
-0.48799
-0.48799
-0.48799
-0.48799
-0.48799
-0.48799
-0.48799
-0.48799
-0.48799
-0.48799
-0.48799
-0.48799
-0.48799
-0.48799
-0.48799
-0.48799
-0.48799
-0.48799
-0.48799
-0.48799
-0.48799
-0.48799
-0.48799
-0.48799
-0.48799
-0.48799
-0.48799
-0.48799
-0.48799
-0.48799
-0.48799
-0.48799
-0.48799
-0.48799
-0.48799
-0.48799
-0.48799
-0.48799
-0.48799
-0.48799
-0.48799
-0.48799
-0.48799
-0.48799
-0.48799
-0.48799
-0.48799
-0.48799
-0.48799
-0.48799
-0.48799
-0.48799
-0.48799
-0.48799
-0.48799
-0.48799
-0.48799
-0.48799
-0.48799
-0.48799
-0.48799
-0.48799
-0.48799
-0.48799
-0.48799
-0.48799
-0.48799
-0.48799
-0.48799
-0.48799
-0.48799
-0.48799
-0.48799
-0.48799
-0.48799
-0.48799
-0.48799
-0.48799
-0.48799
-0.48799
-0.48799
-0.48799
-0.48799
-0.48799
-0.48799
-0.48799
-0.48799
-0.48799
-0.48799
-0.48799
-0.48799
-0.48799
-0.48799
-0.48799
-0.48799
-0.48799
-0.48799
-0.48799
-0.48799
-0.48799
-0.48799
-0.48799
-0.48799
-0.48799
-0.48799
-0.48799
-0.48799
-0.48799
-0.48799
-0.48799
-0.48799
-0.48799
-0.48799
-0.48799
-0.48799
-0.48799
-0.48799
-0.48799
-0.48799
-0.48799
-0.48799
-0.48799
-0.48799
-0.48799
-0.48799
-0.48799
-0.48799
-0.48799
-0.48799
-0.48799
-0.48799
-0.48799
-0.48799
-0.48799
-0.48799
-0.48799
-0.48799
-0.48799
-0.48799
-0.48799
-0.48799
-0.48799
-0.48799
-0.48799
-0.48799
-0.48799
-0.48799
-0.48799
-0.48799
-0.48799
-0.48799
-0.48799
-0.48799
-0.48799
-0.48799
-0.48799
-0.48799
-0.48799
-0.48799
-0.48799
-0.48799
-0.48799
-0.48799
-0.48799
-0.48799
-0.48799
-0.48799
-0.48799
-0.48799
-0.48799
-0.48799
-0.48799
-0.48799
-0.48799
-0.48799
-0.48799
-0.48799
-0.48799
-0.48799
-0.48799
-0.48799
-0.48799
-0.48799
-0.48799
-0.48799
-0.48799
-0.48799
-0.48799
-0.48799
-0.48799
-0.48799
-0.48799
-0.48799
-0.48799
-0.48799
-0.48799
-0.48799
-0.48799
-0.48799
-0.48799
-0.48799
-0.48799
-0.48799
-0.48799
-0.48799
-0.48799
-0.48799
-0.48799
-0.48799
-0.48799
-0.48799
-0.48799
-0.48799
-0.48799
-0.48799
-0.48799
-0.48799
-0.48799
-0.48799
-0.48799
-0.48799
-0.48799
-0.48799
-0.48799
-0.48799
-0.48799
-0.48799
-0.48799
-0.48799
-0.48799
-0.48799
-0.48799
-0.48799
-0.48799
-0.48799
-0.48799
-0.48799
-0.48799
-0.48799
-0.48799
-0.48799
-0.48799
-0.48799
-0.48799
-0.48799
-0.48799
-0.48799
-0.48799
-0.48799
-0.48799
-0.48799
-0.48799
-0.48799
-0.48799
-0.48799
-0.48799
-0.48799
-0.48799
-0.48799
-0.48799
-0.48799
-0.48799
-0.48799
-0.48799
-0.48799
-0.48799
-0.48799
-0.48799
-0.48799
-0.48799
-0.48799
-0.48799
-0.48799
-0.48799
-0.48799
-0.48799
-0.48799
-0.48799
-0.48799
-0.48799
-0.48799
-0.48799
-0.48799
-0.48799
-0.48799
-0.48799
-0.48799
-0.48799
-0.48799
-0.48799
-0.48799
-0.48799
-0.48799
-0.48799
-0.48799
-0.48799
-0.48799
-0.48799
-0.48799
-0.48799
-0.48799
-0.48799
-0.48799
-0.48799
-0.48799
-0.48799
-0.48799
-0.48799
-0.48799
-0.48799
-0.48799
-0.48799
-0.48799
-0.48798
-0.48798
-0.48798
-0.48798
-0.48798
-0.48798
-0.48797
-0.48797
-0.48797
-0.48796
-0.48796
-0.48795
-0.48795
-0.48794
-0.48794
-0.48793
-0.48792
-0.48791
-0.48790
-0.48789
-0.48788
-0.48787
-0.48785
-0.48783
-0.48781
-0.48779
-0.48777
-0.48775
-0.48773
-0.48769
-0.48766
-0.48762
-0.48759
-0.48754
-0.48749
-0.48744
-0.48739
-0.48731
-0.48724
-0.48717
-0.48709
-0.48699
-0.48689
-0.48679
-0.48669
-0.48654
-0.48639
-0.48625
-0.48610
-0.48588
-0.48567
-0.48546
-0.48524
-0.48494
-0.48463
-0.48433
-0.48402
-0.48357
-0.48313
-0.48268
-0.48223
-0.48158
-0.48093
-0.48028
-0.47962
-0.47868
-0.47773
-0.47678
-0.47583
-0.47447
-0.47311
-0.47175
-0.47038
-0.46845
-0.46651
-0.46457
-0.46263
-0.46000
-0.45736
-0.45473
-0.45209
-0.44839
-0.44469
-0.44100
-0.43730
-0.43279
-0.42828
-0.42378
-0.41927
-0.48910
-0.48910
-0.48910
-0.48910
-0.48910
-0.48910
-0.48910
-0.48910
-0.48910
-0.48910
-0.48910
-0.48910
-0.48910
-0.48910
-0.48910
-0.48910
-0.48910
-0.48910
-0.48910
-0.48910
-0.48910
-0.48910
-0.48910
-0.48910
-0.48910
-0.48910
-0.48910
-0.48910
-0.48910
-0.48910
-0.48910
-0.48910
-0.48910
-0.48910
-0.48910
-0.48910
-0.48910
-0.48910
-0.48910
-0.48910
-0.48910
-0.48910
-0.48910
-0.48910
-0.48910
-0.48910
-0.48910
-0.48910
-0.48910
-0.48910
-0.48910
-0.48910
-0.48910
-0.48910
-0.48910
-0.48910
-0.48910
-0.48910
-0.48910
-0.48910
-0.48910
-0.48910
-0.48910
-0.48910
-0.48910
-0.48910
-0.48910
-0.48910
-0.48910
-0.48910
-0.48910
-0.48910
-0.48910
-0.48910
-0.48910
-0.48910
-0.48910
-0.48910
-0.48910
-0.48910
-0.48910
-0.48910
-0.48910
-0.48910
-0.48910
-0.48910
-0.48910
-0.48910
-0.48910
-0.48910
-0.48910
-0.48910
-0.48910
-0.48910
-0.48910
-0.48910
-0.48910
-0.48910
-0.48910
-0.48910
-0.48910
-0.48910
-0.48910
-0.48910
-0.48910
-0.48910
-0.48910
-0.48910
-0.48910
-0.48910
-0.48910
-0.48910
-0.48910
-0.48910
-0.48910
-0.48910
-0.48910
-0.48910
-0.48910
-0.48910
-0.48910
-0.48910
-0.48910
-0.48910
-0.48910
-0.48910
-0.48910
-0.48910
-0.48910
-0.48910
-0.48910
-0.48910
-0.48910
-0.48910
-0.48910
-0.48910
-0.48910
-0.48910
-0.48910
-0.48910
-0.48910
-0.48910
-0.48910
-0.48910
-0.48910
-0.48910
-0.48910
-0.48910
-0.48910
-0.48910
-0.48910
-0.48910
-0.48910
-0.48910
-0.48910
-0.48910
-0.48910
-0.48910
-0.48910
-0.48910
-0.48910
-0.48910
-0.48910
-0.48910
-0.48910
-0.48910
-0.48910
-0.48910
-0.48910
-0.48910
-0.48910
-0.48910
-0.48910
-0.48910
-0.48910
-0.48910
-0.48910
-0.48910
-0.48910
-0.48910
-0.48910
-0.48910
-0.48910
-0.48910
-0.48910
-0.48910
-0.48910
-0.48910
-0.48910
-0.48910
-0.48910
-0.48910
-0.48910
-0.48910
-0.48910
-0.48910
-0.48910
-0.48910
-0.48910
-0.48910
-0.48910
-0.48910
-0.48910
-0.48910
-0.48910
-0.48910
-0.48910
-0.48910
-0.48910
-0.48910
-0.48910
-0.48910
-0.48910
-0.48910
-0.48910
-0.48910
-0.48910
-0.48910
-0.48910
-0.48910
-0.48910
-0.48910
-0.48910
-0.48910
-0.48910
-0.48910
-0.48910
-0.48910
-0.48910
-0.48910
-0.48910
-0.48910
-0.48910
-0.48910
-0.48910
-0.48910
-0.48910
-0.48910
-0.48910
-0.48910
-0.48910
-0.48910
-0.48910
-0.48910
-0.48910
-0.48910
-0.48910
-0.48910
-0.48910
-0.48910
-0.48910
-0.48910
-0.48910
-0.48910
-0.48910
-0.48910
-0.48910
-0.48910
-0.48910
-0.48910
-0.48910
-0.48910
-0.48910
-0.48910
-0.48910
-0.48910
-0.48910
-0.48910
-0.48910
-0.48910
-0.48910
-0.48910
-0.48910
-0.48910
-0.48910
-0.48910
-0.48910
-0.48910
-0.48910
-0.48910
-0.48910
-0.48910
-0.48910
-0.48910
-0.48910
-0.48910
-0.48910
-0.48910
-0.48910
-0.48910
-0.48910
-0.48910
-0.48910
-0.48910
-0.48910
-0.48910
-0.48910
-0.48910
-0.48910
-0.48910
-0.48910
-0.48910
-0.48910
-0.48910
-0.48910
-0.48910
-0.48910
-0.48910
-0.48910
-0.48910
-0.48910
-0.48910
-0.48910
-0.48910
-0.48910
-0.48910
-0.48910
-0.48910
-0.48910
-0.48910
-0.48910
-0.48910
-0.48910
-0.48910
-0.48910
-0.48910
-0.48910
-0.48910
-0.48910
-0.48910
-0.48910
-0.48910
-0.48910
-0.48910
-0.48909
-0.48909
-0.48909
-0.48909
-0.48909
-0.48909
-0.48909
-0.48908
-0.48908
-0.48908
-0.48907
-0.48907
-0.48906
-0.48906
-0.48906
-0.48905
-0.48904
-0.48903
-0.48902
-0.48901
-0.48900
-0.48899
-0.48898
-0.48896
-0.48894
-0.48893
-0.48891
-0.48889
-0.48886
-0.48884
-0.48882
-0.48877
-0.48873
-0.48869
-0.48865
-0.48860
-0.48855
-0.48849
-0.48844
-0.48836
-0.48828
-0.48820
-0.48812
-0.48800
-0.48789
-0.48777
-0.48766
-0.48749
-0.48733
-0.48717
-0.48700
-0.48676
-0.48653
-0.48629
-0.48605
-0.48570
-0.48536
-0.48501
-0.48466
-0.48415
-0.48365
-0.48314
-0.48263
-0.48188
-0.48114
-0.48040
-0.47965
-0.47856
-0.47748
-0.47639
-0.47530
-0.47373
-0.47215
-0.47058
-0.46900
-0.46679
-0.46459
-0.46238
-0.46018
-0.45705
-0.45393
-0.45080
-0.44768
-0.44362
-0.43955
-0.43549
-0.43142
-0.49020
-0.49020
-0.49020
-0.49020
-0.49020
-0.49020
-0.49020
-0.49020
-0.49020
-0.49020
-0.49020
-0.49020
-0.49020
-0.49020
-0.49020
-0.49020
-0.49020
-0.49020
-0.49020
-0.49020
-0.49020
-0.49020
-0.49020
-0.49020
-0.49020
-0.49020
-0.49020
-0.49020
-0.49020
-0.49020
-0.49020
-0.49020
-0.49020
-0.49020
-0.49020
-0.49020
-0.49020
-0.49020
-0.49020
-0.49020
-0.49020
-0.49020
-0.49020
-0.49020
-0.49020
-0.49020
-0.49020
-0.49020
-0.49020
-0.49020
-0.49020
-0.49020
-0.49020
-0.49020
-0.49020
-0.49020
-0.49020
-0.49020
-0.49020
-0.49020
-0.49020
-0.49020
-0.49020
-0.49020
-0.49020
-0.49020
-0.49020
-0.49020
-0.49020
-0.49020
-0.49020
-0.49020
-0.49020
-0.49020
-0.49020
-0.49020
-0.49020
-0.49020
-0.49020
-0.49020
-0.49020
-0.49020
-0.49020
-0.49020
-0.49020
-0.49020
-0.49020
-0.49020
-0.49020
-0.49020
-0.49020
-0.49020
-0.49020
-0.49020
-0.49020
-0.49020
-0.49020
-0.49020
-0.49020
-0.49020
-0.49020
-0.49020
-0.49020
-0.49020
-0.49020
-0.49020
-0.49020
-0.49020
-0.49020
-0.49020
-0.49020
-0.49020
-0.49020
-0.49020
-0.49020
-0.49020
-0.49020
-0.49020
-0.49020
-0.49020
-0.49020
-0.49020
-0.49020
-0.49020
-0.49020
-0.49020
-0.49020
-0.49020
-0.49020
-0.49020
-0.49020
-0.49020
-0.49020
-0.49020
-0.49020
-0.49020
-0.49020
-0.49020
-0.49020
-0.49020
-0.49020
-0.49020
-0.49020
-0.49020
-0.49020
-0.49020
-0.49020
-0.49020
-0.49020
-0.49020
-0.49020
-0.49020
-0.49020
-0.49020
-0.49020
-0.49020
-0.49020
-0.49020
-0.49020
-0.49020
-0.49020
-0.49020
-0.49020
-0.49020
-0.49020
-0.49020
-0.49020
-0.49020
-0.49020
-0.49020
-0.49020
-0.49020
-0.49020
-0.49020
-0.49020
-0.49020
-0.49020
-0.49020
-0.49020
-0.49020
-0.49020
-0.49020
-0.49020
-0.49020
-0.49020
-0.49020
-0.49020
-0.49020
-0.49020
-0.49020
-0.49020
-0.49020
-0.49020
-0.49020
-0.49020
-0.49020
-0.49020
-0.49020
-0.49020
-0.49020
-0.49020
-0.49020
-0.49020
-0.49020
-0.49020
-0.49020
-0.49020
-0.49020
-0.49020
-0.49020
-0.49020
-0.49020
-0.49020
-0.49020
-0.49020
-0.49020
-0.49020
-0.49020
-0.49020
-0.49020
-0.49020
-0.49020
-0.49020
-0.49020
-0.49020
-0.49020
-0.49020
-0.49020
-0.49020
-0.49020
-0.49020
-0.49020
-0.49020
-0.49020
-0.49020
-0.49020
-0.49020
-0.49020
-0.49020
-0.49020
-0.49020
-0.49020
-0.49020
-0.49020
-0.49020
-0.49020
-0.49020
-0.49020
-0.49020
-0.49020
-0.49020
-0.49020
-0.49020
-0.49020
-0.49020
-0.49020
-0.49020
-0.49020
-0.49020
-0.49020
-0.49020
-0.49020
-0.49020
-0.49020
-0.49020
-0.49020
-0.49020
-0.49020
-0.49020
-0.49020
-0.49020
-0.49020
-0.49020
-0.49020
-0.49020
-0.49020
-0.49020
-0.49020
-0.49020
-0.49020
-0.49020
-0.49020
-0.49020
-0.49020
-0.49020
-0.49020
-0.49020
-0.49020
-0.49020
-0.49020
-0.49020
-0.49020
-0.49020
-0.49020
-0.49020
-0.49020
-0.49020
-0.49020
-0.49020
-0.49020
-0.49020
-0.49020
-0.49020
-0.49020
-0.49020
-0.49020
-0.49020
-0.49020
-0.49020
-0.49020
-0.49020
-0.49020
-0.49020
-0.49020
-0.49020
-0.49020
-0.49020
-0.49020
-0.49020
-0.49020
-0.49020
-0.49020
-0.49020
-0.49020
-0.49020
-0.49020
-0.49020
-0.49020
-0.49020
-0.49020
-0.49020
-0.49020
-0.49020
-0.49020
-0.49020
-0.49020
-0.49020
-0.49020
-0.49020
-0.49019
-0.49019
-0.49019
-0.49019
-0.49019
-0.49019
-0.49018
-0.49018
-0.49018
-0.49017
-0.49017
-0.49016
-0.49016
-0.49015
-0.49014
-0.49013
-0.49012
-0.49011
-0.49010
-0.49009
-0.49008
-0.49007
-0.49005
-0.49003
-0.49001
-0.48999
-0.48997
-0.48994
-0.48991
-0.48988
-0.48984
-0.48980
-0.48975
-0.48971
-0.48965
-0.48959
-0.48953
-0.48947
-0.48938
-0.48929
-0.48920
-0.48911
-0.48898
-0.48885
-0.48872
-0.48859
-0.48840
-0.48822
-0.48803
-0.48784
-0.48756
-0.48729
-0.48702
-0.48675
-0.48634
-0.48594
-0.48554
-0.48514
-0.48455
-0.48396
-0.48337
-0.48279
-0.48192
-0.48105
-0.48018
-0.47931
-0.47805
-0.47679
-0.47552
-0.47426
-0.47244
-0.47063
-0.46881
-0.46700
-0.46441
-0.46183
-0.45924
-0.45665
-0.45313
-0.44962
-0.44610
-0.44258
-0.49131
-0.49131
-0.49131
-0.49131
-0.49131
-0.49131
-0.49131
-0.49131
-0.49131
-0.49131
-0.49131
-0.49131
-0.49131
-0.49131
-0.49131
-0.49131
-0.49131
-0.49131
-0.49131
-0.49131
-0.49131
-0.49131
-0.49131
-0.49131
-0.49131
-0.49131
-0.49131
-0.49131
-0.49131
-0.49131
-0.49131
-0.49131
-0.49131
-0.49131
-0.49131
-0.49131
-0.49131
-0.49131
-0.49131
-0.49131
-0.49131
-0.49131
-0.49131
-0.49131
-0.49131
-0.49131
-0.49131
-0.49131
-0.49131
-0.49131
-0.49131
-0.49131
-0.49131
-0.49131
-0.49131
-0.49131
-0.49131
-0.49131
-0.49131
-0.49131
-0.49131
-0.49131
-0.49131
-0.49131
-0.49131
-0.49131
-0.49131
-0.49131
-0.49131
-0.49131
-0.49131
-0.49131
-0.49131
-0.49131
-0.49131
-0.49131
-0.49131
-0.49131
-0.49131
-0.49131
-0.49131
-0.49131
-0.49131
-0.49131
-0.49131
-0.49131
-0.49131
-0.49131
-0.49131
-0.49131
-0.49131
-0.49131
-0.49131
-0.49131
-0.49131
-0.49131
-0.49131
-0.49131
-0.49131
-0.49131
-0.49131
-0.49131
-0.49131
-0.49131
-0.49131
-0.49131
-0.49131
-0.49131
-0.49131
-0.49131
-0.49131
-0.49131
-0.49131
-0.49131
-0.49131
-0.49131
-0.49131
-0.49131
-0.49131
-0.49131
-0.49131
-0.49131
-0.49131
-0.49131
-0.49131
-0.49131
-0.49131
-0.49131
-0.49131
-0.49131
-0.49131
-0.49131
-0.49131
-0.49131
-0.49131
-0.49131
-0.49131
-0.49131
-0.49131
-0.49131
-0.49131
-0.49131
-0.49131
-0.49131
-0.49131
-0.49131
-0.49131
-0.49131
-0.49131
-0.49131
-0.49131
-0.49131
-0.49131
-0.49131
-0.49131
-0.49131
-0.49131
-0.49131
-0.49131
-0.49131
-0.49131
-0.49131
-0.49131
-0.49131
-0.49131
-0.49131
-0.49131
-0.49131
-0.49131
-0.49131
-0.49131
-0.49131
-0.49131
-0.49131
-0.49131
-0.49131
-0.49131
-0.49131
-0.49131
-0.49131
-0.49131
-0.49131
-0.49131
-0.49131
-0.49131
-0.49131
-0.49131
-0.49131
-0.49131
-0.49131
-0.49131
-0.49131
-0.49131
-0.49131
-0.49131
-0.49131
-0.49131
-0.49131
-0.49131
-0.49131
-0.49131
-0.49131
-0.49131
-0.49131
-0.49131
-0.49131
-0.49131
-0.49131
-0.49131
-0.49131
-0.49131
-0.49131
-0.49131
-0.49131
-0.49131
-0.49131
-0.49131
-0.49131
-0.49131
-0.49131
-0.49131
-0.49131
-0.49131
-0.49131
-0.49131
-0.49131
-0.49131
-0.49131
-0.49131
-0.49131
-0.49131
-0.49131
-0.49131
-0.49131
-0.49131
-0.49131
-0.49131
-0.49131
-0.49131
-0.49131
-0.49131
-0.49131
-0.49131
-0.49131
-0.49131
-0.49131
-0.49131
-0.49131
-0.49131
-0.49131
-0.49131
-0.49131
-0.49131
-0.49131
-0.49131
-0.49131
-0.49131
-0.49131
-0.49131
-0.49131
-0.49131
-0.49131
-0.49131
-0.49131
-0.49131
-0.49131
-0.49131
-0.49131
-0.49131
-0.49131
-0.49131
-0.49131
-0.49131
-0.49131
-0.49131
-0.49131
-0.49131
-0.49131
-0.49131
-0.49131
-0.49131
-0.49131
-0.49131
-0.49131
-0.49131
-0.49131
-0.49131
-0.49131
-0.49131
-0.49131
-0.49131
-0.49131
-0.49131
-0.49131
-0.49131
-0.49131
-0.49131
-0.49131
-0.49131
-0.49131
-0.49131
-0.49131
-0.49131
-0.49131
-0.49131
-0.49131
-0.49131
-0.49131
-0.49131
-0.49131
-0.49131
-0.49131
-0.49131
-0.49131
-0.49131
-0.49131
-0.49131
-0.49131
-0.49131
-0.49131
-0.49131
-0.49131
-0.49131
-0.49131
-0.49131
-0.49131
-0.49131
-0.49131
-0.49131
-0.49131
-0.49131
-0.49131
-0.49131
-0.49131
-0.49131
-0.49131
-0.49131
-0.49130
-0.49130
-0.49130
-0.49130
-0.49130
-0.49130
-0.49130
-0.49130
-0.49130
-0.49129
-0.49129
-0.49129
-0.49128
-0.49128
-0.49128
-0.49127
-0.49127
-0.49126
-0.49125
-0.49125
-0.49124
-0.49123
-0.49122
-0.49122
-0.49120
-0.49119
-0.49117
-0.49116
-0.49114
-0.49112
-0.49110
-0.49108
-0.49104
-0.49101
-0.49098
-0.49095
-0.49090
-0.49085
-0.49081
-0.49076
-0.49069
-0.49063
-0.49056
-0.49049
-0.49039
-0.49029
-0.49019
-0.49009
-0.48994
-0.48979
-0.48965
-0.48950
-0.48929
-0.48907
-0.48886
-0.48864
-0.48833
-0.48801
-0.48770
-0.48739
-0.48692
-0.48646
-0.48600
-0.48554
-0.48486
-0.48417
-0.48349
-0.48281
-0.48181
-0.48081
-0.47980
-0.47880
-0.47734
-0.47588
-0.47442
-0.47295
-0.47085
-0.46874
-0.46663
-0.46453
-0.46157
-0.45860
-0.45564
-0.45268
-0.49242
-0.49242
-0.49242
-0.49242
-0.49242
-0.49242
-0.49242
-0.49242
-0.49242
-0.49242
-0.49242
-0.49242
-0.49242
-0.49242
-0.49242
-0.49242
-0.49242
-0.49242
-0.49242
-0.49242
-0.49242
-0.49242
-0.49242
-0.49242
-0.49242
-0.49242
-0.49242
-0.49242
-0.49242
-0.49242
-0.49242
-0.49242
-0.49242
-0.49242
-0.49242
-0.49242
-0.49242
-0.49242
-0.49242
-0.49242
-0.49242
-0.49242
-0.49242
-0.49242
-0.49242
-0.49242
-0.49242
-0.49242
-0.49242
-0.49242
-0.49242
-0.49242
-0.49242
-0.49242
-0.49242
-0.49242
-0.49242
-0.49242
-0.49242
-0.49242
-0.49242
-0.49242
-0.49242
-0.49242
-0.49242
-0.49242
-0.49242
-0.49242
-0.49242
-0.49242
-0.49242
-0.49242
-0.49242
-0.49242
-0.49242
-0.49242
-0.49242
-0.49242
-0.49242
-0.49242
-0.49242
-0.49242
-0.49242
-0.49242
-0.49242
-0.49242
-0.49242
-0.49242
-0.49242
-0.49242
-0.49242
-0.49242
-0.49242
-0.49242
-0.49242
-0.49242
-0.49242
-0.49242
-0.49242
-0.49242
-0.49242
-0.49242
-0.49242
-0.49242
-0.49242
-0.49242
-0.49242
-0.49242
-0.49242
-0.49242
-0.49242
-0.49242
-0.49242
-0.49242
-0.49242
-0.49242
-0.49242
-0.49242
-0.49242
-0.49242
-0.49242
-0.49242
-0.49242
-0.49242
-0.49242
-0.49242
-0.49242
-0.49242
-0.49242
-0.49242
-0.49242
-0.49242
-0.49242
-0.49242
-0.49242
-0.49242
-0.49242
-0.49242
-0.49242
-0.49242
-0.49242
-0.49242
-0.49242
-0.49242
-0.49242
-0.49242
-0.49242
-0.49242
-0.49242
-0.49242
-0.49242
-0.49242
-0.49242
-0.49242
-0.49242
-0.49242
-0.49242
-0.49242
-0.49242
-0.49242
-0.49242
-0.49242
-0.49242
-0.49242
-0.49242
-0.49242
-0.49242
-0.49242
-0.49242
-0.49242
-0.49242
-0.49242
-0.49242
-0.49242
-0.49242
-0.49242
-0.49242
-0.49242
-0.49242
-0.49242
-0.49242
-0.49242
-0.49242
-0.49242
-0.49242
-0.49242
-0.49242
-0.49242
-0.49242
-0.49242
-0.49242
-0.49242
-0.49242
-0.49242
-0.49242
-0.49242
-0.49242
-0.49242
-0.49242
-0.49242
-0.49242
-0.49242
-0.49242
-0.49242
-0.49242
-0.49242
-0.49242
-0.49242
-0.49242
-0.49242
-0.49242
-0.49242
-0.49242
-0.49242
-0.49242
-0.49242
-0.49242
-0.49242
-0.49242
-0.49242
-0.49242
-0.49242
-0.49242
-0.49242
-0.49242
-0.49242
-0.49242
-0.49242
-0.49242
-0.49242
-0.49242
-0.49242
-0.49242
-0.49242
-0.49242
-0.49242
-0.49242
-0.49242
-0.49242
-0.49242
-0.49242
-0.49242
-0.49242
-0.49242
-0.49242
-0.49242
-0.49242
-0.49242
-0.49242
-0.49242
-0.49242
-0.49242
-0.49242
-0.49242
-0.49242
-0.49242
-0.49242
-0.49242
-0.49242
-0.49242
-0.49242
-0.49242
-0.49242
-0.49242
-0.49242
-0.49242
-0.49242
-0.49242
-0.49242
-0.49242
-0.49242
-0.49242
-0.49242
-0.49242
-0.49242
-0.49242
-0.49242
-0.49242
-0.49242
-0.49242
-0.49242
-0.49242
-0.49242
-0.49242
-0.49242
-0.49242
-0.49242
-0.49242
-0.49242
-0.49242
-0.49242
-0.49242
-0.49242
-0.49242
-0.49242
-0.49242
-0.49242
-0.49242
-0.49242
-0.49242
-0.49242
-0.49242
-0.49242
-0.49242
-0.49242
-0.49242
-0.49242
-0.49242
-0.49242
-0.49242
-0.49242
-0.49242
-0.49242
-0.49242
-0.49242
-0.49242
-0.49242
-0.49242
-0.49242
-0.49242
-0.49242
-0.49242
-0.49242
-0.49242
-0.49242
-0.49242
-0.49242
-0.49242
-0.49242
-0.49242
-0.49242
-0.49242
-0.49242
-0.49242
-0.49242
-0.49241
-0.49241
-0.49241
-0.49241
-0.49241
-0.49241
-0.49241
-0.49241
-0.49241
-0.49241
-0.49241
-0.49241
-0.49240
-0.49240
-0.49240
-0.49239
-0.49239
-0.49239
-0.49238
-0.49238
-0.49238
-0.49237
-0.49237
-0.49236
-0.49236
-0.49235
-0.49234
-0.49233
-0.49232
-0.49231
-0.49229
-0.49228
-0.49226
-0.49225
-0.49223
-0.49220
-0.49218
-0.49215
-0.49212
-0.49208
-0.49205
-0.49201
-0.49196
-0.49191
-0.49186
-0.49181
-0.49173
-0.49165
-0.49157
-0.49150
-0.49138
-0.49127
-0.49116
-0.49104
-0.49088
-0.49071
-0.49054
-0.49037
-0.49013
-0.48988
-0.48964
-0.48939
-0.48903
-0.48867
-0.48831
-0.48795
-0.48742
-0.48688
-0.48635
-0.48581
-0.48503
-0.48424
-0.48346
-0.48267
-0.48151
-0.48035
-0.47919
-0.47803
-0.47634
-0.47465
-0.47296
-0.47126
-0.46884
-0.46641
-0.46398
-0.46155
-0.49378
-0.49378
-0.49378
-0.49378
-0.49378
-0.49378
-0.49378
-0.49378
-0.49378
-0.49378
-0.49378
-0.49378
-0.49378
-0.49378
-0.49378
-0.49378
-0.49378
-0.49378
-0.49378
-0.49378
-0.49378
-0.49378
-0.49378
-0.49378
-0.49378
-0.49378
-0.49378
-0.49378
-0.49378
-0.49378
-0.49378
-0.49378
-0.49378
-0.49378
-0.49378
-0.49378
-0.49378
-0.49378
-0.49378
-0.49378
-0.49378
-0.49378
-0.49378
-0.49378
-0.49378
-0.49378
-0.49378
-0.49378
-0.49378
-0.49378
-0.49378
-0.49378
-0.49378
-0.49378
-0.49378
-0.49378
-0.49378
-0.49378
-0.49378
-0.49378
-0.49378
-0.49378
-0.49378
-0.49378
-0.49378
-0.49378
-0.49378
-0.49378
-0.49378
-0.49378
-0.49378
-0.49378
-0.49378
-0.49378
-0.49378
-0.49378
-0.49378
-0.49378
-0.49378
-0.49378
-0.49378
-0.49378
-0.49378
-0.49378
-0.49378
-0.49378
-0.49378
-0.49378
-0.49378
-0.49378
-0.49378
-0.49378
-0.49378
-0.49378
-0.49378
-0.49378
-0.49378
-0.49378
-0.49378
-0.49378
-0.49378
-0.49378
-0.49378
-0.49378
-0.49378
-0.49378
-0.49378
-0.49378
-0.49378
-0.49378
-0.49378
-0.49378
-0.49378
-0.49378
-0.49378
-0.49378
-0.49378
-0.49378
-0.49378
-0.49378
-0.49378
-0.49378
-0.49378
-0.49378
-0.49378
-0.49378
-0.49378
-0.49378
-0.49378
-0.49378
-0.49378
-0.49378
-0.49378
-0.49378
-0.49378
-0.49378
-0.49378
-0.49378
-0.49378
-0.49378
-0.49378
-0.49378
-0.49378
-0.49378
-0.49378
-0.49378
-0.49378
-0.49378
-0.49378
-0.49378
-0.49378
-0.49378
-0.49378
-0.49378
-0.49378
-0.49378
-0.49378
-0.49378
-0.49378
-0.49378
-0.49378
-0.49378
-0.49378
-0.49378
-0.49378
-0.49378
-0.49378
-0.49378
-0.49378
-0.49378
-0.49378
-0.49378
-0.49378
-0.49378
-0.49378
-0.49378
-0.49378
-0.49378
-0.49378
-0.49378
-0.49378
-0.49378
-0.49378
-0.49378
-0.49378
-0.49378
-0.49378
-0.49378
-0.49378
-0.49378
-0.49378
-0.49378
-0.49378
-0.49378
-0.49378
-0.49378
-0.49378
-0.49378
-0.49378
-0.49378
-0.49378
-0.49378
-0.49378
-0.49378
-0.49378
-0.49378
-0.49378
-0.49378
-0.49378
-0.49378
-0.49378
-0.49378
-0.49378
-0.49378
-0.49378
-0.49378
-0.49378
-0.49378
-0.49378
-0.49378
-0.49378
-0.49378
-0.49378
-0.49378
-0.49378
-0.49378
-0.49378
-0.49378
-0.49378
-0.49378
-0.49378
-0.49378
-0.49378
-0.49378
-0.49378
-0.49378
-0.49378
-0.49378
-0.49378
-0.49378
-0.49378
-0.49378
-0.49378
-0.49378
-0.49378
-0.49378
-0.49378
-0.49378
-0.49378
-0.49378
-0.49378
-0.49378
-0.49378
-0.49378
-0.49378
-0.49378
-0.49378
-0.49378
-0.49378
-0.49378
-0.49378
-0.49378
-0.49378
-0.49378
-0.49378
-0.49378
-0.49378
-0.49378
-0.49378
-0.49378
-0.49378
-0.49378
-0.49378
-0.49378
-0.49378
-0.49378
-0.49378
-0.49378
-0.49378
-0.49378
-0.49378
-0.49378
-0.49378
-0.49378
-0.49378
-0.49378
-0.49378
-0.49378
-0.49378
-0.49378
-0.49378
-0.49378
-0.49378
-0.49378
-0.49378
-0.49378
-0.49378
-0.49378
-0.49378
-0.49378
-0.49378
-0.49378
-0.49378
-0.49378
-0.49378
-0.49378
-0.49378
-0.49378
-0.49378
-0.49378
-0.49378
-0.49378
-0.49378
-0.49378
-0.49378
-0.49378
-0.49378
-0.49378
-0.49378
-0.49378
-0.49378
-0.49378
-0.49378
-0.49378
-0.49378
-0.49378
-0.49378
-0.49378
-0.49378
-0.49378
-0.49378
-0.49378
-0.49378
-0.49378
-0.49378
-0.49377
-0.49377
-0.49377
-0.49377
-0.49377
-0.49377
-0.49377
-0.49377
-0.49377
-0.49377
-0.49377
-0.49377
-0.49377
-0.49377
-0.49377
-0.49376
-0.49376
-0.49376
-0.49376
-0.49375
-0.49375
-0.49375
-0.49375
-0.49374
-0.49374
-0.49374
-0.49373
-0.49372
-0.49371
-0.49370
-0.49369
-0.49368
-0.49367
-0.49366
-0.49364
-0.49362
-0.49361
-0.49359
-0.49356
-0.49353
-0.49351
-0.49348
-0.49344
-0.49340
-0.49337
-0.49333
-0.49327
-0.49321
-0.49315
-0.49309
-0.49300
-0.49291
-0.49283
-0.49274
-0.49261
-0.49248
-0.49235
-0.49222
-0.49203
-0.49184
-0.49165
-0.49145
-0.49117
-0.49089
-0.49061
-0.49033
-0.48991
-0.48950
-0.48908
-0.48867
-0.48805
-0.48743
-0.48682
-0.48620
-0.48529
-0.48438
-0.48346
-0.48255
-0.48120
-0.47986
-0.47851
-0.47717
-0.47522
-0.47326
-0.47131
-0.46936
-0.49557
-0.49557
-0.49557
-0.49557
-0.49557
-0.49557
-0.49557
-0.49557
-0.49557
-0.49557
-0.49557
-0.49557
-0.49557
-0.49557
-0.49557
-0.49557
-0.49557
-0.49557
-0.49557
-0.49557
-0.49557
-0.49557
-0.49557
-0.49557
-0.49557
-0.49557
-0.49557
-0.49557
-0.49557
-0.49557
-0.49557
-0.49557
-0.49557
-0.49557
-0.49557
-0.49557
-0.49557
-0.49557
-0.49557
-0.49557
-0.49557
-0.49557
-0.49557
-0.49557
-0.49557
-0.49557
-0.49557
-0.49557
-0.49557
-0.49557
-0.49557
-0.49557
-0.49557
-0.49557
-0.49557
-0.49557
-0.49557
-0.49557
-0.49557
-0.49557
-0.49557
-0.49557
-0.49557
-0.49557
-0.49557
-0.49557
-0.49557
-0.49557
-0.49557
-0.49557
-0.49557
-0.49557
-0.49557
-0.49557
-0.49557
-0.49557
-0.49557
-0.49557
-0.49557
-0.49557
-0.49557
-0.49557
-0.49557
-0.49557
-0.49557
-0.49557
-0.49557
-0.49557
-0.49557
-0.49557
-0.49557
-0.49557
-0.49557
-0.49557
-0.49557
-0.49557
-0.49557
-0.49557
-0.49557
-0.49557
-0.49557
-0.49557
-0.49557
-0.49557
-0.49557
-0.49557
-0.49557
-0.49557
-0.49557
-0.49557
-0.49557
-0.49557
-0.49557
-0.49557
-0.49557
-0.49557
-0.49557
-0.49557
-0.49557
-0.49557
-0.49557
-0.49557
-0.49557
-0.49557
-0.49557
-0.49557
-0.49557
-0.49557
-0.49557
-0.49557
-0.49557
-0.49557
-0.49557
-0.49557
-0.49557
-0.49557
-0.49557
-0.49557
-0.49557
-0.49557
-0.49557
-0.49557
-0.49557
-0.49557
-0.49557
-0.49557
-0.49557
-0.49557
-0.49557
-0.49557
-0.49557
-0.49557
-0.49557
-0.49557
-0.49557
-0.49557
-0.49557
-0.49557
-0.49557
-0.49557
-0.49557
-0.49557
-0.49557
-0.49557
-0.49557
-0.49557
-0.49557
-0.49557
-0.49557
-0.49557
-0.49557
-0.49557
-0.49557
-0.49557
-0.49557
-0.49557
-0.49557
-0.49557
-0.49557
-0.49557
-0.49557
-0.49557
-0.49557
-0.49557
-0.49557
-0.49557
-0.49557
-0.49557
-0.49557
-0.49557
-0.49557
-0.49557
-0.49557
-0.49557
-0.49557
-0.49557
-0.49557
-0.49557
-0.49557
-0.49557
-0.49557
-0.49557
-0.49557
-0.49557
-0.49557
-0.49557
-0.49557
-0.49557
-0.49557
-0.49557
-0.49557
-0.49557
-0.49557
-0.49557
-0.49557
-0.49557
-0.49557
-0.49557
-0.49557
-0.49557
-0.49557
-0.49557
-0.49557
-0.49557
-0.49557
-0.49557
-0.49557
-0.49557
-0.49557
-0.49557
-0.49557
-0.49557
-0.49557
-0.49557
-0.49557
-0.49557
-0.49557
-0.49557
-0.49557
-0.49557
-0.49557
-0.49557
-0.49557
-0.49557
-0.49557
-0.49557
-0.49557
-0.49557
-0.49557
-0.49557
-0.49557
-0.49557
-0.49557
-0.49557
-0.49557
-0.49557
-0.49557
-0.49557
-0.49557
-0.49557
-0.49557
-0.49557
-0.49557
-0.49557
-0.49557
-0.49557
-0.49557
-0.49557
-0.49557
-0.49557
-0.49557
-0.49557
-0.49557
-0.49557
-0.49557
-0.49557
-0.49557
-0.49557
-0.49557
-0.49557
-0.49557
-0.49557
-0.49557
-0.49557
-0.49557
-0.49557
-0.49557
-0.49557
-0.49557
-0.49557
-0.49557
-0.49557
-0.49557
-0.49557
-0.49557
-0.49557
-0.49557
-0.49557
-0.49557
-0.49557
-0.49557
-0.49557
-0.49557
-0.49557
-0.49557
-0.49557
-0.49557
-0.49557
-0.49557
-0.49557
-0.49557
-0.49557
-0.49557
-0.49557
-0.49557
-0.49557
-0.49557
-0.49557
-0.49557
-0.49557
-0.49557
-0.49557
-0.49557
-0.49557
-0.49557
-0.49557
-0.49557
-0.49557
-0.49557
-0.49557
-0.49557
-0.49556
-0.49556
-0.49556
-0.49556
-0.49556
-0.49556
-0.49556
-0.49556
-0.49556
-0.49556
-0.49556
-0.49556
-0.49556
-0.49556
-0.49556
-0.49556
-0.49556
-0.49556
-0.49556
-0.49555
-0.49555
-0.49555
-0.49555
-0.49555
-0.49555
-0.49555
-0.49554
-0.49554
-0.49554
-0.49553
-0.49553
-0.49552
-0.49552
-0.49551
-0.49550
-0.49549
-0.49548
-0.49547
-0.49546
-0.49545
-0.49544
-0.49542
-0.49541
-0.49539
-0.49537
-0.49535
-0.49532
-0.49529
-0.49526
-0.49522
-0.49518
-0.49514
-0.49509
-0.49505
-0.49498
-0.49492
-0.49485
-0.49478
-0.49468
-0.49458
-0.49448
-0.49438
-0.49423
-0.49408
-0.49393
-0.49378
-0.49356
-0.49334
-0.49312
-0.49290
-0.49258
-0.49226
-0.49193
-0.49161
-0.49113
-0.49064
-0.49016
-0.48967
-0.48896
-0.48825
-0.48753
-0.48682
-0.48575
-0.48468
-0.48362
-0.48255
-0.48100
-0.47945
-0.47789
-0.47634
-0.49735
-0.49735
-0.49735
-0.49735
-0.49735
-0.49735
-0.49735
-0.49735
-0.49735
-0.49735
-0.49735
-0.49735
-0.49735
-0.49735
-0.49735
-0.49735
-0.49735
-0.49735
-0.49735
-0.49735
-0.49735
-0.49735
-0.49735
-0.49735
-0.49735
-0.49735
-0.49735
-0.49735
-0.49735
-0.49735
-0.49735
-0.49735
-0.49735
-0.49735
-0.49735
-0.49735
-0.49735
-0.49735
-0.49735
-0.49735
-0.49735
-0.49735
-0.49735
-0.49735
-0.49735
-0.49735
-0.49735
-0.49735
-0.49735
-0.49735
-0.49735
-0.49735
-0.49735
-0.49735
-0.49735
-0.49735
-0.49735
-0.49735
-0.49735
-0.49735
-0.49735
-0.49735
-0.49735
-0.49735
-0.49735
-0.49735
-0.49735
-0.49735
-0.49735
-0.49735
-0.49735
-0.49735
-0.49735
-0.49735
-0.49735
-0.49735
-0.49735
-0.49735
-0.49735
-0.49735
-0.49735
-0.49735
-0.49735
-0.49735
-0.49735
-0.49735
-0.49735
-0.49735
-0.49735
-0.49735
-0.49735
-0.49735
-0.49735
-0.49735
-0.49735
-0.49735
-0.49735
-0.49735
-0.49735
-0.49735
-0.49735
-0.49735
-0.49735
-0.49735
-0.49735
-0.49735
-0.49735
-0.49735
-0.49735
-0.49735
-0.49735
-0.49735
-0.49735
-0.49735
-0.49735
-0.49735
-0.49735
-0.49735
-0.49735
-0.49735
-0.49735
-0.49735
-0.49735
-0.49735
-0.49735
-0.49735
-0.49735
-0.49735
-0.49735
-0.49735
-0.49735
-0.49735
-0.49735
-0.49735
-0.49735
-0.49735
-0.49735
-0.49735
-0.49735
-0.49735
-0.49735
-0.49735
-0.49735
-0.49735
-0.49735
-0.49735
-0.49735
-0.49735
-0.49735
-0.49735
-0.49735
-0.49735
-0.49735
-0.49735
-0.49735
-0.49735
-0.49735
-0.49735
-0.49735
-0.49735
-0.49735
-0.49735
-0.49735
-0.49735
-0.49735
-0.49735
-0.49735
-0.49735
-0.49735
-0.49735
-0.49735
-0.49735
-0.49735
-0.49735
-0.49735
-0.49735
-0.49735
-0.49735
-0.49735
-0.49735
-0.49735
-0.49735
-0.49735
-0.49735
-0.49735
-0.49735
-0.49735
-0.49735
-0.49735
-0.49735
-0.49735
-0.49735
-0.49735
-0.49735
-0.49735
-0.49735
-0.49735
-0.49735
-0.49735
-0.49735
-0.49735
-0.49735
-0.49735
-0.49735
-0.49735
-0.49735
-0.49735
-0.49735
-0.49735
-0.49735
-0.49735
-0.49735
-0.49735
-0.49735
-0.49735
-0.49735
-0.49735
-0.49735
-0.49735
-0.49735
-0.49735
-0.49735
-0.49735
-0.49735
-0.49735
-0.49735
-0.49735
-0.49735
-0.49735
-0.49735
-0.49735
-0.49735
-0.49735
-0.49735
-0.49735
-0.49735
-0.49735
-0.49735
-0.49735
-0.49735
-0.49735
-0.49735
-0.49735
-0.49735
-0.49735
-0.49735
-0.49735
-0.49735
-0.49735
-0.49735
-0.49735
-0.49735
-0.49735
-0.49735
-0.49735
-0.49735
-0.49735
-0.49735
-0.49735
-0.49735
-0.49735
-0.49735
-0.49735
-0.49735
-0.49735
-0.49735
-0.49735
-0.49735
-0.49735
-0.49735
-0.49735
-0.49735
-0.49735
-0.49735
-0.49735
-0.49735
-0.49735
-0.49735
-0.49735
-0.49735
-0.49735
-0.49735
-0.49735
-0.49735
-0.49735
-0.49735
-0.49735
-0.49735
-0.49735
-0.49735
-0.49735
-0.49735
-0.49735
-0.49735
-0.49735
-0.49735
-0.49735
-0.49735
-0.49735
-0.49735
-0.49735
-0.49735
-0.49735
-0.49735
-0.49735
-0.49735
-0.49735
-0.49735
-0.49735
-0.49735
-0.49735
-0.49735
-0.49735
-0.49735
-0.49735
-0.49735
-0.49735
-0.49735
-0.49735
-0.49735
-0.49735
-0.49735
-0.49735
-0.49735
-0.49735
-0.49735
-0.49735
-0.49735
-0.49735
-0.49735
-0.49735
-0.49735
-0.49735
-0.49735
-0.49735
-0.49735
-0.49735
-0.49735
-0.49735
-0.49735
-0.49735
-0.49735
-0.49735
-0.49735
-0.49735
-0.49735
-0.49735
-0.49735
-0.49735
-0.49735
-0.49735
-0.49735
-0.49734
-0.49734
-0.49734
-0.49734
-0.49734
-0.49734
-0.49734
-0.49733
-0.49733
-0.49733
-0.49732
-0.49732
-0.49732
-0.49731
-0.49730
-0.49730
-0.49729
-0.49728
-0.49727
-0.49726
-0.49725
-0.49724
-0.49722
-0.49721
-0.49719
-0.49717
-0.49715
-0.49713
-0.49710
-0.49707
-0.49703
-0.49700
-0.49696
-0.49691
-0.49686
-0.49681
-0.49677
-0.49669
-0.49661
-0.49653
-0.49645
-0.49633
-0.49622
-0.49610
-0.49599
-0.49582
-0.49565
-0.49548
-0.49531
-0.49505
-0.49480
-0.49454
-0.49429
-0.49391
-0.49353
-0.49315
-0.49277
-0.49221
-0.49165
-0.49108
-0.49052
-0.48968
-0.48884
-0.48801
-0.48717
-0.48593
-0.48470
-0.48347
-0.48224
-0.49915
-0.49915
-0.49915
-0.49915
-0.49915
-0.49915
-0.49915
-0.49915
-0.49915
-0.49915
-0.49915
-0.49915
-0.49915
-0.49915
-0.49915
-0.49915
-0.49915
-0.49915
-0.49915
-0.49915
-0.49915
-0.49915
-0.49915
-0.49915
-0.49915
-0.49915
-0.49915
-0.49915
-0.49915
-0.49915
-0.49915
-0.49915
-0.49915
-0.49915
-0.49915
-0.49915
-0.49915
-0.49915
-0.49915
-0.49915
-0.49915
-0.49915
-0.49915
-0.49915
-0.49915
-0.49915
-0.49915
-0.49915
-0.49915
-0.49915
-0.49915
-0.49915
-0.49915
-0.49915
-0.49915
-0.49915
-0.49915
-0.49915
-0.49915
-0.49915
-0.49915
-0.49915
-0.49915
-0.49915
-0.49915
-0.49915
-0.49915
-0.49915
-0.49915
-0.49915
-0.49915
-0.49915
-0.49915
-0.49915
-0.49915
-0.49915
-0.49915
-0.49915
-0.49915
-0.49915
-0.49915
-0.49915
-0.49915
-0.49915
-0.49915
-0.49915
-0.49915
-0.49915
-0.49915
-0.49915
-0.49915
-0.49915
-0.49915
-0.49915
-0.49915
-0.49915
-0.49915
-0.49915
-0.49915
-0.49915
-0.49915
-0.49915
-0.49915
-0.49915
-0.49915
-0.49915
-0.49915
-0.49915
-0.49915
-0.49915
-0.49915
-0.49915
-0.49915
-0.49915
-0.49915
-0.49915
-0.49915
-0.49915
-0.49915
-0.49915
-0.49915
-0.49915
-0.49915
-0.49915
-0.49915
-0.49915
-0.49915
-0.49915
-0.49915
-0.49915
-0.49915
-0.49915
-0.49915
-0.49915
-0.49915
-0.49915
-0.49915
-0.49915
-0.49915
-0.49915
-0.49915
-0.49915
-0.49915
-0.49915
-0.49915
-0.49915
-0.49915
-0.49915
-0.49915
-0.49915
-0.49915
-0.49915
-0.49915
-0.49915
-0.49915
-0.49915
-0.49915
-0.49915
-0.49915
-0.49915
-0.49915
-0.49915
-0.49915
-0.49915
-0.49915
-0.49915
-0.49915
-0.49915
-0.49915
-0.49915
-0.49915
-0.49915
-0.49915
-0.49915
-0.49915
-0.49915
-0.49915
-0.49915
-0.49915
-0.49915
-0.49915
-0.49915
-0.49915
-0.49915
-0.49915
-0.49915
-0.49915
-0.49915
-0.49915
-0.49915
-0.49915
-0.49915
-0.49915
-0.49915
-0.49915
-0.49915
-0.49915
-0.49915
-0.49915
-0.49915
-0.49915
-0.49915
-0.49915
-0.49915
-0.49915
-0.49915
-0.49915
-0.49915
-0.49915
-0.49915
-0.49915
-0.49915
-0.49915
-0.49915
-0.49915
-0.49915
-0.49915
-0.49915
-0.49915
-0.49915
-0.49915
-0.49915
-0.49915
-0.49915
-0.49915
-0.49915
-0.49915
-0.49915
-0.49915
-0.49915
-0.49915
-0.49915
-0.49915
-0.49915
-0.49915
-0.49915
-0.49915
-0.49915
-0.49915
-0.49915
-0.49915
-0.49915
-0.49915
-0.49915
-0.49915
-0.49915
-0.49915
-0.49915
-0.49915
-0.49915
-0.49915
-0.49915
-0.49915
-0.49915
-0.49915
-0.49915
-0.49915
-0.49915
-0.49915
-0.49915
-0.49915
-0.49915
-0.49915
-0.49915
-0.49915
-0.49915
-0.49915
-0.49915
-0.49915
-0.49915
-0.49915
-0.49915
-0.49915
-0.49915
-0.49915
-0.49915
-0.49915
-0.49915
-0.49915
-0.49915
-0.49915
-0.49915
-0.49915
-0.49915
-0.49915
-0.49915
-0.49915
-0.49915
-0.49915
-0.49915
-0.49915
-0.49915
-0.49915
-0.49915
-0.49915
-0.49915
-0.49915
-0.49915
-0.49915
-0.49915
-0.49915
-0.49915
-0.49915
-0.49915
-0.49915
-0.49915
-0.49915
-0.49915
-0.49915
-0.49915
-0.49915
-0.49915
-0.49915
-0.49915
-0.49915
-0.49915
-0.49915
-0.49915
-0.49915
-0.49915
-0.49915
-0.49915
-0.49915
-0.49915
-0.49915
-0.49915
-0.49915
-0.49915
-0.49915
-0.49915
-0.49915
-0.49915
-0.49915
-0.49915
-0.49915
-0.49915
-0.49915
-0.49915
-0.49915
-0.49915
-0.49915
-0.49915
-0.49914
-0.49914
-0.49914
-0.49914
-0.49914
-0.49914
-0.49914
-0.49914
-0.49914
-0.49914
-0.49914
-0.49914
-0.49914
-0.49914
-0.49913
-0.49913
-0.49913
-0.49913
-0.49913
-0.49913
-0.49912
-0.49912
-0.49912
-0.49911
-0.49911
-0.49910
-0.49910
-0.49909
-0.49908
-0.49908
-0.49907
-0.49906
-0.49905
-0.49903
-0.49902
-0.49901
-0.49899
-0.49897
-0.49896
-0.49893
-0.49890
-0.49888
-0.49885
-0.49881
-0.49877
-0.49873
-0.49870
-0.49863
-0.49857
-0.49851
-0.49845
-0.49836
-0.49828
-0.49819
-0.49810
-0.49797
-0.49783
-0.49770
-0.49756
-0.49737
-0.49717
-0.49697
-0.49677
-0.49647
-0.49617
-0.49587
-0.49558
-0.49514
-0.49470
-0.49425
-0.49381
-0.49315
-0.49249
-0.49183
-0.49117
-0.49019
-0.48922
-0.48824
-0.48726
-0.50094
-0.50094
-0.50094
-0.50094
-0.50094
-0.50094
-0.50094
-0.50094
-0.50094
-0.50094
-0.50094
-0.50094
-0.50094
-0.50094
-0.50094
-0.50094
-0.50094
-0.50094
-0.50094
-0.50094
-0.50094
-0.50094
-0.50094
-0.50094
-0.50094
-0.50094
-0.50094
-0.50094
-0.50094
-0.50094
-0.50094
-0.50094
-0.50094
-0.50094
-0.50094
-0.50094
-0.50094
-0.50094
-0.50094
-0.50094
-0.50094
-0.50094
-0.50094
-0.50094
-0.50094
-0.50094
-0.50094
-0.50094
-0.50094
-0.50094
-0.50094
-0.50094
-0.50094
-0.50094
-0.50094
-0.50094
-0.50094
-0.50094
-0.50094
-0.50094
-0.50094
-0.50094
-0.50094
-0.50094
-0.50094
-0.50094
-0.50094
-0.50094
-0.50094
-0.50094
-0.50094
-0.50094
-0.50094
-0.50094
-0.50094
-0.50094
-0.50094
-0.50094
-0.50094
-0.50094
-0.50094
-0.50094
-0.50094
-0.50094
-0.50094
-0.50094
-0.50094
-0.50094
-0.50094
-0.50094
-0.50094
-0.50094
-0.50094
-0.50094
-0.50094
-0.50094
-0.50094
-0.50094
-0.50094
-0.50094
-0.50094
-0.50094
-0.50094
-0.50094
-0.50094
-0.50094
-0.50094
-0.50094
-0.50094
-0.50094
-0.50094
-0.50094
-0.50094
-0.50094
-0.50094
-0.50094
-0.50094
-0.50094
-0.50094
-0.50094
-0.50094
-0.50094
-0.50094
-0.50094
-0.50094
-0.50094
-0.50094
-0.50094
-0.50094
-0.50094
-0.50094
-0.50094
-0.50094
-0.50094
-0.50094
-0.50094
-0.50094
-0.50094
-0.50094
-0.50094
-0.50094
-0.50094
-0.50094
-0.50094
-0.50094
-0.50094
-0.50094
-0.50094
-0.50094
-0.50094
-0.50094
-0.50094
-0.50094
-0.50094
-0.50094
-0.50094
-0.50094
-0.50094
-0.50094
-0.50094
-0.50094
-0.50094
-0.50094
-0.50094
-0.50094
-0.50094
-0.50094
-0.50094
-0.50094
-0.50094
-0.50094
-0.50094
-0.50094
-0.50094
-0.50094
-0.50094
-0.50094
-0.50094
-0.50094
-0.50094
-0.50094
-0.50094
-0.50094
-0.50094
-0.50094
-0.50094
-0.50094
-0.50094
-0.50094
-0.50094
-0.50094
-0.50094
-0.50094
-0.50094
-0.50094
-0.50094
-0.50094
-0.50094
-0.50094
-0.50094
-0.50094
-0.50094
-0.50094
-0.50094
-0.50094
-0.50094
-0.50094
-0.50094
-0.50094
-0.50094
-0.50094
-0.50094
-0.50094
-0.50094
-0.50094
-0.50094
-0.50094
-0.50094
-0.50094
-0.50094
-0.50094
-0.50094
-0.50094
-0.50094
-0.50094
-0.50094
-0.50094
-0.50094
-0.50094
-0.50094
-0.50094
-0.50094
-0.50094
-0.50094
-0.50094
-0.50094
-0.50094
-0.50094
-0.50094
-0.50094
-0.50094
-0.50094
-0.50094
-0.50094
-0.50094
-0.50094
-0.50094
-0.50094
-0.50094
-0.50094
-0.50094
-0.50094
-0.50094
-0.50094
-0.50094
-0.50094
-0.50094
-0.50094
-0.50094
-0.50094
-0.50094
-0.50094
-0.50094
-0.50094
-0.50094
-0.50094
-0.50094
-0.50094
-0.50094
-0.50094
-0.50094
-0.50094
-0.50094
-0.50094
-0.50094
-0.50094
-0.50094
-0.50094
-0.50094
-0.50094
-0.50094
-0.50094
-0.50094
-0.50094
-0.50094
-0.50094
-0.50094
-0.50094
-0.50094
-0.50094
-0.50094
-0.50094
-0.50094
-0.50094
-0.50094
-0.50094
-0.50094
-0.50094
-0.50094
-0.50094
-0.50094
-0.50094
-0.50094
-0.50094
-0.50094
-0.50094
-0.50094
-0.50094
-0.50094
-0.50094
-0.50094
-0.50094
-0.50094
-0.50094
-0.50094
-0.50094
-0.50094
-0.50094
-0.50094
-0.50094
-0.50094
-0.50094
-0.50094
-0.50094
-0.50094
-0.50094
-0.50094
-0.50094
-0.50094
-0.50094
-0.50094
-0.50094
-0.50094
-0.50094
-0.50094
-0.50094
-0.50094
-0.50094
-0.50094
-0.50094
-0.50094
-0.50094
-0.50094
-0.50094
-0.50093
-0.50093
-0.50093
-0.50093
-0.50093
-0.50093
-0.50093
-0.50093
-0.50093
-0.50093
-0.50093
-0.50093
-0.50093
-0.50092
-0.50092
-0.50092
-0.50092
-0.50092
-0.50092
-0.50092
-0.50092
-0.50092
-0.50091
-0.50091
-0.50091
-0.50090
-0.50089
-0.50089
-0.50088
-0.50087
-0.50086
-0.50085
-0.50085
-0.50083
-0.50082
-0.50081
-0.50080
-0.50078
-0.50076
-0.50074
-0.50072
-0.50069
-0.50066
-0.50063
-0.50060
-0.50055
-0.50051
-0.50046
-0.50042
-0.50034
-0.50027
-0.50020
-0.50013
-0.50003
-0.49993
-0.49982
-0.49972
-0.49956
-0.49941
-0.49925
-0.49909
-0.49886
-0.49863
-0.49839
-0.49816
-0.49781
-0.49747
-0.49712
-0.49677
-0.49625
-0.49573
-0.49521
-0.49469
-0.49392
-0.49314
-0.49237
-0.49160
-0.50273
-0.50273
-0.50273
-0.50273
-0.50273
-0.50273
-0.50273
-0.50273
-0.50273
-0.50273
-0.50273
-0.50273
-0.50273
-0.50273
-0.50273
-0.50273
-0.50273
-0.50273
-0.50273
-0.50273
-0.50273
-0.50273
-0.50273
-0.50273
-0.50273
-0.50273
-0.50273
-0.50273
-0.50273
-0.50273
-0.50273
-0.50273
-0.50273
-0.50273
-0.50273
-0.50273
-0.50273
-0.50273
-0.50273
-0.50273
-0.50273
-0.50273
-0.50273
-0.50273
-0.50273
-0.50273
-0.50273
-0.50273
-0.50273
-0.50273
-0.50273
-0.50273
-0.50273
-0.50273
-0.50273
-0.50273
-0.50273
-0.50273
-0.50273
-0.50273
-0.50273
-0.50273
-0.50273
-0.50273
-0.50273
-0.50273
-0.50273
-0.50273
-0.50273
-0.50273
-0.50273
-0.50273
-0.50273
-0.50273
-0.50273
-0.50273
-0.50273
-0.50273
-0.50273
-0.50273
-0.50273
-0.50273
-0.50273
-0.50273
-0.50273
-0.50273
-0.50273
-0.50273
-0.50273
-0.50273
-0.50273
-0.50273
-0.50273
-0.50273
-0.50273
-0.50273
-0.50273
-0.50273
-0.50273
-0.50273
-0.50273
-0.50273
-0.50273
-0.50273
-0.50273
-0.50273
-0.50273
-0.50273
-0.50273
-0.50273
-0.50273
-0.50273
-0.50273
-0.50273
-0.50273
-0.50273
-0.50273
-0.50273
-0.50273
-0.50273
-0.50273
-0.50273
-0.50273
-0.50273
-0.50273
-0.50273
-0.50273
-0.50273
-0.50273
-0.50273
-0.50273
-0.50273
-0.50273
-0.50273
-0.50273
-0.50273
-0.50273
-0.50273
-0.50273
-0.50273
-0.50273
-0.50273
-0.50273
-0.50273
-0.50273
-0.50273
-0.50273
-0.50273
-0.50273
-0.50273
-0.50273
-0.50273
-0.50273
-0.50273
-0.50273
-0.50273
-0.50273
-0.50273
-0.50273
-0.50273
-0.50273
-0.50273
-0.50273
-0.50273
-0.50273
-0.50273
-0.50273
-0.50273
-0.50273
-0.50273
-0.50273
-0.50273
-0.50273
-0.50273
-0.50273
-0.50273
-0.50273
-0.50273
-0.50273
-0.50273
-0.50273
-0.50273
-0.50273
-0.50273
-0.50273
-0.50273
-0.50273
-0.50273
-0.50273
-0.50273
-0.50273
-0.50273
-0.50273
-0.50273
-0.50273
-0.50273
-0.50273
-0.50273
-0.50273
-0.50273
-0.50273
-0.50273
-0.50273
-0.50273
-0.50273
-0.50273
-0.50273
-0.50273
-0.50273
-0.50273
-0.50273
-0.50273
-0.50273
-0.50273
-0.50273
-0.50273
-0.50273
-0.50273
-0.50273
-0.50273
-0.50273
-0.50273
-0.50273
-0.50273
-0.50273
-0.50273
-0.50273
-0.50273
-0.50273
-0.50273
-0.50273
-0.50273
-0.50273
-0.50273
-0.50273
-0.50273
-0.50273
-0.50273
-0.50273
-0.50273
-0.50273
-0.50273
-0.50273
-0.50273
-0.50273
-0.50273
-0.50273
-0.50273
-0.50273
-0.50273
-0.50273
-0.50273
-0.50273
-0.50273
-0.50273
-0.50273
-0.50273
-0.50273
-0.50273
-0.50273
-0.50273
-0.50273
-0.50273
-0.50273
-0.50273
-0.50273
-0.50273
-0.50273
-0.50273
-0.50273
-0.50273
-0.50273
-0.50273
-0.50273
-0.50273
-0.50273
-0.50273
-0.50273
-0.50273
-0.50273
-0.50273
-0.50273
-0.50273
-0.50273
-0.50273
-0.50273
-0.50273
-0.50273
-0.50273
-0.50273
-0.50273
-0.50273
-0.50273
-0.50273
-0.50273
-0.50273
-0.50273
-0.50273
-0.50273
-0.50273
-0.50273
-0.50273
-0.50273
-0.50273
-0.50273
-0.50273
-0.50273
-0.50273
-0.50273
-0.50273
-0.50273
-0.50273
-0.50273
-0.50273
-0.50273
-0.50273
-0.50273
-0.50273
-0.50273
-0.50273
-0.50273
-0.50273
-0.50273
-0.50273
-0.50273
-0.50273
-0.50273
-0.50273
-0.50273
-0.50273
-0.50273
-0.50273
-0.50273
-0.50273
-0.50273
-0.50273
-0.50273
-0.50273
-0.50273
-0.50273
-0.50273
-0.50273
-0.50273
-0.50273
-0.50273
-0.50273
-0.50273
-0.50273
-0.50273
-0.50273
-0.50273
-0.50273
-0.50273
-0.50273
-0.50273
-0.50273
-0.50273
-0.50273
-0.50272
-0.50272
-0.50272
-0.50272
-0.50272
-0.50272
-0.50272
-0.50271
-0.50271
-0.50271
-0.50270
-0.50270
-0.50270
-0.50269
-0.50269
-0.50268
-0.50267
-0.50267
-0.50266
-0.50265
-0.50264
-0.50264
-0.50263
-0.50261
-0.50260
-0.50259
-0.50257
-0.50255
-0.50252
-0.50250
-0.50247
-0.50244
-0.50240
-0.50236
-0.50233
-0.50227
-0.50222
-0.50216
-0.50211
-0.50203
-0.50195
-0.50187
-0.50179
-0.50167
-0.50155
-0.50143
-0.50130
-0.50112
-0.50094
-0.50075
-0.50057
-0.50030
-0.50003
-0.49975
-0.49948
-0.49907
-0.49866
-0.49825
-0.49784
-0.49723
-0.49662
-0.49601
-0.49540
-0.50453
-0.50453
-0.50453
-0.50453
-0.50453
-0.50453
-0.50453
-0.50453
-0.50453
-0.50453
-0.50453
-0.50453
-0.50453
-0.50453
-0.50453
-0.50453
-0.50453
-0.50453
-0.50453
-0.50453
-0.50453
-0.50453
-0.50453
-0.50453
-0.50453
-0.50453
-0.50453
-0.50453
-0.50453
-0.50453
-0.50453
-0.50453
-0.50453
-0.50453
-0.50453
-0.50453
-0.50453
-0.50453
-0.50453
-0.50453
-0.50453
-0.50453
-0.50453
-0.50453
-0.50453
-0.50453
-0.50453
-0.50453
-0.50453
-0.50453
-0.50453
-0.50453
-0.50453
-0.50453
-0.50453
-0.50453
-0.50453
-0.50453
-0.50453
-0.50453
-0.50453
-0.50453
-0.50453
-0.50453
-0.50453
-0.50453
-0.50453
-0.50453
-0.50453
-0.50453
-0.50453
-0.50453
-0.50453
-0.50453
-0.50453
-0.50453
-0.50453
-0.50453
-0.50453
-0.50453
-0.50453
-0.50453
-0.50453
-0.50453
-0.50453
-0.50453
-0.50453
-0.50453
-0.50453
-0.50453
-0.50453
-0.50453
-0.50453
-0.50453
-0.50453
-0.50453
-0.50453
-0.50453
-0.50453
-0.50453
-0.50453
-0.50453
-0.50453
-0.50453
-0.50453
-0.50453
-0.50453
-0.50453
-0.50453
-0.50453
-0.50453
-0.50453
-0.50453
-0.50453
-0.50453
-0.50453
-0.50453
-0.50453
-0.50453
-0.50453
-0.50453
-0.50453
-0.50453
-0.50453
-0.50453
-0.50453
-0.50453
-0.50453
-0.50453
-0.50453
-0.50453
-0.50453
-0.50453
-0.50453
-0.50453
-0.50453
-0.50453
-0.50453
-0.50453
-0.50453
-0.50453
-0.50453
-0.50453
-0.50453
-0.50453
-0.50453
-0.50453
-0.50453
-0.50453
-0.50453
-0.50453
-0.50453
-0.50453
-0.50453
-0.50453
-0.50453
-0.50453
-0.50453
-0.50453
-0.50453
-0.50453
-0.50453
-0.50453
-0.50453
-0.50453
-0.50453
-0.50453
-0.50453
-0.50453
-0.50453
-0.50453
-0.50453
-0.50453
-0.50453
-0.50453
-0.50453
-0.50453
-0.50453
-0.50453
-0.50453
-0.50453
-0.50453
-0.50453
-0.50453
-0.50453
-0.50453
-0.50453
-0.50453
-0.50453
-0.50453
-0.50453
-0.50453
-0.50453
-0.50453
-0.50453
-0.50453
-0.50453
-0.50453
-0.50453
-0.50453
-0.50453
-0.50453
-0.50453
-0.50453
-0.50453
-0.50453
-0.50453
-0.50453
-0.50453
-0.50453
-0.50453
-0.50453
-0.50453
-0.50453
-0.50453
-0.50453
-0.50453
-0.50453
-0.50453
-0.50453
-0.50453
-0.50453
-0.50453
-0.50453
-0.50453
-0.50453
-0.50453
-0.50453
-0.50453
-0.50453
-0.50453
-0.50453
-0.50453
-0.50453
-0.50453
-0.50453
-0.50453
-0.50453
-0.50453
-0.50453
-0.50453
-0.50453
-0.50453
-0.50453
-0.50453
-0.50453
-0.50453
-0.50453
-0.50453
-0.50453
-0.50453
-0.50453
-0.50453
-0.50453
-0.50453
-0.50453
-0.50453
-0.50453
-0.50453
-0.50453
-0.50453
-0.50453
-0.50453
-0.50453
-0.50453
-0.50453
-0.50453
-0.50453
-0.50453
-0.50453
-0.50453
-0.50453
-0.50453
-0.50453
-0.50453
-0.50453
-0.50453
-0.50453
-0.50453
-0.50453
-0.50453
-0.50453
-0.50453
-0.50453
-0.50453
-0.50453
-0.50453
-0.50453
-0.50453
-0.50453
-0.50453
-0.50453
-0.50453
-0.50453
-0.50453
-0.50453
-0.50453
-0.50453
-0.50453
-0.50453
-0.50453
-0.50453
-0.50453
-0.50453
-0.50453
-0.50453
-0.50453
-0.50453
-0.50453
-0.50453
-0.50453
-0.50453
-0.50453
-0.50453
-0.50453
-0.50453
-0.50453
-0.50453
-0.50453
-0.50453
-0.50453
-0.50453
-0.50453
-0.50453
-0.50453
-0.50453
-0.50453
-0.50453
-0.50453
-0.50453
-0.50453
-0.50453
-0.50453
-0.50453
-0.50453
-0.50453
-0.50453
-0.50453
-0.50453
-0.50453
-0.50453
-0.50453
-0.50453
-0.50453
-0.50453
-0.50453
-0.50453
-0.50453
-0.50453
-0.50453
-0.50453
-0.50453
-0.50453
-0.50453
-0.50453
-0.50453
-0.50453
-0.50453
-0.50452
-0.50452
-0.50452
-0.50452
-0.50452
-0.50452
-0.50452
-0.50451
-0.50451
-0.50451
-0.50451
-0.50451
-0.50450
-0.50450
-0.50450
-0.50449
-0.50449
-0.50448
-0.50448
-0.50447
-0.50446
-0.50445
-0.50445
-0.50444
-0.50442
-0.50441
-0.50440
-0.50438
-0.50436
-0.50434
-0.50433
-0.50430
-0.50427
-0.50424
-0.50421
-0.50417
-0.50413
-0.50408
-0.50404
-0.50398
-0.50392
-0.50385
-0.50379
-0.50369
-0.50359
-0.50350
-0.50340
-0.50325
-0.50311
-0.50296
-0.50281
-0.50260
-0.50238
-0.50216
-0.50194
-0.50162
-0.50129
-0.50096
-0.50064
-0.50015
-0.49966
-0.49917
-0.49867
-0.50633
-0.50633
-0.50633
-0.50633
-0.50633
-0.50633
-0.50633
-0.50633
-0.50633
-0.50633
-0.50633
-0.50633
-0.50633
-0.50633
-0.50633
-0.50633
-0.50633
-0.50633
-0.50633
-0.50633
-0.50633
-0.50633
-0.50633
-0.50633
-0.50633
-0.50633
-0.50633
-0.50633
-0.50633
-0.50633
-0.50633
-0.50633
-0.50633
-0.50633
-0.50633
-0.50633
-0.50633
-0.50633
-0.50633
-0.50633
-0.50633
-0.50633
-0.50633
-0.50633
-0.50633
-0.50633
-0.50633
-0.50633
-0.50633
-0.50633
-0.50633
-0.50633
-0.50633
-0.50633
-0.50633
-0.50633
-0.50633
-0.50633
-0.50633
-0.50633
-0.50633
-0.50633
-0.50633
-0.50633
-0.50633
-0.50633
-0.50633
-0.50633
-0.50633
-0.50633
-0.50633
-0.50633
-0.50633
-0.50633
-0.50633
-0.50633
-0.50633
-0.50633
-0.50633
-0.50633
-0.50633
-0.50633
-0.50633
-0.50633
-0.50633
-0.50633
-0.50633
-0.50633
-0.50633
-0.50633
-0.50633
-0.50633
-0.50633
-0.50633
-0.50633
-0.50633
-0.50633
-0.50633
-0.50633
-0.50633
-0.50633
-0.50633
-0.50633
-0.50633
-0.50633
-0.50633
-0.50633
-0.50633
-0.50633
-0.50633
-0.50633
-0.50633
-0.50633
-0.50633
-0.50633
-0.50633
-0.50633
-0.50633
-0.50633
-0.50633
-0.50633
-0.50633
-0.50633
-0.50633
-0.50633
-0.50633
-0.50633
-0.50633
-0.50633
-0.50633
-0.50633
-0.50633
-0.50633
-0.50633
-0.50633
-0.50633
-0.50633
-0.50633
-0.50633
-0.50633
-0.50633
-0.50633
-0.50633
-0.50633
-0.50633
-0.50633
-0.50633
-0.50633
-0.50633
-0.50633
-0.50633
-0.50633
-0.50633
-0.50633
-0.50633
-0.50633
-0.50633
-0.50633
-0.50633
-0.50633
-0.50633
-0.50633
-0.50633
-0.50633
-0.50633
-0.50633
-0.50633
-0.50633
-0.50633
-0.50633
-0.50633
-0.50633
-0.50633
-0.50633
-0.50633
-0.50633
-0.50633
-0.50633
-0.50633
-0.50633
-0.50633
-0.50633
-0.50633
-0.50633
-0.50633
-0.50633
-0.50633
-0.50633
-0.50633
-0.50633
-0.50633
-0.50633
-0.50633
-0.50633
-0.50633
-0.50633
-0.50633
-0.50633
-0.50633
-0.50633
-0.50633
-0.50633
-0.50633
-0.50633
-0.50633
-0.50633
-0.50633
-0.50633
-0.50633
-0.50633
-0.50633
-0.50633
-0.50633
-0.50633
-0.50633
-0.50633
-0.50633
-0.50633
-0.50633
-0.50633
-0.50633
-0.50633
-0.50633
-0.50633
-0.50633
-0.50633
-0.50633
-0.50633
-0.50633
-0.50633
-0.50633
-0.50633
-0.50633
-0.50633
-0.50633
-0.50633
-0.50633
-0.50633
-0.50633
-0.50633
-0.50633
-0.50633
-0.50633
-0.50633
-0.50633
-0.50633
-0.50633
-0.50633
-0.50633
-0.50633
-0.50633
-0.50633
-0.50633
-0.50633
-0.50633
-0.50633
-0.50633
-0.50633
-0.50633
-0.50633
-0.50633
-0.50633
-0.50633
-0.50633
-0.50633
-0.50633
-0.50633
-0.50633
-0.50633
-0.50633
-0.50633
-0.50633
-0.50633
-0.50633
-0.50633
-0.50633
-0.50633
-0.50633
-0.50633
-0.50633
-0.50633
-0.50633
-0.50633
-0.50633
-0.50633
-0.50633
-0.50633
-0.50633
-0.50633
-0.50633
-0.50633
-0.50633
-0.50633
-0.50633
-0.50633
-0.50633
-0.50633
-0.50633
-0.50633
-0.50633
-0.50633
-0.50633
-0.50633
-0.50633
-0.50633
-0.50633
-0.50633
-0.50633
-0.50633
-0.50633
-0.50633
-0.50633
-0.50633
-0.50633
-0.50633
-0.50633
-0.50633
-0.50633
-0.50633
-0.50633
-0.50633
-0.50633
-0.50633
-0.50633
-0.50633
-0.50633
-0.50633
-0.50633
-0.50633
-0.50633
-0.50633
-0.50633
-0.50633
-0.50633
-0.50633
-0.50633
-0.50633
-0.50633
-0.50633
-0.50633
-0.50633
-0.50633
-0.50633
-0.50633
-0.50633
-0.50633
-0.50633
-0.50633
-0.50633
-0.50633
-0.50633
-0.50633
-0.50633
-0.50633
-0.50633
-0.50633
-0.50633
-0.50632
-0.50632
-0.50632
-0.50632
-0.50632
-0.50632
-0.50632
-0.50632
-0.50632
-0.50632
-0.50632
-0.50632
-0.50631
-0.50631
-0.50630
-0.50630
-0.50630
-0.50630
-0.50629
-0.50629
-0.50628
-0.50628
-0.50627
-0.50626
-0.50625
-0.50624
-0.50623
-0.50622
-0.50621
-0.50620
-0.50618
-0.50617
-0.50615
-0.50613
-0.50610
-0.50608
-0.50605
-0.50601
-0.50598
-0.50595
-0.50590
-0.50585
-0.50580
-0.50575
-0.50567
-0.50560
-0.50552
-0.50544
-0.50533
-0.50521
-0.50510
-0.50498
-0.50481
-0.50463
-0.50446
-0.50429
-0.50403
-0.50377
-0.50352
-0.50326
-0.50287
-0.50248
-0.50209
-0.50170
-0.50812
-0.50812
-0.50812
-0.50812
-0.50812
-0.50812
-0.50812
-0.50812
-0.50812
-0.50812
-0.50812
-0.50812
-0.50812
-0.50812
-0.50812
-0.50812
-0.50812
-0.50812
-0.50812
-0.50812
-0.50812
-0.50812
-0.50812
-0.50812
-0.50812
-0.50812
-0.50812
-0.50812
-0.50812
-0.50812
-0.50812
-0.50812
-0.50812
-0.50812
-0.50812
-0.50812
-0.50812
-0.50812
-0.50812
-0.50812
-0.50812
-0.50812
-0.50812
-0.50812
-0.50812
-0.50812
-0.50812
-0.50812
-0.50812
-0.50812
-0.50812
-0.50812
-0.50812
-0.50812
-0.50812
-0.50812
-0.50812
-0.50812
-0.50812
-0.50812
-0.50812
-0.50812
-0.50812
-0.50812
-0.50812
-0.50812
-0.50812
-0.50812
-0.50812
-0.50812
-0.50812
-0.50812
-0.50812
-0.50812
-0.50812
-0.50812
-0.50812
-0.50812
-0.50812
-0.50812
-0.50812
-0.50812
-0.50812
-0.50812
-0.50812
-0.50812
-0.50812
-0.50812
-0.50812
-0.50812
-0.50812
-0.50812
-0.50812
-0.50812
-0.50812
-0.50812
-0.50812
-0.50812
-0.50812
-0.50812
-0.50812
-0.50812
-0.50812
-0.50812
-0.50812
-0.50812
-0.50812
-0.50812
-0.50812
-0.50812
-0.50812
-0.50812
-0.50812
-0.50812
-0.50812
-0.50812
-0.50812
-0.50812
-0.50812
-0.50812
-0.50812
-0.50812
-0.50812
-0.50812
-0.50812
-0.50812
-0.50812
-0.50812
-0.50812
-0.50812
-0.50812
-0.50812
-0.50812
-0.50812
-0.50812
-0.50812
-0.50812
-0.50812
-0.50812
-0.50812
-0.50812
-0.50812
-0.50812
-0.50812
-0.50812
-0.50812
-0.50812
-0.50812
-0.50812
-0.50812
-0.50812
-0.50812
-0.50812
-0.50812
-0.50812
-0.50812
-0.50812
-0.50812
-0.50812
-0.50812
-0.50812
-0.50812
-0.50812
-0.50812
-0.50812
-0.50812
-0.50812
-0.50812
-0.50812
-0.50812
-0.50812
-0.50812
-0.50812
-0.50812
-0.50812
-0.50812
-0.50812
-0.50812
-0.50812
-0.50812
-0.50812
-0.50812
-0.50812
-0.50812
-0.50812
-0.50812
-0.50812
-0.50812
-0.50812
-0.50812
-0.50812
-0.50812
-0.50812
-0.50812
-0.50812
-0.50812
-0.50812
-0.50812
-0.50812
-0.50812
-0.50812
-0.50812
-0.50812
-0.50812
-0.50812
-0.50812
-0.50812
-0.50812
-0.50812
-0.50812
-0.50812
-0.50812
-0.50812
-0.50812
-0.50812
-0.50812
-0.50812
-0.50812
-0.50812
-0.50812
-0.50812
-0.50812
-0.50812
-0.50812
-0.50812
-0.50812
-0.50812
-0.50812
-0.50812
-0.50812
-0.50812
-0.50812
-0.50812
-0.50812
-0.50812
-0.50812
-0.50812
-0.50812
-0.50812
-0.50812
-0.50812
-0.50812
-0.50812
-0.50812
-0.50812
-0.50812
-0.50812
-0.50812
-0.50812
-0.50812
-0.50812
-0.50812
-0.50812
-0.50812
-0.50812
-0.50812
-0.50812
-0.50812
-0.50812
-0.50812
-0.50812
-0.50812
-0.50812
-0.50812
-0.50812
-0.50812
-0.50812
-0.50812
-0.50812
-0.50812
-0.50812
-0.50812
-0.50812
-0.50812
-0.50812
-0.50812
-0.50812
-0.50812
-0.50812
-0.50812
-0.50812
-0.50812
-0.50812
-0.50812
-0.50812
-0.50812
-0.50812
-0.50812
-0.50812
-0.50812
-0.50812
-0.50812
-0.50812
-0.50812
-0.50812
-0.50812
-0.50812
-0.50812
-0.50812
-0.50812
-0.50812
-0.50812
-0.50812
-0.50812
-0.50812
-0.50812
-0.50812
-0.50812
-0.50812
-0.50812
-0.50812
-0.50812
-0.50812
-0.50812
-0.50812
-0.50812
-0.50812
-0.50812
-0.50812
-0.50812
-0.50812
-0.50812
-0.50812
-0.50812
-0.50812
-0.50812
-0.50812
-0.50812
-0.50812
-0.50812
-0.50812
-0.50812
-0.50812
-0.50812
-0.50812
-0.50812
-0.50812
-0.50812
-0.50812
-0.50812
-0.50812
-0.50812
-0.50812
-0.50812
-0.50812
-0.50812
-0.50812
-0.50812
-0.50812
-0.50812
-0.50812
-0.50812
-0.50812
-0.50812
-0.50812
-0.50812
-0.50812
-0.50812
-0.50812
-0.50812
-0.50812
-0.50812
-0.50812
-0.50812
-0.50812
-0.50812
-0.50812
-0.50812
-0.50812
-0.50811
-0.50811
-0.50811
-0.50810
-0.50810
-0.50810
-0.50810
-0.50810
-0.50809
-0.50809
-0.50808
-0.50808
-0.50807
-0.50806
-0.50805
-0.50805
-0.50804
-0.50802
-0.50801
-0.50800
-0.50798
-0.50796
-0.50795
-0.50793
-0.50790
-0.50788
-0.50785
-0.50782
-0.50778
-0.50774
-0.50770
-0.50766
-0.50760
-0.50754
-0.50747
-0.50741
-0.50732
-0.50722
-0.50713
-0.50703
-0.50689
-0.50675
-0.50661
-0.50647
-0.50626
-0.50605
-0.50584
-0.50563
-0.50531
-0.50499
-0.50467
-0.50435
-0.50992
-0.50992
-0.50992
-0.50992
-0.50992
-0.50992
-0.50992
-0.50992
-0.50992
-0.50992
-0.50992
-0.50992
-0.50992
-0.50992
-0.50992
-0.50992
-0.50992
-0.50992
-0.50992
-0.50992
-0.50992
-0.50992
-0.50992
-0.50992
-0.50992
-0.50992
-0.50992
-0.50992
-0.50992
-0.50992
-0.50992
-0.50992
-0.50992
-0.50992
-0.50992
-0.50992
-0.50992
-0.50992
-0.50992
-0.50992
-0.50992
-0.50992
-0.50992
-0.50992
-0.50992
-0.50992
-0.50992
-0.50992
-0.50992
-0.50992
-0.50992
-0.50992
-0.50992
-0.50992
-0.50992
-0.50992
-0.50992
-0.50992
-0.50992
-0.50992
-0.50992
-0.50992
-0.50992
-0.50992
-0.50992
-0.50992
-0.50992
-0.50992
-0.50992
-0.50992
-0.50992
-0.50992
-0.50992
-0.50992
-0.50992
-0.50992
-0.50992
-0.50992
-0.50992
-0.50992
-0.50992
-0.50992
-0.50992
-0.50992
-0.50992
-0.50992
-0.50992
-0.50992
-0.50992
-0.50992
-0.50992
-0.50992
-0.50992
-0.50992
-0.50992
-0.50992
-0.50992
-0.50992
-0.50992
-0.50992
-0.50992
-0.50992
-0.50992
-0.50992
-0.50992
-0.50992
-0.50992
-0.50992
-0.50992
-0.50992
-0.50992
-0.50992
-0.50992
-0.50992
-0.50992
-0.50992
-0.50992
-0.50992
-0.50992
-0.50992
-0.50992
-0.50992
-0.50992
-0.50992
-0.50992
-0.50992
-0.50992
-0.50992
-0.50992
-0.50992
-0.50992
-0.50992
-0.50992
-0.50992
-0.50992
-0.50992
-0.50992
-0.50992
-0.50992
-0.50992
-0.50992
-0.50992
-0.50992
-0.50992
-0.50992
-0.50992
-0.50992
-0.50992
-0.50992
-0.50992
-0.50992
-0.50992
-0.50992
-0.50992
-0.50992
-0.50992
-0.50992
-0.50992
-0.50992
-0.50992
-0.50992
-0.50992
-0.50992
-0.50992
-0.50992
-0.50992
-0.50992
-0.50992
-0.50992
-0.50992
-0.50992
-0.50992
-0.50992
-0.50992
-0.50992
-0.50992
-0.50992
-0.50992
-0.50992
-0.50992
-0.50992
-0.50992
-0.50992
-0.50992
-0.50992
-0.50992
-0.50992
-0.50992
-0.50992
-0.50992
-0.50992
-0.50992
-0.50992
-0.50992
-0.50992
-0.50992
-0.50992
-0.50992
-0.50992
-0.50992
-0.50992
-0.50992
-0.50992
-0.50992
-0.50992
-0.50992
-0.50992
-0.50992
-0.50992
-0.50992
-0.50992
-0.50992
-0.50992
-0.50992
-0.50992
-0.50992
-0.50992
-0.50992
-0.50992
-0.50992
-0.50992
-0.50992
-0.50992
-0.50992
-0.50992
-0.50992
-0.50992
-0.50992
-0.50992
-0.50992
-0.50992
-0.50992
-0.50992
-0.50992
-0.50992
-0.50992
-0.50992
-0.50992
-0.50992
-0.50992
-0.50992
-0.50992
-0.50992
-0.50992
-0.50992
-0.50992
-0.50992
-0.50992
-0.50992
-0.50992
-0.50992
-0.50992
-0.50992
-0.50992
-0.50992
-0.50992
-0.50992
-0.50992
-0.50992
-0.50992
-0.50992
-0.50992
-0.50992
-0.50992
-0.50992
-0.50992
-0.50992
-0.50992
-0.50992
-0.50992
-0.50992
-0.50992
-0.50992
-0.50992
-0.50992
-0.50992
-0.50992
-0.50992
-0.50992
-0.50992
-0.50992
-0.50992
-0.50992
-0.50992
-0.50992
-0.50992
-0.50992
-0.50992
-0.50992
-0.50992
-0.50992
-0.50992
-0.50992
-0.50992
-0.50992
-0.50992
-0.50992
-0.50992
-0.50992
-0.50992
-0.50992
-0.50992
-0.50992
-0.50992
-0.50992
-0.50992
-0.50992
-0.50992
-0.50992
-0.50992
-0.50992
-0.50992
-0.50992
-0.50992
-0.50992
-0.50992
-0.50992
-0.50992
-0.50992
-0.50992
-0.50992
-0.50992
-0.50992
-0.50992
-0.50992
-0.50992
-0.50992
-0.50992
-0.50992
-0.50992
-0.50992
-0.50992
-0.50992
-0.50992
-0.50992
-0.50992
-0.50992
-0.50992
-0.50992
-0.50992
-0.50992
-0.50992
-0.50992
-0.50992
-0.50992
-0.50992
-0.50992
-0.50992
-0.50992
-0.50992
-0.50992
-0.50992
-0.50992
-0.50992
-0.50992
-0.50992
-0.50992
-0.50992
-0.50992
-0.50992
-0.50992
-0.50992
-0.50992
-0.50992
-0.50992
-0.50992
-0.50992
-0.50992
-0.50992
-0.50992
-0.50991
-0.50991
-0.50991
-0.50991
-0.50991
-0.50991
-0.50990
-0.50990
-0.50990
-0.50989
-0.50989
-0.50988
-0.50988
-0.50988
-0.50987
-0.50986
-0.50985
-0.50984
-0.50983
-0.50982
-0.50980
-0.50979
-0.50978
-0.50976
-0.50974
-0.50972
-0.50970
-0.50967
-0.50964
-0.50961
-0.50957
-0.50953
-0.50948
-0.50943
-0.50938
-0.50931
-0.50924
-0.50916
-0.50909
-0.50898
-0.50887
-0.50876
-0.50865
-0.50849
-0.50832
-0.50816
-0.50800
-0.50775
-0.50750
-0.50725
-0.50700
-0.51173
-0.51173
-0.51173
-0.51173
-0.51173
-0.51173
-0.51173
-0.51173
-0.51173
-0.51173
-0.51173
-0.51173
-0.51173
-0.51173
-0.51173
-0.51173
-0.51173
-0.51173
-0.51173
-0.51173
-0.51173
-0.51173
-0.51173
-0.51173
-0.51173
-0.51173
-0.51173
-0.51173
-0.51173
-0.51173
-0.51173
-0.51173
-0.51173
-0.51173
-0.51173
-0.51173
-0.51173
-0.51173
-0.51173
-0.51173
-0.51173
-0.51173
-0.51173
-0.51173
-0.51173
-0.51173
-0.51173
-0.51173
-0.51173
-0.51173
-0.51173
-0.51173
-0.51173
-0.51173
-0.51173
-0.51173
-0.51173
-0.51173
-0.51173
-0.51173
-0.51173
-0.51173
-0.51173
-0.51173
-0.51173
-0.51173
-0.51173
-0.51173
-0.51173
-0.51173
-0.51173
-0.51173
-0.51173
-0.51173
-0.51173
-0.51173
-0.51173
-0.51173
-0.51173
-0.51173
-0.51173
-0.51173
-0.51173
-0.51173
-0.51173
-0.51173
-0.51173
-0.51173
-0.51173
-0.51173
-0.51173
-0.51173
-0.51173
-0.51173
-0.51173
-0.51173
-0.51173
-0.51173
-0.51173
-0.51173
-0.51173
-0.51173
-0.51173
-0.51173
-0.51173
-0.51173
-0.51173
-0.51173
-0.51173
-0.51173
-0.51173
-0.51173
-0.51173
-0.51173
-0.51173
-0.51173
-0.51173
-0.51173
-0.51173
-0.51173
-0.51173
-0.51173
-0.51173
-0.51173
-0.51173
-0.51173
-0.51173
-0.51173
-0.51173
-0.51173
-0.51173
-0.51173
-0.51173
-0.51173
-0.51173
-0.51173
-0.51173
-0.51173
-0.51173
-0.51173
-0.51173
-0.51173
-0.51173
-0.51173
-0.51173
-0.51173
-0.51173
-0.51173
-0.51173
-0.51173
-0.51173
-0.51173
-0.51173
-0.51173
-0.51173
-0.51173
-0.51173
-0.51173
-0.51173
-0.51173
-0.51173
-0.51173
-0.51173
-0.51173
-0.51173
-0.51173
-0.51173
-0.51173
-0.51173
-0.51173
-0.51173
-0.51173
-0.51173
-0.51173
-0.51173
-0.51173
-0.51173
-0.51173
-0.51173
-0.51173
-0.51173
-0.51173
-0.51173
-0.51173
-0.51173
-0.51173
-0.51173
-0.51173
-0.51173
-0.51173
-0.51173
-0.51173
-0.51173
-0.51173
-0.51173
-0.51173
-0.51173
-0.51173
-0.51173
-0.51173
-0.51173
-0.51173
-0.51173
-0.51173
-0.51173
-0.51173
-0.51173
-0.51173
-0.51173
-0.51173
-0.51173
-0.51173
-0.51173
-0.51173
-0.51173
-0.51173
-0.51173
-0.51173
-0.51173
-0.51173
-0.51173
-0.51173
-0.51173
-0.51173
-0.51173
-0.51173
-0.51173
-0.51173
-0.51173
-0.51173
-0.51173
-0.51173
-0.51173
-0.51173
-0.51173
-0.51173
-0.51173
-0.51173
-0.51173
-0.51173
-0.51173
-0.51173
-0.51173
-0.51173
-0.51173
-0.51173
-0.51173
-0.51173
-0.51173
-0.51173
-0.51173
-0.51173
-0.51173
-0.51173
-0.51173
-0.51173
-0.51173
-0.51173
-0.51173
-0.51173
-0.51173
-0.51173
-0.51173
-0.51173
-0.51173
-0.51173
-0.51173
-0.51173
-0.51173
-0.51173
-0.51173
-0.51173
-0.51173
-0.51173
-0.51173
-0.51173
-0.51173
-0.51173
-0.51173
-0.51173
-0.51173
-0.51173
-0.51173
-0.51173
-0.51173
-0.51173
-0.51173
-0.51173
-0.51173
-0.51173
-0.51173
-0.51173
-0.51173
-0.51173
-0.51173
-0.51173
-0.51173
-0.51173
-0.51173
-0.51173
-0.51173
-0.51173
-0.51173
-0.51173
-0.51173
-0.51173
-0.51173
-0.51173
-0.51173
-0.51173
-0.51173
-0.51173
-0.51173
-0.51173
-0.51173
-0.51173
-0.51173
-0.51173
-0.51173
-0.51173
-0.51173
-0.51173
-0.51173
-0.51173
-0.51173
-0.51173
-0.51173
-0.51173
-0.51173
-0.51173
-0.51173
-0.51173
-0.51173
-0.51173
-0.51173
-0.51173
-0.51172
-0.51172
-0.51172
-0.51172
-0.51172
-0.51172
-0.51172
-0.51172
-0.51172
-0.51172
-0.51172
-0.51172
-0.51172
-0.51172
-0.51172
-0.51172
-0.51172
-0.51172
-0.51172
-0.51172
-0.51172
-0.51172
-0.51172
-0.51172
-0.51172
-0.51172
-0.51172
-0.51172
-0.51172
-0.51172
-0.51172
-0.51172
-0.51172
-0.51172
-0.51172
-0.51172
-0.51171
-0.51171
-0.51171
-0.51171
-0.51171
-0.51171
-0.51171
-0.51170
-0.51170
-0.51170
-0.51169
-0.51169
-0.51169
-0.51168
-0.51167
-0.51166
-0.51165
-0.51164
-0.51163
-0.51162
-0.51161
-0.51160
-0.51158
-0.51157
-0.51155
-0.51153
-0.51150
-0.51148
-0.51145
-0.51142
-0.51138
-0.51134
-0.51130
-0.51125
-0.51119
-0.51113
-0.51107
-0.51098
-0.51090
-0.51081
-0.51072
-0.51059
-0.51046
-0.51033
-0.51020
-0.51000
-0.50980
-0.50961
-0.50941
-0.51354
-0.51354
-0.51354
-0.51354
-0.51354
-0.51354
-0.51354
-0.51354
-0.51354
-0.51354
-0.51354
-0.51354
-0.51354
-0.51354
-0.51354
-0.51354
-0.51354
-0.51354
-0.51354
-0.51354
-0.51354
-0.51354
-0.51354
-0.51354
-0.51354
-0.51354
-0.51354
-0.51354
-0.51354
-0.51354
-0.51354
-0.51354
-0.51354
-0.51354
-0.51354
-0.51354
-0.51354
-0.51354
-0.51354
-0.51354
-0.51354
-0.51354
-0.51354
-0.51354
-0.51354
-0.51354
-0.51354
-0.51354
-0.51354
-0.51354
-0.51354
-0.51354
-0.51354
-0.51354
-0.51354
-0.51354
-0.51354
-0.51354
-0.51354
-0.51354
-0.51354
-0.51354
-0.51354
-0.51354
-0.51354
-0.51354
-0.51354
-0.51354
-0.51354
-0.51354
-0.51354
-0.51354
-0.51354
-0.51354
-0.51354
-0.51354
-0.51354
-0.51354
-0.51354
-0.51354
-0.51354
-0.51354
-0.51354
-0.51354
-0.51354
-0.51354
-0.51354
-0.51354
-0.51354
-0.51354
-0.51354
-0.51354
-0.51354
-0.51354
-0.51354
-0.51354
-0.51354
-0.51354
-0.51354
-0.51354
-0.51354
-0.51354
-0.51354
-0.51354
-0.51354
-0.51354
-0.51354
-0.51354
-0.51354
-0.51354
-0.51354
-0.51354
-0.51354
-0.51354
-0.51354
-0.51354
-0.51354
-0.51354
-0.51354
-0.51354
-0.51354
-0.51354
-0.51354
-0.51354
-0.51354
-0.51354
-0.51354
-0.51354
-0.51354
-0.51354
-0.51354
-0.51354
-0.51354
-0.51354
-0.51354
-0.51354
-0.51354
-0.51354
-0.51354
-0.51354
-0.51354
-0.51354
-0.51354
-0.51354
-0.51354
-0.51354
-0.51354
-0.51354
-0.51354
-0.51354
-0.51354
-0.51354
-0.51354
-0.51354
-0.51354
-0.51354
-0.51354
-0.51354
-0.51354
-0.51354
-0.51354
-0.51354
-0.51354
-0.51354
-0.51354
-0.51354
-0.51354
-0.51354
-0.51354
-0.51354
-0.51354
-0.51354
-0.51354
-0.51354
-0.51354
-0.51354
-0.51354
-0.51354
-0.51354
-0.51354
-0.51354
-0.51354
-0.51354
-0.51354
-0.51354
-0.51354
-0.51354
-0.51354
-0.51354
-0.51354
-0.51354
-0.51354
-0.51354
-0.51354
-0.51354
-0.51354
-0.51354
-0.51354
-0.51354
-0.51354
-0.51354
-0.51354
-0.51354
-0.51354
-0.51354
-0.51354
-0.51354
-0.51354
-0.51354
-0.51354
-0.51354
-0.51354
-0.51354
-0.51354
-0.51354
-0.51354
-0.51354
-0.51354
-0.51354
-0.51354
-0.51354
-0.51354
-0.51354
-0.51354
-0.51354
-0.51354
-0.51354
-0.51354
-0.51354
-0.51354
-0.51354
-0.51354
-0.51354
-0.51354
-0.51354
-0.51354
-0.51354
-0.51354
-0.51354
-0.51354
-0.51354
-0.51354
-0.51354
-0.51354
-0.51354
-0.51354
-0.51354
-0.51354
-0.51354
-0.51354
-0.51354
-0.51354
-0.51354
-0.51354
-0.51354
-0.51354
-0.51354
-0.51354
-0.51354
-0.51354
-0.51354
-0.51354
-0.51354
-0.51354
-0.51354
-0.51354
-0.51354
-0.51354
-0.51354
-0.51354
-0.51354
-0.51354
-0.51354
-0.51354
-0.51354
-0.51354
-0.51354
-0.51354
-0.51354
-0.51354
-0.51354
-0.51354
-0.51354
-0.51354
-0.51354
-0.51354
-0.51354
-0.51354
-0.51354
-0.51354
-0.51354
-0.51354
-0.51354
-0.51354
-0.51354
-0.51354
-0.51354
-0.51354
-0.51354
-0.51354
-0.51354
-0.51354
-0.51354
-0.51354
-0.51354
-0.51354
-0.51354
-0.51354
-0.51354
-0.51354
-0.51354
-0.51354
-0.51354
-0.51354
-0.51354
-0.51354
-0.51354
-0.51354
-0.51354
-0.51354
-0.51354
-0.51354
-0.51354
-0.51354
-0.51354
-0.51354
-0.51354
-0.51354
-0.51354
-0.51354
-0.51354
-0.51354
-0.51354
-0.51354
-0.51353
-0.51353
-0.51353
-0.51353
-0.51353
-0.51353
-0.51353
-0.51353
-0.51353
-0.51353
-0.51353
-0.51353
-0.51353
-0.51353
-0.51353
-0.51353
-0.51353
-0.51353
-0.51353
-0.51353
-0.51353
-0.51353
-0.51353
-0.51353
-0.51353
-0.51353
-0.51353
-0.51353
-0.51353
-0.51353
-0.51353
-0.51353
-0.51353
-0.51353
-0.51353
-0.51353
-0.51353
-0.51353
-0.51352
-0.51352
-0.51352
-0.51352
-0.51352
-0.51352
-0.51352
-0.51351
-0.51351
-0.51351
-0.51350
-0.51350
-0.51350
-0.51349
-0.51349
-0.51348
-0.51347
-0.51347
-0.51346
-0.51345
-0.51344
-0.51343
-0.51342
-0.51340
-0.51339
-0.51337
-0.51335
-0.51334
-0.51332
-0.51329
-0.51326
-0.51323
-0.51320
-0.51315
-0.51310
-0.51306
-0.51301
-0.51294
-0.51287
-0.51280
-0.51274
-0.51263
-0.51253
-0.51242
-0.51231
-0.51216
-0.51200
-0.51184
-0.51168
-0.51572
-0.51572
-0.51572
-0.51572
-0.51572
-0.51572
-0.51572
-0.51572
-0.51572
-0.51572
-0.51572
-0.51572
-0.51572
-0.51572
-0.51572
-0.51572
-0.51572
-0.51572
-0.51572
-0.51572
-0.51572
-0.51572
-0.51572
-0.51572
-0.51572
-0.51572
-0.51572
-0.51572
-0.51572
-0.51572
-0.51572
-0.51572
-0.51572
-0.51572
-0.51572
-0.51572
-0.51572
-0.51572
-0.51572
-0.51572
-0.51572
-0.51572
-0.51572
-0.51572
-0.51572
-0.51572
-0.51572
-0.51572
-0.51572
-0.51572
-0.51572
-0.51572
-0.51572
-0.51572
-0.51572
-0.51572
-0.51572
-0.51572
-0.51572
-0.51572
-0.51572
-0.51572
-0.51572
-0.51572
-0.51572
-0.51572
-0.51572
-0.51572
-0.51572
-0.51572
-0.51572
-0.51572
-0.51572
-0.51572
-0.51572
-0.51572
-0.51572
-0.51572
-0.51572
-0.51572
-0.51572
-0.51572
-0.51572
-0.51572
-0.51572
-0.51572
-0.51572
-0.51572
-0.51572
-0.51572
-0.51572
-0.51572
-0.51572
-0.51572
-0.51572
-0.51572
-0.51572
-0.51572
-0.51572
-0.51572
-0.51572
-0.51572
-0.51572
-0.51572
-0.51572
-0.51572
-0.51572
-0.51572
-0.51572
-0.51572
-0.51572
-0.51572
-0.51572
-0.51572
-0.51572
-0.51572
-0.51572
-0.51572
-0.51572
-0.51572
-0.51572
-0.51572
-0.51572
-0.51572
-0.51572
-0.51572
-0.51572
-0.51572
-0.51572
-0.51572
-0.51572
-0.51572
-0.51572
-0.51572
-0.51572
-0.51572
-0.51572
-0.51572
-0.51572
-0.51572
-0.51572
-0.51572
-0.51572
-0.51572
-0.51572
-0.51572
-0.51572
-0.51572
-0.51572
-0.51572
-0.51572
-0.51572
-0.51572
-0.51572
-0.51572
-0.51572
-0.51572
-0.51572
-0.51572
-0.51572
-0.51572
-0.51572
-0.51572
-0.51572
-0.51572
-0.51572
-0.51572
-0.51572
-0.51572
-0.51572
-0.51572
-0.51572
-0.51572
-0.51572
-0.51572
-0.51572
-0.51572
-0.51572
-0.51572
-0.51572
-0.51572
-0.51572
-0.51572
-0.51572
-0.51572
-0.51572
-0.51572
-0.51572
-0.51572
-0.51572
-0.51572
-0.51572
-0.51572
-0.51572
-0.51572
-0.51572
-0.51572
-0.51572
-0.51572
-0.51572
-0.51572
-0.51572
-0.51572
-0.51572
-0.51572
-0.51572
-0.51572
-0.51572
-0.51572
-0.51572
-0.51572
-0.51572
-0.51572
-0.51572
-0.51572
-0.51572
-0.51572
-0.51572
-0.51572
-0.51572
-0.51572
-0.51572
-0.51572
-0.51572
-0.51572
-0.51572
-0.51572
-0.51572
-0.51572
-0.51572
-0.51572
-0.51572
-0.51572
-0.51572
-0.51572
-0.51572
-0.51572
-0.51572
-0.51572
-0.51572
-0.51572
-0.51572
-0.51572
-0.51572
-0.51572
-0.51572
-0.51572
-0.51572
-0.51572
-0.51572
-0.51572
-0.51572
-0.51572
-0.51572
-0.51572
-0.51572
-0.51572
-0.51572
-0.51572
-0.51572
-0.51572
-0.51572
-0.51572
-0.51572
-0.51572
-0.51572
-0.51572
-0.51572
-0.51572
-0.51572
-0.51572
-0.51572
-0.51572
-0.51572
-0.51572
-0.51572
-0.51572
-0.51572
-0.51572
-0.51572
-0.51572
-0.51572
-0.51572
-0.51572
-0.51572
-0.51572
-0.51572
-0.51572
-0.51572
-0.51572
-0.51572
-0.51572
-0.51572
-0.51572
-0.51572
-0.51572
-0.51572
-0.51572
-0.51572
-0.51572
-0.51572
-0.51572
-0.51572
-0.51572
-0.51572
-0.51572
-0.51572
-0.51572
-0.51572
-0.51572
-0.51572
-0.51572
-0.51572
-0.51572
-0.51572
-0.51572
-0.51572
-0.51572
-0.51572
-0.51572
-0.51572
-0.51572
-0.51572
-0.51572
-0.51572
-0.51572
-0.51572
-0.51572
-0.51572
-0.51572
-0.51572
-0.51572
-0.51572
-0.51572
-0.51571
-0.51571
-0.51571
-0.51571
-0.51571
-0.51571
-0.51571
-0.51571
-0.51571
-0.51571
-0.51571
-0.51571
-0.51571
-0.51571
-0.51571
-0.51571
-0.51571
-0.51571
-0.51571
-0.51571
-0.51571
-0.51571
-0.51571
-0.51571
-0.51571
-0.51571
-0.51571
-0.51571
-0.51571
-0.51571
-0.51571
-0.51571
-0.51571
-0.51571
-0.51571
-0.51571
-0.51571
-0.51571
-0.51571
-0.51571
-0.51571
-0.51571
-0.51571
-0.51570
-0.51570
-0.51570
-0.51569
-0.51569
-0.51569
-0.51568
-0.51568
-0.51568
-0.51567
-0.51567
-0.51567
-0.51566
-0.51565
-0.51565
-0.51564
-0.51563
-0.51562
-0.51561
-0.51560
-0.51559
-0.51557
-0.51556
-0.51555
-0.51552
-0.51550
-0.51548
-0.51545
-0.51541
-0.51538
-0.51534
-0.51530
-0.51525
-0.51520
-0.51514
-0.51509
-0.51500
-0.51492
-0.51484
-0.51475
-0.51463
-0.51450
-0.51438
-0.51425
-0.51865
-0.51865
-0.51865
-0.51865
-0.51865
-0.51865
-0.51865
-0.51865
-0.51865
-0.51865
-0.51865
-0.51865
-0.51865
-0.51865
-0.51865
-0.51865
-0.51865
-0.51865
-0.51865
-0.51865
-0.51865
-0.51865
-0.51865
-0.51865
-0.51865
-0.51865
-0.51865
-0.51865
-0.51865
-0.51865
-0.51865
-0.51865
-0.51865
-0.51865
-0.51865
-0.51865
-0.51865
-0.51865
-0.51865
-0.51865
-0.51865
-0.51865
-0.51865
-0.51865
-0.51865
-0.51865
-0.51865
-0.51865
-0.51865
-0.51865
-0.51865
-0.51865
-0.51865
-0.51865
-0.51865
-0.51865
-0.51865
-0.51865
-0.51865
-0.51865
-0.51865
-0.51865
-0.51865
-0.51865
-0.51865
-0.51865
-0.51865
-0.51865
-0.51865
-0.51865
-0.51865
-0.51865
-0.51865
-0.51865
-0.51865
-0.51865
-0.51865
-0.51865
-0.51865
-0.51865
-0.51865
-0.51865
-0.51865
-0.51865
-0.51865
-0.51865
-0.51865
-0.51865
-0.51865
-0.51865
-0.51865
-0.51865
-0.51865
-0.51865
-0.51865
-0.51865
-0.51865
-0.51865
-0.51865
-0.51865
-0.51865
-0.51865
-0.51865
-0.51865
-0.51865
-0.51865
-0.51865
-0.51865
-0.51865
-0.51865
-0.51865
-0.51865
-0.51865
-0.51865
-0.51865
-0.51865
-0.51865
-0.51865
-0.51865
-0.51865
-0.51865
-0.51865
-0.51865
-0.51865
-0.51865
-0.51865
-0.51865
-0.51865
-0.51865
-0.51865
-0.51865
-0.51865
-0.51865
-0.51865
-0.51865
-0.51865
-0.51865
-0.51865
-0.51865
-0.51865
-0.51865
-0.51865
-0.51865
-0.51865
-0.51865
-0.51865
-0.51865
-0.51865
-0.51865
-0.51865
-0.51865
-0.51865
-0.51865
-0.51865
-0.51865
-0.51865
-0.51865
-0.51865
-0.51865
-0.51865
-0.51865
-0.51865
-0.51865
-0.51865
-0.51865
-0.51865
-0.51865
-0.51865
-0.51865
-0.51865
-0.51865
-0.51865
-0.51865
-0.51865
-0.51865
-0.51865
-0.51865
-0.51865
-0.51865
-0.51865
-0.51865
-0.51865
-0.51865
-0.51865
-0.51865
-0.51865
-0.51865
-0.51865
-0.51865
-0.51865
-0.51865
-0.51865
-0.51865
-0.51865
-0.51865
-0.51865
-0.51865
-0.51865
-0.51865
-0.51865
-0.51865
-0.51865
-0.51865
-0.51865
-0.51865
-0.51865
-0.51865
-0.51865
-0.51865
-0.51865
-0.51865
-0.51865
-0.51865
-0.51865
-0.51865
-0.51865
-0.51865
-0.51865
-0.51865
-0.51865
-0.51865
-0.51865
-0.51865
-0.51865
-0.51865
-0.51865
-0.51865
-0.51865
-0.51865
-0.51865
-0.51865
-0.51865
-0.51865
-0.51865
-0.51865
-0.51865
-0.51865
-0.51865
-0.51865
-0.51865
-0.51865
-0.51865
-0.51865
-0.51865
-0.51865
-0.51865
-0.51865
-0.51865
-0.51865
-0.51865
-0.51865
-0.51865
-0.51865
-0.51865
-0.51865
-0.51865
-0.51865
-0.51865
-0.51865
-0.51865
-0.51865
-0.51865
-0.51865
-0.51865
-0.51865
-0.51865
-0.51865
-0.51865
-0.51865
-0.51865
-0.51865
-0.51865
-0.51865
-0.51865
-0.51865
-0.51865
-0.51865
-0.51865
-0.51865
-0.51865
-0.51865
-0.51865
-0.51865
-0.51865
-0.51865
-0.51865
-0.51865
-0.51865
-0.51865
-0.51865
-0.51865
-0.51865
-0.51865
-0.51865
-0.51865
-0.51865
-0.51865
-0.51865
-0.51865
-0.51865
-0.51865
-0.51865
-0.51865
-0.51865
-0.51865
-0.51865
-0.51865
-0.51865
-0.51865
-0.51865
-0.51865
-0.51865
-0.51865
-0.51865
-0.51865
-0.51865
-0.51865
-0.51865
-0.51865
-0.51865
-0.51865
-0.51865
-0.51865
-0.51865
-0.51865
-0.51865
-0.51865
-0.51865
-0.51865
-0.51865
-0.51865
-0.51865
-0.51865
-0.51865
-0.51865
-0.51864
-0.51864
-0.51864
-0.51864
-0.51864
-0.51864
-0.51864
-0.51864
-0.51864
-0.51864
-0.51864
-0.51864
-0.51864
-0.51864
-0.51864
-0.51864
-0.51864
-0.51864
-0.51864
-0.51864
-0.51864
-0.51864
-0.51864
-0.51864
-0.51864
-0.51864
-0.51864
-0.51864
-0.51864
-0.51864
-0.51864
-0.51864
-0.51864
-0.51864
-0.51864
-0.51864
-0.51864
-0.51864
-0.51864
-0.51864
-0.51864
-0.51864
-0.51863
-0.51863
-0.51863
-0.51863
-0.51863
-0.51862
-0.51862
-0.51862
-0.51861
-0.51861
-0.51861
-0.51860
-0.51860
-0.51859
-0.51859
-0.51859
-0.51858
-0.51857
-0.51856
-0.51855
-0.51854
-0.51853
-0.51852
-0.51851
-0.51848
-0.51846
-0.51844
-0.51842
-0.51839
-0.51836
-0.51833
-0.51830
-0.51826
-0.51821
-0.51816
-0.51812
-0.51805
-0.51798
-0.51791
-0.51784
-0.51773
-0.51762
-0.51752
-0.51741
-0.52158
-0.52158
-0.52158
-0.52158
-0.52158
-0.52158
-0.52158
-0.52158
-0.52158
-0.52158
-0.52158
-0.52158
-0.52158
-0.52158
-0.52158
-0.52158
-0.52158
-0.52158
-0.52158
-0.52158
-0.52158
-0.52158
-0.52158
-0.52158
-0.52158
-0.52158
-0.52158
-0.52158
-0.52158
-0.52158
-0.52158
-0.52158
-0.52158
-0.52158
-0.52158
-0.52158
-0.52158
-0.52158
-0.52158
-0.52158
-0.52158
-0.52158
-0.52158
-0.52158
-0.52158
-0.52158
-0.52158
-0.52158
-0.52158
-0.52158
-0.52158
-0.52158
-0.52158
-0.52158
-0.52158
-0.52158
-0.52158
-0.52158
-0.52158
-0.52158
-0.52158
-0.52158
-0.52158
-0.52158
-0.52158
-0.52158
-0.52158
-0.52158
-0.52158
-0.52158
-0.52158
-0.52158
-0.52158
-0.52158
-0.52158
-0.52158
-0.52158
-0.52158
-0.52158
-0.52158
-0.52158
-0.52158
-0.52158
-0.52158
-0.52158
-0.52158
-0.52158
-0.52158
-0.52158
-0.52158
-0.52158
-0.52158
-0.52158
-0.52158
-0.52158
-0.52158
-0.52158
-0.52158
-0.52158
-0.52158
-0.52158
-0.52158
-0.52158
-0.52158
-0.52158
-0.52158
-0.52158
-0.52158
-0.52158
-0.52158
-0.52158
-0.52158
-0.52158
-0.52158
-0.52158
-0.52158
-0.52158
-0.52158
-0.52158
-0.52158
-0.52158
-0.52158
-0.52158
-0.52158
-0.52158
-0.52158
-0.52158
-0.52158
-0.52158
-0.52158
-0.52158
-0.52158
-0.52158
-0.52158
-0.52158
-0.52158
-0.52158
-0.52158
-0.52158
-0.52158
-0.52158
-0.52158
-0.52158
-0.52158
-0.52158
-0.52158
-0.52158
-0.52158
-0.52158
-0.52158
-0.52158
-0.52158
-0.52158
-0.52158
-0.52158
-0.52158
-0.52158
-0.52158
-0.52158
-0.52158
-0.52158
-0.52158
-0.52158
-0.52158
-0.52158
-0.52158
-0.52158
-0.52158
-0.52158
-0.52158
-0.52158
-0.52158
-0.52158
-0.52158
-0.52158
-0.52158
-0.52158
-0.52158
-0.52158
-0.52158
-0.52158
-0.52158
-0.52158
-0.52158
-0.52158
-0.52158
-0.52158
-0.52158
-0.52158
-0.52158
-0.52158
-0.52158
-0.52158
-0.52158
-0.52158
-0.52158
-0.52158
-0.52158
-0.52158
-0.52158
-0.52158
-0.52158
-0.52158
-0.52158
-0.52158
-0.52158
-0.52158
-0.52158
-0.52158
-0.52158
-0.52158
-0.52158
-0.52158
-0.52158
-0.52158
-0.52158
-0.52158
-0.52158
-0.52158
-0.52158
-0.52158
-0.52158
-0.52158
-0.52158
-0.52158
-0.52158
-0.52158
-0.52158
-0.52158
-0.52158
-0.52158
-0.52158
-0.52158
-0.52158
-0.52158
-0.52158
-0.52158
-0.52158
-0.52158
-0.52158
-0.52158
-0.52158
-0.52158
-0.52158
-0.52158
-0.52158
-0.52158
-0.52158
-0.52158
-0.52158
-0.52158
-0.52158
-0.52158
-0.52158
-0.52158
-0.52158
-0.52158
-0.52158
-0.52158
-0.52158
-0.52158
-0.52158
-0.52158
-0.52158
-0.52158
-0.52158
-0.52158
-0.52158
-0.52158
-0.52158
-0.52158
-0.52158
-0.52158
-0.52158
-0.52158
-0.52158
-0.52158
-0.52158
-0.52158
-0.52158
-0.52158
-0.52158
-0.52158
-0.52158
-0.52158
-0.52158
-0.52158
-0.52158
-0.52158
-0.52158
-0.52158
-0.52158
-0.52158
-0.52158
-0.52158
-0.52158
-0.52158
-0.52158
-0.52158
-0.52158
-0.52158
-0.52158
-0.52158
-0.52158
-0.52158
-0.52158
-0.52158
-0.52158
-0.52158
-0.52158
-0.52158
-0.52158
-0.52158
-0.52158
-0.52158
-0.52158
-0.52158
-0.52158
-0.52158
-0.52158
-0.52158
-0.52158
-0.52158
-0.52158
-0.52158
-0.52158
-0.52158
-0.52158
-0.52158
-0.52158
-0.52158
-0.52158
-0.52158
-0.52158
-0.52158
-0.52158
-0.52158
-0.52158
-0.52158
-0.52158
-0.52158
-0.52158
-0.52158
-0.52158
-0.52158
-0.52158
-0.52158
-0.52158
-0.52158
-0.52158
-0.52158
-0.52158
-0.52158
-0.52158
-0.52158
-0.52158
-0.52158
-0.52158
-0.52158
-0.52158
-0.52158
-0.52158
-0.52158
-0.52158
-0.52158
-0.52158
-0.52158
-0.52158
-0.52158
-0.52158
-0.52158
-0.52158
-0.52158
-0.52157
-0.52157
-0.52157
-0.52157
-0.52157
-0.52156
-0.52156
-0.52156
-0.52156
-0.52156
-0.52156
-0.52156
-0.52155
-0.52155
-0.52154
-0.52154
-0.52154
-0.52154
-0.52153
-0.52153
-0.52152
-0.52151
-0.52150
-0.52150
-0.52149
-0.52148
-0.52147
-0.52146
-0.52145
-0.52143
-0.52141
-0.52140
-0.52137
-0.52135
-0.52132
-0.52130
-0.52126
-0.52122
-0.52119
-0.52115
-0.52109
-0.52103
-0.52098
-0.52092
-0.52083
-0.52075
-0.52066
-0.52057
-0.52451
-0.52451
-0.52451
-0.52451
-0.52451
-0.52451
-0.52451
-0.52451
-0.52451
-0.52451
-0.52451
-0.52451
-0.52451
-0.52451
-0.52451
-0.52451
-0.52451
-0.52451
-0.52451
-0.52451
-0.52451
-0.52451
-0.52451
-0.52451
-0.52451
-0.52451
-0.52451
-0.52451
-0.52451
-0.52451
-0.52451
-0.52451
-0.52451
-0.52451
-0.52451
-0.52451
-0.52451
-0.52451
-0.52451
-0.52451
-0.52451
-0.52451
-0.52451
-0.52451
-0.52451
-0.52451
-0.52451
-0.52451
-0.52451
-0.52451
-0.52451
-0.52451
-0.52451
-0.52451
-0.52451
-0.52451
-0.52451
-0.52451
-0.52451
-0.52451
-0.52451
-0.52451
-0.52451
-0.52451
-0.52451
-0.52451
-0.52451
-0.52451
-0.52451
-0.52451
-0.52451
-0.52451
-0.52451
-0.52451
-0.52451
-0.52451
-0.52451
-0.52451
-0.52451
-0.52451
-0.52451
-0.52451
-0.52451
-0.52451
-0.52451
-0.52451
-0.52451
-0.52451
-0.52451
-0.52451
-0.52451
-0.52451
-0.52451
-0.52451
-0.52451
-0.52451
-0.52451
-0.52451
-0.52451
-0.52451
-0.52451
-0.52451
-0.52451
-0.52451
-0.52451
-0.52451
-0.52451
-0.52451
-0.52451
-0.52451
-0.52451
-0.52451
-0.52451
-0.52451
-0.52451
-0.52451
-0.52451
-0.52451
-0.52451
-0.52451
-0.52451
-0.52451
-0.52451
-0.52451
-0.52451
-0.52451
-0.52451
-0.52451
-0.52451
-0.52451
-0.52451
-0.52451
-0.52451
-0.52451
-0.52451
-0.52451
-0.52451
-0.52451
-0.52451
-0.52451
-0.52451
-0.52451
-0.52451
-0.52451
-0.52451
-0.52451
-0.52451
-0.52451
-0.52451
-0.52451
-0.52451
-0.52451
-0.52451
-0.52451
-0.52451
-0.52451
-0.52451
-0.52451
-0.52451
-0.52451
-0.52451
-0.52451
-0.52451
-0.52451
-0.52451
-0.52451
-0.52451
-0.52451
-0.52451
-0.52451
-0.52451
-0.52451
-0.52451
-0.52451
-0.52451
-0.52451
-0.52451
-0.52451
-0.52451
-0.52451
-0.52451
-0.52451
-0.52451
-0.52451
-0.52451
-0.52451
-0.52451
-0.52451
-0.52451
-0.52451
-0.52451
-0.52451
-0.52451
-0.52451
-0.52451
-0.52451
-0.52451
-0.52451
-0.52451
-0.52451
-0.52451
-0.52451
-0.52451
-0.52451
-0.52451
-0.52451
-0.52451
-0.52451
-0.52451
-0.52451
-0.52451
-0.52451
-0.52451
-0.52451
-0.52451
-0.52451
-0.52451
-0.52451
-0.52451
-0.52451
-0.52451
-0.52451
-0.52451
-0.52451
-0.52451
-0.52451
-0.52451
-0.52451
-0.52451
-0.52451
-0.52451
-0.52451
-0.52451
-0.52451
-0.52451
-0.52451
-0.52451
-0.52451
-0.52451
-0.52451
-0.52451
-0.52451
-0.52451
-0.52451
-0.52451
-0.52451
-0.52451
-0.52451
-0.52451
-0.52451
-0.52451
-0.52451
-0.52451
-0.52451
-0.52451
-0.52451
-0.52451
-0.52451
-0.52451
-0.52451
-0.52451
-0.52451
-0.52451
-0.52451
-0.52451
-0.52451
-0.52451
-0.52451
-0.52451
-0.52451
-0.52451
-0.52451
-0.52451
-0.52451
-0.52451
-0.52451
-0.52451
-0.52451
-0.52451
-0.52451
-0.52451
-0.52451
-0.52451
-0.52451
-0.52451
-0.52451
-0.52451
-0.52451
-0.52451
-0.52451
-0.52451
-0.52451
-0.52451
-0.52451
-0.52451
-0.52451
-0.52451
-0.52451
-0.52451
-0.52451
-0.52451
-0.52451
-0.52451
-0.52451
-0.52451
-0.52451
-0.52451
-0.52451
-0.52451
-0.52451
-0.52451
-0.52451
-0.52451
-0.52451
-0.52451
-0.52451
-0.52451
-0.52451
-0.52451
-0.52451
-0.52451
-0.52451
-0.52451
-0.52451
-0.52451
-0.52451
-0.52451
-0.52451
-0.52451
-0.52451
-0.52451
-0.52451
-0.52451
-0.52451
-0.52451
-0.52451
-0.52451
-0.52451
-0.52451
-0.52451
-0.52451
-0.52451
-0.52451
-0.52451
-0.52451
-0.52451
-0.52451
-0.52451
-0.52451
-0.52451
-0.52451
-0.52451
-0.52451
-0.52451
-0.52451
-0.52451
-0.52451
-0.52451
-0.52451
-0.52451
-0.52451
-0.52451
-0.52451
-0.52451
-0.52451
-0.52451
-0.52451
-0.52451
-0.52451
-0.52451
-0.52451
-0.52451
-0.52451
-0.52451
-0.52450
-0.52450
-0.52450
-0.52450
-0.52450
-0.52449
-0.52449
-0.52449
-0.52449
-0.52449
-0.52449
-0.52449
-0.52449
-0.52448
-0.52448
-0.52448
-0.52448
-0.52447
-0.52447
-0.52447
-0.52446
-0.52445
-0.52444
-0.52444
-0.52443
-0.52443
-0.52442
-0.52441
-0.52440
-0.52438
-0.52437
-0.52435
-0.52433
-0.52432
-0.52430
-0.52427
-0.52424
-0.52421
-0.52418
-0.52414
-0.52409
-0.52405
-0.52400
-0.52394
-0.52387
-0.52380
-0.52373
-0.52745
-0.52745
-0.52745
-0.52745
-0.52745
-0.52745
-0.52745
-0.52745
-0.52745
-0.52745
-0.52745
-0.52745
-0.52745
-0.52745
-0.52745
-0.52745
-0.52745
-0.52745
-0.52745
-0.52745
-0.52745
-0.52745
-0.52745
-0.52745
-0.52745
-0.52745
-0.52745
-0.52745
-0.52745
-0.52745
-0.52745
-0.52745
-0.52745
-0.52745
-0.52745
-0.52745
-0.52745
-0.52745
-0.52745
-0.52745
-0.52745
-0.52745
-0.52745
-0.52745
-0.52745
-0.52745
-0.52745
-0.52745
-0.52745
-0.52745
-0.52745
-0.52745
-0.52745
-0.52745
-0.52745
-0.52745
-0.52745
-0.52745
-0.52745
-0.52745
-0.52745
-0.52745
-0.52745
-0.52745
-0.52745
-0.52745
-0.52745
-0.52745
-0.52745
-0.52745
-0.52745
-0.52745
-0.52745
-0.52745
-0.52745
-0.52745
-0.52745
-0.52745
-0.52745
-0.52745
-0.52745
-0.52745
-0.52745
-0.52745
-0.52745
-0.52745
-0.52745
-0.52745
-0.52745
-0.52745
-0.52745
-0.52745
-0.52745
-0.52745
-0.52745
-0.52745
-0.52745
-0.52745
-0.52745
-0.52745
-0.52745
-0.52745
-0.52745
-0.52745
-0.52745
-0.52745
-0.52745
-0.52745
-0.52745
-0.52745
-0.52745
-0.52745
-0.52745
-0.52745
-0.52745
-0.52745
-0.52745
-0.52745
-0.52745
-0.52745
-0.52745
-0.52745
-0.52745
-0.52745
-0.52745
-0.52745
-0.52745
-0.52745
-0.52745
-0.52745
-0.52745
-0.52745
-0.52745
-0.52745
-0.52745
-0.52745
-0.52745
-0.52745
-0.52745
-0.52745
-0.52745
-0.52745
-0.52745
-0.52745
-0.52745
-0.52745
-0.52745
-0.52745
-0.52745
-0.52745
-0.52745
-0.52745
-0.52745
-0.52745
-0.52745
-0.52745
-0.52745
-0.52745
-0.52745
-0.52745
-0.52745
-0.52745
-0.52745
-0.52745
-0.52745
-0.52745
-0.52745
-0.52745
-0.52745
-0.52745
-0.52745
-0.52745
-0.52745
-0.52745
-0.52745
-0.52745
-0.52745
-0.52745
-0.52745
-0.52745
-0.52745
-0.52745
-0.52745
-0.52745
-0.52745
-0.52745
-0.52745
-0.52745
-0.52745
-0.52745
-0.52745
-0.52745
-0.52745
-0.52745
-0.52745
-0.52745
-0.52745
-0.52745
-0.52745
-0.52745
-0.52745
-0.52745
-0.52745
-0.52745
-0.52745
-0.52745
-0.52745
-0.52745
-0.52745
-0.52745
-0.52745
-0.52745
-0.52745
-0.52745
-0.52745
-0.52745
-0.52745
-0.52745
-0.52745
-0.52745
-0.52745
-0.52745
-0.52745
-0.52745
-0.52745
-0.52745
-0.52745
-0.52745
-0.52745
-0.52745
-0.52745
-0.52745
-0.52745
-0.52745
-0.52745
-0.52745
-0.52745
-0.52745
-0.52745
-0.52745
-0.52745
-0.52745
-0.52745
-0.52745
-0.52745
-0.52745
-0.52745
-0.52745
-0.52745
-0.52745
-0.52745
-0.52745
-0.52745
-0.52745
-0.52745
-0.52745
-0.52745
-0.52745
-0.52745
-0.52745
-0.52745
-0.52745
-0.52745
-0.52745
-0.52745
-0.52745
-0.52745
-0.52745
-0.52745
-0.52745
-0.52745
-0.52745
-0.52745
-0.52745
-0.52745
-0.52745
-0.52745
-0.52745
-0.52745
-0.52745
-0.52745
-0.52745
-0.52745
-0.52745
-0.52745
-0.52745
-0.52745
-0.52745
-0.52745
-0.52745
-0.52745
-0.52745
-0.52745
-0.52745
-0.52745
-0.52745
-0.52745
-0.52745
-0.52745
-0.52745
-0.52745
-0.52745
-0.52745
-0.52745
-0.52745
-0.52745
-0.52745
-0.52745
-0.52745
-0.52745
-0.52745
-0.52745
-0.52745
-0.52745
-0.52745
-0.52745
-0.52745
-0.52745
-0.52745
-0.52745
-0.52745
-0.52745
-0.52745
-0.52745
-0.52745
-0.52745
-0.52745
-0.52745
-0.52745
-0.52745
-0.52745
-0.52745
-0.52745
-0.52745
-0.52745
-0.52745
-0.52745
-0.52745
-0.52745
-0.52745
-0.52745
-0.52745
-0.52745
-0.52745
-0.52745
-0.52745
-0.52745
-0.52745
-0.52745
-0.52745
-0.52745
-0.52745
-0.52745
-0.52745
-0.52745
-0.52745
-0.52745
-0.52745
-0.52745
-0.52745
-0.52745
-0.52745
-0.52745
-0.52745
-0.52745
-0.52745
-0.52745
-0.52745
-0.52745
-0.52745
-0.52745
-0.52745
-0.52745
-0.52744
-0.52744
-0.52744
-0.52743
-0.52743
-0.52743
-0.52743
-0.52743
-0.52743
-0.52743
-0.52743
-0.52743
-0.52743
-0.52743
-0.52742
-0.52742
-0.52742
-0.52742
-0.52742
-0.52742
-0.52741
-0.52741
-0.52740
-0.52739
-0.52739
-0.52739
-0.52738
-0.52738
-0.52737
-0.52736
-0.52735
-0.52734
-0.52733
-0.52731
-0.52730
-0.52729
-0.52726
-0.52724
-0.52721
-0.52719
-0.52716
-0.52712
-0.52709
-0.52705
-0.52700
-0.52695
-0.52689
-0.52684
-0.53039
-0.53039
-0.53039
-0.53039
-0.53039
-0.53039
-0.53039
-0.53039
-0.53039
-0.53039
-0.53039
-0.53039
-0.53039
-0.53039
-0.53039
-0.53039
-0.53039
-0.53039
-0.53039
-0.53039
-0.53039
-0.53039
-0.53039
-0.53039
-0.53039
-0.53039
-0.53039
-0.53039
-0.53039
-0.53039
-0.53039
-0.53039
-0.53039
-0.53039
-0.53039
-0.53039
-0.53039
-0.53039
-0.53039
-0.53039
-0.53039
-0.53039
-0.53039
-0.53039
-0.53039
-0.53039
-0.53039
-0.53039
-0.53039
-0.53039
-0.53039
-0.53039
-0.53039
-0.53039
-0.53039
-0.53039
-0.53039
-0.53039
-0.53039
-0.53039
-0.53039
-0.53039
-0.53039
-0.53039
-0.53039
-0.53039
-0.53039
-0.53039
-0.53039
-0.53039
-0.53039
-0.53039
-0.53039
-0.53039
-0.53039
-0.53039
-0.53039
-0.53039
-0.53039
-0.53039
-0.53039
-0.53039
-0.53039
-0.53039
-0.53039
-0.53039
-0.53039
-0.53039
-0.53039
-0.53039
-0.53039
-0.53039
-0.53039
-0.53039
-0.53039
-0.53039
-0.53039
-0.53039
-0.53039
-0.53039
-0.53039
-0.53039
-0.53039
-0.53039
-0.53039
-0.53039
-0.53039
-0.53039
-0.53039
-0.53039
-0.53039
-0.53039
-0.53039
-0.53039
-0.53039
-0.53039
-0.53039
-0.53039
-0.53039
-0.53039
-0.53039
-0.53039
-0.53039
-0.53039
-0.53039
-0.53039
-0.53039
-0.53039
-0.53039
-0.53039
-0.53039
-0.53039
-0.53039
-0.53039
-0.53039
-0.53039
-0.53039
-0.53039
-0.53039
-0.53039
-0.53039
-0.53039
-0.53039
-0.53039
-0.53039
-0.53039
-0.53039
-0.53039
-0.53039
-0.53039
-0.53039
-0.53039
-0.53039
-0.53039
-0.53039
-0.53039
-0.53039
-0.53039
-0.53039
-0.53039
-0.53039
-0.53039
-0.53039
-0.53039
-0.53039
-0.53039
-0.53039
-0.53039
-0.53039
-0.53039
-0.53039
-0.53039
-0.53039
-0.53039
-0.53039
-0.53039
-0.53039
-0.53039
-0.53039
-0.53039
-0.53039
-0.53039
-0.53039
-0.53039
-0.53039
-0.53039
-0.53039
-0.53039
-0.53039
-0.53039
-0.53039
-0.53039
-0.53039
-0.53039
-0.53039
-0.53039
-0.53039
-0.53039
-0.53039
-0.53039
-0.53039
-0.53039
-0.53039
-0.53039
-0.53039
-0.53039
-0.53039
-0.53039
-0.53039
-0.53039
-0.53039
-0.53039
-0.53039
-0.53039
-0.53039
-0.53039
-0.53039
-0.53039
-0.53039
-0.53039
-0.53039
-0.53039
-0.53039
-0.53039
-0.53039
-0.53039
-0.53039
-0.53039
-0.53039
-0.53039
-0.53039
-0.53039
-0.53039
-0.53039
-0.53039
-0.53039
-0.53039
-0.53039
-0.53039
-0.53039
-0.53039
-0.53039
-0.53039
-0.53039
-0.53039
-0.53039
-0.53039
-0.53039
-0.53039
-0.53039
-0.53039
-0.53039
-0.53039
-0.53039
-0.53039
-0.53039
-0.53039
-0.53039
-0.53039
-0.53039
-0.53039
-0.53039
-0.53039
-0.53039
-0.53039
-0.53039
-0.53039
-0.53039
-0.53039
-0.53039
-0.53039
-0.53039
-0.53039
-0.53039
-0.53039
-0.53039
-0.53039
-0.53039
-0.53039
-0.53039
-0.53039
-0.53039
-0.53039
-0.53039
-0.53039
-0.53039
-0.53039
-0.53039
-0.53039
-0.53039
-0.53039
-0.53039
-0.53039
-0.53039
-0.53039
-0.53039
-0.53039
-0.53039
-0.53039
-0.53039
-0.53039
-0.53039
-0.53039
-0.53039
-0.53039
-0.53039
-0.53039
-0.53039
-0.53039
-0.53039
-0.53039
-0.53039
-0.53039
-0.53039
-0.53039
-0.53039
-0.53039
-0.53039
-0.53039
-0.53039
-0.53039
-0.53039
-0.53039
-0.53039
-0.53039
-0.53039
-0.53039
-0.53039
-0.53039
-0.53039
-0.53039
-0.53039
-0.53039
-0.53039
-0.53039
-0.53039
-0.53039
-0.53039
-0.53039
-0.53039
-0.53039
-0.53039
-0.53039
-0.53039
-0.53039
-0.53039
-0.53039
-0.53039
-0.53039
-0.53039
-0.53039
-0.53039
-0.53039
-0.53039
-0.53039
-0.53039
-0.53039
-0.53039
-0.53039
-0.53039
-0.53039
-0.53039
-0.53039
-0.53039
-0.53039
-0.53039
-0.53039
-0.53039
-0.53039
-0.53039
-0.53039
-0.53039
-0.53039
-0.53039
-0.53038
-0.53038
-0.53038
-0.53038
-0.53038
-0.53038
-0.53038
-0.53038
-0.53038
-0.53038
-0.53038
-0.53038
-0.53038
-0.53037
-0.53037
-0.53037
-0.53037
-0.53037
-0.53037
-0.53036
-0.53036
-0.53035
-0.53035
-0.53035
-0.53034
-0.53034
-0.53033
-0.53033
-0.53032
-0.53031
-0.53030
-0.53029
-0.53028
-0.53027
-0.53026
-0.53024
-0.53022
-0.53020
-0.53018
-0.53015
-0.53012
-0.53009
-0.53006
-0.53002
-0.52998
-0.52993
-0.52989
-0.53333
-0.53333
-0.53333
-0.53333
-0.53333
-0.53333
-0.53333
-0.53333
-0.53333
-0.53333
-0.53333
-0.53333
-0.53333
-0.53333
-0.53333
-0.53333
-0.53333
-0.53333
-0.53333
-0.53333
-0.53333
-0.53333
-0.53333
-0.53333
-0.53333
-0.53333
-0.53333
-0.53333
-0.53333
-0.53333
-0.53333
-0.53333
-0.53333
-0.53333
-0.53333
-0.53333
-0.53333
-0.53333
-0.53333
-0.53333
-0.53333
-0.53333
-0.53333
-0.53333
-0.53333
-0.53333
-0.53333
-0.53333
-0.53333
-0.53333
-0.53333
-0.53333
-0.53333
-0.53333
-0.53333
-0.53333
-0.53333
-0.53333
-0.53333
-0.53333
-0.53333
-0.53333
-0.53333
-0.53333
-0.53333
-0.53333
-0.53333
-0.53333
-0.53333
-0.53333
-0.53333
-0.53333
-0.53333
-0.53333
-0.53333
-0.53333
-0.53333
-0.53333
-0.53333
-0.53333
-0.53333
-0.53333
-0.53333
-0.53333
-0.53333
-0.53333
-0.53333
-0.53333
-0.53333
-0.53333
-0.53333
-0.53333
-0.53333
-0.53333
-0.53333
-0.53333
-0.53333
-0.53333
-0.53333
-0.53333
-0.53333
-0.53333
-0.53333
-0.53333
-0.53333
-0.53333
-0.53333
-0.53333
-0.53333
-0.53333
-0.53333
-0.53333
-0.53333
-0.53333
-0.53333
-0.53333
-0.53333
-0.53333
-0.53333
-0.53333
-0.53333
-0.53333
-0.53333
-0.53333
-0.53333
-0.53333
-0.53333
-0.53333
-0.53333
-0.53333
-0.53333
-0.53333
-0.53333
-0.53333
-0.53333
-0.53333
-0.53333
-0.53333
-0.53333
-0.53333
-0.53333
-0.53333
-0.53333
-0.53333
-0.53333
-0.53333
-0.53333
-0.53333
-0.53333
-0.53333
-0.53333
-0.53333
-0.53333
-0.53333
-0.53333
-0.53333
-0.53333
-0.53333
-0.53333
-0.53333
-0.53333
-0.53333
-0.53333
-0.53333
-0.53333
-0.53333
-0.53333
-0.53333
-0.53333
-0.53333
-0.53333
-0.53333
-0.53333
-0.53333
-0.53333
-0.53333
-0.53333
-0.53333
-0.53333
-0.53333
-0.53333
-0.53333
-0.53333
-0.53333
-0.53333
-0.53333
-0.53333
-0.53333
-0.53333
-0.53333
-0.53333
-0.53333
-0.53333
-0.53333
-0.53333
-0.53333
-0.53333
-0.53333
-0.53333
-0.53333
-0.53333
-0.53333
-0.53333
-0.53333
-0.53333
-0.53333
-0.53333
-0.53333
-0.53333
-0.53333
-0.53333
-0.53333
-0.53333
-0.53333
-0.53333
-0.53333
-0.53333
-0.53333
-0.53333
-0.53333
-0.53333
-0.53333
-0.53333
-0.53333
-0.53333
-0.53333
-0.53333
-0.53333
-0.53333
-0.53333
-0.53333
-0.53333
-0.53333
-0.53333
-0.53333
-0.53333
-0.53333
-0.53333
-0.53333
-0.53333
-0.53333
-0.53333
-0.53333
-0.53333
-0.53333
-0.53333
-0.53333
-0.53333
-0.53333
-0.53333
-0.53333
-0.53333
-0.53333
-0.53333
-0.53333
-0.53333
-0.53333
-0.53333
-0.53333
-0.53333
-0.53333
-0.53333
-0.53333
-0.53333
-0.53333
-0.53333
-0.53333
-0.53333
-0.53333
-0.53333
-0.53333
-0.53333
-0.53333
-0.53333
-0.53333
-0.53333
-0.53333
-0.53333
-0.53333
-0.53333
-0.53333
-0.53333
-0.53333
-0.53333
-0.53333
-0.53333
-0.53333
-0.53333
-0.53333
-0.53333
-0.53333
-0.53333
-0.53333
-0.53333
-0.53333
-0.53333
-0.53333
-0.53333
-0.53333
-0.53333
-0.53333
-0.53333
-0.53333
-0.53333
-0.53333
-0.53333
-0.53333
-0.53333
-0.53333
-0.53333
-0.53333
-0.53333
-0.53333
-0.53333
-0.53333
-0.53333
-0.53333
-0.53333
-0.53333
-0.53333
-0.53333
-0.53333
-0.53333
-0.53333
-0.53333
-0.53333
-0.53333
-0.53333
-0.53333
-0.53333
-0.53333
-0.53333
-0.53333
-0.53333
-0.53333
-0.53333
-0.53333
-0.53333
-0.53333
-0.53333
-0.53333
-0.53333
-0.53333
-0.53333
-0.53333
-0.53333
-0.53333
-0.53333
-0.53333
-0.53333
-0.53333
-0.53333
-0.53333
-0.53333
-0.53333
-0.53333
-0.53333
-0.53333
-0.53333
-0.53333
-0.53333
-0.53333
-0.53333
-0.53333
-0.53333
-0.53333
-0.53333
-0.53333
-0.53333
-0.53333
-0.53333
-0.53333
-0.53333
-0.53333
-0.53333
-0.53333
-0.53333
-0.53333
-0.53333
-0.53333
-0.53333
-0.53333
-0.53333
-0.53333
-0.53333
-0.53333
-0.53332
-0.53332
-0.53332
-0.53332
-0.53332
-0.53331
-0.53331
-0.53331
-0.53331
-0.53331
-0.53330
-0.53330
-0.53330
-0.53329
-0.53329
-0.53328
-0.53328
-0.53327
-0.53327
-0.53326
-0.53325
-0.53324
-0.53323
-0.53321
-0.53320
-0.53318
-0.53316
-0.53314
-0.53312
-0.53310
-0.53307
-0.53304
-0.53301
-0.53297
-0.53294
-0.53662
-0.53662
-0.53662
-0.53662
-0.53662
-0.53662
-0.53662
-0.53662
-0.53662
-0.53662
-0.53662
-0.53662
-0.53662
-0.53662
-0.53662
-0.53662
-0.53662
-0.53662
-0.53662
-0.53662
-0.53662
-0.53662
-0.53662
-0.53662
-0.53662
-0.53662
-0.53662
-0.53662
-0.53662
-0.53662
-0.53662
-0.53662
-0.53662
-0.53662
-0.53662
-0.53662
-0.53662
-0.53662
-0.53662
-0.53662
-0.53662
-0.53662
-0.53662
-0.53662
-0.53662
-0.53662
-0.53662
-0.53662
-0.53662
-0.53662
-0.53662
-0.53662
-0.53662
-0.53662
-0.53662
-0.53662
-0.53662
-0.53662
-0.53662
-0.53662
-0.53662
-0.53662
-0.53662
-0.53662
-0.53662
-0.53662
-0.53662
-0.53662
-0.53662
-0.53662
-0.53662
-0.53662
-0.53662
-0.53662
-0.53662
-0.53662
-0.53662
-0.53662
-0.53662
-0.53662
-0.53662
-0.53662
-0.53662
-0.53662
-0.53662
-0.53662
-0.53662
-0.53662
-0.53662
-0.53662
-0.53662
-0.53662
-0.53662
-0.53662
-0.53662
-0.53662
-0.53662
-0.53662
-0.53662
-0.53662
-0.53662
-0.53662
-0.53662
-0.53662
-0.53662
-0.53662
-0.53662
-0.53662
-0.53662
-0.53662
-0.53662
-0.53662
-0.53662
-0.53662
-0.53662
-0.53662
-0.53662
-0.53662
-0.53662
-0.53662
-0.53662
-0.53662
-0.53662
-0.53662
-0.53662
-0.53662
-0.53662
-0.53662
-0.53662
-0.53662
-0.53662
-0.53662
-0.53662
-0.53662
-0.53662
-0.53662
-0.53662
-0.53662
-0.53662
-0.53662
-0.53662
-0.53662
-0.53662
-0.53662
-0.53662
-0.53662
-0.53662
-0.53662
-0.53662
-0.53662
-0.53662
-0.53662
-0.53662
-0.53662
-0.53662
-0.53662
-0.53662
-0.53662
-0.53662
-0.53662
-0.53662
-0.53662
-0.53662
-0.53662
-0.53662
-0.53662
-0.53662
-0.53662
-0.53662
-0.53662
-0.53662
-0.53662
-0.53662
-0.53662
-0.53662
-0.53662
-0.53662
-0.53662
-0.53662
-0.53662
-0.53662
-0.53662
-0.53662
-0.53662
-0.53662
-0.53662
-0.53662
-0.53662
-0.53662
-0.53662
-0.53662
-0.53662
-0.53662
-0.53662
-0.53662
-0.53662
-0.53662
-0.53662
-0.53662
-0.53662
-0.53662
-0.53662
-0.53662
-0.53662
-0.53662
-0.53662
-0.53662
-0.53662
-0.53662
-0.53662
-0.53662
-0.53662
-0.53662
-0.53662
-0.53662
-0.53662
-0.53662
-0.53662
-0.53662
-0.53662
-0.53662
-0.53662
-0.53662
-0.53662
-0.53662
-0.53662
-0.53662
-0.53662
-0.53662
-0.53662
-0.53662
-0.53662
-0.53662
-0.53662
-0.53662
-0.53662
-0.53662
-0.53662
-0.53662
-0.53662
-0.53662
-0.53662
-0.53662
-0.53662
-0.53662
-0.53662
-0.53662
-0.53662
-0.53662
-0.53662
-0.53662
-0.53662
-0.53662
-0.53662
-0.53662
-0.53662
-0.53662
-0.53662
-0.53662
-0.53662
-0.53662
-0.53662
-0.53662
-0.53662
-0.53662
-0.53662
-0.53662
-0.53662
-0.53662
-0.53662
-0.53662
-0.53662
-0.53662
-0.53662
-0.53662
-0.53662
-0.53662
-0.53662
-0.53662
-0.53662
-0.53662
-0.53662
-0.53662
-0.53662
-0.53662
-0.53662
-0.53662
-0.53662
-0.53662
-0.53662
-0.53662
-0.53662
-0.53662
-0.53662
-0.53662
-0.53662
-0.53662
-0.53662
-0.53662
-0.53662
-0.53662
-0.53662
-0.53662
-0.53662
-0.53662
-0.53662
-0.53662
-0.53662
-0.53662
-0.53662
-0.53662
-0.53662
-0.53662
-0.53662
-0.53662
-0.53662
-0.53662
-0.53662
-0.53662
-0.53662
-0.53662
-0.53662
-0.53662
-0.53662
-0.53662
-0.53662
-0.53662
-0.53662
-0.53662
-0.53662
-0.53662
-0.53662
-0.53662
-0.53662
-0.53662
-0.53662
-0.53662
-0.53662
-0.53662
-0.53662
-0.53662
-0.53662
-0.53662
-0.53662
-0.53662
-0.53662
-0.53662
-0.53662
-0.53662
-0.53662
-0.53662
-0.53662
-0.53662
-0.53662
-0.53662
-0.53662
-0.53662
-0.53662
-0.53662
-0.53662
-0.53662
-0.53662
-0.53662
-0.53662
-0.53662
-0.53662
-0.53662
-0.53662
-0.53662
-0.53662
-0.53662
-0.53662
-0.53662
-0.53662
-0.53662
-0.53662
-0.53662
-0.53662
-0.53662
-0.53662
-0.53662
-0.53662
-0.53662
-0.53662
-0.53662
-0.53662
-0.53662
-0.53662
-0.53662
-0.53662
-0.53661
-0.53661
-0.53661
-0.53661
-0.53661
-0.53661
-0.53661
-0.53660
-0.53660
-0.53660
-0.53659
-0.53659
-0.53659
-0.53658
-0.53658
-0.53657
-0.53656
-0.53656
-0.53655
-0.53654
-0.53652
-0.53651
-0.53649
-0.53648
-0.53646
-0.53644
-0.53642
-0.53640
-0.53637
-0.53635
-0.53632
-0.54078
-0.54078
-0.54078
-0.54078
-0.54078
-0.54078
-0.54078
-0.54078
-0.54078
-0.54078
-0.54078
-0.54078
-0.54078
-0.54078
-0.54078
-0.54078
-0.54078
-0.54078
-0.54078
-0.54078
-0.54078
-0.54078
-0.54078
-0.54078
-0.54078
-0.54078
-0.54078
-0.54078
-0.54078
-0.54078
-0.54078
-0.54078
-0.54078
-0.54078
-0.54078
-0.54078
-0.54078
-0.54078
-0.54078
-0.54078
-0.54078
-0.54078
-0.54078
-0.54078
-0.54078
-0.54078
-0.54078
-0.54078
-0.54078
-0.54078
-0.54078
-0.54078
-0.54078
-0.54078
-0.54078
-0.54078
-0.54078
-0.54078
-0.54078
-0.54078
-0.54078
-0.54078
-0.54078
-0.54078
-0.54078
-0.54078
-0.54078
-0.54078
-0.54078
-0.54078
-0.54078
-0.54078
-0.54078
-0.54078
-0.54078
-0.54078
-0.54078
-0.54078
-0.54078
-0.54078
-0.54078
-0.54078
-0.54078
-0.54078
-0.54078
-0.54078
-0.54078
-0.54078
-0.54078
-0.54078
-0.54078
-0.54078
-0.54078
-0.54078
-0.54078
-0.54078
-0.54078
-0.54078
-0.54078
-0.54078
-0.54078
-0.54078
-0.54078
-0.54078
-0.54078
-0.54078
-0.54078
-0.54078
-0.54078
-0.54078
-0.54078
-0.54078
-0.54078
-0.54078
-0.54078
-0.54078
-0.54078
-0.54078
-0.54078
-0.54078
-0.54078
-0.54078
-0.54078
-0.54078
-0.54078
-0.54078
-0.54078
-0.54078
-0.54078
-0.54078
-0.54078
-0.54078
-0.54078
-0.54078
-0.54078
-0.54078
-0.54078
-0.54078
-0.54078
-0.54078
-0.54078
-0.54078
-0.54078
-0.54078
-0.54078
-0.54078
-0.54078
-0.54078
-0.54078
-0.54078
-0.54078
-0.54078
-0.54078
-0.54078
-0.54078
-0.54078
-0.54078
-0.54078
-0.54078
-0.54078
-0.54078
-0.54078
-0.54078
-0.54078
-0.54078
-0.54078
-0.54078
-0.54078
-0.54078
-0.54078
-0.54078
-0.54078
-0.54078
-0.54078
-0.54078
-0.54078
-0.54078
-0.54078
-0.54078
-0.54078
-0.54078
-0.54078
-0.54078
-0.54078
-0.54078
-0.54078
-0.54078
-0.54078
-0.54078
-0.54078
-0.54078
-0.54078
-0.54078
-0.54078
-0.54078
-0.54078
-0.54078
-0.54078
-0.54078
-0.54078
-0.54078
-0.54078
-0.54078
-0.54078
-0.54078
-0.54078
-0.54078
-0.54078
-0.54078
-0.54078
-0.54078
-0.54078
-0.54078
-0.54078
-0.54078
-0.54078
-0.54078
-0.54078
-0.54078
-0.54078
-0.54078
-0.54078
-0.54078
-0.54078
-0.54078
-0.54078
-0.54078
-0.54078
-0.54078
-0.54078
-0.54078
-0.54078
-0.54078
-0.54078
-0.54078
-0.54078
-0.54078
-0.54078
-0.54078
-0.54078
-0.54078
-0.54078
-0.54078
-0.54078
-0.54078
-0.54078
-0.54078
-0.54078
-0.54078
-0.54078
-0.54078
-0.54078
-0.54078
-0.54078
-0.54078
-0.54078
-0.54078
-0.54078
-0.54078
-0.54078
-0.54078
-0.54078
-0.54078
-0.54078
-0.54078
-0.54078
-0.54078
-0.54078
-0.54078
-0.54078
-0.54078
-0.54078
-0.54078
-0.54078
-0.54078
-0.54078
-0.54078
-0.54078
-0.54078
-0.54078
-0.54078
-0.54078
-0.54078
-0.54078
-0.54078
-0.54078
-0.54078
-0.54078
-0.54078
-0.54078
-0.54078
-0.54078
-0.54078
-0.54078
-0.54078
-0.54078
-0.54078
-0.54078
-0.54078
-0.54078
-0.54078
-0.54078
-0.54078
-0.54078
-0.54078
-0.54078
-0.54078
-0.54078
-0.54078
-0.54078
-0.54078
-0.54078
-0.54078
-0.54078
-0.54078
-0.54078
-0.54078
-0.54078
-0.54078
-0.54078
-0.54078
-0.54078
-0.54078
-0.54078
-0.54078
-0.54078
-0.54078
-0.54078
-0.54078
-0.54078
-0.54078
-0.54078
-0.54078
-0.54078
-0.54078
-0.54078
-0.54078
-0.54078
-0.54078
-0.54078
-0.54078
-0.54078
-0.54078
-0.54078
-0.54078
-0.54078
-0.54078
-0.54078
-0.54078
-0.54078
-0.54078
-0.54078
-0.54078
-0.54078
-0.54078
-0.54078
-0.54078
-0.54078
-0.54078
-0.54078
-0.54078
-0.54078
-0.54078
-0.54078
-0.54078
-0.54078
-0.54078
-0.54078
-0.54078
-0.54078
-0.54078
-0.54078
-0.54078
-0.54078
-0.54078
-0.54078
-0.54078
-0.54078
-0.54078
-0.54078
-0.54078
-0.54078
-0.54078
-0.54078
-0.54078
-0.54078
-0.54078
-0.54078
-0.54078
-0.54077
-0.54077
-0.54077
-0.54077
-0.54077
-0.54077
-0.54077
-0.54077
-0.54076
-0.54076
-0.54076
-0.54076
-0.54075
-0.54075
-0.54074
-0.54074
-0.54073
-0.54073
-0.54072
-0.54072
-0.54071
-0.54069
-0.54068
-0.54067
-0.54065
-0.54064
-0.54062
-0.54061
-0.54058
-0.54056
-0.54054
-0.54052
-0.54494
-0.54494
-0.54494
-0.54494
-0.54494
-0.54494
-0.54494
-0.54494
-0.54494
-0.54494
-0.54494
-0.54494
-0.54494
-0.54494
-0.54494
-0.54494
-0.54494
-0.54494
-0.54494
-0.54494
-0.54494
-0.54494
-0.54494
-0.54494
-0.54494
-0.54494
-0.54494
-0.54494
-0.54494
-0.54494
-0.54494
-0.54494
-0.54494
-0.54494
-0.54494
-0.54494
-0.54494
-0.54494
-0.54494
-0.54494
-0.54494
-0.54494
-0.54494
-0.54494
-0.54494
-0.54494
-0.54494
-0.54494
-0.54494
-0.54494
-0.54494
-0.54494
-0.54494
-0.54494
-0.54494
-0.54494
-0.54494
-0.54494
-0.54494
-0.54494
-0.54494
-0.54494
-0.54494
-0.54494
-0.54494
-0.54494
-0.54494
-0.54494
-0.54494
-0.54494
-0.54494
-0.54494
-0.54494
-0.54494
-0.54494
-0.54494
-0.54494
-0.54494
-0.54494
-0.54494
-0.54494
-0.54494
-0.54494
-0.54494
-0.54494
-0.54494
-0.54494
-0.54494
-0.54494
-0.54494
-0.54494
-0.54494
-0.54494
-0.54494
-0.54494
-0.54494
-0.54494
-0.54494
-0.54494
-0.54494
-0.54494
-0.54494
-0.54494
-0.54494
-0.54494
-0.54494
-0.54494
-0.54494
-0.54494
-0.54494
-0.54494
-0.54494
-0.54494
-0.54494
-0.54494
-0.54494
-0.54494
-0.54494
-0.54494
-0.54494
-0.54494
-0.54494
-0.54494
-0.54494
-0.54494
-0.54494
-0.54494
-0.54494
-0.54494
-0.54494
-0.54494
-0.54494
-0.54494
-0.54494
-0.54494
-0.54494
-0.54494
-0.54494
-0.54494
-0.54494
-0.54494
-0.54494
-0.54494
-0.54494
-0.54494
-0.54494
-0.54494
-0.54494
-0.54494
-0.54494
-0.54494
-0.54494
-0.54494
-0.54494
-0.54494
-0.54494
-0.54494
-0.54494
-0.54494
-0.54494
-0.54494
-0.54494
-0.54494
-0.54494
-0.54494
-0.54494
-0.54494
-0.54494
-0.54494
-0.54494
-0.54494
-0.54494
-0.54494
-0.54494
-0.54494
-0.54494
-0.54494
-0.54494
-0.54494
-0.54494
-0.54494
-0.54494
-0.54494
-0.54494
-0.54494
-0.54494
-0.54494
-0.54494
-0.54494
-0.54494
-0.54494
-0.54494
-0.54494
-0.54494
-0.54494
-0.54494
-0.54494
-0.54494
-0.54494
-0.54494
-0.54494
-0.54494
-0.54494
-0.54494
-0.54494
-0.54494
-0.54494
-0.54494
-0.54494
-0.54494
-0.54494
-0.54494
-0.54494
-0.54494
-0.54494
-0.54494
-0.54494
-0.54494
-0.54494
-0.54494
-0.54494
-0.54494
-0.54494
-0.54494
-0.54494
-0.54494
-0.54494
-0.54494
-0.54494
-0.54494
-0.54494
-0.54494
-0.54494
-0.54494
-0.54494
-0.54494
-0.54494
-0.54494
-0.54494
-0.54494
-0.54494
-0.54494
-0.54494
-0.54494
-0.54494
-0.54494
-0.54494
-0.54494
-0.54494
-0.54494
-0.54494
-0.54494
-0.54494
-0.54494
-0.54494
-0.54494
-0.54494
-0.54494
-0.54494
-0.54494
-0.54494
-0.54494
-0.54494
-0.54494
-0.54494
-0.54494
-0.54494
-0.54494
-0.54494
-0.54494
-0.54494
-0.54494
-0.54494
-0.54494
-0.54494
-0.54494
-0.54494
-0.54494
-0.54494
-0.54494
-0.54494
-0.54494
-0.54494
-0.54494
-0.54494
-0.54494
-0.54494
-0.54494
-0.54494
-0.54494
-0.54494
-0.54494
-0.54494
-0.54494
-0.54494
-0.54494
-0.54494
-0.54494
-0.54494
-0.54494
-0.54494
-0.54494
-0.54494
-0.54494
-0.54494
-0.54494
-0.54494
-0.54494
-0.54494
-0.54494
-0.54494
-0.54494
-0.54494
-0.54494
-0.54494
-0.54494
-0.54494
-0.54494
-0.54494
-0.54494
-0.54494
-0.54494
-0.54494
-0.54494
-0.54494
-0.54494
-0.54494
-0.54494
-0.54494
-0.54494
-0.54494
-0.54494
-0.54494
-0.54494
-0.54494
-0.54494
-0.54494
-0.54494
-0.54494
-0.54494
-0.54494
-0.54494
-0.54494
-0.54494
-0.54494
-0.54494
-0.54494
-0.54494
-0.54494
-0.54494
-0.54494
-0.54494
-0.54494
-0.54494
-0.54494
-0.54494
-0.54494
-0.54494
-0.54494
-0.54494
-0.54494
-0.54494
-0.54494
-0.54494
-0.54494
-0.54494
-0.54494
-0.54494
-0.54494
-0.54494
-0.54494
-0.54494
-0.54494
-0.54494
-0.54494
-0.54494
-0.54494
-0.54494
-0.54494
-0.54494
-0.54494
-0.54494
-0.54494
-0.54494
-0.54494
-0.54494
-0.54494
-0.54493
-0.54493
-0.54493
-0.54493
-0.54493
-0.54492
-0.54492
-0.54492
-0.54492
-0.54492
-0.54492
-0.54492
-0.54492
-0.54492
-0.54491
-0.54491
-0.54491
-0.54490
-0.54490
-0.54489
-0.54489
-0.54489
-0.54488
-0.54487
-0.54486
-0.54485
-0.54483
-0.54482
-0.54480
-0.54479
-0.54477
-0.54476
-0.54474
-0.54472
-0.54910
-0.54910
-0.54910
-0.54910
-0.54910
-0.54910
-0.54910
-0.54910
-0.54910
-0.54910
-0.54910
-0.54910
-0.54910
-0.54910
-0.54910
-0.54910
-0.54910
-0.54910
-0.54910
-0.54910
-0.54910
-0.54910
-0.54910
-0.54910
-0.54910
-0.54910
-0.54910
-0.54910
-0.54910
-0.54910
-0.54910
-0.54910
-0.54910
-0.54910
-0.54910
-0.54910
-0.54910
-0.54910
-0.54910
-0.54910
-0.54910
-0.54910
-0.54910
-0.54910
-0.54910
-0.54910
-0.54910
-0.54910
-0.54910
-0.54910
-0.54910
-0.54910
-0.54910
-0.54910
-0.54910
-0.54910
-0.54910
-0.54910
-0.54910
-0.54910
-0.54910
-0.54910
-0.54910
-0.54910
-0.54910
-0.54910
-0.54910
-0.54910
-0.54910
-0.54910
-0.54910
-0.54910
-0.54910
-0.54910
-0.54910
-0.54910
-0.54910
-0.54910
-0.54910
-0.54910
-0.54910
-0.54910
-0.54910
-0.54910
-0.54910
-0.54910
-0.54910
-0.54910
-0.54910
-0.54910
-0.54910
-0.54910
-0.54910
-0.54910
-0.54910
-0.54910
-0.54910
-0.54910
-0.54910
-0.54910
-0.54910
-0.54910
-0.54910
-0.54910
-0.54910
-0.54910
-0.54910
-0.54910
-0.54910
-0.54910
-0.54910
-0.54910
-0.54910
-0.54910
-0.54910
-0.54910
-0.54910
-0.54910
-0.54910
-0.54910
-0.54910
-0.54910
-0.54910
-0.54910
-0.54910
-0.54910
-0.54910
-0.54910
-0.54910
-0.54910
-0.54910
-0.54910
-0.54910
-0.54910
-0.54910
-0.54910
-0.54910
-0.54910
-0.54910
-0.54910
-0.54910
-0.54910
-0.54910
-0.54910
-0.54910
-0.54910
-0.54910
-0.54910
-0.54910
-0.54910
-0.54910
-0.54910
-0.54910
-0.54910
-0.54910
-0.54910
-0.54910
-0.54910
-0.54910
-0.54910
-0.54910
-0.54910
-0.54910
-0.54910
-0.54910
-0.54910
-0.54910
-0.54910
-0.54910
-0.54910
-0.54910
-0.54910
-0.54910
-0.54910
-0.54910
-0.54910
-0.54910
-0.54910
-0.54910
-0.54910
-0.54910
-0.54910
-0.54910
-0.54910
-0.54910
-0.54910
-0.54910
-0.54910
-0.54910
-0.54910
-0.54910
-0.54910
-0.54910
-0.54910
-0.54910
-0.54910
-0.54910
-0.54910
-0.54910
-0.54910
-0.54910
-0.54910
-0.54910
-0.54910
-0.54910
-0.54910
-0.54910
-0.54910
-0.54910
-0.54910
-0.54910
-0.54910
-0.54910
-0.54910
-0.54910
-0.54910
-0.54910
-0.54910
-0.54910
-0.54910
-0.54910
-0.54910
-0.54910
-0.54910
-0.54910
-0.54910
-0.54910
-0.54910
-0.54910
-0.54910
-0.54910
-0.54910
-0.54910
-0.54910
-0.54910
-0.54910
-0.54910
-0.54910
-0.54910
-0.54910
-0.54910
-0.54910
-0.54910
-0.54910
-0.54910
-0.54910
-0.54910
-0.54910
-0.54910
-0.54910
-0.54910
-0.54910
-0.54910
-0.54910
-0.54910
-0.54910
-0.54910
-0.54910
-0.54910
-0.54910
-0.54910
-0.54910
-0.54910
-0.54910
-0.54910
-0.54910
-0.54910
-0.54910
-0.54910
-0.54910
-0.54910
-0.54910
-0.54910
-0.54910
-0.54910
-0.54910
-0.54910
-0.54910
-0.54910
-0.54910
-0.54910
-0.54910
-0.54910
-0.54910
-0.54910
-0.54910
-0.54910
-0.54910
-0.54910
-0.54910
-0.54910
-0.54910
-0.54910
-0.54910
-0.54910
-0.54910
-0.54910
-0.54910
-0.54910
-0.54910
-0.54910
-0.54910
-0.54910
-0.54910
-0.54910
-0.54910
-0.54910
-0.54910
-0.54910
-0.54910
-0.54910
-0.54910
-0.54910
-0.54910
-0.54910
-0.54910
-0.54910
-0.54910
-0.54910
-0.54910
-0.54910
-0.54910
-0.54910
-0.54910
-0.54910
-0.54910
-0.54910
-0.54910
-0.54910
-0.54910
-0.54910
-0.54910
-0.54910
-0.54910
-0.54910
-0.54910
-0.54910
-0.54910
-0.54910
-0.54910
-0.54910
-0.54910
-0.54910
-0.54910
-0.54910
-0.54910
-0.54910
-0.54910
-0.54910
-0.54910
-0.54910
-0.54910
-0.54910
-0.54910
-0.54910
-0.54910
-0.54910
-0.54910
-0.54910
-0.54910
-0.54910
-0.54910
-0.54910
-0.54910
-0.54910
-0.54910
-0.54910
-0.54910
-0.54910
-0.54910
-0.54910
-0.54910
-0.54910
-0.54910
-0.54910
-0.54910
-0.54910
-0.54910
-0.54910
-0.54910
-0.54910
-0.54910
-0.54910
-0.54910
-0.54910
-0.54910
-0.54909
-0.54909
-0.54909
-0.54909
-0.54909
-0.54908
-0.54908
-0.54908
-0.54908
-0.54908
-0.54908
-0.54908
-0.54908
-0.54908
-0.54908
-0.54907
-0.54907
-0.54907
-0.54906
-0.54906
-0.54906
-0.54906
-0.54905
-0.54905
-0.54904
-0.54903
-0.54902
-0.54901
-0.54900
-0.54899
-0.54898
-0.54896
-0.54895
-0.54893
-0.54892
-0.55326
-0.55326
-0.55326
-0.55326
-0.55326
-0.55326
-0.55326
-0.55326
-0.55326
-0.55326
-0.55326
-0.55326
-0.55326
-0.55326
-0.55326
-0.55326
-0.55326
-0.55326
-0.55326
-0.55326
-0.55326
-0.55326
-0.55326
-0.55326
-0.55326
-0.55326
-0.55326
-0.55326
-0.55326
-0.55326
-0.55326
-0.55326
-0.55326
-0.55326
-0.55326
-0.55326
-0.55326
-0.55326
-0.55326
-0.55326
-0.55326
-0.55326
-0.55326
-0.55326
-0.55326
-0.55326
-0.55326
-0.55326
-0.55326
-0.55326
-0.55326
-0.55326
-0.55326
-0.55326
-0.55326
-0.55326
-0.55326
-0.55326
-0.55326
-0.55326
-0.55326
-0.55326
-0.55326
-0.55326
-0.55326
-0.55326
-0.55326
-0.55326
-0.55326
-0.55326
-0.55326
-0.55326
-0.55326
-0.55326
-0.55326
-0.55326
-0.55326
-0.55326
-0.55326
-0.55326
-0.55326
-0.55326
-0.55326
-0.55326
-0.55326
-0.55326
-0.55326
-0.55326
-0.55326
-0.55326
-0.55326
-0.55326
-0.55326
-0.55326
-0.55326
-0.55326
-0.55326
-0.55326
-0.55326
-0.55326
-0.55326
-0.55326
-0.55326
-0.55326
-0.55326
-0.55326
-0.55326
-0.55326
-0.55326
-0.55326
-0.55326
-0.55326
-0.55326
-0.55326
-0.55326
-0.55326
-0.55326
-0.55326
-0.55326
-0.55326
-0.55326
-0.55326
-0.55326
-0.55326
-0.55326
-0.55326
-0.55326
-0.55326
-0.55326
-0.55326
-0.55326
-0.55326
-0.55326
-0.55326
-0.55326
-0.55326
-0.55326
-0.55326
-0.55326
-0.55326
-0.55326
-0.55326
-0.55326
-0.55326
-0.55326
-0.55326
-0.55326
-0.55326
-0.55326
-0.55326
-0.55326
-0.55326
-0.55326
-0.55326
-0.55326
-0.55326
-0.55326
-0.55326
-0.55326
-0.55326
-0.55326
-0.55326
-0.55326
-0.55326
-0.55326
-0.55326
-0.55326
-0.55326
-0.55326
-0.55326
-0.55326
-0.55326
-0.55326
-0.55326
-0.55326
-0.55326
-0.55326
-0.55326
-0.55326
-0.55326
-0.55326
-0.55326
-0.55326
-0.55326
-0.55326
-0.55326
-0.55326
-0.55326
-0.55326
-0.55326
-0.55326
-0.55326
-0.55326
-0.55326
-0.55326
-0.55326
-0.55326
-0.55326
-0.55326
-0.55326
-0.55326
-0.55326
-0.55326
-0.55326
-0.55326
-0.55326
-0.55326
-0.55326
-0.55326
-0.55326
-0.55326
-0.55326
-0.55326
-0.55326
-0.55326
-0.55326
-0.55326
-0.55326
-0.55326
-0.55326
-0.55326
-0.55326
-0.55326
-0.55326
-0.55326
-0.55326
-0.55326
-0.55326
-0.55326
-0.55326
-0.55326
-0.55326
-0.55326
-0.55326
-0.55326
-0.55326
-0.55326
-0.55326
-0.55326
-0.55326
-0.55326
-0.55326
-0.55326
-0.55326
-0.55326
-0.55326
-0.55326
-0.55326
-0.55326
-0.55326
-0.55326
-0.55326
-0.55326
-0.55326
-0.55326
-0.55326
-0.55326
-0.55326
-0.55326
-0.55326
-0.55326
-0.55326
-0.55326
-0.55326
-0.55326
-0.55326
-0.55326
-0.55326
-0.55326
-0.55326
-0.55326
-0.55326
-0.55326
-0.55326
-0.55326
-0.55326
-0.55326
-0.55326
-0.55326
-0.55326
-0.55326
-0.55326
-0.55326
-0.55326
-0.55326
-0.55326
-0.55326
-0.55326
-0.55326
-0.55326
-0.55326
-0.55326
-0.55326
-0.55326
-0.55326
-0.55326
-0.55326
-0.55326
-0.55326
-0.55326
-0.55326
-0.55326
-0.55326
-0.55326
-0.55326
-0.55326
-0.55326
-0.55326
-0.55326
-0.55326
-0.55326
-0.55326
-0.55326
-0.55326
-0.55326
-0.55326
-0.55326
-0.55326
-0.55326
-0.55326
-0.55326
-0.55326
-0.55326
-0.55326
-0.55326
-0.55326
-0.55326
-0.55326
-0.55326
-0.55326
-0.55326
-0.55326
-0.55326
-0.55326
-0.55326
-0.55326
-0.55326
-0.55326
-0.55326
-0.55326
-0.55326
-0.55326
-0.55326
-0.55326
-0.55326
-0.55326
-0.55326
-0.55326
-0.55326
-0.55326
-0.55326
-0.55326
-0.55326
-0.55326
-0.55326
-0.55326
-0.55326
-0.55326
-0.55326
-0.55326
-0.55326
-0.55326
-0.55326
-0.55326
-0.55326
-0.55326
-0.55326
-0.55326
-0.55326
-0.55326
-0.55326
-0.55326
-0.55326
-0.55326
-0.55326
-0.55326
-0.55326
-0.55326
-0.55326
-0.55326
-0.55326
-0.55326
-0.55326
-0.55326
-0.55326
-0.55325
-0.55325
-0.55325
-0.55324
-0.55324
-0.55324
-0.55324
-0.55324
-0.55324
-0.55324
-0.55324
-0.55324
-0.55324
-0.55324
-0.55324
-0.55324
-0.55324
-0.55323
-0.55323
-0.55322
-0.55322
-0.55322
-0.55322
-0.55322
-0.55322
-0.55321
-0.55320
-0.55320
-0.55319
-0.55318
-0.55317
-0.55316
-0.55315
-0.55314
-0.55313
-0.55312
-0.55764
-0.55764
-0.55764
-0.55764
-0.55764
-0.55764
-0.55764
-0.55764
-0.55764
-0.55764
-0.55764
-0.55764
-0.55764
-0.55764
-0.55764
-0.55764
-0.55764
-0.55764
-0.55764
-0.55764
-0.55764
-0.55764
-0.55764
-0.55764
-0.55764
-0.55764
-0.55764
-0.55764
-0.55764
-0.55764
-0.55764
-0.55764
-0.55764
-0.55764
-0.55764
-0.55764
-0.55764
-0.55764
-0.55764
-0.55764
-0.55764
-0.55764
-0.55764
-0.55764
-0.55764
-0.55764
-0.55764
-0.55764
-0.55764
-0.55764
-0.55764
-0.55764
-0.55764
-0.55764
-0.55764
-0.55764
-0.55764
-0.55764
-0.55764
-0.55764
-0.55764
-0.55764
-0.55764
-0.55764
-0.55764
-0.55764
-0.55764
-0.55764
-0.55764
-0.55764
-0.55764
-0.55764
-0.55764
-0.55764
-0.55764
-0.55764
-0.55764
-0.55764
-0.55764
-0.55764
-0.55764
-0.55764
-0.55764
-0.55764
-0.55764
-0.55764
-0.55764
-0.55764
-0.55764
-0.55764
-0.55764
-0.55764
-0.55764
-0.55764
-0.55764
-0.55764
-0.55764
-0.55764
-0.55764
-0.55764
-0.55764
-0.55764
-0.55764
-0.55764
-0.55764
-0.55764
-0.55764
-0.55764
-0.55764
-0.55764
-0.55764
-0.55764
-0.55764
-0.55764
-0.55764
-0.55764
-0.55764
-0.55764
-0.55764
-0.55764
-0.55764
-0.55764
-0.55764
-0.55764
-0.55764
-0.55764
-0.55764
-0.55764
-0.55764
-0.55764
-0.55764
-0.55764
-0.55764
-0.55764
-0.55764
-0.55764
-0.55764
-0.55764
-0.55764
-0.55764
-0.55764
-0.55764
-0.55764
-0.55764
-0.55764
-0.55764
-0.55764
-0.55764
-0.55764
-0.55764
-0.55764
-0.55764
-0.55764
-0.55764
-0.55764
-0.55764
-0.55764
-0.55764
-0.55764
-0.55764
-0.55764
-0.55764
-0.55764
-0.55764
-0.55764
-0.55764
-0.55764
-0.55764
-0.55764
-0.55764
-0.55764
-0.55764
-0.55764
-0.55764
-0.55764
-0.55764
-0.55764
-0.55764
-0.55764
-0.55764
-0.55764
-0.55764
-0.55764
-0.55764
-0.55764
-0.55764
-0.55764
-0.55764
-0.55764
-0.55764
-0.55764
-0.55764
-0.55764
-0.55764
-0.55764
-0.55764
-0.55764
-0.55764
-0.55764
-0.55764
-0.55764
-0.55764
-0.55764
-0.55764
-0.55764
-0.55764
-0.55764
-0.55764
-0.55764
-0.55764
-0.55764
-0.55764
-0.55764
-0.55764
-0.55764
-0.55764
-0.55764
-0.55764
-0.55764
-0.55764
-0.55764
-0.55764
-0.55764
-0.55764
-0.55764
-0.55764
-0.55764
-0.55764
-0.55764
-0.55764
-0.55764
-0.55764
-0.55764
-0.55764
-0.55764
-0.55764
-0.55764
-0.55764
-0.55764
-0.55764
-0.55764
-0.55764
-0.55764
-0.55764
-0.55764
-0.55764
-0.55764
-0.55764
-0.55764
-0.55764
-0.55764
-0.55764
-0.55764
-0.55764
-0.55764
-0.55764
-0.55764
-0.55764
-0.55764
-0.55764
-0.55764
-0.55764
-0.55764
-0.55764
-0.55764
-0.55764
-0.55764
-0.55764
-0.55764
-0.55764
-0.55764
-0.55764
-0.55764
-0.55764
-0.55764
-0.55764
-0.55764
-0.55764
-0.55764
-0.55764
-0.55764
-0.55764
-0.55764
-0.55764
-0.55764
-0.55764
-0.55764
-0.55764
-0.55764
-0.55764
-0.55764
-0.55764
-0.55764
-0.55764
-0.55764
-0.55764
-0.55764
-0.55764
-0.55764
-0.55764
-0.55764
-0.55764
-0.55764
-0.55764
-0.55764
-0.55764
-0.55764
-0.55764
-0.55764
-0.55764
-0.55764
-0.55764
-0.55764
-0.55764
-0.55764
-0.55764
-0.55764
-0.55764
-0.55764
-0.55764
-0.55764
-0.55764
-0.55764
-0.55764
-0.55764
-0.55764
-0.55764
-0.55764
-0.55764
-0.55764
-0.55764
-0.55764
-0.55764
-0.55764
-0.55764
-0.55764
-0.55764
-0.55764
-0.55764
-0.55764
-0.55764
-0.55764
-0.55764
-0.55764
-0.55764
-0.55764
-0.55764
-0.55764
-0.55764
-0.55764
-0.55764
-0.55764
-0.55764
-0.55764
-0.55764
-0.55764
-0.55764
-0.55764
-0.55764
-0.55764
-0.55764
-0.55764
-0.55764
-0.55764
-0.55764
-0.55764
-0.55764
-0.55764
-0.55764
-0.55764
-0.55764
-0.55764
-0.55764
-0.55764
-0.55764
-0.55764
-0.55764
-0.55764
-0.55764
-0.55764
-0.55764
-0.55764
-0.55764
-0.55764
-0.55764
-0.55764
-0.55764
-0.55763
-0.55763
-0.55763
-0.55763
-0.55763
-0.55763
-0.55763
-0.55763
-0.55763
-0.55763
-0.55763
-0.55763
-0.55763
-0.55763
-0.55763
-0.55762
-0.55762
-0.55762
-0.55762
-0.55762
-0.55762
-0.55761
-0.55761
-0.55761
-0.55760
-0.55760
-0.55759
-0.55759
-0.55758
-0.55757
-0.55756
-0.55756
-0.55755
-0.55754
-0.56259
-0.56259
-0.56259
-0.56259
-0.56259
-0.56259
-0.56259
-0.56259
-0.56259
-0.56259
-0.56259
-0.56259
-0.56259
-0.56259
-0.56259
-0.56259
-0.56259
-0.56259
-0.56259
-0.56259
-0.56259
-0.56259
-0.56259
-0.56259
-0.56259
-0.56259
-0.56259
-0.56259
-0.56259
-0.56259
-0.56259
-0.56259
-0.56259
-0.56259
-0.56259
-0.56259
-0.56259
-0.56259
-0.56259
-0.56259
-0.56259
-0.56259
-0.56259
-0.56259
-0.56259
-0.56259
-0.56259
-0.56259
-0.56259
-0.56259
-0.56259
-0.56259
-0.56259
-0.56259
-0.56259
-0.56259
-0.56259
-0.56259
-0.56259
-0.56259
-0.56259
-0.56259
-0.56259
-0.56259
-0.56259
-0.56259
-0.56259
-0.56259
-0.56259
-0.56259
-0.56259
-0.56259
-0.56259
-0.56259
-0.56259
-0.56259
-0.56259
-0.56259
-0.56259
-0.56259
-0.56259
-0.56259
-0.56259
-0.56259
-0.56259
-0.56259
-0.56259
-0.56259
-0.56259
-0.56259
-0.56259
-0.56259
-0.56259
-0.56259
-0.56259
-0.56259
-0.56259
-0.56259
-0.56259
-0.56259
-0.56259
-0.56259
-0.56259
-0.56259
-0.56259
-0.56259
-0.56259
-0.56259
-0.56259
-0.56259
-0.56259
-0.56259
-0.56259
-0.56259
-0.56259
-0.56259
-0.56259
-0.56259
-0.56259
-0.56259
-0.56259
-0.56259
-0.56259
-0.56259
-0.56259
-0.56259
-0.56259
-0.56259
-0.56259
-0.56259
-0.56259
-0.56259
-0.56259
-0.56259
-0.56259
-0.56259
-0.56259
-0.56259
-0.56259
-0.56259
-0.56259
-0.56259
-0.56259
-0.56259
-0.56259
-0.56259
-0.56259
-0.56259
-0.56259
-0.56259
-0.56259
-0.56259
-0.56259
-0.56259
-0.56259
-0.56259
-0.56259
-0.56259
-0.56259
-0.56259
-0.56259
-0.56259
-0.56259
-0.56259
-0.56259
-0.56259
-0.56259
-0.56259
-0.56259
-0.56259
-0.56259
-0.56259
-0.56259
-0.56259
-0.56259
-0.56259
-0.56259
-0.56259
-0.56259
-0.56259
-0.56259
-0.56259
-0.56259
-0.56259
-0.56259
-0.56259
-0.56259
-0.56259
-0.56259
-0.56259
-0.56259
-0.56259
-0.56259
-0.56259
-0.56259
-0.56259
-0.56259
-0.56259
-0.56259
-0.56259
-0.56259
-0.56259
-0.56259
-0.56259
-0.56259
-0.56259
-0.56259
-0.56259
-0.56259
-0.56259
-0.56259
-0.56259
-0.56259
-0.56259
-0.56259
-0.56259
-0.56259
-0.56259
-0.56259
-0.56259
-0.56259
-0.56259
-0.56259
-0.56259
-0.56259
-0.56259
-0.56259
-0.56259
-0.56259
-0.56259
-0.56259
-0.56259
-0.56259
-0.56259
-0.56259
-0.56259
-0.56259
-0.56259
-0.56259
-0.56259
-0.56259
-0.56259
-0.56259
-0.56259
-0.56259
-0.56259
-0.56259
-0.56259
-0.56259
-0.56259
-0.56259
-0.56259
-0.56259
-0.56259
-0.56259
-0.56259
-0.56259
-0.56259
-0.56259
-0.56259
-0.56259
-0.56259
-0.56259
-0.56259
-0.56259
-0.56259
-0.56259
-0.56259
-0.56259
-0.56259
-0.56259
-0.56259
-0.56259
-0.56259
-0.56259
-0.56259
-0.56259
-0.56259
-0.56259
-0.56259
-0.56259
-0.56259
-0.56259
-0.56259
-0.56259
-0.56259
-0.56259
-0.56259
-0.56259
-0.56259
-0.56259
-0.56259
-0.56259
-0.56259
-0.56259
-0.56259
-0.56259
-0.56259
-0.56259
-0.56259
-0.56259
-0.56259
-0.56259
-0.56259
-0.56259
-0.56259
-0.56259
-0.56259
-0.56259
-0.56259
-0.56259
-0.56259
-0.56259
-0.56259
-0.56259
-0.56259
-0.56259
-0.56259
-0.56259
-0.56259
-0.56259
-0.56259
-0.56259
-0.56259
-0.56259
-0.56259
-0.56259
-0.56259
-0.56259
-0.56259
-0.56259
-0.56259
-0.56259
-0.56259
-0.56259
-0.56259
-0.56259
-0.56259
-0.56259
-0.56259
-0.56259
-0.56259
-0.56259
-0.56259
-0.56259
-0.56259
-0.56259
-0.56259
-0.56259
-0.56259
-0.56259
-0.56259
-0.56259
-0.56259
-0.56259
-0.56259
-0.56259
-0.56259
-0.56259
-0.56259
-0.56259
-0.56259
-0.56259
-0.56259
-0.56259
-0.56259
-0.56259
-0.56259
-0.56259
-0.56259
-0.56259
-0.56259
-0.56259
-0.56259
-0.56259
-0.56259
-0.56259
-0.56259
-0.56259
-0.56259
-0.56259
-0.56259
-0.56259
-0.56259
-0.56259
-0.56258
-0.56258
-0.56258
-0.56258
-0.56258
-0.56258
-0.56258
-0.56258
-0.56258
-0.56258
-0.56258
-0.56258
-0.56258
-0.56258
-0.56258
-0.56258
-0.56257
-0.56257
-0.56257
-0.56257
-0.56257
-0.56256
-0.56256
-0.56256
-0.56256
-0.56256
-0.56255
-0.56255
-0.56254
-0.56254
-0.56253
-0.56252
-0.56252
-0.56251
-0.56250
-0.56250
