# AthenaK stellar Rosseland opacity table, log10 kappa_R [cm^2/g] on (log10 T[K], log10 rho[g/cm3])
# sources: oplib_gs98_z0.014_x0.7.data (atomic, T >= 4.20) + aesopus2.0_grains_GS98_Z0.014_X0.7.tab (molecular+grains, T <= 4.00), linear blend in log T between
# valid_logR -8 1   (outside this window the values are EDGE-FILLED,
# not data: both sources are tabulated in logR = log rho - 3 log T + 18)
# grid: nT nD lTmin dlT lDmin dlD
# 217 281 2.6 0.025 -14 0.05
# then nT*nD rows, T slowest: log10 kappa_R
0.01916
0.02685
0.03454
0.04223
0.04992
0.05761
0.06530
0.06429
0.06328
0.06227
0.06126
0.06025
0.05924
0.05823
0.05722
0.05621
0.05520
0.03482
0.01444
-0.00594
-0.02632
-0.04670
-0.06708
-0.08746
-0.10784
-0.12822
-0.14860
-0.14891
-0.14922
-0.14953
-0.14984
-0.15015
-0.15046
-0.15077
-0.15108
-0.15139
-0.15170
-0.15181
-0.15192
-0.15203
-0.15214
-0.15225
-0.15236
-0.15247
-0.15258
-0.15269
-0.15280
-0.15281
-0.15282
-0.15283
-0.15284
-0.15285
-0.15286
-0.15287
-0.15288
-0.15289
-0.15290
-0.15289
-0.15288
-0.15287
-0.15286
-0.15285
-0.15284
-0.15283
-0.15282
-0.15281
-0.15280
-0.15279
-0.15278
-0.15277
-0.15276
-0.15275
-0.15274
-0.15273
-0.15272
-0.15271
-0.15270
-0.15267
-0.15264
-0.15261
-0.15258
-0.15255
-0.15252
-0.15249
-0.15246
-0.15243
-0.15240
-0.15232
-0.15224
-0.15216
-0.15208
-0.15200
-0.15192
-0.15184
-0.15176
-0.15168
-0.15160
-0.15160
-0.15160
-0.15160
-0.15160
-0.15160
-0.15160
-0.15160
-0.15160
-0.15160
-0.15160
-0.15160
-0.15160
-0.15160
-0.15160
-0.15160
-0.15160
-0.15160
-0.15160
-0.15160
-0.15160
-0.15160
-0.15160
-0.15160
-0.15160
-0.15160
-0.15160
-0.15160
-0.15160
-0.15160
-0.15160
-0.15160
-0.15160
-0.15160
-0.15160
-0.15160
-0.15160
-0.15160
-0.15160
-0.15160
-0.15160
-0.15160
-0.15160
-0.15160
-0.15160
-0.15160
-0.15160
-0.15160
-0.15160
-0.15160
-0.15160
-0.15160
-0.15160
-0.15160
-0.15160
-0.15160
-0.15160
-0.15160
-0.15160
-0.15160
-0.15160
-0.15160
-0.15160
-0.15160
-0.15160
-0.15160
-0.15160
-0.15160
-0.15160
-0.15160
-0.15160
-0.15160
-0.15160
-0.15160
-0.15160
-0.15160
-0.15160
-0.15160
-0.15160
-0.15160
-0.15160
-0.15160
-0.15160
-0.15160
-0.15160
-0.15160
-0.15160
-0.15160
-0.15160
-0.15160
-0.15160
-0.15160
-0.15160
-0.15160
-0.15160
-0.15160
-0.15160
-0.15160
-0.15160
-0.15160
-0.15160
-0.15160
-0.15160
-0.15160
-0.15160
-0.15160
-0.15160
-0.15160
-0.15160
-0.15160
-0.15160
-0.15160
-0.15160
-0.15160
-0.15160
-0.15160
-0.15160
-0.15160
-0.15160
-0.15160
-0.15160
-0.15160
-0.15160
-0.15160
-0.15160
-0.15160
-0.15160
-0.15160
-0.15160
-0.15160
-0.15160
-0.15160
-0.15160
-0.15160
-0.15160
-0.15160
-0.15160
-0.15160
-0.15160
-0.15160
-0.15160
-0.15160
-0.15160
-0.15160
-0.15160
-0.15160
-0.15160
-0.15160
-0.15160
-0.15160
-0.15160
-0.15160
-0.15160
-0.15160
-0.15160
-0.15160
-0.15160
-0.15160
-0.15160
-0.15160
-0.15160
-0.15160
-0.15160
-0.15160
-0.15160
-0.15160
-0.15160
-0.15160
-0.15160
-0.15160
-0.15160
-0.15160
-0.15160
-0.15160
-0.15160
-0.15160
-0.15160
-0.15160
-0.15160
-0.15160
-0.15160
-0.15160
-0.15160
-0.15160
-0.15160
-0.08908
-0.08798
-0.08689
-0.08580
-0.08471
-0.08362
-0.08253
-0.08144
-0.07591
-0.06592
-0.05594
-0.04595
-0.03597
-0.02598
-0.01600
-0.00601
0.00397
0.01396
0.02021
0.02272
0.02524
0.02775
0.03027
0.03278
0.03530
0.03781
0.04033
0.04284
0.03833
0.02679
0.01525
0.00371
-0.00783
-0.01937
-0.03091
-0.04245
-0.05399
-0.06553
-0.07137
-0.07150
-0.07163
-0.07176
-0.07189
-0.07202
-0.07215
-0.07228
-0.07241
-0.07254
-0.07265
-0.07274
-0.07284
-0.07293
-0.07303
-0.07312
-0.07322
-0.07331
-0.07341
-0.07350
-0.07356
-0.07357
-0.07358
-0.07359
-0.07360
-0.07361
-0.07362
-0.07363
-0.07364
-0.07365
-0.07365
-0.07363
-0.07362
-0.07361
-0.07360
-0.07360
-0.07358
-0.07357
-0.07357
-0.07355
-0.07354
-0.07353
-0.07351
-0.07350
-0.07348
-0.07347
-0.07345
-0.07344
-0.07342
-0.07341
-0.07338
-0.07334
-0.07330
-0.07326
-0.07322
-0.07318
-0.07314
-0.07310
-0.07306
-0.07302
-0.07300
-0.07300
-0.07300
-0.07300
-0.07300
-0.07300
-0.07300
-0.07300
-0.07300
-0.07300
-0.07300
-0.07300
-0.07300
-0.07300
-0.07300
-0.07300
-0.07300
-0.07300
-0.07300
-0.07300
-0.07300
-0.07300
-0.07300
-0.07300
-0.07300
-0.07300
-0.07300
-0.07300
-0.07300
-0.07300
-0.07300
-0.07300
-0.07300
-0.07300
-0.07300
-0.07300
-0.07300
-0.07300
-0.07300
-0.07300
-0.07300
-0.07300
-0.07300
-0.07300
-0.07300
-0.07300
-0.07300
-0.07300
-0.07300
-0.07300
-0.07300
-0.07300
-0.07300
-0.07300
-0.07300
-0.07300
-0.07300
-0.07300
-0.07300
-0.07300
-0.07300
-0.07300
-0.07300
-0.07300
-0.07300
-0.07300
-0.07300
-0.07300
-0.07300
-0.07300
-0.07300
-0.07300
-0.07300
-0.07300
-0.07300
-0.07300
-0.07300
-0.07300
-0.07300
-0.07300
-0.07300
-0.07300
-0.07300
-0.07300
-0.07300
-0.07300
-0.07300
-0.07300
-0.07300
-0.07300
-0.07300
-0.07300
-0.07300
-0.07300
-0.07300
-0.07300
-0.07300
-0.07300
-0.07300
-0.07300
-0.07300
-0.07300
-0.07300
-0.07300
-0.07300
-0.07300
-0.07300
-0.07300
-0.07300
-0.07300
-0.07300
-0.07300
-0.07300
-0.07300
-0.07300
-0.07300
-0.07300
-0.07300
-0.07300
-0.07300
-0.07300
-0.07300
-0.07300
-0.07300
-0.07300
-0.07300
-0.07300
-0.07300
-0.07300
-0.07300
-0.07300
-0.07300
-0.07300
-0.07300
-0.07300
-0.07300
-0.07300
-0.07300
-0.07300
-0.07300
-0.07300
-0.07300
-0.07300
-0.07300
-0.07300
-0.07300
-0.07300
-0.07300
-0.07300
-0.07300
-0.07300
-0.07300
-0.07300
-0.07300
-0.07300
-0.07300
-0.07300
-0.07300
-0.07300
-0.07300
-0.07300
-0.07300
-0.07300
-0.07300
-0.07300
-0.07300
-0.07300
-0.07300
-0.07300
-0.07300
-0.07300
-0.07300
-0.07300
-0.07300
-0.07300
-0.07300
-0.07300
-0.07300
-0.07300
-0.07300
-0.07300
-0.07300
-0.07300
-0.06861
-0.06852
-0.06843
-0.06834
-0.06825
-0.06816
-0.06807
-0.06798
-0.06789
-0.06780
-0.06714
-0.06648
-0.06582
-0.06516
-0.06450
-0.06384
-0.06318
-0.06252
-0.06186
-0.06120
-0.05894
-0.05668
-0.05442
-0.05216
-0.04990
-0.04764
-0.04538
-0.04312
-0.04086
-0.03860
-0.03516
-0.03172
-0.02828
-0.02484
-0.02140
-0.01796
-0.01452
-0.01108
-0.00764
-0.00420
-0.00226
-0.00032
0.00162
0.00356
0.00550
0.00744
0.00938
0.01132
0.01326
0.01520
0.01432
0.01344
0.01256
0.01168
0.01080
0.00992
0.00904
0.00816
0.00728
0.00640
0.00631
0.00622
0.00613
0.00604
0.00595
0.00586
0.00577
0.00568
0.00559
0.00550
0.00550
0.00550
0.00550
0.00550
0.00550
0.00550
0.00550
0.00550
0.00550
0.00550
0.00551
0.00552
0.00553
0.00554
0.00555
0.00556
0.00557
0.00558
0.00559
0.00560
0.00561
0.00562
0.00563
0.00564
0.00565
0.00566
0.00567
0.00568
0.00569
0.00570
0.00570
0.00570
0.00570
0.00570
0.00570
0.00570
0.00570
0.00570
0.00570
0.00570
0.00570
0.00570
0.00570
0.00570
0.00570
0.00570
0.00570
0.00570
0.00570
0.00570
0.00570
0.00570
0.00570
0.00570
0.00570
0.00570
0.00570
0.00570
0.00570
0.00570
0.00570
0.00570
0.00570
0.00570
0.00570
0.00570
0.00570
0.00570
0.00570
0.00570
0.00570
0.00570
0.00570
0.00570
0.00570
0.00570
0.00570
0.00570
0.00570
0.00570
0.00570
0.00570
0.00570
0.00570
0.00570
0.00570
0.00570
0.00570
0.00570
0.00570
0.00570
0.00570
0.00570
0.00570
0.00570
0.00570
0.00570
0.00570
0.00570
0.00570
0.00570
0.00570
0.00570
0.00570
0.00570
0.00570
0.00570
0.00570
0.00570
0.00570
0.00570
0.00570
0.00570
0.00570
0.00570
0.00570
0.00570
0.00570
0.00570
0.00570
0.00570
0.00570
0.00570
0.00570
0.00570
0.00570
0.00570
0.00570
0.00570
0.00570
0.00570
0.00570
0.00570
0.00570
0.00570
0.00570
0.00570
0.00570
0.00570
0.00570
0.00570
0.00570
0.00570
0.00570
0.00570
0.00570
0.00570
0.00570
0.00570
0.00570
0.00570
0.00570
0.00570
0.00570
0.00570
0.00570
0.00570
0.00570
0.00570
0.00570
0.00570
0.00570
0.00570
0.00570
0.00570
0.00570
0.00570
0.00570
0.00570
0.00570
0.00570
0.00570
0.00570
0.00570
0.00570
0.00570
0.00570
0.00570
0.00570
0.00570
0.00570
0.00570
0.00570
0.00570
0.00570
0.00570
0.00570
0.00570
0.00570
0.00570
0.00570
0.00570
0.00570
0.00570
0.00570
0.00570
0.00570
0.00570
0.00570
0.00570
0.00570
0.00570
0.00570
0.00570
0.00570
0.00570
0.00570
0.00570
0.00570
0.00570
0.00570
-0.04950
-0.04950
-0.04949
-0.04948
-0.04947
-0.04946
-0.04945
-0.04944
-0.04943
-0.04942
-0.04941
-0.04937
-0.04931
-0.04925
-0.04919
-0.04913
-0.04907
-0.04901
-0.04895
-0.04889
-0.04883
-0.04856
-0.04807
-0.04759
-0.04710
-0.04662
-0.04613
-0.04565
-0.04516
-0.04468
-0.04419
-0.04298
-0.04104
-0.03910
-0.03716
-0.03522
-0.03328
-0.03134
-0.02940
-0.02746
-0.02552
-0.02285
-0.01944
-0.01604
-0.01263
-0.00923
-0.00582
-0.00242
0.00099
0.00439
0.00780
0.01073
0.01318
0.01563
0.01808
0.02053
0.02298
0.02543
0.02788
0.03033
0.03278
0.03422
0.03465
0.03509
0.03552
0.03596
0.03639
0.03683
0.03726
0.03770
0.03813
0.03834
0.03832
0.03830
0.03828
0.03826
0.03824
0.03822
0.03820
0.03818
0.03816
0.03814
0.03813
0.03812
0.03811
0.03810
0.03809
0.03808
0.03807
0.03806
0.03805
0.03809
0.03817
0.03825
0.03833
0.03841
0.03849
0.03857
0.03865
0.03873
0.03881
0.03885
0.03885
0.03885
0.03885
0.03885
0.03885
0.03885
0.03885
0.03885
0.03885
0.03885
0.03885
0.03885
0.03885
0.03885
0.03885
0.03885
0.03885
0.03885
0.03885
0.03885
0.03885
0.03885
0.03885
0.03885
0.03885
0.03885
0.03885
0.03885
0.03885
0.03885
0.03885
0.03885
0.03885
0.03885
0.03885
0.03885
0.03885
0.03885
0.03885
0.03885
0.03885
0.03885
0.03885
0.03885
0.03885
0.03885
0.03885
0.03885
0.03885
0.03885
0.03885
0.03885
0.03885
0.03885
0.03885
0.03885
0.03885
0.03885
0.03885
0.03885
0.03885
0.03885
0.03885
0.03885
0.03885
0.03885
0.03885
0.03885
0.03885
0.03885
0.03885
0.03885
0.03885
0.03885
0.03885
0.03885
0.03885
0.03885
0.03885
0.03885
0.03885
0.03885
0.03885
0.03885
0.03885
0.03885
0.03885
0.03885
0.03885
0.03885
0.03885
0.03885
0.03885
0.03885
0.03885
0.03885
0.03885
0.03885
0.03885
0.03885
0.03885
0.03885
0.03885
0.03885
0.03885
0.03885
0.03885
0.03885
0.03885
0.03885
0.03885
0.03885
0.03885
0.03885
0.03885
0.03885
0.03885
0.03885
0.03885
0.03885
0.03885
0.03885
0.03885
0.03885
0.03885
0.03885
0.03885
0.03885
0.03885
0.03885
0.03885
0.03885
0.03885
0.03885
0.03885
0.03885
0.03885
0.03885
0.03885
0.03885
0.03885
0.03885
0.03885
0.03885
0.03885
0.03885
0.03885
0.03885
0.03885
0.03885
0.03885
0.03885
0.03885
0.03885
0.03885
0.03885
0.03885
0.03885
0.03885
0.03885
0.03885
0.03885
0.03885
0.03885
0.03885
0.03885
0.03885
0.03885
0.03885
0.03885
0.03885
0.03885
0.03885
0.03885
0.03885
0.03885
0.03885
0.03885
0.03885
-0.02938
-0.02939
-0.02940
-0.02940
-0.02940
-0.02940
-0.02940
-0.02940
-0.02940
-0.02940
-0.02940
-0.02940
-0.02940
-0.02939
-0.02938
-0.02937
-0.02936
-0.02935
-0.02934
-0.02933
-0.02932
-0.02931
-0.02930
-0.02926
-0.02922
-0.02918
-0.02914
-0.02910
-0.02906
-0.02902
-0.02898
-0.02894
-0.02890
-0.02857
-0.02824
-0.02791
-0.02758
-0.02725
-0.02692
-0.02659
-0.02626
-0.02593
-0.02560
-0.02392
-0.02224
-0.02056
-0.01888
-0.01720
-0.01552
-0.01384
-0.01216
-0.01048
-0.00880
-0.00529
-0.00178
0.00173
0.00524
0.00875
0.01226
0.01577
0.01928
0.02279
0.02630
0.02920
0.03210
0.03500
0.03790
0.04080
0.04370
0.04660
0.04950
0.05240
0.05530
0.05594
0.05658
0.05722
0.05786
0.05850
0.05914
0.05978
0.06042
0.06106
0.06170
0.06169
0.06168
0.06167
0.06166
0.06165
0.06164
0.06163
0.06162
0.06161
0.06160
0.06160
0.06160
0.06160
0.06160
0.06160
0.06160
0.06160
0.06160
0.06160
0.06160
0.06160
0.06160
0.06160
0.06160
0.06160
0.06160
0.06160
0.06160
0.06160
0.06160
0.06160
0.06160
0.06160
0.06160
0.06160
0.06160
0.06160
0.06160
0.06160
0.06160
0.06160
0.06160
0.06160
0.06160
0.06160
0.06160
0.06160
0.06160
0.06160
0.06160
0.06160
0.06160
0.06160
0.06160
0.06160
0.06160
0.06160
0.06160
0.06160
0.06160
0.06160
0.06160
0.06160
0.06160
0.06160
0.06160
0.06160
0.06160
0.06160
0.06160
0.06160
0.06160
0.06160
0.06160
0.06160
0.06160
0.06160
0.06160
0.06160
0.06160
0.06160
0.06160
0.06160
0.06160
0.06160
0.06160
0.06160
0.06160
0.06160
0.06160
0.06160
0.06160
0.06160
0.06160
0.06160
0.06160
0.06160
0.06160
0.06160
0.06160
0.06160
0.06160
0.06160
0.06160
0.06160
0.06160
0.06160
0.06160
0.06160
0.06160
0.06160
0.06160
0.06160
0.06160
0.06160
0.06160
0.06160
0.06160
0.06160
0.06160
0.06160
0.06160
0.06160
0.06160
0.06160
0.06160
0.06160
0.06160
0.06160
0.06160
0.06160
0.06160
0.06160
0.06160
0.06160
0.06160
0.06160
0.06160
0.06160
0.06160
0.06160
0.06160
0.06160
0.06160
0.06160
0.06160
0.06160
0.06160
0.06160
0.06160
0.06160
0.06160
0.06160
0.06160
0.06160
0.06160
0.06160
0.06160
0.06160
0.06160
0.06160
0.06160
0.06160
0.06160
0.06160
0.06160
0.06160
0.06160
0.06160
0.06160
0.06160
0.06160
0.06160
0.06160
0.06160
0.06160
0.06160
0.06160
0.06160
0.06160
0.06160
0.06160
0.06160
0.06160
0.06160
0.06160
0.06160
0.06160
0.06160
0.06160
0.06160
0.06160
0.06160
0.06160
0.06160
0.06160
0.06160
0.06160
-0.00915
-0.00915
-0.00915
-0.00915
-0.00915
-0.00915
-0.00915
-0.00915
-0.00915
-0.00915
-0.00915
-0.00915
-0.00915
-0.00915
-0.00915
-0.00915
-0.00915
-0.00915
-0.00915
-0.00915
-0.00915
-0.00915
-0.00915
-0.00915
-0.00915
-0.00915
-0.00915
-0.00915
-0.00915
-0.00915
-0.00915
-0.00915
-0.00915
-0.00915
-0.00913
-0.00909
-0.00905
-0.00901
-0.00897
-0.00893
-0.00889
-0.00885
-0.00881
-0.00877
-0.00860
-0.00829
-0.00798
-0.00767
-0.00736
-0.00705
-0.00674
-0.00643
-0.00612
-0.00581
-0.00486
-0.00329
-0.00171
-0.00014
0.00144
0.00301
0.00459
0.00616
0.00774
0.00931
0.01186
0.01537
0.01888
0.02239
0.02590
0.02941
0.03292
0.03643
0.03994
0.04345
0.04679
0.04996
0.05314
0.05631
0.05949
0.06266
0.06584
0.06901
0.07219
0.07536
0.07739
0.07828
0.07916
0.08005
0.08093
0.08182
0.08270
0.08359
0.08447
0.08536
0.08584
0.08593
0.08601
0.08610
0.08618
0.08627
0.08635
0.08644
0.08652
0.08661
0.08665
0.08665
0.08665
0.08665
0.08665
0.08665
0.08665
0.08665
0.08665
0.08665
0.08665
0.08665
0.08665
0.08665
0.08665
0.08665
0.08665
0.08665
0.08665
0.08665
0.08665
0.08665
0.08665
0.08665
0.08665
0.08665
0.08665
0.08665
0.08665
0.08665
0.08665
0.08665
0.08665
0.08665
0.08665
0.08665
0.08665
0.08665
0.08665
0.08665
0.08665
0.08665
0.08665
0.08665
0.08665
0.08665
0.08665
0.08665
0.08665
0.08665
0.08665
0.08665
0.08665
0.08665
0.08665
0.08665
0.08665
0.08665
0.08665
0.08665
0.08665
0.08665
0.08665
0.08665
0.08665
0.08665
0.08665
0.08665
0.08665
0.08665
0.08665
0.08665
0.08665
0.08665
0.08665
0.08665
0.08665
0.08665
0.08665
0.08665
0.08665
0.08665
0.08665
0.08665
0.08665
0.08665
0.08665
0.08665
0.08665
0.08665
0.08665
0.08665
0.08665
0.08665
0.08665
0.08665
0.08665
0.08665
0.08665
0.08665
0.08665
0.08665
0.08665
0.08665
0.08665
0.08665
0.08665
0.08665
0.08665
0.08665
0.08665
0.08665
0.08665
0.08665
0.08665
0.08665
0.08665
0.08665
0.08665
0.08665
0.08665
0.08665
0.08665
0.08665
0.08665
0.08665
0.08665
0.08665
0.08665
0.08665
0.08665
0.08665
0.08665
0.08665
0.08665
0.08665
0.08665
0.08665
0.08665
0.08665
0.08665
0.08665
0.08665
0.08665
0.08665
0.08665
0.08665
0.08665
0.08665
0.08665
0.08665
0.08665
0.08665
0.08665
0.08665
0.08665
0.08665
0.08665
0.08665
0.08665
0.08665
0.08665
0.08665
0.08665
0.08665
0.08665
0.08665
0.08665
0.08665
0.08665
0.08665
0.08665
0.08665
0.08665
0.08665
0.08665
0.08665
0.01950
0.01950
0.01950
0.01950
0.01950
0.01950
0.01950
0.01950
0.01950
0.01950
0.01950
0.01950
0.01950
0.01950
0.01950
0.01950
0.01950
0.01950
0.01950
0.01950
0.01950
0.01950
0.01950
0.01950
0.01950
0.01950
0.01950
0.01950
0.01950
0.01950
0.01950
0.01950
0.01950
0.01950
0.01950
0.01950
0.01950
0.01950
0.01950
0.01950
0.01950
0.01950
0.01950
0.01950
0.01950
0.01950
0.01953
0.01956
0.01959
0.01962
0.01965
0.01968
0.01971
0.01974
0.01977
0.01980
0.02008
0.02036
0.02064
0.02092
0.02120
0.02148
0.02176
0.02204
0.02232
0.02260
0.02415
0.02570
0.02725
0.02880
0.03035
0.03190
0.03345
0.03500
0.03655
0.03810
0.04179
0.04548
0.04917
0.05286
0.05655
0.06024
0.06393
0.06762
0.07131
0.07500
0.07837
0.08174
0.08511
0.08848
0.09185
0.09522
0.09859
0.10196
0.10533
0.10870
0.10962
0.11054
0.11146
0.11238
0.11330
0.11422
0.11514
0.11606
0.11698
0.11790
0.11790
0.11790
0.11790
0.11790
0.11790
0.11790
0.11790
0.11790
0.11790
0.11790
0.11790
0.11790
0.11790
0.11790
0.11790
0.11790
0.11790
0.11790
0.11790
0.11790
0.11790
0.11790
0.11790
0.11790
0.11790
0.11790
0.11790
0.11790
0.11790
0.11790
0.11790
0.11790
0.11790
0.11790
0.11790
0.11790
0.11790
0.11790
0.11790
0.11790
0.11790
0.11790
0.11790
0.11790
0.11790
0.11790
0.11790
0.11790
0.11790
0.11790
0.11790
0.11790
0.11790
0.11790
0.11790
0.11790
0.11790
0.11790
0.11790
0.11790
0.11790
0.11790
0.11790
0.11790
0.11790
0.11790
0.11790
0.11790
0.11790
0.11790
0.11790
0.11790
0.11790
0.11790
0.11790
0.11790
0.11790
0.11790
0.11790
0.11790
0.11790
0.11790
0.11790
0.11790
0.11790
0.11790
0.11790
0.11790
0.11790
0.11790
0.11790
0.11790
0.11790
0.11790
0.11790
0.11790
0.11790
0.11790
0.11790
0.11790
0.11790
0.11790
0.11790
0.11790
0.11790
0.11790
0.11790
0.11790
0.11790
0.11790
0.11790
0.11790
0.11790
0.11790
0.11790
0.11790
0.11790
0.11790
0.11790
0.11790
0.11790
0.11790
0.11790
0.11790
0.11790
0.11790
0.11790
0.11790
0.11790
0.11790
0.11790
0.11790
0.11790
0.11790
0.11790
0.11790
0.11790
0.11790
0.11790
0.11790
0.11790
0.11790
0.11790
0.11790
0.11790
0.11790
0.11790
0.11790
0.11790
0.11790
0.11790
0.11790
0.11790
0.11790
0.11790
0.11790
0.11790
0.11790
0.11790
0.11790
0.11790
0.11790
0.11790
0.11790
0.11790
0.11790
0.11790
0.11790
0.11790
0.11790
0.11790
0.11790
0.11790
0.11790
0.11790
0.05080
0.05080
0.05080
0.05080
0.05080
0.05080
0.05080
0.05080
0.05080
0.05080
0.05080
0.05080
0.05080
0.05080
0.05080
0.05080
0.05080
0.05080
0.05079
0.05079
0.05078
0.05078
0.05077
0.05077
0.05076
0.05076
0.05075
0.05075
0.05075
0.05075
0.05075
0.05075
0.05075
0.05075
0.05075
0.05075
0.05075
0.05075
0.05075
0.05075
0.05075
0.05075
0.05075
0.05075
0.05075
0.05075
0.05075
0.05075
0.05076
0.05077
0.05078
0.05079
0.05080
0.05081
0.05082
0.05083
0.05084
0.05087
0.05090
0.05094
0.05097
0.05101
0.05104
0.05108
0.05111
0.05115
0.05118
0.05136
0.05169
0.05201
0.05234
0.05266
0.05299
0.05331
0.05364
0.05396
0.05429
0.05529
0.05697
0.05865
0.06033
0.06201
0.06369
0.06537
0.06705
0.06873
0.07041
0.07313
0.07689
0.08065
0.08441
0.08817
0.09193
0.09569
0.09945
0.10321
0.10697
0.11047
0.11370
0.11693
0.12016
0.12339
0.12662
0.12985
0.13308
0.13631
0.13954
0.14115
0.14115
0.14115
0.14115
0.14115
0.14115
0.14115
0.14115
0.14115
0.14115
0.14115
0.14115
0.14115
0.14115
0.14115
0.14115
0.14115
0.14115
0.14115
0.14115
0.14115
0.14115
0.14115
0.14115
0.14115
0.14115
0.14115
0.14115
0.14115
0.14115
0.14115
0.14115
0.14115
0.14115
0.14115
0.14115
0.14115
0.14115
0.14115
0.14115
0.14115
0.14115
0.14115
0.14115
0.14115
0.14115
0.14115
0.14115
0.14115
0.14115
0.14115
0.14115
0.14115
0.14115
0.14115
0.14115
0.14115
0.14115
0.14115
0.14115
0.14115
0.14115
0.14115
0.14115
0.14115
0.14115
0.14115
0.14115
0.14115
0.14115
0.14115
0.14115
0.14115
0.14115
0.14115
0.14115
0.14115
0.14115
0.14115
0.14115
0.14115
0.14115
0.14115
0.14115
0.14115
0.14115
0.14115
0.14115
0.14115
0.14115
0.14115
0.14115
0.14115
0.14115
0.14115
0.14115
0.14115
0.14115
0.14115
0.14115
0.14115
0.14115
0.14115
0.14115
0.14115
0.14115
0.14115
0.14115
0.14115
0.14115
0.14115
0.14115
0.14115
0.14115
0.14115
0.14115
0.14115
0.14115
0.14115
0.14115
0.14115
0.14115
0.14115
0.14115
0.14115
0.14115
0.14115
0.14115
0.14115
0.14115
0.14115
0.14115
0.14115
0.14115
0.14115
0.14115
0.14115
0.14115
0.14115
0.14115
0.14115
0.14115
0.14115
0.14115
0.14115
0.14115
0.14115
0.14115
0.14115
0.14115
0.14115
0.14115
0.14115
0.14115
0.14115
0.14115
0.14115
0.14115
0.14115
0.14115
0.14115
0.14115
0.14115
0.14115
0.14115
0.14115
0.14115
0.14115
0.14115
0.14115
0.14115
0.14115
0.14115
0.14115
0.08422
0.08423
0.08424
0.08425
0.08426
0.08427
0.08428
0.08429
0.08430
0.08430
0.08430
0.08430
0.08430
0.08430
0.08430
0.08430
0.08430
0.08430
0.08430
0.08431
0.08432
0.08433
0.08434
0.08435
0.08436
0.08437
0.08438
0.08439
0.08440
0.08440
0.08440
0.08440
0.08440
0.08440
0.08440
0.08440
0.08440
0.08440
0.08440
0.08440
0.08440
0.08440
0.08440
0.08440
0.08440
0.08440
0.08440
0.08440
0.08440
0.08440
0.08440
0.08440
0.08440
0.08440
0.08440
0.08440
0.08440
0.08440
0.08440
0.08441
0.08442
0.08443
0.08444
0.08445
0.08446
0.08447
0.08448
0.08449
0.08450
0.08454
0.08458
0.08462
0.08466
0.08470
0.08474
0.08478
0.08482
0.08486
0.08490
0.08526
0.08562
0.08598
0.08634
0.08670
0.08706
0.08742
0.08778
0.08814
0.08850
0.09035
0.09220
0.09405
0.09590
0.09775
0.09960
0.10145
0.10330
0.10515
0.10700
0.11088
0.11476
0.11864
0.12252
0.12640
0.13028
0.13416
0.13804
0.14192
0.14580
0.14580
0.14580
0.14580
0.14580
0.14580
0.14580
0.14580
0.14580
0.14580
0.14580
0.14580
0.14580
0.14580
0.14580
0.14580
0.14580
0.14580
0.14580
0.14580
0.14580
0.14580
0.14580
0.14580
0.14580
0.14580
0.14580
0.14580
0.14580
0.14580
0.14580
0.14580
0.14580
0.14580
0.14580
0.14580
0.14580
0.14580
0.14580
0.14580
0.14580
0.14580
0.14580
0.14580
0.14580
0.14580
0.14580
0.14580
0.14580
0.14580
0.14580
0.14580
0.14580
0.14580
0.14580
0.14580
0.14580
0.14580
0.14580
0.14580
0.14580
0.14580
0.14580
0.14580
0.14580
0.14580
0.14580
0.14580
0.14580
0.14580
0.14580
0.14580
0.14580
0.14580
0.14580
0.14580
0.14580
0.14580
0.14580
0.14580
0.14580
0.14580
0.14580
0.14580
0.14580
0.14580
0.14580
0.14580
0.14580
0.14580
0.14580
0.14580
0.14580
0.14580
0.14580
0.14580
0.14580
0.14580
0.14580
0.14580
0.14580
0.14580
0.14580
0.14580
0.14580
0.14580
0.14580
0.14580
0.14580
0.14580
0.14580
0.14580
0.14580
0.14580
0.14580
0.14580
0.14580
0.14580
0.14580
0.14580
0.14580
0.14580
0.14580
0.14580
0.14580
0.14580
0.14580
0.14580
0.14580
0.14580
0.14580
0.14580
0.14580
0.14580
0.14580
0.14580
0.14580
0.14580
0.14580
0.14580
0.14580
0.14580
0.14580
0.14580
0.14580
0.14580
0.14580
0.14580
0.14580
0.14580
0.14580
0.14580
0.14580
0.14580
0.14580
0.14580
0.14580
0.14580
0.14580
0.14580
0.14580
0.14580
0.14580
0.14580
0.14580
0.14580
0.14580
0.14580
0.14580
0.14580
0.14580
0.14580
0.14580
0.11527
0.11531
0.11535
0.11539
0.11543
0.11547
0.11551
0.11555
0.11559
0.11563
0.11567
0.11572
0.11577
0.11582
0.11587
0.11592
0.11597
0.11602
0.11607
0.11612
0.11617
0.11622
0.11627
0.11632
0.11637
0.11642
0.11647
0.11652
0.11657
0.11662
0.11666
0.11669
0.11671
0.11674
0.11676
0.11679
0.11681
0.11684
0.11686
0.11689
0.11691
0.11692
0.11694
0.11695
0.11697
0.11698
0.11700
0.11701
0.11703
0.11704
0.11705
0.11706
0.11706
0.11707
0.11707
0.11708
0.11708
0.11709
0.11709
0.11710
0.11710
0.11711
0.11712
0.11713
0.11714
0.11715
0.11716
0.11717
0.11718
0.11719
0.11720
0.11721
0.11722
0.11723
0.11724
0.11725
0.11726
0.11727
0.11728
0.11729
0.11733
0.11739
0.11745
0.11751
0.11757
0.11763
0.11769
0.11775
0.11781
0.11787
0.11814
0.11861
0.11908
0.11955
0.12002
0.12049
0.12096
0.12143
0.12190
0.12237
0.12365
0.12576
0.12786
0.12997
0.13207
0.13418
0.13628
0.13839
0.14049
0.14260
0.14365
0.14365
0.14365
0.14365
0.14365
0.14365
0.14365
0.14365
0.14365
0.14365
0.14365
0.14365
0.14365
0.14365
0.14365
0.14365
0.14365
0.14365
0.14365
0.14365
0.14365
0.14365
0.14365
0.14365
0.14365
0.14365
0.14365
0.14365
0.14365
0.14365
0.14365
0.14365
0.14365
0.14365
0.14365
0.14365
0.14365
0.14365
0.14365
0.14365
0.14365
0.14365
0.14365
0.14365
0.14365
0.14365
0.14365
0.14365
0.14365
0.14365
0.14365
0.14365
0.14365
0.14365
0.14365
0.14365
0.14365
0.14365
0.14365
0.14365
0.14365
0.14365
0.14365
0.14365
0.14365
0.14365
0.14365
0.14365
0.14365
0.14365
0.14365
0.14365
0.14365
0.14365
0.14365
0.14365
0.14365
0.14365
0.14365
0.14365
0.14365
0.14365
0.14365
0.14365
0.14365
0.14365
0.14365
0.14365
0.14365
0.14365
0.14365
0.14365
0.14365
0.14365
0.14365
0.14365
0.14365
0.14365
0.14365
0.14365
0.14365
0.14365
0.14365
0.14365
0.14365
0.14365
0.14365
0.14365
0.14365
0.14365
0.14365
0.14365
0.14365
0.14365
0.14365
0.14365
0.14365
0.14365
0.14365
0.14365
0.14365
0.14365
0.14365
0.14365
0.14365
0.14365
0.14365
0.14365
0.14365
0.14365
0.14365
0.14365
0.14365
0.14365
0.14365
0.14365
0.14365
0.14365
0.14365
0.14365
0.14365
0.14365
0.14365
0.14365
0.14365
0.14365
0.14365
0.14365
0.14365
0.14365
0.14365
0.14365
0.14365
0.14365
0.14365
0.14365
0.14365
0.14365
0.14365
0.14365
0.14365
0.14365
0.14365
0.14365
0.14365
0.14365
0.14365
0.14365
0.14365
0.14365
0.14365
0.11532
0.11660
0.11698
0.11736
0.11774
0.11812
0.11850
0.11888
0.11926
0.11964
0.12002
0.12040
0.12053
0.12066
0.12079
0.12092
0.12105
0.12118
0.12131
0.12144
0.12157
0.12170
0.12175
0.12180
0.12185
0.12190
0.12195
0.12200
0.12205
0.12210
0.12215
0.12220
0.12223
0.12226
0.12229
0.12232
0.12235
0.12238
0.12241
0.12244
0.12247
0.12250
0.12254
0.12258
0.12262
0.12266
0.12270
0.12274
0.12278
0.12282
0.12286
0.12290
0.12299
0.12308
0.12317
0.12326
0.12335
0.12344
0.12353
0.12362
0.12371
0.12380
0.12384
0.12388
0.12392
0.12396
0.12400
0.12404
0.12408
0.12412
0.12416
0.12420
0.12422
0.12424
0.12426
0.12428
0.12430
0.12432
0.12434
0.12436
0.12438
0.12440
0.12442
0.12444
0.12446
0.12448
0.12450
0.12452
0.12454
0.12456
0.12458
0.12460
0.12469
0.12478
0.12487
0.12496
0.12505
0.12514
0.12523
0.12532
0.12541
0.12550
0.12610
0.12670
0.12730
0.12790
0.12850
0.12910
0.12970
0.13030
0.13090
0.13150
0.13150
0.13150
0.13150
0.13150
0.13150
0.13150
0.13150
0.13150
0.13150
0.13150
0.13150
0.13150
0.13150
0.13150
0.13150
0.13150
0.13150
0.13150
0.13150
0.13150
0.13150
0.13150
0.13150
0.13150
0.13150
0.13150
0.13150
0.13150
0.13150
0.13150
0.13150
0.13150
0.13150
0.13150
0.13150
0.13150
0.13150
0.13150
0.13150
0.13150
0.13150
0.13150
0.13150
0.13150
0.13150
0.13150
0.13150
0.13150
0.13150
0.13150
0.13150
0.13150
0.13150
0.13150
0.13150
0.13150
0.13150
0.13150
0.13150
0.13150
0.13150
0.13150
0.13150
0.13150
0.13150
0.13150
0.13150
0.13150
0.13150
0.13150
0.13150
0.13150
0.13150
0.13150
0.13150
0.13150
0.13150
0.13150
0.13150
0.13150
0.13150
0.13150
0.13150
0.13150
0.13150
0.13150
0.13150
0.13150
0.13150
0.13150
0.13150
0.13150
0.13150
0.13150
0.13150
0.13150
0.13150
0.13150
0.13150
0.13150
0.13150
0.13150
0.13150
0.13150
0.13150
0.13150
0.13150
0.13150
0.13150
0.13150
0.13150
0.13150
0.13150
0.13150
0.13150
0.13150
0.13150
0.13150
0.13150
0.13150
0.13150
0.13150
0.13150
0.13150
0.13150
0.13150
0.13150
0.13150
0.13150
0.13150
0.13150
0.13150
0.13150
0.13150
0.13150
0.13150
0.13150
0.13150
0.13150
0.13150
0.13150
0.13150
0.13150
0.13150
0.13150
0.13150
0.13150
0.13150
0.13150
0.13150
0.13150
0.13150
0.13150
0.13150
0.13150
0.13150
0.13150
0.13150
0.13150
0.13150
0.13150
0.13150
0.13150
0.13150
0.13150
0.13150
0.13150
0.13150
0.13150
0.11800
0.11800
0.11800
0.11820
0.11861
0.11902
0.11943
0.11984
0.12025
0.12066
0.12107
0.12148
0.12189
0.12268
0.12383
0.12499
0.12614
0.12730
0.12845
0.12961
0.13076
0.13192
0.13307
0.13410
0.13499
0.13588
0.13677
0.13766
0.13855
0.13944
0.14033
0.14122
0.14210
0.14269
0.14296
0.14324
0.14351
0.14379
0.14406
0.14434
0.14461
0.14489
0.14516
0.14534
0.14543
0.14552
0.14561
0.14570
0.14579
0.14588
0.14597
0.14606
0.14615
0.14622
0.14627
0.14632
0.14637
0.14642
0.14647
0.14652
0.14657
0.14662
0.14667
0.14672
0.14676
0.14680
0.14684
0.14688
0.14692
0.14696
0.14700
0.14704
0.14708
0.14712
0.14716
0.14720
0.14724
0.14728
0.14732
0.14736
0.14740
0.14744
0.14748
0.14753
0.14758
0.14764
0.14769
0.14775
0.14780
0.14786
0.14791
0.14797
0.14802
0.14808
0.14815
0.14822
0.14829
0.14836
0.14843
0.14850
0.14857
0.14864
0.14871
0.14883
0.14900
0.14916
0.14933
0.14949
0.14966
0.14982
0.14999
0.15015
0.15032
0.15040
0.15040
0.15040
0.15040
0.15040
0.15040
0.15040
0.15040
0.15040
0.15040
0.15040
0.15040
0.15040
0.15040
0.15040
0.15040
0.15040
0.15040
0.15040
0.15040
0.15040
0.15040
0.15040
0.15040
0.15040
0.15040
0.15040
0.15040
0.15040
0.15040
0.15040
0.15040
0.15040
0.15040
0.15040
0.15040
0.15040
0.15040
0.15040
0.15040
0.15040
0.15040
0.15040
0.15040
0.15040
0.15040
0.15040
0.15040
0.15040
0.15040
0.15040
0.15040
0.15040
0.15040
0.15040
0.15040
0.15040
0.15040
0.15040
0.15040
0.15040
0.15040
0.15040
0.15040
0.15040
0.15040
0.15040
0.15040
0.15040
0.15040
0.15040
0.15040
0.15040
0.15040
0.15040
0.15040
0.15040
0.15040
0.15040
0.15040
0.15040
0.15040
0.15040
0.15040
0.15040
0.15040
0.15040
0.15040
0.15040
0.15040
0.15040
0.15040
0.15040
0.15040
0.15040
0.15040
0.15040
0.15040
0.15040
0.15040
0.15040
0.15040
0.15040
0.15040
0.15040
0.15040
0.15040
0.15040
0.15040
0.15040
0.15040
0.15040
0.15040
0.15040
0.15040
0.15040
0.15040
0.15040
0.15040
0.15040
0.15040
0.15040
0.15040
0.15040
0.15040
0.15040
0.15040
0.15040
0.15040
0.15040
0.15040
0.15040
0.15040
0.15040
0.15040
0.15040
0.15040
0.15040
0.15040
0.15040
0.15040
0.15040
0.15040
0.15040
0.15040
0.15040
0.15040
0.15040
0.15040
0.15040
0.15040
0.15040
0.15040
0.15040
0.15040
0.15040
0.15040
0.15040
0.15040
0.15040
0.15040
0.15040
0.15040
0.15040
0.15040
0.15040
0.15040
0.15040
0.14176
0.14177
0.14178
0.14179
0.14180
0.14180
0.14180
0.14180
0.14180
0.14180
0.14180
0.14180
0.14180
0.14180
0.14180
0.14180
0.14180
0.14180
0.14180
0.14180
0.14180
0.14180
0.14180
0.14180
0.14180
0.14180
0.14180
0.14180
0.14180
0.14180
0.14180
0.14180
0.14180
0.14180
0.14180
0.14307
0.14434
0.14561
0.14688
0.14815
0.14942
0.15069
0.15196
0.15323
0.15450
0.15572
0.15694
0.15816
0.15938
0.16060
0.16182
0.16304
0.16426
0.16548
0.16670
0.16706
0.16742
0.16778
0.16814
0.16850
0.16886
0.16922
0.16958
0.16994
0.17030
0.17043
0.17056
0.17069
0.17082
0.17095
0.17108
0.17121
0.17134
0.17147
0.17160
0.17166
0.17172
0.17178
0.17184
0.17190
0.17196
0.17202
0.17208
0.17214
0.17220
0.17224
0.17228
0.17232
0.17236
0.17240
0.17244
0.17248
0.17252
0.17256
0.17260
0.17264
0.17268
0.17272
0.17276
0.17280
0.17284
0.17288
0.17292
0.17296
0.17300
0.17306
0.17312
0.17318
0.17324
0.17330
0.17336
0.17342
0.17348
0.17354
0.17360
0.17360
0.17360
0.17360
0.17360
0.17360
0.17360
0.17360
0.17360
0.17360
0.17360
0.17360
0.17360
0.17360
0.17360
0.17360
0.17360
0.17360
0.17360
0.17360
0.17360
0.17360
0.17360
0.17360
0.17360
0.17360
0.17360
0.17360
0.17360
0.17360
0.17360
0.17360
0.17360
0.17360
0.17360
0.17360
0.17360
0.17360
0.17360
0.17360
0.17360
0.17360
0.17360
0.17360
0.17360
0.17360
0.17360
0.17360
0.17360
0.17360
0.17360
0.17360
0.17360
0.17360
0.17360
0.17360
0.17360
0.17360
0.17360
0.17360
0.17360
0.17360
0.17360
0.17360
0.17360
0.17360
0.17360
0.17360
0.17360
0.17360
0.17360
0.17360
0.17360
0.17360
0.17360
0.17360
0.17360
0.17360
0.17360
0.17360
0.17360
0.17360
0.17360
0.17360
0.17360
0.17360
0.17360
0.17360
0.17360
0.17360
0.17360
0.17360
0.17360
0.17360
0.17360
0.17360
0.17360
0.17360
0.17360
0.17360
0.17360
0.17360
0.17360
0.17360
0.17360
0.17360
0.17360
0.17360
0.17360
0.17360
0.17360
0.17360
0.17360
0.17360
0.17360
0.17360
0.17360
0.17360
0.17360
0.17360
0.17360
0.17360
0.17360
0.17360
0.17360
0.17360
0.17360
0.17360
0.17360
0.17360
0.17360
0.17360
0.17360
0.17360
0.17360
0.17360
0.17360
0.17360
0.17360
0.17360
0.17360
0.17360
0.17360
0.17360
0.17360
0.17360
0.17360
0.17360
0.17360
0.17360
0.17360
0.17360
0.17360
0.17360
0.17360
0.17360
0.17360
0.17360
0.17360
0.17360
0.17360
0.17360
0.17360
0.17360
0.17360
0.17360
0.17360
0.16957
0.16958
0.16960
0.16961
0.16963
0.16964
0.16965
0.16966
0.16966
0.16967
0.16967
0.16968
0.16968
0.16969
0.16969
0.16970
0.16970
0.16970
0.16970
0.16970
0.16970
0.16970
0.16970
0.16970
0.16970
0.16970
0.16970
0.16970
0.16970
0.16970
0.16970
0.16970
0.16970
0.16970
0.16970
0.16970
0.16970
0.16970
0.16970
0.16970
0.16970
0.16970
0.16970
0.16970
0.16970
0.16970
0.16970
0.16970
0.16970
0.16970
0.16970
0.16970
0.16970
0.16970
0.16970
0.16970
0.17014
0.17103
0.17191
0.17280
0.17368
0.17457
0.17545
0.17634
0.17722
0.17811
0.17930
0.18079
0.18229
0.18378
0.18528
0.18677
0.18827
0.18976
0.19126
0.19275
0.19378
0.19434
0.19490
0.19546
0.19602
0.19658
0.19714
0.19770
0.19826
0.19882
0.19919
0.19938
0.19956
0.19975
0.19993
0.20012
0.20030
0.20049
0.20067
0.20086
0.20099
0.20107
0.20115
0.20123
0.20131
0.20139
0.20147
0.20155
0.20163
0.20171
0.20178
0.20184
0.20190
0.20196
0.20202
0.20208
0.20214
0.20220
0.20226
0.20232
0.20235
0.20235
0.20235
0.20235
0.20235
0.20235
0.20235
0.20235
0.20235
0.20235
0.20235
0.20235
0.20235
0.20235
0.20235
0.20235
0.20235
0.20235
0.20235
0.20235
0.20235
0.20235
0.20235
0.20235
0.20235
0.20235
0.20235
0.20235
0.20235
0.20235
0.20235
0.20235
0.20235
0.20235
0.20235
0.20235
0.20235
0.20235
0.20235
0.20235
0.20235
0.20235
0.20235
0.20235
0.20235
0.20235
0.20235
0.20235
0.20235
0.20235
0.20235
0.20235
0.20235
0.20235
0.20235
0.20235
0.20235
0.20235
0.20235
0.20235
0.20235
0.20235
0.20235
0.20235
0.20235
0.20235
0.20235
0.20235
0.20235
0.20235
0.20235
0.20235
0.20235
0.20235
0.20235
0.20235
0.20235
0.20235
0.20235
0.20235
0.20235
0.20235
0.20235
0.20235
0.20235
0.20235
0.20235
0.20235
0.20235
0.20235
0.20235
0.20235
0.20235
0.20235
0.20235
0.20235
0.20235
0.20235
0.20235
0.20235
0.20235
0.20235
0.20235
0.20235
0.20235
0.20235
0.20235
0.20235
0.20235
0.20235
0.20235
0.20235
0.20235
0.20235
0.20235
0.20235
0.20235
0.20235
0.20235
0.20235
0.20235
0.20235
0.20235
0.20235
0.20235
0.20235
0.20235
0.20235
0.20235
0.20235
0.20235
0.20235
0.20235
0.20235
0.20235
0.20235
0.20235
0.20235
0.20235
0.20235
0.20235
0.20235
0.20235
0.20235
0.20235
0.20235
0.20235
0.20235
0.20235
0.20235
0.20235
0.20235
0.20235
0.20235
0.20235
0.20235
0.20235
0.20235
0.20235
0.20235
0.20235
0.20235
0.20235
0.20235
0.20235
0.19747
0.19756
0.19765
0.19774
0.19783
0.19792
0.19801
0.19810
0.19813
0.19816
0.19819
0.19822
0.19825
0.19828
0.19831
0.19834
0.19837
0.19840
0.19842
0.19844
0.19846
0.19848
0.19850
0.19852
0.19854
0.19856
0.19858
0.19860
0.19861
0.19862
0.19863
0.19864
0.19865
0.19866
0.19867
0.19868
0.19869
0.19870
0.19870
0.19870
0.19870
0.19870
0.19870
0.19870
0.19870
0.19870
0.19870
0.19870
0.19870
0.19870
0.19870
0.19870
0.19870
0.19870
0.19870
0.19870
0.19870
0.19870
0.19870
0.19870
0.19870
0.19870
0.19870
0.19870
0.19870
0.19870
0.19870
0.19870
0.19870
0.19870
0.19870
0.19870
0.19870
0.19870
0.19870
0.19870
0.19870
0.19870
0.19935
0.20000
0.20065
0.20130
0.20195
0.20260
0.20325
0.20390
0.20455
0.20520
0.20708
0.20896
0.21084
0.21272
0.21460
0.21648
0.21836
0.22024
0.22212
0.22400
0.22455
0.22510
0.22565
0.22620
0.22675
0.22730
0.22785
0.22840
0.22895
0.22950
0.22969
0.22988
0.23007
0.23026
0.23045
0.23064
0.23083
0.23102
0.23121
0.23140
0.23140
0.23140
0.23140
0.23140
0.23140
0.23140
0.23140
0.23140
0.23140
0.23140
0.23140
0.23140
0.23140
0.23140
0.23140
0.23140
0.23140
0.23140
0.23140
0.23140
0.23140
0.23140
0.23140
0.23140
0.23140
0.23140
0.23140
0.23140
0.23140
0.23140
0.23140
0.23140
0.23140
0.23140
0.23140
0.23140
0.23140
0.23140
0.23140
0.23140
0.23140
0.23140
0.23140
0.23140
0.23140
0.23140
0.23140
0.23140
0.23140
0.23140
0.23140
0.23140
0.23140
0.23140
0.23140
0.23140
0.23140
0.23140
0.23140
0.23140
0.23140
0.23140
0.23140
0.23140
0.23140
0.23140
0.23140
0.23140
0.23140
0.23140
0.23140
0.23140
0.23140
0.23140
0.23140
0.23140
0.23140
0.23140
0.23140
0.23140
0.23140
0.23140
0.23140
0.23140
0.23140
0.23140
0.23140
0.23140
0.23140
0.23140
0.23140
0.23140
0.23140
0.23140
0.23140
0.23140
0.23140
0.23140
0.23140
0.23140
0.23140
0.23140
0.23140
0.23140
0.23140
0.23140
0.23140
0.23140
0.23140
0.23140
0.23140
0.23140
0.23140
0.23140
0.23140
0.23140
0.23140
0.23140
0.23140
0.23140
0.23140
0.23140
0.23140
0.23140
0.23140
0.23140
0.23140
0.23140
0.23140
0.23140
0.23140
0.23140
0.23140
0.23140
0.23140
0.23140
0.23140
0.23140
0.23140
0.23140
0.23140
0.23140
0.23140
0.23140
0.23140
0.23140
0.23140
0.23140
0.23140
0.23140
0.23140
0.23140
0.23140
0.23140
0.23140
0.23140
0.23140
0.23140
0.23140
0.23140
0.23140
0.23140
0.23140
0.20498
0.20683
0.20868
0.21053
0.21238
0.21423
0.21608
0.21793
0.21977
0.22098
0.22155
0.22211
0.22268
0.22324
0.22381
0.22437
0.22494
0.22550
0.22607
0.22644
0.22661
0.22679
0.22696
0.22714
0.22731
0.22749
0.22766
0.22784
0.22801
0.22813
0.22818
0.22824
0.22829
0.22835
0.22840
0.22846
0.22851
0.22857
0.22862
0.22866
0.22868
0.22870
0.22872
0.22874
0.22876
0.22878
0.22880
0.22882
0.22884
0.22885
0.22886
0.22887
0.22888
0.22889
0.22890
0.22891
0.22892
0.22893
0.22894
0.22895
0.22896
0.22896
0.22897
0.22897
0.22898
0.22898
0.22899
0.22899
0.22900
0.22900
0.22900
0.22900
0.22900
0.22900
0.22900
0.22900
0.22900
0.22900
0.22900
0.22900
0.22900
0.22900
0.22900
0.22900
0.22900
0.22900
0.22900
0.22900
0.22900
0.22900
0.22900
0.22900
0.22900
0.22900
0.22900
0.22900
0.22900
0.22900
0.22900
0.22945
0.23037
0.23128
0.23219
0.23310
0.23401
0.23492
0.23583
0.23674
0.23765
0.23895
0.24064
0.24233
0.24402
0.24571
0.24740
0.24909
0.25078
0.25247
0.25416
0.25500
0.25500
0.25500
0.25500
0.25500
0.25500
0.25500
0.25500
0.25500
0.25500
0.25500
0.25500
0.25500
0.25500
0.25500
0.25500
0.25500
0.25500
0.25500
0.25500
0.25500
0.25500
0.25500
0.25500
0.25500
0.25500
0.25500
0.25500
0.25500
0.25500
0.25500
0.25500
0.25500
0.25500
0.25500
0.25500
0.25500
0.25500
0.25500
0.25500
0.25500
0.25500
0.25500
0.25500
0.25500
0.25500
0.25500
0.25500
0.25500
0.25500
0.25500
0.25500
0.25500
0.25500
0.25500
0.25500
0.25500
0.25500
0.25500
0.25500
0.25500
0.25500
0.25500
0.25500
0.25500
0.25500
0.25500
0.25500
0.25500
0.25500
0.25500
0.25500
0.25500
0.25500
0.25500
0.25500
0.25500
0.25500
0.25500
0.25500
0.25500
0.25500
0.25500
0.25500
0.25500
0.25500
0.25500
0.25500
0.25500
0.25500
0.25500
0.25500
0.25500
0.25500
0.25500
0.25500
0.25500
0.25500
0.25500
0.25500
0.25500
0.25500
0.25500
0.25500
0.25500
0.25500
0.25500
0.25500
0.25500
0.25500
0.25500
0.25500
0.25500
0.25500
0.25500
0.25500
0.25500
0.25500
0.25500
0.25500
0.25500
0.25500
0.25500
0.25500
0.25500
0.25500
0.25500
0.25500
0.25500
0.25500
0.25500
0.25500
0.25500
0.25500
0.25500
0.25500
0.25500
0.25500
0.25500
0.25500
0.25500
0.25500
0.25500
0.25500
0.25500
0.25500
0.25500
0.25500
0.25500
0.25500
0.25500
0.25500
0.25500
0.25500
0.25500
0.25500
0.25500
0.25500
0.25500
0.25500
0.25500
0.25500
-0.50300
-0.43909
-0.37518
-0.31127
-0.24736
-0.18345
-0.11954
-0.05563
0.00828
0.07219
0.13610
0.14506
0.15402
0.16298
0.17194
0.18090
0.18986
0.19882
0.20778
0.21674
0.22570
0.22812
0.23054
0.23296
0.23538
0.23780
0.24022
0.24264
0.24506
0.24748
0.24990
0.25063
0.25136
0.25209
0.25282
0.25355
0.25428
0.25501
0.25574
0.25647
0.25720
0.25743
0.25766
0.25789
0.25812
0.25835
0.25858
0.25881
0.25904
0.25927
0.25950
0.25957
0.25964
0.25971
0.25978
0.25985
0.25992
0.25999
0.26006
0.26013
0.26020
0.26022
0.26024
0.26026
0.26028
0.26030
0.26032
0.26034
0.26036
0.26038
0.26040
0.26041
0.26042
0.26043
0.26044
0.26045
0.26046
0.26047
0.26048
0.26049
0.26050
0.26051
0.26052
0.26053
0.26054
0.26055
0.26056
0.26057
0.26058
0.26059
0.26060
0.26060
0.26060
0.26060
0.26060
0.26060
0.26060
0.26060
0.26060
0.26060
0.26060
0.26060
0.26060
0.26060
0.26060
0.26060
0.26060
0.26060
0.26060
0.26060
0.26060
0.26060
0.26060
0.26060
0.26060
0.26060
0.26060
0.26060
0.26060
0.26060
0.26060
0.26060
0.26060
0.26060
0.26060
0.26060
0.26060
0.26060
0.26060
0.26060
0.26060
0.26060
0.26060
0.26060
0.26060
0.26060
0.26060
0.26060
0.26060
0.26060
0.26060
0.26060
0.26060
0.26060
0.26060
0.26060
0.26060
0.26060
0.26060
0.26060
0.26060
0.26060
0.26060
0.26060
0.26060
0.26060
0.26060
0.26060
0.26060
0.26060
0.26060
0.26060
0.26060
0.26060
0.26060
0.26060
0.26060
0.26060
0.26060
0.26060
0.26060
0.26060
0.26060
0.26060
0.26060
0.26060
0.26060
0.26060
0.26060
0.26060
0.26060
0.26060
0.26060
0.26060
0.26060
0.26060
0.26060
0.26060
0.26060
0.26060
0.26060
0.26060
0.26060
0.26060
0.26060
0.26060
0.26060
0.26060
0.26060
0.26060
0.26060
0.26060
0.26060
0.26060
0.26060
0.26060
0.26060
0.26060
0.26060
0.26060
0.26060
0.26060
0.26060
0.26060
0.26060
0.26060
0.26060
0.26060
0.26060
0.26060
0.26060
0.26060
0.26060
0.26060
0.26060
0.26060
0.26060
0.26060
0.26060
0.26060
0.26060
0.26060
0.26060
0.26060
0.26060
0.26060
0.26060
0.26060
0.26060
0.26060
0.26060
0.26060
0.26060
0.26060
0.26060
0.26060
0.26060
0.26060
0.26060
0.26060
0.26060
0.26060
0.26060
0.26060
0.26060
0.26060
0.26060
0.26060
0.26060
0.26060
0.26060
0.26060
0.26060
0.26060
0.26060
0.26060
0.26060
0.26060
0.26060
0.26060
0.26060
0.26060
0.26060
0.26060
0.26060
0.26060
0.26060
0.26060
0.26060
0.26060
0.26060
-1.35839
-1.29526
-1.25008
-1.22285
-1.19561
-1.16838
-1.14114
-1.11391
-1.08667
-1.05944
-1.03220
-1.00497
-0.96810
-0.92161
-0.87512
-0.82863
-0.78214
-0.73565
-0.68916
-0.64267
-0.59618
-0.54969
-0.49527
-0.43292
-0.37056
-0.30821
-0.24585
-0.18350
-0.12114
-0.05879
0.00357
0.06592
0.10445
0.11914
0.13383
0.14852
0.16321
0.17790
0.19259
0.20728
0.22197
0.23666
0.24581
0.24942
0.25304
0.25665
0.26027
0.26388
0.26750
0.27111
0.27473
0.27834
0.28068
0.28175
0.28281
0.28388
0.28494
0.28601
0.28707
0.28814
0.28920
0.29027
0.29096
0.29128
0.29160
0.29192
0.29224
0.29256
0.29288
0.29320
0.29352
0.29384
0.29405
0.29416
0.29426
0.29437
0.29447
0.29458
0.29468
0.29479
0.29489
0.29500
0.29506
0.29509
0.29512
0.29515
0.29518
0.29521
0.29524
0.29527
0.29530
0.29533
0.29536
0.29537
0.29539
0.29540
0.29542
0.29543
0.29545
0.29546
0.29548
0.29549
0.29550
0.29551
0.29551
0.29552
0.29552
0.29553
0.29553
0.29554
0.29554
0.29555
0.29555
0.29556
0.29556
0.29557
0.29557
0.29558
0.29558
0.29559
0.29559
0.29560
0.29560
0.29560
0.29560
0.29560
0.29560
0.29560
0.29560
0.29560
0.29560
0.29560
0.29560
0.29560
0.29560
0.29560
0.29560
0.29560
0.29560
0.29560
0.29560
0.29560
0.29560
0.29560
0.29560
0.29560
0.29560
0.29560
0.29560
0.29560
0.29560
0.29560
0.29560
0.29560
0.29560
0.29560
0.29560
0.29560
0.29560
0.29560
0.29560
0.29560
0.29560
0.29560
0.29560
0.29560
0.29560
0.29560
0.29560
0.29560
0.29560
0.29560
0.29560
0.29560
0.29560
0.29560
0.29560
0.29560
0.29560
0.29560
0.29560
0.29560
0.29560
0.29560
0.29560
0.29560
0.29560
0.29560
0.29560
0.29560
0.29560
0.29560
0.29560
0.29560
0.29560
0.29560
0.29560
0.29560
0.29560
0.29560
0.29560
0.29560
0.29560
0.29560
0.29560
0.29560
0.29560
0.29560
0.29560
0.29560
0.29560
0.29560
0.29560
0.29560
0.29560
0.29560
0.29560
0.29560
0.29560
0.29560
0.29560
0.29560
0.29560
0.29560
0.29560
0.29560
0.29560
0.29560
0.29560
0.29560
0.29560
0.29560
0.29560
0.29560
0.29560
0.29560
0.29560
0.29560
0.29560
0.29560
0.29560
0.29560
0.29560
0.29560
0.29560
0.29560
0.29560
0.29560
0.29560
0.29560
0.29560
0.29560
0.29560
0.29560
0.29560
0.29560
0.29560
0.29560
0.29560
0.29560
0.29560
0.29560
0.29560
0.29560
0.29560
0.29560
0.29560
0.29560
0.29560
0.29560
0.29560
0.29560
0.29560
0.29560
0.29560
0.29560
0.29560
0.29560
0.29560
0.29560
0.29560
-1.63234
-1.63236
-1.63238
-1.63240
-1.65900
-1.68560
-1.71220
-1.73880
-1.76540
-1.79200
-1.81860
-1.84520
-1.87180
-1.89840
-1.94643
-1.99446
-2.04249
-2.09052
-2.13855
-2.18658
-2.23461
-2.28264
-2.33067
-2.37870
-2.24504
-2.11138
-1.97772
-1.84406
-1.71040
-1.57674
-1.44308
-1.30942
-1.17576
-1.04210
-1.03203
-1.02196
-1.01189
-1.00182
-0.99175
-0.98168
-0.97161
-0.96154
-0.95147
-0.94140
-0.83198
-0.72256
-0.61314
-0.50372
-0.39430
-0.28488
-0.17546
-0.06604
0.04338
0.15280
0.16573
0.17866
0.19159
0.20452
0.21745
0.23038
0.24331
0.25624
0.26917
0.28210
0.28554
0.28898
0.29242
0.29586
0.29930
0.30274
0.30618
0.30962
0.31306
0.31650
0.31752
0.31854
0.31956
0.32058
0.32160
0.32262
0.32364
0.32466
0.32568
0.32670
0.32702
0.32734
0.32766
0.32798
0.32830
0.32862
0.32894
0.32926
0.32958
0.32990
0.32999
0.33008
0.33017
0.33026
0.33035
0.33044
0.33053
0.33062
0.33071
0.33080
0.33084
0.33088
0.33092
0.33096
0.33100
0.33104
0.33108
0.33112
0.33116
0.33120
0.33120
0.33120
0.33120
0.33120
0.33120
0.33120
0.33120
0.33120
0.33120
0.33120
0.33120
0.33120
0.33120
0.33120
0.33120
0.33120
0.33120
0.33120
0.33120
0.33120
0.33120
0.33120
0.33120
0.33120
0.33120
0.33120
0.33120
0.33120
0.33120
0.33120
0.33120
0.33120
0.33120
0.33120
0.33120
0.33120
0.33120
0.33120
0.33120
0.33120
0.33120
0.33120
0.33120
0.33120
0.33120
0.33120
0.33120
0.33120
0.33120
0.33120
0.33120
0.33120
0.33120
0.33120
0.33120
0.33120
0.33120
0.33120
0.33120
0.33120
0.33120
0.33120
0.33120
0.33120
0.33120
0.33120
0.33120
0.33120
0.33120
0.33120
0.33120
0.33120
0.33120
0.33120
0.33120
0.33120
0.33120
0.33120
0.33120
0.33120
0.33120
0.33120
0.33120
0.33120
0.33120
0.33120
0.33120
0.33120
0.33120
0.33120
0.33120
0.33120
0.33120
0.33120
0.33120
0.33120
0.33120
0.33120
0.33120
0.33120
0.33120
0.33120
0.33120
0.33120
0.33120
0.33120
0.33120
0.33120
0.33120
0.33120
0.33120
0.33120
0.33120
0.33120
0.33120
0.33120
0.33120
0.33120
0.33120
0.33120
0.33120
0.33120
0.33120
0.33120
0.33120
0.33120
0.33120
0.33120
0.33120
0.33120
0.33120
0.33120
0.33120
0.33120
0.33120
0.33120
0.33120
0.33120
0.33120
0.33120
0.33120
0.33120
0.33120
0.33120
0.33120
0.33120
0.33120
0.33120
0.33120
0.33120
0.33120
0.33120
0.33120
0.33120
0.33120
0.33120
0.33120
0.33120
0.33120
0.33120
0.33120
0.33120
0.33120
0.33120
0.33120
0.33120
0.33120
-1.45751
-1.46919
-1.48086
-1.49254
-1.50421
-1.51315
-1.51934
-1.52554
-1.53173
-1.53793
-1.54412
-1.55032
-1.55651
-1.56271
-1.56890
-1.57256
-1.57367
-1.57479
-1.57590
-1.57702
-1.57813
-1.57925
-1.58036
-1.58148
-1.58259
-1.58928
-1.60153
-1.61379
-1.62604
-1.63830
-1.65055
-1.66281
-1.67506
-1.68732
-1.69957
-1.72431
-1.76152
-1.79873
-1.83594
-1.87315
-1.91036
-1.94757
-1.98478
-2.02199
-2.05920
-2.05782
-2.01785
-1.97787
-1.93790
-1.89793
-1.85796
-1.81799
-1.77802
-1.73805
-1.69808
-1.62117
-1.50732
-1.39346
-1.27961
-1.16575
-1.05190
-0.93804
-0.82419
-0.71033
-0.59648
-0.50363
-0.43178
-0.35994
-0.28809
-0.21625
-0.14440
-0.07256
-0.00071
0.07113
0.14298
0.18575
0.19946
0.21316
0.22687
0.24057
0.25428
0.26798
0.28169
0.29539
0.30910
0.31778
0.32145
0.32511
0.32878
0.33244
0.33611
0.33977
0.34344
0.34710
0.35077
0.35314
0.35421
0.35528
0.35635
0.35742
0.35849
0.35956
0.36063
0.36170
0.36277
0.36346
0.36379
0.36412
0.36445
0.36478
0.36511
0.36544
0.36577
0.36610
0.36643
0.36665
0.36676
0.36686
0.36697
0.36707
0.36718
0.36728
0.36739
0.36749
0.36760
0.36765
0.36765
0.36765
0.36765
0.36765
0.36765
0.36765
0.36765
0.36765
0.36765
0.36765
0.36765
0.36765
0.36765
0.36765
0.36765
0.36765
0.36765
0.36765
0.36765
0.36765
0.36765
0.36765
0.36765
0.36765
0.36765
0.36765
0.36765
0.36765
0.36765
0.36765
0.36765
0.36765
0.36765
0.36765
0.36765
0.36765
0.36765
0.36765
0.36765
0.36765
0.36765
0.36765
0.36765
0.36765
0.36765
0.36765
0.36765
0.36765
0.36765
0.36765
0.36765
0.36765
0.36765
0.36765
0.36765
0.36765
0.36765
0.36765
0.36765
0.36765
0.36765
0.36765
0.36765
0.36765
0.36765
0.36765
0.36765
0.36765
0.36765
0.36765
0.36765
0.36765
0.36765
0.36765
0.36765
0.36765
0.36765
0.36765
0.36765
0.36765
0.36765
0.36765
0.36765
0.36765
0.36765
0.36765
0.36765
0.36765
0.36765
0.36765
0.36765
0.36765
0.36765
0.36765
0.36765
0.36765
0.36765
0.36765
0.36765
0.36765
0.36765
0.36765
0.36765
0.36765
0.36765
0.36765
0.36765
0.36765
0.36765
0.36765
0.36765
0.36765
0.36765
0.36765
0.36765
0.36765
0.36765
0.36765
0.36765
0.36765
0.36765
0.36765
0.36765
0.36765
0.36765
0.36765
0.36765
0.36765
0.36765
0.36765
0.36765
0.36765
0.36765
0.36765
0.36765
0.36765
0.36765
0.36765
0.36765
0.36765
0.36765
0.36765
0.36765
0.36765
0.36765
0.36765
0.36765
0.36765
0.36765
0.36765
0.36765
0.36765
0.36765
0.36765
0.36765
-1.28968
-1.28790
-1.28612
-1.28434
-1.28256
-1.28078
-1.27900
-1.27872
-1.27844
-1.27816
-1.27788
-1.27760
-1.27732
-1.27704
-1.27676
-1.27648
-1.27620
-1.28675
-1.29730
-1.30785
-1.31840
-1.32895
-1.33950
-1.35005
-1.36060
-1.37115
-1.38170
-1.39454
-1.40738
-1.42022
-1.43306
-1.44590
-1.45874
-1.47158
-1.48442
-1.49726
-1.51010
-1.51286
-1.51562
-1.51838
-1.52114
-1.52390
-1.52666
-1.52942
-1.53218
-1.53494
-1.53770
-1.53779
-1.53788
-1.53797
-1.53806
-1.53815
-1.53824
-1.53833
-1.53842
-1.53851
-1.53860
-1.55667
-1.57474
-1.59281
-1.61088
-1.62895
-1.64702
-1.66509
-1.68316
-1.70123
-1.71930
-1.77861
-1.83792
-1.89723
-1.95654
-2.01585
-2.07516
-2.13447
-2.19378
-2.25309
-2.31240
-2.10368
-1.89496
-1.68624
-1.47752
-1.26880
-1.06008
-0.85136
-0.64264
-0.43392
-0.22520
-0.17562
-0.12604
-0.07646
-0.02688
0.02270
0.07228
0.12186
0.17144
0.22102
0.27060
0.28018
0.28976
0.29934
0.30892
0.31850
0.32808
0.33766
0.34724
0.35682
0.36640
0.36915
0.37190
0.37465
0.37740
0.38015
0.38290
0.38565
0.38840
0.39115
0.39390
0.39473
0.39556
0.39639
0.39722
0.39805
0.39888
0.39971
0.40054
0.40137
0.40220
0.40220
0.40220
0.40220
0.40220
0.40220
0.40220
0.40220
0.40220
0.40220
0.40220
0.40220
0.40220
0.40220
0.40220
0.40220
0.40220
0.40220
0.40220
0.40220
0.40220
0.40220
0.40220
0.40220
0.40220
0.40220
0.40220
0.40220
0.40220
0.40220
0.40220
0.40220
0.40220
0.40220
0.40220
0.40220
0.40220
0.40220
0.40220
0.40220
0.40220
0.40220
0.40220
0.40220
0.40220
0.40220
0.40220
0.40220
0.40220
0.40220
0.40220
0.40220
0.40220
0.40220
0.40220
0.40220
0.40220
0.40220
0.40220
0.40220
0.40220
0.40220
0.40220
0.40220
0.40220
0.40220
0.40220
0.40220
0.40220
0.40220
0.40220
0.40220
0.40220
0.40220
0.40220
0.40220
0.40220
0.40220
0.40220
0.40220
0.40220
0.40220
0.40220
0.40220
0.40220
0.40220
0.40220
0.40220
0.40220
0.40220
0.40220
0.40220
0.40220
0.40220
0.40220
0.40220
0.40220
0.40220
0.40220
0.40220
0.40220
0.40220
0.40220
0.40220
0.40220
0.40220
0.40220
0.40220
0.40220
0.40220
0.40220
0.40220
0.40220
0.40220
0.40220
0.40220
0.40220
0.40220
0.40220
0.40220
0.40220
0.40220
0.40220
0.40220
0.40220
0.40220
0.40220
0.40220
0.40220
0.40220
0.40220
0.40220
0.40220
0.40220
0.40220
0.40220
0.40220
0.40220
0.40220
0.40220
0.40220
0.40220
0.40220
0.40220
0.40220
0.40220
0.40220
0.40220
0.40220
0.40220
0.40220
0.40220
0.40220
0.40220
0.40220
-1.29657
-1.29214
-1.28771
-1.28328
-1.27885
-1.27442
-1.26999
-1.26556
-1.26269
-1.26138
-1.26007
-1.25876
-1.25745
-1.25615
-1.25484
-1.25353
-1.25222
-1.25091
-1.24963
-1.24840
-1.24716
-1.24593
-1.24469
-1.24346
-1.24222
-1.24099
-1.23975
-1.23852
-1.23732
-1.23615
-1.23499
-1.23382
-1.23266
-1.23149
-1.23033
-1.22916
-1.22800
-1.22683
-1.22822
-1.23216
-1.23610
-1.24004
-1.24398
-1.24792
-1.25186
-1.25580
-1.25974
-1.26368
-1.27105
-1.28184
-1.29264
-1.30343
-1.31423
-1.32502
-1.33582
-1.34661
-1.35741
-1.36820
-1.37749
-1.38526
-1.39303
-1.40080
-1.40857
-1.41634
-1.42411
-1.43188
-1.43965
-1.44742
-1.45205
-1.45354
-1.45503
-1.45652
-1.45801
-1.45950
-1.46099
-1.46248
-1.46397
-1.46546
-1.46838
-1.47273
-1.47709
-1.48144
-1.48580
-1.49015
-1.49451
-1.49886
-1.50322
-1.50757
-1.50405
-1.49266
-1.48126
-1.46987
-1.45847
-1.44708
-1.43568
-1.42429
-1.41289
-1.40150
-1.32436
-1.18148
-1.03860
-0.89572
-0.75284
-0.60996
-0.46708
-0.32420
-0.18132
-0.03844
0.04864
0.07991
0.11119
0.14246
0.17374
0.20501
0.23629
0.26756
0.29884
0.33011
0.34930
0.35639
0.36349
0.37058
0.37768
0.38477
0.39187
0.39896
0.40606
0.41315
0.41670
0.41670
0.41670
0.41670
0.41670
0.41670
0.41670
0.41670
0.41670
0.41670
0.41670
0.41670
0.41670
0.41670
0.41670
0.41670
0.41670
0.41670
0.41670
0.41670
0.41670
0.41670
0.41670
0.41670
0.41670
0.41670
0.41670
0.41670
0.41670
0.41670
0.41670
0.41670
0.41670
0.41670
0.41670
0.41670
0.41670
0.41670
0.41670
0.41670
0.41670
0.41670
0.41670
0.41670
0.41670
0.41670
0.41670
0.41670
0.41670
0.41670
0.41670
0.41670
0.41670
0.41670
0.41670
0.41670
0.41670
0.41670
0.41670
0.41670
0.41670
0.41670
0.41670
0.41670
0.41670
0.41670
0.41670
0.41670
0.41670
0.41670
0.41670
0.41670
0.41670
0.41670
0.41670
0.41670
0.41670
0.41670
0.41670
0.41670
0.41670
0.41670
0.41670
0.41670
0.41670
0.41670
0.41670
0.41670
0.41670
0.41670
0.41670
0.41670
0.41670
0.41670
0.41670
0.41670
0.41670
0.41670
0.41670
0.41670
0.41670
0.41670
0.41670
0.41670
0.41670
0.41670
0.41670
0.41670
0.41670
0.41670
0.41670
0.41670
0.41670
0.41670
0.41670
0.41670
0.41670
0.41670
0.41670
0.41670
0.41670
0.41670
0.41670
0.41670
0.41670
0.41670
0.41670
0.41670
0.41670
0.41670
0.41670
0.41670
0.41670
0.41670
0.41670
0.41670
0.41670
0.41670
0.41670
0.41670
0.41670
0.41670
0.41670
0.41670
0.41670
0.41670
0.41670
0.41670
0.41670
0.41670
0.41670
0.41670
0.41670
-2.04488
-2.04496
-2.04504
-2.04512
-2.04520
-2.04528
-2.04536
-2.04544
-2.04552
-2.04560
-1.98772
-1.92984
-1.87196
-1.81408
-1.75620
-1.69832
-1.64044
-1.58256
-1.52468
-1.46680
-1.44655
-1.42630
-1.40605
-1.38580
-1.36555
-1.34530
-1.32505
-1.30480
-1.28455
-1.26430
-1.25986
-1.25542
-1.25098
-1.24654
-1.24210
-1.23766
-1.23322
-1.22878
-1.22434
-1.21990
-1.21853
-1.21716
-1.21579
-1.21442
-1.21305
-1.21168
-1.21031
-1.20894
-1.20757
-1.20620
-1.20426
-1.20232
-1.20038
-1.19844
-1.19650
-1.19456
-1.19262
-1.19068
-1.18874
-1.18680
-1.18575
-1.18470
-1.18365
-1.18260
-1.18155
-1.18050
-1.17945
-1.17840
-1.17735
-1.17630
-1.18632
-1.19634
-1.20636
-1.21638
-1.22640
-1.23642
-1.24644
-1.25646
-1.26648
-1.27650
-1.28758
-1.29866
-1.30974
-1.32082
-1.33190
-1.34298
-1.35406
-1.36514
-1.37622
-1.38730
-1.38970
-1.39210
-1.39450
-1.39690
-1.39930
-1.40170
-1.40410
-1.40650
-1.40890
-1.41130
-1.41896
-1.42662
-1.43428
-1.44194
-1.44960
-1.45726
-1.46492
-1.47258
-1.48024
-1.48790
-1.49228
-1.49666
-1.50104
-1.50542
-1.50980
-1.51418
-1.51856
-1.52294
-1.52732
-1.53170
-1.34796
-1.16422
-0.98048
-0.79674
-0.61300
-0.42926
-0.24552
-0.06178
0.12196
0.30570
0.30570
0.30570
0.30570
0.30570
0.30570
0.30570
0.30570
0.30570
0.30570
0.30570
0.30570
0.30570
0.30570
0.30570
0.30570
0.30570
0.30570
0.30570
0.30570
0.30570
0.30570
0.30570
0.30570
0.30570
0.30570
0.30570
0.30570
0.30570
0.30570
0.30570
0.30570
0.30570
0.30570
0.30570
0.30570
0.30570
0.30570
0.30570
0.30570
0.30570
0.30570
0.30570
0.30570
0.30570
0.30570
0.30570
0.30570
0.30570
0.30570
0.30570
0.30570
0.30570
0.30570
0.30570
0.30570
0.30570
0.30570
0.30570
0.30570
0.30570
0.30570
0.30570
0.30570
0.30570
0.30570
0.30570
0.30570
0.30570
0.30570
0.30570
0.30570
0.30570
0.30570
0.30570
0.30570
0.30570
0.30570
0.30570
0.30570
0.30570
0.30570
0.30570
0.30570
0.30570
0.30570
0.30570
0.30570
0.30570
0.30570
0.30570
0.30570
0.30570
0.30570
0.30570
0.30570
0.30570
0.30570
0.30570
0.30570
0.30570
0.30570
0.30570
0.30570
0.30570
0.30570
0.30570
0.30570
0.30570
0.30570
0.30570
0.30570
0.30570
0.30570
0.30570
0.30570
0.30570
0.30570
0.30570
0.30570
0.30570
0.30570
0.30570
0.30570
0.30570
0.30570
0.30570
0.30570
0.30570
0.30570
0.30570
0.30570
0.30570
0.30570
0.30570
0.30570
0.30570
0.30570
0.30570
0.30570
0.30570
0.30570
0.30570
0.30570
0.30570
0.30570
0.30570
0.30570
0.30570
0.30570
0.30570
0.30570
-2.01343
-2.01169
-2.01108
-2.01046
-2.00985
-2.00923
-2.00862
-2.00800
-2.00739
-2.00677
-2.00616
-2.00580
-2.00571
-2.00561
-2.00552
-2.00542
-2.00533
-2.00523
-2.00514
-2.00504
-2.00495
-2.00493
-2.00499
-2.00505
-2.00511
-2.00517
-2.00523
-2.00529
-2.00535
-2.00541
-2.00547
-2.00556
-2.00567
-2.00578
-2.00589
-2.00600
-2.00611
-2.00622
-2.00633
-2.00644
-2.00655
-1.98846
-1.95218
-1.91590
-1.87962
-1.84334
-1.80706
-1.77078
-1.73450
-1.69822
-1.66194
-1.62441
-1.58564
-1.54686
-1.50809
-1.46931
-1.43054
-1.39176
-1.35299
-1.31421
-1.27544
-1.25265
-1.24586
-1.23906
-1.23227
-1.22547
-1.21868
-1.21188
-1.20509
-1.19829
-1.19150
-1.18675
-1.18406
-1.18136
-1.17867
-1.17597
-1.17328
-1.17058
-1.16789
-1.16519
-1.16250
-1.16016
-1.15819
-1.15622
-1.15425
-1.15228
-1.15031
-1.14834
-1.14637
-1.14440
-1.14243
-1.14440
-1.15029
-1.15618
-1.16207
-1.16796
-1.17385
-1.17974
-1.18563
-1.19152
-1.19741
-1.20626
-1.21807
-1.22988
-1.24169
-1.25350
-1.26531
-1.27712
-1.28893
-1.30074
-1.31255
-1.32069
-1.32518
-1.32966
-1.33415
-1.33863
-1.34312
-1.34760
-1.35209
-1.35657
-1.36106
-1.36538
-1.36954
-1.37370
-1.37786
-1.38202
-1.38618
-1.39034
-1.39450
-1.39866
-1.40282
-1.40490
-1.40490
-1.40490
-1.40490
-1.40490
-1.40490
-1.40490
-1.40490
-1.40490
-1.40490
-1.40490
-1.40490
-1.40490
-1.40490
-1.40490
-1.40490
-1.40490
-1.40490
-1.40490
-1.40490
-1.40490
-1.40490
-1.40490
-1.40490
-1.40490
-1.40490
-1.40490
-1.40490
-1.40490
-1.40490
-1.40490
-1.40490
-1.40490
-1.40490
-1.40490
-1.40490
-1.40490
-1.40490
-1.40490
-1.40490
-1.40490
-1.40490
-1.40490
-1.40490
-1.40490
-1.40490
-1.40490
-1.40490
-1.40490
-1.40490
-1.40490
-1.40490
-1.40490
-1.40490
-1.40490
-1.40490
-1.40490
-1.40490
-1.40490
-1.40490
-1.40490
-1.40490
-1.40490
-1.40490
-1.40490
-1.40490
-1.40490
-1.40490
-1.40490
-1.40490
-1.40490
-1.40490
-1.40490
-1.40490
-1.40490
-1.40490
-1.40490
-1.40490
-1.40490
-1.40490
-1.40490
-1.40490
-1.40490
-1.40490
-1.40490
-1.40490
-1.40490
-1.40490
-1.40490
-1.40490
-1.40490
-1.40490
-1.40490
-1.40490
-1.40490
-1.40490
-1.40490
-1.40490
-1.40490
-1.40490
-1.40490
-1.40490
-1.40490
-1.40490
-1.40490
-1.40490
-1.40490
-1.40490
-1.40490
-1.40490
-1.40490
-1.40490
-1.40490
-1.40490
-1.40490
-1.40490
-1.40490
-1.40490
-1.40490
-1.40490
-1.40490
-1.40490
-1.40490
-1.40490
-1.40490
-1.40490
-1.40490
-1.40490
-1.40490
-1.40490
-1.40490
-1.40490
-1.40490
-1.40490
-1.40490
-1.40490
-1.40490
-1.40490
-1.40490
-1.40490
-1.40490
-1.40490
-1.40490
-1.40490
-1.40490
-1.40490
-1.40490
-1.40490
-1.40490
-1.40490
-2.12130
-2.09565
-2.07000
-2.06278
-2.05556
-2.04834
-2.04112
-2.03390
-2.02668
-2.01946
-2.01224
-2.00502
-1.99780
-1.99607
-1.99434
-1.99261
-1.99088
-1.98915
-1.98742
-1.98569
-1.98396
-1.98223
-1.98050
-1.98010
-1.97970
-1.97930
-1.97890
-1.97850
-1.97810
-1.97770
-1.97730
-1.97690
-1.97650
-1.97644
-1.97638
-1.97632
-1.97626
-1.97620
-1.97614
-1.97608
-1.97602
-1.97596
-1.97590
-1.97594
-1.97598
-1.97602
-1.97606
-1.97610
-1.97614
-1.97618
-1.97622
-1.97626
-1.97630
-1.97638
-1.97646
-1.97654
-1.97662
-1.97670
-1.97678
-1.97686
-1.97694
-1.97702
-1.97710
-1.97726
-1.97742
-1.97758
-1.97774
-1.97790
-1.97806
-1.97822
-1.97838
-1.97854
-1.97870
-1.91868
-1.85866
-1.79864
-1.73862
-1.67860
-1.61858
-1.55856
-1.49854
-1.43852
-1.37850
-1.35947
-1.34044
-1.32141
-1.30238
-1.28335
-1.26432
-1.24529
-1.22626
-1.20723
-1.18820
-1.18378
-1.17936
-1.17494
-1.17052
-1.16610
-1.16168
-1.15726
-1.15284
-1.14842
-1.14400
-1.14061
-1.13722
-1.13383
-1.13044
-1.12705
-1.12366
-1.12027
-1.11688
-1.11349
-1.11010
-1.11082
-1.11154
-1.11226
-1.11298
-1.11370
-1.11442
-1.11514
-1.11586
-1.11658
-1.11730
-1.13399
-1.15068
-1.16737
-1.18406
-1.20075
-1.21744
-1.23413
-1.25082
-1.26751
-1.28420
-1.28420
-1.28420
-1.28420
-1.28420
-1.28420
-1.28420
-1.28420
-1.28420
-1.28420
-1.28420
-1.28420
-1.28420
-1.28420
-1.28420
-1.28420
-1.28420
-1.28420
-1.28420
-1.28420
-1.28420
-1.28420
-1.28420
-1.28420
-1.28420
-1.28420
-1.28420
-1.28420
-1.28420
-1.28420
-1.28420
-1.28420
-1.28420
-1.28420
-1.28420
-1.28420
-1.28420
-1.28420
-1.28420
-1.28420
-1.28420
-1.28420
-1.28420
-1.28420
-1.28420
-1.28420
-1.28420
-1.28420
-1.28420
-1.28420
-1.28420
-1.28420
-1.28420
-1.28420
-1.28420
-1.28420
-1.28420
-1.28420
-1.28420
-1.28420
-1.28420
-1.28420
-1.28420
-1.28420
-1.28420
-1.28420
-1.28420
-1.28420
-1.28420
-1.28420
-1.28420
-1.28420
-1.28420
-1.28420
-1.28420
-1.28420
-1.28420
-1.28420
-1.28420
-1.28420
-1.28420
-1.28420
-1.28420
-1.28420
-1.28420
-1.28420
-1.28420
-1.28420
-1.28420
-1.28420
-1.28420
-1.28420
-1.28420
-1.28420
-1.28420
-1.28420
-1.28420
-1.28420
-1.28420
-1.28420
-1.28420
-1.28420
-1.28420
-1.28420
-1.28420
-1.28420
-1.28420
-1.28420
-1.28420
-1.28420
-1.28420
-1.28420
-1.28420
-1.28420
-1.28420
-1.28420
-1.28420
-1.28420
-1.28420
-1.28420
-1.28420
-1.28420
-1.28420
-1.28420
-1.28420
-1.28420
-1.28420
-1.28420
-1.28420
-1.28420
-1.28420
-1.28420
-1.28420
-1.28420
-1.28420
-1.28420
-1.28420
-1.28420
-1.28420
-1.28420
-1.28420
-1.28420
-1.28420
-1.28420
-1.28420
-1.28420
-1.28420
-1.28420
-1.28420
-2.75677
-2.69296
-2.62916
-2.56535
-2.51286
-2.47169
-2.43051
-2.38934
-2.34816
-2.30699
-2.26581
-2.22464
-2.18346
-2.14229
-2.11355
-2.09726
-2.08096
-2.06467
-2.04837
-2.03208
-2.01578
-1.99949
-1.98319
-1.96690
-1.95647
-1.95192
-1.94737
-1.94282
-1.93827
-1.93372
-1.92917
-1.92462
-1.92007
-1.91552
-1.91266
-1.91147
-1.91029
-1.90910
-1.90792
-1.90673
-1.90555
-1.90436
-1.90318
-1.90199
-1.90125
-1.90095
-1.90065
-1.90035
-1.90005
-1.89975
-1.89945
-1.89915
-1.89885
-1.89855
-1.89837
-1.89832
-1.89826
-1.89821
-1.89815
-1.89810
-1.89804
-1.89799
-1.89793
-1.89788
-1.89786
-1.89787
-1.89789
-1.89790
-1.89792
-1.89793
-1.89795
-1.89796
-1.89798
-1.89799
-1.89802
-1.89805
-1.89809
-1.89812
-1.89816
-1.89819
-1.89823
-1.89826
-1.89830
-1.89833
-1.89839
-1.89846
-1.89854
-1.89861
-1.89869
-1.89876
-1.89884
-1.89891
-1.89899
-1.89906
-1.88789
-1.86547
-1.84305
-1.82063
-1.79821
-1.77579
-1.75337
-1.73095
-1.70853
-1.68611
-1.65836
-1.62529
-1.59222
-1.55915
-1.52608
-1.49301
-1.45994
-1.42687
-1.39380
-1.36073
-1.33352
-1.31217
-1.29082
-1.26947
-1.24812
-1.22677
-1.20542
-1.18407
-1.16272
-1.14137
-1.12814
-1.12303
-1.11791
-1.11280
-1.10768
-1.10257
-1.09745
-1.09234
-1.08722
-1.08211
-1.07955
-1.07955
-1.07955
-1.07955
-1.07955
-1.07955
-1.07955
-1.07955
-1.07955
-1.07955
-1.07955
-1.07955
-1.07955
-1.07955
-1.07955
-1.07955
-1.07955
-1.07955
-1.07955
-1.07955
-1.07955
-1.07955
-1.07955
-1.07955
-1.07955
-1.07955
-1.07955
-1.07955
-1.07955
-1.07955
-1.07955
-1.07955
-1.07955
-1.07955
-1.07955
-1.07955
-1.07955
-1.07955
-1.07955
-1.07955
-1.07955
-1.07955
-1.07955
-1.07955
-1.07955
-1.07955
-1.07955
-1.07955
-1.07955
-1.07955
-1.07955
-1.07955
-1.07955
-1.07955
-1.07955
-1.07955
-1.07955
-1.07955
-1.07955
-1.07955
-1.07955
-1.07955
-1.07955
-1.07955
-1.07955
-1.07955
-1.07955
-1.07955
-1.07955
-1.07955
-1.07955
-1.07955
-1.07955
-1.07955
-1.07955
-1.07955
-1.07955
-1.07955
-1.07955
-1.07955
-1.07955
-1.07955
-1.07955
-1.07955
-1.07955
-1.07955
-1.07955
-1.07955
-1.07955
-1.07955
-1.07955
-1.07955
-1.07955
-1.07955
-1.07955
-1.07955
-1.07955
-1.07955
-1.07955
-1.07955
-1.07955
-1.07955
-1.07955
-1.07955
-1.07955
-1.07955
-1.07955
-1.07955
-1.07955
-1.07955
-1.07955
-1.07955
-1.07955
-1.07955
-1.07955
-1.07955
-1.07955
-1.07955
-1.07955
-1.07955
-1.07955
-1.07955
-1.07955
-1.07955
-1.07955
-1.07955
-1.07955
-1.07955
-1.07955
-1.07955
-1.07955
-1.07955
-1.07955
-1.07955
-1.07955
-1.07955
-1.07955
-1.07955
-1.07955
-1.07955
-1.07955
-1.07955
-1.07955
-1.07955
-1.07955
-1.07955
-1.07955
-3.76765
-3.70068
-3.63371
-3.56674
-3.49977
-3.43280
-3.36449
-3.29618
-3.22787
-3.15956
-3.09125
-3.02294
-2.95463
-2.88632
-2.81801
-2.74970
-2.69684
-2.64398
-2.59112
-2.53826
-2.48540
-2.43254
-2.37968
-2.32682
-2.27396
-2.22110
-2.19509
-2.16908
-2.14307
-2.11706
-2.09105
-2.06504
-2.03903
-2.01302
-1.98701
-1.96100
-1.95278
-1.94456
-1.93634
-1.92812
-1.91990
-1.91168
-1.90346
-1.89524
-1.88702
-1.87880
-1.87655
-1.87430
-1.87205
-1.86980
-1.86755
-1.86530
-1.86305
-1.86080
-1.85855
-1.85630
-1.85566
-1.85502
-1.85438
-1.85374
-1.85310
-1.85246
-1.85182
-1.85118
-1.85054
-1.84990
-1.84972
-1.84954
-1.84936
-1.84918
-1.84900
-1.84882
-1.84864
-1.84846
-1.84828
-1.84810
-1.84804
-1.84798
-1.84792
-1.84786
-1.84780
-1.84774
-1.84768
-1.84762
-1.84756
-1.84750
-1.84745
-1.84740
-1.84735
-1.84730
-1.84725
-1.84720
-1.84715
-1.84710
-1.84705
-1.84700
-1.84693
-1.84686
-1.84679
-1.84672
-1.84665
-1.84658
-1.84651
-1.84644
-1.84637
-1.84630
-1.84620
-1.84610
-1.84600
-1.84590
-1.84580
-1.84570
-1.84560
-1.84550
-1.84540
-1.84530
-1.84527
-1.84524
-1.84521
-1.84518
-1.84515
-1.84512
-1.84509
-1.84506
-1.84503
-1.84500
-1.83093
-1.81686
-1.80279
-1.78872
-1.77465
-1.76058
-1.74651
-1.73244
-1.71837
-1.70430
-1.70430
-1.70430
-1.70430
-1.70430
-1.70430
-1.70430
-1.70430
-1.70430
-1.70430
-1.70430
-1.70430
-1.70430
-1.70430
-1.70430
-1.70430
-1.70430
-1.70430
-1.70430
-1.70430
-1.70430
-1.70430
-1.70430
-1.70430
-1.70430
-1.70430
-1.70430
-1.70430
-1.70430
-1.70430
-1.70430
-1.70430
-1.70430
-1.70430
-1.70430
-1.70430
-1.70430
-1.70430
-1.70430
-1.70430
-1.70430
-1.70430
-1.70430
-1.70430
-1.70430
-1.70430
-1.70430
-1.70430
-1.70430
-1.70430
-1.70430
-1.70430
-1.70430
-1.70430
-1.70430
-1.70430
-1.70430
-1.70430
-1.70430
-1.70430
-1.70430
-1.70430
-1.70430
-1.70430
-1.70430
-1.70430
-1.70430
-1.70430
-1.70430
-1.70430
-1.70430
-1.70430
-1.70430
-1.70430
-1.70430
-1.70430
-1.70430
-1.70430
-1.70430
-1.70430
-1.70430
-1.70430
-1.70430
-1.70430
-1.70430
-1.70430
-1.70430
-1.70430
-1.70430
-1.70430
-1.70430
-1.70430
-1.70430
-1.70430
-1.70430
-1.70430
-1.70430
-1.70430
-1.70430
-1.70430
-1.70430
-1.70430
-1.70430
-1.70430
-1.70430
-1.70430
-1.70430
-1.70430
-1.70430
-1.70430
-1.70430
-1.70430
-1.70430
-1.70430
-1.70430
-1.70430
-1.70430
-1.70430
-1.70430
-1.70430
-1.70430
-1.70430
-1.70430
-1.70430
-1.70430
-1.70430
-1.70430
-1.70430
-1.70430
-1.70430
-1.70430
-1.70430
-1.70430
-1.70430
-1.70430
-1.70430
-1.70430
-1.70430
-1.70430
-1.70430
-1.70430
-1.70430
-1.70430
-1.70430
-1.70430
-1.70430
-4.56213
-4.51663
-4.47112
-4.42562
-4.38011
-4.33461
-4.28910
-4.23491
-4.17204
-4.10917
-4.04630
-3.98343
-3.92056
-3.85769
-3.79482
-3.73195
-3.66908
-3.60352
-3.53527
-3.46702
-3.39877
-3.33052
-3.26227
-3.19402
-3.12577
-3.05752
-2.98927
-2.92577
-2.86701
-2.80825
-2.74949
-2.69073
-2.63197
-2.57321
-2.51445
-2.45569
-2.39693
-2.34976
-2.31418
-2.27860
-2.24302
-2.20744
-2.17186
-2.13628
-2.10070
-2.06512
-2.02954
-2.00482
-1.99095
-1.97709
-1.96322
-1.94936
-1.93549
-1.92163
-1.90776
-1.89390
-1.88003
-1.87101
-1.86684
-1.86266
-1.85849
-1.85431
-1.85014
-1.84596
-1.84179
-1.83761
-1.83344
-1.83073
-1.82948
-1.82824
-1.82699
-1.82575
-1.82450
-1.82326
-1.82201
-1.82077
-1.81952
-1.81869
-1.81827
-1.81785
-1.81743
-1.81701
-1.81659
-1.81617
-1.81575
-1.81533
-1.81491
-1.81460
-1.81439
-1.81419
-1.81398
-1.81378
-1.81357
-1.81337
-1.81316
-1.81296
-1.81275
-1.81256
-1.81237
-1.81219
-1.81200
-1.81182
-1.81163
-1.81145
-1.81126
-1.81108
-1.81089
-1.81069
-1.81046
-1.81023
-1.81000
-1.80977
-1.80954
-1.80931
-1.80908
-1.80885
-1.80862
-1.80835
-1.80805
-1.80775
-1.80745
-1.80715
-1.80685
-1.80655
-1.80625
-1.80595
-1.80565
-1.80533
-1.80498
-1.80463
-1.80428
-1.80393
-1.80358
-1.80323
-1.80288
-1.80253
-1.80218
-1.80200
-1.80200
-1.80200
-1.80200
-1.80200
-1.80200
-1.80200
-1.80200
-1.80200
-1.80200
-1.80200
-1.80200
-1.80200
-1.80200
-1.80200
-1.80200
-1.80200
-1.80200
-1.80200
-1.80200
-1.80200
-1.80200
-1.80200
-1.80200
-1.80200
-1.80200
-1.80200
-1.80200
-1.80200
-1.80200
-1.80200
-1.80200
-1.80200
-1.80200
-1.80200
-1.80200
-1.80200
-1.80200
-1.80200
-1.80200
-1.80200
-1.80200
-1.80200
-1.80200
-1.80200
-1.80200
-1.80200
-1.80200
-1.80200
-1.80200
-1.80200
-1.80200
-1.80200
-1.80200
-1.80200
-1.80200
-1.80200
-1.80200
-1.80200
-1.80200
-1.80200
-1.80200
-1.80200
-1.80200
-1.80200
-1.80200
-1.80200
-1.80200
-1.80200
-1.80200
-1.80200
-1.80200
-1.80200
-1.80200
-1.80200
-1.80200
-1.80200
-1.80200
-1.80200
-1.80200
-1.80200
-1.80200
-1.80200
-1.80200
-1.80200
-1.80200
-1.80200
-1.80200
-1.80200
-1.80200
-1.80200
-1.80200
-1.80200
-1.80200
-1.80200
-1.80200
-1.80200
-1.80200
-1.80200
-1.80200
-1.80200
-1.80200
-1.80200
-1.80200
-1.80200
-1.80200
-1.80200
-1.80200
-1.80200
-1.80200
-1.80200
-1.80200
-1.80200
-1.80200
-1.80200
-1.80200
-1.80200
-1.80200
-1.80200
-1.80200
-1.80200
-1.80200
-1.80200
-1.80200
-1.80200
-1.80200
-1.80200
-1.80200
-1.80200
-1.80200
-1.80200
-1.80200
-1.80200
-1.80200
-1.80200
-1.80200
-1.80200
-1.80200
-1.80200
-1.80200
-1.80200
-1.80200
-1.80200
-1.80200
-4.94932
-4.92988
-4.91044
-4.89100
-4.87156
-4.85212
-4.83268
-4.81324
-4.79380
-4.75378
-4.71376
-4.67374
-4.63372
-4.59370
-4.55368
-4.51366
-4.47364
-4.43362
-4.39360
-4.33355
-4.27350
-4.21345
-4.15340
-4.09335
-4.03330
-3.97325
-3.91320
-3.85315
-3.79310
-3.72522
-3.65734
-3.58946
-3.52158
-3.45370
-3.38582
-3.31794
-3.25006
-3.18218
-3.11430
-3.05184
-2.98938
-2.92692
-2.86446
-2.80200
-2.73954
-2.67708
-2.61462
-2.55216
-2.48970
-2.44704
-2.40438
-2.36172
-2.31906
-2.27640
-2.23374
-2.19108
-2.14842
-2.10576
-2.06310
-2.04437
-2.02564
-2.00691
-1.98818
-1.96945
-1.95072
-1.93199
-1.91326
-1.89453
-1.87580
-1.86975
-1.86370
-1.85765
-1.85160
-1.84555
-1.83950
-1.83345
-1.82740
-1.82135
-1.81530
-1.81339
-1.81148
-1.80957
-1.80766
-1.80575
-1.80384
-1.80193
-1.80002
-1.79811
-1.79620
-1.79546
-1.79472
-1.79398
-1.79324
-1.79250
-1.79176
-1.79102
-1.79028
-1.78954
-1.78880
-1.78838
-1.78796
-1.78754
-1.78712
-1.78670
-1.78628
-1.78586
-1.78544
-1.78502
-1.78460
-1.78419
-1.78378
-1.78337
-1.78296
-1.78255
-1.78214
-1.78173
-1.78132
-1.78091
-1.78050
-1.78001
-1.77952
-1.77903
-1.77854
-1.77805
-1.77756
-1.77707
-1.77658
-1.77609
-1.77560
-1.77499
-1.77438
-1.77377
-1.77316
-1.77255
-1.77194
-1.77133
-1.77072
-1.77011
-1.76950
-1.76950
-1.76950
-1.76950
-1.76950
-1.76950
-1.76950
-1.76950
-1.76950
-1.76950
-1.76950
-1.76950
-1.76950
-1.76950
-1.76950
-1.76950
-1.76950
-1.76950
-1.76950
-1.76950
-1.76950
-1.76950
-1.76950
-1.76950
-1.76950
-1.76950
-1.76950
-1.76950
-1.76950
-1.76950
-1.76950
-1.76950
-1.76950
-1.76950
-1.76950
-1.76950
-1.76950
-1.76950
-1.76950
-1.76950
-1.76950
-1.76950
-1.76950
-1.76950
-1.76950
-1.76950
-1.76950
-1.76950
-1.76950
-1.76950
-1.76950
-1.76950
-1.76950
-1.76950
-1.76950
-1.76950
-1.76950
-1.76950
-1.76950
-1.76950
-1.76950
-1.76950
-1.76950
-1.76950
-1.76950
-1.76950
-1.76950
-1.76950
-1.76950
-1.76950
-1.76950
-1.76950
-1.76950
-1.76950
-1.76950
-1.76950
-1.76950
-1.76950
-1.76950
-1.76950
-1.76950
-1.76950
-1.76950
-1.76950
-1.76950
-1.76950
-1.76950
-1.76950
-1.76950
-1.76950
-1.76950
-1.76950
-1.76950
-1.76950
-1.76950
-1.76950
-1.76950
-1.76950
-1.76950
-1.76950
-1.76950
-1.76950
-1.76950
-1.76950
-1.76950
-1.76950
-1.76950
-1.76950
-1.76950
-1.76950
-1.76950
-1.76950
-1.76950
-1.76950
-1.76950
-1.76950
-1.76950
-1.76950
-1.76950
-1.76950
-1.76950
-1.76950
-1.76950
-1.76950
-1.76950
-1.76950
-1.76950
-1.76950
-1.76950
-1.76950
-1.76950
-1.76950
-1.76950
-1.76950
-1.76950
-1.76950
-1.76950
-1.76950
-1.76950
-1.76950
-1.76950
-1.76950
-1.76950
-5.04909
-5.04447
-5.03985
-5.03523
-5.03061
-5.02599
-5.02137
-5.01675
-5.01213
-5.00751
-4.99685
-4.98014
-4.96344
-4.94673
-4.93003
-4.91332
-4.89662
-4.87991
-4.86321
-4.84650
-4.81920
-4.78129
-4.74339
-4.70548
-4.66758
-4.62967
-4.59177
-4.55386
-4.51596
-4.47805
-4.42929
-4.36968
-4.31007
-4.25046
-4.19085
-4.13124
-4.07163
-4.01202
-3.95241
-3.89280
-3.82903
-3.76108
-3.69314
-3.62519
-3.55725
-3.48930
-3.42136
-3.35341
-3.28547
-3.21752
-3.15193
-3.08870
-3.02546
-2.96223
-2.89899
-2.83576
-2.77252
-2.70929
-2.64605
-2.58282
-2.52780
-2.48099
-2.43419
-2.38738
-2.34058
-2.29377
-2.24697
-2.20016
-2.15336
-2.10655
-2.07133
-2.04770
-2.02407
-2.00044
-1.97681
-1.95318
-1.92955
-1.90592
-1.88229
-1.85866
-1.84262
-1.83416
-1.82570
-1.81724
-1.80878
-1.80032
-1.79186
-1.78340
-1.77494
-1.76648
-1.76086
-1.75808
-1.75530
-1.75252
-1.74974
-1.74696
-1.74418
-1.74140
-1.73862
-1.73584
-1.73391
-1.73284
-1.73176
-1.73069
-1.72961
-1.72854
-1.72746
-1.72639
-1.72531
-1.72424
-1.72340
-1.72280
-1.72220
-1.72160
-1.72100
-1.72040
-1.71980
-1.71920
-1.71860
-1.71800
-1.71743
-1.71688
-1.71633
-1.71578
-1.71523
-1.71468
-1.71413
-1.71358
-1.71303
-1.71248
-1.71187
-1.71122
-1.71056
-1.70991
-1.70925
-1.70860
-1.70794
-1.70729
-1.70663
-1.70598
-1.70565
-1.70565
-1.70565
-1.70565
-1.70565
-1.70565
-1.70565
-1.70565
-1.70565
-1.70565
-1.70565
-1.70565
-1.70565
-1.70565
-1.70565
-1.70565
-1.70565
-1.70565
-1.70565
-1.70565
-1.70565
-1.70565
-1.70565
-1.70565
-1.70565
-1.70565
-1.70565
-1.70565
-1.70565
-1.70565
-1.70565
-1.70565
-1.70565
-1.70565
-1.70565
-1.70565
-1.70565
-1.70565
-1.70565
-1.70565
-1.70565
-1.70565
-1.70565
-1.70565
-1.70565
-1.70565
-1.70565
-1.70565
-1.70565
-1.70565
-1.70565
-1.70565
-1.70565
-1.70565
-1.70565
-1.70565
-1.70565
-1.70565
-1.70565
-1.70565
-1.70565
-1.70565
-1.70565
-1.70565
-1.70565
-1.70565
-1.70565
-1.70565
-1.70565
-1.70565
-1.70565
-1.70565
-1.70565
-1.70565
-1.70565
-1.70565
-1.70565
-1.70565
-1.70565
-1.70565
-1.70565
-1.70565
-1.70565
-1.70565
-1.70565
-1.70565
-1.70565
-1.70565
-1.70565
-1.70565
-1.70565
-1.70565
-1.70565
-1.70565
-1.70565
-1.70565
-1.70565
-1.70565
-1.70565
-1.70565
-1.70565
-1.70565
-1.70565
-1.70565
-1.70565
-1.70565
-1.70565
-1.70565
-1.70565
-1.70565
-1.70565
-1.70565
-1.70565
-1.70565
-1.70565
-1.70565
-1.70565
-1.70565
-1.70565
-1.70565
-1.70565
-1.70565
-1.70565
-1.70565
-1.70565
-1.70565
-1.70565
-1.70565
-1.70565
-1.70565
-1.70565
-1.70565
-1.70565
-1.70565
-1.70565
-1.70565
-1.70565
-1.70565
-1.70565
-1.70565
-1.70565
-5.01317
-5.02040
-5.02383
-5.02726
-5.03069
-5.03412
-5.03755
-5.04098
-5.04441
-5.04784
-5.05127
-5.05470
-5.05222
-5.04974
-5.04726
-5.04478
-5.04230
-5.03982
-5.03734
-5.03486
-5.03238
-5.02990
-5.01557
-5.00124
-4.98691
-4.97258
-4.95825
-4.94392
-4.92959
-4.91526
-4.90093
-4.88660
-4.85027
-4.81394
-4.77761
-4.74128
-4.70495
-4.66862
-4.63229
-4.59596
-4.55963
-4.52330
-4.46288
-4.40246
-4.34204
-4.28162
-4.22120
-4.16078
-4.10036
-4.03994
-3.97952
-3.91910
-3.84984
-3.78058
-3.71132
-3.64206
-3.57280
-3.50354
-3.43428
-3.36502
-3.29576
-3.22650
-3.16209
-3.09768
-3.03327
-2.96886
-2.90445
-2.84004
-2.77563
-2.71122
-2.64681
-2.58240
-2.53277
-2.48314
-2.43351
-2.38388
-2.33425
-2.28462
-2.23499
-2.18536
-2.13573
-2.08610
-2.05933
-2.03256
-2.00579
-1.97902
-1.95225
-1.92548
-1.89871
-1.87194
-1.84517
-1.81840
-1.80830
-1.79820
-1.78810
-1.77800
-1.76790
-1.75780
-1.74770
-1.73760
-1.72750
-1.71740
-1.71397
-1.71054
-1.70711
-1.70368
-1.70025
-1.69682
-1.69339
-1.68996
-1.68653
-1.68310
-1.68176
-1.68042
-1.67908
-1.67774
-1.67640
-1.67506
-1.67372
-1.67238
-1.67104
-1.66970
-1.66896
-1.66822
-1.66748
-1.66674
-1.66600
-1.66526
-1.66452
-1.66378
-1.66304
-1.66230
-1.66163
-1.66096
-1.66029
-1.65962
-1.65895
-1.65828
-1.65761
-1.65694
-1.65627
-1.65560
-1.65560
-1.65560
-1.65560
-1.65560
-1.65560
-1.65560
-1.65560
-1.65560
-1.65560
-1.65560
-1.65560
-1.65560
-1.65560
-1.65560
-1.65560
-1.65560
-1.65560
-1.65560
-1.65560
-1.65560
-1.65560
-1.65560
-1.65560
-1.65560
-1.65560
-1.65560
-1.65560
-1.65560
-1.65560
-1.65560
-1.65560
-1.65560
-1.65560
-1.65560
-1.65560
-1.65560
-1.65560
-1.65560
-1.65560
-1.65560
-1.65560
-1.65560
-1.65560
-1.65560
-1.65560
-1.65560
-1.65560
-1.65560
-1.65560
-1.65560
-1.65560
-1.65560
-1.65560
-1.65560
-1.65560
-1.65560
-1.65560
-1.65560
-1.65560
-1.65560
-1.65560
-1.65560
-1.65560
-1.65560
-1.65560
-1.65560
-1.65560
-1.65560
-1.65560
-1.65560
-1.65560
-1.65560
-1.65560
-1.65560
-1.65560
-1.65560
-1.65560
-1.65560
-1.65560
-1.65560
-1.65560
-1.65560
-1.65560
-1.65560
-1.65560
-1.65560
-1.65560
-1.65560
-1.65560
-1.65560
-1.65560
-1.65560
-1.65560
-1.65560
-1.65560
-1.65560
-1.65560
-1.65560
-1.65560
-1.65560
-1.65560
-1.65560
-1.65560
-1.65560
-1.65560
-1.65560
-1.65560
-1.65560
-1.65560
-1.65560
-1.65560
-1.65560
-1.65560
-1.65560
-1.65560
-1.65560
-1.65560
-1.65560
-1.65560
-1.65560
-1.65560
-1.65560
-1.65560
-1.65560
-1.65560
-1.65560
-1.65560
-1.65560
-1.65560
-1.65560
-1.65560
-1.65560
-1.65560
-1.65560
-1.65560
-1.65560
-1.65560
-1.65560
-1.65560
-4.80328
-4.81317
-4.82306
-4.83235
-4.84104
-4.84973
-4.85842
-4.86711
-4.87580
-4.88449
-4.89318
-4.90187
-4.91056
-4.91769
-4.92326
-4.92883
-4.93440
-4.93997
-4.94554
-4.95111
-4.95668
-4.96225
-4.96782
-4.97050
-4.97029
-4.97009
-4.96988
-4.96968
-4.96947
-4.96927
-4.96906
-4.96886
-4.96865
-4.96243
-4.95019
-4.93795
-4.92571
-4.91347
-4.90123
-4.88899
-4.87675
-4.86451
-4.85227
-4.82891
-4.79443
-4.75995
-4.72547
-4.69099
-4.65651
-4.62203
-4.58755
-4.55307
-4.51859
-4.47177
-4.41260
-4.35344
-4.29427
-4.23511
-4.17594
-4.11678
-4.05761
-3.99845
-3.93928
-3.87518
-3.80615
-3.73711
-3.66808
-3.59904
-3.53001
-3.46097
-3.39194
-3.32290
-3.25387
-3.18722
-3.12297
-3.05872
-2.99447
-2.93022
-2.86597
-2.80172
-2.73747
-2.67322
-2.60897
-2.55199
-2.50227
-2.45255
-2.40283
-2.35311
-2.30339
-2.25367
-2.20395
-2.15423
-2.10451
-2.06554
-2.03732
-2.00910
-1.98088
-1.95266
-1.92444
-1.89622
-1.86800
-1.83978
-1.81156
-1.79161
-1.77992
-1.76824
-1.75655
-1.74487
-1.73318
-1.72150
-1.70981
-1.69813
-1.68644
-1.67837
-1.67392
-1.66946
-1.66501
-1.66055
-1.65610
-1.65164
-1.64719
-1.64273
-1.63828
-1.63504
-1.63301
-1.63099
-1.62896
-1.62694
-1.62491
-1.62289
-1.62086
-1.61884
-1.61681
-1.61513
-1.61380
-1.61246
-1.61113
-1.60979
-1.60846
-1.60712
-1.60579
-1.60445
-1.60312
-1.60245
-1.60245
-1.60245
-1.60245
-1.60245
-1.60245
-1.60245
-1.60245
-1.60245
-1.60245
-1.60245
-1.60245
-1.60245
-1.60245
-1.60245
-1.60245
-1.60245
-1.60245
-1.60245
-1.60245
-1.60245
-1.60245
-1.60245
-1.60245
-1.60245
-1.60245
-1.60245
-1.60245
-1.60245
-1.60245
-1.60245
-1.60245
-1.60245
-1.60245
-1.60245
-1.60245
-1.60245
-1.60245
-1.60245
-1.60245
-1.60245
-1.60245
-1.60245
-1.60245
-1.60245
-1.60245
-1.60245
-1.60245
-1.60245
-1.60245
-1.60245
-1.60245
-1.60245
-1.60245
-1.60245
-1.60245
-1.60245
-1.60245
-1.60245
-1.60245
-1.60245
-1.60245
-1.60245
-1.60245
-1.60245
-1.60245
-1.60245
-1.60245
-1.60245
-1.60245
-1.60245
-1.60245
-1.60245
-1.60245
-1.60245
-1.60245
-1.60245
-1.60245
-1.60245
-1.60245
-1.60245
-1.60245
-1.60245
-1.60245
-1.60245
-1.60245
-1.60245
-1.60245
-1.60245
-1.60245
-1.60245
-1.60245
-1.60245
-1.60245
-1.60245
-1.60245
-1.60245
-1.60245
-1.60245
-1.60245
-1.60245
-1.60245
-1.60245
-1.60245
-1.60245
-1.60245
-1.60245
-1.60245
-1.60245
-1.60245
-1.60245
-1.60245
-1.60245
-1.60245
-1.60245
-1.60245
-1.60245
-1.60245
-1.60245
-1.60245
-1.60245
-1.60245
-1.60245
-1.60245
-1.60245
-1.60245
-1.60245
-1.60245
-1.60245
-1.60245
-1.60245
-1.60245
-1.60245
-1.60245
-1.60245
-1.60245
-1.60245
-1.60245
-4.58124
-4.58983
-4.59842
-4.60701
-4.61560
-4.62514
-4.63468
-4.64422
-4.65376
-4.66330
-4.67284
-4.68238
-4.69192
-4.70146
-4.71100
-4.72025
-4.72950
-4.73875
-4.74800
-4.75725
-4.76650
-4.77575
-4.78500
-4.79425
-4.80350
-4.81041
-4.81732
-4.82423
-4.83114
-4.83805
-4.84496
-4.85187
-4.85878
-4.86569
-4.87260
-4.87403
-4.87546
-4.87689
-4.87832
-4.87975
-4.88118
-4.88261
-4.88404
-4.88547
-4.88690
-4.87596
-4.86502
-4.85408
-4.84314
-4.83220
-4.82126
-4.81032
-4.79938
-4.78844
-4.77750
-4.74325
-4.70900
-4.67475
-4.64050
-4.60625
-4.57200
-4.53775
-4.50350
-4.46925
-4.43500
-4.37562
-4.31624
-4.25686
-4.19748
-4.13810
-4.07872
-4.01934
-3.95996
-3.90058
-3.84120
-3.77224
-3.70328
-3.63432
-3.56536
-3.49640
-3.42744
-3.35848
-3.28952
-3.22056
-3.15160
-3.08813
-3.02466
-2.96119
-2.89772
-2.83425
-2.77078
-2.70731
-2.64384
-2.58037
-2.51690
-2.46809
-2.41928
-2.37047
-2.32166
-2.27285
-2.22404
-2.17523
-2.12642
-2.07761
-2.02880
-2.00069
-1.97258
-1.94447
-1.91636
-1.88825
-1.86014
-1.83203
-1.80392
-1.77581
-1.74770
-1.73531
-1.72292
-1.71053
-1.69814
-1.68575
-1.67336
-1.66097
-1.64858
-1.63619
-1.62380
-1.61843
-1.61306
-1.60769
-1.60232
-1.59695
-1.59158
-1.58621
-1.58084
-1.57547
-1.57010
-1.56719
-1.56428
-1.56137
-1.55846
-1.55555
-1.55264
-1.54973
-1.54682
-1.54391
-1.54100
-1.54100
-1.54100
-1.54100
-1.54100
-1.54100
-1.54100
-1.54100
-1.54100
-1.54100
-1.54100
-1.54100
-1.54100
-1.54100
-1.54100
-1.54100
-1.54100
-1.54100
-1.54100
-1.54100
-1.54100
-1.54100
-1.54100
-1.54100
-1.54100
-1.54100
-1.54100
-1.54100
-1.54100
-1.54100
-1.54100
-1.54100
-1.54100
-1.54100
-1.54100
-1.54100
-1.54100
-1.54100
-1.54100
-1.54100
-1.54100
-1.54100
-1.54100
-1.54100
-1.54100
-1.54100
-1.54100
-1.54100
-1.54100
-1.54100
-1.54100
-1.54100
-1.54100
-1.54100
-1.54100
-1.54100
-1.54100
-1.54100
-1.54100
-1.54100
-1.54100
-1.54100
-1.54100
-1.54100
-1.54100
-1.54100
-1.54100
-1.54100
-1.54100
-1.54100
-1.54100
-1.54100
-1.54100
-1.54100
-1.54100
-1.54100
-1.54100
-1.54100
-1.54100
-1.54100
-1.54100
-1.54100
-1.54100
-1.54100
-1.54100
-1.54100
-1.54100
-1.54100
-1.54100
-1.54100
-1.54100
-1.54100
-1.54100
-1.54100
-1.54100
-1.54100
-1.54100
-1.54100
-1.54100
-1.54100
-1.54100
-1.54100
-1.54100
-1.54100
-1.54100
-1.54100
-1.54100
-1.54100
-1.54100
-1.54100
-1.54100
-1.54100
-1.54100
-1.54100
-1.54100
-1.54100
-1.54100
-1.54100
-1.54100
-1.54100
-1.54100
-1.54100
-1.54100
-1.54100
-1.54100
-1.54100
-1.54100
-1.54100
-1.54100
-1.54100
-1.54100
-1.54100
-1.54100
-1.54100
-1.54100
-1.54100
-1.54100
-4.40250
-4.40815
-4.41381
-4.41946
-4.42512
-4.43077
-4.43721
-4.44444
-4.45166
-4.45889
-4.46611
-4.47334
-4.48056
-4.48779
-4.49501
-4.50224
-4.51005
-4.51845
-4.52685
-4.53525
-4.54365
-4.55205
-4.56045
-4.56885
-4.57725
-4.58565
-4.59406
-4.60247
-4.61089
-4.61930
-4.62772
-4.63613
-4.64455
-4.65296
-4.66138
-4.66979
-4.67710
-4.68331
-4.68951
-4.69572
-4.70192
-4.70813
-4.71433
-4.72054
-4.72674
-4.73295
-4.73620
-4.73649
-4.73678
-4.73707
-4.73736
-4.73765
-4.73794
-4.73823
-4.73852
-4.73881
-4.73255
-4.71976
-4.70696
-4.69417
-4.68137
-4.66858
-4.65578
-4.64299
-4.63019
-4.61740
-4.59294
-4.55683
-4.52072
-4.48461
-4.44850
-4.41239
-4.37628
-4.34017
-4.30406
-4.26795
-4.22023
-4.16090
-4.10157
-4.04224
-3.98291
-3.92358
-3.86425
-3.80492
-3.74559
-3.68626
-3.62282
-3.55527
-3.48772
-3.42017
-3.35262
-3.28507
-3.21752
-3.14997
-3.08242
-3.01487
-2.95058
-2.88953
-2.82849
-2.76744
-2.70640
-2.64535
-2.58431
-2.52326
-2.46222
-2.40117
-2.34779
-2.30207
-2.25635
-2.21063
-2.16491
-2.11919
-2.07347
-2.02775
-1.98203
-1.93631
-1.90012
-1.87346
-1.84680
-1.82014
-1.79348
-1.76682
-1.74016
-1.71350
-1.68684
-1.66018
-1.64043
-1.62760
-1.61476
-1.60193
-1.58909
-1.57626
-1.56342
-1.55059
-1.53775
-1.52492
-1.51528
-1.50883
-1.50239
-1.49594
-1.48950
-1.48305
-1.47661
-1.47016
-1.46372
-1.45727
-1.45405
-1.45405
-1.45405
-1.45405
-1.45405
-1.45405
-1.45405
-1.45405
-1.45405
-1.45405
-1.45405
-1.45405
-1.45405
-1.45405
-1.45405
-1.45405
-1.45405
-1.45405
-1.45405
-1.45405
-1.45405
-1.45405
-1.45405
-1.45405
-1.45405
-1.45405
-1.45405
-1.45405
-1.45405
-1.45405
-1.45405
-1.45405
-1.45405
-1.45405
-1.45405
-1.45405
-1.45405
-1.45405
-1.45405
-1.45405
-1.45405
-1.45405
-1.45405
-1.45405
-1.45405
-1.45405
-1.45405
-1.45405
-1.45405
-1.45405
-1.45405
-1.45405
-1.45405
-1.45405
-1.45405
-1.45405
-1.45405
-1.45405
-1.45405
-1.45405
-1.45405
-1.45405
-1.45405
-1.45405
-1.45405
-1.45405
-1.45405
-1.45405
-1.45405
-1.45405
-1.45405
-1.45405
-1.45405
-1.45405
-1.45405
-1.45405
-1.45405
-1.45405
-1.45405
-1.45405
-1.45405
-1.45405
-1.45405
-1.45405
-1.45405
-1.45405
-1.45405
-1.45405
-1.45405
-1.45405
-1.45405
-1.45405
-1.45405
-1.45405
-1.45405
-1.45405
-1.45405
-1.45405
-1.45405
-1.45405
-1.45405
-1.45405
-1.45405
-1.45405
-1.45405
-1.45405
-1.45405
-1.45405
-1.45405
-1.45405
-1.45405
-1.45405
-1.45405
-1.45405
-1.45405
-1.45405
-1.45405
-1.45405
-1.45405
-1.45405
-1.45405
-1.45405
-1.45405
-1.45405
-1.45405
-1.45405
-1.45405
-1.45405
-1.45405
-1.45405
-1.45405
-1.45405
-1.45405
-1.45405
-1.45405
-4.29053
-4.29264
-4.29475
-4.29686
-4.29897
-4.30108
-4.30319
-4.30530
-4.30939
-4.31348
-4.31757
-4.32166
-4.32575
-4.32984
-4.33393
-4.33802
-4.34211
-4.34620
-4.35186
-4.35752
-4.36318
-4.36884
-4.37450
-4.38016
-4.38582
-4.39148
-4.39714
-4.40280
-4.40943
-4.41606
-4.42269
-4.42932
-4.43595
-4.44258
-4.44921
-4.45584
-4.46247
-4.46910
-4.47534
-4.48158
-4.48782
-4.49406
-4.50030
-4.50654
-4.51278
-4.51902
-4.52526
-4.53150
-4.53478
-4.53806
-4.54134
-4.54462
-4.54790
-4.55118
-4.55446
-4.55774
-4.56102
-4.56430
-4.56090
-4.55750
-4.55410
-4.55070
-4.54730
-4.54390
-4.54050
-4.53710
-4.53370
-4.53030
-4.51383
-4.49736
-4.48089
-4.46442
-4.44795
-4.43148
-4.41501
-4.39854
-4.38207
-4.36560
-4.32744
-4.28928
-4.25112
-4.21296
-4.17480
-4.13664
-4.09848
-4.06032
-4.02216
-3.98400
-3.92560
-3.86720
-3.80880
-3.75040
-3.69200
-3.63360
-3.57520
-3.51680
-3.45840
-3.40000
-3.33479
-3.26958
-3.20437
-3.13916
-3.07395
-3.00874
-2.94353
-2.87832
-2.81311
-2.74790
-2.69001
-2.63212
-2.57423
-2.51634
-2.45845
-2.40056
-2.34267
-2.28478
-2.22689
-2.16900
-2.12701
-2.08502
-2.04303
-2.00104
-1.95905
-1.91706
-1.87507
-1.83308
-1.79109
-1.74910
-1.72459
-1.70008
-1.67557
-1.65106
-1.62655
-1.60204
-1.57753
-1.55302
-1.52851
-1.50400
-1.49120
-1.47840
-1.46560
-1.45280
-1.44000
-1.42720
-1.41440
-1.40160
-1.38880
-1.37600
-1.37600
-1.37600
-1.37600
-1.37600
-1.37600
-1.37600
-1.37600
-1.37600
-1.37600
-1.37600
-1.37600
-1.37600
-1.37600
-1.37600
-1.37600
-1.37600
-1.37600
-1.37600
-1.37600
-1.37600
-1.37600
-1.37600
-1.37600
-1.37600
-1.37600
-1.37600
-1.37600
-1.37600
-1.37600
-1.37600
-1.37600
-1.37600
-1.37600
-1.37600
-1.37600
-1.37600
-1.37600
-1.37600
-1.37600
-1.37600
-1.37600
-1.37600
-1.37600
-1.37600
-1.37600
-1.37600
-1.37600
-1.37600
-1.37600
-1.37600
-1.37600
-1.37600
-1.37600
-1.37600
-1.37600
-1.37600
-1.37600
-1.37600
-1.37600
-1.37600
-1.37600
-1.37600
-1.37600
-1.37600
-1.37600
-1.37600
-1.37600
-1.37600
-1.37600
-1.37600
-1.37600
-1.37600
-1.37600
-1.37600
-1.37600
-1.37600
-1.37600
-1.37600
-1.37600
-1.37600
-1.37600
-1.37600
-1.37600
-1.37600
-1.37600
-1.37600
-1.37600
-1.37600
-1.37600
-1.37600
-1.37600
-1.37600
-1.37600
-1.37600
-1.37600
-1.37600
-1.37600
-1.37600
-1.37600
-1.37600
-1.37600
-1.37600
-1.37600
-1.37600
-1.37600
-1.37600
-1.37600
-1.37600
-1.37600
-1.37600
-1.37600
-1.37600
-1.37600
-1.37600
-1.37600
-1.37600
-1.37600
-1.37600
-1.37600
-1.37600
-1.37600
-1.37600
-1.37600
-1.37600
-1.37600
-1.37600
-1.37600
-1.37600
-1.37600
-1.37600
-1.37600
-1.37600
-1.37600
-4.25322
-4.25213
-4.25104
-4.24995
-4.24886
-4.24777
-4.24668
-4.24559
-4.24450
-4.24405
-4.24424
-4.24444
-4.24463
-4.24483
-4.24502
-4.24522
-4.24541
-4.24561
-4.24580
-4.24689
-4.24888
-4.25086
-4.25285
-4.25483
-4.25682
-4.25880
-4.26079
-4.26277
-4.26476
-4.26740
-4.27070
-4.27400
-4.27730
-4.28060
-4.28390
-4.28720
-4.29050
-4.29380
-4.29710
-4.30041
-4.30373
-4.30705
-4.31037
-4.31369
-4.31701
-4.32033
-4.32365
-4.32697
-4.33029
-4.33264
-4.33403
-4.33541
-4.33680
-4.33818
-4.33957
-4.34095
-4.34234
-4.34372
-4.34511
-4.34431
-4.34132
-4.33834
-4.33535
-4.33237
-4.32938
-4.32640
-4.32341
-4.32043
-4.31744
-4.31078
-4.30045
-4.29011
-4.27978
-4.26944
-4.25911
-4.24877
-4.23844
-4.22810
-4.21777
-4.20144
-4.17912
-4.15680
-4.13448
-4.11216
-4.08984
-4.06752
-4.04520
-4.02288
-4.00056
-3.96985
-3.93074
-3.89164
-3.85253
-3.81343
-3.77432
-3.73522
-3.69611
-3.65701
-3.61790
-3.57113
-3.51669
-3.46225
-3.40781
-3.35337
-3.29893
-3.24449
-3.19005
-3.13561
-3.08117
-3.02385
-2.96366
-2.90347
-2.84328
-2.78309
-2.72290
-2.66271
-2.60252
-2.54233
-2.48214
-2.42546
-2.37229
-2.31912
-2.26595
-2.21278
-2.15961
-2.10644
-2.05327
-2.00010
-1.94693
-1.90154
-1.86393
-1.82632
-1.78871
-1.75110
-1.71349
-1.67588
-1.63827
-1.60066
-1.56305
-1.53315
-1.51096
-1.48877
-1.46658
-1.44439
-1.42220
-1.40001
-1.37782
-1.35563
-1.33344
-1.32235
-1.32235
-1.32235
-1.32235
-1.32235
-1.32235
-1.32235
-1.32235
-1.32235
-1.32235
-1.32235
-1.32235
-1.32235
-1.32235
-1.32235
-1.32235
-1.32235
-1.32235
-1.32235
-1.32235
-1.32235
-1.32235
-1.32235
-1.32235
-1.32235
-1.32235
-1.32235
-1.32235
-1.32235
-1.32235
-1.32235
-1.32235
-1.32235
-1.32235
-1.32235
-1.32235
-1.32235
-1.32235
-1.32235
-1.32235
-1.32235
-1.32235
-1.32235
-1.32235
-1.32235
-1.32235
-1.32235
-1.32235
-1.32235
-1.32235
-1.32235
-1.32235
-1.32235
-1.32235
-1.32235
-1.32235
-1.32235
-1.32235
-1.32235
-1.32235
-1.32235
-1.32235
-1.32235
-1.32235
-1.32235
-1.32235
-1.32235
-1.32235
-1.32235
-1.32235
-1.32235
-1.32235
-1.32235
-1.32235
-1.32235
-1.32235
-1.32235
-1.32235
-1.32235
-1.32235
-1.32235
-1.32235
-1.32235
-1.32235
-1.32235
-1.32235
-1.32235
-1.32235
-1.32235
-1.32235
-1.32235
-1.32235
-1.32235
-1.32235
-1.32235
-1.32235
-1.32235
-1.32235
-1.32235
-1.32235
-1.32235
-1.32235
-1.32235
-1.32235
-1.32235
-1.32235
-1.32235
-1.32235
-1.32235
-1.32235
-1.32235
-1.32235
-1.32235
-1.32235
-1.32235
-1.32235
-1.32235
-1.32235
-1.32235
-1.32235
-1.32235
-1.32235
-1.32235
-1.32235
-1.32235
-1.32235
-1.32235
-1.32235
-1.32235
-1.32235
-1.32235
-1.32235
-4.24610
-4.24443
-4.24276
-4.24109
-4.23942
-4.23775
-4.23608
-4.23441
-4.23274
-4.23107
-4.22940
-4.22726
-4.22512
-4.22298
-4.22084
-4.21870
-4.21656
-4.21442
-4.21228
-4.21014
-4.20800
-4.20618
-4.20436
-4.20254
-4.20072
-4.19890
-4.19708
-4.19526
-4.19344
-4.19162
-4.18980
-4.18888
-4.18796
-4.18704
-4.18612
-4.18520
-4.18428
-4.18336
-4.18244
-4.18152
-4.18060
-4.17986
-4.17912
-4.17838
-4.17764
-4.17690
-4.17616
-4.17542
-4.17468
-4.17394
-4.17320
-4.17062
-4.16804
-4.16546
-4.16288
-4.16030
-4.15772
-4.15514
-4.15256
-4.14998
-4.14740
-4.14106
-4.13472
-4.12838
-4.12204
-4.11570
-4.10936
-4.10302
-4.09668
-4.09034
-4.08400
-4.07241
-4.06082
-4.04923
-4.03764
-4.02605
-4.01446
-4.00287
-3.99128
-3.97969
-3.96810
-3.94951
-3.93092
-3.91233
-3.89374
-3.87515
-3.85656
-3.83797
-3.81938
-3.80079
-3.78220
-3.75516
-3.72812
-3.70108
-3.67404
-3.64700
-3.61996
-3.59292
-3.56588
-3.53884
-3.51180
-3.47435
-3.43690
-3.39945
-3.36200
-3.32455
-3.28710
-3.24965
-3.21220
-3.17475
-3.13730
-3.08856
-3.03982
-2.99108
-2.94234
-2.89360
-2.84486
-2.79612
-2.74738
-2.69864
-2.64990
-2.59590
-2.54190
-2.48790
-2.43390
-2.37990
-2.32590
-2.27190
-2.21790
-2.16390
-2.10990
-2.06240
-2.01490
-1.96740
-1.91990
-1.87240
-1.82490
-1.77740
-1.72990
-1.68240
-1.63490
-1.60192
-1.56894
-1.53596
-1.50298
-1.47000
-1.43702
-1.40404
-1.37106
-1.33808
-1.30510
-1.30510
-1.30510
-1.30510
-1.30510
-1.30510
-1.30510
-1.30510
-1.30510
-1.30510
-1.30510
-1.30510
-1.30510
-1.30510
-1.30510
-1.30510
-1.30510
-1.30510
-1.30510
-1.30510
-1.30510
-1.30510
-1.30510
-1.30510
-1.30510
-1.30510
-1.30510
-1.30510
-1.30510
-1.30510
-1.30510
-1.30510
-1.30510
-1.30510
-1.30510
-1.30510
-1.30510
-1.30510
-1.30510
-1.30510
-1.30510
-1.30510
-1.30510
-1.30510
-1.30510
-1.30510
-1.30510
-1.30510
-1.30510
-1.30510
-1.30510
-1.30510
-1.30510
-1.30510
-1.30510
-1.30510
-1.30510
-1.30510
-1.30510
-1.30510
-1.30510
-1.30510
-1.30510
-1.30510
-1.30510
-1.30510
-1.30510
-1.30510
-1.30510
-1.30510
-1.30510
-1.30510
-1.30510
-1.30510
-1.30510
-1.30510
-1.30510
-1.30510
-1.30510
-1.30510
-1.30510
-1.30510
-1.30510
-1.30510
-1.30510
-1.30510
-1.30510
-1.30510
-1.30510
-1.30510
-1.30510
-1.30510
-1.30510
-1.30510
-1.30510
-1.30510
-1.30510
-1.30510
-1.30510
-1.30510
-1.30510
-1.30510
-1.30510
-1.30510
-1.30510
-1.30510
-1.30510
-1.30510
-1.30510
-1.30510
-1.30510
-1.30510
-1.30510
-1.30510
-1.30510
-1.30510
-1.30510
-1.30510
-1.30510
-1.30510
-1.30510
-1.30510
-1.30510
-1.30510
-1.30510
-1.30510
-1.30510
-1.30510
-1.30510
-1.30510
-1.30510
-4.20318
-4.20639
-4.20826
-4.20877
-4.20929
-4.20980
-4.21032
-4.21083
-4.21135
-4.21186
-4.21238
-4.21289
-4.21243
-4.21098
-4.20954
-4.20809
-4.20665
-4.20520
-4.20376
-4.20231
-4.20087
-4.19942
-4.19724
-4.19430
-4.19137
-4.18844
-4.18551
-4.18258
-4.17965
-4.17672
-4.17379
-4.17086
-4.16732
-4.16316
-4.15900
-4.15484
-4.15068
-4.14652
-4.14236
-4.13820
-4.13404
-4.12988
-4.12507
-4.11962
-4.11416
-4.10871
-4.10325
-4.09780
-4.09234
-4.08689
-4.08143
-4.07598
-4.06936
-4.06158
-4.05380
-4.04602
-4.03824
-4.03046
-4.02268
-4.01490
-4.00712
-3.99934
-3.98970
-3.97819
-3.96668
-3.95517
-3.94366
-3.93215
-3.92064
-3.90913
-3.89762
-3.88611
-3.87232
-3.85625
-3.84019
-3.82412
-3.80806
-3.79199
-3.77593
-3.75986
-3.74380
-3.72773
-3.70923
-3.68828
-3.66734
-3.64639
-3.62545
-3.60450
-3.58356
-3.56261
-3.54167
-3.52072
-3.49760
-3.47229
-3.44699
-3.42168
-3.39638
-3.37107
-3.34577
-3.32046
-3.29516
-3.26985
-3.24245
-3.21296
-3.18346
-3.15397
-3.12447
-3.09498
-3.06548
-3.03599
-3.00649
-2.97700
-2.94464
-2.90943
-2.87422
-2.83901
-2.80380
-2.76859
-2.73338
-2.69817
-2.66296
-2.62775
-2.58883
-2.54620
-2.50356
-2.46093
-2.41829
-2.37566
-2.33302
-2.29039
-2.24775
-2.20512
-2.16064
-2.11431
-2.06799
-2.02166
-1.97534
-1.92901
-1.88269
-1.83636
-1.79004
-1.74371
-1.70043
-1.66020
-1.61996
-1.57973
-1.53949
-1.49926
-1.45902
-1.41879
-1.37855
-1.33832
-1.31820
-1.31820
-1.31820
-1.31820
-1.31820
-1.31820
-1.31820
-1.31820
-1.31820
-1.31820
-1.31820
-1.31820
-1.31820
-1.31820
-1.31820
-1.31820
-1.31820
-1.31820
-1.31820
-1.31820
-1.31820
-1.31820
-1.31820
-1.31820
-1.31820
-1.31820
-1.31820
-1.31820
-1.31820
-1.31820
-1.31820
-1.31820
-1.31820
-1.31820
-1.31820
-1.31820
-1.31820
-1.31820
-1.31820
-1.31820
-1.31820
-1.31820
-1.31820
-1.31820
-1.31820
-1.31820
-1.31820
-1.31820
-1.31820
-1.31820
-1.31820
-1.31820
-1.31820
-1.31820
-1.31820
-1.31820
-1.31820
-1.31820
-1.31820
-1.31820
-1.31820
-1.31820
-1.31820
-1.31820
-1.31820
-1.31820
-1.31820
-1.31820
-1.31820
-1.31820
-1.31820
-1.31820
-1.31820
-1.31820
-1.31820
-1.31820
-1.31820
-1.31820
-1.31820
-1.31820
-1.31820
-1.31820
-1.31820
-1.31820
-1.31820
-1.31820
-1.31820
-1.31820
-1.31820
-1.31820
-1.31820
-1.31820
-1.31820
-1.31820
-1.31820
-1.31820
-1.31820
-1.31820
-1.31820
-1.31820
-1.31820
-1.31820
-1.31820
-1.31820
-1.31820
-1.31820
-1.31820
-1.31820
-1.31820
-1.31820
-1.31820
-1.31820
-1.31820
-1.31820
-1.31820
-1.31820
-1.31820
-1.31820
-1.31820
-1.31820
-1.31820
-1.31820
-1.31820
-1.31820
-1.31820
-1.31820
-1.31820
-1.31820
-1.31820
-4.05430
-4.06420
-4.07410
-4.08400
-4.09019
-4.09638
-4.10257
-4.10876
-4.11495
-4.12114
-4.12733
-4.13352
-4.13971
-4.14590
-4.14829
-4.15068
-4.15307
-4.15546
-4.15785
-4.16024
-4.16263
-4.16502
-4.16741
-4.16980
-4.16888
-4.16796
-4.16704
-4.16612
-4.16520
-4.16428
-4.16336
-4.16244
-4.16152
-4.16060
-4.15661
-4.15262
-4.14863
-4.14464
-4.14065
-4.13666
-4.13267
-4.12868
-4.12469
-4.12070
-4.11295
-4.10520
-4.09745
-4.08970
-4.08195
-4.07420
-4.06645
-4.05870
-4.05095
-4.04320
-4.03063
-4.01806
-4.00549
-3.99292
-3.98035
-3.96778
-3.95521
-3.94264
-3.93007
-3.91750
-3.89999
-3.88248
-3.86497
-3.84746
-3.82995
-3.81244
-3.79493
-3.77742
-3.75991
-3.74240
-3.72059
-3.69878
-3.67697
-3.65516
-3.63335
-3.61154
-3.58973
-3.56792
-3.54611
-3.52430
-3.49890
-3.47350
-3.44810
-3.42270
-3.39730
-3.37190
-3.34650
-3.32110
-3.29570
-3.27030
-3.24266
-3.21502
-3.18738
-3.15974
-3.13210
-3.10446
-3.07682
-3.04918
-3.02154
-2.99390
-2.96515
-2.93640
-2.90765
-2.87890
-2.85015
-2.82140
-2.79265
-2.76390
-2.73515
-2.70640
-2.67624
-2.64608
-2.61592
-2.58576
-2.55560
-2.52544
-2.49528
-2.46512
-2.43496
-2.40480
-2.37179
-2.33878
-2.30577
-2.27276
-2.23975
-2.20674
-2.17373
-2.14072
-2.10771
-2.07470
-2.03738
-2.00006
-1.96274
-1.92542
-1.88810
-1.85078
-1.81346
-1.77614
-1.73882
-1.70150
-1.66248
-1.62346
-1.58444
-1.54542
-1.50640
-1.46738
-1.42836
-1.38934
-1.35032
-1.31130
-1.31130
-1.31130
-1.31130
-1.31130
-1.31130
-1.31130
-1.31130
-1.31130
-1.31130
-1.31130
-1.31130
-1.31130
-1.31130
-1.31130
-1.31130
-1.31130
-1.31130
-1.31130
-1.31130
-1.31130
-1.31130
-1.31130
-1.31130
-1.31130
-1.31130
-1.31130
-1.31130
-1.31130
-1.31130
-1.31130
-1.31130
-1.31130
-1.31130
-1.31130
-1.31130
-1.31130
-1.31130
-1.31130
-1.31130
-1.31130
-1.31130
-1.31130
-1.31130
-1.31130
-1.31130
-1.31130
-1.31130
-1.31130
-1.31130
-1.31130
-1.31130
-1.31130
-1.31130
-1.31130
-1.31130
-1.31130
-1.31130
-1.31130
-1.31130
-1.31130
-1.31130
-1.31130
-1.31130
-1.31130
-1.31130
-1.31130
-1.31130
-1.31130
-1.31130
-1.31130
-1.31130
-1.31130
-1.31130
-1.31130
-1.31130
-1.31130
-1.31130
-1.31130
-1.31130
-1.31130
-1.31130
-1.31130
-1.31130
-1.31130
-1.31130
-1.31130
-1.31130
-1.31130
-1.31130
-1.31130
-1.31130
-1.31130
-1.31130
-1.31130
-1.31130
-1.31130
-1.31130
-1.31130
-1.31130
-1.31130
-1.31130
-1.31130
-1.31130
-1.31130
-1.31130
-1.31130
-1.31130
-1.31130
-1.31130
-1.31130
-1.31130
-1.31130
-1.31130
-1.31130
-1.31130
-1.31130
-1.31130
-1.31130
-1.31130
-1.31130
-1.31130
-1.31130
-1.31130
-1.31130
-1.31130
-1.31130
-1.31130
-3.76339
-3.77867
-3.79395
-3.80923
-3.82451
-3.83852
-3.85125
-3.86399
-3.87672
-3.88946
-3.90219
-3.91493
-3.92766
-3.94040
-3.95313
-3.96413
-3.97338
-3.98264
-3.99189
-4.00115
-4.01040
-4.01966
-4.02891
-4.03817
-4.04742
-4.05449
-4.05936
-4.06423
-4.06910
-4.07397
-4.07884
-4.08371
-4.08858
-4.09345
-4.09832
-4.10068
-4.10054
-4.10040
-4.10026
-4.10012
-4.09998
-4.09984
-4.09970
-4.09956
-4.09942
-4.09632
-4.09026
-4.08420
-4.07814
-4.07208
-4.06602
-4.05996
-4.05390
-4.04784
-4.04178
-4.03191
-4.01823
-4.00455
-3.99087
-3.97719
-3.96351
-3.94983
-3.93615
-3.92247
-3.90879
-3.89098
-3.86904
-3.84710
-3.82516
-3.80322
-3.78128
-3.75934
-3.73740
-3.71546
-3.69352
-3.66856
-3.64059
-3.61261
-3.58464
-3.55666
-3.52869
-3.50071
-3.47274
-3.44476
-3.41679
-3.38733
-3.35638
-3.32544
-3.29449
-3.26355
-3.23260
-3.20166
-3.17071
-3.13977
-3.10882
-3.07745
-3.04566
-3.01386
-2.98207
-2.95027
-2.91848
-2.88668
-2.85489
-2.82309
-2.79130
-2.75973
-2.72839
-2.69705
-2.66571
-2.63437
-2.60303
-2.57169
-2.54035
-2.50901
-2.47767
-2.44668
-2.41605
-2.38542
-2.35479
-2.32416
-2.29353
-2.26290
-2.23227
-2.20164
-2.17101
-2.14040
-2.10980
-2.07920
-2.04860
-2.01800
-1.98740
-1.95680
-1.92620
-1.89560
-1.86500
-1.83390
-1.80230
-1.77070
-1.73910
-1.70750
-1.67590
-1.64430
-1.61270
-1.58110
-1.54950
-1.51719
-1.48418
-1.45117
-1.41816
-1.38515
-1.35214
-1.31913
-1.28612
-1.25311
-1.22010
-1.20360
-1.20360
-1.20360
-1.20360
-1.20360
-1.20360
-1.20360
-1.20360
-1.20360
-1.20360
-1.20360
-1.20360
-1.20360
-1.20360
-1.20360
-1.20360
-1.20360
-1.20360
-1.20360
-1.20360
-1.20360
-1.20360
-1.20360
-1.20360
-1.20360
-1.20360
-1.20360
-1.20360
-1.20360
-1.20360
-1.20360
-1.20360
-1.20360
-1.20360
-1.20360
-1.20360
-1.20360
-1.20360
-1.20360
-1.20360
-1.20360
-1.20360
-1.20360
-1.20360
-1.20360
-1.20360
-1.20360
-1.20360
-1.20360
-1.20360
-1.20360
-1.20360
-1.20360
-1.20360
-1.20360
-1.20360
-1.20360
-1.20360
-1.20360
-1.20360
-1.20360
-1.20360
-1.20360
-1.20360
-1.20360
-1.20360
-1.20360
-1.20360
-1.20360
-1.20360
-1.20360
-1.20360
-1.20360
-1.20360
-1.20360
-1.20360
-1.20360
-1.20360
-1.20360
-1.20360
-1.20360
-1.20360
-1.20360
-1.20360
-1.20360
-1.20360
-1.20360
-1.20360
-1.20360
-1.20360
-1.20360
-1.20360
-1.20360
-1.20360
-1.20360
-1.20360
-1.20360
-1.20360
-1.20360
-1.20360
-1.20360
-1.20360
-1.20360
-1.20360
-1.20360
-1.20360
-1.20360
-1.20360
-1.20360
-1.20360
-1.20360
-1.20360
-1.20360
-1.20360
-1.20360
-1.20360
-1.20360
-1.20360
-1.20360
-1.20360
-1.20360
-1.20360
-1.20360
-1.20360
-1.20360
-1.20360
-3.39146
-3.41005
-3.42864
-3.44723
-3.46582
-3.48441
-3.50300
-3.51996
-3.53692
-3.55388
-3.57084
-3.58780
-3.60476
-3.62172
-3.63868
-3.65564
-3.67260
-3.68738
-3.70216
-3.71694
-3.73172
-3.74650
-3.76128
-3.77606
-3.79084
-3.80562
-3.82040
-3.83194
-3.84348
-3.85502
-3.86656
-3.87810
-3.88964
-3.90118
-3.91272
-3.92426
-3.93580
-3.94240
-3.94900
-3.95560
-3.96220
-3.96880
-3.97540
-3.98200
-3.98860
-3.99520
-4.00180
-4.00109
-4.00038
-3.99967
-3.99896
-3.99825
-3.99754
-3.99683
-3.99612
-3.99541
-3.99470
-3.98391
-3.97312
-3.96233
-3.95154
-3.94075
-3.92996
-3.91917
-3.90838
-3.89759
-3.88680
-3.86447
-3.84214
-3.81981
-3.79748
-3.77515
-3.75282
-3.73049
-3.70816
-3.68583
-3.66350
-3.63172
-3.59994
-3.56816
-3.53638
-3.50460
-3.47282
-3.44104
-3.40926
-3.37748
-3.34570
-3.30937
-3.27304
-3.23671
-3.20038
-3.16405
-3.12772
-3.09139
-3.05506
-3.01873
-2.98240
-2.94576
-2.90912
-2.87248
-2.83584
-2.79920
-2.76256
-2.72592
-2.68928
-2.65264
-2.61600
-2.58076
-2.54552
-2.51028
-2.47504
-2.43980
-2.40456
-2.36932
-2.33408
-2.29884
-2.26360
-2.23024
-2.19688
-2.16352
-2.13016
-2.09680
-2.06344
-2.03008
-1.99672
-1.96336
-1.93000
-1.89837
-1.86674
-1.83511
-1.80348
-1.77185
-1.74022
-1.70859
-1.67696
-1.64533
-1.61370
-1.58310
-1.55250
-1.52190
-1.49130
-1.46070
-1.43010
-1.39950
-1.36890
-1.33830
-1.30770
-1.27768
-1.24766
-1.21764
-1.18762
-1.15760
-1.12758
-1.09756
-1.06754
-1.03752
-1.00750
-1.00750
-1.00750
-1.00750
-1.00750
-1.00750
-1.00750
-1.00750
-1.00750
-1.00750
-1.00750
-1.00750
-1.00750
-1.00750
-1.00750
-1.00750
-1.00750
-1.00750
-1.00750
-1.00750
-1.00750
-1.00750
-1.00750
-1.00750
-1.00750
-1.00750
-1.00750
-1.00750
-1.00750
-1.00750
-1.00750
-1.00750
-1.00750
-1.00750
-1.00750
-1.00750
-1.00750
-1.00750
-1.00750
-1.00750
-1.00750
-1.00750
-1.00750
-1.00750
-1.00750
-1.00750
-1.00750
-1.00750
-1.00750
-1.00750
-1.00750
-1.00750
-1.00750
-1.00750
-1.00750
-1.00750
-1.00750
-1.00750
-1.00750
-1.00750
-1.00750
-1.00750
-1.00750
-1.00750
-1.00750
-1.00750
-1.00750
-1.00750
-1.00750
-1.00750
-1.00750
-1.00750
-1.00750
-1.00750
-1.00750
-1.00750
-1.00750
-1.00750
-1.00750
-1.00750
-1.00750
-1.00750
-1.00750
-1.00750
-1.00750
-1.00750
-1.00750
-1.00750
-1.00750
-1.00750
-1.00750
-1.00750
-1.00750
-1.00750
-1.00750
-1.00750
-1.00750
-1.00750
-1.00750
-1.00750
-1.00750
-1.00750
-1.00750
-1.00750
-1.00750
-1.00750
-1.00750
-1.00750
-1.00750
-1.00750
-1.00750
-1.00750
-1.00750
-1.00750
-1.00750
-1.00750
-1.00750
-1.00750
-1.00750
-1.00750
-1.00750
-1.00750
-1.00750
-1.00750
-1.00750
-2.97161
-2.99208
-3.01254
-3.03301
-3.05347
-3.07394
-3.09440
-3.11487
-3.13465
-3.15374
-3.17284
-3.19193
-3.21103
-3.23012
-3.24922
-3.26831
-3.28741
-3.30650
-3.32475
-3.34216
-3.35956
-3.37697
-3.39437
-3.41178
-3.42918
-3.44659
-3.46399
-3.48140
-3.49763
-3.51270
-3.52776
-3.54283
-3.55789
-3.57296
-3.58802
-3.60309
-3.61815
-3.63322
-3.64644
-3.65781
-3.66918
-3.68055
-3.69192
-3.70329
-3.71466
-3.72603
-3.73740
-3.74877
-3.75707
-3.76231
-3.76755
-3.77279
-3.77803
-3.78327
-3.78851
-3.79375
-3.79899
-3.80423
-3.80465
-3.80024
-3.79584
-3.79143
-3.78703
-3.78262
-3.77822
-3.77381
-3.76941
-3.76500
-3.75422
-3.73706
-3.71990
-3.70274
-3.68558
-3.66842
-3.65126
-3.63410
-3.61694
-3.59978
-3.57633
-3.54659
-3.51685
-3.48711
-3.45737
-3.42763
-3.39789
-3.36815
-3.33841
-3.30867
-3.27472
-3.23655
-3.19839
-3.16022
-3.12206
-3.08389
-3.04573
-3.00756
-2.96940
-2.93123
-2.89176
-2.85097
-2.81019
-2.76940
-2.72862
-2.68783
-2.64705
-2.60626
-2.56548
-2.52469
-2.48450
-2.44491
-2.40532
-2.36573
-2.32614
-2.28655
-2.24696
-2.20737
-2.16778
-2.12819
-2.08983
-2.05270
-2.01557
-1.97844
-1.94131
-1.90418
-1.86705
-1.82992
-1.79279
-1.75566
-1.71987
-1.68540
-1.65094
-1.61647
-1.58201
-1.54754
-1.51308
-1.47861
-1.44415
-1.40968
-1.37640
-1.34430
-1.31220
-1.28010
-1.24800
-1.21590
-1.18380
-1.15170
-1.11960
-1.08750
-1.05633
-1.02608
-0.99584
-0.96559
-0.93535
-0.90510
-0.87486
-0.84461
-0.81437
-0.78412
-0.76900
-0.76900
-0.76900
-0.76900
-0.76900
-0.76900
-0.76900
-0.76900
-0.76900
-0.76900
-0.76900
-0.76900
-0.76900
-0.76900
-0.76900
-0.76900
-0.76900
-0.76900
-0.76900
-0.76900
-0.76900
-0.76900
-0.76900
-0.76900
-0.76900
-0.76900
-0.76900
-0.76900
-0.76900
-0.76900
-0.76900
-0.76900
-0.76900
-0.76900
-0.76900
-0.76900
-0.76900
-0.76900
-0.76900
-0.76900
-0.76900
-0.76900
-0.76900
-0.76900
-0.76900
-0.76900
-0.76900
-0.76900
-0.76900
-0.76900
-0.76900
-0.76900
-0.76900
-0.76900
-0.76900
-0.76900
-0.76900
-0.76900
-0.76900
-0.76900
-0.76900
-0.76900
-0.76900
-0.76900
-0.76900
-0.76900
-0.76900
-0.76900
-0.76900
-0.76900
-0.76900
-0.76900
-0.76900
-0.76900
-0.76900
-0.76900
-0.76900
-0.76900
-0.76900
-0.76900
-0.76900
-0.76900
-0.76900
-0.76900
-0.76900
-0.76900
-0.76900
-0.76900
-0.76900
-0.76900
-0.76900
-0.76900
-0.76900
-0.76900
-0.76900
-0.76900
-0.76900
-0.76900
-0.76900
-0.76900
-0.76900
-0.76900
-0.76900
-0.76900
-0.76900
-0.76900
-0.76900
-0.76900
-0.76900
-0.76900
-0.76900
-0.76900
-0.76900
-0.76900
-0.76900
-0.76900
-0.76900
-0.76900
-0.76900
-0.76900
-0.76900
-0.76900
-0.76900
-2.54342
-2.56524
-2.58706
-2.60888
-2.63070
-2.65252
-2.67434
-2.69616
-2.71798
-2.73980
-2.76048
-2.78116
-2.80184
-2.82252
-2.84320
-2.86388
-2.88456
-2.90524
-2.92592
-2.94660
-2.96592
-2.98524
-3.00456
-3.02388
-3.04320
-3.06252
-3.08184
-3.10116
-3.12048
-3.13980
-3.15711
-3.17442
-3.19173
-3.20904
-3.22635
-3.24366
-3.26097
-3.27828
-3.29559
-3.31290
-3.32714
-3.34138
-3.35562
-3.36986
-3.38410
-3.39834
-3.41258
-3.42682
-3.44106
-3.45530
-3.46410
-3.47290
-3.48170
-3.49050
-3.49930
-3.50810
-3.51690
-3.52570
-3.53450
-3.54330
-3.54335
-3.54340
-3.54345
-3.54350
-3.54355
-3.54360
-3.54365
-3.54370
-3.54375
-3.54380
-3.53237
-3.52094
-3.50951
-3.49808
-3.48665
-3.47522
-3.46379
-3.45236
-3.44093
-3.42950
-3.40546
-3.38142
-3.35738
-3.33334
-3.30930
-3.28526
-3.26122
-3.23718
-3.21314
-3.18910
-3.15404
-3.11898
-3.08392
-3.04886
-3.01380
-2.97874
-2.94368
-2.90862
-2.87356
-2.83850
-2.79698
-2.75546
-2.71394
-2.67242
-2.63090
-2.58938
-2.54786
-2.50634
-2.46482
-2.42330
-2.38048
-2.33766
-2.29484
-2.25202
-2.20920
-2.16638
-2.12356
-2.08074
-2.03792
-1.99510
-1.95417
-1.91324
-1.87231
-1.83138
-1.79045
-1.74952
-1.70859
-1.66766
-1.62673
-1.58580
-1.54776
-1.50972
-1.47168
-1.43364
-1.39560
-1.35756
-1.31952
-1.28148
-1.24344
-1.20540
-1.17036
-1.13532
-1.10028
-1.06524
-1.03020
-0.99516
-0.96012
-0.92508
-0.89004
-0.85500
-0.82282
-0.79064
-0.75846
-0.72628
-0.69410
-0.66192
-0.62974
-0.59756
-0.56538
-0.53320
-0.53320
-0.53320
-0.53320
-0.53320
-0.53320
-0.53320
-0.53320
-0.53320
-0.53320
-0.53320
-0.53320
-0.53320
-0.53320
-0.53320
-0.53320
-0.53320
-0.53320
-0.53320
-0.53320
-0.53320
-0.53320
-0.53320
-0.53320
-0.53320
-0.53320
-0.53320
-0.53320
-0.53320
-0.53320
-0.53320
-0.53320
-0.53320
-0.53320
-0.53320
-0.53320
-0.53320
-0.53320
-0.53320
-0.53320
-0.53320
-0.53320
-0.53320
-0.53320
-0.53320
-0.53320
-0.53320
-0.53320
-0.53320
-0.53320
-0.53320
-0.53320
-0.53320
-0.53320
-0.53320
-0.53320
-0.53320
-0.53320
-0.53320
-0.53320
-0.53320
-0.53320
-0.53320
-0.53320
-0.53320
-0.53320
-0.53320
-0.53320
-0.53320
-0.53320
-0.53320
-0.53320
-0.53320
-0.53320
-0.53320
-0.53320
-0.53320
-0.53320
-0.53320
-0.53320
-0.53320
-0.53320
-0.53320
-0.53320
-0.53320
-0.53320
-0.53320
-0.53320
-0.53320
-0.53320
-0.53320
-0.53320
-0.53320
-0.53320
-0.53320
-0.53320
-0.53320
-0.53320
-0.53320
-0.53320
-0.53320
-0.53320
-0.53320
-0.53320
-0.53320
-0.53320
-0.53320
-0.53320
-0.53320
-0.53320
-0.53320
-0.53320
-0.53320
-0.53320
-0.53320
-0.53320
-0.53320
-0.53320
-0.53320
-0.53320
-0.53320
-0.53320
-2.13018
-2.15319
-2.17596
-2.19873
-2.22150
-2.24427
-2.26704
-2.28981
-2.31258
-2.33535
-2.35812
-2.38049
-2.40248
-2.42446
-2.44645
-2.46843
-2.49042
-2.51240
-2.53439
-2.55637
-2.57836
-2.59975
-2.62054
-2.64134
-2.66213
-2.68293
-2.70372
-2.72452
-2.74531
-2.76611
-2.78690
-2.80678
-2.82574
-2.84470
-2.86366
-2.88262
-2.90158
-2.92054
-2.93950
-2.95846
-2.97742
-2.99483
-3.01069
-3.02655
-3.04241
-3.05827
-3.07413
-3.08999
-3.10585
-3.12171
-3.13757
-3.15067
-3.16100
-3.17134
-3.18167
-3.19201
-3.20234
-3.21268
-3.22301
-3.23335
-3.24368
-3.24969
-3.25138
-3.25306
-3.25475
-3.25643
-3.25812
-3.25980
-3.26149
-3.26317
-3.26486
-3.26124
-3.25233
-3.24341
-3.23450
-3.22558
-3.21667
-3.20775
-3.19884
-3.18992
-3.18101
-3.16690
-3.14759
-3.12829
-3.10898
-3.08968
-3.07037
-3.05107
-3.03176
-3.01246
-2.99315
-2.96920
-2.94059
-2.91199
-2.88338
-2.85478
-2.82617
-2.79757
-2.76896
-2.74036
-2.71175
-2.67921
-2.64274
-2.60626
-2.56979
-2.53331
-2.49684
-2.46036
-2.42389
-2.38741
-2.35094
-2.31187
-2.27022
-2.22856
-2.18691
-2.14525
-2.10360
-2.06194
-2.02029
-1.97863
-1.93698
-1.89471
-1.85184
-1.80896
-1.76609
-1.72321
-1.68034
-1.63746
-1.59459
-1.55171
-1.50884
-1.46685
-1.42574
-1.38464
-1.34353
-1.30243
-1.26132
-1.22022
-1.17911
-1.13801
-1.09690
-1.05727
-1.01911
-0.98095
-0.94279
-0.90463
-0.86647
-0.82831
-0.79015
-0.75199
-0.71383
-0.67731
-0.64242
-0.60754
-0.57265
-0.53777
-0.50288
-0.46800
-0.43311
-0.39823
-0.36334
-0.34590
-0.34590
-0.34590
-0.34590
-0.34590
-0.34590
-0.34590
-0.34590
-0.34590
-0.34590
-0.34590
-0.34590
-0.34590
-0.34590
-0.34590
-0.34590
-0.34590
-0.34590
-0.34590
-0.34590
-0.34590
-0.34590
-0.34590
-0.34590
-0.34590
-0.34590
-0.34590
-0.34590
-0.34590
-0.34590
-0.34590
-0.34590
-0.34590
-0.34590
-0.34590
-0.34590
-0.34590
-0.34590
-0.34590
-0.34590
-0.34590
-0.34590
-0.34590
-0.34590
-0.34590
-0.34590
-0.34590
-0.34590
-0.34590
-0.34590
-0.34590
-0.34590
-0.34590
-0.34590
-0.34590
-0.34590
-0.34590
-0.34590
-0.34590
-0.34590
-0.34590
-0.34590
-0.34590
-0.34590
-0.34590
-0.34590
-0.34590
-0.34590
-0.34590
-0.34590
-0.34590
-0.34590
-0.34590
-0.34590
-0.34590
-0.34590
-0.34590
-0.34590
-0.34590
-0.34590
-0.34590
-0.34590
-0.34590
-0.34590
-0.34590
-0.34590
-0.34590
-0.34590
-0.34590
-0.34590
-0.34590
-0.34590
-0.34590
-0.34590
-0.34590
-0.34590
-0.34590
-0.34590
-0.34590
-0.34590
-0.34590
-0.34590
-0.34590
-0.34590
-0.34590
-0.34590
-0.34590
-0.34590
-0.34590
-0.34590
-0.34590
-0.34590
-0.34590
-0.34590
-0.34590
-0.34590
-0.34590
-0.34590
-0.34590
-0.34590
-1.72302
-1.74606
-1.76910
-1.79212
-1.81514
-1.83816
-1.86118
-1.88420
-1.90722
-1.93024
-1.95326
-1.97628
-1.99930
-2.02184
-2.04438
-2.06692
-2.08946
-2.11200
-2.13454
-2.15708
-2.17962
-2.20216
-2.22470
-2.24635
-2.26800
-2.28965
-2.31130
-2.33295
-2.35460
-2.37625
-2.39790
-2.41955
-2.44120
-2.46113
-2.48106
-2.50099
-2.52092
-2.54085
-2.56078
-2.58071
-2.60064
-2.62057
-2.64050
-2.65750
-2.67450
-2.69150
-2.70850
-2.72550
-2.74250
-2.75950
-2.77650
-2.79350
-2.81050
-2.82173
-2.83296
-2.84419
-2.85542
-2.86665
-2.87788
-2.88911
-2.90034
-2.91157
-2.92280
-2.92507
-2.92734
-2.92961
-2.93188
-2.93415
-2.93642
-2.93869
-2.94096
-2.94323
-2.94550
-2.93729
-2.92908
-2.92087
-2.91266
-2.90445
-2.89624
-2.88803
-2.87982
-2.87161
-2.86340
-2.84617
-2.82894
-2.81171
-2.79448
-2.77725
-2.76002
-2.74279
-2.72556
-2.70833
-2.69110
-2.66700
-2.64290
-2.61880
-2.59470
-2.57060
-2.54650
-2.52240
-2.49830
-2.47420
-2.45010
-2.42019
-2.39028
-2.36037
-2.33046
-2.30055
-2.27064
-2.24073
-2.21082
-2.18091
-2.15100
-2.11527
-2.07954
-2.04381
-2.00808
-1.97235
-1.93662
-1.90089
-1.86516
-1.82943
-1.79370
-1.75313
-1.71256
-1.67199
-1.63142
-1.59085
-1.55028
-1.50971
-1.46914
-1.42857
-1.38800
-1.34554
-1.30308
-1.26062
-1.21816
-1.17570
-1.13324
-1.09078
-1.04832
-1.00586
-0.96340
-0.92230
-0.88120
-0.84010
-0.79900
-0.75790
-0.71680
-0.67570
-0.63460
-0.59350
-0.55240
-0.51420
-0.47600
-0.43780
-0.39960
-0.36140
-0.32320
-0.28500
-0.24680
-0.20860
-0.17040
-0.17040
-0.17040
-0.17040
-0.17040
-0.17040
-0.17040
-0.17040
-0.17040
-0.17040
-0.17040
-0.17040
-0.17040
-0.17040
-0.17040
-0.17040
-0.17040
-0.17040
-0.17040
-0.17040
-0.17040
-0.17040
-0.17040
-0.17040
-0.17040
-0.17040
-0.17040
-0.17040
-0.17040
-0.17040
-0.17040
-0.17040
-0.17040
-0.17040
-0.17040
-0.17040
-0.17040
-0.17040
-0.17040
-0.17040
-0.17040
-0.17040
-0.17040
-0.17040
-0.17040
-0.17040
-0.17040
-0.17040
-0.17040
-0.17040
-0.17040
-0.17040
-0.17040
-0.17040
-0.17040
-0.17040
-0.17040
-0.17040
-0.17040
-0.17040
-0.17040
-0.17040
-0.17040
-0.17040
-0.17040
-0.17040
-0.17040
-0.17040
-0.17040
-0.17040
-0.17040
-0.17040
-0.17040
-0.17040
-0.17040
-0.17040
-0.17040
-0.17040
-0.17040
-0.17040
-0.17040
-0.17040
-0.17040
-0.17040
-0.17040
-0.17040
-0.17040
-0.17040
-0.17040
-0.17040
-0.17040
-0.17040
-0.17040
-0.17040
-0.17040
-0.17040
-0.17040
-0.17040
-0.17040
-0.17040
-0.17040
-0.17040
-0.17040
-0.17040
-0.17040
-0.17040
-0.17040
-0.17040
-0.17040
-0.17040
-0.17040
-0.17040
-0.17040
-0.17040
-0.17040
-0.17040
-0.17040
-0.17040
-0.17040
-1.37016
-1.39130
-1.41244
-1.43358
-1.45514
-1.47711
-1.49909
-1.52106
-1.54304
-1.56501
-1.58699
-1.60896
-1.63094
-1.65291
-1.67493
-1.69698
-1.71904
-1.74109
-1.76315
-1.78520
-1.80726
-1.82931
-1.85137
-1.87342
-1.89519
-1.91667
-1.93815
-1.95963
-1.98111
-2.00259
-2.02407
-2.04555
-2.06703
-2.08851
-2.10927
-2.12931
-2.14935
-2.16939
-2.18943
-2.20947
-2.22951
-2.24955
-2.26959
-2.28963
-2.30820
-2.32530
-2.34240
-2.35950
-2.37660
-2.39370
-2.41080
-2.42790
-2.44500
-2.46210
-2.47626
-2.48747
-2.49868
-2.50989
-2.52110
-2.53231
-2.54352
-2.55473
-2.56594
-2.57715
-2.58375
-2.58574
-2.58773
-2.58972
-2.59171
-2.59370
-2.59569
-2.59768
-2.59967
-2.60166
-2.59845
-2.59005
-2.58165
-2.57325
-2.56485
-2.55645
-2.54805
-2.53965
-2.53125
-2.52285
-2.51023
-2.49338
-2.47654
-2.45969
-2.44285
-2.42600
-2.40916
-2.39231
-2.37547
-2.35862
-2.33891
-2.31634
-2.29376
-2.27119
-2.24861
-2.22604
-2.20346
-2.18089
-2.15831
-2.13574
-2.11099
-2.08408
-2.05716
-2.03025
-2.00333
-1.97642
-1.94950
-1.92259
-1.89567
-1.86876
-1.83978
-1.80875
-1.77771
-1.74668
-1.71564
-1.68461
-1.65357
-1.62254
-1.59150
-1.56047
-1.52751
-1.49264
-1.45776
-1.42289
-1.38801
-1.35314
-1.31826
-1.28339
-1.24851
-1.21364
-1.17738
-1.13975
-1.10211
-1.06448
-1.02684
-0.98921
-0.95157
-0.91394
-0.87630
-0.83867
-0.80037
-0.76142
-0.72246
-0.68351
-0.64455
-0.60560
-0.56664
-0.52769
-0.48873
-0.44978
-0.41096
-0.37228
-0.33360
-0.29492
-0.25624
-0.21756
-0.17888
-0.14020
-0.10152
-0.06284
-0.04350
-0.04350
-0.04350
-0.04350
-0.04350
-0.04350
-0.04350
-0.04350
-0.04350
-0.04350
-0.04350
-0.04350
-0.04350
-0.04350
-0.04350
-0.04350
-0.04350
-0.04350
-0.04350
-0.04350
-0.04350
-0.04350
-0.04350
-0.04350
-0.04350
-0.04350
-0.04350
-0.04350
-0.04350
-0.04350
-0.04350
-0.04350
-0.04350
-0.04350
-0.04350
-0.04350
-0.04350
-0.04350
-0.04350
-0.04350
-0.04350
-0.04350
-0.04350
-0.04350
-0.04350
-0.04350
-0.04350
-0.04350
-0.04350
-0.04350
-0.04350
-0.04350
-0.04350
-0.04350
-0.04350
-0.04350
-0.04350
-0.04350
-0.04350
-0.04350
-0.04350
-0.04350
-0.04350
-0.04350
-0.04350
-0.04350
-0.04350
-0.04350
-0.04350
-0.04350
-0.04350
-0.04350
-0.04350
-0.04350
-0.04350
-0.04350
-0.04350
-0.04350
-0.04350
-0.04350
-0.04350
-0.04350
-0.04350
-0.04350
-0.04350
-0.04350
-0.04350
-0.04350
-0.04350
-0.04350
-0.04350
-0.04350
-0.04350
-0.04350
-0.04350
-0.04350
-0.04350
-0.04350
-0.04350
-0.04350
-0.04350
-0.04350
-0.04350
-0.04350
-0.04350
-0.04350
-0.04350
-0.04350
-0.04350
-0.04350
-0.04350
-0.04350
-0.04350
-0.04350
-0.04350
-0.04350
-0.04350
-1.02300
-1.04224
-1.06148
-1.08072
-1.09996
-1.11920
-1.14013
-1.16106
-1.18199
-1.20292
-1.22385
-1.24478
-1.26571
-1.28664
-1.30757
-1.32850
-1.35007
-1.37164
-1.39321
-1.41478
-1.43635
-1.45792
-1.47949
-1.50106
-1.52263
-1.54420
-1.56551
-1.58682
-1.60813
-1.62944
-1.65075
-1.67206
-1.69337
-1.71468
-1.73599
-1.75730
-1.77745
-1.79760
-1.81775
-1.83790
-1.85805
-1.87820
-1.89835
-1.91850
-1.93865
-1.95880
-1.97600
-1.99320
-2.01040
-2.02760
-2.04480
-2.06200
-2.07920
-2.09640
-2.11360
-2.13080
-2.14199
-2.15318
-2.16437
-2.17556
-2.18675
-2.19794
-2.20913
-2.22032
-2.23151
-2.24270
-2.24441
-2.24612
-2.24783
-2.24954
-2.25125
-2.25296
-2.25467
-2.25638
-2.25809
-2.25980
-2.25121
-2.24262
-2.23403
-2.22544
-2.21685
-2.20826
-2.19967
-2.19108
-2.18249
-2.17390
-2.15744
-2.14098
-2.12452
-2.10806
-2.09160
-2.07514
-2.05868
-2.04222
-2.02576
-2.00930
-1.98825
-1.96720
-1.94615
-1.92510
-1.90405
-1.88300
-1.86195
-1.84090
-1.81985
-1.79880
-1.77488
-1.75096
-1.72704
-1.70312
-1.67920
-1.65528
-1.63136
-1.60744
-1.58352
-1.55960
-1.53326
-1.50692
-1.48058
-1.45424
-1.42790
-1.40156
-1.37522
-1.34888
-1.32254
-1.29620
-1.26702
-1.23784
-1.20866
-1.17948
-1.15030
-1.12112
-1.09194
-1.06276
-1.03358
-1.00440
-0.97159
-0.93878
-0.90597
-0.87316
-0.84035
-0.80754
-0.77473
-0.74192
-0.70911
-0.67630
-0.63949
-0.60268
-0.56587
-0.52906
-0.49225
-0.45544
-0.41863
-0.38182
-0.34501
-0.30820
-0.26904
-0.22988
-0.19072
-0.15156
-0.11240
-0.07324
-0.03408
0.00508
0.04424
0.08340
0.08340
0.08340
0.08340
0.08340
0.08340
0.08340
0.08340
0.08340
0.08340
0.08340
0.08340
0.08340
0.08340
0.08340
0.08340
0.08340
0.08340
0.08340
0.08340
0.08340
0.08340
0.08340
0.08340
0.08340
0.08340
0.08340
0.08340
0.08340
0.08340
0.08340
0.08340
0.08340
0.08340
0.08340
0.08340
0.08340
0.08340
0.08340
0.08340
0.08340
0.08340
0.08340
0.08340
0.08340
0.08340
0.08340
0.08340
0.08340
0.08340
0.08340
0.08340
0.08340
0.08340
0.08340
0.08340
0.08340
0.08340
0.08340
0.08340
0.08340
0.08340
0.08340
0.08340
0.08340
0.08340
0.08340
0.08340
0.08340
0.08340
0.08340
0.08340
0.08340
0.08340
0.08340
0.08340
0.08340
0.08340
0.08340
0.08340
0.08340
0.08340
0.08340
0.08340
0.08340
0.08340
0.08340
0.08340
0.08340
0.08340
0.08340
0.08340
0.08340
0.08340
0.08340
0.08340
0.08340
0.08340
0.08340
0.08340
0.08340
0.08340
0.08340
0.08340
0.08340
0.08340
0.08340
0.08340
0.08340
0.08340
0.08340
0.08340
0.08340
0.08340
0.08340
0.08340
-0.81132
-0.82481
-0.83830
-0.85179
-0.86528
-0.87877
-0.89226
-0.90727
-0.92382
-0.94036
-0.95691
-0.97345
-0.99000
-1.00654
-1.02309
-1.03963
-1.05618
-1.07369
-1.09217
-1.11065
-1.12913
-1.14761
-1.16609
-1.18457
-1.20305
-1.22153
-1.24001
-1.25878
-1.27785
-1.29691
-1.31598
-1.33504
-1.35411
-1.37317
-1.39224
-1.41130
-1.43037
-1.44906
-1.46737
-1.48569
-1.50400
-1.52232
-1.54063
-1.55895
-1.57726
-1.59558
-1.61389
-1.63085
-1.64645
-1.66205
-1.67765
-1.69325
-1.70885
-1.72445
-1.74005
-1.75565
-1.77125
-1.78402
-1.79395
-1.80389
-1.81382
-1.82376
-1.83369
-1.84363
-1.85356
-1.86350
-1.87343
-1.87902
-1.88027
-1.88151
-1.88276
-1.88400
-1.88525
-1.88649
-1.88774
-1.88898
-1.89023
-1.88675
-1.87856
-1.87036
-1.86217
-1.85397
-1.84578
-1.83758
-1.82939
-1.82119
-1.81300
-1.80117
-1.78570
-1.77024
-1.75477
-1.73931
-1.72384
-1.70838
-1.69291
-1.67745
-1.66198
-1.64434
-1.62451
-1.60468
-1.58485
-1.56502
-1.54519
-1.52536
-1.50553
-1.48570
-1.46587
-1.44471
-1.42224
-1.39976
-1.37729
-1.35481
-1.33234
-1.30986
-1.28739
-1.26491
-1.24244
-1.21894
-1.19442
-1.16990
-1.14538
-1.12086
-1.09634
-1.07182
-1.04730
-1.02278
-0.99826
-0.97266
-0.94599
-0.91931
-0.89264
-0.86596
-0.83929
-0.81261
-0.78594
-0.75926
-0.73259
-0.70453
-0.67508
-0.64564
-0.61619
-0.58675
-0.55730
-0.52786
-0.49841
-0.46897
-0.43952
-0.40848
-0.37585
-0.34321
-0.31058
-0.27794
-0.24531
-0.21267
-0.18004
-0.14740
-0.11477
-0.08082
-0.04555
-0.01029
0.02498
0.06024
0.09551
0.13077
0.16604
0.20130
0.23657
0.25420
0.25420
0.25420
0.25420
0.25420
0.25420
0.25420
0.25420
0.25420
0.25420
0.25420
0.25420
0.25420
0.25420
0.25420
0.25420
0.25420
0.25420
0.25420
0.25420
0.25420
0.25420
0.25420
0.25420
0.25420
0.25420
0.25420
0.25420
0.25420
0.25420
0.25420
0.25420
0.25420
0.25420
0.25420
0.25420
0.25420
0.25420
0.25420
0.25420
0.25420
0.25420
0.25420
0.25420
0.25420
0.25420
0.25420
0.25420
0.25420
0.25420
0.25420
0.25420
0.25420
0.25420
0.25420
0.25420
0.25420
0.25420
0.25420
0.25420
0.25420
0.25420
0.25420
0.25420
0.25420
0.25420
0.25420
0.25420
0.25420
0.25420
0.25420
0.25420
0.25420
0.25420
0.25420
0.25420
0.25420
0.25420
0.25420
0.25420
0.25420
0.25420
0.25420
0.25420
0.25420
0.25420
0.25420
0.25420
0.25420
0.25420
0.25420
0.25420
0.25420
0.25420
0.25420
0.25420
0.25420
0.25420
0.25420
0.25420
0.25420
0.25420
0.25420
0.25420
0.25420
0.25420
0.25420
0.25420
0.25420
0.25420
0.25420
0.25420
0.25420
0.25420
-0.61688
-0.62462
-0.63236
-0.64010
-0.64784
-0.65558
-0.66332
-0.67106
-0.67880
-0.69096
-0.70312
-0.71528
-0.72744
-0.73960
-0.75176
-0.76392
-0.77608
-0.78824
-0.80040
-0.81579
-0.83118
-0.84657
-0.86196
-0.87735
-0.89274
-0.90813
-0.92352
-0.93891
-0.95430
-0.97112
-0.98794
-1.00476
-1.02158
-1.03840
-1.05522
-1.07204
-1.08886
-1.10568
-1.12250
-1.13898
-1.15546
-1.17194
-1.18842
-1.20490
-1.22138
-1.23786
-1.25434
-1.27082
-1.28730
-1.30130
-1.31530
-1.32930
-1.34330
-1.35730
-1.37130
-1.38530
-1.39930
-1.41330
-1.42730
-1.43598
-1.44466
-1.45334
-1.46202
-1.47070
-1.47938
-1.48806
-1.49674
-1.50542
-1.51410
-1.51488
-1.51566
-1.51644
-1.51722
-1.51800
-1.51878
-1.51956
-1.52034
-1.52112
-1.52190
-1.51410
-1.50630
-1.49850
-1.49070
-1.48290
-1.47510
-1.46730
-1.45950
-1.45170
-1.44390
-1.42943
-1.41496
-1.40049
-1.38602
-1.37155
-1.35708
-1.34261
-1.32814
-1.31367
-1.29920
-1.28059
-1.26198
-1.24337
-1.22476
-1.20615
-1.18754
-1.16893
-1.15032
-1.13171
-1.11310
-1.09207
-1.07104
-1.05001
-1.02898
-1.00795
-0.98692
-0.96589
-0.94486
-0.92383
-0.90280
-0.88010
-0.85740
-0.83470
-0.81200
-0.78930
-0.76660
-0.74390
-0.72120
-0.69850
-0.67580
-0.65163
-0.62746
-0.60329
-0.57912
-0.55495
-0.53078
-0.50661
-0.48244
-0.45827
-0.43410
-0.40802
-0.38194
-0.35586
-0.32978
-0.30370
-0.27762
-0.25154
-0.22546
-0.19938
-0.17330
-0.14484
-0.11638
-0.08792
-0.05946
-0.03100
-0.00254
0.02592
0.05438
0.08284
0.11130
0.14267
0.17404
0.20541
0.23678
0.26815
0.29952
0.33089
0.36226
0.39363
0.42500
0.42500
0.42500
0.42500
0.42500
0.42500
0.42500
0.42500
0.42500
0.42500
0.42500
0.42500
0.42500
0.42500
0.42500
0.42500
0.42500
0.42500
0.42500
0.42500
0.42500
0.42500
0.42500
0.42500
0.42500
0.42500
0.42500
0.42500
0.42500
0.42500
0.42500
0.42500
0.42500
0.42500
0.42500
0.42500
0.42500
0.42500
0.42500
0.42500
0.42500
0.42500
0.42500
0.42500
0.42500
0.42500
0.42500
0.42500
0.42500
0.42500
0.42500
0.42500
0.42500
0.42500
0.42500
0.42500
0.42500
0.42500
0.42500
0.42500
0.42500
0.42500
0.42500
0.42500
0.42500
0.42500
0.42500
0.42500
0.42500
0.42500
0.42500
0.42500
0.42500
0.42500
0.42500
0.42500
0.42500
0.42500
0.42500
0.42500
0.42500
0.42500
0.42500
0.42500
0.42500
0.42500
0.42500
0.42500
0.42500
0.42500
0.42500
0.42500
0.42500
0.42500
0.42500
0.42500
0.42500
0.42500
0.42500
0.42500
0.42500
0.42500
0.42500
0.42500
0.42500
0.42500
0.42500
0.42500
0.42500
0.42500
0.42500
0.42500
0.42500
-0.56941
-0.57313
-0.57685
-0.58057
-0.58429
-0.58801
-0.59173
-0.59545
-0.59917
-0.60289
-0.60787
-0.61412
-0.62036
-0.62661
-0.63285
-0.63910
-0.64534
-0.65159
-0.65783
-0.66408
-0.67156
-0.68028
-0.68900
-0.69772
-0.70644
-0.71516
-0.72388
-0.73260
-0.74132
-0.75004
-0.75981
-0.77062
-0.78143
-0.79224
-0.80305
-0.81386
-0.82467
-0.83548
-0.84629
-0.85710
-0.86824
-0.87971
-0.89118
-0.90265
-0.91412
-0.92559
-0.93706
-0.94853
-0.96000
-0.97147
-0.98217
-0.99210
-1.00204
-1.01197
-1.02191
-1.03184
-1.04178
-1.05171
-1.06165
-1.07158
-1.07946
-1.08528
-1.09110
-1.09692
-1.10274
-1.10856
-1.11438
-1.12020
-1.12602
-1.13184
-1.13453
-1.13408
-1.13364
-1.13319
-1.13275
-1.13230
-1.13186
-1.13141
-1.13097
-1.13052
-1.12665
-1.11934
-1.11204
-1.10473
-1.09743
-1.09012
-1.08282
-1.07551
-1.06821
-1.06090
-1.05076
-1.03779
-1.02481
-1.01184
-0.99886
-0.98589
-0.97291
-0.95994
-0.94696
-0.93399
-0.91910
-0.90229
-0.88549
-0.86868
-0.85188
-0.83507
-0.81827
-0.80146
-0.78466
-0.76785
-0.74979
-0.73046
-0.71113
-0.69180
-0.67247
-0.65314
-0.63381
-0.61448
-0.59515
-0.57582
-0.55560
-0.53449
-0.51339
-0.49228
-0.47118
-0.45007
-0.42897
-0.40786
-0.38676
-0.36565
-0.34379
-0.32117
-0.29855
-0.27593
-0.25331
-0.23069
-0.20807
-0.18545
-0.16283
-0.14021
-0.11669
-0.09228
-0.06786
-0.04345
-0.01903
0.00538
0.02980
0.05421
0.07863
0.10304
0.12849
0.15498
0.18146
0.20795
0.23443
0.26092
0.28740
0.31389
0.34037
0.36686
0.39462
0.42367
0.45271
0.48176
0.51080
0.53985
0.56889
0.59794
0.62698
0.65603
0.67055
0.67055
0.67055
0.67055
0.67055
0.67055
0.67055
0.67055
0.67055
0.67055
0.67055
0.67055
0.67055
0.67055
0.67055
0.67055
0.67055
0.67055
0.67055
0.67055
0.67055
0.67055
0.67055
0.67055
0.67055
0.67055
0.67055
0.67055
0.67055
0.67055
0.67055
0.67055
0.67055
0.67055
0.67055
0.67055
0.67055
0.67055
0.67055
0.67055
0.67055
0.67055
0.67055
0.67055
0.67055
0.67055
0.67055
0.67055
0.67055
0.67055
0.67055
0.67055
0.67055
0.67055
0.67055
0.67055
0.67055
0.67055
0.67055
0.67055
0.67055
0.67055
0.67055
0.67055
0.67055
0.67055
0.67055
0.67055
0.67055
0.67055
0.67055
0.67055
0.67055
0.67055
0.67055
0.67055
0.67055
0.67055
0.67055
0.67055
0.67055
0.67055
0.67055
0.67055
0.67055
0.67055
0.67055
0.67055
0.67055
0.67055
0.67055
0.67055
0.67055
0.67055
0.67055
0.67055
0.67055
0.67055
0.67055
0.67055
0.67055
0.67055
0.67055
0.67055
0.67055
0.67055
0.67055
0.67055
0.67055
0.67055
0.67055
-0.53416
-0.53370
-0.53340
-0.53310
-0.53280
-0.53250
-0.53220
-0.53190
-0.53160
-0.53130
-0.53100
-0.53070
-0.53103
-0.53136
-0.53169
-0.53202
-0.53235
-0.53268
-0.53301
-0.53334
-0.53367
-0.53400
-0.53605
-0.53810
-0.54015
-0.54220
-0.54425
-0.54630
-0.54835
-0.55040
-0.55245
-0.55450
-0.55930
-0.56410
-0.56890
-0.57370
-0.57850
-0.58330
-0.58810
-0.59290
-0.59770
-0.60250
-0.60896
-0.61542
-0.62188
-0.62834
-0.63480
-0.64126
-0.64772
-0.65418
-0.66064
-0.66710
-0.67297
-0.67884
-0.68471
-0.69058
-0.69645
-0.70232
-0.70819
-0.71406
-0.71993
-0.72580
-0.72876
-0.73172
-0.73468
-0.73764
-0.74060
-0.74356
-0.74652
-0.74948
-0.75244
-0.75540
-0.75373
-0.75206
-0.75039
-0.74872
-0.74705
-0.74538
-0.74371
-0.74204
-0.74037
-0.73870
-0.73189
-0.72508
-0.71827
-0.71146
-0.70465
-0.69784
-0.69103
-0.68422
-0.67741
-0.67060
-0.65912
-0.64764
-0.63616
-0.62468
-0.61320
-0.60172
-0.59024
-0.57876
-0.56728
-0.55580
-0.54080
-0.52580
-0.51080
-0.49580
-0.48080
-0.46580
-0.45080
-0.43580
-0.42080
-0.40580
-0.38817
-0.37054
-0.35291
-0.33528
-0.31765
-0.30002
-0.28239
-0.26476
-0.24713
-0.22950
-0.20999
-0.19048
-0.17097
-0.15146
-0.13195
-0.11244
-0.09293
-0.07342
-0.05391
-0.03440
-0.01333
0.00774
0.02881
0.04988
0.07095
0.09202
0.11309
0.13416
0.15523
0.17630
0.19905
0.22180
0.24455
0.26730
0.29005
0.31280
0.33555
0.35830
0.38105
0.40380
0.42831
0.45282
0.47733
0.50184
0.52635
0.55086
0.57537
0.59988
0.62439
0.64890
0.67562
0.70234
0.72906
0.75578
0.78250
0.80922
0.83594
0.86266
0.88938
0.91610
0.91610
0.91610
0.91610
0.91610
0.91610
0.91610
0.91610
0.91610
0.91610
0.91610
0.91610
0.91610
0.91610
0.91610
0.91610
0.91610
0.91610
0.91610
0.91610
0.91610
0.91610
0.91610
0.91610
0.91610
0.91610
0.91610
0.91610
0.91610
0.91610
0.91610
0.91610
0.91610
0.91610
0.91610
0.91610
0.91610
0.91610
0.91610
0.91610
0.91610
0.91610
0.91610
0.91610
0.91610
0.91610
0.91610
0.91610
0.91610
0.91610
0.91610
0.91610
0.91610
0.91610
0.91610
0.91610
0.91610
0.91610
0.91610
0.91610
0.91610
0.91610
0.91610
0.91610
0.91610
0.91610
0.91610
0.91610
0.91610
0.91610
0.91610
0.91610
0.91610
0.91610
0.91610
0.91610
0.91610
0.91610
0.91610
0.91610
0.91610
0.91610
0.91610
0.91610
0.91610
0.91610
0.91610
0.91610
0.91610
0.91610
0.91610
0.91610
0.91610
0.91610
0.91610
0.91610
0.91610
0.91610
0.91610
0.91610
0.91610
0.91610
0.91610
0.91610
0.91610
0.91610
0.91610
0.91610
0.91610
0.91610
-0.53467
-0.53400
-0.53333
-0.53251
-0.53154
-0.53058
-0.52961
-0.52864
-0.52767
-0.52670
-0.52573
-0.52476
-0.52379
-0.52256
-0.52108
-0.51960
-0.51812
-0.51664
-0.51516
-0.51368
-0.51220
-0.51072
-0.50924
-0.50750
-0.50551
-0.50351
-0.50152
-0.49952
-0.49753
-0.49553
-0.49354
-0.49154
-0.48955
-0.48752
-0.48545
-0.48339
-0.48132
-0.47926
-0.47719
-0.47513
-0.47306
-0.47100
-0.46893
-0.46694
-0.46501
-0.46308
-0.46115
-0.45922
-0.45729
-0.45536
-0.45343
-0.45150
-0.44957
-0.44767
-0.44582
-0.44396
-0.44211
-0.44025
-0.43840
-0.43654
-0.43469
-0.43283
-0.43098
-0.42875
-0.42614
-0.42353
-0.42092
-0.41831
-0.41570
-0.41309
-0.41048
-0.40787
-0.40526
-0.40165
-0.39706
-0.39246
-0.38787
-0.38327
-0.37868
-0.37408
-0.36949
-0.36489
-0.36030
-0.35432
-0.34696
-0.33960
-0.33224
-0.32488
-0.31752
-0.31016
-0.30280
-0.29544
-0.28808
-0.27922
-0.26885
-0.25849
-0.24812
-0.23776
-0.22739
-0.21703
-0.20666
-0.19630
-0.18593
-0.17420
-0.16109
-0.14799
-0.13488
-0.12178
-0.10867
-0.09557
-0.08246
-0.06936
-0.05625
-0.04195
-0.02644
-0.01093
0.00458
0.02009
0.03560
0.05111
0.06662
0.08213
0.09764
0.11412
0.13157
0.14902
0.16647
0.18392
0.20137
0.21882
0.23627
0.25372
0.27117
0.28952
0.30876
0.32800
0.34724
0.36648
0.38572
0.40496
0.42420
0.44344
0.46268
0.48280
0.50381
0.52481
0.54582
0.56682
0.58783
0.60883
0.62984
0.65084
0.67185
0.69383
0.71678
0.73974
0.76269
0.78565
0.80860
0.83156
0.85451
0.87747
0.90042
0.92447
0.94960
0.97473
0.99986
1.02499
1.05012
1.07525
1.10038
1.12551
1.15064
1.16320
1.16320
1.16320
1.16320
1.16320
1.16320
1.16320
1.16320
1.16320
1.16320
1.16320
1.16320
1.16320
1.16320
1.16320
1.16320
1.16320
1.16320
1.16320
1.16320
1.16320
1.16320
1.16320
1.16320
1.16320
1.16320
1.16320
1.16320
1.16320
1.16320
1.16320
1.16320
1.16320
1.16320
1.16320
1.16320
1.16320
1.16320
1.16320
1.16320
1.16320
1.16320
1.16320
1.16320
1.16320
1.16320
1.16320
1.16320
1.16320
1.16320
1.16320
1.16320
1.16320
1.16320
1.16320
1.16320
1.16320
1.16320
1.16320
1.16320
1.16320
1.16320
1.16320
1.16320
1.16320
1.16320
1.16320
1.16320
1.16320
1.16320
1.16320
1.16320
1.16320
1.16320
1.16320
1.16320
1.16320
1.16320
1.16320
1.16320
1.16320
1.16320
1.16320
1.16320
1.16320
1.16320
1.16320
1.16320
1.16320
1.16320
1.16320
1.16320
1.16320
1.16320
1.16320
1.16320
1.16320
1.16320
1.16320
1.16320
1.16320
1.16320
1.16320
1.16320
1.16320
1.16320
1.16320
1.16320
-0.53582
-0.53494
-0.53406
-0.53318
-0.53230
-0.53066
-0.52902
-0.52738
-0.52574
-0.52410
-0.52246
-0.52082
-0.51918
-0.51754
-0.51590
-0.51261
-0.50932
-0.50603
-0.50274
-0.49945
-0.49616
-0.49287
-0.48958
-0.48629
-0.48300
-0.47696
-0.47092
-0.46488
-0.45884
-0.45280
-0.44676
-0.44072
-0.43468
-0.42864
-0.42260
-0.41367
-0.40474
-0.39581
-0.38688
-0.37795
-0.36902
-0.36009
-0.35116
-0.34223
-0.33330
-0.32298
-0.31266
-0.30234
-0.29202
-0.28170
-0.27138
-0.26106
-0.25074
-0.24042
-0.23010
-0.22052
-0.21094
-0.20136
-0.19178
-0.18220
-0.17262
-0.16304
-0.15346
-0.14388
-0.13430
-0.12612
-0.11794
-0.10976
-0.10158
-0.09340
-0.08522
-0.07704
-0.06886
-0.06068
-0.05250
-0.04498
-0.03746
-0.02994
-0.02242
-0.01490
-0.00738
0.00014
0.00766
0.01518
0.02270
0.03061
0.03852
0.04643
0.05434
0.06225
0.07016
0.07807
0.08598
0.09389
0.10180
0.11105
0.12030
0.12955
0.13880
0.14805
0.15730
0.16655
0.17580
0.18505
0.19430
0.20551
0.21672
0.22793
0.23914
0.25035
0.26156
0.27277
0.28398
0.29519
0.30640
0.31979
0.33318
0.34657
0.35996
0.37335
0.38674
0.40013
0.41352
0.42691
0.44030
0.45569
0.47108
0.48647
0.50186
0.51725
0.53264
0.54803
0.56342
0.57881
0.59420
0.61161
0.62902
0.64643
0.66384
0.68125
0.69866
0.71607
0.73348
0.75089
0.76830
0.78756
0.80682
0.82608
0.84534
0.86460
0.88386
0.90312
0.92238
0.94164
0.96090
0.98230
1.00370
1.02510
1.04650
1.06790
1.08930
1.11070
1.13210
1.15350
1.17490
1.19844
1.22198
1.24552
1.26906
1.29260
1.31614
1.33968
1.36322
1.38676
1.41030
1.41030
1.41030
1.41030
1.41030
1.41030
1.41030
1.41030
1.41030
1.41030
1.41030
1.41030
1.41030
1.41030
1.41030
1.41030
1.41030
1.41030
1.41030
1.41030
1.41030
1.41030
1.41030
1.41030
1.41030
1.41030
1.41030
1.41030
1.41030
1.41030
1.41030
1.41030
1.41030
1.41030
1.41030
1.41030
1.41030
1.41030
1.41030
1.41030
1.41030
1.41030
1.41030
1.41030
1.41030
1.41030
1.41030
1.41030
1.41030
1.41030
1.41030
1.41030
1.41030
1.41030
1.41030
1.41030
1.41030
1.41030
1.41030
1.41030
1.41030
1.41030
1.41030
1.41030
1.41030
1.41030
1.41030
1.41030
1.41030
1.41030
1.41030
1.41030
1.41030
1.41030
1.41030
1.41030
1.41030
1.41030
1.41030
1.41030
1.41030
1.41030
1.41030
1.41030
1.41030
1.41030
1.41030
1.41030
1.41030
1.41030
1.41030
1.41030
1.41030
1.41030
1.41030
1.41030
1.41030
1.41030
1.41030
1.41030
1.41030
1.41030
1.41030
1.41030
1.41030
1.41030
1.41030
-0.53900
-0.53830
-0.53760
-0.53690
-0.53620
-0.53550
-0.53438
-0.53285
-0.53131
-0.52978
-0.52824
-0.52671
-0.52517
-0.52364
-0.52210
-0.52057
-0.51810
-0.51471
-0.51131
-0.50792
-0.50452
-0.50113
-0.49773
-0.49434
-0.49094
-0.48755
-0.48246
-0.47567
-0.46889
-0.46210
-0.45532
-0.44853
-0.44175
-0.43496
-0.42818
-0.42139
-0.41236
-0.40108
-0.38980
-0.37852
-0.36724
-0.35596
-0.34468
-0.33340
-0.32212
-0.31084
-0.29746
-0.28199
-0.26652
-0.25105
-0.23558
-0.22011
-0.20464
-0.18917
-0.17370
-0.15823
-0.14166
-0.12399
-0.10631
-0.08864
-0.07096
-0.05329
-0.03561
-0.01794
-0.00026
0.01741
0.03456
0.05119
0.06781
0.08444
0.10106
0.11769
0.13431
0.15094
0.16756
0.18419
0.19927
0.21281
0.22635
0.23989
0.25343
0.26697
0.28051
0.29405
0.30759
0.32113
0.33342
0.34447
0.35552
0.36657
0.37762
0.38867
0.39972
0.41077
0.42182
0.43287
0.44347
0.45360
0.46374
0.47387
0.48401
0.49414
0.50428
0.51441
0.52455
0.53468
0.54504
0.55562
0.56620
0.57678
0.58736
0.59794
0.60852
0.61910
0.62968
0.64026
0.65151
0.66343
0.67535
0.68727
0.69919
0.71111
0.72303
0.73495
0.74687
0.75879
0.77154
0.78513
0.79871
0.81230
0.82588
0.83947
0.85305
0.86664
0.88022
0.89381
0.90840
0.92400
0.93960
0.95520
0.97080
0.98640
1.00200
1.01760
1.03320
1.04880
1.06536
1.08289
1.10041
1.11794
1.13546
1.15299
1.17051
1.18804
1.20556
1.22309
1.24176
1.26158
1.28140
1.30122
1.32104
1.34086
1.36068
1.38050
1.40032
1.42014
1.44105
1.46304
1.48504
1.50703
1.52903
1.55102
1.57302
1.59501
1.61701
1.63900
1.65000
1.65000
1.65000
1.65000
1.65000
1.65000
1.65000
1.65000
1.65000
1.65000
1.65000
1.65000
1.65000
1.65000
1.65000
1.65000
1.65000
1.65000
1.65000
1.65000
1.65000
1.65000
1.65000
1.65000
1.65000
1.65000
1.65000
1.65000
1.65000
1.65000
1.65000
1.65000
1.65000
1.65000
1.65000
1.65000
1.65000
1.65000
1.65000
1.65000
1.65000
1.65000
1.65000
1.65000
1.65000
1.65000
1.65000
1.65000
1.65000
1.65000
1.65000
1.65000
1.65000
1.65000
1.65000
1.65000
1.65000
1.65000
1.65000
1.65000
1.65000
1.65000
1.65000
1.65000
1.65000
1.65000
1.65000
1.65000
1.65000
1.65000
1.65000
1.65000
1.65000
1.65000
1.65000
1.65000
1.65000
1.65000
1.65000
1.65000
1.65000
1.65000
1.65000
1.65000
1.65000
1.65000
1.65000
1.65000
1.65000
1.65000
1.65000
1.65000
1.65000
1.65000
1.65000
1.65000
1.65000
1.65000
1.65000
1.65000
1.65000
1.65000
1.65000
1.65000
1.65000
-0.54164
-0.54112
-0.54060
-0.54008
-0.53956
-0.53904
-0.53852
-0.53800
-0.53657
-0.53514
-0.53371
-0.53228
-0.53085
-0.52942
-0.52799
-0.52656
-0.52513
-0.52370
-0.52020
-0.51670
-0.51320
-0.50970
-0.50620
-0.50270
-0.49920
-0.49570
-0.49220
-0.48870
-0.48117
-0.47364
-0.46611
-0.45858
-0.45105
-0.44352
-0.43599
-0.42846
-0.42093
-0.41340
-0.39977
-0.38614
-0.37251
-0.35888
-0.34525
-0.33162
-0.31799
-0.30436
-0.29073
-0.27710
-0.25648
-0.23586
-0.21524
-0.19462
-0.17400
-0.15338
-0.13276
-0.11214
-0.09152
-0.07090
-0.04513
-0.01936
0.00641
0.03218
0.05795
0.08372
0.10949
0.13526
0.16103
0.18680
0.21187
0.23694
0.26201
0.28708
0.31215
0.33722
0.36229
0.38736
0.41243
0.43750
0.45706
0.47662
0.49618
0.51574
0.53530
0.55486
0.57442
0.59398
0.61354
0.63310
0.64729
0.66148
0.67567
0.68986
0.70405
0.71824
0.73243
0.74662
0.76081
0.77500
0.78602
0.79704
0.80806
0.81908
0.83010
0.84112
0.85214
0.86316
0.87418
0.88520
0.89515
0.90510
0.91505
0.92500
0.93495
0.94490
0.95485
0.96480
0.97475
0.98470
0.99515
1.00560
1.01605
1.02650
1.03695
1.04740
1.05785
1.06830
1.07875
1.08920
1.10098
1.11276
1.12454
1.13632
1.14810
1.15988
1.17166
1.18344
1.19522
1.20700
1.22079
1.23458
1.24837
1.26216
1.27595
1.28974
1.30353
1.31732
1.33111
1.34490
1.36069
1.37648
1.39227
1.40806
1.42385
1.43964
1.45543
1.47122
1.48701
1.50280
1.52104
1.53928
1.55752
1.57576
1.59400
1.61224
1.63048
1.64872
1.66696
1.68520
1.70565
1.72610
1.74655
1.76700
1.78745
1.80790
1.82835
1.84880
1.86925
1.88970
1.88970
1.88970
1.88970
1.88970
1.88970
1.88970
1.88970
1.88970
1.88970
1.88970
1.88970
1.88970
1.88970
1.88970
1.88970
1.88970
1.88970
1.88970
1.88970
1.88970
1.88970
1.88970
1.88970
1.88970
1.88970
1.88970
1.88970
1.88970
1.88970
1.88970
1.88970
1.88970
1.88970
1.88970
1.88970
1.88970
1.88970
1.88970
1.88970
1.88970
1.88970
1.88970
1.88970
1.88970
1.88970
1.88970
1.88970
1.88970
1.88970
1.88970
1.88970
1.88970
1.88970
1.88970
1.88970
1.88970
1.88970
1.88970
1.88970
1.88970
1.88970
1.88970
1.88970
1.88970
1.88970
1.88970
1.88970
1.88970
1.88970
1.88970
1.88970
1.88970
1.88970
1.88970
1.88970
1.88970
1.88970
1.88970
1.88970
1.88970
1.88970
1.88970
1.88970
1.88970
1.88970
1.88970
1.88970
1.88970
1.88970
1.88970
1.88970
1.88970
1.88970
1.88970
1.88970
1.88970
1.88970
1.88970
1.88970
1.88970
1.88970
1.88970
1.88970
-0.53535
-0.53545
-0.53555
-0.53565
-0.53575
-0.53585
-0.53595
-0.53605
-0.53615
-0.53575
-0.53484
-0.53394
-0.53303
-0.53213
-0.53122
-0.53032
-0.52941
-0.52851
-0.52760
-0.52565
-0.52266
-0.51967
-0.51668
-0.51369
-0.51070
-0.50771
-0.50472
-0.50173
-0.49874
-0.49373
-0.48669
-0.47965
-0.47261
-0.46557
-0.45853
-0.45149
-0.44445
-0.43741
-0.43037
-0.42005
-0.40645
-0.39285
-0.37925
-0.36565
-0.35205
-0.33845
-0.32485
-0.31125
-0.29765
-0.27994
-0.25813
-0.23632
-0.21451
-0.19270
-0.17089
-0.14908
-0.12727
-0.10546
-0.08365
-0.05819
-0.02908
0.00003
0.02914
0.05825
0.08736
0.11647
0.14558
0.17469
0.20380
0.23397
0.26521
0.29645
0.32769
0.35893
0.39017
0.42141
0.45265
0.48389
0.51513
0.54432
0.57145
0.59858
0.62571
0.65284
0.67997
0.70710
0.73423
0.76136
0.78849
0.81231
0.83282
0.85334
0.87385
0.89437
0.91488
0.93540
0.95591
0.97643
0.99694
1.01464
1.02952
1.04440
1.05928
1.07416
1.08904
1.10392
1.11880
1.13368
1.14856
1.16184
1.17352
1.18520
1.19688
1.20856
1.22024
1.23192
1.24360
1.25528
1.26696
1.27814
1.28882
1.29950
1.31018
1.32086
1.33154
1.34222
1.35290
1.36358
1.37426
1.38511
1.39614
1.40716
1.41819
1.42921
1.44024
1.45126
1.46229
1.47331
1.48434
1.49605
1.50846
1.52086
1.53327
1.54567
1.55808
1.57048
1.58289
1.59529
1.60770
1.62099
1.63517
1.64935
1.66353
1.67771
1.69189
1.70607
1.72025
1.73443
1.74861
1.76397
1.78052
1.79706
1.81361
1.83015
1.84670
1.86324
1.87979
1.89633
1.91288
1.93046
1.94908
1.96770
1.98632
2.00494
2.02356
2.04218
2.06080
2.07942
2.09804
2.10735
2.10735
2.10735
2.10735
2.10735
2.10735
2.10735
2.10735
2.10735
2.10735
2.10735
2.10735
2.10735
2.10735
2.10735
2.10735
2.10735
2.10735
2.10735
2.10735
2.10735
2.10735
2.10735
2.10735
2.10735
2.10735
2.10735
2.10735
2.10735
2.10735
2.10735
2.10735
2.10735
2.10735
2.10735
2.10735
2.10735
2.10735
2.10735
2.10735
2.10735
2.10735
2.10735
2.10735
2.10735
2.10735
2.10735
2.10735
2.10735
2.10735
2.10735
2.10735
2.10735
2.10735
2.10735
2.10735
2.10735
2.10735
2.10735
2.10735
2.10735
2.10735
2.10735
2.10735
2.10735
2.10735
2.10735
2.10735
2.10735
2.10735
2.10735
2.10735
2.10735
2.10735
2.10735
2.10735
2.10735
2.10735
2.10735
2.10735
2.10735
2.10735
2.10735
2.10735
2.10735
2.10735
2.10735
2.10735
2.10735
2.10735
2.10735
2.10735
2.10735
2.10735
2.10735
2.10735
2.10735
2.10735
2.10735
2.10735
2.10735
2.10735
-0.52720
-0.52792
-0.52864
-0.52936
-0.53008
-0.53080
-0.53152
-0.53224
-0.53296
-0.53368
-0.53440
-0.53402
-0.53364
-0.53326
-0.53288
-0.53250
-0.53212
-0.53174
-0.53136
-0.53098
-0.53060
-0.52812
-0.52564
-0.52316
-0.52068
-0.51820
-0.51572
-0.51324
-0.51076
-0.50828
-0.50580
-0.49925
-0.49270
-0.48615
-0.47960
-0.47305
-0.46650
-0.45995
-0.45340
-0.44685
-0.44030
-0.42673
-0.41316
-0.39959
-0.38602
-0.37245
-0.35888
-0.34531
-0.33174
-0.31817
-0.30460
-0.28160
-0.25860
-0.23560
-0.21260
-0.18960
-0.16660
-0.14360
-0.12060
-0.09760
-0.07460
-0.04215
-0.00970
0.02275
0.05520
0.08765
0.12010
0.15255
0.18500
0.21745
0.24990
0.28731
0.32472
0.36213
0.39954
0.43695
0.47436
0.51177
0.54918
0.58659
0.62400
0.65870
0.69340
0.72810
0.76280
0.79750
0.83220
0.86690
0.90160
0.93630
0.97100
0.99784
1.02468
1.05152
1.07836
1.10520
1.13204
1.15888
1.18572
1.21256
1.23940
1.25814
1.27688
1.29562
1.31436
1.33310
1.35184
1.37058
1.38932
1.40806
1.42680
1.44021
1.45362
1.46703
1.48044
1.49385
1.50726
1.52067
1.53408
1.54749
1.56090
1.57181
1.58272
1.59363
1.60454
1.61545
1.62636
1.63727
1.64818
1.65909
1.67000
1.68027
1.69054
1.70081
1.71108
1.72135
1.73162
1.74189
1.75216
1.76243
1.77270
1.78372
1.79474
1.80576
1.81678
1.82780
1.83882
1.84984
1.86086
1.87188
1.88290
1.89547
1.90804
1.92061
1.93318
1.94575
1.95832
1.97089
1.98346
1.99603
2.00860
2.02345
2.03830
2.05315
2.06800
2.08285
2.09770
2.11255
2.12740
2.14225
2.15710
2.17389
2.19068
2.20747
2.22426
2.24105
2.25784
2.27463
2.29142
2.30821
2.32500
2.32500
2.32500
2.32500
2.32500
2.32500
2.32500
2.32500
2.32500
2.32500
2.32500
2.32500
2.32500
2.32500
2.32500
2.32500
2.32500
2.32500
2.32500
2.32500
2.32500
2.32500
2.32500
2.32500
2.32500
2.32500
2.32500
2.32500
2.32500
2.32500
2.32500
2.32500
2.32500
2.32500
2.32500
2.32500
2.32500
2.32500
2.32500
2.32500
2.32500
2.32500
2.32500
2.32500
2.32500
2.32500
2.32500
2.32500
2.32500
2.32500
2.32500
2.32500
2.32500
2.32500
2.32500
2.32500
2.32500
2.32500
2.32500
2.32500
2.32500
2.32500
2.32500
2.32500
2.32500
2.32500
2.32500
2.32500
2.32500
2.32500
2.32500
2.32500
2.32500
2.32500
2.32500
2.32500
2.32500
2.32500
2.32500
2.32500
2.32500
2.32500
2.32500
2.32500
2.32500
2.32500
2.32500
2.32500
2.32500
2.32500
2.32500
2.32500
2.32500
2.32500
2.32500
2.32500
2.32500
2.32500
2.32500
2.32500
2.32500
-0.51206
-0.51206
-0.51222
-0.51256
-0.51289
-0.51323
-0.51356
-0.51388
-0.51420
-0.51451
-0.51482
-0.51513
-0.51518
-0.51495
-0.51473
-0.51450
-0.51428
-0.51403
-0.51375
-0.51348
-0.51321
-0.51294
-0.51191
-0.51014
-0.50836
-0.50659
-0.50482
-0.50297
-0.50105
-0.49912
-0.49720
-0.49528
-0.49153
-0.48594
-0.48036
-0.47478
-0.46919
-0.46343
-0.45750
-0.45157
-0.44564
-0.43971
-0.43046
-0.41788
-0.40531
-0.39274
-0.38016
-0.36731
-0.35417
-0.34103
-0.32789
-0.31476
-0.29701
-0.27465
-0.25229
-0.22994
-0.20758
-0.18487
-0.16182
-0.13876
-0.11571
-0.09265
-0.06484
-0.03226
0.00032
0.03290
0.06548
0.09836
0.13156
0.16476
0.19796
0.23116
0.26728
0.30632
0.34536
0.38441
0.42345
0.46265
0.50200
0.54135
0.58070
0.62006
0.65912
0.69789
0.73666
0.77544
0.81421
0.85300
0.89181
0.93063
0.96944
1.00825
1.04426
1.07746
1.11067
1.14387
1.17707
1.21014
1.24306
1.27598
1.30890
1.34182
1.37086
1.39602
1.42117
1.44633
1.47148
1.49640
1.52108
1.54575
1.57043
1.59511
1.61638
1.63427
1.65215
1.67003
1.68791
1.70559
1.72306
1.74053
1.75800
1.77547
1.79091
1.80434
1.81776
1.83119
1.84461
1.85781
1.87079
1.88378
1.89676
1.90974
1.92181
1.93295
1.94410
1.95525
1.96640
1.97767
1.98906
2.00045
2.01184
2.02323
2.03442
2.04541
2.05640
2.06739
2.07838
2.08935
2.10031
2.11128
2.12224
2.13320
2.14463
2.15653
2.16843
2.18033
2.19223
2.20418
2.21619
2.22820
2.24021
2.25223
2.26498
2.27847
2.29196
2.30545
2.31894
2.33241
2.34584
2.35928
2.37271
2.38615
2.40057
2.41597
2.43138
2.44678
2.46218
2.47763
2.49312
2.50860
2.52409
2.53958
2.54826
2.55012
2.55198
2.55384
2.55571
2.55765
2.55968
2.56171
2.56373
2.56576
2.56677
2.56677
2.56677
2.56677
2.56677
2.56677
2.56677
2.56677
2.56677
2.56677
2.56677
2.56677
2.56677
2.56677
2.56677
2.56677
2.56677
2.56677
2.56677
2.56677
2.56677
2.56677
2.56677
2.56677
2.56677
2.56677
2.56677
2.56677
2.56677
2.56677
2.56677
2.56677
2.56677
2.56677
2.56677
2.56677
2.56677
2.56677
2.56677
2.56677
2.56677
2.56677
2.56677
2.56677
2.56677
2.56677
2.56677
2.56677
2.56677
2.56677
2.56677
2.56677
2.56677
2.56677
2.56677
2.56677
2.56677
2.56677
2.56677
2.56677
2.56677
2.56677
2.56677
2.56677
2.56677
2.56677
2.56677
2.56677
2.56677
2.56677
2.56677
2.56677
2.56677
2.56677
2.56677
2.56677
2.56677
2.56677
2.56677
2.56677
2.56677
2.56677
2.56677
2.56677
2.56677
2.56677
2.56677
2.56677
2.56677
-0.49635
-0.49635
-0.49635
-0.49635
-0.49634
-0.49634
-0.49633
-0.49632
-0.49631
-0.49629
-0.49626
-0.49623
-0.49620
-0.49618
-0.49608
-0.49599
-0.49589
-0.49580
-0.49570
-0.49553
-0.49536
-0.49519
-0.49502
-0.49485
-0.49372
-0.49259
-0.49145
-0.49032
-0.48919
-0.48780
-0.48641
-0.48503
-0.48364
-0.48225
-0.47767
-0.47308
-0.46850
-0.46392
-0.45934
-0.45413
-0.44892
-0.44371
-0.43851
-0.43330
-0.42184
-0.41038
-0.39892
-0.38746
-0.37600
-0.36347
-0.35094
-0.33841
-0.32588
-0.31335
-0.29187
-0.27039
-0.24891
-0.22743
-0.20595
-0.18307
-0.16019
-0.13731
-0.11443
-0.09155
-0.05907
-0.02660
0.00588
0.03835
0.07083
0.10465
0.13847
0.17229
0.20611
0.23993
0.28049
0.32105
0.36161
0.40218
0.44274
0.48406
0.52537
0.56669
0.60801
0.64933
0.69220
0.73508
0.77795
0.82083
0.86370
0.90668
0.94966
0.99264
1.03562
1.07860
1.11823
1.15785
1.19748
1.23710
1.27673
1.31576
1.35479
1.39382
1.43285
1.47188
1.50331
1.53475
1.56618
1.59762
1.62905
1.65970
1.69034
1.72099
1.75163
1.78228
1.80488
1.82748
1.85008
1.87268
1.89528
1.91673
1.93819
1.95964
1.98110
2.00255
2.01896
2.03537
2.05178
2.06819
2.08460
2.09952
2.11444
2.12936
2.14428
2.15920
2.17143
2.18366
2.19589
2.20812
2.22035
2.23273
2.24511
2.25749
2.26987
2.28225
2.29314
2.30402
2.31491
2.32580
2.33669
2.34750
2.35831
2.36912
2.37994
2.39075
2.40189
2.41303
2.42418
2.43532
2.44646
2.45783
2.46921
2.48058
2.49195
2.50332
2.51551
2.52770
2.53989
2.55207
2.56426
2.57633
2.58841
2.60048
2.61255
2.62462
2.63857
2.65251
2.66646
2.68040
2.69435
2.70855
2.72275
2.73695
2.75115
2.76535
2.76878
2.77221
2.77564
2.77907
2.78250
2.78619
2.78989
2.79358
2.79728
2.80097
2.80097
2.80097
2.80097
2.80097
2.80097
2.80097
2.80097
2.80097
2.80097
2.80097
2.80097
2.80097
2.80097
2.80097
2.80097
2.80097
2.80097
2.80097
2.80097
2.80097
2.80097
2.80097
2.80097
2.80097
2.80097
2.80097
2.80097
2.80097
2.80097
2.80097
2.80097
2.80097
2.80097
2.80097
2.80097
2.80097
2.80097
2.80097
2.80097
2.80097
2.80097
2.80097
2.80097
2.80097
2.80097
2.80097
2.80097
2.80097
2.80097
2.80097
2.80097
2.80097
2.80097
2.80097
2.80097
2.80097
2.80097
2.80097
2.80097
2.80097
2.80097
2.80097
2.80097
2.80097
2.80097
2.80097
2.80097
2.80097
2.80097
2.80097
2.80097
2.80097
2.80097
2.80097
2.80097
2.80097
2.80097
2.80097
2.80097
2.80097
2.80097
2.80097
2.80097
2.80097
2.80097
2.80097
2.80097
-0.48927
-0.48927
-0.48927
-0.48927
-0.48927
-0.48916
-0.48894
-0.48872
-0.48851
-0.48829
-0.48806
-0.48782
-0.48758
-0.48734
-0.48710
-0.48681
-0.48647
-0.48613
-0.48579
-0.48545
-0.48505
-0.48459
-0.48413
-0.48367
-0.48321
-0.48235
-0.48111
-0.47987
-0.47863
-0.47739
-0.47598
-0.47440
-0.47282
-0.47124
-0.46966
-0.46684
-0.46279
-0.45873
-0.45467
-0.45062
-0.44614
-0.44125
-0.43635
-0.43146
-0.42656
-0.41902
-0.40884
-0.39866
-0.38848
-0.37830
-0.36736
-0.35566
-0.34397
-0.33227
-0.32057
-0.30485
-0.28511
-0.26537
-0.24562
-0.22588
-0.20510
-0.18329
-0.16148
-0.13966
-0.11785
-0.09145
-0.06046
-0.02947
0.00151
0.03250
0.06452
0.09756
0.13060
0.16364
0.19669
0.23331
0.27351
0.31371
0.35392
0.39412
0.43494
0.47639
0.51784
0.55929
0.60073
0.64369
0.68815
0.73261
0.77707
0.82153
0.86612
0.91084
0.95555
1.00027
1.04499
1.08909
1.13258
1.17606
1.21955
1.26304
1.30614
1.34886
1.39157
1.43429
1.47700
1.51681
1.55371
1.59060
1.62750
1.66439
1.70081
1.73676
1.77271
1.80866
1.84461
1.87689
1.90550
1.93411
1.96272
1.99134
2.01890
2.04543
2.07195
2.09848
2.12501
2.14894
2.17028
2.19163
2.21297
2.23431
2.25413
2.27243
2.29073
2.30903
2.32733
2.34389
2.35873
2.37357
2.38841
2.40324
2.41781
2.43212
2.44642
2.46073
2.47503
2.48804
2.49974
2.51143
2.52313
2.53483
2.54644
2.55795
2.56946
2.58097
2.59248
2.60369
2.61458
2.62548
2.63637
2.64727
2.65834
2.66958
2.68082
2.69206
2.70330
2.71465
2.72611
2.73758
2.74904
2.76050
2.77188
2.78318
2.79448
2.80578
2.81708
2.82917
2.84206
2.85496
2.86785
2.88074
2.89383
2.90710
2.92038
2.93366
2.94693
2.95602
2.96091
2.96581
2.97071
2.97561
2.98064
2.98582
2.99099
2.99617
3.00134
3.00393
3.00393
3.00393
3.00393
3.00393
3.00393
3.00393
3.00393
3.00393
3.00393
3.00393
3.00393
3.00393
3.00393
3.00393
3.00393
3.00393
3.00393
3.00393
3.00393
3.00393
3.00393
3.00393
3.00393
3.00393
3.00393
3.00393
3.00393
3.00393
3.00393
3.00393
3.00393
3.00393
3.00393
3.00393
3.00393
3.00393
3.00393
3.00393
3.00393
3.00393
3.00393
3.00393
3.00393
3.00393
3.00393
3.00393
3.00393
3.00393
3.00393
3.00393
3.00393
3.00393
3.00393
3.00393
3.00393
3.00393
3.00393
3.00393
3.00393
3.00393
3.00393
3.00393
3.00393
3.00393
3.00393
3.00393
3.00393
3.00393
3.00393
3.00393
3.00393
3.00393
3.00393
3.00393
3.00393
3.00393
3.00393
3.00393
3.00393
3.00393
3.00393
3.00393
3.00393
3.00393
3.00393
-0.48120
-0.48120
-0.48120
-0.48120
-0.48120
-0.48120
-0.48120
-0.48070
-0.48020
-0.47970
-0.47920
-0.47870
-0.47817
-0.47764
-0.47711
-0.47658
-0.47605
-0.47551
-0.47497
-0.47443
-0.47389
-0.47335
-0.47258
-0.47181
-0.47104
-0.47027
-0.46950
-0.46814
-0.46678
-0.46542
-0.46406
-0.46270
-0.46095
-0.45920
-0.45745
-0.45570
-0.45395
-0.45030
-0.44665
-0.44300
-0.43935
-0.43570
-0.43103
-0.42636
-0.42169
-0.41702
-0.41235
-0.40327
-0.39419
-0.38511
-0.37603
-0.36695
-0.35589
-0.34483
-0.33377
-0.32271
-0.31165
-0.29349
-0.27534
-0.25718
-0.23903
-0.22087
-0.20001
-0.17914
-0.15828
-0.13741
-0.11655
-0.08716
-0.05777
-0.02838
0.00101
0.03040
0.06243
0.09446
0.12649
0.15852
0.19055
0.22990
0.26924
0.30859
0.34793
0.38728
0.42829
0.46931
0.51032
0.55134
0.59235
0.63767
0.68299
0.72831
0.77363
0.81895
0.86480
0.91065
0.95650
1.00235
1.04820
1.09477
1.14133
1.18790
1.23446
1.28103
1.32694
1.37286
1.41877
1.46469
1.51060
1.55261
1.59462
1.63663
1.67864
1.72065
1.76159
1.80253
1.84347
1.88441
1.92535
1.96004
1.99472
2.02941
2.06409
2.09878
2.13037
2.16197
2.19356
2.22516
2.25675
2.28330
2.30984
2.33639
2.36293
2.38948
2.41125
2.43303
2.45480
2.47658
2.49835
2.51639
2.53443
2.55247
2.57051
2.58855
2.60471
2.62087
2.63703
2.65319
2.66935
2.68226
2.69518
2.70809
2.72101
2.73392
2.74649
2.75905
2.77162
2.78418
2.79675
2.80759
2.81843
2.82927
2.84011
2.85095
2.86217
2.87339
2.88461
2.89583
2.90705
2.91806
2.92907
2.94008
2.95109
2.96210
2.97293
2.98376
2.99459
3.00542
3.01625
3.02825
3.04026
3.05226
3.06427
3.07627
3.08862
3.10096
3.11331
3.12565
3.13800
3.14448
3.15096
3.15744
3.16392
3.17040
3.17705
3.18370
3.19035
3.19700
3.20365
3.20365
3.20365
3.20365
3.20365
3.20365
3.20365
3.20365
3.20365
3.20365
3.20365
3.20365
3.20365
3.20365
3.20365
3.20365
3.20365
3.20365
3.20365
3.20365
3.20365
3.20365
3.20365
3.20365
3.20365
3.20365
3.20365
3.20365
3.20365
3.20365
3.20365
3.20365
3.20365
3.20365
3.20365
3.20365
3.20365
3.20365
3.20365
3.20365
3.20365
3.20365
3.20365
3.20365
3.20365
3.20365
3.20365
3.20365
3.20365
3.20365
3.20365
3.20365
3.20365
3.20365
3.20365
3.20365
3.20365
3.20365
3.20365
3.20365
3.20365
3.20365
3.20365
3.20365
3.20365
3.20365
3.20365
3.20365
3.20365
3.20365
3.20365
3.20365
3.20365
3.20365
3.20365
3.20365
3.20365
3.20365
3.20365
3.20365
3.20365
3.20365
3.20365
3.20365
3.20365
-0.47124
-0.47124
-0.47124
-0.47124
-0.47124
-0.47124
-0.47124
-0.47124
-0.47079
-0.46990
-0.46901
-0.46812
-0.46723
-0.46630
-0.46532
-0.46434
-0.46337
-0.46239
-0.46154
-0.46083
-0.46012
-0.45940
-0.45869
-0.45776
-0.45662
-0.45548
-0.45435
-0.45321
-0.45189
-0.45038
-0.44888
-0.44737
-0.44587
-0.44413
-0.44217
-0.44020
-0.43823
-0.43626
-0.43349
-0.42992
-0.42634
-0.42276
-0.41919
-0.41500
-0.41019
-0.40539
-0.40059
-0.39579
-0.38907
-0.38042
-0.37178
-0.36314
-0.35450
-0.34465
-0.33361
-0.32257
-0.31153
-0.30048
-0.28642
-0.26934
-0.25226
-0.23518
-0.21810
-0.19940
-0.17907
-0.15874
-0.13841
-0.11808
-0.09417
-0.06669
-0.03921
-0.01173
0.01575
0.04476
0.07530
0.10584
0.13639
0.16693
0.20084
0.23811
0.27539
0.31267
0.34994
0.38825
0.42759
0.46693
0.50627
0.54561
0.58747
0.63186
0.67625
0.72064
0.76503
0.80988
0.85518
0.90049
0.94579
0.99109
1.03747
1.08492
1.13237
1.17982
1.22727
1.27463
1.32188
1.36913
1.41638
1.46363
1.50996
1.55536
1.60077
1.64618
1.69158
1.73642
1.78071
1.82499
1.86927
1.91355
1.95575
1.99588
2.03601
2.07614
2.11627
2.15445
2.19066
2.22688
2.26310
2.29932
2.33357
2.36587
2.39816
2.43046
2.46275
2.49189
2.51787
2.54385
2.56983
2.59582
2.62010
2.64270
2.66529
2.68788
2.71048
2.73124
2.75017
2.76910
2.78803
2.80697
2.82411
2.83946
2.85482
2.87017
2.88553
2.90060
2.91539
2.93018
2.94497
2.95977
2.97295
2.98452
2.99609
3.00767
3.01924
3.03095
3.04280
3.05464
3.06649
3.07834
3.08989
3.10115
3.11241
3.12367
3.13493
3.14608
3.15711
3.16815
3.17918
3.19022
3.20149
3.21299
3.22449
3.23599
3.24750
3.25907
3.27071
3.28235
3.29398
3.30562
3.31555
3.32376
3.33197
3.34019
3.34840
3.35661
3.36482
3.37304
3.38125
3.38946
3.39357
3.39357
3.39357
3.39357
3.39357
3.39357
3.39357
3.39357
3.39357
3.39357
3.39357
3.39357
3.39357
3.39357
3.39357
3.39357
3.39357
3.39357
3.39357
3.39357
3.39357
3.39357
3.39357
3.39357
3.39357
3.39357
3.39357
3.39357
3.39357
3.39357
3.39357
3.39357
3.39357
3.39357
3.39357
3.39357
3.39357
3.39357
3.39357
3.39357
3.39357
3.39357
3.39357
3.39357
3.39357
3.39357
3.39357
3.39357
3.39357
3.39357
3.39357
3.39357
3.39357
3.39357
3.39357
3.39357
3.39357
3.39357
3.39357
3.39357
3.39357
3.39357
3.39357
3.39357
3.39357
3.39357
3.39357
3.39357
3.39357
3.39357
3.39357
3.39357
3.39357
3.39357
3.39357
3.39357
3.39357
3.39357
3.39357
3.39357
3.39357
3.39357
3.39357
-0.46453
-0.46453
-0.46453
-0.46453
-0.46453
-0.46453
-0.46453
-0.46453
-0.46453
-0.46453
-0.46328
-0.46203
-0.46078
-0.45953
-0.45828
-0.45689
-0.45551
-0.45412
-0.45274
-0.45135
-0.45042
-0.44948
-0.44855
-0.44761
-0.44668
-0.44511
-0.44355
-0.44198
-0.44042
-0.43885
-0.43705
-0.43526
-0.43346
-0.43166
-0.42986
-0.42757
-0.42528
-0.42299
-0.42069
-0.41840
-0.41469
-0.41099
-0.40728
-0.40357
-0.39986
-0.39476
-0.38966
-0.38455
-0.37945
-0.37435
-0.36596
-0.35757
-0.34918
-0.34079
-0.33240
-0.32126
-0.31013
-0.29899
-0.28786
-0.27672
-0.26052
-0.24431
-0.22810
-0.21189
-0.19569
-0.17585
-0.15601
-0.13617
-0.11634
-0.09650
-0.07073
-0.04496
-0.01919
0.00658
0.03235
0.06148
0.09061
0.11974
0.14887
0.17800
0.21318
0.24836
0.28353
0.31871
0.35389
0.39147
0.42904
0.46662
0.50420
0.54178
0.58475
0.62772
0.67069
0.71367
0.75664
0.80104
0.84543
0.88983
0.93423
0.97863
1.02605
1.07348
1.12091
1.16834
1.21576
1.26370
1.31164
1.35958
1.40751
1.45545
1.50348
1.55152
1.59955
1.64758
1.69561
1.74261
1.78961
1.83661
1.88360
1.93060
1.97547
2.02035
2.06522
2.11009
2.15496
2.19553
2.23610
2.27667
2.31723
2.35780
2.39535
2.43289
2.47044
2.50798
2.54553
2.57592
2.60631
2.63670
2.66709
2.69748
2.72479
2.75211
2.77942
2.80674
2.83405
2.85610
2.87815
2.90020
2.92225
2.94430
2.96251
2.98072
2.99893
3.01714
3.03535
3.05278
3.07021
3.08764
3.10507
3.12250
3.13533
3.14816
3.16099
3.17382
3.18665
3.19942
3.21219
3.22496
3.23773
3.25050
3.26248
3.27446
3.28644
3.29842
3.31040
3.32190
3.33340
3.34490
3.35640
3.36790
3.37927
3.39064
3.40201
3.41338
3.42475
3.43598
3.44722
3.45845
3.46969
3.48092
3.49099
3.50105
3.51112
3.52118
3.53125
3.54110
3.55096
3.56081
3.57067
3.58052
3.58052
3.58052
3.58052
3.58052
3.58052
3.58052
3.58052
3.58052
3.58052
3.58052
3.58052
3.58052
3.58052
3.58052
3.58052
3.58052
3.58052
3.58052
3.58052
3.58052
3.58052
3.58052
3.58052
3.58052
3.58052
3.58052
3.58052
3.58052
3.58052
3.58052
3.58052
3.58052
3.58052
3.58052
3.58052
3.58052
3.58052
3.58052
3.58052
3.58052
3.58052
3.58052
3.58052
3.58052
3.58052
3.58052
3.58052
3.58052
3.58052
3.58052
3.58052
3.58052
3.58052
3.58052
3.58052
3.58052
3.58052
3.58052
3.58052
3.58052
3.58052
3.58052
3.58052
3.58052
3.58052
3.58052
3.58052
3.58052
3.58052
3.58052
3.58052
3.58052
3.58052
3.58052
3.58052
3.58052
3.58052
3.58052
3.58052
3.58052
3.58052
-0.46318
-0.46318
-0.46318
-0.46318
-0.46318
-0.46318
-0.46318
-0.46318
-0.46318
-0.46318
-0.46318
-0.46245
-0.46100
-0.45954
-0.45808
-0.45663
-0.45508
-0.45343
-0.45178
-0.45013
-0.44848
-0.44704
-0.44581
-0.44458
-0.44335
-0.44212
-0.44050
-0.43850
-0.43650
-0.43450
-0.43249
-0.43039
-0.42818
-0.42596
-0.42375
-0.42154
-0.41905
-0.41630
-0.41354
-0.41079
-0.40803
-0.40466
-0.40066
-0.39666
-0.39266
-0.38866
-0.38388
-0.37832
-0.37276
-0.36720
-0.36165
-0.35474
-0.34649
-0.33824
-0.32998
-0.32173
-0.31196
-0.30066
-0.28936
-0.27806
-0.26677
-0.25332
-0.23772
-0.22212
-0.20652
-0.19092
-0.17347
-0.15416
-0.13485
-0.11554
-0.09623
-0.07431
-0.04977
-0.02524
-0.00071
0.02383
0.05019
0.07838
0.10657
0.13476
0.16295
0.19382
0.22735
0.26088
0.29441
0.32795
0.36291
0.39932
0.43572
0.47212
0.50852
0.54741
0.58878
0.63014
0.67151
0.71288
0.75528
0.79871
0.84214
0.88558
0.92901
0.97394
1.02037
1.06680
1.11323
1.15966
1.20674
1.25448
1.30223
1.34997
1.39771
1.44605
1.49498
1.54392
1.59285
1.64179
1.69045
1.73884
1.78723
1.83562
1.88402
1.93210
1.97987
2.02764
2.07541
2.12318
2.16901
2.21289
2.25678
2.30066
2.34455
2.38740
2.42921
2.47103
2.51285
2.55467
2.59303
2.62794
2.66284
2.69775
2.73265
2.76614
2.79820
2.83027
2.86233
2.89440
2.92352
2.94970
2.97589
3.00207
3.02826
3.05220
3.07391
3.09562
3.11733
3.13904
3.16021
3.18083
3.20145
3.22208
3.24270
3.26056
3.27566
3.29075
3.30585
3.32095
3.33566
3.34999
3.36431
3.37864
3.39297
3.40687
3.42035
3.43382
3.44730
3.46077
3.47367
3.48599
3.49832
3.51064
3.52296
3.53498
3.54670
3.55841
3.57013
3.58185
3.59347
3.60500
3.61652
3.62805
3.63957
3.65127
3.66314
3.67500
3.68686
3.69873
3.71040
3.72188
3.73336
3.74484
3.75632
3.76206
3.76206
3.76206
3.76206
3.76206
3.76206
3.76206
3.76206
3.76206
3.76206
3.76206
3.76206
3.76206
3.76206
3.76206
3.76206
3.76206
3.76206
3.76206
3.76206
3.76206
3.76206
3.76206
3.76206
3.76206
3.76206
3.76206
3.76206
3.76206
3.76206
3.76206
3.76206
3.76206
3.76206
3.76206
3.76206
3.76206
3.76206
3.76206
3.76206
3.76206
3.76206
3.76206
3.76206
3.76206
3.76206
3.76206
3.76206
3.76206
3.76206
3.76206
3.76206
3.76206
3.76206
3.76206
3.76206
3.76206
3.76206
3.76206
3.76206
3.76206
3.76206
3.76206
3.76206
3.76206
3.76206
3.76206
3.76206
3.76206
3.76206
3.76206
3.76206
3.76206
3.76206
3.76206
3.76206
3.76206
3.76206
3.76206
3.76206
-0.46340
-0.46340
-0.46340
-0.46340
-0.46340
-0.46340
-0.46340
-0.46340
-0.46340
-0.46340
-0.46340
-0.46340
-0.46340
-0.46184
-0.46028
-0.45872
-0.45716
-0.45560
-0.45378
-0.45196
-0.45014
-0.44832
-0.44650
-0.44482
-0.44314
-0.44146
-0.43978
-0.43810
-0.43566
-0.43322
-0.43078
-0.42834
-0.42590
-0.42318
-0.42046
-0.41774
-0.41502
-0.41230
-0.40894
-0.40558
-0.40222
-0.39886
-0.39550
-0.39102
-0.38654
-0.38206
-0.37758
-0.37310
-0.36696
-0.36082
-0.35468
-0.34854
-0.34240
-0.33402
-0.32564
-0.31726
-0.30888
-0.30050
-0.28892
-0.27734
-0.26576
-0.25418
-0.24260
-0.22730
-0.21200
-0.19670
-0.18140
-0.16610
-0.14734
-0.12858
-0.10982
-0.09106
-0.07230
-0.04870
-0.02510
-0.00150
0.02210
0.04570
0.07338
0.10106
0.12874
0.15642
0.18410
0.21648
0.24886
0.28124
0.31362
0.34600
0.38194
0.41788
0.45382
0.48976
0.52570
0.56584
0.60598
0.64612
0.68626
0.72640
0.76934
0.81228
0.85522
0.89816
0.94110
0.98628
1.03146
1.07664
1.12182
1.16700
1.21424
1.26148
1.30872
1.35596
1.40320
1.45166
1.50012
1.54858
1.59704
1.64550
1.69430
1.74310
1.79190
1.84070
1.88950
1.93844
1.98738
2.03632
2.08526
2.13420
2.18048
2.22676
2.27304
2.31932
2.36560
2.41042
2.45524
2.50006
2.54488
2.58970
2.62910
2.66850
2.70790
2.74730
2.78670
2.82280
2.85890
2.89500
2.93110
2.96720
2.99828
3.02936
3.06044
3.09152
3.12260
3.14792
3.17324
3.19856
3.22388
3.24920
3.27314
3.29708
3.32102
3.34496
3.36890
3.38696
3.40502
3.42308
3.44114
3.45920
3.47536
3.49152
3.50768
3.52384
3.54000
3.55554
3.57108
3.58662
3.60216
3.61770
3.63084
3.64398
3.65712
3.67026
3.68340
3.69578
3.70816
3.72054
3.73292
3.74530
3.75762
3.76994
3.78226
3.79458
3.80690
3.82040
3.83390
3.84740
3.86090
3.87440
3.88746
3.90052
3.91358
3.92664
3.93970
3.93970
3.93970
3.93970
3.93970
3.93970
3.93970
3.93970
3.93970
3.93970
3.93970
3.93970
3.93970
3.93970
3.93970
3.93970
3.93970
3.93970
3.93970
3.93970
3.93970
3.93970
3.93970
3.93970
3.93970
3.93970
3.93970
3.93970
3.93970
3.93970
3.93970
3.93970
3.93970
3.93970
3.93970
3.93970
3.93970
3.93970
3.93970
3.93970
3.93970
3.93970
3.93970
3.93970
3.93970
3.93970
3.93970
3.93970
3.93970
3.93970
3.93970
3.93970
3.93970
3.93970
3.93970
3.93970
3.93970
3.93970
3.93970
3.93970
3.93970
3.93970
3.93970
3.93970
3.93970
3.93970
3.93970
3.93970
3.93970
3.93970
3.93970
3.93970
3.93970
3.93970
3.93970
3.93970
3.93970
3.93970
3.93970
-0.46770
-0.46770
-0.46770
-0.46770
-0.46770
-0.46770
-0.46770
-0.46770
-0.46770
-0.46770
-0.46770
-0.46770
-0.46770
-0.46770
-0.46696
-0.46548
-0.46400
-0.46252
-0.46104
-0.45939
-0.45757
-0.45575
-0.45393
-0.45211
-0.45017
-0.44811
-0.44605
-0.44399
-0.44193
-0.43957
-0.43691
-0.43425
-0.43159
-0.42893
-0.42604
-0.42292
-0.41980
-0.41668
-0.41356
-0.41011
-0.40633
-0.40255
-0.39877
-0.39499
-0.39066
-0.38578
-0.38090
-0.37602
-0.37114
-0.36548
-0.35904
-0.35260
-0.34616
-0.33972
-0.33223
-0.32369
-0.31515
-0.30661
-0.29807
-0.28807
-0.27661
-0.26515
-0.25369
-0.24223
-0.22893
-0.21379
-0.19865
-0.18351
-0.16837
-0.15184
-0.13392
-0.11600
-0.09808
-0.08016
-0.05965
-0.03655
-0.01345
0.00965
0.03275
0.05791
0.08513
0.11235
0.13957
0.16679
0.19636
0.22828
0.26020
0.29212
0.32404
0.35796
0.39388
0.42980
0.46572
0.50164
0.53937
0.57891
0.61845
0.65799
0.69753
0.73866
0.78138
0.82410
0.86682
0.90954
0.95302
0.99726
1.04150
1.08574
1.12998
1.17538
1.22194
1.26850
1.31506
1.36162
1.40861
1.45603
1.50345
1.55087
1.59829
1.64630
1.69490
1.74350
1.79210
1.84070
1.88947
1.93841
1.98735
2.03629
2.08523
2.13374
2.18182
2.22990
2.27798
2.32606
2.37343
2.42009
2.46675
2.51341
2.56007
2.60535
2.64925
2.69315
2.73705
2.78095
2.82255
2.86185
2.90115
2.94045
2.97975
3.01762
3.05406
3.09050
3.12694
3.16338
3.19606
3.22498
3.25390
3.28282
3.31174
3.33988
3.36724
3.39460
3.42196
3.44932
3.47371
3.49513
3.51655
3.53797
3.55939
3.57932
3.59776
3.61620
3.63464
3.65308
3.67120
3.68900
3.70680
3.72460
3.74240
3.75832
3.77236
3.78640
3.80044
3.81448
3.82817
3.84151
3.85485
3.86819
3.88153
3.89481
3.90803
3.92125
3.93447
3.94769
3.96100
3.97440
3.98780
4.00120
4.01460
4.02780
4.04080
4.05380
4.06680
4.07980
4.08630
4.08630
4.08630
4.08630
4.08630
4.08630
4.08630
4.08630
4.08630
4.08630
4.08630
4.08630
4.08630
4.08630
4.08630
4.08630
4.08630
4.08630
4.08630
4.08630
4.08630
4.08630
4.08630
4.08630
4.08630
4.08630
4.08630
4.08630
4.08630
4.08630
4.08630
4.08630
4.08630
4.08630
4.08630
4.08630
4.08630
4.08630
4.08630
4.08630
4.08630
4.08630
4.08630
4.08630
4.08630
4.08630
4.08630
4.08630
4.08630
4.08630
4.08630
4.08630
4.08630
4.08630
4.08630
4.08630
4.08630
4.08630
4.08630
4.08630
4.08630
4.08630
4.08630
4.08630
4.08630
4.08630
4.08630
4.08630
4.08630
4.08630
4.08630
4.08630
4.08630
4.08630
4.08630
4.08630
4.08630
-0.47020
-0.47020
-0.47020
-0.47020
-0.47020
-0.47020
-0.47020
-0.47020
-0.47020
-0.47020
-0.47020
-0.47020
-0.47020
-0.47020
-0.47020
-0.47020
-0.46886
-0.46752
-0.46618
-0.46484
-0.46350
-0.46172
-0.45994
-0.45816
-0.45638
-0.45460
-0.45228
-0.44996
-0.44764
-0.44532
-0.44300
-0.44026
-0.43752
-0.43478
-0.43204
-0.42930
-0.42594
-0.42258
-0.41922
-0.41586
-0.41250
-0.40844
-0.40438
-0.40032
-0.39626
-0.39220
-0.38710
-0.38200
-0.37690
-0.37180
-0.36670
-0.36016
-0.35362
-0.34708
-0.34054
-0.33400
-0.32544
-0.31688
-0.30832
-0.29976
-0.29120
-0.27998
-0.26876
-0.25754
-0.24632
-0.23510
-0.22022
-0.20534
-0.19046
-0.17558
-0.16070
-0.14332
-0.12594
-0.10856
-0.09118
-0.07380
-0.05114
-0.02848
-0.00582
0.01684
0.03950
0.06652
0.09354
0.12056
0.14758
0.17460
0.20630
0.23800
0.26970
0.30140
0.33310
0.36926
0.40542
0.44158
0.47774
0.51390
0.55330
0.59270
0.63210
0.67150
0.71090
0.75370
0.79650
0.83930
0.88210
0.92490
0.96882
1.01274
1.05666
1.10058
1.14450
1.19060
1.23670
1.28280
1.32890
1.37500
1.42170
1.46840
1.51510
1.56180
1.60850
1.65678
1.70506
1.75334
1.80162
1.84990
1.89856
1.94722
1.99588
2.04454
2.09320
2.14234
2.19148
2.24062
2.28976
2.33890
2.38670
2.43450
2.48230
2.53010
2.57790
2.62510
2.67230
2.71950
2.76670
2.81390
2.85580
2.89770
2.93960
2.98150
3.02340
3.06424
3.10508
3.14592
3.18676
3.22760
3.26014
3.29268
3.32522
3.35776
3.39030
3.42094
3.45158
3.48222
3.51286
3.54350
3.56852
3.59354
3.61856
3.64358
3.66860
3.68954
3.71048
3.73142
3.75236
3.77330
3.79372
3.81414
3.83456
3.85498
3.87540
3.89052
3.90564
3.92076
3.93588
3.95100
3.96576
3.98052
3.99528
4.01004
4.02480
4.03878
4.05276
4.06674
4.08072
4.09470
4.10806
4.12142
4.13478
4.14814
4.16150
4.17456
4.18762
4.20068
4.21374
4.22680
4.22680
4.22680
4.22680
4.22680
4.22680
4.22680
4.22680
4.22680
4.22680
4.22680
4.22680
4.22680
4.22680
4.22680
4.22680
4.22680
4.22680
4.22680
4.22680
4.22680
4.22680
4.22680
4.22680
4.22680
4.22680
4.22680
4.22680
4.22680
4.22680
4.22680
4.22680
4.22680
4.22680
4.22680
4.22680
4.22680
4.22680
4.22680
4.22680
4.22680
4.22680
4.22680
4.22680
4.22680
4.22680
4.22680
4.22680
4.22680
4.22680
4.22680
4.22680
4.22680
4.22680
4.22680
4.22680
4.22680
4.22680
4.22680
4.22680
4.22680
4.22680
4.22680
4.22680
4.22680
4.22680
4.22680
4.22680
4.22680
4.22680
4.22680
4.22680
4.22680
4.22680
4.22680
4.22680
-0.47000
-0.47000
-0.47000
-0.47000
-0.47000
-0.47000
-0.47000
-0.47000
-0.47000
-0.47000
-0.47000
-0.47000
-0.47000
-0.47000
-0.47000
-0.47000
-0.47000
-0.46942
-0.46826
-0.46710
-0.46594
-0.46478
-0.46333
-0.46159
-0.45985
-0.45811
-0.45637
-0.45431
-0.45193
-0.44955
-0.44717
-0.44479
-0.44226
-0.43958
-0.43690
-0.43422
-0.43154
-0.42849
-0.42507
-0.42165
-0.41823
-0.41481
-0.41101
-0.40683
-0.40265
-0.39847
-0.39429
-0.38964
-0.38452
-0.37940
-0.37428
-0.36916
-0.36339
-0.35697
-0.35055
-0.34413
-0.33771
-0.33031
-0.32193
-0.31355
-0.30517
-0.29679
-0.28714
-0.27622
-0.26530
-0.25438
-0.24346
-0.23077
-0.21631
-0.20185
-0.18739
-0.17293
-0.15714
-0.14002
-0.12290
-0.10578
-0.08866
-0.06897
-0.04671
-0.02445
-0.00219
0.02007
0.04469
0.07167
0.09865
0.12563
0.15261
0.18188
0.21344
0.24500
0.27656
0.30812
0.34215
0.37865
0.41515
0.45165
0.48815
0.52623
0.56589
0.60555
0.64521
0.68487
0.72626
0.76938
0.81250
0.85562
0.89874
0.94243
0.98669
1.03095
1.07521
1.11947
1.16465
1.21075
1.25685
1.30295
1.34905
1.39543
1.44209
1.48875
1.53541
1.58207
1.62946
1.67758
1.72570
1.77382
1.82194
1.87027
1.91881
1.96735
2.01589
2.06443
2.11351
2.16313
2.21275
2.26237
2.31199
2.36102
2.40946
2.45790
2.50634
2.55478
2.60353
2.65259
2.70165
2.75071
2.79977
2.84628
2.89024
2.93420
2.97816
3.02212
3.06603
3.10989
3.15375
3.19761
3.24147
3.28141
3.31743
3.35345
3.38947
3.42549
3.46034
3.49402
3.52770
3.56138
3.59506
3.62622
3.65486
3.68350
3.71214
3.74078
3.76690
3.79050
3.81410
3.83770
3.86130
3.88470
3.90790
3.93110
3.95430
3.97750
3.99733
4.01379
4.03025
4.04671
4.06317
4.07972
4.09636
4.11300
4.12964
4.14628
4.16184
4.17632
4.19080
4.20528
4.21976
4.23374
4.24722
4.26070
4.27418
4.28766
4.30102
4.31426
4.32750
4.34074
4.35398
4.36060
4.36060
4.36060
4.36060
4.36060
4.36060
4.36060
4.36060
4.36060
4.36060
4.36060
4.36060
4.36060
4.36060
4.36060
4.36060
4.36060
4.36060
4.36060
4.36060
4.36060
4.36060
4.36060
4.36060
4.36060
4.36060
4.36060
4.36060
4.36060
4.36060
4.36060
4.36060
4.36060
4.36060
4.36060
4.36060
4.36060
4.36060
4.36060
4.36060
4.36060
4.36060
4.36060
4.36060
4.36060
4.36060
4.36060
4.36060
4.36060
4.36060
4.36060
4.36060
4.36060
4.36060
4.36060
4.36060
4.36060
4.36060
4.36060
4.36060
4.36060
4.36060
4.36060
4.36060
4.36060
4.36060
4.36060
4.36060
4.36060
4.36060
4.36060
4.36060
4.36060
4.36060
-0.46750
-0.46750
-0.46750
-0.46750
-0.46750
-0.46750
-0.46750
-0.46750
-0.46750
-0.46750
-0.46750
-0.46750
-0.46750
-0.46750
-0.46750
-0.46750
-0.46750
-0.46750
-0.46750
-0.46652
-0.46554
-0.46456
-0.46358
-0.46260
-0.46090
-0.45920
-0.45750
-0.45580
-0.45410
-0.45176
-0.44942
-0.44708
-0.44474
-0.44240
-0.43984
-0.43728
-0.43472
-0.43216
-0.42960
-0.42626
-0.42292
-0.41958
-0.41624
-0.41290
-0.40872
-0.40454
-0.40036
-0.39618
-0.39200
-0.38700
-0.38200
-0.37700
-0.37200
-0.36700
-0.36078
-0.35456
-0.34834
-0.34212
-0.33590
-0.32782
-0.31974
-0.31166
-0.30358
-0.29550
-0.28494
-0.27438
-0.26382
-0.25326
-0.24270
-0.22874
-0.21478
-0.20082
-0.18686
-0.17290
-0.15584
-0.13878
-0.12172
-0.10466
-0.08760
-0.06574
-0.04388
-0.02202
-0.00016
0.02170
0.04868
0.07566
0.10264
0.12962
0.15660
0.18808
0.21956
0.25104
0.28252
0.31400
0.35080
0.38760
0.42440
0.46120
0.49800
0.53816
0.57832
0.61848
0.65864
0.69880
0.74240
0.78600
0.82960
0.87320
0.91680
0.96186
1.00692
1.05198
1.09704
1.14210
1.18856
1.23502
1.28148
1.32794
1.37440
1.42160
1.46880
1.51600
1.56320
1.61040
1.65858
1.70676
1.75494
1.80312
1.85130
1.89990
1.94850
1.99710
2.04570
2.09430
2.14404
2.19378
2.24352
2.29326
2.34300
2.39172
2.44044
2.48916
2.53788
2.58660
2.63646
2.68632
2.73618
2.78604
2.83590
2.88146
2.92702
2.97258
3.01814
3.06370
3.10946
3.15522
3.20098
3.24674
3.29250
3.33176
3.37102
3.41028
3.44954
3.48880
3.52526
3.56172
3.59818
3.63464
3.67110
3.70320
3.73530
3.76740
3.79950
3.83160
3.85792
3.88424
3.91056
3.93688
3.96320
3.98918
4.01516
4.04114
4.06712
4.09310
4.11118
4.12926
4.14734
4.16542
4.18350
4.20218
4.22086
4.23954
4.25822
4.27690
4.29182
4.30674
4.32166
4.33658
4.35150
4.36528
4.37906
4.39284
4.40662
4.42040
4.43396
4.44752
4.46108
4.47464
4.48820
4.48820
4.48820
4.48820
4.48820
4.48820
4.48820
4.48820
4.48820
4.48820
4.48820
4.48820
4.48820
4.48820
4.48820
4.48820
4.48820
4.48820
4.48820
4.48820
4.48820
4.48820
4.48820
4.48820
4.48820
4.48820
4.48820
4.48820
4.48820
4.48820
4.48820
4.48820
4.48820
4.48820
4.48820
4.48820
4.48820
4.48820
4.48820
4.48820
4.48820
4.48820
4.48820
4.48820
4.48820
4.48820
4.48820
4.48820
4.48820
4.48820
4.48820
4.48820
4.48820
4.48820
4.48820
4.48820
4.48820
4.48820
4.48820
4.48820
4.48820
4.48820
4.48820
4.48820
4.48820
4.48820
4.48820
4.48820
4.48820
4.48820
4.48820
4.48820
4.48820
-0.46310
-0.46310
-0.46310
-0.46310
-0.46310
-0.46310
-0.46310
-0.46310
-0.46310
-0.46310
-0.46310
-0.46310
-0.46310
-0.46310
-0.46310
-0.46310
-0.46310
-0.46310
-0.46310
-0.46310
-0.46269
-0.46187
-0.46105
-0.46023
-0.45941
-0.45817
-0.45651
-0.45485
-0.45319
-0.45153
-0.44958
-0.44734
-0.44510
-0.44286
-0.44062
-0.43830
-0.43590
-0.43350
-0.43110
-0.42870
-0.42589
-0.42267
-0.41945
-0.41623
-0.41301
-0.40933
-0.40519
-0.40105
-0.39691
-0.39277
-0.38826
-0.38338
-0.37850
-0.37362
-0.36874
-0.36331
-0.35733
-0.35135
-0.34537
-0.33939
-0.33251
-0.32473
-0.31695
-0.30917
-0.30139
-0.29239
-0.28217
-0.27195
-0.26173
-0.25151
-0.23968
-0.22624
-0.21280
-0.19936
-0.18592
-0.17068
-0.15364
-0.13660
-0.11956
-0.10252
-0.08326
-0.06178
-0.04030
-0.01882
0.00266
0.02686
0.05378
0.08070
0.10762
0.13454
0.16372
0.19516
0.22660
0.25804
0.28948
0.32369
0.36067
0.39765
0.43463
0.47161
0.51047
0.55121
0.59195
0.63269
0.67343
0.71585
0.75995
0.80405
0.84815
0.89225
0.93735
0.98345
1.02955
1.07565
1.12175
1.16835
1.21545
1.26255
1.30965
1.35675
1.40434
1.45242
1.50050
1.54858
1.59666
1.64496
1.69348
1.74200
1.79052
1.83904
1.88773
1.93659
1.98545
2.03431
2.08317
2.13246
2.18218
2.23190
2.28162
2.33134
2.38061
2.42943
2.47825
2.52707
2.57589
2.62529
2.67527
2.72525
2.77523
2.82521
2.87360
2.92040
2.96720
3.01400
3.06080
3.10764
3.15452
3.20140
3.24828
3.29516
3.33967
3.38181
3.42395
3.46609
3.50823
3.54876
3.58768
3.62660
3.66552
3.70444
3.74151
3.77673
3.81195
3.84717
3.88239
3.91454
3.94362
3.97270
4.00178
4.03086
4.05964
4.08812
4.11660
4.14508
4.17356
4.19779
4.21777
4.23775
4.25773
4.27771
4.29803
4.31869
4.33935
4.36001
4.38067
4.39879
4.41437
4.42995
4.44553
4.46111
4.47602
4.49026
4.50450
4.51874
4.53298
4.54711
4.56113
4.57515
4.58917
4.60319
4.61020
4.61020
4.61020
4.61020
4.61020
4.61020
4.61020
4.61020
4.61020
4.61020
4.61020
4.61020
4.61020
4.61020
4.61020
4.61020
4.61020
4.61020
4.61020
4.61020
4.61020
4.61020
4.61020
4.61020
4.61020
4.61020
4.61020
4.61020
4.61020
4.61020
4.61020
4.61020
4.61020
4.61020
4.61020
4.61020
4.61020
4.61020
4.61020
4.61020
4.61020
4.61020
4.61020
4.61020
4.61020
4.61020
4.61020
4.61020
4.61020
4.61020
4.61020
4.61020
4.61020
4.61020
4.61020
4.61020
4.61020
4.61020
4.61020
4.61020
4.61020
4.61020
4.61020
4.61020
4.61020
4.61020
4.61020
4.61020
4.61020
4.61020
4.61020
-0.45730
-0.45730
-0.45730
-0.45730
-0.45730
-0.45730
-0.45730
-0.45730
-0.45730
-0.45730
-0.45730
-0.45730
-0.45730
-0.45730
-0.45730
-0.45730
-0.45730
-0.45730
-0.45730
-0.45730
-0.45730
-0.45730
-0.45662
-0.45594
-0.45526
-0.45458
-0.45390
-0.45228
-0.45066
-0.44904
-0.44742
-0.44580
-0.44364
-0.44148
-0.43932
-0.43716
-0.43500
-0.43266
-0.43032
-0.42798
-0.42564
-0.42330
-0.42022
-0.41714
-0.41406
-0.41098
-0.40790
-0.40380
-0.39970
-0.39560
-0.39150
-0.38740
-0.38258
-0.37776
-0.37294
-0.36812
-0.36330
-0.35742
-0.35154
-0.34566
-0.33978
-0.33390
-0.32634
-0.31878
-0.31122
-0.30366
-0.29610
-0.28616
-0.27622
-0.26628
-0.25634
-0.24640
-0.23344
-0.22048
-0.20752
-0.19456
-0.18160
-0.16464
-0.14768
-0.13072
-0.11376
-0.09680
-0.07568
-0.05456
-0.03344
-0.01232
0.00880
0.03548
0.06216
0.08884
0.11552
0.14220
0.17360
0.20500
0.23640
0.26780
0.29920
0.33614
0.37308
0.41002
0.44696
0.48390
0.52516
0.56642
0.60768
0.64894
0.69020
0.73472
0.77924
0.82376
0.86828
0.91280
0.95994
1.00708
1.05422
1.10136
1.14850
1.19642
1.24434
1.29226
1.34018
1.38810
1.43724
1.48638
1.53552
1.58466
1.63380
1.68296
1.73212
1.78128
1.83044
1.87960
1.92892
1.97824
2.02756
2.07688
2.12620
2.17594
2.22568
2.27542
2.32516
2.37490
2.42384
2.47278
2.52172
2.57066
2.61960
2.66940
2.71920
2.76900
2.81880
2.86860
2.91644
2.96428
3.01212
3.05996
3.10780
3.15534
3.20288
3.25042
3.29796
3.34550
3.39000
3.43450
3.47900
3.52350
3.56800
3.60906
3.65012
3.69118
3.73224
3.77330
3.81116
3.84902
3.88688
3.92474
3.96260
3.99432
4.02604
4.05776
4.08948
4.12120
4.15174
4.18228
4.21282
4.24336
4.27390
4.29606
4.31822
4.34038
4.36254
4.38470
4.40702
4.42934
4.45166
4.47398
4.49630
4.51298
4.52966
4.54634
4.56302
4.57970
4.59454
4.60938
4.62422
4.63906
4.65390
4.66856
4.68322
4.69788
4.71254
4.72720
4.72720
4.72720
4.72720
4.72720
4.72720
4.72720
4.72720
4.72720
4.72720
4.72720
4.72720
4.72720
4.72720
4.72720
4.72720
4.72720
4.72720
4.72720
4.72720
4.72720
4.72720
4.72720
4.72720
4.72720
4.72720
4.72720
4.72720
4.72720
4.72720
4.72720
4.72720
4.72720
4.72720
4.72720
4.72720
4.72720
4.72720
4.72720
4.72720
4.72720
4.72720
4.72720
4.72720
4.72720
4.72720
4.72720
4.72720
4.72720
4.72720
4.72720
4.72720
4.72720
4.72720
4.72720
4.72720
4.72720
4.72720
4.72720
4.72720
4.72720
4.72720
4.72720
4.72720
4.72720
4.72720
4.72720
4.72720
4.72720
4.72720
-0.45070
-0.45070
-0.45070
-0.45070
-0.45070
-0.45070
-0.45070
-0.45070
-0.45070
-0.45070
-0.45070
-0.45070
-0.45070
-0.45070
-0.45070
-0.45070
-0.45070
-0.45070
-0.45070
-0.45070
-0.45070
-0.45070
-0.45070
-0.45038
-0.44974
-0.44910
-0.44846
-0.44782
-0.44673
-0.44519
-0.44365
-0.44211
-0.44057
-0.43871
-0.43653
-0.43435
-0.43217
-0.42999
-0.42769
-0.42527
-0.42285
-0.42043
-0.41801
-0.41529
-0.41227
-0.40925
-0.40623
-0.40321
-0.39962
-0.39546
-0.39130
-0.38714
-0.38298
-0.37845
-0.37355
-0.36865
-0.36375
-0.35885
-0.35342
-0.34746
-0.34150
-0.33554
-0.32958
-0.32284
-0.31532
-0.30780
-0.30028
-0.29276
-0.28410
-0.27430
-0.26450
-0.25470
-0.24490
-0.23371
-0.22113
-0.20855
-0.19597
-0.18339
-0.16873
-0.15199
-0.13525
-0.11851
-0.10177
-0.08303
-0.06229
-0.04155
-0.02081
-0.00007
0.02339
0.04957
0.07575
0.10193
0.12811
0.15686
0.18818
0.21950
0.25082
0.28214
0.31608
0.35264
0.38920
0.42576
0.46232
0.50139
0.54297
0.58455
0.62613
0.66771
0.71089
0.75567
0.80045
0.84523
0.89001
0.93636
0.98428
1.03220
1.08012
1.12804
1.17643
1.22529
1.27415
1.32301
1.37187
1.42137
1.47151
1.52165
1.57179
1.62193
1.67207
1.72221
1.77235
1.82249
1.87263
1.92269
1.97267
2.02265
2.07263
2.12261
2.17261
2.22263
2.27265
2.32267
2.37269
2.42234
2.47162
2.52090
2.57018
2.61946
2.66896
2.71868
2.76840
2.81812
2.86784
2.91708
2.96584
3.01460
3.06336
3.11212
3.16054
3.20862
3.25670
3.30478
3.35286
3.40001
3.44623
3.49245
3.53867
3.58489
3.62941
3.67223
3.71505
3.75787
3.80069
3.84201
3.88183
3.92165
3.96147
4.00129
4.03832
4.07256
4.10680
4.14104
4.17528
4.20833
4.24019
4.27205
4.30391
4.33577
4.36404
4.38872
4.41340
4.43808
4.46276
4.48681
4.51023
4.53365
4.55707
4.58049
4.60142
4.61986
4.63830
4.65674
4.67518
4.69220
4.70780
4.72340
4.73900
4.75460
4.77012
4.78556
4.80100
4.81644
4.83188
4.83960
4.83960
4.83960
4.83960
4.83960
4.83960
4.83960
4.83960
4.83960
4.83960
4.83960
4.83960
4.83960
4.83960
4.83960
4.83960
4.83960
4.83960
4.83960
4.83960
4.83960
4.83960
4.83960
4.83960
4.83960
4.83960
4.83960
4.83960
4.83960
4.83960
4.83960
4.83960
4.83960
4.83960
4.83960
4.83960
4.83960
4.83960
4.83960
4.83960
4.83960
4.83960
4.83960
4.83960
4.83960
4.83960
4.83960
4.83960
4.83960
4.83960
4.83960
4.83960
4.83960
4.83960
4.83960
4.83960
4.83960
4.83960
4.83960
4.83960
4.83960
4.83960
4.83960
4.83960
4.83960
4.83960
4.83960
4.83960
-0.44360
-0.44360
-0.44360
-0.44360
-0.44360
-0.44360
-0.44360
-0.44360
-0.44360
-0.44360
-0.44360
-0.44360
-0.44360
-0.44360
-0.44360
-0.44360
-0.44360
-0.44360
-0.44360
-0.44360
-0.44360
-0.44360
-0.44360
-0.44360
-0.44360
-0.44294
-0.44228
-0.44162
-0.44096
-0.44030
-0.43886
-0.43742
-0.43598
-0.43454
-0.43310
-0.43082
-0.42854
-0.42626
-0.42398
-0.42170
-0.41906
-0.41642
-0.41378
-0.41114
-0.40850
-0.40542
-0.40234
-0.39926
-0.39618
-0.39310
-0.38882
-0.38454
-0.38026
-0.37598
-0.37170
-0.36652
-0.36134
-0.35616
-0.35098
-0.34580
-0.33950
-0.33320
-0.32690
-0.32060
-0.31430
-0.30656
-0.29882
-0.29108
-0.28334
-0.27560
-0.26578
-0.25596
-0.24614
-0.23632
-0.22650
-0.21408
-0.20166
-0.18924
-0.17682
-0.16440
-0.14806
-0.13172
-0.11538
-0.09904
-0.08270
-0.06230
-0.04190
-0.02150
-0.00110
0.01930
0.04474
0.07018
0.09562
0.12106
0.14650
0.17768
0.20886
0.24004
0.27122
0.30240
0.33828
0.37416
0.41004
0.44592
0.48180
0.52340
0.56500
0.60660
0.64820
0.68980
0.73462
0.77944
0.82426
0.86908
0.91390
0.96222
1.01054
1.05886
1.10718
1.15550
1.20532
1.25514
1.30496
1.35478
1.40460
1.45558
1.50656
1.55754
1.60852
1.65950
1.71084
1.76218
1.81352
1.86486
1.91620
1.96702
2.01784
2.06866
2.11948
2.17030
2.22094
2.27158
2.32222
2.37286
2.42350
2.47336
2.52322
2.57308
2.62294
2.67280
2.72274
2.77268
2.82262
2.87256
2.92250
2.97216
3.02182
3.07148
3.12114
3.17080
3.21948
3.26816
3.31684
3.36552
3.41420
3.46152
3.50884
3.55616
3.60348
3.65080
3.69502
3.73924
3.78346
3.82768
3.87190
3.91302
3.95414
3.99526
4.03638
4.07750
4.11402
4.15054
4.18706
4.22358
4.26010
4.29262
4.32514
4.35766
4.39018
4.42270
4.45008
4.47746
4.50484
4.53222
4.55960
4.58352
4.60744
4.63136
4.65528
4.67920
4.70000
4.72080
4.74160
4.76240
4.78320
4.79970
4.81620
4.83270
4.84920
4.86570
4.88202
4.89834
4.91466
4.93098
4.94730
4.94730
4.94730
4.94730
4.94730
4.94730
4.94730
4.94730
4.94730
4.94730
4.94730
4.94730
4.94730
4.94730
4.94730
4.94730
4.94730
4.94730
4.94730
4.94730
4.94730
4.94730
4.94730
4.94730
4.94730
4.94730
4.94730
4.94730
4.94730
4.94730
4.94730
4.94730
4.94730
4.94730
4.94730
4.94730
4.94730
4.94730
4.94730
4.94730
4.94730
4.94730
4.94730
4.94730
4.94730
4.94730
4.94730
4.94730
4.94730
4.94730
4.94730
4.94730
4.94730
4.94730
4.94730
4.94730
4.94730
4.94730
4.94730
4.94730
4.94730
4.94730
4.94730
4.94730
4.94730
4.94730
4.94730
-0.43650
-0.43650
-0.43650
-0.43650
-0.43650
-0.43650
-0.43650
-0.43650
-0.43650
-0.43650
-0.43650
-0.43650
-0.43650
-0.43650
-0.43650
-0.43650
-0.43650
-0.43650
-0.43650
-0.43650
-0.43650
-0.43650
-0.43650
-0.43650
-0.43650
-0.43650
-0.43614
-0.43542
-0.43470
-0.43398
-0.43326
-0.43223
-0.43089
-0.42955
-0.42821
-0.42687
-0.42500
-0.42260
-0.42020
-0.41780
-0.41540
-0.41276
-0.40988
-0.40700
-0.40412
-0.40124
-0.39818
-0.39494
-0.39170
-0.38846
-0.38522
-0.38137
-0.37691
-0.37245
-0.36799
-0.36353
-0.35852
-0.35296
-0.34740
-0.34184
-0.33628
-0.33010
-0.32330
-0.31650
-0.30970
-0.30290
-0.29541
-0.28723
-0.27905
-0.27087
-0.26269
-0.25353
-0.24339
-0.23325
-0.22311
-0.21297
-0.20163
-0.18909
-0.17655
-0.16401
-0.15147
-0.13718
-0.12114
-0.10510
-0.08906
-0.07302
-0.05491
-0.03473
-0.01455
0.00563
0.02581
0.04822
0.07286
0.09750
0.12214
0.14678
0.17459
0.20557
0.23655
0.26753
0.29851
0.33156
0.36668
0.40180
0.43692
0.47204
0.51027
0.55161
0.59295
0.63429
0.67563
0.71866
0.76338
0.80810
0.85282
0.89754
0.94408
0.99244
1.04080
1.08916
1.13752
1.18700
1.23760
1.28820
1.33880
1.38940
1.44050
1.49210
1.54370
1.59530
1.64690
1.69897
1.75151
1.80405
1.85659
1.90913
1.96124
2.01292
2.06460
2.11628
2.16796
2.21952
2.27096
2.32240
2.37384
2.42528
2.47633
2.52699
2.57765
2.62831
2.67897
2.72950
2.77990
2.83030
2.88070
2.93110
2.98155
3.03205
3.08255
3.13305
3.18355
3.23347
3.28281
3.33215
3.38149
3.43083
3.47952
3.52756
3.57560
3.62364
3.67168
3.71836
3.76368
3.80900
3.85432
3.89964
3.94331
3.98533
4.02735
4.06937
4.11139
4.15161
4.19003
4.22845
4.26687
4.30529
4.34098
4.37394
4.40690
4.43986
4.47282
4.50421
4.53403
4.56385
4.59367
4.62349
4.65057
4.67491
4.69925
4.72359
4.74793
4.77167
4.79481
4.81795
4.84109
4.86423
4.88456
4.90208
4.91960
4.93712
4.95464
4.97202
4.98926
5.00650
5.02374
5.04098
5.04960
5.04960
5.04960
5.04960
5.04960
5.04960
5.04960
5.04960
5.04960
5.04960
5.04960
5.04960
5.04960
5.04960
5.04960
5.04960
5.04960
5.04960
5.04960
5.04960
5.04960
5.04960
5.04960
5.04960
5.04960
5.04960
5.04960
5.04960
5.04960
5.04960
5.04960
5.04960
5.04960
5.04960
5.04960
5.04960
5.04960
5.04960
5.04960
5.04960
5.04960
5.04960
5.04960
5.04960
5.04960
5.04960
5.04960
5.04960
5.04960
5.04960
5.04960
5.04960
5.04960
5.04960
5.04960
5.04960
5.04960
5.04960
5.04960
5.04960
5.04960
5.04960
5.04960
5.04960
5.04960
-0.43000
-0.43000
-0.43000
-0.43000
-0.43000
-0.43000
-0.43000
-0.43000
-0.43000
-0.43000
-0.43000
-0.43000
-0.43000
-0.43000
-0.43000
-0.43000
-0.43000
-0.43000
-0.43000
-0.43000
-0.43000
-0.43000
-0.43000
-0.43000
-0.43000
-0.43000
-0.43000
-0.43000
-0.42918
-0.42836
-0.42754
-0.42672
-0.42590
-0.42464
-0.42338
-0.42212
-0.42086
-0.41960
-0.41720
-0.41480
-0.41240
-0.41000
-0.40760
-0.40452
-0.40144
-0.39836
-0.39528
-0.39220
-0.38876
-0.38532
-0.38188
-0.37844
-0.37500
-0.37036
-0.36572
-0.36108
-0.35644
-0.35180
-0.34584
-0.33988
-0.33392
-0.32796
-0.32200
-0.31460
-0.30720
-0.29980
-0.29240
-0.28500
-0.27612
-0.26724
-0.25836
-0.24948
-0.24060
-0.22982
-0.21904
-0.20826
-0.19748
-0.18670
-0.17364
-0.16058
-0.14752
-0.13446
-0.12140
-0.10530
-0.08920
-0.07310
-0.05700
-0.04090
-0.02072
-0.00054
0.01964
0.03982
0.06000
0.08406
0.10812
0.13218
0.15624
0.18030
0.21094
0.24158
0.27222
0.30286
0.33350
0.36798
0.40246
0.43694
0.47142
0.50590
0.54670
0.58750
0.62830
0.66910
0.70990
0.75450
0.79910
0.84370
0.88830
0.93290
0.98096
1.02902
1.07708
1.12514
1.17320
1.22432
1.27544
1.32656
1.37768
1.42880
1.48068
1.53256
1.58444
1.63632
1.68820
1.74162
1.79504
1.84846
1.90188
1.95530
2.00782
2.06034
2.11286
2.16538
2.21790
2.27012
2.32234
2.37456
2.42678
2.47900
2.53060
2.58220
2.63380
2.68540
2.73700
2.78804
2.83908
2.89012
2.94116
2.99220
3.04350
3.09480
3.14610
3.19740
3.24870
3.29872
3.34874
3.39876
3.44878
3.49880
3.54738
3.59596
3.64454
3.69312
3.74170
3.78790
3.83410
3.88030
3.92650
3.97270
4.01554
4.05838
4.10122
4.14406
4.18690
4.22666
4.26642
4.30618
4.34594
4.38570
4.41930
4.45290
4.48650
4.52010
4.55370
4.58540
4.61710
4.64880
4.68050
4.71220
4.73728
4.76236
4.78744
4.81252
4.83760
4.86242
4.88724
4.91206
4.93688
4.96170
4.98038
4.99906
5.01774
5.03642
5.05510
5.07316
5.09122
5.10928
5.12734
5.14540
5.14540
5.14540
5.14540
5.14540
5.14540
5.14540
5.14540
5.14540
5.14540
5.14540
5.14540
5.14540
5.14540
5.14540
5.14540
5.14540
5.14540
5.14540
5.14540
5.14540
5.14540
5.14540
5.14540
5.14540
5.14540
5.14540
5.14540
5.14540
5.14540
5.14540
5.14540
5.14540
5.14540
5.14540
5.14540
5.14540
5.14540
5.14540
5.14540
5.14540
5.14540
5.14540
5.14540
5.14540
5.14540
5.14540
5.14540
5.14540
5.14540
5.14540
5.14540
5.14540
5.14540
5.14540
5.14540
5.14540
5.14540
5.14540
5.14540
5.14540
5.14540
5.14540
5.14540
-0.42440
-0.42440
-0.42440
-0.42440
-0.42440
-0.42440
-0.42440
-0.42440
-0.42440
-0.42440
-0.42440
-0.42440
-0.42440
-0.42440
-0.42440
-0.42440
-0.42440
-0.42440
-0.42440
-0.42440
-0.42440
-0.42440
-0.42440
-0.42440
-0.42440
-0.42440
-0.42440
-0.42440
-0.42440
-0.42395
-0.42305
-0.42215
-0.42125
-0.42035
-0.41929
-0.41807
-0.41685
-0.41563
-0.41441
-0.41270
-0.41050
-0.40830
-0.40610
-0.40390
-0.40126
-0.39818
-0.39510
-0.39202
-0.38894
-0.38554
-0.38182
-0.37810
-0.37438
-0.37066
-0.36641
-0.36163
-0.35685
-0.35207
-0.34729
-0.34176
-0.33548
-0.32920
-0.32292
-0.31664
-0.30948
-0.30144
-0.29340
-0.28536
-0.27732
-0.26839
-0.25857
-0.24875
-0.23893
-0.22911
-0.21828
-0.20644
-0.19460
-0.18276
-0.17092
-0.15796
-0.14388
-0.12980
-0.11572
-0.10164
-0.08626
-0.06958
-0.05290
-0.03622
-0.01954
-0.00097
0.01949
0.03995
0.06041
0.08087
0.10307
0.12701
0.15095
0.17489
0.19883
0.22589
0.25607
0.28625
0.31643
0.34661
0.37879
0.41297
0.44715
0.48133
0.51551
0.55263
0.59269
0.63275
0.67281
0.71287
0.75514
0.79962
0.84410
0.88858
0.93306
0.97904
1.02652
1.07400
1.12148
1.16896
1.21828
1.26944
1.32060
1.37176
1.42292
1.47443
1.52629
1.57815
1.63001
1.68187
1.73466
1.78838
1.84210
1.89582
1.94954
2.00298
2.05614
2.10930
2.16246
2.21562
2.26862
2.32146
2.37430
2.42714
2.47998
2.53271
2.58533
2.63795
2.69057
2.74319
2.79539
2.84717
2.89895
2.95073
3.00251
3.05441
3.10643
3.15845
3.21047
3.26249
3.31385
3.36455
3.41525
3.46595
3.51665
3.56660
3.61580
3.66500
3.71420
3.76340
3.81147
3.85841
3.90535
3.95229
3.99923
4.04460
4.08840
4.13220
4.17600
4.21980
4.26193
4.30239
4.34285
4.38331
4.42377
4.46145
4.49635
4.53125
4.56615
4.60105
4.63476
4.66728
4.69980
4.73232
4.76484
4.79441
4.82103
4.84765
4.87427
4.90089
4.92685
4.95215
4.97745
5.00275
5.02805
5.05066
5.07058
5.09050
5.11042
5.13034
5.14965
5.16835
5.18705
5.20575
5.22445
5.23380
5.23380
5.23380
5.23380
5.23380
5.23380
5.23380
5.23380
5.23380
5.23380
5.23380
5.23380
5.23380
5.23380
5.23380
5.23380
5.23380
5.23380
5.23380
5.23380
5.23380
5.23380
5.23380
5.23380
5.23380
5.23380
5.23380
5.23380
5.23380
5.23380
5.23380
5.23380
5.23380
5.23380
5.23380
5.23380
5.23380
5.23380
5.23380
5.23380
5.23380
5.23380
5.23380
5.23380
5.23380
5.23380
5.23380
5.23380
5.23380
5.23380
5.23380
5.23380
5.23380
5.23380
5.23380
5.23380
5.23380
5.23380
5.23380
5.23380
5.23380
5.23380
-0.42030
-0.42030
-0.42030
-0.42030
-0.42030
-0.42030
-0.42030
-0.42030
-0.42030
-0.42030
-0.42030
-0.42030
-0.42030
-0.42030
-0.42030
-0.42030
-0.42030
-0.42030
-0.42030
-0.42030
-0.42030
-0.42030
-0.42030
-0.42030
-0.42030
-0.42030
-0.42030
-0.42030
-0.42030
-0.42030
-0.42030
-0.41930
-0.41830
-0.41730
-0.41630
-0.41530
-0.41412
-0.41294
-0.41176
-0.41058
-0.40940
-0.40754
-0.40568
-0.40382
-0.40196
-0.40010
-0.39716
-0.39422
-0.39128
-0.38834
-0.38540
-0.38142
-0.37744
-0.37346
-0.36948
-0.36550
-0.36066
-0.35582
-0.35098
-0.34614
-0.34130
-0.33476
-0.32822
-0.32168
-0.31514
-0.30860
-0.30000
-0.29140
-0.28280
-0.27420
-0.26560
-0.25474
-0.24388
-0.23302
-0.22216
-0.21130
-0.19810
-0.18490
-0.17170
-0.15850
-0.14530
-0.12982
-0.11434
-0.09886
-0.08338
-0.06790
-0.05004
-0.03218
-0.01432
0.00354
0.02140
0.04254
0.06368
0.08482
0.10596
0.12710
0.15150
0.17590
0.20030
0.22470
0.24910
0.27890
0.30870
0.33850
0.36830
0.39810
0.43244
0.46678
0.50112
0.53546
0.56980
0.60904
0.64828
0.68752
0.72676
0.76600
0.81032
0.85464
0.89896
0.94328
0.98760
1.03436
1.08112
1.12788
1.17464
1.22140
1.27210
1.32280
1.37350
1.42420
1.47490
1.52642
1.57794
1.62946
1.68098
1.73250
1.78588
1.83926
1.89264
1.94602
1.99940
2.05300
2.10660
2.16020
2.21380
2.26740
2.32058
2.37376
2.42694
2.48012
2.53330
2.58688
2.64046
2.69404
2.74762
2.80120
2.85370
2.90620
2.95870
3.01120
3.06370
3.11636
3.16902
3.22168
3.27434
3.32700
3.37836
3.42972
3.48108
3.53244
3.58380
3.63372
3.68364
3.73356
3.78348
3.83340
3.88096
3.92852
3.97608
4.02364
4.07120
4.11612
4.16104
4.20596
4.25088
4.29580
4.33642
4.37704
4.41766
4.45828
4.49890
4.53568
4.57246
4.60924
4.64602
4.68280
4.71528
4.74776
4.78024
4.81272
4.84520
4.87396
4.90272
4.93148
4.96024
4.98900
5.01368
5.03836
5.06304
5.08772
5.11240
5.13354
5.15468
5.17582
5.19696
5.21810
5.23716
5.25622
5.27528
5.29434
5.31340
5.31340
5.31340
5.31340
5.31340
5.31340
5.31340
5.31340
5.31340
5.31340
5.31340
5.31340
5.31340
5.31340
5.31340
5.31340
5.31340
5.31340
5.31340
5.31340
5.31340
5.31340
5.31340
5.31340
5.31340
5.31340
5.31340
5.31340
5.31340
5.31340
5.31340
5.31340
5.31340
5.31340
5.31340
5.31340
5.31340
5.31340
5.31340
5.31340
5.31340
5.31340
5.31340
5.31340
5.31340
5.31340
5.31340
5.31340
5.31340
5.31340
5.31340
5.31340
5.31340
5.31340
5.31340
5.31340
5.31340
5.31340
5.31340
5.31340
5.31340
-0.41780
-0.41780
-0.41780
-0.41780
-0.41780
-0.41780
-0.41780
-0.41780
-0.41780
-0.41780
-0.41780
-0.41780
-0.41780
-0.41780
-0.41780
-0.41780
-0.41780
-0.41780
-0.41780
-0.41780
-0.41780
-0.41780
-0.41780
-0.41780
-0.41780
-0.41780
-0.41780
-0.41780
-0.41780
-0.41780
-0.41780
-0.41780
-0.41727
-0.41621
-0.41515
-0.41409
-0.41303
-0.41191
-0.41073
-0.40955
-0.40837
-0.40719
-0.40583
-0.40429
-0.40275
-0.40121
-0.39967
-0.39751
-0.39473
-0.39195
-0.38917
-0.38639
-0.38291
-0.37873
-0.37455
-0.37037
-0.36619
-0.36169
-0.35687
-0.35205
-0.34723
-0.34241
-0.33666
-0.32998
-0.32330
-0.31662
-0.30994
-0.30209
-0.29307
-0.28405
-0.27503
-0.26601
-0.25562
-0.24386
-0.23210
-0.22034
-0.20858
-0.19546
-0.18098
-0.16650
-0.15202
-0.13754
-0.12180
-0.10480
-0.08780
-0.07080
-0.05380
-0.03560
-0.01620
0.00320
0.02260
0.04200
0.06284
0.08512
0.10740
0.12968
0.15196
0.17588
0.20144
0.22700
0.25256
0.27812
0.30587
0.33581
0.36575
0.39569
0.42563
0.45804
0.49292
0.52780
0.56268
0.59756
0.63432
0.67296
0.71160
0.75024
0.78888
0.83024
0.87432
0.91840
0.96248
1.00656
1.05160
1.09760
1.14360
1.18960
1.23560
1.28352
1.33336
1.38320
1.43304
1.48288
1.53330
1.58430
1.63530
1.68630
1.73730
1.78911
1.84173
1.89435
1.94697
1.99959
2.05277
2.10651
2.16025
2.21399
2.26773
2.32125
2.37455
2.42785
2.48115
2.53445
2.58824
2.64252
2.69680
2.75108
2.80536
2.85907
2.91221
2.96535
3.01849
3.07163
3.12476
3.17788
3.23100
3.28412
3.33724
3.38977
3.44171
3.49365
3.54559
3.59753
3.64878
3.69934
3.74990
3.80046
3.85102
3.90034
3.94842
3.99650
4.04458
4.09266
4.13965
4.18555
4.23145
4.27735
4.32325
4.36654
4.40722
4.44790
4.48858
4.52926
4.56886
4.60738
4.64590
4.68442
4.72294
4.75831
4.79053
4.82275
4.85497
4.88719
4.91866
4.94938
4.98010
5.01082
5.04154
5.06883
5.09269
5.11655
5.14041
5.16427
5.18729
5.20947
5.23165
5.25383
5.27601
5.29664
5.31572
5.33480
5.35388
5.37296
5.38250
5.38250
5.38250
5.38250
5.38250
5.38250
5.38250
5.38250
5.38250
5.38250
5.38250
5.38250
5.38250
5.38250
5.38250
5.38250
5.38250
5.38250
5.38250
5.38250
5.38250
5.38250
5.38250
5.38250
5.38250
5.38250
5.38250
5.38250
5.38250
5.38250
5.38250
5.38250
5.38250
5.38250
5.38250
5.38250
5.38250
5.38250
5.38250
5.38250
5.38250
5.38250
5.38250
5.38250
5.38250
5.38250
5.38250
5.38250
5.38250
5.38250
5.38250
5.38250
5.38250
5.38250
5.38250
5.38250
5.38250
5.38250
5.38250
-0.41740
-0.41740
-0.41740
-0.41740
-0.41740
-0.41740
-0.41740
-0.41740
-0.41740
-0.41740
-0.41740
-0.41740
-0.41740
-0.41740
-0.41740
-0.41740
-0.41740
-0.41740
-0.41740
-0.41740
-0.41740
-0.41740
-0.41740
-0.41740
-0.41740
-0.41740
-0.41740
-0.41740
-0.41740
-0.41740
-0.41740
-0.41740
-0.41740
-0.41740
-0.41630
-0.41520
-0.41410
-0.41300
-0.41190
-0.41070
-0.40950
-0.40830
-0.40710
-0.40590
-0.40446
-0.40302
-0.40158
-0.40014
-0.39870
-0.39590
-0.39310
-0.39030
-0.38750
-0.38470
-0.38052
-0.37634
-0.37216
-0.36798
-0.36380
-0.35906
-0.35432
-0.34958
-0.34484
-0.34010
-0.33336
-0.32662
-0.31988
-0.31314
-0.30640
-0.29720
-0.28800
-0.27880
-0.26960
-0.26040
-0.24812
-0.23584
-0.22356
-0.21128
-0.19900
-0.18366
-0.16832
-0.15298
-0.13764
-0.12230
-0.10402
-0.08574
-0.06746
-0.04918
-0.03090
-0.00980
0.01130
0.03240
0.05350
0.07460
0.09852
0.12244
0.14636
0.17028
0.19420
0.22172
0.24924
0.27676
0.30428
0.33180
0.36282
0.39384
0.42486
0.45588
0.48690
0.52270
0.55850
0.59430
0.63010
0.66590
0.70446
0.74302
0.78158
0.82014
0.85870
0.90228
0.94586
0.98944
1.03302
1.07660
1.12200
1.16740
1.21280
1.25820
1.30360
1.35226
1.40092
1.44958
1.49824
1.54690
1.59738
1.64786
1.69834
1.74882
1.79930
1.85090
1.90250
1.95410
2.00570
2.05730
2.11090
2.16450
2.21810
2.27170
2.32530
2.37850
2.43170
2.48490
2.53810
2.59130
2.64582
2.70034
2.75486
2.80938
2.86390
2.91750
2.97110
3.02470
3.07830
3.13190
3.18524
3.23858
3.29192
3.34526
3.39860
3.45098
3.50336
3.55574
3.60812
3.66050
3.71148
3.76246
3.81344
3.86442
3.91540
3.96388
4.01236
4.06084
4.10932
4.15780
4.20422
4.25064
4.29706
4.34348
4.38990
4.43092
4.47194
4.51296
4.55398
4.59500
4.63450
4.67400
4.71350
4.75300
4.79250
4.82492
4.85734
4.88976
4.92218
4.95460
4.98630
5.01800
5.04970
5.08140
5.11310
5.13680
5.16050
5.18420
5.20790
5.23160
5.25450
5.27740
5.30030
5.32320
5.34610
5.36472
5.38334
5.40196
5.42058
5.43920
5.43920
5.43920
5.43920
5.43920
5.43920
5.43920
5.43920
5.43920
5.43920
5.43920
5.43920
5.43920
5.43920
5.43920
5.43920
5.43920
5.43920
5.43920
5.43920
5.43920
5.43920
5.43920
5.43920
5.43920
5.43920
5.43920
5.43920
5.43920
5.43920
5.43920
5.43920
5.43920
5.43920
5.43920
5.43920
5.43920
5.43920
5.43920
5.43920
5.43920
5.43920
5.43920
5.43920
5.43920
5.43920
5.43920
5.43920
5.43920
5.43920
5.43920
5.43920
5.43920
5.43920
5.43920
5.43920
5.43920
5.43920
-0.41860
-0.41860
-0.41860
-0.41860
-0.41860
-0.41860
-0.41860
-0.41860
-0.41860
-0.41860
-0.41860
-0.41860
-0.41860
-0.41860
-0.41860
-0.41860
-0.41860
-0.41860
-0.41860
-0.41860
-0.41860
-0.41860
-0.41860
-0.41860
-0.41860
-0.41860
-0.41860
-0.41860
-0.41860
-0.41860
-0.41860
-0.41860
-0.41860
-0.41860
-0.41860
-0.41805
-0.41695
-0.41585
-0.41475
-0.41365
-0.41247
-0.41121
-0.40995
-0.40869
-0.40743
-0.40600
-0.40440
-0.40280
-0.40120
-0.39960
-0.39733
-0.39439
-0.39145
-0.38851
-0.38557
-0.38209
-0.37807
-0.37405
-0.37003
-0.36601
-0.36168
-0.35704
-0.35240
-0.34776
-0.34312
-0.33745
-0.33075
-0.32405
-0.31735
-0.31065
-0.30275
-0.29365
-0.28455
-0.27545
-0.26635
-0.25563
-0.24329
-0.23095
-0.21861
-0.20627
-0.19227
-0.17661
-0.16095
-0.14529
-0.12963
-0.11222
-0.09306
-0.07390
-0.05474
-0.03558
-0.01466
0.00802
0.03070
0.05338
0.07606
0.10037
0.12631
0.15225
0.17819
0.20413
0.23212
0.26216
0.29220
0.32224
0.35228
0.38382
0.41686
0.44990
0.48294
0.51598
0.55101
0.58803
0.62505
0.66207
0.69909
0.73720
0.77640
0.81560
0.85480
0.89400
0.93511
0.97813
1.02115
1.06417
1.10719
1.15126
1.19638
1.24150
1.28662
1.33174
1.37799
1.42537
1.47275
1.52013
1.56751
1.61620
1.66620
1.71620
1.76620
1.81620
1.86646
1.91698
1.96750
2.01802
2.06854
2.12036
2.17348
2.22660
2.27972
2.33284
2.38586
2.43878
2.49170
2.54462
2.59754
2.65110
2.70530
2.75950
2.81370
2.86790
2.92189
2.97567
3.02945
3.08323
3.13701
3.19054
3.24382
3.29710
3.35038
3.40366
3.45662
3.50926
3.56190
3.61454
3.66718
3.71903
3.77009
3.82115
3.87221
3.92327
3.97316
4.02188
4.07060
4.11932
4.16804
4.21560
4.26200
4.30840
4.35480
4.40120
4.44531
4.48713
4.52895
4.57077
4.61259
4.65323
4.69269
4.73215
4.77161
4.81107
4.84747
4.88081
4.91415
4.94749
4.98083
5.01319
5.04457
5.07595
5.10733
5.13871
5.16669
5.19127
5.21585
5.24043
5.26501
5.28885
5.31195
5.33505
5.35815
5.38125
5.40178
5.41974
5.43770
5.45566
5.47362
5.48260
5.48260
5.48260
5.48260
5.48260
5.48260
5.48260
5.48260
5.48260
5.48260
5.48260
5.48260
5.48260
5.48260
5.48260
5.48260
5.48260
5.48260
5.48260
5.48260
5.48260
5.48260
5.48260
5.48260
5.48260
5.48260
5.48260
5.48260
5.48260
5.48260
5.48260
5.48260
5.48260
5.48260
5.48260
5.48260
5.48260
5.48260
5.48260
5.48260
5.48260
5.48260
5.48260
5.48260
5.48260
5.48260
5.48260
5.48260
5.48260
5.48260
5.48260
5.48260
5.48260
5.48260
5.48260
5.48260
-0.41950
-0.41950
-0.41950
-0.41950
-0.41950
-0.41950
-0.41950
-0.41950
-0.41950
-0.41950
-0.41950
-0.41950
-0.41950
-0.41950
-0.41950
-0.41950
-0.41950
-0.41950
-0.41950
-0.41950
-0.41950
-0.41950
-0.41950
-0.41950
-0.41950
-0.41950
-0.41950
-0.41950
-0.41950
-0.41950
-0.41950
-0.41950
-0.41950
-0.41950
-0.41950
-0.41950
-0.41950
-0.41840
-0.41730
-0.41620
-0.41510
-0.41400
-0.41272
-0.41144
-0.41016
-0.40888
-0.40760
-0.40580
-0.40400
-0.40220
-0.40040
-0.39860
-0.39560
-0.39260
-0.38960
-0.38660
-0.38360
-0.37982
-0.37604
-0.37226
-0.36848
-0.36470
-0.36010
-0.35550
-0.35090
-0.34630
-0.34170
-0.33516
-0.32862
-0.32208
-0.31554
-0.30900
-0.30012
-0.29124
-0.28236
-0.27348
-0.26460
-0.25250
-0.24040
-0.22830
-0.21620
-0.20410
-0.18844
-0.17278
-0.15712
-0.14146
-0.12580
-0.10620
-0.08660
-0.06700
-0.04740
-0.02780
-0.00386
0.02008
0.04402
0.06796
0.09190
0.11966
0.14742
0.17518
0.20294
0.23070
0.26306
0.29542
0.32778
0.36014
0.39250
0.42784
0.46318
0.49852
0.53386
0.56920
0.60772
0.64624
0.68476
0.72328
0.76180
0.80234
0.84288
0.88342
0.92396
0.96450
1.00744
1.05038
1.09332
1.13626
1.17920
1.22458
1.26996
1.31534
1.36072
1.40610
1.45260
1.49910
1.54560
1.59210
1.63860
1.68806
1.73752
1.78698
1.83644
1.88590
1.93546
1.98502
2.03458
2.08414
2.13370
2.18592
2.23814
2.29036
2.34258
2.39480
2.44722
2.49964
2.55206
2.60448
2.65690
2.71032
2.76374
2.81716
2.87058
2.92400
2.97768
3.03136
3.08504
3.13872
3.19240
3.24538
3.29836
3.35134
3.40432
3.45730
3.50990
3.56250
3.61510
3.66770
3.72030
3.77110
3.82190
3.87270
3.92350
3.97430
4.02300
4.07170
4.12040
4.16910
4.21780
4.26388
4.30996
4.35604
4.40212
4.44820
4.49096
4.53372
4.57648
4.61924
4.66200
4.70084
4.73968
4.77852
4.81736
4.85620
4.89082
4.92544
4.96006
4.99468
5.02930
5.05964
5.08998
5.12032
5.15066
5.18100
5.20690
5.23280
5.25870
5.28460
5.31050
5.33324
5.35598
5.37872
5.40146
5.42420
5.44182
5.45944
5.47706
5.49468
5.51230
5.51230
5.51230
5.51230
5.51230
5.51230
5.51230
5.51230
5.51230
5.51230
5.51230
5.51230
5.51230
5.51230
5.51230
5.51230
5.51230
5.51230
5.51230
5.51230
5.51230
5.51230
5.51230
5.51230
5.51230
5.51230
5.51230
5.51230
5.51230
5.51230
5.51230
5.51230
5.51230
5.51230
5.51230
5.51230
5.51230
5.51230
5.51230
5.51230
5.51230
5.51230
5.51230
5.51230
5.51230
5.51230
5.51230
5.51230
5.51230
5.51230
5.51230
5.51230
5.51230
5.51230
5.51230
-0.41830
-0.41830
-0.41830
-0.41830
-0.41830
-0.41830
-0.41830
-0.41830
-0.41830
-0.41830
-0.41830
-0.41830
-0.41830
-0.41830
-0.41830
-0.41830
-0.41830
-0.41830
-0.41830
-0.41830
-0.41830
-0.41830
-0.41830
-0.41830
-0.41830
-0.41830
-0.41830
-0.41830
-0.41830
-0.41830
-0.41830
-0.41830
-0.41830
-0.41830
-0.41830
-0.41830
-0.41830
-0.41830
-0.41776
-0.41668
-0.41560
-0.41452
-0.41344
-0.41225
-0.41095
-0.40965
-0.40835
-0.40705
-0.40551
-0.40373
-0.40195
-0.40017
-0.39839
-0.39615
-0.39345
-0.39075
-0.38805
-0.38535
-0.38220
-0.37860
-0.37500
-0.37140
-0.36780
-0.36363
-0.35889
-0.35415
-0.34941
-0.34467
-0.33916
-0.33288
-0.32660
-0.32032
-0.31404
-0.30660
-0.29800
-0.28940
-0.28080
-0.27220
-0.26203
-0.25029
-0.23855
-0.22681
-0.21507
-0.20143
-0.18589
-0.17035
-0.15481
-0.13927
-0.12164
-0.10192
-0.08220
-0.06248
-0.04276
-0.02060
0.00400
0.02860
0.05320
0.07780
0.10451
0.13333
0.16215
0.19097
0.21979
0.25109
0.28487
0.31865
0.35243
0.38621
0.42171
0.45893
0.49615
0.53337
0.57059
0.60929
0.64947
0.68965
0.72983
0.77001
0.81137
0.85391
0.89645
0.93899
0.98153
1.02479
1.06877
1.11275
1.15673
1.20071
1.24581
1.29203
1.33825
1.38447
1.43069
1.47704
1.52352
1.57000
1.61648
1.66296
1.71061
1.75943
1.80825
1.85707
1.90589
1.95473
2.00359
2.05245
2.10131
2.15017
2.20004
2.25092
2.30180
2.35268
2.40356
2.45488
2.50664
2.55840
2.61016
2.66192
2.71393
2.76619
2.81845
2.87071
2.92297
2.97573
3.02899
3.08225
3.13551
3.18877
3.24163
3.29409
3.34655
3.39901
3.45147
3.50380
3.55600
3.60820
3.66040
3.71260
3.76381
3.81403
3.86425
3.91447
3.96469
4.01395
4.06225
4.11055
4.15885
4.20715
4.25417
4.29991
4.34565
4.39139
4.43713
4.48172
4.52516
4.56860
4.61204
4.65548
4.69634
4.73462
4.77290
4.81118
4.84946
4.88648
4.92224
4.95800
4.99376
5.02952
5.06201
5.09123
5.12045
5.14967
5.17889
5.20701
5.23403
5.26105
5.28807
5.31509
5.33948
5.36124
5.38300
5.40476
5.42652
5.44650
5.46470
5.48290
5.50110
5.51930
5.52840
5.52840
5.52840
5.52840
5.52840
5.52840
5.52840
5.52840
5.52840
5.52840
5.52840
5.52840
5.52840
5.52840
5.52840
5.52840
5.52840
5.52840
5.52840
5.52840
5.52840
5.52840
5.52840
5.52840
5.52840
5.52840
5.52840
5.52840
5.52840
5.52840
5.52840
5.52840
5.52840
5.52840
5.52840
5.52840
5.52840
5.52840
5.52840
5.52840
5.52840
5.52840
5.52840
5.52840
5.52840
5.52840
5.52840
5.52840
5.52840
5.52840
5.52840
5.52840
5.52840
-0.41570
-0.41570
-0.41570
-0.41570
-0.41570
-0.41570
-0.41570
-0.41570
-0.41570
-0.41570
-0.41570
-0.41570
-0.41570
-0.41570
-0.41570
-0.41570
-0.41570
-0.41570
-0.41570
-0.41570
-0.41570
-0.41570
-0.41570
-0.41570
-0.41570
-0.41570
-0.41570
-0.41570
-0.41570
-0.41570
-0.41570
-0.41570
-0.41570
-0.41570
-0.41570
-0.41570
-0.41570
-0.41570
-0.41570
-0.41570
-0.41458
-0.41346
-0.41234
-0.41122
-0.41010
-0.40882
-0.40754
-0.40626
-0.40498
-0.40370
-0.40210
-0.40050
-0.39890
-0.39730
-0.39570
-0.39356
-0.39142
-0.38928
-0.38714
-0.38500
-0.38154
-0.37808
-0.37462
-0.37116
-0.36770
-0.36276
-0.35782
-0.35288
-0.34794
-0.34300
-0.33702
-0.33104
-0.32506
-0.31908
-0.31310
-0.30476
-0.29642
-0.28808
-0.27974
-0.27140
-0.26002
-0.24864
-0.23726
-0.22588
-0.21450
-0.19914
-0.18378
-0.16842
-0.15306
-0.13770
-0.11818
-0.09866
-0.07914
-0.05962
-0.04010
-0.01542
0.00926
0.03394
0.05862
0.08330
0.11244
0.14158
0.17072
0.19986
0.22900
0.26324
0.29748
0.33172
0.36596
0.40020
0.43864
0.47708
0.51552
0.55396
0.59240
0.63410
0.67580
0.71750
0.75920
0.80090
0.84558
0.89026
0.93494
0.97962
1.02430
1.07002
1.11574
1.16146
1.20718
1.25290
1.30030
1.34770
1.39510
1.44250
1.48990
1.53714
1.58438
1.63162
1.67886
1.72610
1.77438
1.82266
1.87094
1.91922
1.96750
2.01606
2.06462
2.11318
2.16174
2.21030
2.25982
2.30934
2.35886
2.40838
2.45790
2.50894
2.55998
2.61102
2.66206
2.71310
2.76414
2.81518
2.86622
2.91726
2.96830
3.02088
3.07346
3.12604
3.17862
3.23120
3.28292
3.33464
3.38636
3.43808
3.48980
3.54126
3.59272
3.64418
3.69564
3.74710
3.79654
3.84598
3.89542
3.94486
3.99430
4.04192
4.08954
4.13716
4.18478
4.23240
4.27784
4.32328
4.36872
4.41416
4.45960
4.50328
4.54696
4.59064
4.63432
4.67800
4.71596
4.75392
4.79188
4.82984
4.86780
4.90428
4.94076
4.97724
5.01372
5.05020
5.07876
5.10732
5.13588
5.16444
5.19300
5.22060
5.24820
5.27580
5.30340
5.33100
5.35164
5.37228
5.39292
5.41356
5.43420
5.45356
5.47292
5.49228
5.51164
5.53100
5.53100
5.53100
5.53100
5.53100
5.53100
5.53100
5.53100
5.53100
5.53100
5.53100
5.53100
5.53100
5.53100
5.53100
5.53100
5.53100
5.53100
5.53100
5.53100
5.53100
5.53100
5.53100
5.53100
5.53100
5.53100
5.53100
5.53100
5.53100
5.53100
5.53100
5.53100
5.53100
5.53100
5.53100
5.53100
5.53100
5.53100
5.53100
5.53100
5.53100
5.53100
5.53100
5.53100
5.53100
5.53100
5.53100
5.53100
5.53100
5.53100
5.53100
5.53100
-0.41360
-0.41360
-0.41360
-0.41360
-0.41360
-0.41360
-0.41360
-0.41360
-0.41360
-0.41360
-0.41360
-0.41360
-0.41360
-0.41360
-0.41360
-0.41360
-0.41360
-0.41360
-0.41360
-0.41360
-0.41360
-0.41360
-0.41360
-0.41360
-0.41360
-0.41360
-0.41360
-0.41360
-0.41360
-0.41360
-0.41360
-0.41360
-0.41360
-0.41360
-0.41360
-0.41360
-0.41360
-0.41360
-0.41360
-0.41360
-0.41360
-0.41304
-0.41192
-0.41080
-0.40968
-0.40856
-0.40735
-0.40605
-0.40475
-0.40345
-0.40215
-0.40079
-0.39937
-0.39795
-0.39653
-0.39511
-0.39355
-0.39185
-0.39015
-0.38845
-0.38675
-0.38426
-0.38098
-0.37770
-0.37442
-0.37114
-0.36701
-0.36203
-0.35705
-0.35207
-0.34709
-0.34167
-0.33581
-0.32995
-0.32409
-0.31823
-0.31128
-0.30324
-0.29520
-0.28716
-0.27912
-0.26962
-0.25866
-0.24770
-0.23674
-0.22578
-0.21278
-0.19774
-0.18270
-0.16766
-0.15262
-0.13553
-0.11639
-0.09725
-0.07811
-0.05897
-0.03723
-0.01289
0.01145
0.03579
0.06013
0.08685
0.11595
0.14505
0.17415
0.20325
0.23489
0.26907
0.30325
0.33743
0.37161
0.40823
0.44729
0.48635
0.52541
0.56447
0.60533
0.64799
0.69065
0.73331
0.77597
0.82035
0.86645
0.91255
0.95865
1.00475
1.05140
1.09860
1.14580
1.19300
1.24020
1.28796
1.33628
1.38460
1.43292
1.48124
1.52956
1.57788
1.62620
1.67452
1.72284
1.77110
1.81930
1.86750
1.91570
1.96390
2.01244
2.06132
2.11020
2.15908
2.20796
2.25680
2.30560
2.35440
2.40320
2.45200
2.50166
2.55218
2.60270
2.65322
2.70374
2.75403
2.80409
2.85415
2.90421
2.95427
3.00517
3.05691
3.10865
3.16039
3.21213
3.26341
3.31423
3.36505
3.41587
3.46669
3.51736
3.56788
3.61840
3.66892
3.71944
3.76899
3.81757
3.86615
3.91473
3.96331
4.01105
4.05795
4.10485
4.15175
4.19865
4.24464
4.28972
4.33480
4.37988
4.42496
4.46922
4.51266
4.55610
4.59954
4.64298
4.68366
4.72158
4.75950
4.79742
4.83534
4.87260
4.90920
4.94580
4.98240
5.01900
5.05162
5.08026
5.10890
5.13754
5.16618
5.19429
5.22187
5.24945
5.27703
5.30461
5.32857
5.34891
5.36925
5.38959
5.40993
5.43010
5.45010
5.47010
5.49010
5.51010
5.52010
5.52010
5.52010
5.52010
5.52010
5.52010
5.52010
5.52010
5.52010
5.52010
5.52010
5.52010
5.52010
5.52010
5.52010
5.52010
5.52010
5.52010
5.52010
5.52010
5.52010
5.52010
5.52010
5.52010
5.52010
5.52010
5.52010
5.52010
5.52010
5.52010
5.52010
5.52010
5.52010
5.52010
5.52010
5.52010
5.52010
5.52010
5.52010
5.52010
5.52010
5.52010
5.52010
5.52010
5.52010
5.52010
5.52010
5.52010
5.52010
5.52010
-0.41330
-0.41330
-0.41330
-0.41330
-0.41330
-0.41330
-0.41330
-0.41330
-0.41330
-0.41330
-0.41330
-0.41330
-0.41330
-0.41330
-0.41330
-0.41330
-0.41330
-0.41330
-0.41330
-0.41330
-0.41330
-0.41330
-0.41330
-0.41330
-0.41330
-0.41330
-0.41330
-0.41330
-0.41330
-0.41330
-0.41330
-0.41330
-0.41330
-0.41330
-0.41330
-0.41330
-0.41330
-0.41330
-0.41330
-0.41330
-0.41330
-0.41330
-0.41330
-0.41214
-0.41098
-0.40982
-0.40866
-0.40750
-0.40618
-0.40486
-0.40354
-0.40222
-0.40090
-0.39950
-0.39810
-0.39670
-0.39530
-0.39390
-0.39232
-0.39074
-0.38916
-0.38758
-0.38600
-0.38300
-0.38000
-0.37700
-0.37400
-0.37100
-0.36624
-0.36148
-0.35672
-0.35196
-0.34720
-0.34128
-0.33536
-0.32944
-0.32352
-0.31760
-0.30986
-0.30212
-0.29438
-0.28664
-0.27890
-0.26836
-0.25782
-0.24728
-0.23674
-0.22620
-0.21168
-0.19716
-0.18264
-0.16812
-0.15360
-0.13496
-0.11632
-0.09768
-0.07904
-0.06040
-0.03666
-0.01292
0.01082
0.03456
0.05830
0.08722
0.11614
0.14506
0.17398
0.20290
0.23676
0.27062
0.30448
0.33834
0.37220
0.41142
0.45064
0.48986
0.52908
0.56830
0.61110
0.65390
0.69670
0.73950
0.78230
0.82874
0.87518
0.92162
0.96806
1.01450
1.06232
1.11014
1.15796
1.20578
1.25360
1.30228
1.35096
1.39964
1.44832
1.49700
1.54638
1.59576
1.64514
1.69452
1.74390
1.79266
1.84142
1.89018
1.93894
1.98770
2.03740
2.08710
2.13680
2.18650
2.23620
2.28520
2.33420
2.38320
2.43220
2.48120
2.53158
2.58196
2.63234
2.68272
2.73310
2.78266
2.83222
2.88178
2.93134
2.98090
3.03168
3.08246
3.13324
3.18402
3.23480
3.28470
3.33460
3.38450
3.43440
3.48430
3.53382
3.58334
3.63286
3.68238
3.73190
3.77964
3.82738
3.87512
3.92286
3.97060
4.01686
4.06312
4.10938
4.15564
4.20190
4.24650
4.29110
4.33570
4.38030
4.42490
4.46768
4.51046
4.55324
4.59602
4.63880
4.67694
4.71508
4.75322
4.79136
4.82950
4.86558
4.90166
4.93774
4.97382
5.00990
5.03946
5.06902
5.09858
5.12814
5.15770
5.18472
5.21174
5.23876
5.26578
5.29280
5.31392
5.33504
5.35616
5.37728
5.39840
5.41810
5.43780
5.45750
5.47720
5.49690
5.49690
5.49690
5.49690
5.49690
5.49690
5.49690
5.49690
5.49690
5.49690
5.49690
5.49690
5.49690
5.49690
5.49690
5.49690
5.49690
5.49690
5.49690
5.49690
5.49690
5.49690
5.49690
5.49690
5.49690
5.49690
5.49690
5.49690
5.49690
5.49690
5.49690
5.49690
5.49690
5.49690
5.49690
5.49690
5.49690
5.49690
5.49690
5.49690
5.49690
5.49690
5.49690
5.49690
5.49690
5.49690
5.49690
5.49690
5.49690
-0.41400
-0.41400
-0.41400
-0.41400
-0.41400
-0.41400
-0.41400
-0.41400
-0.41400
-0.41400
-0.41400
-0.41400
-0.41400
-0.41400
-0.41400
-0.41400
-0.41400
-0.41400
-0.41400
-0.41400
-0.41400
-0.41400
-0.41400
-0.41400
-0.41400
-0.41400
-0.41400
-0.41400
-0.41400
-0.41400
-0.41400
-0.41400
-0.41400
-0.41400
-0.41400
-0.41400
-0.41400
-0.41400
-0.41400
-0.41400
-0.41400
-0.41400
-0.41400
-0.41400
-0.41341
-0.41223
-0.41105
-0.40987
-0.40869
-0.40742
-0.40606
-0.40470
-0.40334
-0.40198
-0.40057
-0.39911
-0.39765
-0.39619
-0.39473
-0.39316
-0.39148
-0.38980
-0.38812
-0.38644
-0.38426
-0.38158
-0.37890
-0.37622
-0.37354
-0.37001
-0.36563
-0.36125
-0.35687
-0.35249
-0.34724
-0.34112
-0.33500
-0.32888
-0.32276
-0.31600
-0.30860
-0.30120
-0.29380
-0.28640
-0.27765
-0.26755
-0.25745
-0.24735
-0.23725
-0.22525
-0.21135
-0.19745
-0.18355
-0.16965
-0.15365
-0.13555
-0.11745
-0.09935
-0.08125
-0.06071
-0.03773
-0.01475
0.00823
0.03121
0.05700
0.08560
0.11420
0.14280
0.17140
0.20238
0.23574
0.26910
0.30246
0.33582
0.37194
0.41082
0.44970
0.48858
0.52746
0.56811
0.61053
0.65295
0.69537
0.73779
0.78196
0.82788
0.87380
0.91972
0.96564
1.01251
1.06033
1.10815
1.15597
1.20379
1.25202
1.30066
1.34930
1.39794
1.44658
1.49602
1.54626
1.59650
1.64674
1.69698
1.74692
1.79656
1.84620
1.89584
1.94548
1.99567
2.04641
2.09715
2.14789
2.19863
2.24890
2.29870
2.34850
2.39830
2.44810
2.49821
2.54863
2.59905
2.64947
2.69989
2.74986
2.79938
2.84890
2.89842
2.94794
2.99765
3.04755
3.09745
3.14735
3.19725
3.24675
3.29585
3.34495
3.39405
3.44315
3.49198
3.54054
3.58910
3.63766
3.68622
3.73401
3.78103
3.82805
3.87507
3.92209
3.96845
4.01415
4.05985
4.10555
4.15125
4.19615
4.24025
4.28435
4.32845
4.37255
4.41555
4.45745
4.49935
4.54125
4.58315
4.62332
4.66176
4.70020
4.73864
4.77708
4.81392
4.84916
4.88440
4.91964
4.95488
4.98791
5.01873
5.04955
5.08037
5.11119
5.13974
5.16602
5.19230
5.21858
5.24486
5.26922
5.29166
5.31410
5.33654
5.35898
5.37962
5.39846
5.41730
5.43614
5.45498
5.46440
5.46440
5.46440
5.46440
5.46440
5.46440
5.46440
5.46440
5.46440
5.46440
5.46440
5.46440
5.46440
5.46440
5.46440
5.46440
5.46440
5.46440
5.46440
5.46440
5.46440
5.46440
5.46440
5.46440
5.46440
5.46440
5.46440
5.46440
5.46440
5.46440
5.46440
5.46440
5.46440
5.46440
5.46440
5.46440
5.46440
5.46440
5.46440
5.46440
5.46440
5.46440
5.46440
5.46440
5.46440
5.46440
5.46440
-0.41500
-0.41500
-0.41500
-0.41500
-0.41500
-0.41500
-0.41500
-0.41500
-0.41500
-0.41500
-0.41500
-0.41500
-0.41500
-0.41500
-0.41500
-0.41500
-0.41500
-0.41500
-0.41500
-0.41500
-0.41500
-0.41500
-0.41500
-0.41500
-0.41500
-0.41500
-0.41500
-0.41500
-0.41500
-0.41500
-0.41500
-0.41500
-0.41500
-0.41500
-0.41500
-0.41500
-0.41500
-0.41500
-0.41500
-0.41500
-0.41500
-0.41500
-0.41500
-0.41500
-0.41500
-0.41500
-0.41382
-0.41264
-0.41146
-0.41028
-0.40910
-0.40770
-0.40630
-0.40490
-0.40350
-0.40210
-0.40054
-0.39898
-0.39742
-0.39586
-0.39430
-0.39246
-0.39062
-0.38878
-0.38694
-0.38510
-0.38266
-0.38022
-0.37778
-0.37534
-0.37290
-0.36888
-0.36486
-0.36084
-0.35682
-0.35280
-0.34658
-0.34036
-0.33414
-0.32792
-0.32170
-0.31460
-0.30750
-0.30040
-0.29330
-0.28620
-0.27650
-0.26680
-0.25710
-0.24740
-0.23770
-0.22448
-0.21126
-0.19804
-0.18482
-0.17160
-0.15404
-0.13648
-0.11892
-0.10136
-0.08380
-0.06162
-0.03944
-0.01726
0.00492
0.02710
0.05518
0.08326
0.11134
0.13942
0.16750
0.20020
0.23290
0.26560
0.29830
0.33100
0.36912
0.40724
0.44536
0.48348
0.52160
0.56330
0.60500
0.64670
0.68840
0.73010
0.77504
0.81998
0.86492
0.90986
0.95480
1.00228
1.04976
1.09724
1.14472
1.19220
1.24058
1.28896
1.33734
1.38572
1.43410
1.48488
1.53566
1.58644
1.63722
1.68800
1.73848
1.78896
1.83944
1.88992
1.94040
1.99200
2.04360
2.09520
2.14680
2.19840
2.24918
2.29996
2.35074
2.40152
2.45230
2.50294
2.55358
2.60422
2.65486
2.70550
2.75526
2.80502
2.85478
2.90454
2.95430
3.00362
3.05294
3.10226
3.15158
3.20090
3.24948
3.29806
3.34664
3.39522
3.44380
3.49162
3.53944
3.58726
3.63508
3.68290
3.72940
3.77590
3.82240
3.86890
3.91540
3.96060
4.00580
4.05100
4.09620
4.14140
4.18504
4.22868
4.27232
4.31596
4.35960
4.40060
4.44160
4.48260
4.52360
4.56460
4.60326
4.64192
4.68058
4.71924
4.75790
4.79230
4.82670
4.86110
4.89550
4.92990
4.96180
4.99370
5.02560
5.05750
5.08940
5.11508
5.14076
5.16644
5.19212
5.21780
5.24146
5.26512
5.28878
5.31244
5.33610
5.35402
5.37194
5.38986
5.40778
5.42570
5.42570
5.42570
5.42570
5.42570
5.42570
5.42570
5.42570
5.42570
5.42570
5.42570
5.42570
5.42570
5.42570
5.42570
5.42570
5.42570
5.42570
5.42570
5.42570
5.42570
5.42570
5.42570
5.42570
5.42570
5.42570
5.42570
5.42570
5.42570
5.42570
5.42570
5.42570
5.42570
5.42570
5.42570
5.42570
5.42570
5.42570
5.42570
5.42570
5.42570
5.42570
5.42570
5.42570
5.42570
5.42570
-0.41550
-0.41550
-0.41550
-0.41550
-0.41550
-0.41550
-0.41550
-0.41550
-0.41550
-0.41550
-0.41550
-0.41550
-0.41550
-0.41550
-0.41550
-0.41550
-0.41550
-0.41550
-0.41550
-0.41550
-0.41550
-0.41550
-0.41550
-0.41550
-0.41550
-0.41550
-0.41550
-0.41550
-0.41550
-0.41550
-0.41550
-0.41550
-0.41550
-0.41550
-0.41550
-0.41550
-0.41550
-0.41550
-0.41550
-0.41550
-0.41550
-0.41550
-0.41550
-0.41550
-0.41550
-0.41550
-0.41550
-0.41492
-0.41376
-0.41260
-0.41144
-0.41028
-0.40900
-0.40760
-0.40620
-0.40480
-0.40340
-0.40187
-0.40021
-0.39855
-0.39689
-0.39523
-0.39342
-0.39146
-0.38950
-0.38754
-0.38558
-0.38343
-0.38109
-0.37875
-0.37641
-0.37407
-0.37100
-0.36720
-0.36340
-0.35960
-0.35580
-0.35085
-0.34475
-0.33865
-0.33255
-0.32645
-0.32000
-0.31320
-0.30640
-0.29960
-0.29280
-0.28473
-0.27539
-0.26605
-0.25671
-0.24737
-0.23637
-0.22371
-0.21105
-0.19839
-0.18573
-0.17088
-0.15384
-0.13680
-0.11976
-0.10272
-0.08348
-0.06204
-0.04060
-0.01916
0.00228
0.02667
0.05401
0.08135
0.10869
0.13603
0.16564
0.19752
0.22940
0.26128
0.29316
0.32759
0.36457
0.40155
0.43853
0.47551
0.51445
0.55535
0.59625
0.63715
0.67805
0.72043
0.76429
0.80815
0.85201
0.89587
0.94133
0.98839
1.03545
1.08251
1.12957
1.17714
1.22522
1.27330
1.32138
1.36946
1.41892
1.46976
1.52060
1.57144
1.62228
1.67319
1.72417
1.77515
1.82613
1.87711
1.92856
1.98048
2.03240
2.08432
2.13624
2.18799
2.23957
2.29115
2.34273
2.39431
2.44554
2.49642
2.54730
2.59818
2.64906
2.69961
2.74983
2.80005
2.85027
2.90049
2.95020
2.99940
3.04860
3.09780
3.14700
3.19584
3.24432
3.29280
3.34128
3.38976
3.43772
3.48516
3.53260
3.58004
3.62748
3.67432
3.72056
3.76680
3.81304
3.85928
3.90478
3.94954
3.99430
4.03906
4.08382
4.12784
4.17112
4.21440
4.25768
4.30096
4.34275
4.38305
4.42335
4.46365
4.50395
4.54345
4.58215
4.62085
4.65955
4.69825
4.73450
4.76830
4.80210
4.83590
4.86970
4.90276
4.93508
4.96740
4.99972
5.03204
5.06099
5.08657
5.11215
5.13773
5.16331
5.18817
5.21231
5.23645
5.26059
5.28473
5.30551
5.32293
5.34035
5.35777
5.37519
5.38390
5.38390
5.38390
5.38390
5.38390
5.38390
5.38390
5.38390
5.38390
5.38390
5.38390
5.38390
5.38390
5.38390
5.38390
5.38390
5.38390
5.38390
5.38390
5.38390
5.38390
5.38390
5.38390
5.38390
5.38390
5.38390
5.38390
5.38390
5.38390
5.38390
5.38390
5.38390
5.38390
5.38390
5.38390
5.38390
5.38390
5.38390
5.38390
5.38390
5.38390
5.38390
5.38390
5.38390
-0.41490
-0.41490
-0.41490
-0.41490
-0.41490
-0.41490
-0.41490
-0.41490
-0.41490
-0.41490
-0.41490
-0.41490
-0.41490
-0.41490
-0.41490
-0.41490
-0.41490
-0.41490
-0.41490
-0.41490
-0.41490
-0.41490
-0.41490
-0.41490
-0.41490
-0.41490
-0.41490
-0.41490
-0.41490
-0.41490
-0.41490
-0.41490
-0.41490
-0.41490
-0.41490
-0.41490
-0.41490
-0.41490
-0.41490
-0.41490
-0.41490
-0.41490
-0.41490
-0.41490
-0.41490
-0.41490
-0.41490
-0.41490
-0.41490
-0.41378
-0.41266
-0.41154
-0.41042
-0.40930
-0.40792
-0.40654
-0.40516
-0.40378
-0.40240
-0.40072
-0.39904
-0.39736
-0.39568
-0.39400
-0.39198
-0.38996
-0.38794
-0.38592
-0.38390
-0.38154
-0.37918
-0.37682
-0.37446
-0.37210
-0.36834
-0.36458
-0.36082
-0.35706
-0.35330
-0.34752
-0.34174
-0.33596
-0.33018
-0.32440
-0.31788
-0.31136
-0.30484
-0.29832
-0.29180
-0.28276
-0.27372
-0.26468
-0.25564
-0.24660
-0.23442
-0.22224
-0.21006
-0.19788
-0.18570
-0.16914
-0.15258
-0.13602
-0.11946
-0.10290
-0.08208
-0.06126
-0.04044
-0.01962
0.00120
0.02758
0.05396
0.08034
0.10672
0.13310
0.16410
0.19510
0.22610
0.25710
0.28810
0.32370
0.35930
0.39490
0.43050
0.46610
0.50624
0.54638
0.58652
0.62666
0.66680
0.70968
0.75256
0.79544
0.83832
0.88120
0.92786
0.97452
1.02118
1.06784
1.11450
1.16234
1.21018
1.25802
1.30586
1.35370
1.40414
1.45458
1.50502
1.55546
1.60590
1.65694
1.70798
1.75902
1.81006
1.86110
1.91274
1.96438
2.01602
2.06766
2.11930
2.17128
2.22326
2.27524
2.32722
2.37920
2.43030
2.48140
2.53250
2.58360
2.63470
2.68550
2.73630
2.78710
2.83790
2.88870
2.93822
2.98774
3.03726
3.08678
3.13630
3.18510
3.23390
3.28270
3.33150
3.38030
3.42772
3.47514
3.52256
3.56998
3.61740
3.66370
3.71000
3.75630
3.80260
3.84890
3.89326
3.93762
3.98198
4.02634
4.07070
4.11374
4.15678
4.19982
4.24286
4.28590
4.32584
4.36578
4.40572
4.44566
4.48560
4.52404
4.56248
4.60092
4.63936
4.67780
4.71138
4.74496
4.77854
4.81212
4.84570
4.87762
4.90954
4.94146
4.97338
5.00530
5.03128
5.05726
5.08324
5.10922
5.13520
5.15890
5.18260
5.20630
5.23000
5.25370
5.27110
5.28850
5.30590
5.32330
5.34070
5.34070
5.34070
5.34070
5.34070
5.34070
5.34070
5.34070
5.34070
5.34070
5.34070
5.34070
5.34070
5.34070
5.34070
5.34070
5.34070
5.34070
5.34070
5.34070
5.34070
5.34070
5.34070
5.34070
5.34070
5.34070
5.34070
5.34070
5.34070
5.34070
5.34070
5.34070
5.34070
5.34070
5.34070
5.34070
5.34070
5.34070
5.34070
5.34070
5.34070
5.34070
5.34070
-0.41310
-0.41310
-0.41310
-0.41310
-0.41310
-0.41310
-0.41310
-0.41310
-0.41310
-0.41310
-0.41310
-0.41310
-0.41310
-0.41310
-0.41310
-0.41310
-0.41310
-0.41310
-0.41310
-0.41310
-0.41310
-0.41310
-0.41310
-0.41310
-0.41310
-0.41310
-0.41310
-0.41310
-0.41310
-0.41310
-0.41310
-0.41310
-0.41310
-0.41310
-0.41310
-0.41310
-0.41310
-0.41310
-0.41310
-0.41310
-0.41310
-0.41310
-0.41310
-0.41310
-0.41310
-0.41310
-0.41310
-0.41310
-0.41310
-0.41310
-0.41255
-0.41145
-0.41035
-0.40925
-0.40815
-0.40693
-0.40559
-0.40425
-0.40291
-0.40157
-0.40006
-0.39838
-0.39670
-0.39502
-0.39334
-0.39150
-0.38950
-0.38750
-0.38550
-0.38350
-0.38126
-0.37878
-0.37630
-0.37382
-0.37134
-0.36819
-0.36437
-0.36055
-0.35673
-0.35291
-0.34832
-0.34296
-0.33760
-0.33224
-0.32688
-0.32105
-0.31475
-0.30845
-0.30215
-0.29585
-0.28831
-0.27953
-0.27075
-0.26197
-0.25319
-0.24292
-0.23116
-0.21940
-0.20764
-0.19588
-0.18199
-0.16597
-0.14995
-0.13393
-0.11791
-0.09977
-0.07951
-0.05925
-0.03899
-0.01873
0.00406
0.02938
0.05470
0.08002
0.10534
0.13307
0.16321
0.19335
0.22349
0.25363
0.28584
0.32012
0.35440
0.38868
0.42296
0.45980
0.49920
0.53860
0.57800
0.61740
0.65812
0.70016
0.74220
0.78424
0.82628
0.87038
0.91654
0.96270
1.00886
1.05502
1.10190
1.14950
1.19710
1.24470
1.29230
1.34097
1.39071
1.44045
1.49019
1.53993
1.59025
1.64115
1.69205
1.74295
1.79385
1.84486
1.89598
1.94710
1.99822
2.04934
2.10097
2.15311
2.20525
2.25739
2.30953
2.36122
2.41246
2.46370
2.51494
2.56618
2.61744
2.66872
2.72000
2.77128
2.82256
2.87323
2.92329
2.97335
3.02341
3.07347
3.12316
3.17248
3.22180
3.27112
3.32044
3.36895
3.41665
3.46435
3.51205
3.55975
3.60686
3.65338
3.69990
3.74642
3.79294
3.83827
3.88241
3.92655
3.97069
4.01483
4.05835
4.10125
4.14415
4.18705
4.22995
4.27129
4.31107
4.35085
4.39063
4.43041
4.46929
4.50727
4.54525
4.58323
4.62121
4.65700
4.69060
4.72420
4.75780
4.79140
4.82372
4.85476
4.88580
4.91684
4.94788
4.97663
5.00309
5.02955
5.05601
5.08247
5.10701
5.12963
5.15225
5.17487
5.19749
5.21760
5.23520
5.25280
5.27040
5.28800
5.29680
5.29680
5.29680
5.29680
5.29680
5.29680
5.29680
5.29680
5.29680
5.29680
5.29680
5.29680
5.29680
5.29680
5.29680
5.29680
5.29680
5.29680
5.29680
5.29680
5.29680
5.29680
5.29680
5.29680
5.29680
5.29680
5.29680
5.29680
5.29680
5.29680
5.29680
5.29680
5.29680
5.29680
5.29680
5.29680
5.29680
5.29680
5.29680
5.29680
5.29680
-0.40970
-0.40970
-0.40970
-0.40970
-0.40970
-0.40970
-0.40970
-0.40970
-0.40970
-0.40970
-0.40970
-0.40970
-0.40970
-0.40970
-0.40970
-0.40970
-0.40970
-0.40970
-0.40970
-0.40970
-0.40970
-0.40970
-0.40970
-0.40970
-0.40970
-0.40970
-0.40970
-0.40970
-0.40970
-0.40970
-0.40970
-0.40970
-0.40970
-0.40970
-0.40970
-0.40970
-0.40970
-0.40970
-0.40970
-0.40970
-0.40970
-0.40970
-0.40970
-0.40970
-0.40970
-0.40970
-0.40970
-0.40970
-0.40970
-0.40970
-0.40970
-0.40970
-0.40860
-0.40750
-0.40640
-0.40530
-0.40420
-0.40290
-0.40160
-0.40030
-0.39900
-0.39770
-0.39606
-0.39442
-0.39278
-0.39114
-0.38950
-0.38756
-0.38562
-0.38368
-0.38174
-0.37980
-0.37718
-0.37456
-0.37194
-0.36932
-0.36670
-0.36276
-0.35882
-0.35488
-0.35094
-0.34700
-0.34202
-0.33704
-0.33206
-0.32708
-0.32210
-0.31600
-0.30990
-0.30380
-0.29770
-0.29160
-0.28306
-0.27452
-0.26598
-0.25744
-0.24890
-0.23752
-0.22614
-0.21476
-0.20338
-0.19200
-0.17660
-0.16120
-0.14580
-0.13040
-0.11500
-0.09532
-0.07564
-0.05596
-0.03628
-0.01660
0.00768
0.03196
0.05624
0.08052
0.10480
0.13420
0.16360
0.19300
0.22240
0.25180
0.28506
0.31832
0.35158
0.38484
0.41810
0.45682
0.49554
0.53426
0.57298
0.61170
0.65308
0.69446
0.73584
0.77722
0.81860
0.86394
0.90928
0.95462
0.99996
1.04530
1.09270
1.14010
1.18750
1.23490
1.28230
1.33122
1.38014
1.42906
1.47798
1.52690
1.57768
1.62846
1.67924
1.73002
1.78080
1.83152
1.88224
1.93296
1.98368
2.03440
2.08648
2.13856
2.19064
2.24272
2.29480
2.34614
2.39748
2.44882
2.50016
2.55150
2.60298
2.65446
2.70594
2.75742
2.80890
2.85946
2.91002
2.96058
3.01114
3.06170
3.11150
3.16130
3.21110
3.26090
3.31070
3.35884
3.40698
3.45512
3.50326
3.55140
3.59826
3.64512
3.69198
3.73884
3.78570
3.82988
3.87406
3.91824
3.96242
4.00660
4.04938
4.09216
4.13494
4.17772
4.22050
4.26030
4.30010
4.33990
4.37970
4.41950
4.45694
4.49438
4.53182
4.56926
4.60670
4.64042
4.67414
4.70786
4.74158
4.77530
4.80522
4.83514
4.86506
4.89498
4.92490
4.95156
4.97822
5.00488
5.03154
5.05820
5.07942
5.10064
5.12186
5.14308
5.16430
5.18194
5.19958
5.21722
5.23486
5.25250
5.25250
5.25250
5.25250
5.25250
5.25250
5.25250
5.25250
5.25250
5.25250
5.25250
5.25250
5.25250
5.25250
5.25250
5.25250
5.25250
5.25250
5.25250
5.25250
5.25250
5.25250
5.25250
5.25250
5.25250
5.25250
5.25250
5.25250
5.25250
5.25250
5.25250
5.25250
5.25250
5.25250
5.25250
5.25250
5.25250
5.25250
5.25250
5.25250
-0.40490
-0.40490
-0.40490
-0.40490
-0.40490
-0.40490
-0.40490
-0.40490
-0.40490
-0.40490
-0.40490
-0.40490
-0.40490
-0.40490
-0.40490
-0.40490
-0.40490
-0.40490
-0.40490
-0.40490
-0.40490
-0.40490
-0.40490
-0.40490
-0.40490
-0.40490
-0.40490
-0.40490
-0.40490
-0.40490
-0.40490
-0.40490
-0.40490
-0.40490
-0.40490
-0.40490
-0.40490
-0.40490
-0.40490
-0.40490
-0.40490
-0.40490
-0.40490
-0.40490
-0.40490
-0.40490
-0.40490
-0.40490
-0.40490
-0.40490
-0.40490
-0.40490
-0.40490
-0.40433
-0.40319
-0.40205
-0.40091
-0.39977
-0.39857
-0.39731
-0.39605
-0.39479
-0.39353
-0.39211
-0.39053
-0.38895
-0.38737
-0.38579
-0.38404
-0.38212
-0.38020
-0.37828
-0.37636
-0.37405
-0.37135
-0.36865
-0.36595
-0.36325
-0.35989
-0.35587
-0.35185
-0.34783
-0.34381
-0.33944
-0.33472
-0.33000
-0.32528
-0.32056
-0.31521
-0.30923
-0.30325
-0.29727
-0.29129
-0.28415
-0.27585
-0.26755
-0.25925
-0.25095
-0.24129
-0.23027
-0.21925
-0.20823
-0.19721
-0.18435
-0.16965
-0.15495
-0.14025
-0.12555
-0.10868
-0.08964
-0.07060
-0.05156
-0.03252
-0.01134
0.01198
0.03530
0.05862
0.08194
0.10801
0.13683
0.16565
0.19447
0.22329
0.25405
0.28675
0.31945
0.35215
0.38485
0.42019
0.45817
0.49615
0.53413
0.57211
0.61155
0.65245
0.69335
0.73425
0.77515
0.81774
0.86202
0.90630
0.95058
0.99486
1.04058
1.08774
1.13490
1.18206
1.22922
1.27691
1.32513
1.37335
1.42157
1.46979
1.51928
1.57004
1.62080
1.67156
1.72232
1.77301
1.82363
1.87425
1.92487
1.97549
2.02676
2.07868
2.13060
2.18252
2.23444
2.28609
2.33747
2.38885
2.44023
2.49161
2.54300
2.59440
2.64580
2.69720
2.74860
2.79975
2.85065
2.90155
2.95245
3.00335
3.05384
3.10392
3.15400
3.20408
3.25416
3.30353
3.35219
3.40085
3.44951
3.49817
3.54610
3.59330
3.64050
3.68770
3.73490
3.78075
3.82525
3.86975
3.91425
3.95875
4.00235
4.04505
4.08775
4.13045
4.17315
4.21444
4.25432
4.29420
4.33408
4.37396
4.41233
4.44919
4.48605
4.52291
4.55977
4.59505
4.62875
4.66245
4.69615
4.72985
4.76113
4.78999
4.81885
4.84771
4.87657
4.90414
4.93042
4.95670
4.98298
5.00926
5.03228
5.05204
5.07180
5.09156
5.11132
5.12985
5.14715
5.16445
5.18175
5.19905
5.20770
5.20770
5.20770
5.20770
5.20770
5.20770
5.20770
5.20770
5.20770
5.20770
5.20770
5.20770
5.20770
5.20770
5.20770
5.20770
5.20770
5.20770
5.20770
5.20770
5.20770
5.20770
5.20770
5.20770
5.20770
5.20770
5.20770
5.20770
5.20770
5.20770
5.20770
5.20770
5.20770
5.20770
5.20770
5.20770
5.20770
5.20770
-0.39980
-0.39980
-0.39980
-0.39980
-0.39980
-0.39980
-0.39980
-0.39980
-0.39980
-0.39980
-0.39980
-0.39980
-0.39980
-0.39980
-0.39980
-0.39980
-0.39980
-0.39980
-0.39980
-0.39980
-0.39980
-0.39980
-0.39980
-0.39980
-0.39980
-0.39980
-0.39980
-0.39980
-0.39980
-0.39980
-0.39980
-0.39980
-0.39980
-0.39980
-0.39980
-0.39980
-0.39980
-0.39980
-0.39980
-0.39980
-0.39980
-0.39980
-0.39980
-0.39980
-0.39980
-0.39980
-0.39980
-0.39980
-0.39980
-0.39980
-0.39980
-0.39980
-0.39980
-0.39980
-0.39980
-0.39860
-0.39740
-0.39620
-0.39500
-0.39380
-0.39254
-0.39128
-0.39002
-0.38876
-0.38750
-0.38594
-0.38438
-0.38282
-0.38126
-0.37970
-0.37780
-0.37590
-0.37400
-0.37210
-0.37020
-0.36752
-0.36484
-0.36216
-0.35948
-0.35680
-0.35282
-0.34884
-0.34486
-0.34088
-0.33690
-0.33230
-0.32770
-0.32310
-0.31850
-0.31390
-0.30792
-0.30194
-0.29596
-0.28998
-0.28400
-0.27590
-0.26780
-0.25970
-0.25160
-0.24350
-0.23278
-0.22206
-0.21134
-0.20062
-0.18990
-0.17586
-0.16182
-0.14778
-0.13374
-0.11970
-0.10122
-0.08274
-0.06426
-0.04578
-0.02730
-0.00480
0.01770
0.04020
0.06270
0.08520
0.11342
0.14164
0.16986
0.19808
0.22630
0.25858
0.29086
0.32314
0.35542
0.38770
0.42484
0.46198
0.49912
0.53626
0.57340
0.61400
0.65460
0.69520
0.73580
0.77640
0.81970
0.86300
0.90630
0.94960
0.99290
1.03982
1.08674
1.13366
1.18058
1.22750
1.27522
1.32294
1.37066
1.41838
1.46610
1.51680
1.56750
1.61820
1.66890
1.71960
1.77032
1.82104
1.87176
1.92248
1.97320
2.02488
2.07656
2.12824
2.17992
2.23160
2.28312
2.33464
2.38616
2.43768
2.48920
2.54042
2.59164
2.64286
2.69408
2.74530
2.79640
2.84750
2.89860
2.94970
3.00080
3.05106
3.10132
3.15158
3.20184
3.25210
3.30124
3.35038
3.39952
3.44866
3.49780
3.54532
3.59284
3.64036
3.68788
3.73540
3.78038
3.82536
3.87034
3.91532
3.96030
4.00288
4.04546
4.08804
4.13062
4.17320
4.21316
4.25312
4.29308
4.33304
4.37300
4.40918
4.44536
4.48154
4.51772
4.55390
4.58732
4.62074
4.65416
4.68758
4.72100
4.74880
4.77660
4.80440
4.83220
4.86000
4.88530
4.91060
4.93590
4.96120
4.98650
5.00494
5.02338
5.04182
5.06026
5.07870
5.09522
5.11174
5.12826
5.14478
5.16130
5.16130
5.16130
5.16130
5.16130
5.16130
5.16130
5.16130
5.16130
5.16130
5.16130
5.16130
5.16130
5.16130
5.16130
5.16130
5.16130
5.16130
5.16130
5.16130
5.16130
5.16130
5.16130
5.16130
5.16130
5.16130
5.16130
5.16130
5.16130
5.16130
5.16130
5.16130
5.16130
5.16130
5.16130
5.16130
5.16130
-0.39490
-0.39490
-0.39490
-0.39490
-0.39490
-0.39490
-0.39490
-0.39490
-0.39490
-0.39490
-0.39490
-0.39490
-0.39490
-0.39490
-0.39490
-0.39490
-0.39490
-0.39490
-0.39490
-0.39490
-0.39490
-0.39490
-0.39490
-0.39490
-0.39490
-0.39490
-0.39490
-0.39490
-0.39490
-0.39490
-0.39490
-0.39490
-0.39490
-0.39490
-0.39490
-0.39490
-0.39490
-0.39490
-0.39490
-0.39490
-0.39490
-0.39490
-0.39490
-0.39490
-0.39490
-0.39490
-0.39490
-0.39490
-0.39490
-0.39490
-0.39490
-0.39490
-0.39490
-0.39490
-0.39490
-0.39490
-0.39431
-0.39313
-0.39195
-0.39077
-0.38959
-0.38832
-0.38696
-0.38560
-0.38424
-0.38288
-0.38141
-0.37983
-0.37825
-0.37667
-0.37509
-0.37335
-0.37145
-0.36955
-0.36765
-0.36575
-0.36351
-0.36093
-0.35835
-0.35577
-0.35319
-0.35006
-0.34638
-0.34270
-0.33902
-0.33534
-0.33119
-0.32657
-0.32195
-0.31733
-0.31271
-0.30734
-0.30122
-0.29510
-0.28898
-0.28286
-0.27584
-0.26792
-0.26000
-0.25208
-0.24416
-0.23492
-0.22436
-0.21380
-0.20324
-0.19268
-0.18059
-0.16697
-0.15335
-0.13973
-0.12611
-0.11031
-0.09233
-0.07435
-0.05637
-0.03839
-0.01845
0.00345
0.02535
0.04725
0.06915
0.09382
0.12126
0.14870
0.17614
0.20358
0.23317
0.26491
0.29665
0.32839
0.36013
0.39405
0.43015
0.46625
0.50235
0.53845
0.57675
0.61725
0.65775
0.69825
0.73875
0.78036
0.82308
0.86580
0.90852
0.95124
0.99595
1.04265
1.08935
1.13605
1.18275
1.22990
1.27750
1.32510
1.37270
1.42030
1.46930
1.51970
1.57010
1.62050
1.67090
1.72154
1.77242
1.82330
1.87418
1.92506
1.97618
2.02754
2.07890
2.13026
2.18162
2.23322
2.28506
2.33690
2.38874
2.44058
2.49207
2.54321
2.59435
2.64549
2.69663
2.74785
2.79915
2.85045
2.90175
2.95305
3.00389
3.05427
3.10465
3.15503
3.20541
3.25538
3.30494
3.35450
3.40406
3.45362
3.50224
3.54992
3.59760
3.64528
3.69296
3.73959
3.78517
3.83075
3.87633
3.92191
3.96588
4.00824
4.05060
4.09296
4.13532
4.17648
4.21644
4.25640
4.29636
4.33632
4.37400
4.40940
4.44480
4.48020
4.51560
4.54958
4.58214
4.61470
4.64726
4.67982
4.70949
4.73627
4.76305
4.78983
4.81661
4.84187
4.86561
4.88935
4.91309
4.93683
4.95740
4.97480
4.99220
5.00960
5.02700
5.04332
5.05856
5.07380
5.08904
5.10428
5.11190
5.11190
5.11190
5.11190
5.11190
5.11190
5.11190
5.11190
5.11190
5.11190
5.11190
5.11190
5.11190
5.11190
5.11190
5.11190
5.11190
5.11190
5.11190
5.11190
5.11190
5.11190
5.11190
5.11190
5.11190
5.11190
5.11190
5.11190
5.11190
5.11190
5.11190
5.11190
5.11190
5.11190
5.11190
-0.38780
-0.38780
-0.38780
-0.38780
-0.38780
-0.38780
-0.38780
-0.38780
-0.38780
-0.38780
-0.38780
-0.38780
-0.38780
-0.38780
-0.38780
-0.38780
-0.38780
-0.38780
-0.38780
-0.38780
-0.38780
-0.38780
-0.38780
-0.38780
-0.38780
-0.38780
-0.38780
-0.38780
-0.38780
-0.38780
-0.38780
-0.38780
-0.38780
-0.38780
-0.38780
-0.38780
-0.38780
-0.38780
-0.38780
-0.38780
-0.38780
-0.38780
-0.38780
-0.38780
-0.38780
-0.38780
-0.38780
-0.38780
-0.38780
-0.38780
-0.38780
-0.38780
-0.38780
-0.38780
-0.38780
-0.38780
-0.38780
-0.38780
-0.38668
-0.38556
-0.38444
-0.38332
-0.38220
-0.38080
-0.37940
-0.37800
-0.37660
-0.37520
-0.37358
-0.37196
-0.37034
-0.36872
-0.36710
-0.36520
-0.36330
-0.36140
-0.35950
-0.35760
-0.35520
-0.35280
-0.35040
-0.34800
-0.34560
-0.34232
-0.33904
-0.33576
-0.33248
-0.32920
-0.32450
-0.31980
-0.31510
-0.31040
-0.30570
-0.29944
-0.29318
-0.28692
-0.28066
-0.27440
-0.26662
-0.25884
-0.25106
-0.24328
-0.23550
-0.22498
-0.21446
-0.20394
-0.19342
-0.18290
-0.16952
-0.15614
-0.14276
-0.12938
-0.11600
-0.09844
-0.08088
-0.06332
-0.04576
-0.02820
-0.00666
0.01488
0.03642
0.05796
0.07950
0.10604
0.13258
0.15912
0.18566
0.21220
0.24336
0.27452
0.30568
0.33684
0.36800
0.40306
0.43812
0.47318
0.50824
0.54330
0.58368
0.62406
0.66444
0.70482
0.74520
0.78772
0.83024
0.87276
0.91528
0.95780
1.00418
1.05056
1.09694
1.14332
1.18970
1.23742
1.28514
1.33286
1.38058
1.42830
1.47818
1.52806
1.57794
1.62782
1.67770
1.72870
1.77970
1.83070
1.88170
1.93270
1.98374
2.03478
2.08582
2.13686
2.18790
2.24012
2.29234
2.34456
2.39678
2.44900
2.50024
2.55148
2.60272
2.65396
2.70520
2.75662
2.80804
2.85946
2.91088
2.96230
3.01280
3.06330
3.11380
3.16430
3.21480
3.26464
3.31448
3.36432
3.41416
3.46400
3.51172
3.55944
3.60716
3.65488
3.70260
3.74864
3.79468
3.84072
3.88676
3.93280
3.97480
4.01680
4.05880
4.10080
4.14280
4.18256
4.22232
4.26208
4.30184
4.34160
4.37618
4.41076
4.44534
4.47992
4.51450
4.54578
4.57706
4.60834
4.63962
4.67090
4.69660
4.72230
4.74800
4.77370
4.79940
4.82120
4.84300
4.86480
4.88660
4.90840
4.92502
4.94164
4.95826
4.97488
4.99150
5.00512
5.01874
5.03236
5.04598
5.05960
5.05960
5.05960
5.05960
5.05960
5.05960
5.05960
5.05960
5.05960
5.05960
5.05960
5.05960
5.05960
5.05960
5.05960
5.05960
5.05960
5.05960
5.05960
5.05960
5.05960
5.05960
5.05960
5.05960
5.05960
5.05960
5.05960
5.05960
5.05960
5.05960
5.05960
5.05960
5.05960
5.05960
-0.37340
-0.37340
-0.37340
-0.37340
-0.37340
-0.37340
-0.37340
-0.37340
-0.37340
-0.37340
-0.37340
-0.37340
-0.37340
-0.37340
-0.37340
-0.37340
-0.37340
-0.37340
-0.37340
-0.37340
-0.37340
-0.37340
-0.37340
-0.37340
-0.37340
-0.37340
-0.37340
-0.37340
-0.37340
-0.37340
-0.37340
-0.37340
-0.37340
-0.37340
-0.37340
-0.37340
-0.37340
-0.37340
-0.37340
-0.37340
-0.37340
-0.37340
-0.37340
-0.37340
-0.37340
-0.37340
-0.37340
-0.37340
-0.37340
-0.37340
-0.37340
-0.37340
-0.37340
-0.37340
-0.37340
-0.37340
-0.37340
-0.37340
-0.37340
-0.37292
-0.37196
-0.37100
-0.37004
-0.36908
-0.36794
-0.36662
-0.36530
-0.36398
-0.36266
-0.36123
-0.35969
-0.35815
-0.35661
-0.35507
-0.35338
-0.35154
-0.34970
-0.34786
-0.34602
-0.34399
-0.34177
-0.33955
-0.33733
-0.33511
-0.33249
-0.32947
-0.32645
-0.32343
-0.32041
-0.31654
-0.31182
-0.30710
-0.30238
-0.29766
-0.29220
-0.28600
-0.27980
-0.27360
-0.26740
-0.26051
-0.25293
-0.24535
-0.23777
-0.23019
-0.22119
-0.21077
-0.20035
-0.18993
-0.17951
-0.16768
-0.15444
-0.14120
-0.12796
-0.11472
-0.09946
-0.08218
-0.06490
-0.04762
-0.03034
-0.01104
0.01028
0.03160
0.05292
0.07424
0.09779
0.12357
0.14935
0.17513
0.20091
0.22922
0.26006
0.29090
0.32174
0.35258
0.38519
0.41957
0.45395
0.48833
0.52271
0.55990
0.59990
0.63990
0.67990
0.71990
0.76106
0.80338
0.84570
0.88802
0.93034
0.97441
1.02023
1.06605
1.11187
1.15769
1.20450
1.25230
1.30010
1.34790
1.39570
1.44419
1.49337
1.54255
1.59173
1.64091
1.69107
1.74221
1.79335
1.84449
1.89563
1.94660
1.99740
2.04820
2.09900
2.14980
2.20135
2.25365
2.30595
2.35825
2.41055
2.46237
2.51371
2.56505
2.61639
2.66773
2.71911
2.77053
2.82195
2.87337
2.92479
2.97584
3.02652
3.07720
3.12788
3.17856
3.22888
3.27884
3.32880
3.37876
3.42872
3.47754
3.52522
3.57290
3.62058
3.66826
3.71514
3.76122
3.80730
3.85338
3.89946
3.94324
3.98472
4.02620
4.06768
4.10916
4.14948
4.18864
4.22780
4.26696
4.30612
4.34267
4.37661
4.41055
4.44449
4.47843
4.51029
4.54007
4.56985
4.59963
4.62941
4.65660
4.68120
4.70580
4.73040
4.75500
4.77718
4.79694
4.81670
4.83646
4.85622
4.87404
4.88992
4.90580
4.92168
4.93756
4.95149
4.96347
4.97545
4.98743
4.99941
5.00540
5.00540
5.00540
5.00540
5.00540
5.00540
5.00540
5.00540
5.00540
5.00540
5.00540
5.00540
5.00540
5.00540
5.00540
5.00540
5.00540
5.00540
5.00540
5.00540
5.00540
5.00540
5.00540
5.00540
5.00540
5.00540
5.00540
5.00540
5.00540
5.00540
5.00540
5.00540
-0.35030
-0.35030
-0.35030
-0.35030
-0.35030
-0.35030
-0.35030
-0.35030
-0.35030
-0.35030
-0.35030
-0.35030
-0.35030
-0.35030
-0.35030
-0.35030
-0.35030
-0.35030
-0.35030
-0.35030
-0.35030
-0.35030
-0.35030
-0.35030
-0.35030
-0.35030
-0.35030
-0.35030
-0.35030
-0.35030
-0.35030
-0.35030
-0.35030
-0.35030
-0.35030
-0.35030
-0.35030
-0.35030
-0.35030
-0.35030
-0.35030
-0.35030
-0.35030
-0.35030
-0.35030
-0.35030
-0.35030
-0.35030
-0.35030
-0.35030
-0.35030
-0.35030
-0.35030
-0.35030
-0.35030
-0.35030
-0.35030
-0.35030
-0.35030
-0.35030
-0.35030
-0.34952
-0.34874
-0.34796
-0.34718
-0.34640
-0.34534
-0.34428
-0.34322
-0.34216
-0.34110
-0.33972
-0.33834
-0.33696
-0.33558
-0.33420
-0.33250
-0.33080
-0.32910
-0.32740
-0.32570
-0.32358
-0.32146
-0.31934
-0.31722
-0.31510
-0.31210
-0.30910
-0.30610
-0.30310
-0.30010
-0.29554
-0.29098
-0.28642
-0.28186
-0.27730
-0.27138
-0.26546
-0.25954
-0.25362
-0.24770
-0.24038
-0.23306
-0.22574
-0.21842
-0.21110
-0.20090
-0.19070
-0.18050
-0.17030
-0.16010
-0.14702
-0.13394
-0.12086
-0.10778
-0.09470
-0.07770
-0.06070
-0.04370
-0.02670
-0.00970
0.01154
0.03278
0.05402
0.07526
0.09650
0.12174
0.14698
0.17222
0.19746
0.22270
0.25354
0.28438
0.31522
0.34606
0.37690
0.41106
0.44522
0.47938
0.51354
0.54770
0.58698
0.62626
0.66554
0.70482
0.74410
0.78610
0.82810
0.87010
0.91210
0.95410
0.99906
1.04402
1.08898
1.13394
1.17890
1.22664
1.27438
1.32212
1.36986
1.41760
1.46608
1.51456
1.56304
1.61152
1.66000
1.71118
1.76236
1.81354
1.86472
1.91590
1.96662
2.01734
2.06806
2.11878
2.16950
2.22142
2.27334
2.32526
2.37718
2.42910
2.48052
2.53194
2.58336
2.63478
2.68620
2.73746
2.78872
2.83998
2.89124
2.94250
2.99334
3.04418
3.09502
3.14586
3.19670
3.24660
3.29650
3.34640
3.39630
3.44620
3.49378
3.54136
3.58894
3.63652
3.68410
3.72966
3.77522
3.82078
3.86634
3.91190
3.95274
3.99358
4.03442
4.07526
4.11610
4.15422
4.19234
4.23046
4.26858
4.30670
4.34020
4.37370
4.40720
4.44070
4.47420
4.50238
4.53056
4.55874
4.58692
4.61510
4.63854
4.66198
4.68542
4.70886
4.73230
4.75020
4.76810
4.78600
4.80390
4.82180
4.83680
4.85180
4.86680
4.88180
4.89680
4.90740
4.91800
4.92860
4.93920
4.94980
4.94980
4.94980
4.94980
4.94980
4.94980
4.94980
4.94980
4.94980
4.94980
4.94980
4.94980
4.94980
4.94980
4.94980
4.94980
4.94980
4.94980
4.94980
4.94980
4.94980
4.94980
4.94980
4.94980
4.94980
4.94980
4.94980
4.94980
4.94980
4.94980
4.94980
-0.32310
-0.32310
-0.32310
-0.32310
-0.32310
-0.32310
-0.32310
-0.32310
-0.32310
-0.32310
-0.32310
-0.32310
-0.32310
-0.32310
-0.32310
-0.32310
-0.32310
-0.32310
-0.32310
-0.32310
-0.32310
-0.32310
-0.32310
-0.32310
-0.32310
-0.32310
-0.32310
-0.32310
-0.32310
-0.32310
-0.32310
-0.32310
-0.32310
-0.32310
-0.32310
-0.32310
-0.32310
-0.32310
-0.32310
-0.32310
-0.32310
-0.32310
-0.32310
-0.32310
-0.32310
-0.32310
-0.32310
-0.32310
-0.32310
-0.32310
-0.32310
-0.32310
-0.32310
-0.32310
-0.32310
-0.32310
-0.32310
-0.32310
-0.32310
-0.32310
-0.32310
-0.32310
-0.32273
-0.32199
-0.32125
-0.32051
-0.31977
-0.31895
-0.31805
-0.31715
-0.31625
-0.31535
-0.31426
-0.31298
-0.31170
-0.31042
-0.30914
-0.30769
-0.30607
-0.30445
-0.30283
-0.30121
-0.29940
-0.29740
-0.29540
-0.29340
-0.29140
-0.28888
-0.28584
-0.28280
-0.27976
-0.27672
-0.27305
-0.26875
-0.26445
-0.26015
-0.25585
-0.25092
-0.24536
-0.23980
-0.23424
-0.22868
-0.22235
-0.21525
-0.20815
-0.20105
-0.19395
-0.18547
-0.17561
-0.16575
-0.15589
-0.14603
-0.13464
-0.12172
-0.10880
-0.09588
-0.08296
-0.06826
-0.05178
-0.03530
-0.01882
-0.00234
0.01649
0.03767
0.05885
0.08003
0.10121
0.12418
0.14894
0.17370
0.19846
0.22322
0.25092
0.28156
0.31220
0.34284
0.37348
0.40582
0.43986
0.47390
0.50794
0.54198
0.57826
0.61678
0.65530
0.69382
0.73234
0.77251
0.81433
0.85615
0.89797
0.93979
0.98277
1.02691
1.07105
1.11519
1.15933
1.20524
1.25292
1.30060
1.34828
1.39596
1.44383
1.49189
1.53995
1.58801
1.63607
1.68557
1.73651
1.78745
1.83839
1.88933
1.94015
1.99085
2.04155
2.09225
2.14295
2.19400
2.24540
2.29680
2.34820
2.39960
2.45103
2.50249
2.55395
2.60541
2.65687
2.70809
2.75907
2.81005
2.86103
2.91201
2.96295
3.01385
3.06475
3.11565
3.16655
3.21678
3.26634
3.31590
3.36546
3.41502
3.46349
3.51087
3.55825
3.60563
3.65301
3.69899
3.74357
3.78815
3.83273
3.87731
3.91974
3.96002
4.00030
4.04058
4.08086
4.11943
4.15629
4.19315
4.23001
4.26687
4.30180
4.33480
4.36780
4.40080
4.43380
4.46344
4.48972
4.51600
4.54228
4.56856
4.59283
4.61509
4.63735
4.65961
4.68187
4.70114
4.71742
4.73370
4.74998
4.76626
4.78139
4.79537
4.80935
4.82333
4.83731
4.84912
4.85876
4.86840
4.87804
4.88768
4.89250
4.89250
4.89250
4.89250
4.89250
4.89250
4.89250
4.89250
4.89250
4.89250
4.89250
4.89250
4.89250
4.89250
4.89250
4.89250
4.89250
4.89250
4.89250
4.89250
4.89250
4.89250
4.89250
4.89250
4.89250
4.89250
4.89250
4.89250
4.89250
-0.29490
-0.29490
-0.29490
-0.29490
-0.29490
-0.29490
-0.29490
-0.29490
-0.29490
-0.29490
-0.29490
-0.29490
-0.29490
-0.29490
-0.29490
-0.29490
-0.29490
-0.29490
-0.29490
-0.29490
-0.29490
-0.29490
-0.29490
-0.29490
-0.29490
-0.29490
-0.29490
-0.29490
-0.29490
-0.29490
-0.29490
-0.29490
-0.29490
-0.29490
-0.29490
-0.29490
-0.29490
-0.29490
-0.29490
-0.29490
-0.29490
-0.29490
-0.29490
-0.29490
-0.29490
-0.29490
-0.29490
-0.29490
-0.29490
-0.29490
-0.29490
-0.29490
-0.29490
-0.29490
-0.29490
-0.29490
-0.29490
-0.29490
-0.29490
-0.29490
-0.29490
-0.29490
-0.29490
-0.29490
-0.29402
-0.29314
-0.29226
-0.29138
-0.29050
-0.28942
-0.28834
-0.28726
-0.28618
-0.28510
-0.28372
-0.28234
-0.28096
-0.27958
-0.27820
-0.27654
-0.27488
-0.27322
-0.27156
-0.26990
-0.26800
-0.26610
-0.26420
-0.26230
-0.26040
-0.25740
-0.25440
-0.25140
-0.24840
-0.24540
-0.24136
-0.23732
-0.23328
-0.22924
-0.22520
-0.21990
-0.21460
-0.20930
-0.20400
-0.19870
-0.19176
-0.18482
-0.17788
-0.17094
-0.16400
-0.15454
-0.14508
-0.13562
-0.12616
-0.11670
-0.10396
-0.09122
-0.07848
-0.06574
-0.05300
-0.03728
-0.02156
-0.00584
0.00988
0.02560
0.04656
0.06752
0.08848
0.10944
0.13040
0.15458
0.17876
0.20294
0.22712
0.25130
0.28124
0.31118
0.34112
0.37106
0.40100
0.43474
0.46848
0.50222
0.53596
0.56970
0.60758
0.64546
0.68334
0.72122
0.75910
0.80096
0.84282
0.88468
0.92654
0.96840
1.01194
1.05548
1.09902
1.14256
1.18610
1.23376
1.28142
1.32908
1.37674
1.42440
1.47244
1.52048
1.56852
1.61656
1.66460
1.71498
1.76536
1.81574
1.86612
1.91650
1.96716
2.01782
2.06848
2.11914
2.16980
2.22070
2.27160
2.32250
2.37340
2.42430
2.47580
2.52730
2.57880
2.63030
2.68180
2.73234
2.78288
2.83342
2.88396
2.93450
2.98520
3.03590
3.08660
3.13730
3.18800
3.23692
3.28584
3.33476
3.38368
3.43260
3.47954
3.52648
3.57342
3.62036
3.66730
3.71064
3.75398
3.79732
3.84066
3.88400
3.92380
3.96360
4.00340
4.04320
4.08300
4.11852
4.15404
4.18956
4.22508
4.26060
4.29286
4.32512
4.35738
4.38964
4.42190
4.44606
4.47022
4.49438
4.51854
4.54270
4.56374
4.58478
4.60582
4.62686
4.64790
4.66290
4.67790
4.69290
4.70790
4.72290
4.73580
4.74870
4.76160
4.77450
4.78740
4.79650
4.80560
4.81470
4.82380
4.83290
4.83290
4.83290
4.83290
4.83290
4.83290
4.83290
4.83290
4.83290
4.83290
4.83290
4.83290
4.83290
4.83290
4.83290
4.83290
4.83290
4.83290
4.83290
4.83290
4.83290
4.83290
4.83290
4.83290
4.83290
4.83290
4.83290
4.83290
-0.26460
-0.26460
-0.26460
-0.26460
-0.26460
-0.26460
-0.26460
-0.26460
-0.26460
-0.26460
-0.26460
-0.26460
-0.26460
-0.26460
-0.26460
-0.26460
-0.26460
-0.26460
-0.26460
-0.26460
-0.26460
-0.26460
-0.26460
-0.26460
-0.26460
-0.26460
-0.26460
-0.26460
-0.26460
-0.26460
-0.26460
-0.26460
-0.26460
-0.26460
-0.26460
-0.26460
-0.26460
-0.26460
-0.26460
-0.26460
-0.26460
-0.26460
-0.26460
-0.26460
-0.26460
-0.26460
-0.26460
-0.26460
-0.26460
-0.26460
-0.26460
-0.26460
-0.26460
-0.26460
-0.26460
-0.26460
-0.26460
-0.26460
-0.26460
-0.26460
-0.26460
-0.26460
-0.26460
-0.26460
-0.26460
-0.26397
-0.26271
-0.26145
-0.26019
-0.25893
-0.25758
-0.25614
-0.25470
-0.25326
-0.25182
-0.25026
-0.24858
-0.24690
-0.24522
-0.24354
-0.24176
-0.23988
-0.23800
-0.23612
-0.23424
-0.23230
-0.23030
-0.22830
-0.22630
-0.22430
-0.22179
-0.21877
-0.21575
-0.21273
-0.20971
-0.20624
-0.20232
-0.19840
-0.19448
-0.19056
-0.18605
-0.18095
-0.17585
-0.17075
-0.16565
-0.15964
-0.15272
-0.14580
-0.13888
-0.13196
-0.12397
-0.11491
-0.10585
-0.09679
-0.08773
-0.07696
-0.06448
-0.05200
-0.03952
-0.02704
-0.01330
0.00170
0.01670
0.03170
0.04670
0.06437
0.08471
0.10505
0.12539
0.14573
0.16773
0.19139
0.21505
0.23871
0.26237
0.28860
0.31740
0.34620
0.37500
0.40380
0.43490
0.46830
0.50170
0.53510
0.56850
0.60375
0.64085
0.67795
0.71505
0.75215
0.79158
0.83334
0.87510
0.91686
0.95862
1.00105
1.04415
1.08725
1.13035
1.17345
1.21868
1.26604
1.31340
1.36076
1.40812
1.45588
1.50404
1.55220
1.60036
1.64852
1.69743
1.74709
1.79675
1.84641
1.89607
1.94618
1.99674
2.04730
2.09786
2.14842
2.19891
2.24933
2.29975
2.35017
2.40059
2.45143
2.50269
2.55395
2.60521
2.65647
2.70712
2.75716
2.80720
2.85724
2.90728
2.95733
3.00739
3.05745
3.10751
3.15757
3.20658
3.25454
3.30250
3.35046
3.39842
3.44542
3.49146
3.53750
3.58354
3.62958
3.67362
3.71566
3.75770
3.79974
3.84178
3.88231
3.92133
3.96035
3.99937
4.03839
4.07501
4.10923
4.14345
4.17767
4.21189
4.24452
4.27556
4.30660
4.33764
4.36868
4.39549
4.41807
4.44065
4.46323
4.48581
4.50698
4.52674
4.54650
4.56626
4.58602
4.60304
4.61732
4.63160
4.64588
4.66016
4.67320
4.68500
4.69680
4.70860
4.72040
4.73071
4.73953
4.74835
4.75717
4.76599
4.77040
4.77040
4.77040
4.77040
4.77040
4.77040
4.77040
4.77040
4.77040
4.77040
4.77040
4.77040
4.77040
4.77040
4.77040
4.77040
4.77040
4.77040
4.77040
4.77040
4.77040
4.77040
4.77040
4.77040
4.77040
4.77040
-0.23330
-0.23330
-0.23330
-0.23330
-0.23330
-0.23330
-0.23330
-0.23330
-0.23330
-0.23330
-0.23330
-0.23330
-0.23330
-0.23330
-0.23330
-0.23330
-0.23330
-0.23330
-0.23330
-0.23330
-0.23330
-0.23330
-0.23330
-0.23330
-0.23330
-0.23330
-0.23330
-0.23330
-0.23330
-0.23330
-0.23330
-0.23330
-0.23330
-0.23330
-0.23330
-0.23330
-0.23330
-0.23330
-0.23330
-0.23330
-0.23330
-0.23330
-0.23330
-0.23330
-0.23330
-0.23330
-0.23330
-0.23330
-0.23330
-0.23330
-0.23330
-0.23330
-0.23330
-0.23330
-0.23330
-0.23330
-0.23330
-0.23330
-0.23330
-0.23330
-0.23330
-0.23330
-0.23330
-0.23330
-0.23330
-0.23330
-0.23330
-0.23150
-0.22970
-0.22790
-0.22610
-0.22430
-0.22236
-0.22042
-0.21848
-0.21654
-0.21460
-0.21246
-0.21032
-0.20818
-0.20604
-0.20390
-0.20160
-0.19930
-0.19700
-0.19470
-0.19240
-0.18998
-0.18756
-0.18514
-0.18272
-0.18030
-0.17708
-0.17386
-0.17064
-0.16742
-0.16420
-0.16016
-0.15612
-0.15208
-0.14804
-0.14400
-0.13900
-0.13400
-0.12900
-0.12400
-0.11900
-0.11200
-0.10500
-0.09800
-0.09100
-0.08400
-0.07522
-0.06644
-0.05766
-0.04888
-0.04010
-0.02792
-0.01574
-0.00356
0.00862
0.02080
0.03534
0.04988
0.06442
0.07896
0.09350
0.11284
0.13218
0.15152
0.17086
0.19020
0.21348
0.23676
0.26004
0.28332
0.30660
0.33396
0.36132
0.38868
0.41604
0.44340
0.47644
0.50948
0.54252
0.57556
0.60860
0.64470
0.68080
0.71690
0.75300
0.78910
0.83032
0.87154
0.91276
0.95398
0.99520
1.03800
1.08080
1.12360
1.16640
1.20920
1.25578
1.30236
1.34894
1.39552
1.44210
1.49030
1.53850
1.58670
1.63490
1.68310
1.73202
1.78094
1.82986
1.87878
1.92770
1.97804
2.02838
2.07872
2.12906
2.17940
2.22930
2.27920
2.32910
2.37900
2.42890
2.47956
2.53022
2.58088
2.63154
2.68220
2.73162
2.78104
2.83046
2.87988
2.92930
2.97822
3.02714
3.07606
3.12498
3.17390
3.22062
3.26734
3.31406
3.36078
3.40750
3.45210
3.49670
3.54130
3.58590
3.63050
3.67122
3.71194
3.75266
3.79338
3.83410
3.87192
3.90974
3.94756
3.98538
4.02320
4.05618
4.08916
4.12214
4.15512
4.18810
4.21752
4.24694
4.27636
4.30578
4.33520
4.35712
4.37904
4.40096
4.42288
4.44480
4.46326
4.48172
4.50018
4.51864
4.53710
4.55122
4.56534
4.57946
4.59358
4.60770
4.61850
4.62930
4.64010
4.65090
4.66170
4.67038
4.67906
4.68774
4.69642
4.70510
4.70510
4.70510
4.70510
4.70510
4.70510
4.70510
4.70510
4.70510
4.70510
4.70510
4.70510
4.70510
4.70510
4.70510
4.70510
4.70510
4.70510
4.70510
4.70510
4.70510
4.70510
4.70510
4.70510
4.70510
-0.20570
-0.20570
-0.20570
-0.20570
-0.20570
-0.20570
-0.20570
-0.20570
-0.20570
-0.20570
-0.20570
-0.20570
-0.20570
-0.20570
-0.20570
-0.20570
-0.20570
-0.20570
-0.20570
-0.20570
-0.20570
-0.20570
-0.20570
-0.20570
-0.20570
-0.20570
-0.20570
-0.20570
-0.20570
-0.20570
-0.20570
-0.20570
-0.20570
-0.20570
-0.20570
-0.20570
-0.20570
-0.20570
-0.20570
-0.20570
-0.20570
-0.20570
-0.20570
-0.20570
-0.20570
-0.20570
-0.20570
-0.20570
-0.20570
-0.20570
-0.20570
-0.20570
-0.20570
-0.20570
-0.20570
-0.20570
-0.20570
-0.20570
-0.20570
-0.20570
-0.20570
-0.20570
-0.20570
-0.20570
-0.20570
-0.20570
-0.20570
-0.20570
-0.20447
-0.20201
-0.19955
-0.19709
-0.19463
-0.19212
-0.18956
-0.18700
-0.18444
-0.18188
-0.17925
-0.17655
-0.17385
-0.17115
-0.16845
-0.16563
-0.16269
-0.15975
-0.15681
-0.15387
-0.15088
-0.14784
-0.14480
-0.14176
-0.13872
-0.13537
-0.13171
-0.12805
-0.12439
-0.12073
-0.11669
-0.11227
-0.10785
-0.10343
-0.09901
-0.09424
-0.08912
-0.08400
-0.07888
-0.07376
-0.06758
-0.06034
-0.05310
-0.04586
-0.03862
-0.03062
-0.02186
-0.01310
-0.00434
0.00442
0.01475
0.02665
0.03855
0.05045
0.06235
0.07552
0.08996
0.10440
0.11884
0.13328
0.14962
0.16786
0.18610
0.20434
0.22258
0.24320
0.26620
0.28920
0.31220
0.33520
0.35967
0.38561
0.41155
0.43749
0.46343
0.49266
0.52518
0.55770
0.59022
0.62274
0.65649
0.69147
0.72645
0.76143
0.79641
0.83403
0.87429
0.91455
0.95481
0.99507
1.03642
1.07886
1.12130
1.16374
1.20618
1.25014
1.29562
1.34110
1.38658
1.43206
1.47882
1.52686
1.57490
1.62294
1.67098
1.71909
1.76727
1.81545
1.86363
1.91181
1.96086
2.01078
2.06070
2.11062
2.16054
2.21016
2.25948
2.30880
2.35812
2.40744
2.45698
2.50674
2.55650
2.60626
2.65602
2.70519
2.75377
2.80235
2.85093
2.89951
2.94749
2.99487
3.04225
3.08963
3.13701
3.18328
3.22844
3.27360
3.31876
3.36392
3.40790
3.45070
3.49350
3.53630
3.57910
3.62018
3.65954
3.69890
3.73826
3.77762
3.81545
3.85175
3.88805
3.92435
3.96065
3.99475
4.02665
4.05855
4.09045
4.12235
4.15213
4.17979
4.20745
4.23511
4.26277
4.28754
4.30942
4.33130
4.35318
4.37506
4.39468
4.41204
4.42940
4.44676
4.46412
4.47997
4.49431
4.50865
4.52299
4.53733
4.54952
4.55956
4.56960
4.57964
4.58968
4.59902
4.60766
4.61630
4.62494
4.63358
4.63790
4.63790
4.63790
4.63790
4.63790
4.63790
4.63790
4.63790
4.63790
4.63790
4.63790
4.63790
4.63790
4.63790
4.63790
4.63790
4.63790
4.63790
4.63790
4.63790
4.63790
4.63790
4.63790
-0.18690
-0.18690
-0.18690
-0.18690
-0.18690
-0.18690
-0.18690
-0.18690
-0.18690
-0.18690
-0.18690
-0.18690
-0.18690
-0.18690
-0.18690
-0.18690
-0.18690
-0.18690
-0.18690
-0.18690
-0.18690
-0.18690
-0.18690
-0.18690
-0.18690
-0.18690
-0.18690
-0.18690
-0.18690
-0.18690
-0.18690
-0.18690
-0.18690
-0.18690
-0.18690
-0.18690
-0.18690
-0.18690
-0.18690
-0.18690
-0.18690
-0.18690
-0.18690
-0.18690
-0.18690
-0.18690
-0.18690
-0.18690
-0.18690
-0.18690
-0.18690
-0.18690
-0.18690
-0.18690
-0.18690
-0.18690
-0.18690
-0.18690
-0.18690
-0.18690
-0.18690
-0.18690
-0.18690
-0.18690
-0.18690
-0.18690
-0.18690
-0.18690
-0.18690
-0.18690
-0.18370
-0.18050
-0.17730
-0.17410
-0.17090
-0.16764
-0.16438
-0.16112
-0.15786
-0.15460
-0.15120
-0.14780
-0.14440
-0.14100
-0.13760
-0.13392
-0.13024
-0.12656
-0.12288
-0.11920
-0.11530
-0.11140
-0.10750
-0.10360
-0.09970
-0.09536
-0.09102
-0.08668
-0.08234
-0.07800
-0.07292
-0.06784
-0.06276
-0.05768
-0.05260
-0.04702
-0.04144
-0.03586
-0.03028
-0.02470
-0.01700
-0.00930
-0.00160
0.00610
0.01380
0.02288
0.03196
0.04104
0.05012
0.05920
0.07104
0.08288
0.09472
0.10656
0.11840
0.13306
0.14772
0.16238
0.17704
0.19170
0.20912
0.22654
0.24396
0.26138
0.27880
0.30158
0.32436
0.34714
0.36992
0.39270
0.41754
0.44238
0.46722
0.49206
0.51690
0.54856
0.58022
0.61188
0.64354
0.67520
0.70914
0.74308
0.77702
0.81096
0.84490
0.88370
0.92250
0.96130
1.00010
1.03890
1.08086
1.12282
1.16478
1.20674
1.24870
1.29284
1.33698
1.38112
1.42526
1.46940
1.51696
1.56452
1.61208
1.65964
1.70720
1.75462
1.80204
1.84946
1.89688
1.94430
1.99354
2.04278
2.09202
2.14126
2.19050
2.23916
2.28782
2.33648
2.38514
2.43380
2.48238
2.53096
2.57954
2.62812
2.67670
2.72418
2.77166
2.81914
2.86662
2.91410
2.95964
3.00518
3.05072
3.09626
3.14180
3.18512
3.22844
3.27176
3.31508
3.35840
3.39914
3.43988
3.48062
3.52136
3.56210
3.60000
3.63790
3.67580
3.71370
3.75160
3.78630
3.82100
3.85570
3.89040
3.92510
3.95606
3.98702
4.01798
4.04894
4.07990
4.10600
4.13210
4.15820
4.18430
4.21040
4.23254
4.25468
4.27682
4.29896
4.32110
4.33778
4.35446
4.37114
4.38782
4.40450
4.41918
4.43386
4.44854
4.46322
4.47790
4.48762
4.49734
4.50706
4.51678
4.52650
4.53520
4.54390
4.55260
4.56130
4.57000
4.57000
4.57000
4.57000
4.57000
4.57000
4.57000
4.57000
4.57000
4.57000
4.57000
4.57000
4.57000
4.57000
4.57000
4.57000
4.57000
4.57000
4.57000
4.57000
4.57000
4.57000
-0.18160
-0.18160
-0.18160
-0.18160
-0.18160
-0.18160
-0.18160
-0.18160
-0.18160
-0.18160
-0.18160
-0.18160
-0.18160
-0.18160
-0.18160
-0.18160
-0.18160
-0.18160
-0.18160
-0.18160
-0.18160
-0.18160
-0.18160
-0.18160
-0.18160
-0.18160
-0.18160
-0.18160
-0.18160
-0.18160
-0.18160
-0.18160
-0.18160
-0.18160
-0.18160
-0.18160
-0.18160
-0.18160
-0.18160
-0.18160
-0.18160
-0.18160
-0.18160
-0.18160
-0.18160
-0.18160
-0.18160
-0.18160
-0.18160
-0.18160
-0.18160
-0.18160
-0.18160
-0.18160
-0.18160
-0.18160
-0.18160
-0.18160
-0.18160
-0.18160
-0.18160
-0.18160
-0.18160
-0.18160
-0.18160
-0.18160
-0.18160
-0.18160
-0.18160
-0.18160
-0.18160
-0.17963
-0.17569
-0.17175
-0.16781
-0.16387
-0.15990
-0.15590
-0.15190
-0.14790
-0.14390
-0.13981
-0.13563
-0.13145
-0.12727
-0.12309
-0.11872
-0.11416
-0.10960
-0.10504
-0.10048
-0.09575
-0.09085
-0.08595
-0.08105
-0.07615
-0.07104
-0.06572
-0.06040
-0.05508
-0.04976
-0.04409
-0.03807
-0.03205
-0.02603
-0.02001
-0.01374
-0.00722
-0.00070
0.00582
0.01234
0.01981
0.02823
0.03665
0.04507
0.05349
0.06261
0.07243
0.08225
0.09207
0.10189
0.11286
0.12498
0.13710
0.14922
0.16134
0.17501
0.19023
0.20545
0.22067
0.23589
0.25213
0.26939
0.28665
0.30391
0.32117
0.34108
0.36364
0.38620
0.40876
0.43132
0.45477
0.47911
0.50345
0.52779
0.55213
0.57947
0.60981
0.64015
0.67049
0.70083
0.73252
0.76556
0.79860
0.83164
0.86468
0.89965
0.93655
0.97345
1.01035
1.04725
1.08630
1.12750
1.16870
1.20990
1.25110
1.29306
1.33578
1.37850
1.42122
1.46394
1.50862
1.55526
1.60190
1.64854
1.69518
1.74183
1.78849
1.83515
1.88181
1.92847
1.97592
2.02416
2.07240
2.12064
2.16888
2.21694
2.26482
2.31270
2.36058
2.40846
2.45600
2.50320
2.55040
2.59760
2.64480
2.69141
2.73743
2.78345
2.82947
2.87549
2.92026
2.96378
3.00730
3.05082
3.09434
3.13669
3.17787
3.21905
3.26023
3.30141
3.34130
3.37990
3.41850
3.45710
3.49570
3.53316
3.56948
3.60580
3.64212
3.67844
3.71318
3.74634
3.77950
3.81266
3.84582
3.87749
3.90767
3.93785
3.96803
3.99821
4.02584
4.05092
4.07600
4.10108
4.12616
4.14990
4.17230
4.19470
4.21710
4.23950
4.25899
4.27557
4.29215
4.30873
4.32531
4.34106
4.35598
4.37090
4.38582
4.40074
4.41318
4.42314
4.43310
4.44306
4.45302
4.46244
4.47132
4.48020
4.48908
4.49796
4.50240
4.50240
4.50240
4.50240
4.50240
4.50240
4.50240
4.50240
4.50240
4.50240
4.50240
4.50240
4.50240
4.50240
4.50240
4.50240
4.50240
4.50240
4.50240
4.50240
-0.19040
-0.19040
-0.19040
-0.19040
-0.19040
-0.19040
-0.19040
-0.19040
-0.19040
-0.19040
-0.19040
-0.19040
-0.19040
-0.19040
-0.19040
-0.19040
-0.19040
-0.19040
-0.19040
-0.19040
-0.19040
-0.19040
-0.19040
-0.19040
-0.19040
-0.19040
-0.19040
-0.19040
-0.19040
-0.19040
-0.19040
-0.19040
-0.19040
-0.19040
-0.19040
-0.19040
-0.19040
-0.19040
-0.19040
-0.19040
-0.19040
-0.19040
-0.19040
-0.19040
-0.19040
-0.19040
-0.19040
-0.19040
-0.19040
-0.19040
-0.19040
-0.19040
-0.19040
-0.19040
-0.19040
-0.19040
-0.19040
-0.19040
-0.19040
-0.19040
-0.19040
-0.19040
-0.19040
-0.19040
-0.19040
-0.19040
-0.19040
-0.19040
-0.19040
-0.19040
-0.19040
-0.19040
-0.19040
-0.18580
-0.18120
-0.17660
-0.17200
-0.16740
-0.16264
-0.15788
-0.15312
-0.14836
-0.14360
-0.13860
-0.13360
-0.12860
-0.12360
-0.11860
-0.11318
-0.10776
-0.10234
-0.09692
-0.09150
-0.08554
-0.07958
-0.07362
-0.06766
-0.06170
-0.05522
-0.04874
-0.04226
-0.03578
-0.02930
-0.02214
-0.01498
-0.00782
-0.00066
0.00650
0.01432
0.02214
0.02996
0.03778
0.04560
0.05496
0.06432
0.07368
0.08304
0.09240
0.10336
0.11432
0.12528
0.13624
0.14720
0.15994
0.17268
0.18542
0.19816
0.21090
0.22698
0.24306
0.25914
0.27522
0.29130
0.30908
0.32686
0.34464
0.36242
0.38020
0.40260
0.42500
0.44740
0.46980
0.49220
0.51664
0.54108
0.56552
0.58996
0.61440
0.64312
0.67184
0.70056
0.72928
0.75800
0.79038
0.82276
0.85514
0.88752
0.91990
0.95464
0.98938
1.02412
1.05886
1.09360
1.13378
1.17396
1.21414
1.25432
1.29450
1.33580
1.37710
1.41840
1.45970
1.50100
1.54632
1.59164
1.63696
1.68228
1.72760
1.77350
1.81940
1.86530
1.91120
1.95710
2.00408
2.05106
2.09804
2.14502
2.19200
2.23894
2.28588
2.33282
2.37976
2.42670
2.47238
2.51806
2.56374
2.60942
2.65510
2.69934
2.74358
2.78782
2.83206
2.87630
2.91772
2.95914
3.00056
3.04198
3.08340
3.12226
3.16112
3.19998
3.23884
3.27770
3.31420
3.35070
3.38720
3.42370
3.46020
3.49478
3.52936
3.56394
3.59852
3.63310
3.66488
3.69666
3.72844
3.76022
3.79200
3.82160
3.85120
3.88080
3.91040
3.94000
3.96464
3.98928
4.01392
4.03856
4.06320
4.08574
4.10828
4.13082
4.15336
4.17590
4.19290
4.20990
4.22690
4.24390
4.26090
4.27594
4.29098
4.30602
4.32106
4.33610
4.34684
4.35758
4.36832
4.37906
4.38980
4.39896
4.40812
4.41728
4.42644
4.43560
4.43560
4.43560
4.43560
4.43560
4.43560
4.43560
4.43560
4.43560
4.43560
4.43560
4.43560
4.43560
4.43560
4.43560
4.43560
4.43560
4.43560
4.43560
-0.20980
-0.20980
-0.20980
-0.20980
-0.20980
-0.20980
-0.20980
-0.20980
-0.20980
-0.20980
-0.20980
-0.20980
-0.20980
-0.20980
-0.20980
-0.20980
-0.20980
-0.20980
-0.20980
-0.20980
-0.20980
-0.20980
-0.20980
-0.20980
-0.20980
-0.20980
-0.20980
-0.20980
-0.20980
-0.20980
-0.20980
-0.20980
-0.20980
-0.20980
-0.20980
-0.20980
-0.20980
-0.20980
-0.20980
-0.20980
-0.20980
-0.20980
-0.20980
-0.20980
-0.20980
-0.20980
-0.20980
-0.20980
-0.20980
-0.20980
-0.20980
-0.20980
-0.20980
-0.20980
-0.20980
-0.20980
-0.20980
-0.20980
-0.20980
-0.20980
-0.20980
-0.20980
-0.20980
-0.20980
-0.20980
-0.20980
-0.20980
-0.20980
-0.20980
-0.20980
-0.20980
-0.20980
-0.20980
-0.20980
-0.20726
-0.20218
-0.19710
-0.19202
-0.18694
-0.18169
-0.17627
-0.17085
-0.16543
-0.16001
-0.15444
-0.14872
-0.14300
-0.13728
-0.13156
-0.12559
-0.11937
-0.11315
-0.10693
-0.10071
-0.09414
-0.08722
-0.08030
-0.07338
-0.06646
-0.05919
-0.05157
-0.04395
-0.03633
-0.02871
-0.02075
-0.01245
-0.00415
0.00415
0.01245
0.02119
0.03037
0.03955
0.04873
0.05791
0.06769
0.07807
0.08845
0.09883
0.10921
0.12053
0.13279
0.14505
0.15731
0.16957
0.18250
0.19610
0.20970
0.22330
0.23690
0.25225
0.26935
0.28645
0.30355
0.32065
0.33857
0.35731
0.37605
0.39479
0.41353
0.43412
0.45656
0.47900
0.50144
0.52388
0.54755
0.57245
0.59735
0.62225
0.64715
0.67324
0.70052
0.72780
0.75508
0.78236
0.81192
0.84376
0.87560
0.90744
0.93928
0.97161
1.00443
1.03725
1.07007
1.10289
1.13879
1.17777
1.21675
1.25573
1.29471
1.33423
1.37429
1.41435
1.45441
1.49447
1.53639
1.58017
1.62395
1.66773
1.71151
1.75593
1.80099
1.84605
1.89111
1.93617
1.98149
2.02707
2.07265
2.11823
2.16381
2.20952
2.25536
2.30120
2.34704
2.39288
2.43785
2.48195
2.52605
2.57015
2.61425
2.65745
2.69975
2.74205
2.78435
2.82665
2.86745
2.90675
2.94605
2.98535
3.02465
3.06257
3.09911
3.13565
3.17219
3.20873
3.24425
3.27875
3.31325
3.34775
3.38225
3.41593
3.44879
3.48165
3.51451
3.54737
3.57909
3.60967
3.64025
3.67083
3.70141
3.73124
3.76032
3.78940
3.81848
3.84756
3.87441
3.89903
3.92365
3.94827
3.97289
3.99649
4.01907
4.04165
4.06423
4.08681
4.10700
4.12480
4.14260
4.16040
4.17820
4.19467
4.20981
4.22495
4.24009
4.25523
4.26866
4.28038
4.29210
4.30382
4.31554
4.32618
4.33574
4.34530
4.35486
4.36442
4.36920
4.36920
4.36920
4.36920
4.36920
4.36920
4.36920
4.36920
4.36920
4.36920
4.36920
4.36920
4.36920
4.36920
4.36920
4.36920
4.36920
-0.23630
-0.23630
-0.23630
-0.23630
-0.23630
-0.23630
-0.23630
-0.23630
-0.23630
-0.23630
-0.23630
-0.23630
-0.23630
-0.23630
-0.23630
-0.23630
-0.23630
-0.23630
-0.23630
-0.23630
-0.23630
-0.23630
-0.23630
-0.23630
-0.23630
-0.23630
-0.23630
-0.23630
-0.23630
-0.23630
-0.23630
-0.23630
-0.23630
-0.23630
-0.23630
-0.23630
-0.23630
-0.23630
-0.23630
-0.23630
-0.23630
-0.23630
-0.23630
-0.23630
-0.23630
-0.23630
-0.23630
-0.23630
-0.23630
-0.23630
-0.23630
-0.23630
-0.23630
-0.23630
-0.23630
-0.23630
-0.23630
-0.23630
-0.23630
-0.23630
-0.23630
-0.23630
-0.23630
-0.23630
-0.23630
-0.23630
-0.23630
-0.23630
-0.23630
-0.23630
-0.23630
-0.23630
-0.23630
-0.23630
-0.23630
-0.23630
-0.23094
-0.22558
-0.22022
-0.21486
-0.20950
-0.20368
-0.19786
-0.19204
-0.18622
-0.18040
-0.17416
-0.16792
-0.16168
-0.15544
-0.14920
-0.14238
-0.13556
-0.12874
-0.12192
-0.11510
-0.10746
-0.09982
-0.09218
-0.08454
-0.07690
-0.06840
-0.05990
-0.05140
-0.04290
-0.03440
-0.02514
-0.01588
-0.00662
0.00264
0.01190
0.02224
0.03258
0.04292
0.05326
0.06360
0.07494
0.08628
0.09762
0.10896
0.12030
0.13372
0.14714
0.16056
0.17398
0.18740
0.20204
0.21668
0.23132
0.24596
0.26060
0.27874
0.29688
0.31502
0.33316
0.35130
0.37122
0.39114
0.41106
0.43098
0.45090
0.47368
0.49646
0.51924
0.54202
0.56480
0.59030
0.61580
0.64130
0.66680
0.69230
0.71878
0.74526
0.77174
0.79822
0.82470
0.85604
0.88738
0.91872
0.95006
0.98140
1.01304
1.04468
1.07632
1.10796
1.13960
1.17728
1.21496
1.25264
1.29032
1.32800
1.36710
1.40620
1.44530
1.48440
1.52350
1.56572
1.60794
1.65016
1.69238
1.73460
1.77868
1.82276
1.86684
1.91092
1.95500
1.99918
2.04336
2.08754
2.13172
2.17590
2.22046
2.26502
2.30958
2.35414
2.39870
2.44122
2.48374
2.52626
2.56878
2.61130
2.65170
2.69210
2.73250
2.77290
2.81330
2.85060
2.88790
2.92520
2.96250
2.99980
3.03420
3.06860
3.10300
3.13740
3.17180
3.20444
3.23708
3.26972
3.30236
3.33500
3.36626
3.39752
3.42878
3.46004
3.49130
3.52088
3.55046
3.58004
3.60962
3.63920
3.66778
3.69636
3.72494
3.75352
3.78210
3.80692
3.83174
3.85656
3.88138
3.90620
3.92878
3.95136
3.97394
3.99652
4.01910
4.03780
4.05650
4.07520
4.09390
4.11260
4.12794
4.14328
4.15862
4.17396
4.18930
4.20198
4.21466
4.22734
4.24002
4.25270
4.26276
4.27282
4.28288
4.29294
4.30300
4.30300
4.30300
4.30300
4.30300
4.30300
4.30300
4.30300
4.30300
4.30300
4.30300
4.30300
4.30300
4.30300
4.30300
4.30300
-0.26700
-0.26700
-0.26700
-0.26700
-0.26700
-0.26700
-0.26700
-0.26700
-0.26700
-0.26700
-0.26700
-0.26700
-0.26700
-0.26700
-0.26700
-0.26700
-0.26700
-0.26700
-0.26700
-0.26700
-0.26700
-0.26700
-0.26700
-0.26700
-0.26700
-0.26700
-0.26700
-0.26700
-0.26700
-0.26700
-0.26700
-0.26700
-0.26700
-0.26700
-0.26700
-0.26700
-0.26700
-0.26700
-0.26700
-0.26700
-0.26700
-0.26700
-0.26700
-0.26700
-0.26700
-0.26700
-0.26700
-0.26700
-0.26700
-0.26700
-0.26700
-0.26700
-0.26700
-0.26700
-0.26700
-0.26700
-0.26700
-0.26700
-0.26700
-0.26700
-0.26700
-0.26700
-0.26700
-0.26700
-0.26700
-0.26700
-0.26700
-0.26700
-0.26700
-0.26700
-0.26700
-0.26700
-0.26700
-0.26700
-0.26700
-0.26700
-0.26700
-0.26431
-0.25893
-0.25355
-0.24817
-0.24279
-0.23712
-0.23116
-0.22520
-0.21924
-0.21328
-0.20705
-0.20055
-0.19405
-0.18755
-0.18105
-0.17423
-0.16709
-0.15995
-0.15281
-0.14567
-0.13806
-0.12998
-0.12190
-0.11382
-0.10574
-0.09721
-0.08823
-0.07925
-0.07027
-0.06129
-0.05182
-0.04186
-0.03190
-0.02194
-0.01198
-0.00146
0.00962
0.02070
0.03178
0.04286
0.05448
0.06664
0.07880
0.09096
0.10312
0.11637
0.13071
0.14505
0.15939
0.17373
0.18876
0.20448
0.22020
0.23592
0.25164
0.26906
0.28818
0.30730
0.32642
0.34554
0.36565
0.38675
0.40785
0.42895
0.45005
0.47232
0.49576
0.51920
0.54264
0.56608
0.59086
0.61698
0.64310
0.66922
0.69534
0.72166
0.74818
0.77470
0.80122
0.82774
0.85643
0.88729
0.91815
0.94901
0.97987
1.01098
1.04234
1.07370
1.10506
1.13642
1.17032
1.20676
1.24320
1.27964
1.31608
1.35353
1.39199
1.43045
1.46891
1.50737
1.54700
1.58780
1.62860
1.66940
1.71020
1.75208
1.79504
1.83800
1.88096
1.92392
1.96682
2.00966
2.05250
2.09534
2.13818
2.18117
2.22431
2.26745
2.31059
2.35373
2.39579
2.43677
2.47775
2.51873
2.55971
2.59952
2.63816
2.67680
2.71544
2.75408
2.79112
2.82656
2.86200
2.89744
2.93288
2.96688
2.99944
3.03200
3.06456
3.09712
3.12889
3.15987
3.19085
3.22183
3.25281
3.28324
3.31312
3.34300
3.37288
3.40276
3.43205
3.46075
3.48945
3.51815
3.54685
3.57523
3.60329
3.63135
3.65941
3.68747
3.71406
3.73918
3.76430
3.78942
3.81454
3.83840
3.86100
3.88360
3.90620
3.92880
3.94987
3.96941
3.98895
4.00849
4.02803
4.04566
4.06138
4.07710
4.09282
4.10854
4.12312
4.13656
4.15000
4.16344
4.17688
4.18894
4.19962
4.21030
4.22098
4.23166
4.23700
4.23700
4.23700
4.23700
4.23700
4.23700
4.23700
4.23700
4.23700
4.23700
4.23700
4.23700
4.23700
4.23700
-0.29970
-0.29970
-0.29970
-0.29970
-0.29970
-0.29970
-0.29970
-0.29970
-0.29970
-0.29970
-0.29970
-0.29970
-0.29970
-0.29970
-0.29970
-0.29970
-0.29970
-0.29970
-0.29970
-0.29970
-0.29970
-0.29970
-0.29970
-0.29970
-0.29970
-0.29970
-0.29970
-0.29970
-0.29970
-0.29970
-0.29970
-0.29970
-0.29970
-0.29970
-0.29970
-0.29970
-0.29970
-0.29970
-0.29970
-0.29970
-0.29970
-0.29970
-0.29970
-0.29970
-0.29970
-0.29970
-0.29970
-0.29970
-0.29970
-0.29970
-0.29970
-0.29970
-0.29970
-0.29970
-0.29970
-0.29970
-0.29970
-0.29970
-0.29970
-0.29970
-0.29970
-0.29970
-0.29970
-0.29970
-0.29970
-0.29970
-0.29970
-0.29970
-0.29970
-0.29970
-0.29970
-0.29970
-0.29970
-0.29970
-0.29970
-0.29970
-0.29970
-0.29970
-0.29970
-0.29454
-0.28938
-0.28422
-0.27906
-0.27390
-0.26802
-0.26214
-0.25626
-0.25038
-0.24450
-0.23798
-0.23146
-0.22494
-0.21842
-0.21190
-0.20472
-0.19754
-0.19036
-0.18318
-0.17600
-0.16776
-0.15952
-0.15128
-0.14304
-0.13480
-0.12564
-0.11648
-0.10732
-0.09816
-0.08900
-0.07864
-0.06828
-0.05792
-0.04756
-0.03720
-0.02574
-0.01428
-0.00282
0.00864
0.02010
0.03290
0.04570
0.05850
0.07130
0.08410
0.09912
0.11414
0.12916
0.14418
0.15920
0.17590
0.19260
0.20930
0.22600
0.24270
0.26266
0.28262
0.30258
0.32254
0.34250
0.36474
0.38698
0.40922
0.43146
0.45370
0.47800
0.50230
0.52660
0.55090
0.57520
0.60192
0.62864
0.65536
0.68208
0.70880
0.73600
0.76320
0.79040
0.81760
0.84480
0.87536
0.90592
0.93648
0.96704
0.99760
1.02938
1.06116
1.09294
1.12472
1.15650
1.19182
1.22714
1.26246
1.29778
1.33310
1.37120
1.40930
1.44740
1.48550
1.52360
1.56314
1.60268
1.64222
1.68176
1.72130
1.76310
1.80490
1.84670
1.88850
1.93030
1.97192
2.01354
2.05516
2.09678
2.13840
2.18002
2.22164
2.26326
2.30488
2.34650
2.38600
2.42550
2.46500
2.50450
2.54400
2.58102
2.61804
2.65506
2.69208
2.72910
2.76286
2.79662
2.83038
2.86414
2.89790
2.92888
2.95986
2.99084
3.02182
3.05280
3.08230
3.11180
3.14130
3.17080
3.20030
3.22898
3.25766
3.28634
3.31502
3.34370
3.37166
3.39962
3.42758
3.45554
3.48350
3.51104
3.53858
3.56612
3.59366
3.62120
3.64666
3.67212
3.69758
3.72304
3.74850
3.77114
3.79378
3.81642
3.83906
3.86170
3.88198
3.90226
3.92254
3.94282
3.96310
3.97934
3.99558
4.01182
4.02806
4.04430
4.05834
4.07238
4.08642
4.10046
4.11450
4.12590
4.13730
4.14870
4.16010
4.17150
4.17150
4.17150
4.17150
4.17150
4.17150
4.17150
4.17150
4.17150
4.17150
4.17150
4.17150
4.17150
-0.33250
-0.33250
-0.33250
-0.33250
-0.33250
-0.33250
-0.33250
-0.33250
-0.33250
-0.33250
-0.33250
-0.33250
-0.33250
-0.33250
-0.33250
-0.33250
-0.33250
-0.33250
-0.33250
-0.33250
-0.33250
-0.33250
-0.33250
-0.33250
-0.33250
-0.33250
-0.33250
-0.33250
-0.33250
-0.33250
-0.33250
-0.33250
-0.33250
-0.33250
-0.33250
-0.33250
-0.33250
-0.33250
-0.33250
-0.33250
-0.33250
-0.33250
-0.33250
-0.33250
-0.33250
-0.33250
-0.33250
-0.33250
-0.33250
-0.33250
-0.33250
-0.33250
-0.33250
-0.33250
-0.33250
-0.33250
-0.33250
-0.33250
-0.33250
-0.33250
-0.33250
-0.33250
-0.33250
-0.33250
-0.33250
-0.33250
-0.33250
-0.33250
-0.33250
-0.33250
-0.33250
-0.33250
-0.33250
-0.33250
-0.33250
-0.33250
-0.33250
-0.33250
-0.33250
-0.33250
-0.33011
-0.32533
-0.32055
-0.31577
-0.31099
-0.30582
-0.30026
-0.29470
-0.28914
-0.28358
-0.27764
-0.27132
-0.26500
-0.25868
-0.25236
-0.24569
-0.23867
-0.23165
-0.22463
-0.21761
-0.21003
-0.20189
-0.19375
-0.18561
-0.17747
-0.16886
-0.15978
-0.15070
-0.14162
-0.13254
-0.12276
-0.11228
-0.10180
-0.09132
-0.08084
-0.06980
-0.05820
-0.04660
-0.03500
-0.02340
-0.01100
0.00220
0.01540
0.02860
0.04180
0.05611
0.07153
0.08695
0.10237
0.11779
0.13426
0.15178
0.16930
0.18682
0.20434
0.22340
0.24400
0.26460
0.28520
0.30580
0.32768
0.35084
0.37400
0.39716
0.42032
0.44450
0.46970
0.49490
0.52010
0.54530
0.57159
0.59897
0.62635
0.65373
0.68111
0.70896
0.73728
0.76560
0.79392
0.82224
0.85166
0.88218
0.91270
0.94322
0.97374
1.00532
1.03796
1.07060
1.10324
1.13588
1.16947
1.20401
1.23855
1.27309
1.30763
1.34384
1.38172
1.41960
1.45748
1.49536
1.53356
1.57208
1.61060
1.64912
1.68764
1.72722
1.76786
1.80850
1.84914
1.88978
1.93036
1.97088
2.01140
2.05192
2.09244
2.13277
2.17291
2.21305
2.25319
2.29333
2.33245
2.37055
2.40865
2.44675
2.48485
2.52165
2.55715
2.59265
2.62815
2.66365
2.69753
2.72979
2.76205
2.79431
2.82657
2.85751
2.88713
2.91675
2.94637
2.97599
3.00490
3.03310
3.06130
3.08950
3.11770
3.14563
3.17329
3.20095
3.22861
3.25627
3.28375
3.31105
3.33835
3.36565
3.39295
3.42014
3.44722
3.47430
3.50138
3.52846
3.55486
3.58058
3.60630
3.63202
3.65774
3.68200
3.70480
3.72760
3.75040
3.77320
3.79503
3.81589
3.83675
3.85761
3.87847
3.89732
3.91416
3.93100
3.94784
3.96468
3.98037
3.99491
4.00945
4.02399
4.03853
4.05190
4.06410
4.07630
4.08850
4.10070
4.10680
4.10680
4.10680
4.10680
4.10680
4.10680
4.10680
4.10680
4.10680
4.10680
4.10680
-0.36330
-0.36330
-0.36330
-0.36330
-0.36330
-0.36330
-0.36330
-0.36330
-0.36330
-0.36330
-0.36330
-0.36330
-0.36330
-0.36330
-0.36330
-0.36330
-0.36330
-0.36330
-0.36330
-0.36330
-0.36330
-0.36330
-0.36330
-0.36330
-0.36330
-0.36330
-0.36330
-0.36330
-0.36330
-0.36330
-0.36330
-0.36330
-0.36330
-0.36330
-0.36330
-0.36330
-0.36330
-0.36330
-0.36330
-0.36330
-0.36330
-0.36330
-0.36330
-0.36330
-0.36330
-0.36330
-0.36330
-0.36330
-0.36330
-0.36330
-0.36330
-0.36330
-0.36330
-0.36330
-0.36330
-0.36330
-0.36330
-0.36330
-0.36330
-0.36330
-0.36330
-0.36330
-0.36330
-0.36330
-0.36330
-0.36330
-0.36330
-0.36330
-0.36330
-0.36330
-0.36330
-0.36330
-0.36330
-0.36330
-0.36330
-0.36330
-0.36330
-0.36330
-0.36330
-0.36330
-0.36330
-0.36330
-0.35904
-0.35478
-0.35052
-0.34626
-0.34200
-0.33694
-0.33188
-0.32682
-0.32176
-0.31670
-0.31078
-0.30486
-0.29894
-0.29302
-0.28710
-0.28044
-0.27378
-0.26712
-0.26046
-0.25380
-0.24598
-0.23816
-0.23034
-0.22252
-0.21470
-0.20592
-0.19714
-0.18836
-0.17958
-0.17080
-0.16044
-0.15008
-0.13972
-0.12936
-0.11900
-0.10746
-0.09592
-0.08438
-0.07284
-0.06130
-0.04796
-0.03462
-0.02128
-0.00794
0.00540
0.02098
0.03656
0.05214
0.06772
0.08330
0.10132
0.11934
0.13736
0.15538
0.17340
0.19434
0.21528
0.23622
0.25716
0.27810
0.30194
0.32578
0.34962
0.37346
0.39730
0.42332
0.44934
0.47536
0.50138
0.52740
0.55546
0.58352
0.61158
0.63964
0.66770
0.69738
0.72706
0.75674
0.78642
0.81610
0.84694
0.87778
0.90862
0.93946
0.97030
1.00402
1.03774
1.07146
1.10518
1.13890
1.17308
1.20726
1.24144
1.27562
1.30980
1.34752
1.38524
1.42296
1.46068
1.49840
1.53626
1.57412
1.61198
1.64984
1.68770
1.72726
1.76682
1.80638
1.84594
1.88550
1.92502
1.96454
2.00406
2.04358
2.08310
2.12184
2.16058
2.19932
2.23806
2.27680
2.31362
2.35044
2.38726
2.42408
2.46090
2.49504
2.52918
2.56332
2.59746
2.63160
2.66250
2.69340
2.72430
2.75520
2.78610
2.81456
2.84302
2.87148
2.89994
2.92840
2.95544
2.98248
3.00952
3.03656
3.06360
3.09042
3.11724
3.14406
3.17088
3.19770
3.22442
3.25114
3.27786
3.30458
3.33130
3.35796
3.38462
3.41128
3.43794
3.46460
3.49050
3.51640
3.54230
3.56820
3.59410
3.61716
3.64022
3.66328
3.68634
3.70940
3.73064
3.75188
3.77312
3.79436
3.81560
3.83310
3.85060
3.86810
3.88560
3.90310
3.91804
3.93298
3.94792
3.96286
3.97780
3.99088
4.00396
4.01704
4.03012
4.04320
4.04320
4.04320
4.04320
4.04320
4.04320
4.04320
4.04320
4.04320
4.04320
-0.39030
-0.39030
-0.39030
-0.39030
-0.39030
-0.39030
-0.39030
-0.39030
-0.39030
-0.39030
-0.39030
-0.39030
-0.39030
-0.39030
-0.39030
-0.39030
-0.39030
-0.39030
-0.39030
-0.39030
-0.39030
-0.39030
-0.39030
-0.39030
-0.39030
-0.39030
-0.39030
-0.39030
-0.39030
-0.39030
-0.39030
-0.39030
-0.39030
-0.39030
-0.39030
-0.39030
-0.39030
-0.39030
-0.39030
-0.39030
-0.39030
-0.39030
-0.39030
-0.39030
-0.39030
-0.39030
-0.39030
-0.39030
-0.39030
-0.39030
-0.39030
-0.39030
-0.39030
-0.39030
-0.39030
-0.39030
-0.39030
-0.39030
-0.39030
-0.39030
-0.39030
-0.39030
-0.39030
-0.39030
-0.39030
-0.39030
-0.39030
-0.39030
-0.39030
-0.39030
-0.39030
-0.39030
-0.39030
-0.39030
-0.39030
-0.39030
-0.39030
-0.39030
-0.39030
-0.39030
-0.39030
-0.39030
-0.39030
-0.38847
-0.38481
-0.38115
-0.37749
-0.37383
-0.36978
-0.36534
-0.36090
-0.35646
-0.35202
-0.34714
-0.34182
-0.33650
-0.33118
-0.32586
-0.32013
-0.31399
-0.30785
-0.30171
-0.29557
-0.28884
-0.28152
-0.27420
-0.26688
-0.25956
-0.25173
-0.24339
-0.23505
-0.22671
-0.21837
-0.20920
-0.19920
-0.18920
-0.17920
-0.16920
-0.15853
-0.14719
-0.13585
-0.12451
-0.11317
-0.10090
-0.08770
-0.07450
-0.06130
-0.04810
-0.03377
-0.01831
-0.00285
0.01261
0.02807
0.04485
0.06295
0.08105
0.09915
0.11725
0.13678
0.15774
0.17870
0.19966
0.22062
0.24316
0.26728
0.29140
0.31552
0.33964
0.36502
0.39166
0.41830
0.44494
0.47158
0.49930
0.52810
0.55690
0.58570
0.61450
0.64441
0.67543
0.70645
0.73747
0.76849
0.79984
0.83152
0.86320
0.89488
0.92656
0.95977
0.99451
1.02925
1.06399
1.09873
1.13331
1.16773
1.20215
1.23657
1.27099
1.30696
1.34448
1.38200
1.41952
1.45704
1.49459
1.53217
1.56975
1.60733
1.64491
1.68302
1.72166
1.76030
1.79894
1.83758
1.87625
1.91495
1.95365
1.99235
2.03105
2.06913
2.10659
2.14405
2.18151
2.21897
2.25554
2.29122
2.32690
2.36258
2.39826
2.43255
2.46545
2.49835
2.53125
2.56415
2.59547
2.62521
2.65495
2.68469
2.71443
2.74302
2.77046
2.79790
2.82534
2.85278
2.87952
2.90556
2.93160
2.95764
2.98368
3.00976
3.03588
3.06200
3.08812
3.11424
3.14037
3.16651
3.19265
3.21879
3.24493
3.27117
3.29751
3.32385
3.35019
3.37653
3.40265
3.42855
3.45445
3.48035
3.50625
3.53096
3.55448
3.57800
3.60152
3.62504
3.64747
3.66881
3.69015
3.71149
3.73283
3.75258
3.77074
3.78890
3.80706
3.82522
3.84197
3.85731
3.87265
3.88799
3.90333
3.91800
3.93200
3.94600
3.96000
3.97400
3.98100
3.98100
3.98100
3.98100
3.98100
3.98100
3.98100
3.98100
-0.41220
-0.41220
-0.41220
-0.41220
-0.41220
-0.41220
-0.41220
-0.41220
-0.41220
-0.41220
-0.41220
-0.41220
-0.41220
-0.41220
-0.41220
-0.41220
-0.41220
-0.41220
-0.41220
-0.41220
-0.41220
-0.41220
-0.41220
-0.41220
-0.41220
-0.41220
-0.41220
-0.41220
-0.41220
-0.41220
-0.41220
-0.41220
-0.41220
-0.41220
-0.41220
-0.41220
-0.41220
-0.41220
-0.41220
-0.41220
-0.41220
-0.41220
-0.41220
-0.41220
-0.41220
-0.41220
-0.41220
-0.41220
-0.41220
-0.41220
-0.41220
-0.41220
-0.41220
-0.41220
-0.41220
-0.41220
-0.41220
-0.41220
-0.41220
-0.41220
-0.41220
-0.41220
-0.41220
-0.41220
-0.41220
-0.41220
-0.41220
-0.41220
-0.41220
-0.41220
-0.41220
-0.41220
-0.41220
-0.41220
-0.41220
-0.41220
-0.41220
-0.41220
-0.41220
-0.41220
-0.41220
-0.41220
-0.41220
-0.41220
-0.41220
-0.40918
-0.40616
-0.40314
-0.40012
-0.39710
-0.39340
-0.38970
-0.38600
-0.38230
-0.37860
-0.37398
-0.36936
-0.36474
-0.36012
-0.35550
-0.35004
-0.34458
-0.33912
-0.33366
-0.32820
-0.32156
-0.31492
-0.30828
-0.30164
-0.29500
-0.28718
-0.27936
-0.27154
-0.26372
-0.25590
-0.24648
-0.23706
-0.22764
-0.21822
-0.20880
-0.19778
-0.18676
-0.17574
-0.16472
-0.15370
-0.14090
-0.12810
-0.11530
-0.10250
-0.08970
-0.07462
-0.05954
-0.04446
-0.02938
-0.01430
0.00350
0.02130
0.03910
0.05690
0.07470
0.09534
0.11598
0.13662
0.15726
0.17790
0.20192
0.22594
0.24996
0.27398
0.29800
0.32496
0.35192
0.37888
0.40584
0.43280
0.46238
0.49196
0.52154
0.55112
0.58070
0.61290
0.64510
0.67730
0.70950
0.74170
0.77470
0.80770
0.84070
0.87370
0.90670
0.94228
0.97786
1.01344
1.04902
1.08460
1.11984
1.15508
1.19032
1.22556
1.26080
1.29808
1.33536
1.37264
1.40992
1.44720
1.48488
1.52256
1.56024
1.59792
1.63560
1.67350
1.71140
1.74930
1.78720
1.82510
1.86310
1.90110
1.93910
1.97710
2.01510
2.05152
2.08794
2.12436
2.16078
2.19720
2.23184
2.26648
2.30112
2.33576
2.37040
2.40218
2.43396
2.46574
2.49752
2.52930
2.55804
2.58678
2.61552
2.64426
2.67300
2.69956
2.72612
2.75268
2.77924
2.80580
2.83094
2.85608
2.88122
2.90636
2.93150
2.95706
2.98262
3.00818
3.03374
3.05930
3.08488
3.11046
3.13604
3.16162
3.18720
3.21330
3.23940
3.26550
3.29160
3.31770
3.34342
3.36914
3.39486
3.42058
3.44630
3.47040
3.49450
3.51860
3.54270
3.56680
3.58806
3.60932
3.63058
3.65184
3.67310
3.69186
3.71062
3.72938
3.74814
3.76690
3.78264
3.79838
3.81412
3.82986
3.84560
3.86056
3.87552
3.89048
3.90544
3.92040
3.92040
3.92040
3.92040
3.92040
3.92040
3.92040
-0.42940
-0.42940
-0.42940
-0.42940
-0.42940
-0.42940
-0.42940
-0.42940
-0.42940
-0.42940
-0.42940
-0.42940
-0.42940
-0.42940
-0.42940
-0.42940
-0.42940
-0.42940
-0.42940
-0.42940
-0.42940
-0.42940
-0.42940
-0.42940
-0.42940
-0.42940
-0.42940
-0.42940
-0.42940
-0.42940
-0.42940
-0.42940
-0.42940
-0.42940
-0.42940
-0.42940
-0.42940
-0.42940
-0.42940
-0.42940
-0.42940
-0.42940
-0.42940
-0.42940
-0.42940
-0.42940
-0.42940
-0.42940
-0.42940
-0.42940
-0.42940
-0.42940
-0.42940
-0.42940
-0.42940
-0.42940
-0.42940
-0.42940
-0.42940
-0.42940
-0.42940
-0.42940
-0.42940
-0.42940
-0.42940
-0.42940
-0.42940
-0.42940
-0.42940
-0.42940
-0.42940
-0.42940
-0.42940
-0.42940
-0.42940
-0.42940
-0.42940
-0.42940
-0.42940
-0.42940
-0.42940
-0.42940
-0.42940
-0.42940
-0.42940
-0.42940
-0.42820
-0.42580
-0.42340
-0.42100
-0.41860
-0.41593
-0.41299
-0.41005
-0.40711
-0.40417
-0.40078
-0.39694
-0.39310
-0.38926
-0.38542
-0.38115
-0.37645
-0.37175
-0.36705
-0.36235
-0.35706
-0.35118
-0.34530
-0.33942
-0.33354
-0.32702
-0.31986
-0.31270
-0.30554
-0.29838
-0.29047
-0.28181
-0.27315
-0.26449
-0.25583
-0.24621
-0.23563
-0.22505
-0.21447
-0.20389
-0.19251
-0.18033
-0.16815
-0.15597
-0.14379
-0.13043
-0.11589
-0.10135
-0.08681
-0.07227
-0.05640
-0.03920
-0.02200
-0.00480
0.01240
0.03106
0.05118
0.07130
0.09142
0.11154
0.13346
0.15718
0.18090
0.20462
0.22834
0.25372
0.28076
0.30780
0.33484
0.36188
0.39054
0.42082
0.45110
0.48138
0.51166
0.54341
0.57663
0.60985
0.64307
0.67629
0.71015
0.74465
0.77915
0.81365
0.84815
0.88356
0.91988
0.95620
0.99252
1.02884
1.06520
1.10160
1.13800
1.17440
1.21080
1.24757
1.28471
1.32185
1.35899
1.39613
1.43369
1.47167
1.50965
1.54763
1.58561
1.62328
1.66064
1.69800
1.73536
1.77272
1.81010
1.84750
1.88490
1.92230
1.95970
1.99617
2.03171
2.06725
2.10279
2.13833
2.17295
2.20665
2.24035
2.27405
2.30775
2.33998
2.37074
2.40150
2.43226
2.46302
2.49232
2.52016
2.54800
2.57584
2.60368
2.63048
2.65624
2.68200
2.70776
2.73352
2.75859
2.78297
2.80735
2.83173
2.85611
2.88082
2.90586
2.93090
2.95594
2.98098
3.00605
3.03115
3.05625
3.08135
3.10645
3.13194
3.15782
3.18370
3.20958
3.23546
3.26114
3.28662
3.31210
3.33758
3.36306
3.38812
3.41276
3.43740
3.46204
3.48668
3.50955
3.53065
3.55175
3.57285
3.59395
3.61415
3.63345
3.65275
3.67205
3.69135
3.70909
3.72527
3.74145
3.75763
3.77381
3.78984
3.80572
3.82160
3.83748
3.85336
3.86130
3.86130
3.86130
3.86130
3.86130
-0.44210
-0.44210
-0.44210
-0.44210
-0.44210
-0.44210
-0.44210
-0.44210
-0.44210
-0.44210
-0.44210
-0.44210
-0.44210
-0.44210
-0.44210
-0.44210
-0.44210
-0.44210
-0.44210
-0.44210
-0.44210
-0.44210
-0.44210
-0.44210
-0.44210
-0.44210
-0.44210
-0.44210
-0.44210
-0.44210
-0.44210
-0.44210
-0.44210
-0.44210
-0.44210
-0.44210
-0.44210
-0.44210
-0.44210
-0.44210
-0.44210
-0.44210
-0.44210
-0.44210
-0.44210
-0.44210
-0.44210
-0.44210
-0.44210
-0.44210
-0.44210
-0.44210
-0.44210
-0.44210
-0.44210
-0.44210
-0.44210
-0.44210
-0.44210
-0.44210
-0.44210
-0.44210
-0.44210
-0.44210
-0.44210
-0.44210
-0.44210
-0.44210
-0.44210
-0.44210
-0.44210
-0.44210
-0.44210
-0.44210
-0.44210
-0.44210
-0.44210
-0.44210
-0.44210
-0.44210
-0.44210
-0.44210
-0.44210
-0.44210
-0.44210
-0.44210
-0.44210
-0.44210
-0.44030
-0.43850
-0.43670
-0.43490
-0.43310
-0.43086
-0.42862
-0.42638
-0.42414
-0.42190
-0.41884
-0.41578
-0.41272
-0.40966
-0.40660
-0.40268
-0.39876
-0.39484
-0.39092
-0.38700
-0.38198
-0.37696
-0.37194
-0.36692
-0.36190
-0.35550
-0.34910
-0.34270
-0.33630
-0.32990
-0.32210
-0.31430
-0.30650
-0.29870
-0.29090
-0.28094
-0.27098
-0.26102
-0.25106
-0.24110
-0.22966
-0.21822
-0.20678
-0.19534
-0.18390
-0.17004
-0.15618
-0.14232
-0.12846
-0.11460
-0.09810
-0.08160
-0.06510
-0.04860
-0.03210
-0.01254
0.00702
0.02658
0.04614
0.06570
0.08898
0.11226
0.13554
0.15882
0.18210
0.20912
0.23614
0.26316
0.29018
0.31720
0.34802
0.37884
0.40966
0.44048
0.47130
0.50530
0.53930
0.57330
0.60730
0.64130
0.67718
0.71306
0.74894
0.78482
0.82070
0.85776
0.89482
0.93188
0.96894
1.00600
1.04362
1.08124
1.11886
1.15648
1.19410
1.23136
1.26862
1.30588
1.34314
1.38040
1.41872
1.45704
1.49536
1.53368
1.57200
1.60900
1.64600
1.68300
1.72000
1.75700
1.79384
1.83068
1.86752
1.90436
1.94120
1.97602
2.01084
2.04566
2.08048
2.11530
2.14812
2.18094
2.21376
2.24658
2.27940
2.30922
2.33904
2.36886
2.39868
2.42850
2.45552
2.48254
2.50956
2.53658
2.56360
2.58858
2.61356
2.63854
2.66352
2.68850
2.71228
2.73606
2.75984
2.78362
2.80740
2.83186
2.85632
2.88078
2.90524
2.92970
2.95448
2.97926
3.00404
3.02882
3.05360
3.07922
3.10484
3.13046
3.15608
3.18170
3.20698
3.23226
3.25754
3.28282
3.30810
3.33308
3.35806
3.38304
3.40802
3.43300
3.45402
3.47504
3.49606
3.51708
3.53810
3.55778
3.57746
3.59714
3.61682
3.63650
3.65316
3.66982
3.68648
3.70314
3.71980
3.73662
3.75344
3.77026
3.78708
3.80390
3.80390
3.80390
3.80390
-0.45070
-0.45070
-0.45070
-0.45070
-0.45070
-0.45070
-0.45070
-0.45070
-0.45070
-0.45070
-0.45070
-0.45070
-0.45070
-0.45070
-0.45070
-0.45070
-0.45070
-0.45070
-0.45070
-0.45070
-0.45070
-0.45070
-0.45070
-0.45070
-0.45070
-0.45070
-0.45070
-0.45070
-0.45070
-0.45070
-0.45070
-0.45070
-0.45070
-0.45070
-0.45070
-0.45070
-0.45070
-0.45070
-0.45070
-0.45070
-0.45070
-0.45070
-0.45070
-0.45070
-0.45070
-0.45070
-0.45070
-0.45070
-0.45070
-0.45070
-0.45070
-0.45070
-0.45070
-0.45070
-0.45070
-0.45070
-0.45070
-0.45070
-0.45070
-0.45070
-0.45070
-0.45070
-0.45070
-0.45070
-0.45070
-0.45070
-0.45070
-0.45070
-0.45070
-0.45070
-0.45070
-0.45070
-0.45070
-0.45070
-0.45070
-0.45070
-0.45070
-0.45070
-0.45070
-0.45070
-0.45070
-0.45070
-0.45070
-0.45070
-0.45070
-0.45070
-0.45070
-0.45070
-0.45070
-0.45005
-0.44875
-0.44745
-0.44615
-0.44485
-0.44337
-0.44171
-0.44005
-0.43839
-0.43673
-0.43472
-0.43236
-0.43000
-0.42764
-0.42528
-0.42252
-0.41936
-0.41620
-0.41304
-0.40988
-0.40623
-0.40209
-0.39795
-0.39381
-0.38967
-0.38485
-0.37935
-0.37385
-0.36835
-0.36285
-0.35667
-0.34981
-0.34295
-0.33609
-0.32923
-0.32125
-0.31215
-0.30305
-0.29395
-0.28485
-0.27497
-0.26431
-0.25365
-0.24299
-0.23233
-0.22043
-0.20729
-0.19415
-0.18101
-0.16787
-0.15336
-0.13748
-0.12160
-0.10572
-0.08984
-0.07238
-0.05334
-0.03430
-0.01526
0.00378
0.02476
0.04768
0.07060
0.09352
0.11644
0.14136
0.16828
0.19520
0.22212
0.24904
0.27804
0.30912
0.34020
0.37128
0.40236
0.43515
0.46965
0.50415
0.53865
0.57315
0.60885
0.64575
0.68265
0.71955
0.75645
0.79382
0.83166
0.86950
0.90734
0.94518
0.98344
1.02212
1.06080
1.09948
1.13816
1.17638
1.21414
1.25190
1.28966
1.32742
1.36557
1.40411
1.44265
1.48119
1.51973
1.55744
1.59432
1.63120
1.66808
1.70496
1.74151
1.77773
1.81395
1.85017
1.88639
1.92160
1.95580
1.99000
2.02420
2.05840
2.09149
2.12347
2.15545
2.18743
2.21941
2.24987
2.27881
2.30775
2.33669
2.36563
2.39321
2.41943
2.44565
2.47187
2.49809
2.52330
2.54750
2.57170
2.59590
2.62010
2.64386
2.66718
2.69050
2.71382
2.73714
2.76070
2.78450
2.80830
2.83210
2.85590
2.88010
2.90470
2.92930
2.95390
2.97850
3.00345
3.02875
3.05405
3.07935
3.10465
3.12990
3.15510
3.18030
3.20550
3.23070
3.25580
3.28080
3.30580
3.33080
3.35580
3.37890
3.40010
3.42130
3.44250
3.46370
3.48421
3.50403
3.52385
3.54367
3.56349
3.58201
3.59923
3.61645
3.63367
3.65089
3.66836
3.68608
3.70380
3.72152
3.73924
3.74810
3.74810
-0.45600
-0.45600
-0.45600
-0.45600
-0.45600
-0.45600
-0.45600
-0.45600
-0.45600
-0.45600
-0.45600
-0.45600
-0.45600
-0.45600
-0.45600
-0.45600
-0.45600
-0.45600
-0.45600
-0.45600
-0.45600
-0.45600
-0.45600
-0.45600
-0.45600
-0.45600
-0.45600
-0.45600
-0.45600
-0.45600
-0.45600
-0.45600
-0.45600
-0.45600
-0.45600
-0.45600
-0.45600
-0.45600
-0.45600
-0.45600
-0.45600
-0.45600
-0.45600
-0.45600
-0.45600
-0.45600
-0.45600
-0.45600
-0.45600
-0.45600
-0.45600
-0.45600
-0.45600
-0.45600
-0.45600
-0.45600
-0.45600
-0.45600
-0.45600
-0.45600
-0.45600
-0.45600
-0.45600
-0.45600
-0.45600
-0.45600
-0.45600
-0.45600
-0.45600
-0.45600
-0.45600
-0.45600
-0.45600
-0.45600
-0.45600
-0.45600
-0.45600
-0.45600
-0.45600
-0.45600
-0.45600
-0.45600
-0.45600
-0.45600
-0.45600
-0.45600
-0.45600
-0.45600
-0.45600
-0.45600
-0.45600
-0.45506
-0.45412
-0.45318
-0.45224
-0.45130
-0.45008
-0.44886
-0.44764
-0.44642
-0.44520
-0.44344
-0.44168
-0.43992
-0.43816
-0.43640
-0.43394
-0.43148
-0.42902
-0.42656
-0.42410
-0.42082
-0.41754
-0.41426
-0.41098
-0.40770
-0.40316
-0.39862
-0.39408
-0.38954
-0.38500
-0.37908
-0.37316
-0.36724
-0.36132
-0.35540
-0.34738
-0.33936
-0.33134
-0.32332
-0.31530
-0.30542
-0.29554
-0.28566
-0.27578
-0.26590
-0.25356
-0.24122
-0.22888
-0.21654
-0.20420
-0.18884
-0.17348
-0.15812
-0.14276
-0.12740
-0.10882
-0.09024
-0.07166
-0.05308
-0.03450
-0.01190
0.01070
0.03330
0.05590
0.07850
0.10530
0.13210
0.15890
0.18570
0.21250
0.24358
0.27466
0.30574
0.33682
0.36790
0.40270
0.43750
0.47230
0.50710
0.54190
0.57940
0.61690
0.65440
0.69190
0.72940
0.76812
0.80684
0.84556
0.88428
0.92300
0.96252
1.00204
1.04156
1.08108
1.12060
1.15920
1.19780
1.23640
1.27500
1.31360
1.35220
1.39080
1.42940
1.46800
1.50660
1.54350
1.58040
1.61730
1.65420
1.69110
1.72668
1.76226
1.79784
1.83342
1.86900
1.90266
1.93632
1.96998
2.00364
2.03730
2.06846
2.09962
2.13078
2.16194
2.19310
2.22122
2.24934
2.27746
2.30558
2.33370
2.35912
2.38454
2.40996
2.43538
2.46080
2.48422
2.50764
2.53106
2.55448
2.57790
2.60086
2.62382
2.64678
2.66974
2.69270
2.71578
2.73886
2.76194
2.78502
2.80810
2.83266
2.85722
2.88178
2.90634
2.93090
2.95578
2.98066
3.00554
3.03042
3.05530
3.08056
3.10582
3.13108
3.15634
3.18160
3.20624
3.23088
3.25552
3.28016
3.30480
3.32640
3.34800
3.36960
3.39120
3.41280
3.43262
3.45244
3.47226
3.49208
3.51190
3.52978
3.54766
3.56554
3.58342
3.60130
3.61986
3.63842
3.65698
3.67554
3.69410
-0.45890
-0.45890
-0.45890
-0.45890
-0.45890
-0.45890
-0.45890
-0.45890
-0.45890
-0.45890
-0.45890
-0.45890
-0.45890
-0.45890
-0.45890
-0.45890
-0.45890
-0.45890
-0.45890
-0.45890
-0.45890
-0.45890
-0.45890
-0.45890
-0.45890
-0.45890
-0.45890
-0.45890
-0.45890
-0.45890
-0.45890
-0.45890
-0.45890
-0.45890
-0.45890
-0.45890
-0.45890
-0.45890
-0.45890
-0.45890
-0.45890
-0.45890
-0.45890
-0.45890
-0.45890
-0.45890
-0.45890
-0.45890
-0.45890
-0.45890
-0.45890
-0.45890
-0.45890
-0.45890
-0.45890
-0.45890
-0.45890
-0.45890
-0.45890
-0.45890
-0.45890
-0.45890
-0.45890
-0.45890
-0.45890
-0.45890
-0.45890
-0.45890
-0.45890
-0.45890
-0.45890
-0.45890
-0.45890
-0.45890
-0.45890
-0.45890
-0.45890
-0.45890
-0.45890
-0.45890
-0.45890
-0.45890
-0.45890
-0.45890
-0.45890
-0.45890
-0.45890
-0.45890
-0.45890
-0.45890
-0.45890
-0.45890
-0.45857
-0.45791
-0.45725
-0.45659
-0.45593
-0.45515
-0.45425
-0.45335
-0.45245
-0.45155
-0.45046
-0.44918
-0.44790
-0.44662
-0.44534
-0.44377
-0.44191
-0.44005
-0.43819
-0.43633
-0.43415
-0.43165
-0.42915
-0.42665
-0.42415
-0.42109
-0.41747
-0.41385
-0.41023
-0.40661
-0.40231
-0.39733
-0.39235
-0.38737
-0.38239
-0.37645
-0.36955
-0.36265
-0.35575
-0.34885
-0.34089
-0.33187
-0.32285
-0.31383
-0.30481
-0.29457
-0.28311
-0.27165
-0.26019
-0.24873
-0.23564
-0.22092
-0.20620
-0.19148
-0.17676
-0.16036
-0.14228
-0.12420
-0.10612
-0.08804
-0.06791
-0.04573
-0.02355
-0.00137
0.02081
0.04520
0.07180
0.09840
0.12500
0.15160
0.18040
0.21140
0.24240
0.27340
0.30440
0.33743
0.37249
0.40755
0.44261
0.47767
0.51419
0.55217
0.59015
0.62813
0.66611
0.70492
0.74456
0.78420
0.82384
0.86348
0.90342
0.94366
0.98390
1.02414
1.06438
1.10426
1.14378
1.18330
1.22282
1.26234
1.30141
1.34003
1.37865
1.41727
1.45589
1.49369
1.53067
1.56765
1.60463
1.64161
1.67759
1.71257
1.74755
1.78253
1.81751
1.85156
1.88468
1.91780
1.95092
1.98404
2.01579
2.04617
2.07655
2.10693
2.13731
2.16616
2.19348
2.22080
2.24812
2.27544
2.30142
2.32606
2.35070
2.37534
2.39998
2.42365
2.44635
2.46905
2.49175
2.51445
2.53710
2.55970
2.58230
2.60490
2.62750
2.65001
2.67243
2.69485
2.71727
2.73969
2.76316
2.78768
2.81220
2.83672
2.86124
2.88577
2.91031
2.93485
2.95939
2.98393
3.00886
3.03418
3.05950
3.08482
3.11014
3.13486
3.15898
3.18310
3.20722
3.23134
3.25442
3.27646
3.29850
3.32054
3.34258
3.36347
3.38321
3.40295
3.42269
3.44243
3.46160
3.48020
3.49880
3.51740
3.53600
3.55500
3.57440
3.59380
3.61320
-0.46060
-0.46060
-0.46060
-0.46060
-0.46060
-0.46060
-0.46060
-0.46060
-0.46060
-0.46060
-0.46060
-0.46060
-0.46060
-0.46060
-0.46060
-0.46060
-0.46060
-0.46060
-0.46060
-0.46060
-0.46060
-0.46060
-0.46060
-0.46060
-0.46060
-0.46060
-0.46060
-0.46060
-0.46060
-0.46060
-0.46060
-0.46060
-0.46060
-0.46060
-0.46060
-0.46060
-0.46060
-0.46060
-0.46060
-0.46060
-0.46060
-0.46060
-0.46060
-0.46060
-0.46060
-0.46060
-0.46060
-0.46060
-0.46060
-0.46060
-0.46060
-0.46060
-0.46060
-0.46060
-0.46060
-0.46060
-0.46060
-0.46060
-0.46060
-0.46060
-0.46060
-0.46060
-0.46060
-0.46060
-0.46060
-0.46060
-0.46060
-0.46060
-0.46060
-0.46060
-0.46060
-0.46060
-0.46060
-0.46060
-0.46060
-0.46060
-0.46060
-0.46060
-0.46060
-0.46060
-0.46060
-0.46060
-0.46060
-0.46060
-0.46060
-0.46060
-0.46060
-0.46060
-0.46060
-0.46060
-0.46060
-0.46060
-0.46060
-0.46060
-0.46014
-0.45968
-0.45922
-0.45876
-0.45830
-0.45762
-0.45694
-0.45626
-0.45558
-0.45490
-0.45398
-0.45306
-0.45214
-0.45122
-0.45030
-0.44890
-0.44750
-0.44610
-0.44470
-0.44330
-0.44142
-0.43954
-0.43766
-0.43578
-0.43390
-0.43108
-0.42826
-0.42544
-0.42262
-0.41980
-0.41566
-0.41152
-0.40738
-0.40324
-0.39910
-0.39330
-0.38750
-0.38170
-0.37590
-0.37010
-0.36202
-0.35394
-0.34586
-0.33778
-0.32970
-0.31926
-0.30882
-0.29838
-0.28794
-0.27750
-0.26368
-0.24986
-0.23604
-0.22222
-0.20840
-0.19110
-0.17380
-0.15650
-0.13920
-0.12190
-0.10030
-0.07870
-0.05710
-0.03550
-0.01390
0.01240
0.03870
0.06500
0.09130
0.11760
0.14856
0.17952
0.21048
0.24144
0.27240
0.30786
0.34332
0.37878
0.41424
0.44970
0.48830
0.52690
0.56550
0.60410
0.64270
0.68324
0.72378
0.76432
0.80486
0.84540
0.88636
0.92732
0.96828
1.00924
1.05020
1.09052
1.13084
1.17116
1.21148
1.25180
1.29054
1.32928
1.36802
1.40676
1.44550
1.48246
1.51942
1.55638
1.59334
1.63030
1.66478
1.69926
1.73374
1.76822
1.80270
1.83526
1.86782
1.90038
1.93294
1.96550
1.99508
2.02466
2.05424
2.08382
2.11340
2.13998
2.16656
2.19314
2.21972
2.24630
2.27020
2.29410
2.31800
2.34190
2.36580
2.38786
2.40992
2.43198
2.45404
2.47610
2.49832
2.52054
2.54276
2.56498
2.58720
2.60914
2.63108
2.65302
2.67496
2.69690
2.72122
2.74554
2.76986
2.79418
2.81850
2.84282
2.86714
2.89146
2.91578
2.94010
2.96540
2.99070
3.01600
3.04130
3.06660
3.09024
3.11388
3.13752
3.16116
3.18480
3.20708
3.22936
3.25164
3.27392
3.29620
3.31594
3.33568
3.35542
3.37516
3.39490
3.41430
3.43370
3.45310
3.47250
3.49190
3.51216
3.53242
-0.46190
-0.46190
-0.46190
-0.46190
-0.46190
-0.46190
-0.46190
-0.46190
-0.46190
-0.46190
-0.46190
-0.46190
-0.46190
-0.46190
-0.46190
-0.46190
-0.46190
-0.46190
-0.46190
-0.46190
-0.46190
-0.46190
-0.46190
-0.46190
-0.46190
-0.46190
-0.46190
-0.46190
-0.46190
-0.46190
-0.46190
-0.46190
-0.46190
-0.46190
-0.46190
-0.46190
-0.46190
-0.46190
-0.46190
-0.46190
-0.46190
-0.46190
-0.46190
-0.46190
-0.46190
-0.46190
-0.46190
-0.46190
-0.46190
-0.46190
-0.46190
-0.46190
-0.46190
-0.46190
-0.46190
-0.46190
-0.46190
-0.46190
-0.46190
-0.46190
-0.46190
-0.46190
-0.46190
-0.46190
-0.46190
-0.46190
-0.46190
-0.46190
-0.46190
-0.46190
-0.46190
-0.46190
-0.46190
-0.46190
-0.46190
-0.46190
-0.46190
-0.46190
-0.46190
-0.46190
-0.46190
-0.46190
-0.46190
-0.46190
-0.46190
-0.46190
-0.46190
-0.46190
-0.46190
-0.46190
-0.46190
-0.46190
-0.46190
-0.46190
-0.46190
-0.46173
-0.46139
-0.46105
-0.46071
-0.46037
-0.45993
-0.45939
-0.45885
-0.45831
-0.45777
-0.45716
-0.45648
-0.45580
-0.45512
-0.45444
-0.45358
-0.45254
-0.45150
-0.45046
-0.44942
-0.44818
-0.44674
-0.44530
-0.44386
-0.44242
-0.44058
-0.43834
-0.43610
-0.43386
-0.43162
-0.42878
-0.42534
-0.42190
-0.41846
-0.41502
-0.41089
-0.40607
-0.40125
-0.39643
-0.39161
-0.38570
-0.37870
-0.37170
-0.36470
-0.35770
-0.34956
-0.34028
-0.33100
-0.32172
-0.31244
-0.30148
-0.28884
-0.27620
-0.26356
-0.25092
-0.23649
-0.22027
-0.20405
-0.18783
-0.17161
-0.15314
-0.13242
-0.11170
-0.09098
-0.07026
-0.04697
-0.02111
0.00475
0.03061
0.05647
0.08493
0.11599
0.14705
0.17811
0.20917
0.24267
0.27861
0.31455
0.35049
0.38643
0.42415
0.46365
0.50315
0.54265
0.58215
0.62260
0.66400
0.70540
0.74680
0.78820
0.82980
0.87160
0.91340
0.95520
0.99700
1.03832
1.07916
1.12000
1.16084
1.20168
1.24161
1.28063
1.31965
1.35867
1.39769
1.43563
1.47249
1.50935
1.54621
1.58307
1.61855
1.65265
1.68675
1.72085
1.75495
1.78798
1.81994
1.85190
1.88386
1.91582
1.94619
1.97497
2.00375
2.03253
2.06131
2.08865
2.11455
2.14045
2.16635
2.19225
2.21682
2.24006
2.26330
2.28654
2.30978
2.33215
2.35365
2.37515
2.39665
2.41815
2.43978
2.46154
2.48330
2.50506
2.52682
2.54856
2.57028
2.59200
2.61372
2.63544
2.65826
2.68218
2.70610
2.73002
2.75394
2.77805
2.80235
2.82665
2.85095
2.87525
2.89994
2.92502
2.95010
2.97518
3.00026
3.02444
3.04772
3.07100
3.09428
3.11756
3.14035
3.16265
3.18495
3.20725
3.22955
3.25060
3.27040
3.29020
3.31000
3.32980
3.34985
3.37015
3.39045
3.41075
3.43105
3.45177
-0.46290
-0.46290
-0.46290
-0.46290
-0.46290
-0.46290
-0.46290
-0.46290
-0.46290
-0.46290
-0.46290
-0.46290
-0.46290
-0.46290
-0.46290
-0.46290
-0.46290
-0.46290
-0.46290
-0.46290
-0.46290
-0.46290
-0.46290
-0.46290
-0.46290
-0.46290
-0.46290
-0.46290
-0.46290
-0.46290
-0.46290
-0.46290
-0.46290
-0.46290
-0.46290
-0.46290
-0.46290
-0.46290
-0.46290
-0.46290
-0.46290
-0.46290
-0.46290
-0.46290
-0.46290
-0.46290
-0.46290
-0.46290
-0.46290
-0.46290
-0.46290
-0.46290
-0.46290
-0.46290
-0.46290
-0.46290
-0.46290
-0.46290
-0.46290
-0.46290
-0.46290
-0.46290
-0.46290
-0.46290
-0.46290
-0.46290
-0.46290
-0.46290
-0.46290
-0.46290
-0.46290
-0.46290
-0.46290
-0.46290
-0.46290
-0.46290
-0.46290
-0.46290
-0.46290
-0.46290
-0.46290
-0.46290
-0.46290
-0.46290
-0.46290
-0.46290
-0.46290
-0.46290
-0.46290
-0.46290
-0.46290
-0.46290
-0.46290
-0.46290
-0.46290
-0.46290
-0.46290
-0.46262
-0.46234
-0.46206
-0.46178
-0.46150
-0.46106
-0.46062
-0.46018
-0.45974
-0.45930
-0.45876
-0.45822
-0.45768
-0.45714
-0.45660
-0.45578
-0.45496
-0.45414
-0.45332
-0.45250
-0.45134
-0.45018
-0.44902
-0.44786
-0.44670
-0.44492
-0.44314
-0.44136
-0.43958
-0.43780
-0.43494
-0.43208
-0.42922
-0.42636
-0.42350
-0.41954
-0.41558
-0.41162
-0.40766
-0.40370
-0.39778
-0.39186
-0.38594
-0.38002
-0.37410
-0.36602
-0.35794
-0.34986
-0.34178
-0.33370
-0.32250
-0.31130
-0.30010
-0.28890
-0.27770
-0.26278
-0.24786
-0.23294
-0.21802
-0.20310
-0.18346
-0.16382
-0.14418
-0.12454
-0.10490
-0.07968
-0.05446
-0.02924
-0.00402
0.02120
0.05226
0.08332
0.11438
0.14544
0.17650
0.21292
0.24934
0.28576
0.32218
0.35860
0.39908
0.43956
0.48004
0.52052
0.56100
0.60322
0.64544
0.68766
0.72988
0.77210
0.81484
0.85758
0.90032
0.94306
0.98580
1.02708
1.06836
1.10964
1.15092
1.19220
1.23162
1.27104
1.31046
1.34988
1.38930
1.42608
1.46286
1.49964
1.53642
1.57320
1.60704
1.64088
1.67472
1.70856
1.74240
1.77376
1.80512
1.83648
1.86784
1.89920
1.92726
1.95532
1.98338
2.01144
2.03950
2.06476
2.09002
2.11528
2.14054
2.16580
2.18844
2.21108
2.23372
2.25636
2.27900
2.30008
2.32116
2.34224
2.36332
2.38440
2.40566
2.42692
2.44818
2.46944
2.49070
2.51238
2.53406
2.55574
2.57742
2.59910
2.62248
2.64586
2.66924
2.69262
2.71600
2.74038
2.76476
2.78914
2.81352
2.83790
2.86260
2.88730
2.91200
2.93670
2.96140
2.98442
3.00744
3.03046
3.05348
3.07650
3.09862
3.12074
3.14286
3.16498
3.18710
3.20708
3.22706
3.24704
3.26702
3.28700
3.30822
3.32944
3.35066
3.37188
-0.46370
-0.46370
-0.46370
-0.46370
-0.46370
-0.46370
-0.46370
-0.46370
-0.46370
-0.46370
-0.46370
-0.46370
-0.46370
-0.46370
-0.46370
-0.46370
-0.46370
-0.46370
-0.46370
-0.46370
-0.46370
-0.46370
-0.46370
-0.46370
-0.46370
-0.46370
-0.46370
-0.46370
-0.46370
-0.46370
-0.46370
-0.46370
-0.46370
-0.46370
-0.46370
-0.46370
-0.46370
-0.46370
-0.46370
-0.46370
-0.46370
-0.46370
-0.46370
-0.46370
-0.46370
-0.46370
-0.46370
-0.46370
-0.46370
-0.46370
-0.46370
-0.46370
-0.46370
-0.46370
-0.46370
-0.46370
-0.46370
-0.46370
-0.46370
-0.46370
-0.46370
-0.46370
-0.46370
-0.46370
-0.46370
-0.46370
-0.46370
-0.46370
-0.46370
-0.46370
-0.46370
-0.46370
-0.46370
-0.46370
-0.46370
-0.46370
-0.46370
-0.46370
-0.46370
-0.46370
-0.46370
-0.46370
-0.46370
-0.46370
-0.46370
-0.46370
-0.46370
-0.46370
-0.46370
-0.46370
-0.46370
-0.46370
-0.46370
-0.46370
-0.46370
-0.46370
-0.46370
-0.46370
-0.46357
-0.46331
-0.46305
-0.46279
-0.46253
-0.46221
-0.46183
-0.46145
-0.46107
-0.46069
-0.46027
-0.45981
-0.45935
-0.45889
-0.45843
-0.45786
-0.45718
-0.45650
-0.45582
-0.45514
-0.45431
-0.45333
-0.45235
-0.45137
-0.45039
-0.44915
-0.44765
-0.44615
-0.44465
-0.44315
-0.44122
-0.43886
-0.43650
-0.43414
-0.43178
-0.42897
-0.42571
-0.42245
-0.41919
-0.41593
-0.41186
-0.40698
-0.40210
-0.39722
-0.39234
-0.38646
-0.37958
-0.37270
-0.36582
-0.35894
-0.35063
-0.34089
-0.33115
-0.32141
-0.31167
-0.30005
-0.28655
-0.27305
-0.25955
-0.24605
-0.23013
-0.21179
-0.19345
-0.17511
-0.15677
-0.13544
-0.11112
-0.08680
-0.06248
-0.03816
-0.01059
0.02023
0.05105
0.08187
0.11269
0.14643
0.18309
0.21975
0.25641
0.29307
0.33206
0.37338
0.41470
0.45602
0.49734
0.53952
0.58256
0.62560
0.66864
0.71168
0.75507
0.79881
0.84255
0.88629
0.93003
0.97282
1.01466
1.05650
1.09834
1.14018
1.18107
1.22101
1.26095
1.30089
1.34083
1.37921
1.41603
1.45285
1.48967
1.52649
1.56174
1.59542
1.62910
1.66278
1.69646
1.72870
1.75950
1.79030
1.82110
1.85190
1.88102
1.90846
1.93590
1.96334
1.99078
2.01684
2.04152
2.06620
2.09088
2.11556
2.13897
2.16111
2.18325
2.20539
2.22753
2.24898
2.26974
2.29050
2.31126
2.33202
2.35279
2.37357
2.39435
2.41513
2.43591
2.45718
2.47894
2.50070
2.52246
2.54422
2.56651
2.58933
2.61215
2.63497
2.65779
2.68141
2.70583
2.73025
2.75467
2.77909
2.80343
2.82769
2.85195
2.87621
2.90047
2.92399
2.94677
2.96955
2.99233
3.01511
3.03742
3.05926
3.08110
3.10294
3.12478
3.14582
3.16606
3.18630
3.20654
3.22678
3.24793
3.26999
3.29205
-0.46440
-0.46440
-0.46440
-0.46440
-0.46440
-0.46440
-0.46440
-0.46440
-0.46440
-0.46440
-0.46440
-0.46440
-0.46440
-0.46440
-0.46440
-0.46440
-0.46440
-0.46440
-0.46440
-0.46440
-0.46440
-0.46440
-0.46440
-0.46440
-0.46440
-0.46440
-0.46440
-0.46440
-0.46440
-0.46440
-0.46440
-0.46440
-0.46440
-0.46440
-0.46440
-0.46440
-0.46440
-0.46440
-0.46440
-0.46440
-0.46440
-0.46440
-0.46440
-0.46440
-0.46440
-0.46440
-0.46440
-0.46440
-0.46440
-0.46440
-0.46440
-0.46440
-0.46440
-0.46440
-0.46440
-0.46440
-0.46440
-0.46440
-0.46440
-0.46440
-0.46440
-0.46440
-0.46440
-0.46440
-0.46440
-0.46440
-0.46440
-0.46440
-0.46440
-0.46440
-0.46440
-0.46440
-0.46440
-0.46440
-0.46440
-0.46440
-0.46440
-0.46440
-0.46440
-0.46440
-0.46440
-0.46440
-0.46440
-0.46440
-0.46440
-0.46440
-0.46440
-0.46440
-0.46440
-0.46440
-0.46440
-0.46440
-0.46440
-0.46440
-0.46440
-0.46440
-0.46440
-0.46440
-0.46440
-0.46440
-0.46414
-0.46388
-0.46362
-0.46336
-0.46310
-0.46278
-0.46246
-0.46214
-0.46182
-0.46150
-0.46106
-0.46062
-0.46018
-0.45974
-0.45930
-0.45870
-0.45810
-0.45750
-0.45690
-0.45630
-0.45540
-0.45450
-0.45360
-0.45270
-0.45180
-0.45050
-0.44920
-0.44790
-0.44660
-0.44530
-0.44334
-0.44138
-0.43942
-0.43746
-0.43550
-0.43280
-0.43010
-0.42740
-0.42470
-0.42200
-0.41804
-0.41408
-0.41012
-0.40616
-0.40220
-0.39640
-0.39060
-0.38480
-0.37900
-0.37320
-0.36484
-0.35648
-0.34812
-0.33976
-0.33140
-0.31936
-0.30732
-0.29528
-0.28324
-0.27120
-0.25430
-0.23740
-0.22050
-0.20360
-0.18670
-0.16360
-0.14050
-0.11740
-0.09430
-0.07120
-0.04108
-0.01096
0.01916
0.04928
0.07940
0.11592
0.15244
0.18896
0.22548
0.26200
0.30384
0.34568
0.38752
0.42936
0.47120
0.51504
0.55888
0.60272
0.64656
0.69040
0.73520
0.78000
0.82480
0.86960
0.91440
0.95708
0.99976
1.04244
1.08512
1.12780
1.16836
1.20892
1.24948
1.29004
1.33060
1.36766
1.40472
1.44178
1.47884
1.51590
1.54948
1.58306
1.61664
1.65022
1.68380
1.71422
1.74464
1.77506
1.80548
1.83590
1.86284
1.88978
1.91672
1.94366
1.97060
1.99482
2.01904
2.04326
2.06748
2.09170
2.11340
2.13510
2.15680
2.17850
2.20020
2.22072
2.24124
2.26176
2.28228
2.30280
2.32320
2.34360
2.36400
2.38440
2.40480
2.42668
2.44856
2.47044
2.49232
2.51420
2.53652
2.55884
2.58116
2.60348
2.62580
2.65016
2.67452
2.69888
2.72324
2.74760
2.77134
2.79508
2.81882
2.84256
2.86630
2.88882
2.91134
2.93386
2.95638
2.97890
3.00048
3.02206
3.04364
3.06522
3.08680
3.10734
3.12788
3.14842
3.16896
3.18950
3.21228
-0.46510
-0.46510
-0.46510
-0.46510
-0.46510
-0.46510
-0.46510
-0.46510
-0.46510
-0.46510
-0.46510
-0.46510
-0.46510
-0.46510
-0.46510
-0.46510
-0.46510
-0.46510
-0.46510
-0.46510
-0.46510
-0.46510
-0.46510
-0.46510
-0.46510
-0.46510
-0.46510
-0.46510
-0.46510
-0.46510
-0.46510
-0.46510
-0.46510
-0.46510
-0.46510
-0.46510
-0.46510
-0.46510
-0.46510
-0.46510
-0.46510
-0.46510
-0.46510
-0.46510
-0.46510
-0.46510
-0.46510
-0.46510
-0.46510
-0.46510
-0.46510
-0.46510
-0.46510
-0.46510
-0.46510
-0.46510
-0.46510
-0.46510
-0.46510
-0.46510
-0.46510
-0.46510
-0.46510
-0.46510
-0.46510
-0.46510
-0.46510
-0.46510
-0.46510
-0.46510
-0.46510
-0.46510
-0.46510
-0.46510
-0.46510
-0.46510
-0.46510
-0.46510
-0.46510
-0.46510
-0.46510
-0.46510
-0.46510
-0.46510
-0.46510
-0.46510
-0.46510
-0.46510
-0.46510
-0.46510
-0.46510
-0.46510
-0.46510
-0.46510
-0.46510
-0.46510
-0.46510
-0.46510
-0.46510
-0.46510
-0.46510
-0.46498
-0.46474
-0.46450
-0.46426
-0.46402
-0.46374
-0.46342
-0.46310
-0.46278
-0.46246
-0.46209
-0.46167
-0.46125
-0.46083
-0.46041
-0.45992
-0.45936
-0.45880
-0.45824
-0.45768
-0.45698
-0.45614
-0.45530
-0.45446
-0.45362
-0.45262
-0.45146
-0.45030
-0.44914
-0.44798
-0.44657
-0.44491
-0.44325
-0.44159
-0.43993
-0.43796
-0.43568
-0.43340
-0.43112
-0.42884
-0.42606
-0.42278
-0.41950
-0.41622
-0.41294
-0.40885
-0.40395
-0.39905
-0.39415
-0.38925
-0.38322
-0.37606
-0.36890
-0.36174
-0.35458
-0.34567
-0.33501
-0.32435
-0.31369
-0.30303
-0.29003
-0.27469
-0.25935
-0.24401
-0.22867
-0.21023
-0.18869
-0.16715
-0.14561
-0.12407
-0.09892
-0.07016
-0.04140
-0.01264
0.01612
0.04839
0.08417
0.11995
0.15573
0.19151
0.23033
0.27219
0.31405
0.35591
0.39777
0.44102
0.48566
0.53030
0.57494
0.61958
0.66484
0.71072
0.75660
0.80248
0.84836
0.89330
0.93730
0.98130
1.02530
1.06930
1.11191
1.15313
1.19435
1.23557
1.27679
1.31624
1.35392
1.39160
1.42928
1.46696
1.50256
1.53608
1.56960
1.60312
1.63664
1.66853
1.69879
1.72905
1.75931
1.78957
1.81801
1.84463
1.87125
1.89787
1.92449
1.94971
1.97353
1.99735
2.02117
2.04499
2.06759
2.08897
2.11035
2.13173
2.15311
2.17400
2.19440
2.21480
2.23520
2.25560
2.27587
2.29601
2.31615
2.33629
2.35643
2.37746
2.39938
2.42130
2.44322
2.46514
2.48710
2.50910
2.53110
2.55310
2.57510
2.59814
2.62222
2.64630
2.67038
2.69446
2.71810
2.74130
2.76450
2.78770
2.81090
2.83360
2.85580
2.87800
2.90020
2.92240
2.94420
2.96560
2.98700
3.00840
3.02980
3.05093
3.07179
3.09265
3.11351
3.13437
-0.46580
-0.46580
-0.46580
-0.46580
-0.46580
-0.46580
-0.46580
-0.46580
-0.46580
-0.46580
-0.46580
-0.46580
-0.46580
-0.46580
-0.46580
-0.46580
-0.46580
-0.46580
-0.46580
-0.46580
-0.46580
-0.46580
-0.46580
-0.46580
-0.46580
-0.46580
-0.46580
-0.46580
-0.46580
-0.46580
-0.46580
-0.46580
-0.46580
-0.46580
-0.46580
-0.46580
-0.46580
-0.46580
-0.46580
-0.46580
-0.46580
-0.46580
-0.46580
-0.46580
-0.46580
-0.46580
-0.46580
-0.46580
-0.46580
-0.46580
-0.46580
-0.46580
-0.46580
-0.46580
-0.46580
-0.46580
-0.46580
-0.46580
-0.46580
-0.46580
-0.46580
-0.46580
-0.46580
-0.46580
-0.46580
-0.46580
-0.46580
-0.46580
-0.46580
-0.46580
-0.46580
-0.46580
-0.46580
-0.46580
-0.46580
-0.46580
-0.46580
-0.46580
-0.46580
-0.46580
-0.46580
-0.46580
-0.46580
-0.46580
-0.46580
-0.46580
-0.46580
-0.46580
-0.46580
-0.46580
-0.46580
-0.46580
-0.46580
-0.46580
-0.46580
-0.46580
-0.46580
-0.46580
-0.46580
-0.46580
-0.46580
-0.46580
-0.46580
-0.46556
-0.46532
-0.46508
-0.46484
-0.46460
-0.46432
-0.46404
-0.46376
-0.46348
-0.46320
-0.46280
-0.46240
-0.46200
-0.46160
-0.46120
-0.46066
-0.46012
-0.45958
-0.45904
-0.45850
-0.45772
-0.45694
-0.45616
-0.45538
-0.45460
-0.45354
-0.45248
-0.45142
-0.45036
-0.44930
-0.44784
-0.44638
-0.44492
-0.44346
-0.44200
-0.43998
-0.43796
-0.43594
-0.43392
-0.43190
-0.42910
-0.42630
-0.42350
-0.42070
-0.41790
-0.41366
-0.40942
-0.40518
-0.40094
-0.39670
-0.39046
-0.38422
-0.37798
-0.37174
-0.36550
-0.35608
-0.34666
-0.33724
-0.32782
-0.31840
-0.30468
-0.29096
-0.27724
-0.26352
-0.24980
-0.23018
-0.21056
-0.19094
-0.17132
-0.15170
-0.12490
-0.09810
-0.07130
-0.04450
-0.01770
0.01668
0.05106
0.08544
0.11982
0.15420
0.19548
0.23676
0.27804
0.31932
0.36060
0.40596
0.45132
0.49668
0.54204
0.58740
0.63434
0.68128
0.72822
0.77516
0.82210
0.86790
0.91370
0.95950
1.00530
1.05110
1.09304
1.13498
1.17692
1.21886
1.26080
1.29942
1.33804
1.37666
1.41528
1.45390
1.48748
1.52106
1.55464
1.58822
1.62180
1.65208
1.68236
1.71264
1.74292
1.77320
1.79970
1.82620
1.85270
1.87920
1.90570
1.92926
1.95282
1.97638
1.99994
2.02350
2.04464
2.06578
2.08692
2.10806
2.12920
2.14958
2.16996
2.19034
2.21072
2.23110
2.25114
2.27118
2.29122
2.31126
2.33130
2.35318
2.37506
2.39694
2.41882
2.44070
2.46256
2.48442
2.50628
2.52814
2.55000
2.57356
2.59712
2.62068
2.64424
2.66780
2.69046
2.71312
2.73578
2.75844
2.78110
2.80292
2.82474
2.84656
2.86838
2.89020
2.91152
2.93284
2.95416
2.97548
2.99680
3.01804
3.03928
3.06052
-0.46650
-0.46650
-0.46650
-0.46650
-0.46650
-0.46650
-0.46650
-0.46650
-0.46650
-0.46650
-0.46650
-0.46650
-0.46650
-0.46650
-0.46650
-0.46650
-0.46650
-0.46650
-0.46650
-0.46650
-0.46650
-0.46650
-0.46650
-0.46650
-0.46650
-0.46650
-0.46650
-0.46650
-0.46650
-0.46650
-0.46650
-0.46650
-0.46650
-0.46650
-0.46650
-0.46650
-0.46650
-0.46650
-0.46650
-0.46650
-0.46650
-0.46650
-0.46650
-0.46650
-0.46650
-0.46650
-0.46650
-0.46650
-0.46650
-0.46650
-0.46650
-0.46650
-0.46650
-0.46650
-0.46650
-0.46650
-0.46650
-0.46650
-0.46650
-0.46650
-0.46650
-0.46650
-0.46650
-0.46650
-0.46650
-0.46650
-0.46650
-0.46650
-0.46650
-0.46650
-0.46650
-0.46650
-0.46650
-0.46650
-0.46650
-0.46650
-0.46650
-0.46650
-0.46650
-0.46650
-0.46650
-0.46650
-0.46650
-0.46650
-0.46650
-0.46650
-0.46650
-0.46650
-0.46650
-0.46650
-0.46650
-0.46650
-0.46650
-0.46650
-0.46650
-0.46650
-0.46650
-0.46650
-0.46650
-0.46650
-0.46650
-0.46650
-0.46650
-0.46650
-0.46638
-0.46614
-0.46590
-0.46566
-0.46542
-0.46517
-0.46491
-0.46465
-0.46439
-0.46413
-0.46381
-0.46343
-0.46305
-0.46267
-0.46229
-0.46184
-0.46132
-0.46080
-0.46028
-0.45976
-0.45913
-0.45839
-0.45765
-0.45691
-0.45617
-0.45531
-0.45433
-0.45335
-0.45237
-0.45139
-0.45024
-0.44892
-0.44760
-0.44628
-0.44496
-0.44337
-0.44151
-0.43965
-0.43779
-0.43593
-0.43376
-0.43128
-0.42880
-0.42632
-0.42384
-0.42072
-0.41696
-0.41320
-0.40944
-0.40568
-0.40102
-0.39546
-0.38990
-0.38434
-0.37878
-0.37184
-0.36352
-0.35520
-0.34688
-0.33856
-0.32831
-0.31613
-0.30395
-0.29177
-0.27959
-0.26471
-0.24713
-0.22955
-0.21197
-0.19439
-0.17337
-0.14891
-0.12445
-0.09999
-0.07553
-0.04703
-0.01449
0.01805
0.05059
0.08313
0.11947
0.15961
0.19975
0.23989
0.28003
0.32299
0.36877
0.41455
0.46033
0.50611
0.55291
0.60073
0.64855
0.69637
0.74419
0.79194
0.83962
0.88730
0.93498
0.98266
1.02792
1.07076
1.11360
1.15644
1.19928
1.24059
1.28037
1.32015
1.35993
1.39971
1.43652
1.47036
1.50420
1.53804
1.57188
1.60403
1.63449
1.66495
1.69541
1.72587
1.75437
1.78091
1.80745
1.83399
1.86053
1.88549
1.90887
1.93225
1.95563
1.97901
2.00124
2.02232
2.04340
2.06448
2.08556
2.10630
2.12670
2.14710
2.16750
2.18790
2.20815
2.22825
2.24835
2.26845
2.28855
2.30949
2.33127
2.35305
2.37483
2.39661
2.41842
2.44026
2.46210
2.48394
2.50578
2.52815
2.55105
2.57395
2.59685
2.61975
2.64227
2.66441
2.68655
2.70869
2.73083
2.75260
2.77400
2.79540
2.81680
2.83820
2.85953
2.88079
2.90205
2.92331
2.94457
2.96607
2.98781
-0.46690
-0.46690
-0.46690
-0.46690
-0.46690
-0.46690
-0.46690
-0.46690
-0.46690
-0.46690
-0.46690
-0.46690
-0.46690
-0.46690
-0.46690
-0.46690
-0.46690
-0.46690
-0.46690
-0.46690
-0.46690
-0.46690
-0.46690
-0.46690
-0.46690
-0.46690
-0.46690
-0.46690
-0.46690
-0.46690
-0.46690
-0.46690
-0.46690
-0.46690
-0.46690
-0.46690
-0.46690
-0.46690
-0.46690
-0.46690
-0.46690
-0.46690
-0.46690
-0.46690
-0.46690
-0.46690
-0.46690
-0.46690
-0.46690
-0.46690
-0.46690
-0.46690
-0.46690
-0.46690
-0.46690
-0.46690
-0.46690
-0.46690
-0.46690
-0.46690
-0.46690
-0.46690
-0.46690
-0.46690
-0.46690
-0.46690
-0.46690
-0.46690
-0.46690
-0.46690
-0.46690
-0.46690
-0.46690
-0.46690
-0.46690
-0.46690
-0.46690
-0.46690
-0.46690
-0.46690
-0.46690
-0.46690
-0.46690
-0.46690
-0.46690
-0.46690
-0.46690
-0.46690
-0.46690
-0.46690
-0.46690
-0.46690
-0.46690
-0.46690
-0.46690
-0.46690
-0.46690
-0.46690
-0.46690
-0.46690
-0.46690
-0.46690
-0.46690
-0.46690
-0.46690
-0.46690
-0.46670
-0.46650
-0.46630
-0.46610
-0.46590
-0.46564
-0.46538
-0.46512
-0.46486
-0.46460
-0.46424
-0.46388
-0.46352
-0.46316
-0.46280
-0.46232
-0.46184
-0.46136
-0.46088
-0.46040
-0.45968
-0.45896
-0.45824
-0.45752
-0.45680
-0.45588
-0.45496
-0.45404
-0.45312
-0.45220
-0.45098
-0.44976
-0.44854
-0.44732
-0.44610
-0.44434
-0.44258
-0.44082
-0.43906
-0.43730
-0.43498
-0.43266
-0.43034
-0.42802
-0.42570
-0.42228
-0.41886
-0.41544
-0.41202
-0.40860
-0.40358
-0.39856
-0.39354
-0.38852
-0.38350
-0.37612
-0.36874
-0.36136
-0.35398
-0.34660
-0.33584
-0.32508
-0.31432
-0.30356
-0.29280
-0.27716
-0.26152
-0.24588
-0.23024
-0.21460
-0.19248
-0.17036
-0.14824
-0.12612
-0.10400
-0.07362
-0.04324
-0.01286
0.01752
0.04790
0.08650
0.12510
0.16370
0.20230
0.24090
0.28652
0.33214
0.37776
0.42338
0.46900
0.51742
0.56584
0.61426
0.66268
0.71110
0.76036
0.80962
0.85888
0.90814
0.95740
1.00138
1.04536
1.08934
1.13332
1.17730
1.21822
1.25914
1.30006
1.34098
1.38190
1.41644
1.45098
1.48552
1.52006
1.55460
1.58522
1.61584
1.64646
1.67708
1.70770
1.73448
1.76126
1.78804
1.81482
1.84160
1.86492
1.88824
1.91156
1.93488
1.95820
1.97936
2.00052
2.02168
2.04284
2.06400
2.08446
2.10492
2.12538
2.14584
2.16630
2.18658
2.20686
2.22714
2.24742
2.26770
2.28932
2.31094
2.33256
2.35418
2.37580
2.39766
2.41952
2.44138
2.46324
2.48510
2.50730
2.52950
2.55170
2.57390
2.59610
2.61778
2.63946
2.66114
2.68282
2.70450
2.72552
2.74654
2.76756
2.78858
2.80960
2.83072
2.85184
2.87296
2.89408
2.91520
-0.46690
-0.46690
-0.46690
-0.46690
-0.46690
-0.46690
-0.46690
-0.46690
-0.46690
-0.46690
-0.46690
-0.46690
-0.46690
-0.46690
-0.46690
-0.46690
-0.46690
-0.46690
-0.46690
-0.46690
-0.46690
-0.46690
-0.46690
-0.46690
-0.46690
-0.46690
-0.46690
-0.46690
-0.46690
-0.46690
-0.46690
-0.46690
-0.46690
-0.46690
-0.46690
-0.46690
-0.46690
-0.46690
-0.46690
-0.46690
-0.46690
-0.46690
-0.46690
-0.46690
-0.46690
-0.46690
-0.46690
-0.46690
-0.46690
-0.46690
-0.46690
-0.46690
-0.46690
-0.46690
-0.46690
-0.46690
-0.46690
-0.46690
-0.46690
-0.46690
-0.46690
-0.46690
-0.46690
-0.46690
-0.46690
-0.46690
-0.46690
-0.46690
-0.46690
-0.46690
-0.46690
-0.46690
-0.46690
-0.46690
-0.46690
-0.46690
-0.46690
-0.46690
-0.46690
-0.46690
-0.46690
-0.46690
-0.46690
-0.46690
-0.46690
-0.46690
-0.46690
-0.46690
-0.46690
-0.46690
-0.46690
-0.46690
-0.46690
-0.46690
-0.46690
-0.46690
-0.46690
-0.46690
-0.46690
-0.46690
-0.46690
-0.46690
-0.46690
-0.46690
-0.46690
-0.46690
-0.46690
-0.46681
-0.46663
-0.46645
-0.46627
-0.46609
-0.46589
-0.46567
-0.46545
-0.46523
-0.46501
-0.46474
-0.46442
-0.46410
-0.46378
-0.46346
-0.46306
-0.46258
-0.46210
-0.46162
-0.46114
-0.46057
-0.45991
-0.45925
-0.45859
-0.45793
-0.45717
-0.45631
-0.45545
-0.45459
-0.45373
-0.45272
-0.45156
-0.45040
-0.44924
-0.44808
-0.44666
-0.44498
-0.44330
-0.44162
-0.43994
-0.43799
-0.43577
-0.43355
-0.43133
-0.42911
-0.42642
-0.42326
-0.42010
-0.41694
-0.41378
-0.40990
-0.40530
-0.40070
-0.39610
-0.39150
-0.38590
-0.37930
-0.37270
-0.36610
-0.35950
-0.35139
-0.34177
-0.33215
-0.32253
-0.31291
-0.30110
-0.28710
-0.27310
-0.25910
-0.24510
-0.22807
-0.20801
-0.18795
-0.16789
-0.14783
-0.12374
-0.09562
-0.06750
-0.03938
-0.01126
0.02118
0.05794
0.09470
0.13146
0.16822
0.20892
0.25356
0.29820
0.34284
0.38748
0.43409
0.48267
0.53125
0.57983
0.62841
0.67777
0.72791
0.77805
0.82819
0.87833
0.92615
0.97165
1.01715
1.06265
1.10815
1.15183
1.19369
1.23555
1.27741
1.31927
1.35810
1.39390
1.42970
1.46550
1.50130
1.53456
1.56528
1.59600
1.62672
1.65744
1.68635
1.71345
1.74055
1.76765
1.79475
1.82001
1.84343
1.86685
1.89027
1.91369
1.93611
1.95753
1.97895
2.00037
2.02179
2.04278
2.06334
2.08390
2.10446
2.12502
2.14559
2.16617
2.18675
2.20733
2.22791
2.24889
2.27027
2.29165
2.31303
2.33441
2.35602
2.37786
2.39970
2.42154
2.44338
2.46511
2.48673
2.50835
2.52997
2.55159
2.57302
2.59426
2.61550
2.63674
2.65798
2.67897
2.69971
2.72045
2.74119
2.76193
2.78272
2.80356
2.82440
2.84524
-0.46660
-0.46660
-0.46660
-0.46660
-0.46660
-0.46660
-0.46660
-0.46660
-0.46660
-0.46660
-0.46660
-0.46660
-0.46660
-0.46660
-0.46660
-0.46660
-0.46660
-0.46660
-0.46660
-0.46660
-0.46660
-0.46660
-0.46660
-0.46660
-0.46660
-0.46660
-0.46660
-0.46660
-0.46660
-0.46660
-0.46660
-0.46660
-0.46660
-0.46660
-0.46660
-0.46660
-0.46660
-0.46660
-0.46660
-0.46660
-0.46660
-0.46660
-0.46660
-0.46660
-0.46660
-0.46660
-0.46660
-0.46660
-0.46660
-0.46660
-0.46660
-0.46660
-0.46660
-0.46660
-0.46660
-0.46660
-0.46660
-0.46660
-0.46660
-0.46660
-0.46660
-0.46660
-0.46660
-0.46660
-0.46660
-0.46660
-0.46660
-0.46660
-0.46660
-0.46660
-0.46660
-0.46660
-0.46660
-0.46660
-0.46660
-0.46660
-0.46660
-0.46660
-0.46660
-0.46660
-0.46660
-0.46660
-0.46660
-0.46660
-0.46660
-0.46660
-0.46660
-0.46660
-0.46660
-0.46660
-0.46660
-0.46660
-0.46660
-0.46660
-0.46660
-0.46660
-0.46660
-0.46660
-0.46660
-0.46660
-0.46660
-0.46660
-0.46660
-0.46660
-0.46660
-0.46660
-0.46660
-0.46660
-0.46660
-0.46646
-0.46632
-0.46618
-0.46604
-0.46590
-0.46568
-0.46546
-0.46524
-0.46502
-0.46480
-0.46452
-0.46424
-0.46396
-0.46368
-0.46340
-0.46294
-0.46248
-0.46202
-0.46156
-0.46110
-0.46052
-0.45994
-0.45936
-0.45878
-0.45820
-0.45740
-0.45660
-0.45580
-0.45500
-0.45420
-0.45308
-0.45196
-0.45084
-0.44972
-0.44860
-0.44698
-0.44536
-0.44374
-0.44212
-0.44050
-0.43836
-0.43622
-0.43408
-0.43194
-0.42980
-0.42684
-0.42388
-0.42092
-0.41796
-0.41500
-0.41076
-0.40652
-0.40228
-0.39804
-0.39380
-0.38780
-0.38180
-0.37580
-0.36980
-0.36380
-0.35508
-0.34636
-0.33764
-0.32892
-0.32020
-0.30744
-0.29468
-0.28192
-0.26916
-0.25640
-0.23800
-0.21960
-0.20120
-0.18280
-0.16440
-0.13846
-0.11252
-0.08658
-0.06064
-0.03470
0.00002
0.03474
0.06946
0.10418
0.13890
0.18182
0.22474
0.26766
0.31058
0.35350
0.40174
0.44998
0.49822
0.54646
0.59470
0.64494
0.69518
0.74542
0.79566
0.84590
0.89312
0.94034
0.98756
1.03478
1.08200
1.12460
1.16720
1.20980
1.25240
1.29500
1.33246
1.36992
1.40738
1.44484
1.48230
1.51310
1.54390
1.57470
1.60550
1.63630
1.66384
1.69138
1.71892
1.74646
1.77400
1.79764
1.82128
1.84492
1.86856
1.89220
1.91402
1.93584
1.95766
1.97948
2.00130
2.02202
2.04274
2.06346
2.08418
2.10490
2.12586
2.14682
2.16778
2.18874
2.20970
2.23084
2.25198
2.27312
2.29426
2.31540
2.33714
2.35888
2.38062
2.40236
2.42410
2.44524
2.46638
2.48752
2.50866
2.52980
2.55064
2.57148
2.59232
2.61316
2.63400
2.65458
2.67516
2.69574
2.71632
2.73690
2.75734
2.77778
-0.46620
-0.46620
-0.46620
-0.46620
-0.46620
-0.46620
-0.46620
-0.46620
-0.46620
-0.46620
-0.46620
-0.46620
-0.46620
-0.46620
-0.46620
-0.46620
-0.46620
-0.46620
-0.46620
-0.46620
-0.46620
-0.46620
-0.46620
-0.46620
-0.46620
-0.46620
-0.46620
-0.46620
-0.46620
-0.46620
-0.46620
-0.46620
-0.46620
-0.46620
-0.46620
-0.46620
-0.46620
-0.46620
-0.46620
-0.46620
-0.46620
-0.46620
-0.46620
-0.46620
-0.46620
-0.46620
-0.46620
-0.46620
-0.46620
-0.46620
-0.46620
-0.46620
-0.46620
-0.46620
-0.46620
-0.46620
-0.46620
-0.46620
-0.46620
-0.46620
-0.46620
-0.46620
-0.46620
-0.46620
-0.46620
-0.46620
-0.46620
-0.46620
-0.46620
-0.46620
-0.46620
-0.46620
-0.46620
-0.46620
-0.46620
-0.46620
-0.46620
-0.46620
-0.46620
-0.46620
-0.46620
-0.46620
-0.46620
-0.46620
-0.46620
-0.46620
-0.46620
-0.46620
-0.46620
-0.46620
-0.46620
-0.46620
-0.46620
-0.46620
-0.46620
-0.46620
-0.46620
-0.46620
-0.46620
-0.46620
-0.46620
-0.46620
-0.46620
-0.46620
-0.46620
-0.46620
-0.46620
-0.46620
-0.46620
-0.46620
-0.46614
-0.46602
-0.46590
-0.46578
-0.46566
-0.46550
-0.46530
-0.46510
-0.46490
-0.46470
-0.46447
-0.46421
-0.46395
-0.46369
-0.46343
-0.46309
-0.46267
-0.46225
-0.46183
-0.46141
-0.46094
-0.46042
-0.45990
-0.45938
-0.45886
-0.45822
-0.45746
-0.45670
-0.45594
-0.45518
-0.45426
-0.45318
-0.45210
-0.45102
-0.44994
-0.44864
-0.44712
-0.44560
-0.44408
-0.44256
-0.44076
-0.43868
-0.43660
-0.43452
-0.43244
-0.43000
-0.42720
-0.42440
-0.42160
-0.41880
-0.41543
-0.41149
-0.40755
-0.40361
-0.39967
-0.39492
-0.38936
-0.38380
-0.37824
-0.37268
-0.36587
-0.35781
-0.34975
-0.34169
-0.33363
-0.32370
-0.31190
-0.30010
-0.28830
-0.27650
-0.26207
-0.24501
-0.22795
-0.21089
-0.19383
-0.17333
-0.14939
-0.12545
-0.10151
-0.07757
-0.04928
-0.01664
0.01600
0.04864
0.08128
0.11802
0.15886
0.19970
0.24054
0.28138
0.32553
0.37299
0.42045
0.46791
0.51537
0.56401
0.61383
0.66365
0.71347
0.76329
0.81256
0.86128
0.91000
0.95872
1.00744
1.05340
1.09660
1.13980
1.18300
1.22620
1.26737
1.30651
1.34565
1.38479
1.42393
1.45904
1.49012
1.52120
1.55228
1.58336
1.61292
1.64096
1.66900
1.69704
1.72508
1.75112
1.77516
1.79920
1.82324
1.84728
1.87044
1.89272
1.91500
1.93728
1.95956
1.98118
2.00214
2.02310
2.04406
2.06502
2.08617
2.10751
2.12885
2.15019
2.17153
2.19270
2.21370
2.23470
2.25570
2.27670
2.29796
2.31948
2.34100
2.36252
2.38404
2.40519
2.42597
2.44675
2.46753
2.48831
2.50891
2.52933
2.54975
2.57017
2.59059
2.61105
2.63155
2.65205
2.67255
2.69305
2.71339
-0.46590
-0.46590
-0.46590
-0.46590
-0.46590
-0.46590
-0.46590
-0.46590
-0.46590
-0.46590
-0.46590
-0.46590
-0.46590
-0.46590
-0.46590
-0.46590
-0.46590
-0.46590
-0.46590
-0.46590
-0.46590
-0.46590
-0.46590
-0.46590
-0.46590
-0.46590
-0.46590
-0.46590
-0.46590
-0.46590
-0.46590
-0.46590
-0.46590
-0.46590
-0.46590
-0.46590
-0.46590
-0.46590
-0.46590
-0.46590
-0.46590
-0.46590
-0.46590
-0.46590
-0.46590
-0.46590
-0.46590
-0.46590
-0.46590
-0.46590
-0.46590
-0.46590
-0.46590
-0.46590
-0.46590
-0.46590
-0.46590
-0.46590
-0.46590
-0.46590
-0.46590
-0.46590
-0.46590
-0.46590
-0.46590
-0.46590
-0.46590
-0.46590
-0.46590
-0.46590
-0.46590
-0.46590
-0.46590
-0.46590
-0.46590
-0.46590
-0.46590
-0.46590
-0.46590
-0.46590
-0.46590
-0.46590
-0.46590
-0.46590
-0.46590
-0.46590
-0.46590
-0.46590
-0.46590
-0.46590
-0.46590
-0.46590
-0.46590
-0.46590
-0.46590
-0.46590
-0.46590
-0.46590
-0.46590
-0.46590
-0.46590
-0.46590
-0.46590
-0.46590
-0.46590
-0.46590
-0.46590
-0.46590
-0.46590
-0.46590
-0.46590
-0.46590
-0.46580
-0.46570
-0.46560
-0.46550
-0.46540
-0.46520
-0.46500
-0.46480
-0.46460
-0.46440
-0.46416
-0.46392
-0.46368
-0.46344
-0.46320
-0.46282
-0.46244
-0.46206
-0.46168
-0.46130
-0.46080
-0.46030
-0.45980
-0.45930
-0.45880
-0.45808
-0.45736
-0.45664
-0.45592
-0.45520
-0.45416
-0.45312
-0.45208
-0.45104
-0.45000
-0.44858
-0.44716
-0.44574
-0.44432
-0.44290
-0.44092
-0.43894
-0.43696
-0.43498
-0.43300
-0.43034
-0.42768
-0.42502
-0.42236
-0.41970
-0.41598
-0.41226
-0.40854
-0.40482
-0.40110
-0.39586
-0.39062
-0.38538
-0.38014
-0.37490
-0.36734
-0.35978
-0.35222
-0.34466
-0.33710
-0.32608
-0.31506
-0.30404
-0.29302
-0.28200
-0.26606
-0.25012
-0.23418
-0.21824
-0.20230
-0.18006
-0.15782
-0.13558
-0.11334
-0.09110
-0.06040
-0.02970
0.00100
0.03170
0.06240
0.10122
0.14004
0.17886
0.21768
0.25650
0.30278
0.34906
0.39534
0.44162
0.48790
0.53704
0.58618
0.63532
0.68446
0.73360
0.78318
0.83276
0.88234
0.93192
0.98150
1.02528
1.06906
1.11284
1.15662
1.20040
1.24074
1.28108
1.32142
1.36176
1.40210
1.43390
1.46570
1.49750
1.52930
1.56110
1.58968
1.61826
1.64684
1.67542
1.70400
1.72862
1.75324
1.77786
1.80248
1.82710
1.84984
1.87258
1.89532
1.91806
1.94080
1.96212
1.98344
2.00476
2.02608
2.04740
2.06908
2.09076
2.11244
2.13412
2.15580
2.17678
2.19776
2.21874
2.23972
2.26070
2.28196
2.30322
2.32448
2.34574
2.36700
2.38744
2.40788
2.42832
2.44876
2.46920
2.48916
2.50912
2.52908
2.54904
2.56900
2.58948
2.60996
2.63044
2.65092
-0.46580
-0.46580
-0.46580
-0.46580
-0.46580
-0.46580
-0.46580
-0.46580
-0.46580
-0.46580
-0.46580
-0.46580
-0.46580
-0.46580
-0.46580
-0.46580
-0.46580
-0.46580
-0.46580
-0.46580
-0.46580
-0.46580
-0.46580
-0.46580
-0.46580
-0.46580
-0.46580
-0.46580
-0.46580
-0.46580
-0.46580
-0.46580
-0.46580
-0.46580
-0.46580
-0.46580
-0.46580
-0.46580
-0.46580
-0.46580
-0.46580
-0.46580
-0.46580
-0.46580
-0.46580
-0.46580
-0.46580
-0.46580
-0.46580
-0.46580
-0.46580
-0.46580
-0.46580
-0.46580
-0.46580
-0.46580
-0.46580
-0.46580
-0.46580
-0.46580
-0.46580
-0.46580
-0.46580
-0.46580
-0.46580
-0.46580
-0.46580
-0.46580
-0.46580
-0.46580
-0.46580
-0.46580
-0.46580
-0.46580
-0.46580
-0.46580
-0.46580
-0.46580
-0.46580
-0.46580
-0.46580
-0.46580
-0.46580
-0.46580
-0.46580
-0.46580
-0.46580
-0.46580
-0.46580
-0.46580
-0.46580
-0.46580
-0.46580
-0.46580
-0.46580
-0.46580
-0.46580
-0.46580
-0.46580
-0.46580
-0.46580
-0.46580
-0.46580
-0.46580
-0.46580
-0.46580
-0.46580
-0.46580
-0.46580
-0.46580
-0.46580
-0.46580
-0.46580
-0.46574
-0.46562
-0.46550
-0.46538
-0.46526
-0.46511
-0.46493
-0.46475
-0.46457
-0.46439
-0.46418
-0.46394
-0.46370
-0.46346
-0.46322
-0.46292
-0.46256
-0.46220
-0.46184
-0.46148
-0.46106
-0.46058
-0.46010
-0.45962
-0.45914
-0.45856
-0.45788
-0.45720
-0.45652
-0.45584
-0.45500
-0.45400
-0.45300
-0.45200
-0.45100
-0.44984
-0.44852
-0.44720
-0.44588
-0.44456
-0.44297
-0.44111
-0.43925
-0.43739
-0.43553
-0.43334
-0.43082
-0.42830
-0.42578
-0.42326
-0.42023
-0.41669
-0.41315
-0.40961
-0.40607
-0.40178
-0.39674
-0.39170
-0.38666
-0.38162
-0.37550
-0.36830
-0.36110
-0.35390
-0.34670
-0.33792
-0.32756
-0.31720
-0.30684
-0.29648
-0.28383
-0.26889
-0.25395
-0.23901
-0.22407
-0.20615
-0.18525
-0.16435
-0.14345
-0.12255
-0.09761
-0.06863
-0.03965
-0.01067
0.01831
0.05133
0.08839
0.12545
0.16251
0.19957
0.24052
0.28536
0.33020
0.37504
0.41988
0.46648
0.51484
0.56320
0.61156
0.65992
0.70890
0.75850
0.80810
0.85770
0.90730
0.95431
0.99873
1.04315
1.08757
1.13199
1.17463
1.21549
1.25635
1.29721
1.33807
1.37503
1.40809
1.44115
1.47421
1.50727
1.53834
1.56742
1.59650
1.62558
1.65466
1.68189
1.70727
1.73265
1.75803
1.78341
1.80767
1.83081
1.85395
1.87709
1.90023
1.92271
1.94453
1.96635
1.98817
2.00999
2.03187
2.05381
2.07575
2.09769
2.11963
2.14116
2.16228
2.18340
2.20452
2.22564
2.24666
2.26758
2.28850
2.30942
2.33034
2.35088
2.37104
2.39120
2.41136
2.43152
2.45132
2.47076
2.49020
2.50964
2.52908
2.54903
2.56949
2.58995
-0.46570
-0.46570
-0.46570
-0.46570
-0.46570
-0.46570
-0.46570
-0.46570
-0.46570
-0.46570
-0.46570
-0.46570
-0.46570
-0.46570
-0.46570
-0.46570
-0.46570
-0.46570
-0.46570
-0.46570
-0.46570
-0.46570
-0.46570
-0.46570
-0.46570
-0.46570
-0.46570
-0.46570
-0.46570
-0.46570
-0.46570
-0.46570
-0.46570
-0.46570
-0.46570
-0.46570
-0.46570
-0.46570
-0.46570
-0.46570
-0.46570
-0.46570
-0.46570
-0.46570
-0.46570
-0.46570
-0.46570
-0.46570
-0.46570
-0.46570
-0.46570
-0.46570
-0.46570
-0.46570
-0.46570
-0.46570
-0.46570
-0.46570
-0.46570
-0.46570
-0.46570
-0.46570
-0.46570
-0.46570
-0.46570
-0.46570
-0.46570
-0.46570
-0.46570
-0.46570
-0.46570
-0.46570
-0.46570
-0.46570
-0.46570
-0.46570
-0.46570
-0.46570
-0.46570
-0.46570
-0.46570
-0.46570
-0.46570
-0.46570
-0.46570
-0.46570
-0.46570
-0.46570
-0.46570
-0.46570
-0.46570
-0.46570
-0.46570
-0.46570
-0.46570
-0.46570
-0.46570
-0.46570
-0.46570
-0.46570
-0.46570
-0.46570
-0.46570
-0.46570
-0.46570
-0.46570
-0.46570
-0.46570
-0.46570
-0.46570
-0.46570
-0.46570
-0.46570
-0.46570
-0.46570
-0.46556
-0.46542
-0.46528
-0.46514
-0.46500
-0.46482
-0.46464
-0.46446
-0.46428
-0.46410
-0.46386
-0.46362
-0.46338
-0.46314
-0.46290
-0.46256
-0.46222
-0.46188
-0.46154
-0.46120
-0.46074
-0.46028
-0.45982
-0.45936
-0.45890
-0.45824
-0.45758
-0.45692
-0.45626
-0.45560
-0.45464
-0.45368
-0.45272
-0.45176
-0.45080
-0.44958
-0.44836
-0.44714
-0.44592
-0.44470
-0.44296
-0.44122
-0.43948
-0.43774
-0.43600
-0.43360
-0.43120
-0.42880
-0.42640
-0.42400
-0.42058
-0.41716
-0.41374
-0.41032
-0.40690
-0.40200
-0.39710
-0.39220
-0.38730
-0.38240
-0.37550
-0.36860
-0.36170
-0.35480
-0.34790
-0.33810
-0.32830
-0.31850
-0.30870
-0.29890
-0.28480
-0.27070
-0.25660
-0.24250
-0.22840
-0.20862
-0.18884
-0.16906
-0.14928
-0.12950
-0.10208
-0.07466
-0.04724
-0.01982
0.00760
0.04314
0.07868
0.11422
0.14976
0.18530
0.22850
0.27170
0.31490
0.35810
0.40130
0.44882
0.49634
0.54386
0.59138
0.63890
0.68796
0.73702
0.78608
0.83514
0.88420
0.92932
0.97444
1.01956
1.06468
1.10980
1.15076
1.19172
1.23268
1.27364
1.31460
1.34918
1.38376
1.41834
1.45292
1.48750
1.51702
1.54654
1.57606
1.60558
1.63510
1.66132
1.68754
1.71376
1.73998
1.76620
1.78976
1.81332
1.83688
1.86044
1.88400
1.90642
1.92884
1.95126
1.97368
1.99610
2.01824
2.04038
2.06252
2.08466
2.10680
2.12808
2.14936
2.17064
2.19192
2.21320
2.23378
2.25436
2.27494
2.29552
2.31610
2.33592
2.35574
2.37556
2.39538
2.41520
2.43422
2.45324
2.47226
2.49128
2.51030
2.53064
-0.46530
-0.46530
-0.46530
-0.46530
-0.46530
-0.46530
-0.46530
-0.46530
-0.46530
-0.46530
-0.46530
-0.46530
-0.46530
-0.46530
-0.46530
-0.46530
-0.46530
-0.46530
-0.46530
-0.46530
-0.46530
-0.46530
-0.46530
-0.46530
-0.46530
-0.46530
-0.46530
-0.46530
-0.46530
-0.46530
-0.46530
-0.46530
-0.46530
-0.46530
-0.46530
-0.46530
-0.46530
-0.46530
-0.46530
-0.46530
-0.46530
-0.46530
-0.46530
-0.46530
-0.46530
-0.46530
-0.46530
-0.46530
-0.46530
-0.46530
-0.46530
-0.46530
-0.46530
-0.46530
-0.46530
-0.46530
-0.46530
-0.46530
-0.46530
-0.46530
-0.46530
-0.46530
-0.46530
-0.46530
-0.46530
-0.46530
-0.46530
-0.46530
-0.46530
-0.46530
-0.46530
-0.46530
-0.46530
-0.46530
-0.46530
-0.46530
-0.46530
-0.46530
-0.46530
-0.46530
-0.46530
-0.46530
-0.46530
-0.46530
-0.46530
-0.46530
-0.46530
-0.46530
-0.46530
-0.46530
-0.46530
-0.46530
-0.46530
-0.46530
-0.46530
-0.46530
-0.46530
-0.46530
-0.46530
-0.46530
-0.46530
-0.46530
-0.46530
-0.46530
-0.46530
-0.46530
-0.46530
-0.46530
-0.46530
-0.46530
-0.46530
-0.46530
-0.46530
-0.46530
-0.46530
-0.46530
-0.46523
-0.46509
-0.46495
-0.46481
-0.46467
-0.46450
-0.46430
-0.46410
-0.46390
-0.46370
-0.46348
-0.46324
-0.46300
-0.46276
-0.46252
-0.46224
-0.46192
-0.46160
-0.46128
-0.46096
-0.46057
-0.46011
-0.45965
-0.45919
-0.45873
-0.45820
-0.45760
-0.45700
-0.45640
-0.45580
-0.45504
-0.45412
-0.45320
-0.45228
-0.45136
-0.45033
-0.44919
-0.44805
-0.44691
-0.44577
-0.44437
-0.44271
-0.44105
-0.43939
-0.43773
-0.43573
-0.43339
-0.43105
-0.42871
-0.42637
-0.42355
-0.42025
-0.41695
-0.41365
-0.41035
-0.40634
-0.40162
-0.39690
-0.39218
-0.38746
-0.38178
-0.37514
-0.36850
-0.36186
-0.35522
-0.34721
-0.33783
-0.32845
-0.31907
-0.30969
-0.29829
-0.28487
-0.27145
-0.25803
-0.24461
-0.22848
-0.20964
-0.19080
-0.17196
-0.15312
-0.13074
-0.10482
-0.07890
-0.05298
-0.02706
0.00296
0.03708
0.07120
0.10532
0.13944
0.17724
0.21872
0.26020
0.30168
0.34316
0.38722
0.43386
0.48050
0.52714
0.57378
0.62125
0.66955
0.71785
0.76615
0.81445
0.86151
0.90733
0.95315
0.99897
1.04479
1.08817
1.12911
1.17005
1.21099
1.25193
1.29045
1.32655
1.36265
1.39875
1.43485
1.46784
1.49772
1.52760
1.55748
1.58736
1.61582
1.64286
1.66990
1.69694
1.72398
1.74953
1.77359
1.79765
1.82171
1.84577
1.86931
1.89233
1.91535
1.93837
1.96139
1.98409
2.00647
2.02885
2.05123
2.07361
2.09546
2.11678
2.13810
2.15942
2.18074
2.20153
2.22179
2.24205
2.26231
2.28257
2.30241
2.32183
2.34125
2.36067
2.38009
2.39919
2.41797
2.43675
2.45553
2.47431
-0.46470
-0.46470
-0.46470
-0.46470
-0.46470
-0.46470
-0.46470
-0.46470
-0.46470
-0.46470
-0.46470
-0.46470
-0.46470
-0.46470
-0.46470
-0.46470
-0.46470
-0.46470
-0.46470
-0.46470
-0.46470
-0.46470
-0.46470
-0.46470
-0.46470
-0.46470
-0.46470
-0.46470
-0.46470
-0.46470
-0.46470
-0.46470
-0.46470
-0.46470
-0.46470
-0.46470
-0.46470
-0.46470
-0.46470
-0.46470
-0.46470
-0.46470
-0.46470
-0.46470
-0.46470
-0.46470
-0.46470
-0.46470
-0.46470
-0.46470
-0.46470
-0.46470
-0.46470
-0.46470
-0.46470
-0.46470
-0.46470
-0.46470
-0.46470
-0.46470
-0.46470
-0.46470
-0.46470
-0.46470
-0.46470
-0.46470
-0.46470
-0.46470
-0.46470
-0.46470
-0.46470
-0.46470
-0.46470
-0.46470
-0.46470
-0.46470
-0.46470
-0.46470
-0.46470
-0.46470
-0.46470
-0.46470
-0.46470
-0.46470
-0.46470
-0.46470
-0.46470
-0.46470
-0.46470
-0.46470
-0.46470
-0.46470
-0.46470
-0.46470
-0.46470
-0.46470
-0.46470
-0.46470
-0.46470
-0.46470
-0.46470
-0.46470
-0.46470
-0.46470
-0.46470
-0.46470
-0.46470
-0.46470
-0.46470
-0.46470
-0.46470
-0.46470
-0.46470
-0.46470
-0.46470
-0.46470
-0.46470
-0.46470
-0.46452
-0.46434
-0.46416
-0.46398
-0.46380
-0.46360
-0.46340
-0.46320
-0.46300
-0.46280
-0.46254
-0.46228
-0.46202
-0.46176
-0.46150
-0.46120
-0.46090
-0.46060
-0.46030
-0.46000
-0.45956
-0.45912
-0.45868
-0.45824
-0.45780
-0.45722
-0.45664
-0.45606
-0.45548
-0.45490
-0.45406
-0.45322
-0.45238
-0.45154
-0.45070
-0.44958
-0.44846
-0.44734
-0.44622
-0.44510
-0.44350
-0.44190
-0.44030
-0.43870
-0.43710
-0.43480
-0.43250
-0.43020
-0.42790
-0.42560
-0.42242
-0.41924
-0.41606
-0.41288
-0.40970
-0.40518
-0.40066
-0.39614
-0.39162
-0.38710
-0.38070
-0.37430
-0.36790
-0.36150
-0.35510
-0.34602
-0.33694
-0.32786
-0.31878
-0.30970
-0.29684
-0.28398
-0.27112
-0.25826
-0.24540
-0.22736
-0.20932
-0.19128
-0.17324
-0.15520
-0.13064
-0.10608
-0.08152
-0.05696
-0.03240
0.00032
0.03304
0.06576
0.09848
0.13120
0.17106
0.21092
0.25078
0.29064
0.33050
0.37616
0.42182
0.46748
0.51314
0.55880
0.60624
0.65368
0.70112
0.74856
0.79600
0.84242
0.88884
0.93526
0.98168
1.02810
1.06908
1.11006
1.15104
1.19202
1.23300
1.27034
1.30768
1.34502
1.38236
1.41970
1.44998
1.48026
1.51054
1.54082
1.57110
1.59892
1.62674
1.65456
1.68238
1.71020
1.73488
1.75956
1.78424
1.80892
1.83360
1.85718
1.88076
1.90434
1.92792
1.95150
1.97408
1.99666
2.01924
2.04182
2.06440
2.08562
2.10684
2.12806
2.14928
2.17050
2.19048
2.21046
2.23044
2.25042
2.27040
2.28932
2.30824
2.32716
2.34608
2.36500
2.38374
2.40248
2.42122
-0.46410
-0.46410
-0.46410
-0.46410
-0.46410
-0.46410
-0.46410
-0.46410
-0.46410
-0.46410
-0.46410
-0.46410
-0.46410
-0.46410
-0.46410
-0.46410
-0.46410
-0.46410
-0.46410
-0.46410
-0.46410
-0.46410
-0.46410
-0.46410
-0.46410
-0.46410
-0.46410
-0.46410
-0.46410
-0.46410
-0.46410
-0.46410
-0.46410
-0.46410
-0.46410
-0.46410
-0.46410
-0.46410
-0.46410
-0.46410
-0.46410
-0.46410
-0.46410
-0.46410
-0.46410
-0.46410
-0.46410
-0.46410
-0.46410
-0.46410
-0.46410
-0.46410
-0.46410
-0.46410
-0.46410
-0.46410
-0.46410
-0.46410
-0.46410
-0.46410
-0.46410
-0.46410
-0.46410
-0.46410
-0.46410
-0.46410
-0.46410
-0.46410
-0.46410
-0.46410
-0.46410
-0.46410
-0.46410
-0.46410
-0.46410
-0.46410
-0.46410
-0.46410
-0.46410
-0.46410
-0.46410
-0.46410
-0.46410
-0.46410
-0.46410
-0.46410
-0.46410
-0.46410
-0.46410
-0.46410
-0.46410
-0.46410
-0.46410
-0.46410
-0.46410
-0.46410
-0.46410
-0.46410
-0.46410
-0.46410
-0.46410
-0.46410
-0.46410
-0.46410
-0.46410
-0.46410
-0.46410
-0.46410
-0.46410
-0.46410
-0.46410
-0.46410
-0.46410
-0.46410
-0.46410
-0.46410
-0.46410
-0.46410
-0.46410
-0.46399
-0.46377
-0.46355
-0.46333
-0.46311
-0.46289
-0.46267
-0.46245
-0.46223
-0.46201
-0.46175
-0.46145
-0.46115
-0.46085
-0.46055
-0.46024
-0.45992
-0.45960
-0.45928
-0.45896
-0.45858
-0.45814
-0.45770
-0.45726
-0.45682
-0.45632
-0.45576
-0.45520
-0.45464
-0.45408
-0.45340
-0.45260
-0.45180
-0.45100
-0.45020
-0.44925
-0.44815
-0.44705
-0.44595
-0.44485
-0.44353
-0.44199
-0.44045
-0.43891
-0.43737
-0.43548
-0.43324
-0.43100
-0.42876
-0.42652
-0.42387
-0.42081
-0.41775
-0.41469
-0.41163
-0.40791
-0.40353
-0.39915
-0.39477
-0.39039
-0.38510
-0.37890
-0.37270
-0.36650
-0.36030
-0.35280
-0.34400
-0.33520
-0.32640
-0.31760
-0.30700
-0.29460
-0.28220
-0.26980
-0.25740
-0.24251
-0.22513
-0.20775
-0.19037
-0.17299
-0.15257
-0.12911
-0.10565
-0.08219
-0.05873
-0.03130
0.00010
0.03150
0.06290
0.09430
0.12919
0.16757
0.20595
0.24433
0.28271
0.32417
0.36871
0.41325
0.45779
0.50233
0.54789
0.59447
0.64105
0.68763
0.73421
0.78083
0.82749
0.87415
0.92081
0.96747
1.01135
1.05245
1.09355
1.13465
1.17575
1.21536
1.25348
1.29160
1.32972
1.36784
1.40241
1.43343
1.46445
1.49547
1.52649
1.55626
1.58478
1.61330
1.64182
1.67034
1.69730
1.72270
1.74810
1.77350
1.79890
1.82360
1.84760
1.87160
1.89560
1.91960
1.94295
1.96565
1.98835
2.01105
2.03375
2.05564
2.07672
2.09780
2.11888
2.13996
2.16033
2.17999
2.19965
2.21931
2.23897
2.25798
2.27634
2.29470
2.31306
2.33142
2.34994
2.36862
-0.46380
-0.46380
-0.46380
-0.46380
-0.46380
-0.46380
-0.46380
-0.46380
-0.46380
-0.46380
-0.46380
-0.46380
-0.46380
-0.46380
-0.46380
-0.46380
-0.46380
-0.46380
-0.46380
-0.46380
-0.46380
-0.46380
-0.46380
-0.46380
-0.46380
-0.46380
-0.46380
-0.46380
-0.46380
-0.46380
-0.46380
-0.46380
-0.46380
-0.46380
-0.46380
-0.46380
-0.46380
-0.46380
-0.46380
-0.46380
-0.46380
-0.46380
-0.46380
-0.46380
-0.46380
-0.46380
-0.46380
-0.46380
-0.46380
-0.46380
-0.46380
-0.46380
-0.46380
-0.46380
-0.46380
-0.46380
-0.46380
-0.46380
-0.46380
-0.46380
-0.46380
-0.46380
-0.46380
-0.46380
-0.46380
-0.46380
-0.46380
-0.46380
-0.46380
-0.46380
-0.46380
-0.46380
-0.46380
-0.46380
-0.46380
-0.46380
-0.46380
-0.46380
-0.46380
-0.46380
-0.46380
-0.46380
-0.46380
-0.46380
-0.46380
-0.46380
-0.46380
-0.46380
-0.46380
-0.46380
-0.46380
-0.46380
-0.46380
-0.46380
-0.46380
-0.46380
-0.46380
-0.46380
-0.46380
-0.46380
-0.46380
-0.46380
-0.46380
-0.46380
-0.46380
-0.46380
-0.46380
-0.46380
-0.46380
-0.46380
-0.46380
-0.46380
-0.46380
-0.46380
-0.46380
-0.46380
-0.46380
-0.46380
-0.46380
-0.46380
-0.46380
-0.46352
-0.46324
-0.46296
-0.46268
-0.46240
-0.46210
-0.46180
-0.46150
-0.46120
-0.46090
-0.46056
-0.46022
-0.45988
-0.45954
-0.45920
-0.45882
-0.45844
-0.45806
-0.45768
-0.45730
-0.45682
-0.45634
-0.45586
-0.45538
-0.45490
-0.45430
-0.45370
-0.45310
-0.45250
-0.45190
-0.45112
-0.45034
-0.44956
-0.44878
-0.44800
-0.44690
-0.44580
-0.44470
-0.44360
-0.44250
-0.44106
-0.43962
-0.43818
-0.43674
-0.43530
-0.43318
-0.43106
-0.42894
-0.42682
-0.42470
-0.42174
-0.41878
-0.41582
-0.41286
-0.40990
-0.40566
-0.40142
-0.39718
-0.39294
-0.38870
-0.38266
-0.37662
-0.37058
-0.36454
-0.35850
-0.34994
-0.34138
-0.33282
-0.32426
-0.31570
-0.30372
-0.29174
-0.27976
-0.26778
-0.25580
-0.23892
-0.22204
-0.20516
-0.18828
-0.17140
-0.14874
-0.12608
-0.10342
-0.08076
-0.05810
-0.02792
0.00226
0.03244
0.06262
0.09280
0.12992
0.16704
0.20416
0.24128
0.27840
0.32170
0.36500
0.40830
0.45160
0.49490
0.54068
0.58646
0.63224
0.67802
0.72380
0.77024
0.81668
0.86312
0.90956
0.95600
0.99732
1.03864
1.07996
1.12128
1.16260
1.20094
1.23928
1.27762
1.31596
1.35430
1.38650
1.41870
1.45090
1.48310
1.51530
1.54444
1.57358
1.60272
1.63186
1.66100
1.68718
1.71336
1.73954
1.76572
1.79190
1.81618
1.84046
1.86474
1.88902
1.91330
1.93602
1.95874
1.98146
2.00418
2.02690
2.04778
2.06866
2.08954
2.11042
2.13130
2.15054
2.16978
2.18902
2.20826
2.22750
2.24520
2.26290
2.28060
2.29830
2.31600
-0.46380
-0.46380
-0.46380
-0.46380
-0.46380
-0.46380
-0.46380
-0.46380
-0.46380
-0.46380
-0.46380
-0.46380
-0.46380
-0.46380
-0.46380
-0.46380
-0.46380
-0.46380
-0.46380
-0.46380
-0.46380
-0.46380
-0.46380
-0.46380
-0.46380
-0.46380
-0.46380
-0.46380
-0.46380
-0.46380
-0.46380
-0.46380
-0.46380
-0.46380
-0.46380
-0.46380
-0.46380
-0.46380
-0.46380
-0.46380
-0.46380
-0.46380
-0.46380
-0.46380
-0.46380
-0.46380
-0.46380
-0.46380
-0.46380
-0.46380
-0.46380
-0.46380
-0.46380
-0.46380
-0.46380
-0.46380
-0.46380
-0.46380
-0.46380
-0.46380
-0.46380
-0.46380
-0.46380
-0.46380
-0.46380
-0.46380
-0.46380
-0.46380
-0.46380
-0.46380
-0.46380
-0.46380
-0.46380
-0.46380
-0.46380
-0.46380
-0.46380
-0.46380
-0.46380
-0.46380
-0.46380
-0.46380
-0.46380
-0.46380
-0.46380
-0.46380
-0.46380
-0.46380
-0.46380
-0.46380
-0.46380
-0.46380
-0.46380
-0.46380
-0.46380
-0.46380
-0.46380
-0.46380
-0.46380
-0.46380
-0.46380
-0.46380
-0.46380
-0.46380
-0.46380
-0.46380
-0.46380
-0.46380
-0.46380
-0.46380
-0.46380
-0.46380
-0.46380
-0.46380
-0.46380
-0.46380
-0.46380
-0.46380
-0.46380
-0.46380
-0.46380
-0.46380
-0.46362
-0.46326
-0.46290
-0.46254
-0.46218
-0.46182
-0.46146
-0.46110
-0.46074
-0.46038
-0.45998
-0.45954
-0.45910
-0.45866
-0.45822
-0.45777
-0.45731
-0.45685
-0.45639
-0.45593
-0.45543
-0.45489
-0.45435
-0.45381
-0.45327
-0.45266
-0.45198
-0.45130
-0.45062
-0.44994
-0.44920
-0.44840
-0.44760
-0.44680
-0.44600
-0.44505
-0.44395
-0.44285
-0.44175
-0.44065
-0.43941
-0.43803
-0.43665
-0.43527
-0.43389
-0.43219
-0.43017
-0.42815
-0.42613
-0.42411
-0.42168
-0.41884
-0.41600
-0.41316
-0.41032
-0.40686
-0.40278
-0.39870
-0.39462
-0.39054
-0.38559
-0.37977
-0.37395
-0.36813
-0.36231
-0.35526
-0.34698
-0.33870
-0.33042
-0.32214
-0.31220
-0.30060
-0.28900
-0.27740
-0.26580
-0.25178
-0.23534
-0.21890
-0.20246
-0.18602
-0.16676
-0.14468
-0.12260
-0.10052
-0.07844
-0.05283
-0.02369
0.00545
0.03459
0.06373
0.09636
0.13248
0.16860
0.20472
0.24084
0.27994
0.32202
0.36410
0.40618
0.44826
0.49182
0.53686
0.58190
0.62694
0.67198
0.71739
0.76317
0.80895
0.85473
0.90051
0.94427
0.98601
1.02775
1.06949
1.11123
1.15128
1.18964
1.22800
1.26636
1.30472
1.34067
1.37421
1.40775
1.44129
1.47483
1.50640
1.53600
1.56560
1.59520
1.62480
1.65306
1.67998
1.70690
1.73382
1.76074
1.78646
1.81098
1.83550
1.86002
1.88454
1.90812
1.93076
1.95340
1.97604
1.99868
2.02022
2.04066
2.06110
2.08154
2.10198
2.12153
2.14019
2.15885
2.17751
2.19617
2.21402
2.23106
2.24810
2.26514
-0.46430
-0.46430
-0.46430
-0.46430
-0.46430
-0.46430
-0.46430
-0.46430
-0.46430
-0.46430
-0.46430
-0.46430
-0.46430
-0.46430
-0.46430
-0.46430
-0.46430
-0.46430
-0.46430
-0.46430
-0.46430
-0.46430
-0.46430
-0.46430
-0.46430
-0.46430
-0.46430
-0.46430
-0.46430
-0.46430
-0.46430
-0.46430
-0.46430
-0.46430
-0.46430
-0.46430
-0.46430
-0.46430
-0.46430
-0.46430
-0.46430
-0.46430
-0.46430
-0.46430
-0.46430
-0.46430
-0.46430
-0.46430
-0.46430
-0.46430
-0.46430
-0.46430
-0.46430
-0.46430
-0.46430
-0.46430
-0.46430
-0.46430
-0.46430
-0.46430
-0.46430
-0.46430
-0.46430
-0.46430
-0.46430
-0.46430
-0.46430
-0.46430
-0.46430
-0.46430
-0.46430
-0.46430
-0.46430
-0.46430
-0.46430
-0.46430
-0.46430
-0.46430
-0.46430
-0.46430
-0.46430
-0.46430
-0.46430
-0.46430
-0.46430
-0.46430
-0.46430
-0.46430
-0.46430
-0.46430
-0.46430
-0.46430
-0.46430
-0.46430
-0.46430
-0.46430
-0.46430
-0.46430
-0.46430
-0.46430
-0.46430
-0.46430
-0.46430
-0.46430
-0.46430
-0.46430
-0.46430
-0.46430
-0.46430
-0.46430
-0.46430
-0.46430
-0.46430
-0.46430
-0.46430
-0.46430
-0.46430
-0.46430
-0.46430
-0.46430
-0.46430
-0.46430
-0.46430
-0.46430
-0.46386
-0.46342
-0.46298
-0.46254
-0.46210
-0.46166
-0.46122
-0.46078
-0.46034
-0.45990
-0.45938
-0.45886
-0.45834
-0.45782
-0.45730
-0.45672
-0.45614
-0.45556
-0.45498
-0.45440
-0.45376
-0.45312
-0.45248
-0.45184
-0.45120
-0.45040
-0.44960
-0.44880
-0.44800
-0.44720
-0.44636
-0.44552
-0.44468
-0.44384
-0.44300
-0.44184
-0.44068
-0.43952
-0.43836
-0.43720
-0.43580
-0.43440
-0.43300
-0.43160
-0.43020
-0.42824
-0.42628
-0.42432
-0.42236
-0.42040
-0.41768
-0.41496
-0.41224
-0.40952
-0.40680
-0.40294
-0.39908
-0.39522
-0.39136
-0.38750
-0.38196
-0.37642
-0.37088
-0.36534
-0.35980
-0.35184
-0.34388
-0.33592
-0.32796
-0.32000
-0.30874
-0.29748
-0.28622
-0.27496
-0.26370
-0.24778
-0.23186
-0.21594
-0.20002
-0.18410
-0.16246
-0.14082
-0.11918
-0.09754
-0.07590
-0.04756
-0.01922
0.00912
0.03746
0.06580
0.10114
0.13648
0.17182
0.20716
0.24250
0.28346
0.32442
0.36538
0.40634
0.44730
0.49164
0.53598
0.58032
0.62466
0.66900
0.71390
0.75880
0.80370
0.84860
0.89350
0.93580
0.97810
1.02040
1.06270
1.10500
1.14344
1.18188
1.22032
1.25876
1.29720
1.33194
1.36668
1.40142
1.43616
1.47090
1.50080
1.53070
1.56060
1.59050
1.62040
1.64796
1.67552
1.70308
1.73064
1.75820
1.78294
1.80768
1.83242
1.85716
1.88190
1.90430
1.92670
1.94910
1.97150
1.99390
2.01364
2.03338
2.05312
2.07286
2.09260
2.11056
2.12852
2.14648
2.16444
2.18240
2.19880
2.21520
-0.46510
-0.46510
-0.46510
-0.46510
-0.46510
-0.46510
-0.46510
-0.46510
-0.46510
-0.46510
-0.46510
-0.46510
-0.46510
-0.46510
-0.46510
-0.46510
-0.46510
-0.46510
-0.46510
-0.46510
-0.46510
-0.46510
-0.46510
-0.46510
-0.46510
-0.46510
-0.46510
-0.46510
-0.46510
-0.46510
-0.46510
-0.46510
-0.46510
-0.46510
-0.46510
-0.46510
-0.46510
-0.46510
-0.46510
-0.46510
-0.46510
-0.46510
-0.46510
-0.46510
-0.46510
-0.46510
-0.46510
-0.46510
-0.46510
-0.46510
-0.46510
-0.46510
-0.46510
-0.46510
-0.46510
-0.46510
-0.46510
-0.46510
-0.46510
-0.46510
-0.46510
-0.46510
-0.46510
-0.46510
-0.46510
-0.46510
-0.46510
-0.46510
-0.46510
-0.46510
-0.46510
-0.46510
-0.46510
-0.46510
-0.46510
-0.46510
-0.46510
-0.46510
-0.46510
-0.46510
-0.46510
-0.46510
-0.46510
-0.46510
-0.46510
-0.46510
-0.46510
-0.46510
-0.46510
-0.46510
-0.46510
-0.46510
-0.46510
-0.46510
-0.46510
-0.46510
-0.46510
-0.46510
-0.46510
-0.46510
-0.46510
-0.46510
-0.46510
-0.46510
-0.46510
-0.46510
-0.46510
-0.46510
-0.46510
-0.46510
-0.46510
-0.46510
-0.46510
-0.46510
-0.46510
-0.46510
-0.46510
-0.46510
-0.46510
-0.46510
-0.46510
-0.46510
-0.46510
-0.46510
-0.46510
-0.46488
-0.46444
-0.46400
-0.46356
-0.46312
-0.46264
-0.46212
-0.46160
-0.46108
-0.46056
-0.46001
-0.45943
-0.45885
-0.45827
-0.45769
-0.45705
-0.45635
-0.45565
-0.45495
-0.45425
-0.45352
-0.45276
-0.45200
-0.45124
-0.45048
-0.44963
-0.44869
-0.44775
-0.44681
-0.44587
-0.44489
-0.44387
-0.44285
-0.44183
-0.44081
-0.43967
-0.43841
-0.43715
-0.43589
-0.43463
-0.43324
-0.43172
-0.43020
-0.42868
-0.42716
-0.42542
-0.42346
-0.42150
-0.41954
-0.41758
-0.41527
-0.41261
-0.40995
-0.40729
-0.40463
-0.40147
-0.39781
-0.39415
-0.39049
-0.38683
-0.38235
-0.37705
-0.37175
-0.36645
-0.36115
-0.35468
-0.34704
-0.33940
-0.33176
-0.32412
-0.31485
-0.30395
-0.29305
-0.28215
-0.27125
-0.25810
-0.24270
-0.22730
-0.21190
-0.19650
-0.17823
-0.15709
-0.13595
-0.11481
-0.09367
-0.06928
-0.04164
-0.01400
0.01364
0.04128
0.07242
0.10706
0.14170
0.17634
0.21098
0.24832
0.28836
0.32840
0.36844
0.40848
0.45037
0.49411
0.53785
0.58159
0.62533
0.66924
0.71332
0.75740
0.80148
0.84556
0.88893
0.93159
0.97425
1.01691
1.05957
1.10019
1.13877
1.17735
1.21593
1.25451
1.29161
1.32723
1.36285
1.39847
1.43409
1.46704
1.49732
1.52760
1.55788
1.58816
1.61729
1.64527
1.67325
1.70123
1.72921
1.75567
1.78061
1.80555
1.83049
1.85543
1.87883
1.90069
1.92255
1.94441
1.96627
1.98665
2.00555
2.02445
2.04335
2.06225
2.08032
2.09756
2.11480
2.13204
2.14928
2.16586
-0.46620
-0.46620
-0.46620
-0.46620
-0.46620
-0.46620
-0.46620
-0.46620
-0.46620
-0.46620
-0.46620
-0.46620
-0.46620
-0.46620
-0.46620
-0.46620
-0.46620
-0.46620
-0.46620
-0.46620
-0.46620
-0.46620
-0.46620
-0.46620
-0.46620
-0.46620
-0.46620
-0.46620
-0.46620
-0.46620
-0.46620
-0.46620
-0.46620
-0.46620
-0.46620
-0.46620
-0.46620
-0.46620
-0.46620
-0.46620
-0.46620
-0.46620
-0.46620
-0.46620
-0.46620
-0.46620
-0.46620
-0.46620
-0.46620
-0.46620
-0.46620
-0.46620
-0.46620
-0.46620
-0.46620
-0.46620
-0.46620
-0.46620
-0.46620
-0.46620
-0.46620
-0.46620
-0.46620
-0.46620
-0.46620
-0.46620
-0.46620
-0.46620
-0.46620
-0.46620
-0.46620
-0.46620
-0.46620
-0.46620
-0.46620
-0.46620
-0.46620
-0.46620
-0.46620
-0.46620
-0.46620
-0.46620
-0.46620
-0.46620
-0.46620
-0.46620
-0.46620
-0.46620
-0.46620
-0.46620
-0.46620
-0.46620
-0.46620
-0.46620
-0.46620
-0.46620
-0.46620
-0.46620
-0.46620
-0.46620
-0.46620
-0.46620
-0.46620
-0.46620
-0.46620
-0.46620
-0.46620
-0.46620
-0.46620
-0.46620
-0.46620
-0.46620
-0.46620
-0.46620
-0.46620
-0.46620
-0.46620
-0.46620
-0.46620
-0.46620
-0.46620
-0.46620
-0.46620
-0.46620
-0.46620
-0.46620
-0.46620
-0.46578
-0.46536
-0.46494
-0.46452
-0.46410
-0.46356
-0.46302
-0.46248
-0.46194
-0.46140
-0.46078
-0.46016
-0.45954
-0.45892
-0.45830
-0.45752
-0.45674
-0.45596
-0.45518
-0.45440
-0.45352
-0.45264
-0.45176
-0.45088
-0.45000
-0.44886
-0.44772
-0.44658
-0.44544
-0.44430
-0.44306
-0.44182
-0.44058
-0.43934
-0.43810
-0.43668
-0.43526
-0.43384
-0.43242
-0.43100
-0.42926
-0.42752
-0.42578
-0.42404
-0.42230
-0.42028
-0.41826
-0.41624
-0.41422
-0.41220
-0.40948
-0.40676
-0.40404
-0.40132
-0.39860
-0.39502
-0.39144
-0.38786
-0.38428
-0.38070
-0.37554
-0.37038
-0.36522
-0.36006
-0.35490
-0.34754
-0.34018
-0.33282
-0.32546
-0.31810
-0.30756
-0.29702
-0.28648
-0.27594
-0.26540
-0.25058
-0.23576
-0.22094
-0.20612
-0.19130
-0.17072
-0.15014
-0.12956
-0.10898
-0.08840
-0.06148
-0.03456
-0.00764
0.01928
0.04620
0.08012
0.11404
0.14796
0.18188
0.21580
0.25512
0.29444
0.33376
0.37308
0.41240
0.45562
0.49884
0.54206
0.58528
0.62850
0.67196
0.71542
0.75888
0.80234
0.84580
0.88856
0.93132
0.97408
1.01684
1.05960
1.09834
1.13708
1.17582
1.21456
1.25330
1.28938
1.32546
1.36154
1.39762
1.43370
1.46452
1.49534
1.52616
1.55698
1.58780
1.61594
1.64408
1.67222
1.70036
1.72850
1.75356
1.77862
1.80368
1.82874
1.85380
1.87474
1.89568
1.91662
1.93756
1.95850
1.97658
1.99466
2.01274
2.03082
2.04890
2.06542
2.08194
2.09846
2.11498
-0.46750
-0.46750
-0.46750
-0.46750
-0.46750
-0.46750
-0.46750
-0.46750
-0.46750
-0.46750
-0.46750
-0.46750
-0.46750
-0.46750
-0.46750
-0.46750
-0.46750
-0.46750
-0.46750
-0.46750
-0.46750
-0.46750
-0.46750
-0.46750
-0.46750
-0.46750
-0.46750
-0.46750
-0.46750
-0.46750
-0.46750
-0.46750
-0.46750
-0.46750
-0.46750
-0.46750
-0.46750
-0.46750
-0.46750
-0.46750
-0.46750
-0.46750
-0.46750
-0.46750
-0.46750
-0.46750
-0.46750
-0.46750
-0.46750
-0.46750
-0.46750
-0.46750
-0.46750
-0.46750
-0.46750
-0.46750
-0.46750
-0.46750
-0.46750
-0.46750
-0.46750
-0.46750
-0.46750
-0.46750
-0.46750
-0.46750
-0.46750
-0.46750
-0.46750
-0.46750
-0.46750
-0.46750
-0.46750
-0.46750
-0.46750
-0.46750
-0.46750
-0.46750
-0.46750
-0.46750
-0.46750
-0.46750
-0.46750
-0.46750
-0.46750
-0.46750
-0.46750
-0.46750
-0.46750
-0.46750
-0.46750
-0.46750
-0.46750
-0.46750
-0.46750
-0.46750
-0.46750
-0.46750
-0.46750
-0.46750
-0.46750
-0.46750
-0.46750
-0.46750
-0.46750
-0.46750
-0.46750
-0.46750
-0.46750
-0.46750
-0.46750
-0.46750
-0.46750
-0.46750
-0.46750
-0.46750
-0.46750
-0.46750
-0.46750
-0.46750
-0.46750
-0.46750
-0.46750
-0.46750
-0.46750
-0.46750
-0.46750
-0.46750
-0.46731
-0.46693
-0.46655
-0.46617
-0.46579
-0.46535
-0.46485
-0.46435
-0.46385
-0.46335
-0.46278
-0.46214
-0.46150
-0.46086
-0.46022
-0.45949
-0.45867
-0.45785
-0.45703
-0.45621
-0.45529
-0.45427
-0.45325
-0.45223
-0.45121
-0.45006
-0.44878
-0.44750
-0.44622
-0.44494
-0.44355
-0.44205
-0.44055
-0.43905
-0.43755
-0.43599
-0.43437
-0.43275
-0.43113
-0.42951
-0.42771
-0.42573
-0.42375
-0.42177
-0.41979
-0.41771
-0.41553
-0.41335
-0.41117
-0.40899
-0.40647
-0.40361
-0.40075
-0.39789
-0.39503
-0.39177
-0.38811
-0.38445
-0.38079
-0.37713
-0.37274
-0.36762
-0.36250
-0.35738
-0.35226
-0.34612
-0.33896
-0.33180
-0.32464
-0.31748
-0.30880
-0.29860
-0.28840
-0.27820
-0.26800
-0.25578
-0.24154
-0.22730
-0.21306
-0.19882
-0.18172
-0.16176
-0.14180
-0.12184
-0.10188
-0.07882
-0.05266
-0.02650
-0.00034
0.02582
0.05550
0.08870
0.12190
0.15510
0.18830
0.22424
0.26292
0.30160
0.34028
0.37896
0.41967
0.46241
0.50515
0.54789
0.59063
0.63352
0.67656
0.71960
0.76264
0.80568
0.84853
0.89119
0.93385
0.97651
1.01917
1.05996
1.09888
1.13780
1.17672
1.21564
1.25319
1.28937
1.32555
1.36173
1.39791
1.43168
1.46304
1.49440
1.52576
1.55712
1.58684
1.61492
1.64300
1.67108
1.69916
1.72568
1.75064
1.77560
1.80056
1.82552
1.84791
1.86773
1.88755
1.90737
1.92719
1.94576
1.96308
1.98040
1.99772
2.01504
2.03163
2.04749
2.06335
-0.46870
-0.46870
-0.46870
-0.46870
-0.46870
-0.46870
-0.46870
-0.46870
-0.46870
-0.46870
-0.46870
-0.46870
-0.46870
-0.46870
-0.46870
-0.46870
-0.46870
-0.46870
-0.46870
-0.46870
-0.46870
-0.46870
-0.46870
-0.46870
-0.46870
-0.46870
-0.46870
-0.46870
-0.46870
-0.46870
-0.46870
-0.46870
-0.46870
-0.46870
-0.46870
-0.46870
-0.46870
-0.46870
-0.46870
-0.46870
-0.46870
-0.46870
-0.46870
-0.46870
-0.46870
-0.46870
-0.46870
-0.46870
-0.46870
-0.46870
-0.46870
-0.46870
-0.46870
-0.46870
-0.46870
-0.46870
-0.46870
-0.46870
-0.46870
-0.46870
-0.46870
-0.46870
-0.46870
-0.46870
-0.46870
-0.46870
-0.46870
-0.46870
-0.46870
-0.46870
-0.46870
-0.46870
-0.46870
-0.46870
-0.46870
-0.46870
-0.46870
-0.46870
-0.46870
-0.46870
-0.46870
-0.46870
-0.46870
-0.46870
-0.46870
-0.46870
-0.46870
-0.46870
-0.46870
-0.46870
-0.46870
-0.46870
-0.46870
-0.46870
-0.46870
-0.46870
-0.46870
-0.46870
-0.46870
-0.46870
-0.46870
-0.46870
-0.46870
-0.46870
-0.46870
-0.46870
-0.46870
-0.46870
-0.46870
-0.46870
-0.46870
-0.46870
-0.46870
-0.46870
-0.46870
-0.46870
-0.46870
-0.46870
-0.46870
-0.46870
-0.46870
-0.46870
-0.46870
-0.46870
-0.46870
-0.46870
-0.46870
-0.46870
-0.46870
-0.46870
-0.46838
-0.46806
-0.46774
-0.46742
-0.46710
-0.46666
-0.46622
-0.46578
-0.46534
-0.46490
-0.46430
-0.46370
-0.46310
-0.46250
-0.46190
-0.46106
-0.46022
-0.45938
-0.45854
-0.45770
-0.45664
-0.45558
-0.45452
-0.45346
-0.45240
-0.45104
-0.44968
-0.44832
-0.44696
-0.44560
-0.44390
-0.44220
-0.44050
-0.43880
-0.43710
-0.43528
-0.43346
-0.43164
-0.42982
-0.42800
-0.42576
-0.42352
-0.42128
-0.41904
-0.41680
-0.41436
-0.41192
-0.40948
-0.40704
-0.40460
-0.40148
-0.39836
-0.39524
-0.39212
-0.38900
-0.38512
-0.38124
-0.37736
-0.37348
-0.36960
-0.36442
-0.35924
-0.35406
-0.34888
-0.34370
-0.33664
-0.32958
-0.32252
-0.31546
-0.30840
-0.29848
-0.28856
-0.27864
-0.26872
-0.25880
-0.24506
-0.23132
-0.21758
-0.20384
-0.19010
-0.17084
-0.15158
-0.13232
-0.11306
-0.09380
-0.06838
-0.04296
-0.01754
0.00788
0.03330
0.06566
0.09802
0.13038
0.16274
0.19510
0.23322
0.27134
0.30946
0.34758
0.38570
0.42794
0.47018
0.51242
0.55466
0.59690
0.63970
0.68250
0.72530
0.76810
0.81090
0.85332
0.89574
0.93816
0.98058
1.02300
1.06214
1.10128
1.14042
1.17956
1.21870
1.25468
1.29066
1.32664
1.36262
1.39860
1.43036
1.46212
1.49388
1.52564
1.55740
1.58514
1.61288
1.64062
1.66836
1.69610
1.72068
1.74526
1.76984
1.79442
1.81900
1.83770
1.85640
1.87510
1.89380
1.91250
1.92910
1.94570
1.96230
1.97890
1.99550
2.01076
-0.46970
-0.46970
-0.46970
-0.46970
-0.46970
-0.46970
-0.46970
-0.46970
-0.46970
-0.46970
-0.46970
-0.46970
-0.46970
-0.46970
-0.46970
-0.46970
-0.46970
-0.46970
-0.46970
-0.46970
-0.46970
-0.46970
-0.46970
-0.46970
-0.46970
-0.46970
-0.46970
-0.46970
-0.46970
-0.46970
-0.46970
-0.46970
-0.46970
-0.46970
-0.46970
-0.46970
-0.46970
-0.46970
-0.46970
-0.46970
-0.46970
-0.46970
-0.46970
-0.46970
-0.46970
-0.46970
-0.46970
-0.46970
-0.46970
-0.46970
-0.46970
-0.46970
-0.46970
-0.46970
-0.46970
-0.46970
-0.46970
-0.46970
-0.46970
-0.46970
-0.46970
-0.46970
-0.46970
-0.46970
-0.46970
-0.46970
-0.46970
-0.46970
-0.46970
-0.46970
-0.46970
-0.46970
-0.46970
-0.46970
-0.46970
-0.46970
-0.46970
-0.46970
-0.46970
-0.46970
-0.46970
-0.46970
-0.46970
-0.46970
-0.46970
-0.46970
-0.46970
-0.46970
-0.46970
-0.46970
-0.46970
-0.46970
-0.46970
-0.46970
-0.46970
-0.46970
-0.46970
-0.46970
-0.46970
-0.46970
-0.46970
-0.46970
-0.46970
-0.46970
-0.46970
-0.46970
-0.46970
-0.46970
-0.46970
-0.46970
-0.46970
-0.46970
-0.46970
-0.46970
-0.46970
-0.46970
-0.46970
-0.46970
-0.46970
-0.46970
-0.46970
-0.46970
-0.46970
-0.46970
-0.46970
-0.46970
-0.46970
-0.46970
-0.46970
-0.46970
-0.46970
-0.46958
-0.46934
-0.46910
-0.46886
-0.46862
-0.46831
-0.46793
-0.46755
-0.46717
-0.46679
-0.46633
-0.46579
-0.46525
-0.46471
-0.46417
-0.46352
-0.46276
-0.46200
-0.46124
-0.46048
-0.45958
-0.45854
-0.45750
-0.45646
-0.45542
-0.45424
-0.45292
-0.45160
-0.45028
-0.44896
-0.44742
-0.44566
-0.44390
-0.44214
-0.44038
-0.43851
-0.43653
-0.43455
-0.43257
-0.43059
-0.42836
-0.42588
-0.42340
-0.42092
-0.41844
-0.41579
-0.41297
-0.41015
-0.40733
-0.40451
-0.40137
-0.39791
-0.39445
-0.39099
-0.38753
-0.38367
-0.37941
-0.37515
-0.37089
-0.36663
-0.36183
-0.35649
-0.35115
-0.34581
-0.34047
-0.33423
-0.32709
-0.31995
-0.31281
-0.30567
-0.29725
-0.28755
-0.27785
-0.26815
-0.25845
-0.24693
-0.23359
-0.22025
-0.20691
-0.19357
-0.17763
-0.15909
-0.14055
-0.12201
-0.10347
-0.08186
-0.05718
-0.03250
-0.00782
0.01686
0.04490
0.07630
0.10770
0.13910
0.17050
0.20497
0.24251
0.28005
0.31759
0.35513
0.39474
0.43642
0.47810
0.51978
0.56146
0.60366
0.64638
0.68910
0.73182
0.77454
0.81697
0.85911
0.90125
0.94339
0.98553
1.02631
1.06573
1.10515
1.14457
1.18399
1.22148
1.25704
1.29260
1.32816
1.36372
1.39740
1.42920
1.46100
1.49280
1.52460
1.55410
1.58130
1.60850
1.63570
1.66290
1.68836
1.71208
1.73580
1.75952
1.78324
1.80399
1.82177
1.83955
1.85733
1.87511
1.89200
1.90800
1.92400
1.94000
1.95600
-0.47040
-0.47040
-0.47040
-0.47040
-0.47040
-0.47040
-0.47040
-0.47040
-0.47040
-0.47040
-0.47040
-0.47040
-0.47040
-0.47040
-0.47040
-0.47040
-0.47040
-0.47040
-0.47040
-0.47040
-0.47040
-0.47040
-0.47040
-0.47040
-0.47040
-0.47040
-0.47040
-0.47040
-0.47040
-0.47040
-0.47040
-0.47040
-0.47040
-0.47040
-0.47040
-0.47040
-0.47040
-0.47040
-0.47040
-0.47040
-0.47040
-0.47040
-0.47040
-0.47040
-0.47040
-0.47040
-0.47040
-0.47040
-0.47040
-0.47040
-0.47040
-0.47040
-0.47040
-0.47040
-0.47040
-0.47040
-0.47040
-0.47040
-0.47040
-0.47040
-0.47040
-0.47040
-0.47040
-0.47040
-0.47040
-0.47040
-0.47040
-0.47040
-0.47040
-0.47040
-0.47040
-0.47040
-0.47040
-0.47040
-0.47040
-0.47040
-0.47040
-0.47040
-0.47040
-0.47040
-0.47040
-0.47040
-0.47040
-0.47040
-0.47040
-0.47040
-0.47040
-0.47040
-0.47040
-0.47040
-0.47040
-0.47040
-0.47040
-0.47040
-0.47040
-0.47040
-0.47040
-0.47040
-0.47040
-0.47040
-0.47040
-0.47040
-0.47040
-0.47040
-0.47040
-0.47040
-0.47040
-0.47040
-0.47040
-0.47040
-0.47040
-0.47040
-0.47040
-0.47040
-0.47040
-0.47040
-0.47040
-0.47040
-0.47040
-0.47040
-0.47040
-0.47040
-0.47040
-0.47040
-0.47040
-0.47040
-0.47040
-0.47040
-0.47040
-0.47040
-0.47040
-0.47040
-0.47040
-0.47022
-0.47004
-0.46986
-0.46968
-0.46950
-0.46920
-0.46890
-0.46860
-0.46830
-0.46800
-0.46756
-0.46712
-0.46668
-0.46624
-0.46580
-0.46516
-0.46452
-0.46388
-0.46324
-0.46260
-0.46170
-0.46080
-0.45990
-0.45900
-0.45810
-0.45690
-0.45570
-0.45450
-0.45330
-0.45210
-0.45042
-0.44874
-0.44706
-0.44538
-0.44370
-0.44164
-0.43958
-0.43752
-0.43546
-0.43340
-0.43074
-0.42808
-0.42542
-0.42276
-0.42010
-0.41684
-0.41358
-0.41032
-0.40706
-0.40380
-0.39996
-0.39612
-0.39228
-0.38844
-0.38460
-0.37986
-0.37512
-0.37038
-0.36564
-0.36090
-0.35528
-0.34966
-0.34404
-0.33842
-0.33280
-0.32546
-0.31812
-0.31078
-0.30344
-0.29610
-0.28644
-0.27678
-0.26712
-0.25746
-0.24780
-0.23468
-0.22156
-0.20844
-0.19532
-0.18220
-0.16434
-0.14648
-0.12862
-0.11076
-0.09290
-0.06894
-0.04498
-0.02102
0.00294
0.02690
0.05728
0.08766
0.11804
0.14842
0.17880
0.21570
0.25260
0.28950
0.32640
0.36330
0.40434
0.44538
0.48642
0.52746
0.56850
0.61116
0.65382
0.69648
0.73914
0.78180
0.82366
0.86552
0.90738
0.94924
0.99110
1.03074
1.07038
1.11002
1.14966
1.18930
1.22424
1.25918
1.29412
1.32906
1.36400
1.39546
1.42692
1.45838
1.48984
1.52130
1.54776
1.57422
1.60068
1.62714
1.65360
1.67608
1.69856
1.72104
1.74352
1.76600
1.78310
1.80020
1.81730
1.83440
1.85150
1.86700
1.88250
1.89800
-0.47090
-0.47090
-0.47090
-0.47090
-0.47090
-0.47090
-0.47090
-0.47090
-0.47090
-0.47090
-0.47090
-0.47090
-0.47090
-0.47090
-0.47090
-0.47090
-0.47090
-0.47090
-0.47090
-0.47090
-0.47090
-0.47090
-0.47090
-0.47090
-0.47090
-0.47090
-0.47090
-0.47090
-0.47090
-0.47090
-0.47090
-0.47090
-0.47090
-0.47090
-0.47090
-0.47090
-0.47090
-0.47090
-0.47090
-0.47090
-0.47090
-0.47090
-0.47090
-0.47090
-0.47090
-0.47090
-0.47090
-0.47090
-0.47090
-0.47090
-0.47090
-0.47090
-0.47090
-0.47090
-0.47090
-0.47090
-0.47090
-0.47090
-0.47090
-0.47090
-0.47090
-0.47090
-0.47090
-0.47090
-0.47090
-0.47090
-0.47090
-0.47090
-0.47090
-0.47090
-0.47090
-0.47090
-0.47090
-0.47090
-0.47090
-0.47090
-0.47090
-0.47090
-0.47090
-0.47090
-0.47090
-0.47090
-0.47090
-0.47090
-0.47090
-0.47090
-0.47090
-0.47090
-0.47090
-0.47090
-0.47090
-0.47090
-0.47090
-0.47090
-0.47090
-0.47090
-0.47090
-0.47090
-0.47090
-0.47090
-0.47090
-0.47090
-0.47090
-0.47090
-0.47090
-0.47090
-0.47090
-0.47090
-0.47090
-0.47090
-0.47090
-0.47090
-0.47090
-0.47090
-0.47090
-0.47090
-0.47090
-0.47090
-0.47090
-0.47090
-0.47090
-0.47090
-0.47090
-0.47090
-0.47090
-0.47090
-0.47090
-0.47090
-0.47090
-0.47090
-0.47090
-0.47090
-0.47090
-0.47090
-0.47084
-0.47072
-0.47060
-0.47048
-0.47036
-0.47018
-0.46994
-0.46970
-0.46946
-0.46922
-0.46894
-0.46862
-0.46830
-0.46798
-0.46766
-0.46725
-0.46675
-0.46625
-0.46575
-0.46525
-0.46463
-0.46389
-0.46315
-0.46241
-0.46167
-0.46079
-0.45977
-0.45875
-0.45773
-0.45671
-0.45545
-0.45395
-0.45245
-0.45095
-0.44945
-0.44768
-0.44564
-0.44360
-0.44156
-0.43952
-0.43714
-0.43442
-0.43170
-0.42898
-0.42626
-0.42311
-0.41953
-0.41595
-0.41237
-0.40879
-0.40491
-0.40073
-0.39655
-0.39237
-0.38819
-0.38348
-0.37824
-0.37300
-0.36776
-0.36252
-0.35688
-0.35084
-0.34480
-0.33876
-0.33272
-0.32583
-0.31809
-0.31035
-0.30261
-0.29487
-0.28608
-0.27624
-0.26640
-0.25656
-0.24672
-0.23526
-0.22218
-0.20910
-0.19602
-0.18294
-0.16772
-0.15036
-0.13300
-0.11564
-0.09828
-0.07794
-0.05462
-0.03130
-0.00798
0.01534
0.04172
0.07116
0.10060
0.13004
0.15948
0.19228
0.22844
0.26460
0.30076
0.33692
0.37517
0.41551
0.45585
0.49619
0.53653
0.57794
0.62042
0.66290
0.70538
0.74786
0.78985
0.83135
0.87285
0.91435
0.95585
0.99638
1.03594
1.07550
1.11506
1.15462
1.19151
1.22573
1.25995
1.29417
1.32839
1.36087
1.39161
1.42235
1.45309
1.48383
1.51198
1.53754
1.56310
1.58866
1.61422
1.63754
1.65862
1.67970
1.70078
1.72186
1.74068
1.75724
1.77380
1.79036
1.80692
1.82276
1.83788
-0.47130
-0.47130
-0.47130
-0.47130
-0.47130
-0.47130
-0.47130
-0.47130
-0.47130
-0.47130
-0.47130
-0.47130
-0.47130
-0.47130
-0.47130
-0.47130
-0.47130
-0.47130
-0.47130
-0.47130
-0.47130
-0.47130
-0.47130
-0.47130
-0.47130
-0.47130
-0.47130
-0.47130
-0.47130
-0.47130
-0.47130
-0.47130
-0.47130
-0.47130
-0.47130
-0.47130
-0.47130
-0.47130
-0.47130
-0.47130
-0.47130
-0.47130
-0.47130
-0.47130
-0.47130
-0.47130
-0.47130
-0.47130
-0.47130
-0.47130
-0.47130
-0.47130
-0.47130
-0.47130
-0.47130
-0.47130
-0.47130
-0.47130
-0.47130
-0.47130
-0.47130
-0.47130
-0.47130
-0.47130
-0.47130
-0.47130
-0.47130
-0.47130
-0.47130
-0.47130
-0.47130
-0.47130
-0.47130
-0.47130
-0.47130
-0.47130
-0.47130
-0.47130
-0.47130
-0.47130
-0.47130
-0.47130
-0.47130
-0.47130
-0.47130
-0.47130
-0.47130
-0.47130
-0.47130
-0.47130
-0.47130
-0.47130
-0.47130
-0.47130
-0.47130
-0.47130
-0.47130
-0.47130
-0.47130
-0.47130
-0.47130
-0.47130
-0.47130
-0.47130
-0.47130
-0.47130
-0.47130
-0.47130
-0.47130
-0.47130
-0.47130
-0.47130
-0.47130
-0.47130
-0.47130
-0.47130
-0.47130
-0.47130
-0.47130
-0.47130
-0.47130
-0.47130
-0.47130
-0.47130
-0.47130
-0.47130
-0.47130
-0.47130
-0.47130
-0.47130
-0.47130
-0.47130
-0.47130
-0.47130
-0.47130
-0.47130
-0.47120
-0.47110
-0.47100
-0.47090
-0.47080
-0.47064
-0.47048
-0.47032
-0.47016
-0.47000
-0.46974
-0.46948
-0.46922
-0.46896
-0.46870
-0.46834
-0.46798
-0.46762
-0.46726
-0.46690
-0.46632
-0.46574
-0.46516
-0.46458
-0.46400
-0.46316
-0.46232
-0.46148
-0.46064
-0.45980
-0.45852
-0.45724
-0.45596
-0.45468
-0.45340
-0.45152
-0.44964
-0.44776
-0.44588
-0.44400
-0.44142
-0.43884
-0.43626
-0.43368
-0.43110
-0.42746
-0.42382
-0.42018
-0.41654
-0.41290
-0.40852
-0.40414
-0.39976
-0.39538
-0.39100
-0.38534
-0.37968
-0.37402
-0.36836
-0.36270
-0.35606
-0.34942
-0.34278
-0.33614
-0.32950
-0.32120
-0.31290
-0.30460
-0.29630
-0.28800
-0.27766
-0.26732
-0.25698
-0.24664
-0.23630
-0.22304
-0.20978
-0.19652
-0.18326
-0.17000
-0.15278
-0.13556
-0.11834
-0.10112
-0.08390
-0.06108
-0.03826
-0.01544
0.00738
0.03020
0.05890
0.08760
0.11630
0.14500
0.17370
0.20900
0.24430
0.27960
0.31490
0.35020
0.38978
0.42936
0.46894
0.50852
0.54810
0.59014
0.63218
0.67422
0.71626
0.75830
0.79924
0.84018
0.88112
0.92206
0.96300
1.00196
1.04092
1.07988
1.11884
1.15780
1.19126
1.22472
1.25818
1.29164
1.32510
1.35478
1.38446
1.41414
1.44382
1.47350
1.49808
1.52266
1.54724
1.57182
1.59640
1.61606
1.63572
1.65538
1.67504
1.69470
1.71082
1.72694
1.74306
1.75918
1.77530
-0.47150
-0.47150
-0.47150
-0.47150
-0.47150
-0.47150
-0.47150
-0.47150
-0.47150
-0.47150
-0.47150
-0.47150
-0.47150
-0.47150
-0.47150
-0.47150
-0.47150
-0.47150
-0.47150
-0.47150
-0.47150
-0.47150
-0.47150
-0.47150
-0.47150
-0.47150
-0.47150
-0.47150
-0.47150
-0.47150
-0.47150
-0.47150
-0.47150
-0.47150
-0.47150
-0.47150
-0.47150
-0.47150
-0.47150
-0.47150
-0.47150
-0.47150
-0.47150
-0.47150
-0.47150
-0.47150
-0.47150
-0.47150
-0.47150
-0.47150
-0.47150
-0.47150
-0.47150
-0.47150
-0.47150
-0.47150
-0.47150
-0.47150
-0.47150
-0.47150
-0.47150
-0.47150
-0.47150
-0.47150
-0.47150
-0.47150
-0.47150
-0.47150
-0.47150
-0.47150
-0.47150
-0.47150
-0.47150
-0.47150
-0.47150
-0.47150
-0.47150
-0.47150
-0.47150
-0.47150
-0.47150
-0.47150
-0.47150
-0.47150
-0.47150
-0.47150
-0.47150
-0.47150
-0.47150
-0.47150
-0.47150
-0.47150
-0.47150
-0.47150
-0.47150
-0.47150
-0.47150
-0.47150
-0.47150
-0.47150
-0.47150
-0.47150
-0.47150
-0.47150
-0.47150
-0.47150
-0.47150
-0.47150
-0.47150
-0.47150
-0.47150
-0.47150
-0.47150
-0.47150
-0.47150
-0.47150
-0.47150
-0.47150
-0.47150
-0.47150
-0.47150
-0.47150
-0.47150
-0.47150
-0.47150
-0.47150
-0.47150
-0.47150
-0.47150
-0.47150
-0.47150
-0.47150
-0.47150
-0.47150
-0.47150
-0.47150
-0.47150
-0.47146
-0.47138
-0.47130
-0.47122
-0.47114
-0.47104
-0.47092
-0.47080
-0.47068
-0.47056
-0.47041
-0.47023
-0.47005
-0.46987
-0.46969
-0.46946
-0.46918
-0.46890
-0.46862
-0.46834
-0.46797
-0.46751
-0.46705
-0.46659
-0.46613
-0.46556
-0.46488
-0.46420
-0.46352
-0.46284
-0.46198
-0.46094
-0.45990
-0.45886
-0.45782
-0.45649
-0.45487
-0.45325
-0.45163
-0.45001
-0.44806
-0.44578
-0.44350
-0.44122
-0.43894
-0.43611
-0.43273
-0.42935
-0.42597
-0.42259
-0.41870
-0.41430
-0.40990
-0.40550
-0.40110
-0.39597
-0.39011
-0.38425
-0.37839
-0.37253
-0.36593
-0.35859
-0.35125
-0.34391
-0.33657
-0.32842
-0.31946
-0.31050
-0.30154
-0.29258
-0.28253
-0.27139
-0.26025
-0.24911
-0.23797
-0.22556
-0.21188
-0.19820
-0.18452
-0.17084
-0.15527
-0.13781
-0.12035
-0.10289
-0.08543
-0.06542
-0.04286
-0.02030
0.00226
0.02482
0.05022
0.07846
0.10670
0.13494
0.16318
0.19449
0.22887
0.26325
0.29763
0.33201
0.36860
0.40740
0.44620
0.48500
0.52380
0.56379
0.60497
0.64615
0.68733
0.72851
0.76920
0.80940
0.84960
0.88980
0.93000
0.96899
1.00677
1.04455
1.08233
1.12011
1.15533
1.18799
1.22065
1.25331
1.28597
1.31646
1.34478
1.37310
1.40142
1.42974
1.45568
1.47924
1.50280
1.52636
1.54992
1.57090
1.58930
1.60770
1.62610
1.64450
1.66154
1.67722
1.69290
1.70858
-0.47170
-0.47170
-0.47170
-0.47170
-0.47170
-0.47170
-0.47170
-0.47170
-0.47170
-0.47170
-0.47170
-0.47170
-0.47170
-0.47170
-0.47170
-0.47170
-0.47170
-0.47170
-0.47170
-0.47170
-0.47170
-0.47170
-0.47170
-0.47170
-0.47170
-0.47170
-0.47170
-0.47170
-0.47170
-0.47170
-0.47170
-0.47170
-0.47170
-0.47170
-0.47170
-0.47170
-0.47170
-0.47170
-0.47170
-0.47170
-0.47170
-0.47170
-0.47170
-0.47170
-0.47170
-0.47170
-0.47170
-0.47170
-0.47170
-0.47170
-0.47170
-0.47170
-0.47170
-0.47170
-0.47170
-0.47170
-0.47170
-0.47170
-0.47170
-0.47170
-0.47170
-0.47170
-0.47170
-0.47170
-0.47170
-0.47170
-0.47170
-0.47170
-0.47170
-0.47170
-0.47170
-0.47170
-0.47170
-0.47170
-0.47170
-0.47170
-0.47170
-0.47170
-0.47170
-0.47170
-0.47170
-0.47170
-0.47170
-0.47170
-0.47170
-0.47170
-0.47170
-0.47170
-0.47170
-0.47170
-0.47170
-0.47170
-0.47170
-0.47170
-0.47170
-0.47170
-0.47170
-0.47170
-0.47170
-0.47170
-0.47170
-0.47170
-0.47170
-0.47170
-0.47170
-0.47170
-0.47170
-0.47170
-0.47170
-0.47170
-0.47170
-0.47170
-0.47170
-0.47170
-0.47170
-0.47170
-0.47170
-0.47170
-0.47170
-0.47170
-0.47170
-0.47170
-0.47170
-0.47170
-0.47170
-0.47170
-0.47170
-0.47170
-0.47170
-0.47170
-0.47170
-0.47170
-0.47170
-0.47170
-0.47170
-0.47170
-0.47170
-0.47170
-0.47170
-0.47164
-0.47158
-0.47152
-0.47146
-0.47140
-0.47130
-0.47120
-0.47110
-0.47100
-0.47090
-0.47076
-0.47062
-0.47048
-0.47034
-0.47020
-0.46998
-0.46976
-0.46954
-0.46932
-0.46910
-0.46872
-0.46834
-0.46796
-0.46758
-0.46720
-0.46666
-0.46612
-0.46558
-0.46504
-0.46450
-0.46366
-0.46282
-0.46198
-0.46114
-0.46030
-0.45900
-0.45770
-0.45640
-0.45510
-0.45380
-0.45188
-0.44996
-0.44804
-0.44612
-0.44420
-0.44124
-0.43828
-0.43532
-0.43236
-0.42940
-0.42520
-0.42100
-0.41680
-0.41260
-0.40840
-0.40256
-0.39672
-0.39088
-0.38504
-0.37920
-0.37136
-0.36352
-0.35568
-0.34784
-0.34000
-0.33044
-0.32088
-0.31132
-0.30176
-0.29220
-0.28018
-0.26816
-0.25614
-0.24412
-0.23210
-0.21770
-0.20330
-0.18890
-0.17450
-0.16010
-0.14206
-0.12402
-0.10598
-0.08794
-0.06990
-0.04730
-0.02470
-0.00210
0.02050
0.04310
0.07110
0.09910
0.12710
0.15510
0.18310
0.21662
0.25014
0.28366
0.31718
0.35070
0.38870
0.42670
0.46470
0.50270
0.54070
0.58078
0.62086
0.66094
0.70102
0.74110
0.78026
0.81942
0.85858
0.89774
0.93690
0.97316
1.00942
1.04568
1.08194
1.11820
1.14988
1.18156
1.21324
1.24492
1.27660
1.30336
1.33012
1.35688
1.38364
1.41040
1.43284
1.45528
1.47772
1.50016
1.52260
1.53998
1.55736
1.57474
1.59212
1.60950
1.62486
1.64022
-0.47190
-0.47190
-0.47190
-0.47190
-0.47190
-0.47190
-0.47190
-0.47190
-0.47190
-0.47190
-0.47190
-0.47190
-0.47190
-0.47190
-0.47190
-0.47190
-0.47190
-0.47190
-0.47190
-0.47190
-0.47190
-0.47190
-0.47190
-0.47190
-0.47190
-0.47190
-0.47190
-0.47190
-0.47190
-0.47190
-0.47190
-0.47190
-0.47190
-0.47190
-0.47190
-0.47190
-0.47190
-0.47190
-0.47190
-0.47190
-0.47190
-0.47190
-0.47190
-0.47190
-0.47190
-0.47190
-0.47190
-0.47190
-0.47190
-0.47190
-0.47190
-0.47190
-0.47190
-0.47190
-0.47190
-0.47190
-0.47190
-0.47190
-0.47190
-0.47190
-0.47190
-0.47190
-0.47190
-0.47190
-0.47190
-0.47190
-0.47190
-0.47190
-0.47190
-0.47190
-0.47190
-0.47190
-0.47190
-0.47190
-0.47190
-0.47190
-0.47190
-0.47190
-0.47190
-0.47190
-0.47190
-0.47190
-0.47190
-0.47190
-0.47190
-0.47190
-0.47190
-0.47190
-0.47190
-0.47190
-0.47190
-0.47190
-0.47190
-0.47190
-0.47190
-0.47190
-0.47190
-0.47190
-0.47190
-0.47190
-0.47190
-0.47190
-0.47190
-0.47190
-0.47190
-0.47190
-0.47190
-0.47190
-0.47190
-0.47190
-0.47190
-0.47190
-0.47190
-0.47190
-0.47190
-0.47190
-0.47190
-0.47190
-0.47190
-0.47190
-0.47190
-0.47190
-0.47190
-0.47190
-0.47190
-0.47190
-0.47190
-0.47190
-0.47190
-0.47190
-0.47190
-0.47190
-0.47190
-0.47190
-0.47190
-0.47190
-0.47190
-0.47190
-0.47190
-0.47190
-0.47187
-0.47181
-0.47175
-0.47169
-0.47163
-0.47156
-0.47148
-0.47140
-0.47132
-0.47124
-0.47114
-0.47102
-0.47090
-0.47078
-0.47066
-0.47051
-0.47033
-0.47015
-0.46997
-0.46979
-0.46955
-0.46925
-0.46895
-0.46865
-0.46835
-0.46797
-0.46751
-0.46705
-0.46659
-0.46613
-0.46557
-0.46491
-0.46425
-0.46359
-0.46293
-0.46208
-0.46104
-0.46000
-0.45896
-0.45792
-0.45660
-0.45500
-0.45340
-0.45180
-0.45020
-0.44815
-0.44565
-0.44315
-0.44065
-0.43815
-0.43500
-0.43120
-0.42740
-0.42360
-0.41980
-0.41515
-0.40965
-0.40415
-0.39865
-0.39315
-0.38647
-0.37861
-0.37075
-0.36289
-0.35503
-0.34612
-0.33616
-0.32620
-0.31624
-0.30628
-0.29488
-0.28204
-0.26920
-0.25636
-0.24352
-0.22941
-0.21403
-0.19865
-0.18327
-0.16789
-0.15076
-0.13188
-0.11300
-0.09412
-0.07524
-0.05431
-0.03133
-0.00835
0.01463
0.03761
0.06309
0.09107
0.11905
0.14703
0.17501
0.20544
0.23832
0.27120
0.30408
0.33696
0.37199
0.40917
0.44635
0.48353
0.52071
0.55869
0.59747
0.63625
0.67503
0.71381
0.75215
0.79005
0.82795
0.86585
0.90375
0.93997
0.97451
1.00905
1.04359
1.07813
1.11063
1.14109
1.17155
1.20201
1.23247
1.26024
1.28532
1.31040
1.33548
1.36056
1.38372
1.40496
1.42620
1.44744
1.46868
1.48760
1.50420
1.52080
1.53740
1.55400
1.56990
-0.47210
-0.47210
-0.47210
-0.47210
-0.47210
-0.47210
-0.47210
-0.47210
-0.47210
-0.47210
-0.47210
-0.47210
-0.47210
-0.47210
-0.47210
-0.47210
-0.47210
-0.47210
-0.47210
-0.47210
-0.47210
-0.47210
-0.47210
-0.47210
-0.47210
-0.47210
-0.47210
-0.47210
-0.47210
-0.47210
-0.47210
-0.47210
-0.47210
-0.47210
-0.47210
-0.47210
-0.47210
-0.47210
-0.47210
-0.47210
-0.47210
-0.47210
-0.47210
-0.47210
-0.47210
-0.47210
-0.47210
-0.47210
-0.47210
-0.47210
-0.47210
-0.47210
-0.47210
-0.47210
-0.47210
-0.47210
-0.47210
-0.47210
-0.47210
-0.47210
-0.47210
-0.47210
-0.47210
-0.47210
-0.47210
-0.47210
-0.47210
-0.47210
-0.47210
-0.47210
-0.47210
-0.47210
-0.47210
-0.47210
-0.47210
-0.47210
-0.47210
-0.47210
-0.47210
-0.47210
-0.47210
-0.47210
-0.47210
-0.47210
-0.47210
-0.47210
-0.47210
-0.47210
-0.47210
-0.47210
-0.47210
-0.47210
-0.47210
-0.47210
-0.47210
-0.47210
-0.47210
-0.47210
-0.47210
-0.47210
-0.47210
-0.47210
-0.47210
-0.47210
-0.47210
-0.47210
-0.47210
-0.47210
-0.47210
-0.47210
-0.47210
-0.47210
-0.47210
-0.47210
-0.47210
-0.47210
-0.47210
-0.47210
-0.47210
-0.47210
-0.47210
-0.47210
-0.47210
-0.47210
-0.47210
-0.47210
-0.47210
-0.47210
-0.47210
-0.47210
-0.47210
-0.47210
-0.47210
-0.47210
-0.47210
-0.47210
-0.47210
-0.47210
-0.47210
-0.47210
-0.47210
-0.47210
-0.47204
-0.47198
-0.47192
-0.47186
-0.47180
-0.47172
-0.47164
-0.47156
-0.47148
-0.47140
-0.47130
-0.47120
-0.47110
-0.47100
-0.47090
-0.47074
-0.47058
-0.47042
-0.47026
-0.47010
-0.46986
-0.46962
-0.46938
-0.46914
-0.46890
-0.46854
-0.46818
-0.46782
-0.46746
-0.46710
-0.46654
-0.46598
-0.46542
-0.46486
-0.46430
-0.46344
-0.46258
-0.46172
-0.46086
-0.46000
-0.45868
-0.45736
-0.45604
-0.45472
-0.45340
-0.45130
-0.44920
-0.44710
-0.44500
-0.44290
-0.43960
-0.43630
-0.43300
-0.42970
-0.42640
-0.42150
-0.41660
-0.41170
-0.40680
-0.40190
-0.39448
-0.38706
-0.37964
-0.37222
-0.36480
-0.35478
-0.34476
-0.33474
-0.32472
-0.31470
-0.30132
-0.28794
-0.27456
-0.26118
-0.24780
-0.23132
-0.21484
-0.19836
-0.18188
-0.16540
-0.14554
-0.12568
-0.10582
-0.08596
-0.06610
-0.04238
-0.01866
0.00506
0.02878
0.05250
0.08066
0.10882
0.13698
0.16514
0.19330
0.22580
0.25830
0.29080
0.32330
0.35580
0.39212
0.42844
0.46476
0.50108
0.53740
0.57482
0.61224
0.64966
0.68708
0.72450
0.76088
0.79726
0.83364
0.87002
0.90640
0.93916
0.97192
1.00468
1.03744
1.07020
1.09918
1.12816
1.15714
1.18612
1.21510
1.23854
1.26198
1.28542
1.30886
1.33230
1.35232
1.37234
1.39236
1.41238
1.43240
1.44846
1.46452
1.48058
1.49664
-0.47230
-0.47230
-0.47230
-0.47230
-0.47230
-0.47230
-0.47230
-0.47230
-0.47230
-0.47230
-0.47230
-0.47230
-0.47230
-0.47230
-0.47230
-0.47230
-0.47230
-0.47230
-0.47230
-0.47230
-0.47230
-0.47230
-0.47230
-0.47230
-0.47230
-0.47230
-0.47230
-0.47230
-0.47230
-0.47230
-0.47230
-0.47230
-0.47230
-0.47230
-0.47230
-0.47230
-0.47230
-0.47230
-0.47230
-0.47230
-0.47230
-0.47230
-0.47230
-0.47230
-0.47230
-0.47230
-0.47230
-0.47230
-0.47230
-0.47230
-0.47230
-0.47230
-0.47230
-0.47230
-0.47230
-0.47230
-0.47230
-0.47230
-0.47230
-0.47230
-0.47230
-0.47230
-0.47230
-0.47230
-0.47230
-0.47230
-0.47230
-0.47230
-0.47230
-0.47230
-0.47230
-0.47230
-0.47230
-0.47230
-0.47230
-0.47230
-0.47230
-0.47230
-0.47230
-0.47230
-0.47230
-0.47230
-0.47230
-0.47230
-0.47230
-0.47230
-0.47230
-0.47230
-0.47230
-0.47230
-0.47230
-0.47230
-0.47230
-0.47230
-0.47230
-0.47230
-0.47230
-0.47230
-0.47230
-0.47230
-0.47230
-0.47230
-0.47230
-0.47230
-0.47230
-0.47230
-0.47230
-0.47230
-0.47230
-0.47230
-0.47230
-0.47230
-0.47230
-0.47230
-0.47230
-0.47230
-0.47230
-0.47230
-0.47230
-0.47230
-0.47230
-0.47230
-0.47230
-0.47230
-0.47230
-0.47230
-0.47230
-0.47230
-0.47230
-0.47230
-0.47230
-0.47230
-0.47230
-0.47230
-0.47230
-0.47230
-0.47230
-0.47230
-0.47230
-0.47230
-0.47230
-0.47230
-0.47230
-0.47228
-0.47224
-0.47220
-0.47216
-0.47212
-0.47206
-0.47198
-0.47190
-0.47182
-0.47174
-0.47165
-0.47155
-0.47145
-0.47135
-0.47125
-0.47113
-0.47099
-0.47085
-0.47071
-0.47057
-0.47040
-0.47020
-0.47000
-0.46980
-0.46960
-0.46935
-0.46905
-0.46875
-0.46845
-0.46815
-0.46777
-0.46731
-0.46685
-0.46639
-0.46593
-0.46534
-0.46462
-0.46390
-0.46318
-0.46246
-0.46154
-0.46042
-0.45930
-0.45818
-0.45706
-0.45562
-0.45386
-0.45210
-0.45034
-0.44858
-0.44631
-0.44353
-0.44075
-0.43797
-0.43519
-0.43166
-0.42738
-0.42310
-0.41882
-0.41454
-0.40906
-0.40238
-0.39570
-0.38902
-0.38234
-0.37415
-0.36445
-0.35475
-0.34505
-0.33535
-0.32379
-0.31037
-0.29695
-0.28353
-0.27011
-0.25470
-0.23730
-0.21990
-0.20250
-0.18510
-0.16600
-0.14520
-0.12440
-0.10360
-0.08280
-0.06000
-0.03520
-0.01040
0.01440
0.03920
0.06587
0.09441
0.12295
0.15149
0.18003
0.21049
0.24287
0.27525
0.30763
0.34001
0.37392
0.40936
0.44480
0.48024
0.51568
0.55140
0.58740
0.62340
0.65940
0.69540
0.73076
0.76548
0.80020
0.83492
0.86964
0.90244
0.93332
0.96420
0.99508
1.02596
1.05506
1.08238
1.10970
1.13702
1.16434
1.18906
1.21118
1.23330
1.25542
1.27754
1.29806
1.31698
1.33590
1.35482
1.37374
1.39101
1.40663
1.42225
-0.47260
-0.47260
-0.47260
-0.47260
-0.47260
-0.47260
-0.47260
-0.47260
-0.47260
-0.47260
-0.47260
-0.47260
-0.47260
-0.47260
-0.47260
-0.47260
-0.47260
-0.47260
-0.47260
-0.47260
-0.47260
-0.47260
-0.47260
-0.47260
-0.47260
-0.47260
-0.47260
-0.47260
-0.47260
-0.47260
-0.47260
-0.47260
-0.47260
-0.47260
-0.47260
-0.47260
-0.47260
-0.47260
-0.47260
-0.47260
-0.47260
-0.47260
-0.47260
-0.47260
-0.47260
-0.47260
-0.47260
-0.47260
-0.47260
-0.47260
-0.47260
-0.47260
-0.47260
-0.47260
-0.47260
-0.47260
-0.47260
-0.47260
-0.47260
-0.47260
-0.47260
-0.47260
-0.47260
-0.47260
-0.47260
-0.47260
-0.47260
-0.47260
-0.47260
-0.47260
-0.47260
-0.47260
-0.47260
-0.47260
-0.47260
-0.47260
-0.47260
-0.47260
-0.47260
-0.47260
-0.47260
-0.47260
-0.47260
-0.47260
-0.47260
-0.47260
-0.47260
-0.47260
-0.47260
-0.47260
-0.47260
-0.47260
-0.47260
-0.47260
-0.47260
-0.47260
-0.47260
-0.47260
-0.47260
-0.47260
-0.47260
-0.47260
-0.47260
-0.47260
-0.47260
-0.47260
-0.47260
-0.47260
-0.47260
-0.47260
-0.47260
-0.47260
-0.47260
-0.47260
-0.47260
-0.47260
-0.47260
-0.47260
-0.47260
-0.47260
-0.47260
-0.47260
-0.47260
-0.47260
-0.47260
-0.47260
-0.47260
-0.47260
-0.47260
-0.47260
-0.47260
-0.47260
-0.47260
-0.47260
-0.47260
-0.47260
-0.47260
-0.47260
-0.47260
-0.47260
-0.47260
-0.47260
-0.47260
-0.47260
-0.47260
-0.47256
-0.47252
-0.47248
-0.47244
-0.47240
-0.47234
-0.47228
-0.47222
-0.47216
-0.47210
-0.47200
-0.47190
-0.47180
-0.47170
-0.47160
-0.47146
-0.47132
-0.47118
-0.47104
-0.47090
-0.47072
-0.47054
-0.47036
-0.47018
-0.47000
-0.46974
-0.46948
-0.46922
-0.46896
-0.46870
-0.46830
-0.46790
-0.46750
-0.46710
-0.46670
-0.46610
-0.46550
-0.46490
-0.46430
-0.46370
-0.46276
-0.46182
-0.46088
-0.45994
-0.45900
-0.45750
-0.45600
-0.45450
-0.45300
-0.45150
-0.44914
-0.44678
-0.44442
-0.44206
-0.43970
-0.43600
-0.43230
-0.42860
-0.42490
-0.42120
-0.41534
-0.40948
-0.40362
-0.39776
-0.39190
-0.38292
-0.37394
-0.36496
-0.35598
-0.34700
-0.33408
-0.32116
-0.30824
-0.29532
-0.28240
-0.26452
-0.24664
-0.22876
-0.21088
-0.19300
-0.17146
-0.14992
-0.12838
-0.10684
-0.08530
-0.05926
-0.03322
-0.00718
0.01886
0.04490
0.07402
0.10314
0.13226
0.16138
0.19050
0.22296
0.25542
0.28788
0.32034
0.35280
0.38740
0.42200
0.45660
0.49120
0.52580
0.56036
0.59492
0.62948
0.66404
0.69860
0.73160
0.76460
0.79760
0.83060
0.86360
0.89260
0.92160
0.95060
0.97960
1.00860
1.03426
1.05992
1.08558
1.11124
1.13690
1.15806
1.17922
1.20038
1.22154
1.24270
1.26066
1.27862
1.29658
1.31454
1.33250
1.34780
-0.47300
-0.47300
-0.47300
-0.47300
-0.47300
-0.47300
-0.47300
-0.47300
-0.47300
-0.47300
-0.47300
-0.47300
-0.47300
-0.47300
-0.47300
-0.47300
-0.47300
-0.47300
-0.47300
-0.47300
-0.47300
-0.47300
-0.47300
-0.47300
-0.47300
-0.47300
-0.47300
-0.47300
-0.47300
-0.47300
-0.47300
-0.47300
-0.47300
-0.47300
-0.47300
-0.47300
-0.47300
-0.47300
-0.47300
-0.47300
-0.47300
-0.47300
-0.47300
-0.47300
-0.47300
-0.47300
-0.47300
-0.47300
-0.47300
-0.47300
-0.47300
-0.47300
-0.47300
-0.47300
-0.47300
-0.47300
-0.47300
-0.47300
-0.47300
-0.47300
-0.47300
-0.47300
-0.47300
-0.47300
-0.47300
-0.47300
-0.47300
-0.47300
-0.47300
-0.47300
-0.47300
-0.47300
-0.47300
-0.47300
-0.47300
-0.47300
-0.47300
-0.47300
-0.47300
-0.47300
-0.47300
-0.47300
-0.47300
-0.47300
-0.47300
-0.47300
-0.47300
-0.47300
-0.47300
-0.47300
-0.47300
-0.47300
-0.47300
-0.47300
-0.47300
-0.47300
-0.47300
-0.47300
-0.47300
-0.47300
-0.47300
-0.47300
-0.47300
-0.47300
-0.47300
-0.47300
-0.47300
-0.47300
-0.47300
-0.47300
-0.47300
-0.47300
-0.47300
-0.47300
-0.47300
-0.47300
-0.47300
-0.47300
-0.47300
-0.47300
-0.47300
-0.47300
-0.47300
-0.47300
-0.47300
-0.47300
-0.47300
-0.47300
-0.47300
-0.47300
-0.47300
-0.47300
-0.47300
-0.47300
-0.47300
-0.47300
-0.47300
-0.47300
-0.47300
-0.47300
-0.47300
-0.47300
-0.47300
-0.47300
-0.47300
-0.47300
-0.47297
-0.47291
-0.47285
-0.47279
-0.47273
-0.47267
-0.47261
-0.47255
-0.47249
-0.47243
-0.47236
-0.47228
-0.47220
-0.47212
-0.47204
-0.47194
-0.47182
-0.47170
-0.47158
-0.47146
-0.47131
-0.47113
-0.47095
-0.47077
-0.47059
-0.47038
-0.47014
-0.46990
-0.46966
-0.46942
-0.46913
-0.46879
-0.46845
-0.46811
-0.46777
-0.46734
-0.46682
-0.46630
-0.46578
-0.46526
-0.46459
-0.46377
-0.46295
-0.46213
-0.46131
-0.46026
-0.45898
-0.45770
-0.45642
-0.45514
-0.45349
-0.45147
-0.44945
-0.44743
-0.44541
-0.44279
-0.43957
-0.43635
-0.43313
-0.42991
-0.42575
-0.42065
-0.41555
-0.41045
-0.40535
-0.39875
-0.39065
-0.38255
-0.37445
-0.36635
-0.35627
-0.34421
-0.33215
-0.32009
-0.30803
-0.29320
-0.27560
-0.25800
-0.24040
-0.22280
-0.20300
-0.18100
-0.15900
-0.13700
-0.11500
-0.09053
-0.06359
-0.03665
-0.00971
0.01723
0.04566
0.07558
0.10550
0.13542
0.16534
0.19661
0.22923
0.26185
0.29447
0.32709
0.36042
0.39446
0.42850
0.46254
0.49658
0.53013
0.56319
0.59625
0.62931
0.66237
0.69454
0.72582
0.75710
0.78838
0.81966
0.84904
0.87652
0.90400
0.93148
0.95896
0.98477
1.00891
1.03305
1.05719
1.08133
1.10361
1.12403
1.14445
1.16487
1.18529
1.20409
1.22127
1.23845
1.25563
1.27281
-0.47320
-0.47320
-0.47320
-0.47320
-0.47320
-0.47320
-0.47320
-0.47320
-0.47320
-0.47320
-0.47320
-0.47320
-0.47320
-0.47320
-0.47320
-0.47320
-0.47320
-0.47320
-0.47320
-0.47320
-0.47320
-0.47320
-0.47320
-0.47320
-0.47320
-0.47320
-0.47320
-0.47320
-0.47320
-0.47320
-0.47320
-0.47320
-0.47320
-0.47320
-0.47320
-0.47320
-0.47320
-0.47320
-0.47320
-0.47320
-0.47320
-0.47320
-0.47320
-0.47320
-0.47320
-0.47320
-0.47320
-0.47320
-0.47320
-0.47320
-0.47320
-0.47320
-0.47320
-0.47320
-0.47320
-0.47320
-0.47320
-0.47320
-0.47320
-0.47320
-0.47320
-0.47320
-0.47320
-0.47320
-0.47320
-0.47320
-0.47320
-0.47320
-0.47320
-0.47320
-0.47320
-0.47320
-0.47320
-0.47320
-0.47320
-0.47320
-0.47320
-0.47320
-0.47320
-0.47320
-0.47320
-0.47320
-0.47320
-0.47320
-0.47320
-0.47320
-0.47320
-0.47320
-0.47320
-0.47320
-0.47320
-0.47320
-0.47320
-0.47320
-0.47320
-0.47320
-0.47320
-0.47320
-0.47320
-0.47320
-0.47320
-0.47320
-0.47320
-0.47320
-0.47320
-0.47320
-0.47320
-0.47320
-0.47320
-0.47320
-0.47320
-0.47320
-0.47320
-0.47320
-0.47320
-0.47320
-0.47320
-0.47320
-0.47320
-0.47320
-0.47320
-0.47320
-0.47320
-0.47320
-0.47320
-0.47320
-0.47320
-0.47320
-0.47320
-0.47320
-0.47320
-0.47320
-0.47320
-0.47320
-0.47320
-0.47320
-0.47320
-0.47320
-0.47320
-0.47320
-0.47320
-0.47320
-0.47320
-0.47320
-0.47320
-0.47320
-0.47320
-0.47320
-0.47316
-0.47312
-0.47308
-0.47304
-0.47300
-0.47296
-0.47292
-0.47288
-0.47284
-0.47280
-0.47272
-0.47264
-0.47256
-0.47248
-0.47240
-0.47228
-0.47216
-0.47204
-0.47192
-0.47180
-0.47164
-0.47148
-0.47132
-0.47116
-0.47100
-0.47078
-0.47056
-0.47034
-0.47012
-0.46990
-0.46958
-0.46926
-0.46894
-0.46862
-0.46830
-0.46784
-0.46738
-0.46692
-0.46646
-0.46600
-0.46528
-0.46456
-0.46384
-0.46312
-0.46240
-0.46128
-0.46016
-0.45904
-0.45792
-0.45680
-0.45504
-0.45328
-0.45152
-0.44976
-0.44800
-0.44518
-0.44236
-0.43954
-0.43672
-0.43390
-0.42942
-0.42494
-0.42046
-0.41598
-0.41150
-0.40428
-0.39706
-0.38984
-0.38262
-0.37540
-0.36434
-0.35328
-0.34222
-0.33116
-0.32010
-0.30354
-0.28698
-0.27042
-0.25386
-0.23730
-0.21528
-0.19326
-0.17124
-0.14922
-0.12720
-0.09996
-0.07272
-0.04548
-0.01824
0.00900
0.03984
0.07068
0.10152
0.13236
0.16320
0.19592
0.22864
0.26136
0.29408
0.32680
0.36058
0.39436
0.42814
0.46192
0.49570
0.52728
0.55886
0.59044
0.62202
0.65360
0.68328
0.71296
0.74264
0.77232
0.80200
0.82834
0.85468
0.88102
0.90736
0.93370
0.95662
0.97954
1.00246
1.02538
1.04830
1.06818
1.08806
1.10794
1.12782
1.14770
1.16422
1.18074
1.19726
-0.47350
-0.47350
-0.47350
-0.47350
-0.47350
-0.47350
-0.47350
-0.47350
-0.47350
-0.47350
-0.47350
-0.47350
-0.47350
-0.47350
-0.47350
-0.47350
-0.47350
-0.47350
-0.47350
-0.47350
-0.47350
-0.47350
-0.47350
-0.47350
-0.47350
-0.47350
-0.47350
-0.47350
-0.47350
-0.47350
-0.47350
-0.47350
-0.47350
-0.47350
-0.47350
-0.47350
-0.47350
-0.47350
-0.47350
-0.47350
-0.47350
-0.47350
-0.47350
-0.47350
-0.47350
-0.47350
-0.47350
-0.47350
-0.47350
-0.47350
-0.47350
-0.47350
-0.47350
-0.47350
-0.47350
-0.47350
-0.47350
-0.47350
-0.47350
-0.47350
-0.47350
-0.47350
-0.47350
-0.47350
-0.47350
-0.47350
-0.47350
-0.47350
-0.47350
-0.47350
-0.47350
-0.47350
-0.47350
-0.47350
-0.47350
-0.47350
-0.47350
-0.47350
-0.47350
-0.47350
-0.47350
-0.47350
-0.47350
-0.47350
-0.47350
-0.47350
-0.47350
-0.47350
-0.47350
-0.47350
-0.47350
-0.47350
-0.47350
-0.47350
-0.47350
-0.47350
-0.47350
-0.47350
-0.47350
-0.47350
-0.47350
-0.47350
-0.47350
-0.47350
-0.47350
-0.47350
-0.47350
-0.47350
-0.47350
-0.47350
-0.47350
-0.47350
-0.47350
-0.47350
-0.47350
-0.47350
-0.47350
-0.47350
-0.47350
-0.47350
-0.47350
-0.47350
-0.47350
-0.47350
-0.47350
-0.47350
-0.47350
-0.47350
-0.47350
-0.47350
-0.47350
-0.47350
-0.47350
-0.47350
-0.47350
-0.47350
-0.47350
-0.47350
-0.47350
-0.47350
-0.47350
-0.47350
-0.47350
-0.47350
-0.47350
-0.47350
-0.47350
-0.47350
-0.47350
-0.47348
-0.47344
-0.47340
-0.47336
-0.47332
-0.47328
-0.47324
-0.47320
-0.47316
-0.47312
-0.47306
-0.47298
-0.47290
-0.47282
-0.47274
-0.47265
-0.47255
-0.47245
-0.47235
-0.47225
-0.47213
-0.47199
-0.47185
-0.47171
-0.47157
-0.47139
-0.47117
-0.47095
-0.47073
-0.47051
-0.47026
-0.46998
-0.46970
-0.46942
-0.46914
-0.46878
-0.46834
-0.46790
-0.46746
-0.46702
-0.46648
-0.46584
-0.46520
-0.46456
-0.46392
-0.46310
-0.46210
-0.46110
-0.46010
-0.45910
-0.45782
-0.45626
-0.45470
-0.45314
-0.45158
-0.44955
-0.44705
-0.44455
-0.44205
-0.43955
-0.43631
-0.43233
-0.42835
-0.42437
-0.42039
-0.41520
-0.40880
-0.40240
-0.39600
-0.38960
-0.38138
-0.37134
-0.36130
-0.35126
-0.34122
-0.32859
-0.31337
-0.29815
-0.28293
-0.26771
-0.24938
-0.22794
-0.20650
-0.18506
-0.16362
-0.13942
-0.11246
-0.08550
-0.05854
-0.03158
-0.00226
0.02942
0.06110
0.09278
0.12446
0.15655
0.18905
0.22155
0.25405
0.28655
0.31954
0.35302
0.38650
0.41998
0.45346
0.48543
0.51589
0.54635
0.57681
0.60727
0.63666
0.66498
0.69330
0.72162
0.74994
0.77680
0.80220
0.82760
0.85300
0.87840
0.90208
0.92404
0.94600
0.96796
0.98992
1.01067
1.03021
1.04975
1.06929
1.08883
1.10661
1.12263
-0.47370
-0.47370
-0.47370
-0.47370
-0.47370
-0.47370
-0.47370
-0.47370
-0.47370
-0.47370
-0.47370
-0.47370
-0.47370
-0.47370
-0.47370
-0.47370
-0.47370
-0.47370
-0.47370
-0.47370
-0.47370
-0.47370
-0.47370
-0.47370
-0.47370
-0.47370
-0.47370
-0.47370
-0.47370
-0.47370
-0.47370
-0.47370
-0.47370
-0.47370
-0.47370
-0.47370
-0.47370
-0.47370
-0.47370
-0.47370
-0.47370
-0.47370
-0.47370
-0.47370
-0.47370
-0.47370
-0.47370
-0.47370
-0.47370
-0.47370
-0.47370
-0.47370
-0.47370
-0.47370
-0.47370
-0.47370
-0.47370
-0.47370
-0.47370
-0.47370
-0.47370
-0.47370
-0.47370
-0.47370
-0.47370
-0.47370
-0.47370
-0.47370
-0.47370
-0.47370
-0.47370
-0.47370
-0.47370
-0.47370
-0.47370
-0.47370
-0.47370
-0.47370
-0.47370
-0.47370
-0.47370
-0.47370
-0.47370
-0.47370
-0.47370
-0.47370
-0.47370
-0.47370
-0.47370
-0.47370
-0.47370
-0.47370
-0.47370
-0.47370
-0.47370
-0.47370
-0.47370
-0.47370
-0.47370
-0.47370
-0.47370
-0.47370
-0.47370
-0.47370
-0.47370
-0.47370
-0.47370
-0.47370
-0.47370
-0.47370
-0.47370
-0.47370
-0.47370
-0.47370
-0.47370
-0.47370
-0.47370
-0.47370
-0.47370
-0.47370
-0.47370
-0.47370
-0.47370
-0.47370
-0.47370
-0.47370
-0.47370
-0.47370
-0.47370
-0.47370
-0.47370
-0.47370
-0.47370
-0.47370
-0.47370
-0.47370
-0.47370
-0.47370
-0.47370
-0.47370
-0.47370
-0.47370
-0.47370
-0.47370
-0.47370
-0.47370
-0.47370
-0.47370
-0.47370
-0.47370
-0.47370
-0.47368
-0.47366
-0.47364
-0.47362
-0.47360
-0.47356
-0.47352
-0.47348
-0.47344
-0.47340
-0.47334
-0.47328
-0.47322
-0.47316
-0.47310
-0.47300
-0.47290
-0.47280
-0.47270
-0.47260
-0.47248
-0.47236
-0.47224
-0.47212
-0.47200
-0.47180
-0.47160
-0.47140
-0.47120
-0.47100
-0.47072
-0.47044
-0.47016
-0.46988
-0.46960
-0.46922
-0.46884
-0.46846
-0.46808
-0.46770
-0.46710
-0.46650
-0.46590
-0.46530
-0.46470
-0.46380
-0.46290
-0.46200
-0.46110
-0.46020
-0.45880
-0.45740
-0.45600
-0.45460
-0.45320
-0.45094
-0.44868
-0.44642
-0.44416
-0.44190
-0.43834
-0.43478
-0.43122
-0.42766
-0.42410
-0.41840
-0.41270
-0.40700
-0.40130
-0.39560
-0.38654
-0.37748
-0.36842
-0.35936
-0.35030
-0.33640
-0.32250
-0.30860
-0.29470
-0.28080
-0.26044
-0.24008
-0.21972
-0.19936
-0.17900
-0.15284
-0.12668
-0.10052
-0.07436
-0.04820
-0.01618
0.01584
0.04786
0.07988
0.11190
0.14410
0.17630
0.20850
0.24070
0.27290
0.30592
0.33894
0.37196
0.40498
0.43800
0.46772
0.49744
0.52716
0.55688
0.58660
0.61384
0.64108
0.66832
0.69556
0.72280
0.74734
0.77188
0.79642
0.82096
0.84550
0.86676
0.88802
0.90928
0.93054
0.95180
0.97112
0.99044
1.00976
1.02908
1.04840
-0.47400
-0.47400
-0.47400
-0.47400
-0.47400
-0.47400
-0.47400
-0.47400
-0.47400
-0.47400
-0.47400
-0.47400
-0.47400
-0.47400
-0.47400
-0.47400
-0.47400
-0.47400
-0.47400
-0.47400
-0.47400
-0.47400
-0.47400
-0.47400
-0.47400
-0.47400
-0.47400
-0.47400
-0.47400
-0.47400
-0.47400
-0.47400
-0.47400
-0.47400
-0.47400
-0.47400
-0.47400
-0.47400
-0.47400
-0.47400
-0.47400
-0.47400
-0.47400
-0.47400
-0.47400
-0.47400
-0.47400
-0.47400
-0.47400
-0.47400
-0.47400
-0.47400
-0.47400
-0.47400
-0.47400
-0.47400
-0.47400
-0.47400
-0.47400
-0.47400
-0.47400
-0.47400
-0.47400
-0.47400
-0.47400
-0.47400
-0.47400
-0.47400
-0.47400
-0.47400
-0.47400
-0.47400
-0.47400
-0.47400
-0.47400
-0.47400
-0.47400
-0.47400
-0.47400
-0.47400
-0.47400
-0.47400
-0.47400
-0.47400
-0.47400
-0.47400
-0.47400
-0.47400
-0.47400
-0.47400
-0.47400
-0.47400
-0.47400
-0.47400
-0.47400
-0.47400
-0.47400
-0.47400
-0.47400
-0.47400
-0.47400
-0.47400
-0.47400
-0.47400
-0.47400
-0.47400
-0.47400
-0.47400
-0.47400
-0.47400
-0.47400
-0.47400
-0.47400
-0.47400
-0.47400
-0.47400
-0.47400
-0.47400
-0.47400
-0.47400
-0.47400
-0.47400
-0.47400
-0.47400
-0.47400
-0.47400
-0.47400
-0.47400
-0.47400
-0.47400
-0.47400
-0.47400
-0.47400
-0.47400
-0.47400
-0.47400
-0.47400
-0.47400
-0.47400
-0.47400
-0.47400
-0.47400
-0.47400
-0.47400
-0.47400
-0.47400
-0.47400
-0.47400
-0.47400
-0.47400
-0.47400
-0.47400
-0.47399
-0.47397
-0.47395
-0.47393
-0.47391
-0.47388
-0.47384
-0.47380
-0.47376
-0.47372
-0.47367
-0.47361
-0.47355
-0.47349
-0.47343
-0.47336
-0.47328
-0.47320
-0.47312
-0.47304
-0.47294
-0.47282
-0.47270
-0.47258
-0.47246
-0.47231
-0.47213
-0.47195
-0.47177
-0.47159
-0.47138
-0.47114
-0.47090
-0.47066
-0.47042
-0.47011
-0.46973
-0.46935
-0.46897
-0.46859
-0.46813
-0.46759
-0.46705
-0.46651
-0.46597
-0.46529
-0.46447
-0.46365
-0.46283
-0.46201
-0.46096
-0.45968
-0.45840
-0.45712
-0.45584
-0.45418
-0.45214
-0.45010
-0.44806
-0.44602
-0.44340
-0.44020
-0.43700
-0.43380
-0.43060
-0.42642
-0.42126
-0.41610
-0.41094
-0.40578
-0.39909
-0.39087
-0.38265
-0.37443
-0.36621
-0.35577
-0.34311
-0.33045
-0.31779
-0.30513
-0.28930
-0.27030
-0.25130
-0.23230
-0.21330
-0.19129
-0.16627
-0.14125
-0.11623
-0.09121
-0.06305
-0.03175
-0.00045
0.03085
0.06215
0.09399
0.12637
0.15875
0.19113
0.22351
0.25592
0.28836
0.32080
0.35324
0.38568
0.41649
0.44567
0.47485
0.50403
0.53321
0.56096
0.58728
0.61360
0.63992
0.66624
0.69137
0.71531
0.73925
0.76319
0.78713
0.80948
0.83024
0.85100
0.87176
0.89252
0.91239
0.93137
0.95035
0.96933
-0.47420
-0.47420
-0.47420
-0.47420
-0.47420
-0.47420
-0.47420
-0.47420
-0.47420
-0.47420
-0.47420
-0.47420
-0.47420
-0.47420
-0.47420
-0.47420
-0.47420
-0.47420
-0.47420
-0.47420
-0.47420
-0.47420
-0.47420
-0.47420
-0.47420
-0.47420
-0.47420
-0.47420
-0.47420
-0.47420
-0.47420
-0.47420
-0.47420
-0.47420
-0.47420
-0.47420
-0.47420
-0.47420
-0.47420
-0.47420
-0.47420
-0.47420
-0.47420
-0.47420
-0.47420
-0.47420
-0.47420
-0.47420
-0.47420
-0.47420
-0.47420
-0.47420
-0.47420
-0.47420
-0.47420
-0.47420
-0.47420
-0.47420
-0.47420
-0.47420
-0.47420
-0.47420
-0.47420
-0.47420
-0.47420
-0.47420
-0.47420
-0.47420
-0.47420
-0.47420
-0.47420
-0.47420
-0.47420
-0.47420
-0.47420
-0.47420
-0.47420
-0.47420
-0.47420
-0.47420
-0.47420
-0.47420
-0.47420
-0.47420
-0.47420
-0.47420
-0.47420
-0.47420
-0.47420
-0.47420
-0.47420
-0.47420
-0.47420
-0.47420
-0.47420
-0.47420
-0.47420
-0.47420
-0.47420
-0.47420
-0.47420
-0.47420
-0.47420
-0.47420
-0.47420
-0.47420
-0.47420
-0.47420
-0.47420
-0.47420
-0.47420
-0.47420
-0.47420
-0.47420
-0.47420
-0.47420
-0.47420
-0.47420
-0.47420
-0.47420
-0.47420
-0.47420
-0.47420
-0.47420
-0.47420
-0.47420
-0.47420
-0.47420
-0.47420
-0.47420
-0.47420
-0.47420
-0.47420
-0.47420
-0.47420
-0.47420
-0.47420
-0.47420
-0.47420
-0.47420
-0.47420
-0.47420
-0.47420
-0.47420
-0.47420
-0.47420
-0.47420
-0.47420
-0.47420
-0.47420
-0.47420
-0.47420
-0.47420
-0.47420
-0.47418
-0.47416
-0.47414
-0.47412
-0.47410
-0.47408
-0.47406
-0.47404
-0.47402
-0.47400
-0.47394
-0.47388
-0.47382
-0.47376
-0.47370
-0.47362
-0.47354
-0.47346
-0.47338
-0.47330
-0.47320
-0.47310
-0.47300
-0.47290
-0.47280
-0.47264
-0.47248
-0.47232
-0.47216
-0.47200
-0.47178
-0.47156
-0.47134
-0.47112
-0.47090
-0.47056
-0.47022
-0.46988
-0.46954
-0.46920
-0.46870
-0.46820
-0.46770
-0.46720
-0.46670
-0.46592
-0.46514
-0.46436
-0.46358
-0.46280
-0.46164
-0.46048
-0.45932
-0.45816
-0.45700
-0.45514
-0.45328
-0.45142
-0.44956
-0.44770
-0.44478
-0.44186
-0.43894
-0.43602
-0.43310
-0.42840
-0.42370
-0.41900
-0.41430
-0.40960
-0.40212
-0.39464
-0.38716
-0.37968
-0.37220
-0.36064
-0.34908
-0.33752
-0.32596
-0.31440
-0.29688
-0.27936
-0.26184
-0.24432
-0.22680
-0.20312
-0.17944
-0.15576
-0.13208
-0.10840
-0.07852
-0.04864
-0.01876
0.01112
0.04100
0.07356
0.10612
0.13868
0.17124
0.20380
0.23544
0.26708
0.29872
0.33036
0.36200
0.39098
0.41996
0.44894
0.47792
0.50690
0.53240
0.55790
0.58340
0.60890
0.63440
0.65790
0.68140
0.70490
0.72840
0.75190
0.77240
0.79290
0.81340
0.83390
0.85440
0.87302
0.89164
-0.47450
-0.47450
-0.47450
-0.47450
-0.47450
-0.47450
-0.47450
-0.47450
-0.47450
-0.47450
-0.47450
-0.47450
-0.47450
-0.47450
-0.47450
-0.47450
-0.47450
-0.47450
-0.47450
-0.47450
-0.47450
-0.47450
-0.47450
-0.47450
-0.47450
-0.47450
-0.47450
-0.47450
-0.47450
-0.47450
-0.47450
-0.47450
-0.47450
-0.47450
-0.47450
-0.47450
-0.47450
-0.47450
-0.47450
-0.47450
-0.47450
-0.47450
-0.47450
-0.47450
-0.47450
-0.47450
-0.47450
-0.47450
-0.47450
-0.47450
-0.47450
-0.47450
-0.47450
-0.47450
-0.47450
-0.47450
-0.47450
-0.47450
-0.47450
-0.47450
-0.47450
-0.47450
-0.47450
-0.47450
-0.47450
-0.47450
-0.47450
-0.47450
-0.47450
-0.47450
-0.47450
-0.47450
-0.47450
-0.47450
-0.47450
-0.47450
-0.47450
-0.47450
-0.47450
-0.47450
-0.47450
-0.47450
-0.47450
-0.47450
-0.47450
-0.47450
-0.47450
-0.47450
-0.47450
-0.47450
-0.47450
-0.47450
-0.47450
-0.47450
-0.47450
-0.47450
-0.47450
-0.47450
-0.47450
-0.47450
-0.47450
-0.47450
-0.47450
-0.47450
-0.47450
-0.47450
-0.47450
-0.47450
-0.47450
-0.47450
-0.47450
-0.47450
-0.47450
-0.47450
-0.47450
-0.47450
-0.47450
-0.47450
-0.47450
-0.47450
-0.47450
-0.47450
-0.47450
-0.47450
-0.47450
-0.47450
-0.47450
-0.47450
-0.47450
-0.47450
-0.47450
-0.47450
-0.47450
-0.47450
-0.47450
-0.47450
-0.47450
-0.47450
-0.47450
-0.47450
-0.47450
-0.47450
-0.47450
-0.47450
-0.47450
-0.47450
-0.47450
-0.47450
-0.47450
-0.47450
-0.47450
-0.47450
-0.47450
-0.47450
-0.47450
-0.47449
-0.47447
-0.47445
-0.47443
-0.47441
-0.47438
-0.47434
-0.47430
-0.47426
-0.47422
-0.47418
-0.47414
-0.47410
-0.47406
-0.47402
-0.47397
-0.47391
-0.47385
-0.47379
-0.47373
-0.47365
-0.47355
-0.47345
-0.47335
-0.47325
-0.47313
-0.47299
-0.47285
-0.47271
-0.47257
-0.47240
-0.47220
-0.47200
-0.47180
-0.47160
-0.47134
-0.47102
-0.47070
-0.47038
-0.47006
-0.46967
-0.46921
-0.46875
-0.46829
-0.46783
-0.46724
-0.46652
-0.46580
-0.46508
-0.46436
-0.46346
-0.46238
-0.46130
-0.46022
-0.45914
-0.45775
-0.45605
-0.45435
-0.45265
-0.45095
-0.44875
-0.44605
-0.44335
-0.44065
-0.43795
-0.43446
-0.43018
-0.42590
-0.42162
-0.41734
-0.41179
-0.40497
-0.39815
-0.39133
-0.38451
-0.37582
-0.36526
-0.35470
-0.34414
-0.33358
-0.32028
-0.30424
-0.28820
-0.27216
-0.25612
-0.23696
-0.21468
-0.19240
-0.17012
-0.14784
-0.12258
-0.09434
-0.06610
-0.03786
-0.00962
0.02059
0.05277
0.08495
0.11713
0.14931
0.18073
0.21139
0.24205
0.27271
0.30337
0.33323
0.36229
0.39135
0.42041
0.44947
0.47643
0.50129
0.52615
0.55101
0.57587
0.59984
0.62292
0.64600
0.66908
0.69216
0.71390
0.73430
0.75470
0.77510
0.79550
0.81488
-0.47470
-0.47470
-0.47470
-0.47470
-0.47470
-0.47470
-0.47470
-0.47470
-0.47470
-0.47470
-0.47470
-0.47470
-0.47470
-0.47470
-0.47470
-0.47470
-0.47470
-0.47470
-0.47470
-0.47470
-0.47470
-0.47470
-0.47470
-0.47470
-0.47470
-0.47470
-0.47470
-0.47470
-0.47470
-0.47470
-0.47470
-0.47470
-0.47470
-0.47470
-0.47470
-0.47470
-0.47470
-0.47470
-0.47470
-0.47470
-0.47470
-0.47470
-0.47470
-0.47470
-0.47470
-0.47470
-0.47470
-0.47470
-0.47470
-0.47470
-0.47470
-0.47470
-0.47470
-0.47470
-0.47470
-0.47470
-0.47470
-0.47470
-0.47470
-0.47470
-0.47470
-0.47470
-0.47470
-0.47470
-0.47470
-0.47470
-0.47470
-0.47470
-0.47470
-0.47470
-0.47470
-0.47470
-0.47470
-0.47470
-0.47470
-0.47470
-0.47470
-0.47470
-0.47470
-0.47470
-0.47470
-0.47470
-0.47470
-0.47470
-0.47470
-0.47470
-0.47470
-0.47470
-0.47470
-0.47470
-0.47470
-0.47470
-0.47470
-0.47470
-0.47470
-0.47470
-0.47470
-0.47470
-0.47470
-0.47470
-0.47470
-0.47470
-0.47470
-0.47470
-0.47470
-0.47470
-0.47470
-0.47470
-0.47470
-0.47470
-0.47470
-0.47470
-0.47470
-0.47470
-0.47470
-0.47470
-0.47470
-0.47470
-0.47470
-0.47470
-0.47470
-0.47470
-0.47470
-0.47470
-0.47470
-0.47470
-0.47470
-0.47470
-0.47470
-0.47470
-0.47470
-0.47470
-0.47470
-0.47470
-0.47470
-0.47470
-0.47470
-0.47470
-0.47470
-0.47470
-0.47470
-0.47470
-0.47470
-0.47470
-0.47470
-0.47470
-0.47470
-0.47470
-0.47470
-0.47470
-0.47470
-0.47470
-0.47470
-0.47470
-0.47470
-0.47470
-0.47470
-0.47468
-0.47466
-0.47464
-0.47462
-0.47460
-0.47458
-0.47456
-0.47454
-0.47452
-0.47450
-0.47446
-0.47442
-0.47438
-0.47434
-0.47430
-0.47424
-0.47418
-0.47412
-0.47406
-0.47400
-0.47392
-0.47384
-0.47376
-0.47368
-0.47360
-0.47346
-0.47332
-0.47318
-0.47304
-0.47290
-0.47272
-0.47254
-0.47236
-0.47218
-0.47200
-0.47172
-0.47144
-0.47116
-0.47088
-0.47060
-0.47016
-0.46972
-0.46928
-0.46884
-0.46840
-0.46774
-0.46708
-0.46642
-0.46576
-0.46510
-0.46408
-0.46306
-0.46204
-0.46102
-0.46000
-0.45844
-0.45688
-0.45532
-0.45376
-0.45220
-0.44972
-0.44724
-0.44476
-0.44228
-0.43980
-0.43590
-0.43200
-0.42810
-0.42420
-0.42030
-0.41406
-0.40782
-0.40158
-0.39534
-0.38910
-0.37940
-0.36970
-0.36000
-0.35030
-0.34060
-0.32596
-0.31132
-0.29668
-0.28204
-0.26740
-0.24656
-0.22572
-0.20488
-0.18404
-0.16320
-0.13668
-0.11016
-0.08364
-0.05712
-0.03060
0.00068
0.03196
0.06324
0.09452
0.12580
0.15546
0.18512
0.21478
0.24444
0.27410
0.30318
0.33226
0.36134
0.39042
0.41950
0.44398
0.46846
0.49294
0.51742
0.54190
0.56458
0.58726
0.60994
0.63262
0.65530
0.67568
0.69606
0.71644
0.73682
-0.47500
-0.47500
-0.47500
-0.47500
-0.47500
-0.47500
-0.47500
-0.47500
-0.47500
-0.47500
-0.47500
-0.47500
-0.47500
-0.47500
-0.47500
-0.47500
-0.47500
-0.47500
-0.47500
-0.47500
-0.47500
-0.47500
-0.47500
-0.47500
-0.47500
-0.47500
-0.47500
-0.47500
-0.47500
-0.47500
-0.47500
-0.47500
-0.47500
-0.47500
-0.47500
-0.47500
-0.47500
-0.47500
-0.47500
-0.47500
-0.47500
-0.47500
-0.47500
-0.47500
-0.47500
-0.47500
-0.47500
-0.47500
-0.47500
-0.47500
-0.47500
-0.47500
-0.47500
-0.47500
-0.47500
-0.47500
-0.47500
-0.47500
-0.47500
-0.47500
-0.47500
-0.47500
-0.47500
-0.47500
-0.47500
-0.47500
-0.47500
-0.47500
-0.47500
-0.47500
-0.47500
-0.47500
-0.47500
-0.47500
-0.47500
-0.47500
-0.47500
-0.47500
-0.47500
-0.47500
-0.47500
-0.47500
-0.47500
-0.47500
-0.47500
-0.47500
-0.47500
-0.47500
-0.47500
-0.47500
-0.47500
-0.47500
-0.47500
-0.47500
-0.47500
-0.47500
-0.47500
-0.47500
-0.47500
-0.47500
-0.47500
-0.47500
-0.47500
-0.47500
-0.47500
-0.47500
-0.47500
-0.47500
-0.47500
-0.47500
-0.47500
-0.47500
-0.47500
-0.47500
-0.47500
-0.47500
-0.47500
-0.47500
-0.47500
-0.47500
-0.47500
-0.47500
-0.47500
-0.47500
-0.47500
-0.47500
-0.47500
-0.47500
-0.47500
-0.47500
-0.47500
-0.47500
-0.47500
-0.47500
-0.47500
-0.47500
-0.47500
-0.47500
-0.47500
-0.47500
-0.47500
-0.47500
-0.47500
-0.47500
-0.47500
-0.47500
-0.47500
-0.47500
-0.47500
-0.47500
-0.47500
-0.47500
-0.47500
-0.47500
-0.47500
-0.47500
-0.47500
-0.47500
-0.47499
-0.47497
-0.47495
-0.47493
-0.47491
-0.47489
-0.47487
-0.47485
-0.47483
-0.47481
-0.47478
-0.47474
-0.47470
-0.47466
-0.47462
-0.47457
-0.47451
-0.47445
-0.47439
-0.47433
-0.47426
-0.47418
-0.47410
-0.47402
-0.47394
-0.47384
-0.47372
-0.47360
-0.47348
-0.47336
-0.47322
-0.47306
-0.47290
-0.47274
-0.47258
-0.47236
-0.47208
-0.47180
-0.47152
-0.47124
-0.47090
-0.47050
-0.47010
-0.46970
-0.46930
-0.46880
-0.46820
-0.46760
-0.46700
-0.46640
-0.46563
-0.46469
-0.46375
-0.46281
-0.46187
-0.46068
-0.45924
-0.45780
-0.45636
-0.45492
-0.45306
-0.45078
-0.44850
-0.44622
-0.44394
-0.44101
-0.43743
-0.43385
-0.43027
-0.42669
-0.42203
-0.41629
-0.41055
-0.40481
-0.39907
-0.39174
-0.38282
-0.37390
-0.36498
-0.35606
-0.34488
-0.33144
-0.31800
-0.30456
-0.29112
-0.27468
-0.25524
-0.23580
-0.21636
-0.19692
-0.17480
-0.15000
-0.12520
-0.10040
-0.07560
-0.04826
-0.01838
0.01150
0.04138
0.07126
0.10062
0.12946
0.15830
0.18714
0.21598
0.24472
0.27336
0.30200
0.33064
0.35928
0.38584
0.41032
0.43480
0.45928
0.48376
0.50716
0.52948
0.55180
0.57412
0.59644
0.61777
0.63811
0.65845
-0.47520
-0.47520
-0.47520
-0.47520
-0.47520
-0.47520
-0.47520
-0.47520
-0.47520
-0.47520
-0.47520
-0.47520
-0.47520
-0.47520
-0.47520
-0.47520
-0.47520
-0.47520
-0.47520
-0.47520
-0.47520
-0.47520
-0.47520
-0.47520
-0.47520
-0.47520
-0.47520
-0.47520
-0.47520
-0.47520
-0.47520
-0.47520
-0.47520
-0.47520
-0.47520
-0.47520
-0.47520
-0.47520
-0.47520
-0.47520
-0.47520
-0.47520
-0.47520
-0.47520
-0.47520
-0.47520
-0.47520
-0.47520
-0.47520
-0.47520
-0.47520
-0.47520
-0.47520
-0.47520
-0.47520
-0.47520
-0.47520
-0.47520
-0.47520
-0.47520
-0.47520
-0.47520
-0.47520
-0.47520
-0.47520
-0.47520
-0.47520
-0.47520
-0.47520
-0.47520
-0.47520
-0.47520
-0.47520
-0.47520
-0.47520
-0.47520
-0.47520
-0.47520
-0.47520
-0.47520
-0.47520
-0.47520
-0.47520
-0.47520
-0.47520
-0.47520
-0.47520
-0.47520
-0.47520
-0.47520
-0.47520
-0.47520
-0.47520
-0.47520
-0.47520
-0.47520
-0.47520
-0.47520
-0.47520
-0.47520
-0.47520
-0.47520
-0.47520
-0.47520
-0.47520
-0.47520
-0.47520
-0.47520
-0.47520
-0.47520
-0.47520
-0.47520
-0.47520
-0.47520
-0.47520
-0.47520
-0.47520
-0.47520
-0.47520
-0.47520
-0.47520
-0.47520
-0.47520
-0.47520
-0.47520
-0.47520
-0.47520
-0.47520
-0.47520
-0.47520
-0.47520
-0.47520
-0.47520
-0.47520
-0.47520
-0.47520
-0.47520
-0.47520
-0.47520
-0.47520
-0.47520
-0.47520
-0.47520
-0.47520
-0.47520
-0.47520
-0.47520
-0.47520
-0.47520
-0.47520
-0.47520
-0.47520
-0.47520
-0.47520
-0.47520
-0.47520
-0.47520
-0.47520
-0.47520
-0.47520
-0.47518
-0.47516
-0.47514
-0.47512
-0.47510
-0.47508
-0.47506
-0.47504
-0.47502
-0.47500
-0.47498
-0.47496
-0.47494
-0.47492
-0.47490
-0.47484
-0.47478
-0.47472
-0.47466
-0.47460
-0.47452
-0.47444
-0.47436
-0.47428
-0.47420
-0.47410
-0.47400
-0.47390
-0.47380
-0.47370
-0.47354
-0.47338
-0.47322
-0.47306
-0.47290
-0.47264
-0.47238
-0.47212
-0.47186
-0.47160
-0.47124
-0.47088
-0.47052
-0.47016
-0.46980
-0.46924
-0.46868
-0.46812
-0.46756
-0.46700
-0.46614
-0.46528
-0.46442
-0.46356
-0.46270
-0.46138
-0.46006
-0.45874
-0.45742
-0.45610
-0.45400
-0.45190
-0.44980
-0.44770
-0.44560
-0.44228
-0.43896
-0.43564
-0.43232
-0.42900
-0.42374
-0.41848
-0.41322
-0.40796
-0.40270
-0.39446
-0.38622
-0.37798
-0.36974
-0.36150
-0.34910
-0.33670
-0.32430
-0.31190
-0.29950
-0.28142
-0.26334
-0.24526
-0.22718
-0.20910
-0.18592
-0.16274
-0.13956
-0.11638
-0.09320
-0.06504
-0.03688
-0.00872
0.01944
0.04760
0.07580
0.10400
0.13220
0.16040
0.18860
0.21634
0.24408
0.27182
0.29956
0.32730
0.35204
0.37678
0.40152
0.42626
0.45100
0.47292
0.49484
0.51676
0.53868
0.56060
0.58084
-0.47540
-0.47540
-0.47540
-0.47540
-0.47540
-0.47540
-0.47540
-0.47540
-0.47540
-0.47540
-0.47540
-0.47540
-0.47540
-0.47540
-0.47540
-0.47540
-0.47540
-0.47540
-0.47540
-0.47540
-0.47540
-0.47540
-0.47540
-0.47540
-0.47540
-0.47540
-0.47540
-0.47540
-0.47540
-0.47540
-0.47540
-0.47540
-0.47540
-0.47540
-0.47540
-0.47540
-0.47540
-0.47540
-0.47540
-0.47540
-0.47540
-0.47540
-0.47540
-0.47540
-0.47540
-0.47540
-0.47540
-0.47540
-0.47540
-0.47540
-0.47540
-0.47540
-0.47540
-0.47540
-0.47540
-0.47540
-0.47540
-0.47540
-0.47540
-0.47540
-0.47540
-0.47540
-0.47540
-0.47540
-0.47540
-0.47540
-0.47540
-0.47540
-0.47540
-0.47540
-0.47540
-0.47540
-0.47540
-0.47540
-0.47540
-0.47540
-0.47540
-0.47540
-0.47540
-0.47540
-0.47540
-0.47540
-0.47540
-0.47540
-0.47540
-0.47540
-0.47540
-0.47540
-0.47540
-0.47540
-0.47540
-0.47540
-0.47540
-0.47540
-0.47540
-0.47540
-0.47540
-0.47540
-0.47540
-0.47540
-0.47540
-0.47540
-0.47540
-0.47540
-0.47540
-0.47540
-0.47540
-0.47540
-0.47540
-0.47540
-0.47540
-0.47540
-0.47540
-0.47540
-0.47540
-0.47540
-0.47540
-0.47540
-0.47540
-0.47540
-0.47540
-0.47540
-0.47540
-0.47540
-0.47540
-0.47540
-0.47540
-0.47540
-0.47540
-0.47540
-0.47540
-0.47540
-0.47540
-0.47540
-0.47540
-0.47540
-0.47540
-0.47540
-0.47540
-0.47540
-0.47540
-0.47540
-0.47540
-0.47540
-0.47540
-0.47540
-0.47540
-0.47540
-0.47540
-0.47540
-0.47540
-0.47540
-0.47540
-0.47540
-0.47540
-0.47540
-0.47540
-0.47540
-0.47540
-0.47540
-0.47540
-0.47540
-0.47540
-0.47540
-0.47540
-0.47540
-0.47539
-0.47537
-0.47535
-0.47533
-0.47531
-0.47528
-0.47524
-0.47520
-0.47516
-0.47512
-0.47508
-0.47504
-0.47500
-0.47496
-0.47492
-0.47486
-0.47478
-0.47470
-0.47462
-0.47454
-0.47445
-0.47435
-0.47425
-0.47415
-0.47405
-0.47393
-0.47379
-0.47365
-0.47351
-0.47337
-0.47319
-0.47297
-0.47275
-0.47253
-0.47231
-0.47203
-0.47169
-0.47135
-0.47101
-0.47067
-0.47024
-0.46972
-0.46920
-0.46868
-0.46816
-0.46751
-0.46673
-0.46595
-0.46517
-0.46439
-0.46339
-0.46217
-0.46095
-0.45973
-0.45851
-0.45693
-0.45499
-0.45305
-0.45111
-0.44917
-0.44667
-0.44361
-0.44055
-0.43749
-0.43443
-0.43048
-0.42564
-0.42080
-0.41596
-0.41112
-0.40489
-0.39727
-0.38965
-0.38203
-0.37441
-0.36488
-0.35344
-0.34200
-0.33056
-0.31912
-0.30504
-0.28832
-0.27160
-0.25488
-0.23816
-0.21895
-0.19725
-0.17555
-0.15385
-0.13215
-0.10811
-0.08173
-0.05535
-0.02897
-0.00259
0.02440
0.05200
0.07960
0.10720
0.13480
0.16194
0.18862
0.21530
0.24198
0.26866
0.29445
0.31935
0.34425
0.36915
0.39405
0.41723
0.43869
0.46015
0.48161
0.50307
-0.47560
-0.47560
-0.47560
-0.47560
-0.47560
-0.47560
-0.47560
-0.47560
-0.47560
-0.47560
-0.47560
-0.47560
-0.47560
-0.47560
-0.47560
-0.47560
-0.47560
-0.47560
-0.47560
-0.47560
-0.47560
-0.47560
-0.47560
-0.47560
-0.47560
-0.47560
-0.47560
-0.47560
-0.47560
-0.47560
-0.47560
-0.47560
-0.47560
-0.47560
-0.47560
-0.47560
-0.47560
-0.47560
-0.47560
-0.47560
-0.47560
-0.47560
-0.47560
-0.47560
-0.47560
-0.47560
-0.47560
-0.47560
-0.47560
-0.47560
-0.47560
-0.47560
-0.47560
-0.47560
-0.47560
-0.47560
-0.47560
-0.47560
-0.47560
-0.47560
-0.47560
-0.47560
-0.47560
-0.47560
-0.47560
-0.47560
-0.47560
-0.47560
-0.47560
-0.47560
-0.47560
-0.47560
-0.47560
-0.47560
-0.47560
-0.47560
-0.47560
-0.47560
-0.47560
-0.47560
-0.47560
-0.47560
-0.47560
-0.47560
-0.47560
-0.47560
-0.47560
-0.47560
-0.47560
-0.47560
-0.47560
-0.47560
-0.47560
-0.47560
-0.47560
-0.47560
-0.47560
-0.47560
-0.47560
-0.47560
-0.47560
-0.47560
-0.47560
-0.47560
-0.47560
-0.47560
-0.47560
-0.47560
-0.47560
-0.47560
-0.47560
-0.47560
-0.47560
-0.47560
-0.47560
-0.47560
-0.47560
-0.47560
-0.47560
-0.47560
-0.47560
-0.47560
-0.47560
-0.47560
-0.47560
-0.47560
-0.47560
-0.47560
-0.47560
-0.47560
-0.47560
-0.47560
-0.47560
-0.47560
-0.47560
-0.47560
-0.47560
-0.47560
-0.47560
-0.47560
-0.47560
-0.47560
-0.47560
-0.47560
-0.47560
-0.47560
-0.47560
-0.47560
-0.47560
-0.47560
-0.47560
-0.47560
-0.47560
-0.47560
-0.47560
-0.47560
-0.47560
-0.47560
-0.47560
-0.47560
-0.47560
-0.47560
-0.47560
-0.47560
-0.47560
-0.47560
-0.47560
-0.47560
-0.47558
-0.47556
-0.47554
-0.47552
-0.47550
-0.47548
-0.47546
-0.47544
-0.47542
-0.47540
-0.47536
-0.47532
-0.47528
-0.47524
-0.47520
-0.47514
-0.47508
-0.47502
-0.47496
-0.47490
-0.47480
-0.47470
-0.47460
-0.47450
-0.47440
-0.47426
-0.47412
-0.47398
-0.47384
-0.47370
-0.47350
-0.47330
-0.47310
-0.47290
-0.47270
-0.47238
-0.47206
-0.47174
-0.47142
-0.47110
-0.47064
-0.47018
-0.46972
-0.46926
-0.46880
-0.46806
-0.46732
-0.46658
-0.46584
-0.46510
-0.46398
-0.46286
-0.46174
-0.46062
-0.45950
-0.45772
-0.45594
-0.45416
-0.45238
-0.45060
-0.44776
-0.44492
-0.44208
-0.43924
-0.43640
-0.43196
-0.42752
-0.42308
-0.41864
-0.41420
-0.40716
-0.40012
-0.39308
-0.38604
-0.37900
-0.36848
-0.35796
-0.34744
-0.33692
-0.32640
-0.31100
-0.29560
-0.28020
-0.26480
-0.24940
-0.22902
-0.20864
-0.18826
-0.16788
-0.14750
-0.12284
-0.09818
-0.07352
-0.04886
-0.02420
0.00274
0.02968
0.05662
0.08356
0.11050
0.13610
0.16170
0.18730
0.21290
0.23850
0.26326
0.28802
0.31278
0.33754
0.36230
0.38330
0.40430
0.42530
-0.47580
-0.47580
-0.47580
-0.47580
-0.47580
-0.47580
-0.47580
-0.47580
-0.47580
-0.47580
-0.47580
-0.47580
-0.47580
-0.47580
-0.47580
-0.47580
-0.47580
-0.47580
-0.47580
-0.47580
-0.47580
-0.47580
-0.47580
-0.47580
-0.47580
-0.47580
-0.47580
-0.47580
-0.47580
-0.47580
-0.47580
-0.47580
-0.47580
-0.47580
-0.47580
-0.47580
-0.47580
-0.47580
-0.47580
-0.47580
-0.47580
-0.47580
-0.47580
-0.47580
-0.47580
-0.47580
-0.47580
-0.47580
-0.47580
-0.47580
-0.47580
-0.47580
-0.47580
-0.47580
-0.47580
-0.47580
-0.47580
-0.47580
-0.47580
-0.47580
-0.47580
-0.47580
-0.47580
-0.47580
-0.47580
-0.47580
-0.47580
-0.47580
-0.47580
-0.47580
-0.47580
-0.47580
-0.47580
-0.47580
-0.47580
-0.47580
-0.47580
-0.47580
-0.47580
-0.47580
-0.47580
-0.47580
-0.47580
-0.47580
-0.47580
-0.47580
-0.47580
-0.47580
-0.47580
-0.47580
-0.47580
-0.47580
-0.47580
-0.47580
-0.47580
-0.47580
-0.47580
-0.47580
-0.47580
-0.47580
-0.47580
-0.47580
-0.47580
-0.47580
-0.47580
-0.47580
-0.47580
-0.47580
-0.47580
-0.47580
-0.47580
-0.47580
-0.47580
-0.47580
-0.47580
-0.47580
-0.47580
-0.47580
-0.47580
-0.47580
-0.47580
-0.47580
-0.47580
-0.47580
-0.47580
-0.47580
-0.47580
-0.47580
-0.47580
-0.47580
-0.47580
-0.47580
-0.47580
-0.47580
-0.47580
-0.47580
-0.47580
-0.47580
-0.47580
-0.47580
-0.47580
-0.47580
-0.47580
-0.47580
-0.47580
-0.47580
-0.47580
-0.47580
-0.47580
-0.47580
-0.47580
-0.47580
-0.47580
-0.47580
-0.47580
-0.47580
-0.47580
-0.47580
-0.47580
-0.47580
-0.47580
-0.47580
-0.47580
-0.47580
-0.47580
-0.47580
-0.47580
-0.47580
-0.47580
-0.47579
-0.47577
-0.47575
-0.47573
-0.47571
-0.47569
-0.47567
-0.47565
-0.47563
-0.47561
-0.47558
-0.47554
-0.47550
-0.47546
-0.47542
-0.47538
-0.47534
-0.47530
-0.47526
-0.47522
-0.47516
-0.47508
-0.47500
-0.47492
-0.47484
-0.47473
-0.47459
-0.47445
-0.47431
-0.47417
-0.47401
-0.47383
-0.47365
-0.47347
-0.47329
-0.47305
-0.47275
-0.47245
-0.47215
-0.47185
-0.47149
-0.47107
-0.47065
-0.47023
-0.46981
-0.46926
-0.46858
-0.46790
-0.46722
-0.46654
-0.46568
-0.46464
-0.46360
-0.46256
-0.46152
-0.46018
-0.45854
-0.45690
-0.45526
-0.45362
-0.45149
-0.44887
-0.44625
-0.44363
-0.44101
-0.43765
-0.43355
-0.42945
-0.42535
-0.42125
-0.41596
-0.40948
-0.40300
-0.39652
-0.39004
-0.38194
-0.37222
-0.36250
-0.35278
-0.34306
-0.33112
-0.31696
-0.30280
-0.28864
-0.27448
-0.25783
-0.23869
-0.21955
-0.20041
-0.18127
-0.16018
-0.13714
-0.11410
-0.09106
-0.06802
-0.04346
-0.01738
0.00870
0.03478
0.06086
0.08620
0.11080
0.13540
0.16000
0.18460
0.20904
0.23332
0.25760
0.28188
0.30616
0.32867
0.34941
-0.47600
-0.47600
-0.47600
-0.47600
-0.47600
-0.47600
-0.47600
-0.47600
-0.47600
-0.47600
-0.47600
-0.47600
-0.47600
-0.47600
-0.47600
-0.47600
-0.47600
-0.47600
-0.47600
-0.47600
-0.47600
-0.47600
-0.47600
-0.47600
-0.47600
-0.47600
-0.47600
-0.47600
-0.47600
-0.47600
-0.47600
-0.47600
-0.47600
-0.47600
-0.47600
-0.47600
-0.47600
-0.47600
-0.47600
-0.47600
-0.47600
-0.47600
-0.47600
-0.47600
-0.47600
-0.47600
-0.47600
-0.47600
-0.47600
-0.47600
-0.47600
-0.47600
-0.47600
-0.47600
-0.47600
-0.47600
-0.47600
-0.47600
-0.47600
-0.47600
-0.47600
-0.47600
-0.47600
-0.47600
-0.47600
-0.47600
-0.47600
-0.47600
-0.47600
-0.47600
-0.47600
-0.47600
-0.47600
-0.47600
-0.47600
-0.47600
-0.47600
-0.47600
-0.47600
-0.47600
-0.47600
-0.47600
-0.47600
-0.47600
-0.47600
-0.47600
-0.47600
-0.47600
-0.47600
-0.47600
-0.47600
-0.47600
-0.47600
-0.47600
-0.47600
-0.47600
-0.47600
-0.47600
-0.47600
-0.47600
-0.47600
-0.47600
-0.47600
-0.47600
-0.47600
-0.47600
-0.47600
-0.47600
-0.47600
-0.47600
-0.47600
-0.47600
-0.47600
-0.47600
-0.47600
-0.47600
-0.47600
-0.47600
-0.47600
-0.47600
-0.47600
-0.47600
-0.47600
-0.47600
-0.47600
-0.47600
-0.47600
-0.47600
-0.47600
-0.47600
-0.47600
-0.47600
-0.47600
-0.47600
-0.47600
-0.47600
-0.47600
-0.47600
-0.47600
-0.47600
-0.47600
-0.47600
-0.47600
-0.47600
-0.47600
-0.47600
-0.47600
-0.47600
-0.47600
-0.47600
-0.47600
-0.47600
-0.47600
-0.47600
-0.47600
-0.47600
-0.47600
-0.47600
-0.47600
-0.47600
-0.47600
-0.47600
-0.47600
-0.47600
-0.47600
-0.47600
-0.47600
-0.47600
-0.47600
-0.47600
-0.47600
-0.47598
-0.47596
-0.47594
-0.47592
-0.47590
-0.47588
-0.47586
-0.47584
-0.47582
-0.47580
-0.47576
-0.47572
-0.47568
-0.47564
-0.47560
-0.47556
-0.47552
-0.47548
-0.47544
-0.47540
-0.47532
-0.47524
-0.47516
-0.47508
-0.47500
-0.47488
-0.47476
-0.47464
-0.47452
-0.47440
-0.47424
-0.47408
-0.47392
-0.47376
-0.47360
-0.47334
-0.47308
-0.47282
-0.47256
-0.47230
-0.47188
-0.47146
-0.47104
-0.47062
-0.47020
-0.46960
-0.46900
-0.46840
-0.46780
-0.46720
-0.46622
-0.46524
-0.46426
-0.46328
-0.46230
-0.46080
-0.45930
-0.45780
-0.45630
-0.45480
-0.45236
-0.44992
-0.44748
-0.44504
-0.44260
-0.43884
-0.43508
-0.43132
-0.42756
-0.42380
-0.41784
-0.41188
-0.40592
-0.39996
-0.39400
-0.38500
-0.37600
-0.36700
-0.35800
-0.34900
-0.33594
-0.32288
-0.30982
-0.29676
-0.28370
-0.26578
-0.24786
-0.22994
-0.21202
-0.19410
-0.17256
-0.15102
-0.12948
-0.10794
-0.08640
-0.06144
-0.03648
-0.01152
0.01344
0.03840
0.06210
0.08580
0.10950
0.13320
0.15690
0.18044
0.20398
0.22752
0.25106
0.27460
-0.47630
-0.47630
-0.47630
-0.47630
-0.47630
-0.47630
-0.47630
-0.47630
-0.47630
-0.47630
-0.47630
-0.47630
-0.47630
-0.47630
-0.47630
-0.47630
-0.47630
-0.47630
-0.47630
-0.47630
-0.47630
-0.47630
-0.47630
-0.47630
-0.47630
-0.47630
-0.47630
-0.47630
-0.47630
-0.47630
-0.47630
-0.47630
-0.47630
-0.47630
-0.47630
-0.47630
-0.47630
-0.47630
-0.47630
-0.47630
-0.47630
-0.47630
-0.47630
-0.47630
-0.47630
-0.47630
-0.47630
-0.47630
-0.47630
-0.47630
-0.47630
-0.47630
-0.47630
-0.47630
-0.47630
-0.47630
-0.47630
-0.47630
-0.47630
-0.47630
-0.47630
-0.47630
-0.47630
-0.47630
-0.47630
-0.47630
-0.47630
-0.47630
-0.47630
-0.47630
-0.47630
-0.47630
-0.47630
-0.47630
-0.47630
-0.47630
-0.47630
-0.47630
-0.47630
-0.47630
-0.47630
-0.47630
-0.47630
-0.47630
-0.47630
-0.47630
-0.47630
-0.47630
-0.47630
-0.47630
-0.47630
-0.47630
-0.47630
-0.47630
-0.47630
-0.47630
-0.47630
-0.47630
-0.47630
-0.47630
-0.47630
-0.47630
-0.47630
-0.47630
-0.47630
-0.47630
-0.47630
-0.47630
-0.47630
-0.47630
-0.47630
-0.47630
-0.47630
-0.47630
-0.47630
-0.47630
-0.47630
-0.47630
-0.47630
-0.47630
-0.47630
-0.47630
-0.47630
-0.47630
-0.47630
-0.47630
-0.47630
-0.47630
-0.47630
-0.47630
-0.47630
-0.47630
-0.47630
-0.47630
-0.47630
-0.47630
-0.47630
-0.47630
-0.47630
-0.47630
-0.47630
-0.47630
-0.47630
-0.47630
-0.47630
-0.47630
-0.47630
-0.47630
-0.47630
-0.47630
-0.47630
-0.47630
-0.47630
-0.47630
-0.47630
-0.47630
-0.47630
-0.47630
-0.47630
-0.47630
-0.47630
-0.47630
-0.47630
-0.47630
-0.47630
-0.47630
-0.47630
-0.47630
-0.47630
-0.47630
-0.47630
-0.47630
-0.47629
-0.47627
-0.47625
-0.47623
-0.47621
-0.47619
-0.47617
-0.47615
-0.47613
-0.47611
-0.47609
-0.47607
-0.47605
-0.47603
-0.47601
-0.47597
-0.47591
-0.47585
-0.47579
-0.47573
-0.47567
-0.47561
-0.47555
-0.47549
-0.47543
-0.47535
-0.47525
-0.47515
-0.47505
-0.47495
-0.47482
-0.47466
-0.47450
-0.47434
-0.47418
-0.47398
-0.47374
-0.47350
-0.47326
-0.47302
-0.47272
-0.47236
-0.47200
-0.47164
-0.47128
-0.47081
-0.47023
-0.46965
-0.46907
-0.46849
-0.46776
-0.46688
-0.46600
-0.46512
-0.46424
-0.46310
-0.46170
-0.46030
-0.45890
-0.45750
-0.45569
-0.45347
-0.45125
-0.44903
-0.44681
-0.44397
-0.44051
-0.43705
-0.43359
-0.43013
-0.42568
-0.42024
-0.41480
-0.40936
-0.40392
-0.39705
-0.38875
-0.38045
-0.37215
-0.36385
-0.35369
-0.34167
-0.32965
-0.31763
-0.30561
-0.29125
-0.27455
-0.25785
-0.24115
-0.22445
-0.20602
-0.18586
-0.16570
-0.14554
-0.12538
-0.10350
-0.07990
-0.05630
-0.03270
-0.00910
0.01425
0.03735
0.06045
0.08355
0.10665
0.12954
0.15222
0.17490
0.19758
-0.47680
-0.47680
-0.47680
-0.47680
-0.47680
-0.47680
-0.47680
-0.47680
-0.47680
-0.47680
-0.47680
-0.47680
-0.47680
-0.47680
-0.47680
-0.47680
-0.47680
-0.47680
-0.47680
-0.47680
-0.47680
-0.47680
-0.47680
-0.47680
-0.47680
-0.47680
-0.47680
-0.47680
-0.47680
-0.47680
-0.47680
-0.47680
-0.47680
-0.47680
-0.47680
-0.47680
-0.47680
-0.47680
-0.47680
-0.47680
-0.47680
-0.47680
-0.47680
-0.47680
-0.47680
-0.47680
-0.47680
-0.47680
-0.47680
-0.47680
-0.47680
-0.47680
-0.47680
-0.47680
-0.47680
-0.47680
-0.47680
-0.47680
-0.47680
-0.47680
-0.47680
-0.47680
-0.47680
-0.47680
-0.47680
-0.47680
-0.47680
-0.47680
-0.47680
-0.47680
-0.47680
-0.47680
-0.47680
-0.47680
-0.47680
-0.47680
-0.47680
-0.47680
-0.47680
-0.47680
-0.47680
-0.47680
-0.47680
-0.47680
-0.47680
-0.47680
-0.47680
-0.47680
-0.47680
-0.47680
-0.47680
-0.47680
-0.47680
-0.47680
-0.47680
-0.47680
-0.47680
-0.47680
-0.47680
-0.47680
-0.47680
-0.47680
-0.47680
-0.47680
-0.47680
-0.47680
-0.47680
-0.47680
-0.47680
-0.47680
-0.47680
-0.47680
-0.47680
-0.47680
-0.47680
-0.47680
-0.47680
-0.47680
-0.47680
-0.47680
-0.47680
-0.47680
-0.47680
-0.47680
-0.47680
-0.47680
-0.47680
-0.47680
-0.47680
-0.47680
-0.47680
-0.47680
-0.47680
-0.47680
-0.47680
-0.47680
-0.47680
-0.47680
-0.47680
-0.47680
-0.47680
-0.47680
-0.47680
-0.47680
-0.47680
-0.47680
-0.47680
-0.47680
-0.47680
-0.47680
-0.47680
-0.47680
-0.47680
-0.47680
-0.47680
-0.47680
-0.47680
-0.47680
-0.47680
-0.47680
-0.47680
-0.47680
-0.47680
-0.47680
-0.47680
-0.47680
-0.47680
-0.47680
-0.47680
-0.47678
-0.47676
-0.47674
-0.47672
-0.47670
-0.47668
-0.47666
-0.47664
-0.47662
-0.47660
-0.47658
-0.47656
-0.47654
-0.47652
-0.47650
-0.47648
-0.47646
-0.47644
-0.47642
-0.47640
-0.47636
-0.47632
-0.47628
-0.47624
-0.47620
-0.47614
-0.47608
-0.47602
-0.47596
-0.47590
-0.47580
-0.47570
-0.47560
-0.47550
-0.47540
-0.47528
-0.47516
-0.47504
-0.47492
-0.47480
-0.47458
-0.47436
-0.47414
-0.47392
-0.47370
-0.47336
-0.47302
-0.47268
-0.47234
-0.47200
-0.47148
-0.47096
-0.47044
-0.46992
-0.46940
-0.46858
-0.46776
-0.46694
-0.46612
-0.46530
-0.46402
-0.46274
-0.46146
-0.46018
-0.45890
-0.45688
-0.45486
-0.45284
-0.45082
-0.44880
-0.44564
-0.44248
-0.43932
-0.43616
-0.43300
-0.42804
-0.42308
-0.41812
-0.41316
-0.40820
-0.40056
-0.39292
-0.38528
-0.37764
-0.37000
-0.35900
-0.34800
-0.33700
-0.32600
-0.31500
-0.29954
-0.28408
-0.26862
-0.25316
-0.23770
-0.21876
-0.19982
-0.18088
-0.16194
-0.14300
-0.12086
-0.09872
-0.07658
-0.05444
-0.03230
-0.00964
0.01302
0.03568
0.05834
0.08100
0.10284
0.12468
-0.47720
-0.47720
-0.47720
-0.47720
-0.47720
-0.47720
-0.47720
-0.47720
-0.47720
-0.47720
-0.47720
-0.47720
-0.47720
-0.47720
-0.47720
-0.47720
-0.47720
-0.47720
-0.47720
-0.47720
-0.47720
-0.47720
-0.47720
-0.47720
-0.47720
-0.47720
-0.47720
-0.47720
-0.47720
-0.47720
-0.47720
-0.47720
-0.47720
-0.47720
-0.47720
-0.47720
-0.47720
-0.47720
-0.47720
-0.47720
-0.47720
-0.47720
-0.47720
-0.47720
-0.47720
-0.47720
-0.47720
-0.47720
-0.47720
-0.47720
-0.47720
-0.47720
-0.47720
-0.47720
-0.47720
-0.47720
-0.47720
-0.47720
-0.47720
-0.47720
-0.47720
-0.47720
-0.47720
-0.47720
-0.47720
-0.47720
-0.47720
-0.47720
-0.47720
-0.47720
-0.47720
-0.47720
-0.47720
-0.47720
-0.47720
-0.47720
-0.47720
-0.47720
-0.47720
-0.47720
-0.47720
-0.47720
-0.47720
-0.47720
-0.47720
-0.47720
-0.47720
-0.47720
-0.47720
-0.47720
-0.47720
-0.47720
-0.47720
-0.47720
-0.47720
-0.47720
-0.47720
-0.47720
-0.47720
-0.47720
-0.47720
-0.47720
-0.47720
-0.47720
-0.47720
-0.47720
-0.47720
-0.47720
-0.47720
-0.47720
-0.47720
-0.47720
-0.47720
-0.47720
-0.47720
-0.47720
-0.47720
-0.47720
-0.47720
-0.47720
-0.47720
-0.47720
-0.47720
-0.47720
-0.47720
-0.47720
-0.47720
-0.47720
-0.47720
-0.47720
-0.47720
-0.47720
-0.47720
-0.47720
-0.47720
-0.47720
-0.47720
-0.47720
-0.47720
-0.47720
-0.47720
-0.47720
-0.47720
-0.47720
-0.47720
-0.47720
-0.47720
-0.47720
-0.47720
-0.47720
-0.47720
-0.47720
-0.47720
-0.47720
-0.47720
-0.47720
-0.47720
-0.47720
-0.47720
-0.47720
-0.47720
-0.47720
-0.47720
-0.47720
-0.47720
-0.47720
-0.47720
-0.47720
-0.47720
-0.47720
-0.47720
-0.47720
-0.47720
-0.47720
-0.47720
-0.47719
-0.47717
-0.47715
-0.47713
-0.47711
-0.47709
-0.47707
-0.47705
-0.47703
-0.47701
-0.47698
-0.47694
-0.47690
-0.47686
-0.47682
-0.47678
-0.47674
-0.47670
-0.47666
-0.47662
-0.47657
-0.47651
-0.47645
-0.47639
-0.47633
-0.47626
-0.47618
-0.47610
-0.47602
-0.47594
-0.47584
-0.47572
-0.47560
-0.47548
-0.47536
-0.47520
-0.47500
-0.47480
-0.47460
-0.47440
-0.47414
-0.47382
-0.47350
-0.47318
-0.47286
-0.47246
-0.47198
-0.47150
-0.47102
-0.47054
-0.46993
-0.46919
-0.46845
-0.46771
-0.46697
-0.46601
-0.46483
-0.46365
-0.46247
-0.46129
-0.45978
-0.45794
-0.45610
-0.45426
-0.45242
-0.45003
-0.44709
-0.44415
-0.44121
-0.43827
-0.43453
-0.42999
-0.42545
-0.42091
-0.41637
-0.41059
-0.40357
-0.39655
-0.38953
-0.38251
-0.37393
-0.36379
-0.35365
-0.34351
-0.33337
-0.32119
-0.30697
-0.29275
-0.27853
-0.26431
-0.24826
-0.23038
-0.21250
-0.19462
-0.17674
-0.15743
-0.13669
-0.11595
-0.09521
-0.07447
-0.05304
-0.03092
-0.00880
0.01332
0.03544
0.05698
-0.47770
-0.47770
-0.47770
-0.47770
-0.47770
-0.47770
-0.47770
-0.47770
-0.47770
-0.47770
-0.47770
-0.47770
-0.47770
-0.47770
-0.47770
-0.47770
-0.47770
-0.47770
-0.47770
-0.47770
-0.47770
-0.47770
-0.47770
-0.47770
-0.47770
-0.47770
-0.47770
-0.47770
-0.47770
-0.47770
-0.47770
-0.47770
-0.47770
-0.47770
-0.47770
-0.47770
-0.47770
-0.47770
-0.47770
-0.47770
-0.47770
-0.47770
-0.47770
-0.47770
-0.47770
-0.47770
-0.47770
-0.47770
-0.47770
-0.47770
-0.47770
-0.47770
-0.47770
-0.47770
-0.47770
-0.47770
-0.47770
-0.47770
-0.47770
-0.47770
-0.47770
-0.47770
-0.47770
-0.47770
-0.47770
-0.47770
-0.47770
-0.47770
-0.47770
-0.47770
-0.47770
-0.47770
-0.47770
-0.47770
-0.47770
-0.47770
-0.47770
-0.47770
-0.47770
-0.47770
-0.47770
-0.47770
-0.47770
-0.47770
-0.47770
-0.47770
-0.47770
-0.47770
-0.47770
-0.47770
-0.47770
-0.47770
-0.47770
-0.47770
-0.47770
-0.47770
-0.47770
-0.47770
-0.47770
-0.47770
-0.47770
-0.47770
-0.47770
-0.47770
-0.47770
-0.47770
-0.47770
-0.47770
-0.47770
-0.47770
-0.47770
-0.47770
-0.47770
-0.47770
-0.47770
-0.47770
-0.47770
-0.47770
-0.47770
-0.47770
-0.47770
-0.47770
-0.47770
-0.47770
-0.47770
-0.47770
-0.47770
-0.47770
-0.47770
-0.47770
-0.47770
-0.47770
-0.47770
-0.47770
-0.47770
-0.47770
-0.47770
-0.47770
-0.47770
-0.47770
-0.47770
-0.47770
-0.47770
-0.47770
-0.47770
-0.47770
-0.47770
-0.47770
-0.47770
-0.47770
-0.47770
-0.47770
-0.47770
-0.47770
-0.47770
-0.47770
-0.47770
-0.47770
-0.47770
-0.47770
-0.47770
-0.47770
-0.47770
-0.47770
-0.47770
-0.47770
-0.47770
-0.47770
-0.47770
-0.47770
-0.47770
-0.47770
-0.47768
-0.47766
-0.47764
-0.47762
-0.47760
-0.47758
-0.47756
-0.47754
-0.47752
-0.47750
-0.47748
-0.47746
-0.47744
-0.47742
-0.47740
-0.47736
-0.47732
-0.47728
-0.47724
-0.47720
-0.47714
-0.47708
-0.47702
-0.47696
-0.47690
-0.47684
-0.47678
-0.47672
-0.47666
-0.47660
-0.47652
-0.47644
-0.47636
-0.47628
-0.47620
-0.47610
-0.47600
-0.47590
-0.47580
-0.47570
-0.47552
-0.47534
-0.47516
-0.47498
-0.47480
-0.47450
-0.47420
-0.47390
-0.47360
-0.47330
-0.47286
-0.47242
-0.47198
-0.47154
-0.47110
-0.47040
-0.46970
-0.46900
-0.46830
-0.46760
-0.46652
-0.46544
-0.46436
-0.46328
-0.46220
-0.46050
-0.45880
-0.45710
-0.45540
-0.45370
-0.45098
-0.44826
-0.44554
-0.44282
-0.44010
-0.43592
-0.43174
-0.42756
-0.42338
-0.41920
-0.41272
-0.40624
-0.39976
-0.39328
-0.38680
-0.37744
-0.36808
-0.35872
-0.34936
-0.34000
-0.32690
-0.31380
-0.30070
-0.28760
-0.27450
-0.25764
-0.24078
-0.22392
-0.20706
-0.19020
-0.17074
-0.15128
-0.13182
-0.11236
-0.09290
-0.07144
-0.04998
-0.02852
-0.00706
-0.47820
-0.47820
-0.47820
-0.47820
-0.47820
-0.47820
-0.47820
-0.47820
-0.47820
-0.47820
-0.47820
-0.47820
-0.47820
-0.47820
-0.47820
-0.47820
-0.47820
-0.47820
-0.47820
-0.47820
-0.47820
-0.47820
-0.47820
-0.47820
-0.47820
-0.47820
-0.47820
-0.47820
-0.47820
-0.47820
-0.47820
-0.47820
-0.47820
-0.47820
-0.47820
-0.47820
-0.47820
-0.47820
-0.47820
-0.47820
-0.47820
-0.47820
-0.47820
-0.47820
-0.47820
-0.47820
-0.47820
-0.47820
-0.47820
-0.47820
-0.47820
-0.47820
-0.47820
-0.47820
-0.47820
-0.47820
-0.47820
-0.47820
-0.47820
-0.47820
-0.47820
-0.47820
-0.47820
-0.47820
-0.47820
-0.47820
-0.47820
-0.47820
-0.47820
-0.47820
-0.47820
-0.47820
-0.47820
-0.47820
-0.47820
-0.47820
-0.47820
-0.47820
-0.47820
-0.47820
-0.47820
-0.47820
-0.47820
-0.47820
-0.47820
-0.47820
-0.47820
-0.47820
-0.47820
-0.47820
-0.47820
-0.47820
-0.47820
-0.47820
-0.47820
-0.47820
-0.47820
-0.47820
-0.47820
-0.47820
-0.47820
-0.47820
-0.47820
-0.47820
-0.47820
-0.47820
-0.47820
-0.47820
-0.47820
-0.47820
-0.47820
-0.47820
-0.47820
-0.47820
-0.47820
-0.47820
-0.47820
-0.47820
-0.47820
-0.47820
-0.47820
-0.47820
-0.47820
-0.47820
-0.47820
-0.47820
-0.47820
-0.47820
-0.47820
-0.47820
-0.47820
-0.47820
-0.47820
-0.47820
-0.47820
-0.47820
-0.47820
-0.47820
-0.47820
-0.47820
-0.47820
-0.47820
-0.47820
-0.47820
-0.47820
-0.47820
-0.47820
-0.47820
-0.47820
-0.47820
-0.47820
-0.47820
-0.47820
-0.47820
-0.47820
-0.47820
-0.47820
-0.47820
-0.47820
-0.47820
-0.47820
-0.47820
-0.47820
-0.47820
-0.47820
-0.47820
-0.47820
-0.47820
-0.47820
-0.47820
-0.47820
-0.47820
-0.47820
-0.47819
-0.47817
-0.47815
-0.47813
-0.47811
-0.47809
-0.47807
-0.47805
-0.47803
-0.47801
-0.47798
-0.47794
-0.47790
-0.47786
-0.47782
-0.47778
-0.47774
-0.47770
-0.47766
-0.47762
-0.47757
-0.47751
-0.47745
-0.47739
-0.47733
-0.47727
-0.47721
-0.47715
-0.47709
-0.47703
-0.47696
-0.47688
-0.47680
-0.47672
-0.47664
-0.47654
-0.47642
-0.47630
-0.47618
-0.47606
-0.47591
-0.47573
-0.47555
-0.47537
-0.47519
-0.47497
-0.47471
-0.47445
-0.47419
-0.47393
-0.47359
-0.47317
-0.47275
-0.47233
-0.47191
-0.47138
-0.47074
-0.47010
-0.46946
-0.46882
-0.46799
-0.46697
-0.46595
-0.46493
-0.46391
-0.46261
-0.46103
-0.45945
-0.45787
-0.45629
-0.45425
-0.45175
-0.44925
-0.44675
-0.44425
-0.44108
-0.43724
-0.43340
-0.42956
-0.42572
-0.42083
-0.41489
-0.40895
-0.40301
-0.39707
-0.38977
-0.38111
-0.37245
-0.36379
-0.35513
-0.34477
-0.33271
-0.32065
-0.30859
-0.29653
-0.28256
-0.26668
-0.25080
-0.23492
-0.21904
-0.20196
-0.18368
-0.16540
-0.14712
-0.12884
-0.10937
-0.08871
-0.06805
-0.47870
-0.47870
-0.47870
-0.47870
-0.47870
-0.47870
-0.47870
-0.47870
-0.47870
-0.47870
-0.47870
-0.47870
-0.47870
-0.47870
-0.47870
-0.47870
-0.47870
-0.47870
-0.47870
-0.47870
-0.47870
-0.47870
-0.47870
-0.47870
-0.47870
-0.47870
-0.47870
-0.47870
-0.47870
-0.47870
-0.47870
-0.47870
-0.47870
-0.47870
-0.47870
-0.47870
-0.47870
-0.47870
-0.47870
-0.47870
-0.47870
-0.47870
-0.47870
-0.47870
-0.47870
-0.47870
-0.47870
-0.47870
-0.47870
-0.47870
-0.47870
-0.47870
-0.47870
-0.47870
-0.47870
-0.47870
-0.47870
-0.47870
-0.47870
-0.47870
-0.47870
-0.47870
-0.47870
-0.47870
-0.47870
-0.47870
-0.47870
-0.47870
-0.47870
-0.47870
-0.47870
-0.47870
-0.47870
-0.47870
-0.47870
-0.47870
-0.47870
-0.47870
-0.47870
-0.47870
-0.47870
-0.47870
-0.47870
-0.47870
-0.47870
-0.47870
-0.47870
-0.47870
-0.47870
-0.47870
-0.47870
-0.47870
-0.47870
-0.47870
-0.47870
-0.47870
-0.47870
-0.47870
-0.47870
-0.47870
-0.47870
-0.47870
-0.47870
-0.47870
-0.47870
-0.47870
-0.47870
-0.47870
-0.47870
-0.47870
-0.47870
-0.47870
-0.47870
-0.47870
-0.47870
-0.47870
-0.47870
-0.47870
-0.47870
-0.47870
-0.47870
-0.47870
-0.47870
-0.47870
-0.47870
-0.47870
-0.47870
-0.47870
-0.47870
-0.47870
-0.47870
-0.47870
-0.47870
-0.47870
-0.47870
-0.47870
-0.47870
-0.47870
-0.47870
-0.47870
-0.47870
-0.47870
-0.47870
-0.47870
-0.47870
-0.47870
-0.47870
-0.47870
-0.47870
-0.47870
-0.47870
-0.47870
-0.47870
-0.47870
-0.47870
-0.47870
-0.47870
-0.47870
-0.47870
-0.47870
-0.47870
-0.47870
-0.47870
-0.47870
-0.47870
-0.47870
-0.47870
-0.47870
-0.47870
-0.47870
-0.47870
-0.47870
-0.47870
-0.47870
-0.47870
-0.47868
-0.47866
-0.47864
-0.47862
-0.47860
-0.47858
-0.47856
-0.47854
-0.47852
-0.47850
-0.47846
-0.47842
-0.47838
-0.47834
-0.47830
-0.47826
-0.47822
-0.47818
-0.47814
-0.47810
-0.47802
-0.47794
-0.47786
-0.47778
-0.47770
-0.47762
-0.47754
-0.47746
-0.47738
-0.47730
-0.47722
-0.47714
-0.47706
-0.47698
-0.47690
-0.47678
-0.47666
-0.47654
-0.47642
-0.47630
-0.47612
-0.47594
-0.47576
-0.47558
-0.47540
-0.47514
-0.47488
-0.47462
-0.47436
-0.47410
-0.47370
-0.47330
-0.47290
-0.47250
-0.47210
-0.47148
-0.47086
-0.47024
-0.46962
-0.46900
-0.46806
-0.46712
-0.46618
-0.46524
-0.46430
-0.46284
-0.46138
-0.45992
-0.45846
-0.45700
-0.45470
-0.45240
-0.45010
-0.44780
-0.44550
-0.44194
-0.43838
-0.43482
-0.43126
-0.42770
-0.42228
-0.41686
-0.41144
-0.40602
-0.40060
-0.39258
-0.38456
-0.37654
-0.36852
-0.36050
-0.34936
-0.33822
-0.32708
-0.31594
-0.30480
-0.28988
-0.27496
-0.26004
-0.24512
-0.23020
-0.21308
-0.19596
-0.17884
-0.16172
-0.14460
-0.12506
-0.47910
-0.47910
-0.47910
-0.47910
-0.47910
-0.47910
-0.47910
-0.47910
-0.47910
-0.47910
-0.47910
-0.47910
-0.47910
-0.47910
-0.47910
-0.47910
-0.47910
-0.47910
-0.47910
-0.47910
-0.47910
-0.47910
-0.47910
-0.47910
-0.47910
-0.47910
-0.47910
-0.47910
-0.47910
-0.47910
-0.47910
-0.47910
-0.47910
-0.47910
-0.47910
-0.47910
-0.47910
-0.47910
-0.47910
-0.47910
-0.47910
-0.47910
-0.47910
-0.47910
-0.47910
-0.47910
-0.47910
-0.47910
-0.47910
-0.47910
-0.47910
-0.47910
-0.47910
-0.47910
-0.47910
-0.47910
-0.47910
-0.47910
-0.47910
-0.47910
-0.47910
-0.47910
-0.47910
-0.47910
-0.47910
-0.47910
-0.47910
-0.47910
-0.47910
-0.47910
-0.47910
-0.47910
-0.47910
-0.47910
-0.47910
-0.47910
-0.47910
-0.47910
-0.47910
-0.47910
-0.47910
-0.47910
-0.47910
-0.47910
-0.47910
-0.47910
-0.47910
-0.47910
-0.47910
-0.47910
-0.47910
-0.47910
-0.47910
-0.47910
-0.47910
-0.47910
-0.47910
-0.47910
-0.47910
-0.47910
-0.47910
-0.47910
-0.47910
-0.47910
-0.47910
-0.47910
-0.47910
-0.47910
-0.47910
-0.47910
-0.47910
-0.47910
-0.47910
-0.47910
-0.47910
-0.47910
-0.47910
-0.47910
-0.47910
-0.47910
-0.47910
-0.47910
-0.47910
-0.47910
-0.47910
-0.47910
-0.47910
-0.47910
-0.47910
-0.47910
-0.47910
-0.47910
-0.47910
-0.47910
-0.47910
-0.47910
-0.47910
-0.47910
-0.47910
-0.47910
-0.47910
-0.47910
-0.47910
-0.47910
-0.47910
-0.47910
-0.47910
-0.47910
-0.47910
-0.47910
-0.47910
-0.47910
-0.47910
-0.47910
-0.47910
-0.47910
-0.47910
-0.47910
-0.47910
-0.47910
-0.47910
-0.47910
-0.47910
-0.47910
-0.47910
-0.47910
-0.47910
-0.47910
-0.47910
-0.47910
-0.47910
-0.47910
-0.47910
-0.47910
-0.47910
-0.47910
-0.47909
-0.47907
-0.47905
-0.47903
-0.47901
-0.47899
-0.47897
-0.47895
-0.47893
-0.47891
-0.47889
-0.47887
-0.47885
-0.47883
-0.47881
-0.47877
-0.47871
-0.47865
-0.47859
-0.47853
-0.47847
-0.47841
-0.47835
-0.47829
-0.47823
-0.47816
-0.47808
-0.47800
-0.47792
-0.47784
-0.47775
-0.47765
-0.47755
-0.47745
-0.47735
-0.47723
-0.47709
-0.47695
-0.47681
-0.47667
-0.47651
-0.47633
-0.47615
-0.47597
-0.47579
-0.47556
-0.47528
-0.47500
-0.47472
-0.47444
-0.47410
-0.47370
-0.47330
-0.47290
-0.47250
-0.47201
-0.47143
-0.47085
-0.47027
-0.46969
-0.46895
-0.46805
-0.46715
-0.46625
-0.46535
-0.46422
-0.46286
-0.46150
-0.46014
-0.45878
-0.45704
-0.45492
-0.45280
-0.45068
-0.44856
-0.44585
-0.44255
-0.43925
-0.43595
-0.43265
-0.42850
-0.42350
-0.41850
-0.41350
-0.40850
-0.40229
-0.39487
-0.38745
-0.38003
-0.37261
-0.36376
-0.35348
-0.34320
-0.33292
-0.32264
-0.31053
-0.29659
-0.28265
-0.26871
-0.25477
-0.23972
-0.22356
-0.20740
-0.19124
-0.17508
-0.47960
-0.47960
-0.47960
-0.47960
-0.47960
-0.47960
-0.47960
-0.47960
-0.47960
-0.47960
-0.47960
-0.47960
-0.47960
-0.47960
-0.47960
-0.47960
-0.47960
-0.47960
-0.47960
-0.47960
-0.47960
-0.47960
-0.47960
-0.47960
-0.47960
-0.47960
-0.47960
-0.47960
-0.47960
-0.47960
-0.47960
-0.47960
-0.47960
-0.47960
-0.47960
-0.47960
-0.47960
-0.47960
-0.47960
-0.47960
-0.47960
-0.47960
-0.47960
-0.47960
-0.47960
-0.47960
-0.47960
-0.47960
-0.47960
-0.47960
-0.47960
-0.47960
-0.47960
-0.47960
-0.47960
-0.47960
-0.47960
-0.47960
-0.47960
-0.47960
-0.47960
-0.47960
-0.47960
-0.47960
-0.47960
-0.47960
-0.47960
-0.47960
-0.47960
-0.47960
-0.47960
-0.47960
-0.47960
-0.47960
-0.47960
-0.47960
-0.47960
-0.47960
-0.47960
-0.47960
-0.47960
-0.47960
-0.47960
-0.47960
-0.47960
-0.47960
-0.47960
-0.47960
-0.47960
-0.47960
-0.47960
-0.47960
-0.47960
-0.47960
-0.47960
-0.47960
-0.47960
-0.47960
-0.47960
-0.47960
-0.47960
-0.47960
-0.47960
-0.47960
-0.47960
-0.47960
-0.47960
-0.47960
-0.47960
-0.47960
-0.47960
-0.47960
-0.47960
-0.47960
-0.47960
-0.47960
-0.47960
-0.47960
-0.47960
-0.47960
-0.47960
-0.47960
-0.47960
-0.47960
-0.47960
-0.47960
-0.47960
-0.47960
-0.47960
-0.47960
-0.47960
-0.47960
-0.47960
-0.47960
-0.47960
-0.47960
-0.47960
-0.47960
-0.47960
-0.47960
-0.47960
-0.47960
-0.47960
-0.47960
-0.47960
-0.47960
-0.47960
-0.47960
-0.47960
-0.47960
-0.47960
-0.47960
-0.47960
-0.47960
-0.47960
-0.47960
-0.47960
-0.47960
-0.47960
-0.47960
-0.47960
-0.47960
-0.47960
-0.47960
-0.47960
-0.47960
-0.47960
-0.47960
-0.47960
-0.47960
-0.47960
-0.47960
-0.47960
-0.47960
-0.47960
-0.47960
-0.47960
-0.47960
-0.47958
-0.47956
-0.47954
-0.47952
-0.47950
-0.47948
-0.47946
-0.47944
-0.47942
-0.47940
-0.47938
-0.47936
-0.47934
-0.47932
-0.47930
-0.47924
-0.47918
-0.47912
-0.47906
-0.47900
-0.47894
-0.47888
-0.47882
-0.47876
-0.47870
-0.47862
-0.47854
-0.47846
-0.47838
-0.47830
-0.47820
-0.47810
-0.47800
-0.47790
-0.47780
-0.47764
-0.47748
-0.47732
-0.47716
-0.47700
-0.47680
-0.47660
-0.47640
-0.47620
-0.47600
-0.47572
-0.47544
-0.47516
-0.47488
-0.47460
-0.47418
-0.47376
-0.47334
-0.47292
-0.47250
-0.47192
-0.47134
-0.47076
-0.47018
-0.46960
-0.46874
-0.46788
-0.46702
-0.46616
-0.46530
-0.46402
-0.46274
-0.46146
-0.46018
-0.45890
-0.45690
-0.45490
-0.45290
-0.45090
-0.44890
-0.44582
-0.44274
-0.43966
-0.43658
-0.43350
-0.42890
-0.42430
-0.41970
-0.41510
-0.41050
-0.40360
-0.39670
-0.38980
-0.38290
-0.37600
-0.36646
-0.35692
-0.34738
-0.33784
-0.32830
-0.31542
-0.30254
-0.28966
-0.27678
-0.26390
-0.24850
-0.23310
-0.21770
-0.48010
-0.48010
-0.48010
-0.48010
-0.48010
-0.48010
-0.48010
-0.48010
-0.48010
-0.48010
-0.48010
-0.48010
-0.48010
-0.48010
-0.48010
-0.48010
-0.48010
-0.48010
-0.48010
-0.48010
-0.48010
-0.48010
-0.48010
-0.48010
-0.48010
-0.48010
-0.48010
-0.48010
-0.48010
-0.48010
-0.48010
-0.48010
-0.48010
-0.48010
-0.48010
-0.48010
-0.48010
-0.48010
-0.48010
-0.48010
-0.48010
-0.48010
-0.48010
-0.48010
-0.48010
-0.48010
-0.48010
-0.48010
-0.48010
-0.48010
-0.48010
-0.48010
-0.48010
-0.48010
-0.48010
-0.48010
-0.48010
-0.48010
-0.48010
-0.48010
-0.48010
-0.48010
-0.48010
-0.48010
-0.48010
-0.48010
-0.48010
-0.48010
-0.48010
-0.48010
-0.48010
-0.48010
-0.48010
-0.48010
-0.48010
-0.48010
-0.48010
-0.48010
-0.48010
-0.48010
-0.48010
-0.48010
-0.48010
-0.48010
-0.48010
-0.48010
-0.48010
-0.48010
-0.48010
-0.48010
-0.48010
-0.48010
-0.48010
-0.48010
-0.48010
-0.48010
-0.48010
-0.48010
-0.48010
-0.48010
-0.48010
-0.48010
-0.48010
-0.48010
-0.48010
-0.48010
-0.48010
-0.48010
-0.48010
-0.48010
-0.48010
-0.48010
-0.48010
-0.48010
-0.48010
-0.48010
-0.48010
-0.48010
-0.48010
-0.48010
-0.48010
-0.48010
-0.48010
-0.48010
-0.48010
-0.48010
-0.48010
-0.48010
-0.48010
-0.48010
-0.48010
-0.48010
-0.48010
-0.48010
-0.48010
-0.48010
-0.48010
-0.48010
-0.48010
-0.48010
-0.48010
-0.48010
-0.48010
-0.48010
-0.48010
-0.48010
-0.48010
-0.48010
-0.48010
-0.48010
-0.48010
-0.48010
-0.48010
-0.48010
-0.48010
-0.48010
-0.48010
-0.48010
-0.48010
-0.48010
-0.48010
-0.48010
-0.48010
-0.48010
-0.48010
-0.48010
-0.48010
-0.48010
-0.48010
-0.48010
-0.48010
-0.48010
-0.48010
-0.48010
-0.48010
-0.48010
-0.48010
-0.48010
-0.48010
-0.48009
-0.48007
-0.48005
-0.48003
-0.48001
-0.47999
-0.47997
-0.47995
-0.47993
-0.47991
-0.47989
-0.47987
-0.47985
-0.47983
-0.47981
-0.47978
-0.47974
-0.47970
-0.47966
-0.47962
-0.47957
-0.47951
-0.47945
-0.47939
-0.47933
-0.47925
-0.47915
-0.47905
-0.47895
-0.47885
-0.47875
-0.47865
-0.47855
-0.47845
-0.47835
-0.47822
-0.47806
-0.47790
-0.47774
-0.47758
-0.47739
-0.47717
-0.47695
-0.47673
-0.47651
-0.47625
-0.47595
-0.47565
-0.47535
-0.47505
-0.47468
-0.47424
-0.47380
-0.47336
-0.47292
-0.47241
-0.47183
-0.47125
-0.47067
-0.47009
-0.46937
-0.46851
-0.46765
-0.46679
-0.46593
-0.46487
-0.46361
-0.46235
-0.46109
-0.45983
-0.45826
-0.45638
-0.45450
-0.45262
-0.45074
-0.44835
-0.44545
-0.44255
-0.43965
-0.43675
-0.43317
-0.42891
-0.42465
-0.42039
-0.41613
-0.41079
-0.40437
-0.39795
-0.39153
-0.38511
-0.37746
-0.36858
-0.35970
-0.35082
-0.34194
-0.33154
-0.31962
-0.30770
-0.29578
-0.28386
-0.27054
-0.25582
-0.48060
-0.48060
-0.48060
-0.48060
-0.48060
-0.48060
-0.48060
-0.48060
-0.48060
-0.48060
-0.48060
-0.48060
-0.48060
-0.48060
-0.48060
-0.48060
-0.48060
-0.48060
-0.48060
-0.48060
-0.48060
-0.48060
-0.48060
-0.48060
-0.48060
-0.48060
-0.48060
-0.48060
-0.48060
-0.48060
-0.48060
-0.48060
-0.48060
-0.48060
-0.48060
-0.48060
-0.48060
-0.48060
-0.48060
-0.48060
-0.48060
-0.48060
-0.48060
-0.48060
-0.48060
-0.48060
-0.48060
-0.48060
-0.48060
-0.48060
-0.48060
-0.48060
-0.48060
-0.48060
-0.48060
-0.48060
-0.48060
-0.48060
-0.48060
-0.48060
-0.48060
-0.48060
-0.48060
-0.48060
-0.48060
-0.48060
-0.48060
-0.48060
-0.48060
-0.48060
-0.48060
-0.48060
-0.48060
-0.48060
-0.48060
-0.48060
-0.48060
-0.48060
-0.48060
-0.48060
-0.48060
-0.48060
-0.48060
-0.48060
-0.48060
-0.48060
-0.48060
-0.48060
-0.48060
-0.48060
-0.48060
-0.48060
-0.48060
-0.48060
-0.48060
-0.48060
-0.48060
-0.48060
-0.48060
-0.48060
-0.48060
-0.48060
-0.48060
-0.48060
-0.48060
-0.48060
-0.48060
-0.48060
-0.48060
-0.48060
-0.48060
-0.48060
-0.48060
-0.48060
-0.48060
-0.48060
-0.48060
-0.48060
-0.48060
-0.48060
-0.48060
-0.48060
-0.48060
-0.48060
-0.48060
-0.48060
-0.48060
-0.48060
-0.48060
-0.48060
-0.48060
-0.48060
-0.48060
-0.48060
-0.48060
-0.48060
-0.48060
-0.48060
-0.48060
-0.48060
-0.48060
-0.48060
-0.48060
-0.48060
-0.48060
-0.48060
-0.48060
-0.48060
-0.48060
-0.48060
-0.48060
-0.48060
-0.48060
-0.48060
-0.48060
-0.48060
-0.48060
-0.48060
-0.48060
-0.48060
-0.48060
-0.48060
-0.48060
-0.48060
-0.48060
-0.48060
-0.48060
-0.48060
-0.48060
-0.48060
-0.48060
-0.48060
-0.48060
-0.48060
-0.48060
-0.48060
-0.48060
-0.48060
-0.48060
-0.48060
-0.48060
-0.48058
-0.48056
-0.48054
-0.48052
-0.48050
-0.48048
-0.48046
-0.48044
-0.48042
-0.48040
-0.48038
-0.48036
-0.48034
-0.48032
-0.48030
-0.48026
-0.48022
-0.48018
-0.48014
-0.48010
-0.48004
-0.47998
-0.47992
-0.47986
-0.47980
-0.47972
-0.47964
-0.47956
-0.47948
-0.47940
-0.47930
-0.47920
-0.47910
-0.47900
-0.47890
-0.47872
-0.47854
-0.47836
-0.47818
-0.47800
-0.47778
-0.47756
-0.47734
-0.47712
-0.47690
-0.47658
-0.47626
-0.47594
-0.47562
-0.47530
-0.47484
-0.47438
-0.47392
-0.47346
-0.47300
-0.47240
-0.47180
-0.47120
-0.47060
-0.47000
-0.46912
-0.46824
-0.46736
-0.46648
-0.46560
-0.46434
-0.46308
-0.46182
-0.46056
-0.45930
-0.45748
-0.45566
-0.45384
-0.45202
-0.45020
-0.44744
-0.44468
-0.44192
-0.43916
-0.43640
-0.43240
-0.42840
-0.42440
-0.42040
-0.41640
-0.41046
-0.40452
-0.39858
-0.39264
-0.38670
-0.37836
-0.37002
-0.36168
-0.35334
-0.34500
-0.33390
-0.32280
-0.31170
-0.30060
-0.28950
-0.48110
-0.48110
-0.48110
-0.48110
-0.48110
-0.48110
-0.48110
-0.48110
-0.48110
-0.48110
-0.48110
-0.48110
-0.48110
-0.48110
-0.48110
-0.48110
-0.48110
-0.48110
-0.48110
-0.48110
-0.48110
-0.48110
-0.48110
-0.48110
-0.48110
-0.48110
-0.48110
-0.48110
-0.48110
-0.48110
-0.48110
-0.48110
-0.48110
-0.48110
-0.48110
-0.48110
-0.48110
-0.48110
-0.48110
-0.48110
-0.48110
-0.48110
-0.48110
-0.48110
-0.48110
-0.48110
-0.48110
-0.48110
-0.48110
-0.48110
-0.48110
-0.48110
-0.48110
-0.48110
-0.48110
-0.48110
-0.48110
-0.48110
-0.48110
-0.48110
-0.48110
-0.48110
-0.48110
-0.48110
-0.48110
-0.48110
-0.48110
-0.48110
-0.48110
-0.48110
-0.48110
-0.48110
-0.48110
-0.48110
-0.48110
-0.48110
-0.48110
-0.48110
-0.48110
-0.48110
-0.48110
-0.48110
-0.48110
-0.48110
-0.48110
-0.48110
-0.48110
-0.48110
-0.48110
-0.48110
-0.48110
-0.48110
-0.48110
-0.48110
-0.48110
-0.48110
-0.48110
-0.48110
-0.48110
-0.48110
-0.48110
-0.48110
-0.48110
-0.48110
-0.48110
-0.48110
-0.48110
-0.48110
-0.48110
-0.48110
-0.48110
-0.48110
-0.48110
-0.48110
-0.48110
-0.48110
-0.48110
-0.48110
-0.48110
-0.48110
-0.48110
-0.48110
-0.48110
-0.48110
-0.48110
-0.48110
-0.48110
-0.48110
-0.48110
-0.48110
-0.48110
-0.48110
-0.48110
-0.48110
-0.48110
-0.48110
-0.48110
-0.48110
-0.48110
-0.48110
-0.48110
-0.48110
-0.48110
-0.48110
-0.48110
-0.48110
-0.48110
-0.48110
-0.48110
-0.48110
-0.48110
-0.48110
-0.48110
-0.48110
-0.48110
-0.48110
-0.48110
-0.48110
-0.48110
-0.48110
-0.48110
-0.48110
-0.48110
-0.48110
-0.48110
-0.48110
-0.48110
-0.48110
-0.48110
-0.48110
-0.48110
-0.48110
-0.48110
-0.48110
-0.48110
-0.48110
-0.48110
-0.48110
-0.48110
-0.48110
-0.48110
-0.48110
-0.48109
-0.48107
-0.48105
-0.48103
-0.48101
-0.48099
-0.48097
-0.48095
-0.48093
-0.48091
-0.48089
-0.48087
-0.48085
-0.48083
-0.48081
-0.48078
-0.48074
-0.48070
-0.48066
-0.48062
-0.48057
-0.48051
-0.48045
-0.48039
-0.48033
-0.48027
-0.48021
-0.48015
-0.48009
-0.48003
-0.47994
-0.47982
-0.47970
-0.47958
-0.47946
-0.47932
-0.47916
-0.47900
-0.47884
-0.47868
-0.47848
-0.47824
-0.47800
-0.47776
-0.47752
-0.47724
-0.47692
-0.47660
-0.47628
-0.47596
-0.47556
-0.47508
-0.47460
-0.47412
-0.47364
-0.47308
-0.47244
-0.47180
-0.47116
-0.47052
-0.46975
-0.46885
-0.46795
-0.46705
-0.46615
-0.46505
-0.46375
-0.46245
-0.46115
-0.45985
-0.45831
-0.45653
-0.45475
-0.45297
-0.45119
-0.44896
-0.44628
-0.44360
-0.44092
-0.43824
-0.43500
-0.43120
-0.42740
-0.42360
-0.41980
-0.41512
-0.40956
-0.40400
-0.39844
-0.39288
-0.38617
-0.37831
-0.37045
-0.36259
-0.35473
-0.34561
-0.33523
-0.32485
-0.31447
-0.48150
-0.48150
-0.48150
-0.48150
-0.48150
-0.48150
-0.48150
-0.48150
-0.48150
-0.48150
-0.48150
-0.48150
-0.48150
-0.48150
-0.48150
-0.48150
-0.48150
-0.48150
-0.48150
-0.48150
-0.48150
-0.48150
-0.48150
-0.48150
-0.48150
-0.48150
-0.48150
-0.48150
-0.48150
-0.48150
-0.48150
-0.48150
-0.48150
-0.48150
-0.48150
-0.48150
-0.48150
-0.48150
-0.48150
-0.48150
-0.48150
-0.48150
-0.48150
-0.48150
-0.48150
-0.48150
-0.48150
-0.48150
-0.48150
-0.48150
-0.48150
-0.48150
-0.48150
-0.48150
-0.48150
-0.48150
-0.48150
-0.48150
-0.48150
-0.48150
-0.48150
-0.48150
-0.48150
-0.48150
-0.48150
-0.48150
-0.48150
-0.48150
-0.48150
-0.48150
-0.48150
-0.48150
-0.48150
-0.48150
-0.48150
-0.48150
-0.48150
-0.48150
-0.48150
-0.48150
-0.48150
-0.48150
-0.48150
-0.48150
-0.48150
-0.48150
-0.48150
-0.48150
-0.48150
-0.48150
-0.48150
-0.48150
-0.48150
-0.48150
-0.48150
-0.48150
-0.48150
-0.48150
-0.48150
-0.48150
-0.48150
-0.48150
-0.48150
-0.48150
-0.48150
-0.48150
-0.48150
-0.48150
-0.48150
-0.48150
-0.48150
-0.48150
-0.48150
-0.48150
-0.48150
-0.48150
-0.48150
-0.48150
-0.48150
-0.48150
-0.48150
-0.48150
-0.48150
-0.48150
-0.48150
-0.48150
-0.48150
-0.48150
-0.48150
-0.48150
-0.48150
-0.48150
-0.48150
-0.48150
-0.48150
-0.48150
-0.48150
-0.48150
-0.48150
-0.48150
-0.48150
-0.48150
-0.48150
-0.48150
-0.48150
-0.48150
-0.48150
-0.48150
-0.48150
-0.48150
-0.48150
-0.48150
-0.48150
-0.48150
-0.48150
-0.48150
-0.48150
-0.48150
-0.48150
-0.48150
-0.48150
-0.48150
-0.48150
-0.48150
-0.48150
-0.48150
-0.48150
-0.48150
-0.48150
-0.48150
-0.48150
-0.48150
-0.48150
-0.48150
-0.48150
-0.48150
-0.48150
-0.48150
-0.48150
-0.48150
-0.48150
-0.48150
-0.48150
-0.48150
-0.48150
-0.48150
-0.48150
-0.48150
-0.48150
-0.48148
-0.48146
-0.48144
-0.48142
-0.48140
-0.48138
-0.48136
-0.48134
-0.48132
-0.48130
-0.48126
-0.48122
-0.48118
-0.48114
-0.48110
-0.48106
-0.48102
-0.48098
-0.48094
-0.48090
-0.48082
-0.48074
-0.48066
-0.48058
-0.48050
-0.48040
-0.48030
-0.48020
-0.48010
-0.48000
-0.47984
-0.47968
-0.47952
-0.47936
-0.47920
-0.47898
-0.47876
-0.47854
-0.47832
-0.47810
-0.47776
-0.47742
-0.47708
-0.47674
-0.47640
-0.47592
-0.47544
-0.47496
-0.47448
-0.47400
-0.47332
-0.47264
-0.47196
-0.47128
-0.47060
-0.46968
-0.46876
-0.46784
-0.46692
-0.46600
-0.46464
-0.46328
-0.46192
-0.46056
-0.45920
-0.45740
-0.45560
-0.45380
-0.45200
-0.45020
-0.44758
-0.44496
-0.44234
-0.43972
-0.43710
-0.43342
-0.42974
-0.42606
-0.42238
-0.41870
-0.41344
-0.40818
-0.40292
-0.39766
-0.39240
-0.38490
-0.37740
-0.36990
-0.36240
-0.35490
-0.34518
-0.33546
-0.48220
-0.48220
-0.48220
-0.48220
-0.48220
-0.48220
-0.48220
-0.48220
-0.48220
-0.48220
-0.48220
-0.48220
-0.48220
-0.48220
-0.48220
-0.48220
-0.48220
-0.48220
-0.48220
-0.48220
-0.48220
-0.48220
-0.48220
-0.48220
-0.48220
-0.48220
-0.48220
-0.48220
-0.48220
-0.48220
-0.48220
-0.48220
-0.48220
-0.48220
-0.48220
-0.48220
-0.48220
-0.48220
-0.48220
-0.48220
-0.48220
-0.48220
-0.48220
-0.48220
-0.48220
-0.48220
-0.48220
-0.48220
-0.48220
-0.48220
-0.48220
-0.48220
-0.48220
-0.48220
-0.48220
-0.48220
-0.48220
-0.48220
-0.48220
-0.48220
-0.48220
-0.48220
-0.48220
-0.48220
-0.48220
-0.48220
-0.48220
-0.48220
-0.48220
-0.48220
-0.48220
-0.48220
-0.48220
-0.48220
-0.48220
-0.48220
-0.48220
-0.48220
-0.48220
-0.48220
-0.48220
-0.48220
-0.48220
-0.48220
-0.48220
-0.48220
-0.48220
-0.48220
-0.48220
-0.48220
-0.48220
-0.48220
-0.48220
-0.48220
-0.48220
-0.48220
-0.48220
-0.48220
-0.48220
-0.48220
-0.48220
-0.48220
-0.48220
-0.48220
-0.48220
-0.48220
-0.48220
-0.48220
-0.48220
-0.48220
-0.48220
-0.48220
-0.48220
-0.48220
-0.48220
-0.48220
-0.48220
-0.48220
-0.48220
-0.48220
-0.48220
-0.48220
-0.48220
-0.48220
-0.48220
-0.48220
-0.48220
-0.48220
-0.48220
-0.48220
-0.48220
-0.48220
-0.48220
-0.48220
-0.48220
-0.48220
-0.48220
-0.48220
-0.48220
-0.48220
-0.48220
-0.48220
-0.48220
-0.48220
-0.48220
-0.48220
-0.48220
-0.48220
-0.48220
-0.48220
-0.48220
-0.48220
-0.48220
-0.48220
-0.48220
-0.48220
-0.48220
-0.48220
-0.48220
-0.48220
-0.48220
-0.48220
-0.48220
-0.48220
-0.48220
-0.48220
-0.48220
-0.48220
-0.48220
-0.48220
-0.48220
-0.48220
-0.48220
-0.48220
-0.48220
-0.48220
-0.48220
-0.48220
-0.48220
-0.48220
-0.48220
-0.48220
-0.48220
-0.48220
-0.48220
-0.48219
-0.48217
-0.48215
-0.48213
-0.48211
-0.48209
-0.48207
-0.48205
-0.48203
-0.48201
-0.48199
-0.48197
-0.48195
-0.48193
-0.48191
-0.48189
-0.48187
-0.48185
-0.48183
-0.48181
-0.48177
-0.48171
-0.48165
-0.48159
-0.48153
-0.48147
-0.48141
-0.48135
-0.48129
-0.48123
-0.48116
-0.48108
-0.48100
-0.48092
-0.48084
-0.48072
-0.48056
-0.48040
-0.48024
-0.48008
-0.47990
-0.47970
-0.47950
-0.47930
-0.47910
-0.47883
-0.47849
-0.47815
-0.47781
-0.47747
-0.47707
-0.47661
-0.47615
-0.47569
-0.47523
-0.47464
-0.47392
-0.47320
-0.47248
-0.47176
-0.47093
-0.46999
-0.46905
-0.46811
-0.46717
-0.46600
-0.46460
-0.46320
-0.46180
-0.46040
-0.45877
-0.45691
-0.45505
-0.45319
-0.45133
-0.44909
-0.44647
-0.44385
-0.44123
-0.43861
-0.43548
-0.43184
-0.42820
-0.42456
-0.42092
-0.41658
-0.41154
-0.40650
-0.40146
-0.39642
-0.39032
-0.38316
-0.37600
-0.36884
-0.36168
-0.35349
-0.48300
-0.48300
-0.48300
-0.48300
-0.48300
-0.48300
-0.48300
-0.48300
-0.48300
-0.48300
-0.48300
-0.48300
-0.48300
-0.48300
-0.48300
-0.48300
-0.48300
-0.48300
-0.48300
-0.48300
-0.48300
-0.48300
-0.48300
-0.48300
-0.48300
-0.48300
-0.48300
-0.48300
-0.48300
-0.48300
-0.48300
-0.48300
-0.48300
-0.48300
-0.48300
-0.48300
-0.48300
-0.48300
-0.48300
-0.48300
-0.48300
-0.48300
-0.48300
-0.48300
-0.48300
-0.48300
-0.48300
-0.48300
-0.48300
-0.48300
-0.48300
-0.48300
-0.48300
-0.48300
-0.48300
-0.48300
-0.48300
-0.48300
-0.48300
-0.48300
-0.48300
-0.48300
-0.48300
-0.48300
-0.48300
-0.48300
-0.48300
-0.48300
-0.48300
-0.48300
-0.48300
-0.48300
-0.48300
-0.48300
-0.48300
-0.48300
-0.48300
-0.48300
-0.48300
-0.48300
-0.48300
-0.48300
-0.48300
-0.48300
-0.48300
-0.48300
-0.48300
-0.48300
-0.48300
-0.48300
-0.48300
-0.48300
-0.48300
-0.48300
-0.48300
-0.48300
-0.48300
-0.48300
-0.48300
-0.48300
-0.48300
-0.48300
-0.48300
-0.48300
-0.48300
-0.48300
-0.48300
-0.48300
-0.48300
-0.48300
-0.48300
-0.48300
-0.48300
-0.48300
-0.48300
-0.48300
-0.48300
-0.48300
-0.48300
-0.48300
-0.48300
-0.48300
-0.48300
-0.48300
-0.48300
-0.48300
-0.48300
-0.48300
-0.48300
-0.48300
-0.48300
-0.48300
-0.48300
-0.48300
-0.48300
-0.48300
-0.48300
-0.48300
-0.48300
-0.48300
-0.48300
-0.48300
-0.48300
-0.48300
-0.48300
-0.48300
-0.48300
-0.48300
-0.48300
-0.48300
-0.48300
-0.48300
-0.48300
-0.48300
-0.48300
-0.48300
-0.48300
-0.48300
-0.48300
-0.48300
-0.48300
-0.48300
-0.48300
-0.48300
-0.48300
-0.48300
-0.48300
-0.48300
-0.48300
-0.48300
-0.48300
-0.48300
-0.48300
-0.48300
-0.48300
-0.48300
-0.48300
-0.48300
-0.48300
-0.48300
-0.48300
-0.48300
-0.48300
-0.48300
-0.48300
-0.48300
-0.48300
-0.48300
-0.48300
-0.48300
-0.48300
-0.48300
-0.48298
-0.48296
-0.48294
-0.48292
-0.48290
-0.48288
-0.48286
-0.48284
-0.48282
-0.48280
-0.48278
-0.48276
-0.48274
-0.48272
-0.48270
-0.48264
-0.48258
-0.48252
-0.48246
-0.48240
-0.48236
-0.48232
-0.48228
-0.48224
-0.48220
-0.48210
-0.48200
-0.48190
-0.48180
-0.48170
-0.48158
-0.48146
-0.48134
-0.48122
-0.48110
-0.48088
-0.48066
-0.48044
-0.48022
-0.48000
-0.47970
-0.47940
-0.47910
-0.47880
-0.47850
-0.47804
-0.47758
-0.47712
-0.47666
-0.47620
-0.47550
-0.47480
-0.47410
-0.47340
-0.47270
-0.47172
-0.47074
-0.46976
-0.46878
-0.46780
-0.46640
-0.46500
-0.46360
-0.46220
-0.46080
-0.45886
-0.45692
-0.45498
-0.45304
-0.45110
-0.44846
-0.44582
-0.44318
-0.44054
-0.43790
-0.43418
-0.43046
-0.42674
-0.42302
-0.41930
-0.41444
-0.40958
-0.40472
-0.39986
-0.39500
-0.38812
-0.38124
-0.37436
-0.36748
-0.48380
-0.48380
-0.48380
-0.48380
-0.48380
-0.48380
-0.48380
-0.48380
-0.48380
-0.48380
-0.48380
-0.48380
-0.48380
-0.48380
-0.48380
-0.48380
-0.48380
-0.48380
-0.48380
-0.48380
-0.48380
-0.48380
-0.48380
-0.48380
-0.48380
-0.48380
-0.48380
-0.48380
-0.48380
-0.48380
-0.48380
-0.48380
-0.48380
-0.48380
-0.48380
-0.48380
-0.48380
-0.48380
-0.48380
-0.48380
-0.48380
-0.48380
-0.48380
-0.48380
-0.48380
-0.48380
-0.48380
-0.48380
-0.48380
-0.48380
-0.48380
-0.48380
-0.48380
-0.48380
-0.48380
-0.48380
-0.48380
-0.48380
-0.48380
-0.48380
-0.48380
-0.48380
-0.48380
-0.48380
-0.48380
-0.48380
-0.48380
-0.48380
-0.48380
-0.48380
-0.48380
-0.48380
-0.48380
-0.48380
-0.48380
-0.48380
-0.48380
-0.48380
-0.48380
-0.48380
-0.48380
-0.48380
-0.48380
-0.48380
-0.48380
-0.48380
-0.48380
-0.48380
-0.48380
-0.48380
-0.48380
-0.48380
-0.48380
-0.48380
-0.48380
-0.48380
-0.48380
-0.48380
-0.48380
-0.48380
-0.48380
-0.48380
-0.48380
-0.48380
-0.48380
-0.48380
-0.48380
-0.48380
-0.48380
-0.48380
-0.48380
-0.48380
-0.48380
-0.48380
-0.48380
-0.48380
-0.48380
-0.48380
-0.48380
-0.48380
-0.48380
-0.48380
-0.48380
-0.48380
-0.48380
-0.48380
-0.48380
-0.48380
-0.48380
-0.48380
-0.48380
-0.48380
-0.48380
-0.48380
-0.48380
-0.48380
-0.48380
-0.48380
-0.48380
-0.48380
-0.48380
-0.48380
-0.48380
-0.48380
-0.48380
-0.48380
-0.48380
-0.48380
-0.48380
-0.48380
-0.48380
-0.48380
-0.48380
-0.48380
-0.48380
-0.48380
-0.48380
-0.48380
-0.48380
-0.48380
-0.48380
-0.48380
-0.48380
-0.48380
-0.48380
-0.48380
-0.48380
-0.48380
-0.48380
-0.48380
-0.48380
-0.48380
-0.48380
-0.48380
-0.48380
-0.48380
-0.48380
-0.48380
-0.48380
-0.48380
-0.48380
-0.48380
-0.48380
-0.48380
-0.48380
-0.48380
-0.48380
-0.48380
-0.48380
-0.48380
-0.48380
-0.48380
-0.48380
-0.48380
-0.48380
-0.48380
-0.48380
-0.48380
-0.48379
-0.48377
-0.48375
-0.48373
-0.48371
-0.48369
-0.48367
-0.48365
-0.48363
-0.48361
-0.48358
-0.48354
-0.48350
-0.48346
-0.48342
-0.48337
-0.48331
-0.48325
-0.48319
-0.48313
-0.48306
-0.48298
-0.48290
-0.48282
-0.48274
-0.48264
-0.48252
-0.48240
-0.48228
-0.48216
-0.48201
-0.48183
-0.48165
-0.48147
-0.48129
-0.48105
-0.48075
-0.48045
-0.48015
-0.47985
-0.47948
-0.47904
-0.47860
-0.47816
-0.47772
-0.47716
-0.47648
-0.47580
-0.47512
-0.47444
-0.47362
-0.47266
-0.47170
-0.47074
-0.46978
-0.46860
-0.46720
-0.46580
-0.46440
-0.46300
-0.46128
-0.45924
-0.45720
-0.45516
-0.45312
-0.45077
-0.44811
-0.44545
-0.44279
-0.44013
-0.43691
-0.43313
-0.42935
-0.42557
-0.42179
-0.41750
-0.41270
-0.40790
-0.40310
-0.39830
-0.39257
-0.38591
-0.37925
-0.48460
-0.48460
-0.48460
-0.48460
-0.48460
-0.48460
-0.48460
-0.48460
-0.48460
-0.48460
-0.48460
-0.48460
-0.48460
-0.48460
-0.48460
-0.48460
-0.48460
-0.48460
-0.48460
-0.48460
-0.48460
-0.48460
-0.48460
-0.48460
-0.48460
-0.48460
-0.48460
-0.48460
-0.48460
-0.48460
-0.48460
-0.48460
-0.48460
-0.48460
-0.48460
-0.48460
-0.48460
-0.48460
-0.48460
-0.48460
-0.48460
-0.48460
-0.48460
-0.48460
-0.48460
-0.48460
-0.48460
-0.48460
-0.48460
-0.48460
-0.48460
-0.48460
-0.48460
-0.48460
-0.48460
-0.48460
-0.48460
-0.48460
-0.48460
-0.48460
-0.48460
-0.48460
-0.48460
-0.48460
-0.48460
-0.48460
-0.48460
-0.48460
-0.48460
-0.48460
-0.48460
-0.48460
-0.48460
-0.48460
-0.48460
-0.48460
-0.48460
-0.48460
-0.48460
-0.48460
-0.48460
-0.48460
-0.48460
-0.48460
-0.48460
-0.48460
-0.48460
-0.48460
-0.48460
-0.48460
-0.48460
-0.48460
-0.48460
-0.48460
-0.48460
-0.48460
-0.48460
-0.48460
-0.48460
-0.48460
-0.48460
-0.48460
-0.48460
-0.48460
-0.48460
-0.48460
-0.48460
-0.48460
-0.48460
-0.48460
-0.48460
-0.48460
-0.48460
-0.48460
-0.48460
-0.48460
-0.48460
-0.48460
-0.48460
-0.48460
-0.48460
-0.48460
-0.48460
-0.48460
-0.48460
-0.48460
-0.48460
-0.48460
-0.48460
-0.48460
-0.48460
-0.48460
-0.48460
-0.48460
-0.48460
-0.48460
-0.48460
-0.48460
-0.48460
-0.48460
-0.48460
-0.48460
-0.48460
-0.48460
-0.48460
-0.48460
-0.48460
-0.48460
-0.48460
-0.48460
-0.48460
-0.48460
-0.48460
-0.48460
-0.48460
-0.48460
-0.48460
-0.48460
-0.48460
-0.48460
-0.48460
-0.48460
-0.48460
-0.48460
-0.48460
-0.48460
-0.48460
-0.48460
-0.48460
-0.48460
-0.48460
-0.48460
-0.48460
-0.48460
-0.48460
-0.48460
-0.48460
-0.48460
-0.48460
-0.48460
-0.48460
-0.48460
-0.48460
-0.48460
-0.48460
-0.48460
-0.48460
-0.48460
-0.48460
-0.48460
-0.48460
-0.48460
-0.48460
-0.48460
-0.48460
-0.48460
-0.48460
-0.48460
-0.48460
-0.48460
-0.48458
-0.48456
-0.48454
-0.48452
-0.48450
-0.48448
-0.48446
-0.48444
-0.48442
-0.48440
-0.48436
-0.48432
-0.48428
-0.48424
-0.48420
-0.48416
-0.48412
-0.48408
-0.48404
-0.48400
-0.48392
-0.48384
-0.48376
-0.48368
-0.48360
-0.48350
-0.48340
-0.48330
-0.48320
-0.48310
-0.48292
-0.48274
-0.48256
-0.48238
-0.48220
-0.48194
-0.48168
-0.48142
-0.48116
-0.48090
-0.48048
-0.48006
-0.47964
-0.47922
-0.47880
-0.47818
-0.47756
-0.47694
-0.47632
-0.47570
-0.47474
-0.47378
-0.47282
-0.47186
-0.47090
-0.46952
-0.46814
-0.46676
-0.46538
-0.46400
-0.46192
-0.45984
-0.45776
-0.45568
-0.45360
-0.45092
-0.44824
-0.44556
-0.44288
-0.44020
-0.43636
-0.43252
-0.42868
-0.42484
-0.42100
-0.41616
-0.41132
-0.40648
-0.40164
-0.39680
-0.39030
-0.48540
-0.48540
-0.48540
-0.48540
-0.48540
-0.48540
-0.48540
-0.48540
-0.48540
-0.48540
-0.48540
-0.48540
-0.48540
-0.48540
-0.48540
-0.48540
-0.48540
-0.48540
-0.48540
-0.48540
-0.48540
-0.48540
-0.48540
-0.48540
-0.48540
-0.48540
-0.48540
-0.48540
-0.48540
-0.48540
-0.48540
-0.48540
-0.48540
-0.48540
-0.48540
-0.48540
-0.48540
-0.48540
-0.48540
-0.48540
-0.48540
-0.48540
-0.48540
-0.48540
-0.48540
-0.48540
-0.48540
-0.48540
-0.48540
-0.48540
-0.48540
-0.48540
-0.48540
-0.48540
-0.48540
-0.48540
-0.48540
-0.48540
-0.48540
-0.48540
-0.48540
-0.48540
-0.48540
-0.48540
-0.48540
-0.48540
-0.48540
-0.48540
-0.48540
-0.48540
-0.48540
-0.48540
-0.48540
-0.48540
-0.48540
-0.48540
-0.48540
-0.48540
-0.48540
-0.48540
-0.48540
-0.48540
-0.48540
-0.48540
-0.48540
-0.48540
-0.48540
-0.48540
-0.48540
-0.48540
-0.48540
-0.48540
-0.48540
-0.48540
-0.48540
-0.48540
-0.48540
-0.48540
-0.48540
-0.48540
-0.48540
-0.48540
-0.48540
-0.48540
-0.48540
-0.48540
-0.48540
-0.48540
-0.48540
-0.48540
-0.48540
-0.48540
-0.48540
-0.48540
-0.48540
-0.48540
-0.48540
-0.48540
-0.48540
-0.48540
-0.48540
-0.48540
-0.48540
-0.48540
-0.48540
-0.48540
-0.48540
-0.48540
-0.48540
-0.48540
-0.48540
-0.48540
-0.48540
-0.48540
-0.48540
-0.48540
-0.48540
-0.48540
-0.48540
-0.48540
-0.48540
-0.48540
-0.48540
-0.48540
-0.48540
-0.48540
-0.48540
-0.48540
-0.48540
-0.48540
-0.48540
-0.48540
-0.48540
-0.48540
-0.48540
-0.48540
-0.48540
-0.48540
-0.48540
-0.48540
-0.48540
-0.48540
-0.48540
-0.48540
-0.48540
-0.48540
-0.48540
-0.48540
-0.48540
-0.48540
-0.48540
-0.48540
-0.48540
-0.48540
-0.48540
-0.48540
-0.48540
-0.48540
-0.48540
-0.48540
-0.48540
-0.48540
-0.48540
-0.48540
-0.48540
-0.48540
-0.48540
-0.48540
-0.48540
-0.48540
-0.48540
-0.48540
-0.48540
-0.48540
-0.48540
-0.48540
-0.48540
-0.48540
-0.48540
-0.48540
-0.48540
-0.48539
-0.48537
-0.48535
-0.48533
-0.48531
-0.48530
-0.48530
-0.48530
-0.48530
-0.48530
-0.48528
-0.48524
-0.48520
-0.48516
-0.48512
-0.48508
-0.48504
-0.48500
-0.48496
-0.48492
-0.48487
-0.48481
-0.48475
-0.48469
-0.48463
-0.48455
-0.48445
-0.48435
-0.48425
-0.48415
-0.48402
-0.48386
-0.48370
-0.48354
-0.48338
-0.48318
-0.48294
-0.48270
-0.48246
-0.48222
-0.48191
-0.48153
-0.48115
-0.48077
-0.48039
-0.47991
-0.47933
-0.47875
-0.47817
-0.47759
-0.47684
-0.47592
-0.47500
-0.47408
-0.47316
-0.47203
-0.47069
-0.46935
-0.46801
-0.46667
-0.46497
-0.46291
-0.46085
-0.45879
-0.45673
-0.45434
-0.45162
-0.44890
-0.44618
-0.44346
-0.44017
-0.43631
-0.43245
-0.42859
-0.42473
-0.42033
-0.41539
-0.41045
-0.40551
-0.40057
-0.48630
-0.48630
-0.48630
-0.48630
-0.48630
-0.48630
-0.48630
-0.48630
-0.48630
-0.48630
-0.48630
-0.48630
-0.48630
-0.48630
-0.48630
-0.48630
-0.48630
-0.48630
-0.48630
-0.48630
-0.48630
-0.48630
-0.48630
-0.48630
-0.48630
-0.48630
-0.48630
-0.48630
-0.48630
-0.48630
-0.48630
-0.48630
-0.48630
-0.48630
-0.48630
-0.48630
-0.48630
-0.48630
-0.48630
-0.48630
-0.48630
-0.48630
-0.48630
-0.48630
-0.48630
-0.48630
-0.48630
-0.48630
-0.48630
-0.48630
-0.48630
-0.48630
-0.48630
-0.48630
-0.48630
-0.48630
-0.48630
-0.48630
-0.48630
-0.48630
-0.48630
-0.48630
-0.48630
-0.48630
-0.48630
-0.48630
-0.48630
-0.48630
-0.48630
-0.48630
-0.48630
-0.48630
-0.48630
-0.48630
-0.48630
-0.48630
-0.48630
-0.48630
-0.48630
-0.48630
-0.48630
-0.48630
-0.48630
-0.48630
-0.48630
-0.48630
-0.48630
-0.48630
-0.48630
-0.48630
-0.48630
-0.48630
-0.48630
-0.48630
-0.48630
-0.48630
-0.48630
-0.48630
-0.48630
-0.48630
-0.48630
-0.48630
-0.48630
-0.48630
-0.48630
-0.48630
-0.48630
-0.48630
-0.48630
-0.48630
-0.48630
-0.48630
-0.48630
-0.48630
-0.48630
-0.48630
-0.48630
-0.48630
-0.48630
-0.48630
-0.48630
-0.48630
-0.48630
-0.48630
-0.48630
-0.48630
-0.48630
-0.48630
-0.48630
-0.48630
-0.48630
-0.48630
-0.48630
-0.48630
-0.48630
-0.48630
-0.48630
-0.48630
-0.48630
-0.48630
-0.48630
-0.48630
-0.48630
-0.48630
-0.48630
-0.48630
-0.48630
-0.48630
-0.48630
-0.48630
-0.48630
-0.48630
-0.48630
-0.48630
-0.48630
-0.48630
-0.48630
-0.48630
-0.48630
-0.48630
-0.48630
-0.48630
-0.48630
-0.48630
-0.48630
-0.48630
-0.48630
-0.48630
-0.48630
-0.48630
-0.48630
-0.48630
-0.48630
-0.48630
-0.48630
-0.48630
-0.48630
-0.48630
-0.48630
-0.48630
-0.48630
-0.48630
-0.48630
-0.48630
-0.48630
-0.48630
-0.48630
-0.48630
-0.48630
-0.48630
-0.48630
-0.48630
-0.48630
-0.48628
-0.48626
-0.48624
-0.48622
-0.48620
-0.48620
-0.48620
-0.48620
-0.48620
-0.48620
-0.48620
-0.48620
-0.48620
-0.48620
-0.48620
-0.48618
-0.48616
-0.48614
-0.48612
-0.48610
-0.48608
-0.48606
-0.48604
-0.48602
-0.48600
-0.48596
-0.48592
-0.48588
-0.48584
-0.48580
-0.48574
-0.48568
-0.48562
-0.48556
-0.48550
-0.48540
-0.48530
-0.48520
-0.48510
-0.48500
-0.48486
-0.48472
-0.48458
-0.48444
-0.48430
-0.48410
-0.48390
-0.48370
-0.48350
-0.48330
-0.48294
-0.48258
-0.48222
-0.48186
-0.48150
-0.48096
-0.48042
-0.47988
-0.47934
-0.47880
-0.47794
-0.47708
-0.47622
-0.47536
-0.47450
-0.47322
-0.47194
-0.47066
-0.46938
-0.46810
-0.46612
-0.46414
-0.46216
-0.46018
-0.45820
-0.45546
-0.45272
-0.44998
-0.44724
-0.44450
-0.44068
-0.43686
-0.43304
-0.42922
-0.42540
-0.42028
-0.41516
-0.41004
-0.48700
-0.48700
-0.48700
-0.48700
-0.48700
-0.48700
-0.48700
-0.48700
-0.48700
-0.48700
-0.48700
-0.48700
-0.48700
-0.48700
-0.48700
-0.48700
-0.48700
-0.48700
-0.48700
-0.48700
-0.48700
-0.48700
-0.48700
-0.48700
-0.48700
-0.48700
-0.48700
-0.48700
-0.48700
-0.48700
-0.48700
-0.48700
-0.48700
-0.48700
-0.48700
-0.48700
-0.48700
-0.48700
-0.48700
-0.48700
-0.48700
-0.48700
-0.48700
-0.48700
-0.48700
-0.48700
-0.48700
-0.48700
-0.48700
-0.48700
-0.48700
-0.48700
-0.48700
-0.48700
-0.48700
-0.48700
-0.48700
-0.48700
-0.48700
-0.48700
-0.48700
-0.48700
-0.48700
-0.48700
-0.48700
-0.48700
-0.48700
-0.48700
-0.48700
-0.48700
-0.48700
-0.48700
-0.48700
-0.48700
-0.48700
-0.48700
-0.48700
-0.48700
-0.48700
-0.48700
-0.48700
-0.48700
-0.48700
-0.48700
-0.48700
-0.48700
-0.48700
-0.48700
-0.48700
-0.48700
-0.48700
-0.48700
-0.48700
-0.48700
-0.48700
-0.48700
-0.48700
-0.48700
-0.48700
-0.48700
-0.48700
-0.48700
-0.48700
-0.48700
-0.48700
-0.48700
-0.48700
-0.48700
-0.48700
-0.48700
-0.48700
-0.48700
-0.48700
-0.48700
-0.48700
-0.48700
-0.48700
-0.48700
-0.48700
-0.48700
-0.48700
-0.48700
-0.48700
-0.48700
-0.48700
-0.48700
-0.48700
-0.48700
-0.48700
-0.48700
-0.48700
-0.48700
-0.48700
-0.48700
-0.48700
-0.48700
-0.48700
-0.48700
-0.48700
-0.48700
-0.48700
-0.48700
-0.48700
-0.48700
-0.48700
-0.48700
-0.48700
-0.48700
-0.48700
-0.48700
-0.48700
-0.48700
-0.48700
-0.48700
-0.48700
-0.48700
-0.48700
-0.48700
-0.48700
-0.48700
-0.48700
-0.48700
-0.48700
-0.48700
-0.48700
-0.48700
-0.48700
-0.48700
-0.48700
-0.48700
-0.48700
-0.48700
-0.48700
-0.48700
-0.48700
-0.48700
-0.48700
-0.48700
-0.48700
-0.48700
-0.48700
-0.48700
-0.48700
-0.48700
-0.48700
-0.48700
-0.48700
-0.48700
-0.48700
-0.48700
-0.48700
-0.48700
-0.48700
-0.48700
-0.48700
-0.48700
-0.48700
-0.48700
-0.48700
-0.48700
-0.48700
-0.48700
-0.48700
-0.48700
-0.48699
-0.48697
-0.48695
-0.48693
-0.48691
-0.48690
-0.48690
-0.48690
-0.48690
-0.48690
-0.48689
-0.48687
-0.48685
-0.48683
-0.48681
-0.48678
-0.48674
-0.48670
-0.48666
-0.48662
-0.48658
-0.48654
-0.48650
-0.48646
-0.48642
-0.48636
-0.48628
-0.48620
-0.48612
-0.48604
-0.48593
-0.48579
-0.48565
-0.48551
-0.48537
-0.48520
-0.48500
-0.48480
-0.48460
-0.48440
-0.48415
-0.48385
-0.48355
-0.48325
-0.48295
-0.48255
-0.48205
-0.48155
-0.48105
-0.48055
-0.47990
-0.47910
-0.47830
-0.47750
-0.47670
-0.47570
-0.47450
-0.47330
-0.47210
-0.47090
-0.46936
-0.46748
-0.46560
-0.46372
-0.46184
-0.45954
-0.45682
-0.45410
-0.45138
-0.44866
-0.44542
-0.44166
-0.43790
-0.43414
-0.43038
-0.42586
-0.42058
-0.48790
-0.48790
-0.48790
-0.48790
-0.48790
-0.48790
-0.48790
-0.48790
-0.48790
-0.48790
-0.48790
-0.48790
-0.48790
-0.48790
-0.48790
-0.48790
-0.48790
-0.48790
-0.48790
-0.48790
-0.48790
-0.48790
-0.48790
-0.48790
-0.48790
-0.48790
-0.48790
-0.48790
-0.48790
-0.48790
-0.48790
-0.48790
-0.48790
-0.48790
-0.48790
-0.48790
-0.48790
-0.48790
-0.48790
-0.48790
-0.48790
-0.48790
-0.48790
-0.48790
-0.48790
-0.48790
-0.48790
-0.48790
-0.48790
-0.48790
-0.48790
-0.48790
-0.48790
-0.48790
-0.48790
-0.48790
-0.48790
-0.48790
-0.48790
-0.48790
-0.48790
-0.48790
-0.48790
-0.48790
-0.48790
-0.48790
-0.48790
-0.48790
-0.48790
-0.48790
-0.48790
-0.48790
-0.48790
-0.48790
-0.48790
-0.48790
-0.48790
-0.48790
-0.48790
-0.48790
-0.48790
-0.48790
-0.48790
-0.48790
-0.48790
-0.48790
-0.48790
-0.48790
-0.48790
-0.48790
-0.48790
-0.48790
-0.48790
-0.48790
-0.48790
-0.48790
-0.48790
-0.48790
-0.48790
-0.48790
-0.48790
-0.48790
-0.48790
-0.48790
-0.48790
-0.48790
-0.48790
-0.48790
-0.48790
-0.48790
-0.48790
-0.48790
-0.48790
-0.48790
-0.48790
-0.48790
-0.48790
-0.48790
-0.48790
-0.48790
-0.48790
-0.48790
-0.48790
-0.48790
-0.48790
-0.48790
-0.48790
-0.48790
-0.48790
-0.48790
-0.48790
-0.48790
-0.48790
-0.48790
-0.48790
-0.48790
-0.48790
-0.48790
-0.48790
-0.48790
-0.48790
-0.48790
-0.48790
-0.48790
-0.48790
-0.48790
-0.48790
-0.48790
-0.48790
-0.48790
-0.48790
-0.48790
-0.48790
-0.48790
-0.48790
-0.48790
-0.48790
-0.48790
-0.48790
-0.48790
-0.48790
-0.48790
-0.48790
-0.48790
-0.48790
-0.48790
-0.48790
-0.48790
-0.48790
-0.48790
-0.48790
-0.48790
-0.48790
-0.48790
-0.48790
-0.48790
-0.48790
-0.48790
-0.48790
-0.48790
-0.48790
-0.48790
-0.48790
-0.48790
-0.48790
-0.48790
-0.48790
-0.48790
-0.48790
-0.48790
-0.48790
-0.48790
-0.48790
-0.48790
-0.48790
-0.48790
-0.48790
-0.48790
-0.48790
-0.48790
-0.48790
-0.48790
-0.48790
-0.48790
-0.48790
-0.48790
-0.48790
-0.48790
-0.48790
-0.48790
-0.48790
-0.48788
-0.48786
-0.48784
-0.48782
-0.48780
-0.48778
-0.48776
-0.48774
-0.48772
-0.48770
-0.48768
-0.48766
-0.48764
-0.48762
-0.48760
-0.48756
-0.48752
-0.48748
-0.48744
-0.48740
-0.48732
-0.48724
-0.48716
-0.48708
-0.48700
-0.48688
-0.48676
-0.48664
-0.48652
-0.48640
-0.48622
-0.48604
-0.48586
-0.48568
-0.48550
-0.48522
-0.48494
-0.48466
-0.48438
-0.48410
-0.48366
-0.48322
-0.48278
-0.48234
-0.48190
-0.48116
-0.48042
-0.47968
-0.47894
-0.47820
-0.47708
-0.47596
-0.47484
-0.47372
-0.47260
-0.47084
-0.46908
-0.46732
-0.46556
-0.46380
-0.46114
-0.45848
-0.45582
-0.45316
-0.45050
-0.44684
-0.44318
-0.43952
-0.43586
-0.43220
-0.48910
-0.48910
-0.48910
-0.48910
-0.48910
-0.48910
-0.48910
-0.48910
-0.48910
-0.48910
-0.48910
-0.48910
-0.48910
-0.48910
-0.48910
-0.48910
-0.48910
-0.48910
-0.48910
-0.48910
-0.48910
-0.48910
-0.48910
-0.48910
-0.48910
-0.48910
-0.48910
-0.48910
-0.48910
-0.48910
-0.48910
-0.48910
-0.48910
-0.48910
-0.48910
-0.48910
-0.48910
-0.48910
-0.48910
-0.48910
-0.48910
-0.48910
-0.48910
-0.48910
-0.48910
-0.48910
-0.48910
-0.48910
-0.48910
-0.48910
-0.48910
-0.48910
-0.48910
-0.48910
-0.48910
-0.48910
-0.48910
-0.48910
-0.48910
-0.48910
-0.48910
-0.48910
-0.48910
-0.48910
-0.48910
-0.48910
-0.48910
-0.48910
-0.48910
-0.48910
-0.48910
-0.48910
-0.48910
-0.48910
-0.48910
-0.48910
-0.48910
-0.48910
-0.48910
-0.48910
-0.48910
-0.48910
-0.48910
-0.48910
-0.48910
-0.48910
-0.48910
-0.48910
-0.48910
-0.48910
-0.48910
-0.48910
-0.48910
-0.48910
-0.48910
-0.48910
-0.48910
-0.48910
-0.48910
-0.48910
-0.48910
-0.48910
-0.48910
-0.48910
-0.48910
-0.48910
-0.48910
-0.48910
-0.48910
-0.48910
-0.48910
-0.48910
-0.48910
-0.48910
-0.48910
-0.48910
-0.48910
-0.48910
-0.48910
-0.48910
-0.48910
-0.48910
-0.48910
-0.48910
-0.48910
-0.48910
-0.48910
-0.48910
-0.48910
-0.48910
-0.48910
-0.48910
-0.48910
-0.48910
-0.48910
-0.48910
-0.48910
-0.48910
-0.48910
-0.48910
-0.48910
-0.48910
-0.48910
-0.48910
-0.48910
-0.48910
-0.48910
-0.48910
-0.48910
-0.48910
-0.48910
-0.48910
-0.48910
-0.48910
-0.48910
-0.48910
-0.48910
-0.48910
-0.48910
-0.48910
-0.48910
-0.48910
-0.48910
-0.48910
-0.48910
-0.48910
-0.48910
-0.48910
-0.48910
-0.48910
-0.48910
-0.48910
-0.48910
-0.48910
-0.48910
-0.48910
-0.48910
-0.48910
-0.48910
-0.48910
-0.48910
-0.48910
-0.48910
-0.48910
-0.48910
-0.48910
-0.48910
-0.48910
-0.48910
-0.48910
-0.48910
-0.48910
-0.48910
-0.48910
-0.48910
-0.48910
-0.48910
-0.48909
-0.48907
-0.48905
-0.48903
-0.48901
-0.48900
-0.48900
-0.48900
-0.48900
-0.48900
-0.48900
-0.48900
-0.48900
-0.48900
-0.48900
-0.48900
-0.48900
-0.48900
-0.48900
-0.48900
-0.48899
-0.48897
-0.48895
-0.48893
-0.48891
-0.48889
-0.48887
-0.48885
-0.48883
-0.48881
-0.48878
-0.48874
-0.48870
-0.48866
-0.48862
-0.48856
-0.48848
-0.48840
-0.48832
-0.48824
-0.48815
-0.48805
-0.48795
-0.48785
-0.48775
-0.48762
-0.48746
-0.48730
-0.48714
-0.48698
-0.48677
-0.48651
-0.48625
-0.48599
-0.48573
-0.48540
-0.48500
-0.48460
-0.48420
-0.48380
-0.48327
-0.48261
-0.48195
-0.48129
-0.48063
-0.47977
-0.47871
-0.47765
-0.47659
-0.47553
-0.47419
-0.47257
-0.47095
-0.46933
-0.46771
-0.46561
-0.46303
-0.46045
-0.45787
-0.45529
-0.45223
-0.44869
-0.44515
-0.44161
-0.49020
-0.49020
-0.49020
-0.49020
-0.49020
-0.49020
-0.49020
-0.49020
-0.49020
-0.49020
-0.49020
-0.49020
-0.49020
-0.49020
-0.49020
-0.49020
-0.49020
-0.49020
-0.49020
-0.49020
-0.49020
-0.49020
-0.49020
-0.49020
-0.49020
-0.49020
-0.49020
-0.49020
-0.49020
-0.49020
-0.49020
-0.49020
-0.49020
-0.49020
-0.49020
-0.49020
-0.49020
-0.49020
-0.49020
-0.49020
-0.49020
-0.49020
-0.49020
-0.49020
-0.49020
-0.49020
-0.49020
-0.49020
-0.49020
-0.49020
-0.49020
-0.49020
-0.49020
-0.49020
-0.49020
-0.49020
-0.49020
-0.49020
-0.49020
-0.49020
-0.49020
-0.49020
-0.49020
-0.49020
-0.49020
-0.49020
-0.49020
-0.49020
-0.49020
-0.49020
-0.49020
-0.49020
-0.49020
-0.49020
-0.49020
-0.49020
-0.49020
-0.49020
-0.49020
-0.49020
-0.49020
-0.49020
-0.49020
-0.49020
-0.49020
-0.49020
-0.49020
-0.49020
-0.49020
-0.49020
-0.49020
-0.49020
-0.49020
-0.49020
-0.49020
-0.49020
-0.49020
-0.49020
-0.49020
-0.49020
-0.49020
-0.49020
-0.49020
-0.49020
-0.49020
-0.49020
-0.49020
-0.49020
-0.49020
-0.49020
-0.49020
-0.49020
-0.49020
-0.49020
-0.49020
-0.49020
-0.49020
-0.49020
-0.49020
-0.49020
-0.49020
-0.49020
-0.49020
-0.49020
-0.49020
-0.49020
-0.49020
-0.49020
-0.49020
-0.49020
-0.49020
-0.49020
-0.49020
-0.49020
-0.49020
-0.49020
-0.49020
-0.49020
-0.49020
-0.49020
-0.49020
-0.49020
-0.49020
-0.49020
-0.49020
-0.49020
-0.49020
-0.49020
-0.49020
-0.49020
-0.49020
-0.49020
-0.49020
-0.49020
-0.49020
-0.49020
-0.49020
-0.49020
-0.49020
-0.49020
-0.49020
-0.49020
-0.49020
-0.49020
-0.49020
-0.49020
-0.49020
-0.49020
-0.49020
-0.49020
-0.49020
-0.49020
-0.49020
-0.49020
-0.49020
-0.49020
-0.49020
-0.49020
-0.49020
-0.49020
-0.49020
-0.49020
-0.49020
-0.49020
-0.49020
-0.49020
-0.49020
-0.49020
-0.49020
-0.49020
-0.49020
-0.49020
-0.49020
-0.49020
-0.49020
-0.49020
-0.49020
-0.49020
-0.49020
-0.49020
-0.49020
-0.49020
-0.49020
-0.49020
-0.49020
-0.49020
-0.49020
-0.49020
-0.49020
-0.49018
-0.49016
-0.49014
-0.49012
-0.49010
-0.49010
-0.49010
-0.49010
-0.49010
-0.49010
-0.49008
-0.49006
-0.49004
-0.49002
-0.49000
-0.48998
-0.48996
-0.48994
-0.48992
-0.48990
-0.48988
-0.48986
-0.48984
-0.48982
-0.48980
-0.48974
-0.48968
-0.48962
-0.48956
-0.48950
-0.48940
-0.48930
-0.48920
-0.48910
-0.48900
-0.48886
-0.48872
-0.48858
-0.48844
-0.48830
-0.48806
-0.48782
-0.48758
-0.48734
-0.48710
-0.48674
-0.48638
-0.48602
-0.48566
-0.48530
-0.48470
-0.48410
-0.48350
-0.48290
-0.48230
-0.48132
-0.48034
-0.47936
-0.47838
-0.47740
-0.47590
-0.47440
-0.47290
-0.47140
-0.46990
-0.46748
-0.46506
-0.46264
-0.46022
-0.45780
-0.45438
-0.45096
-0.49130
-0.49130
-0.49130
-0.49130
-0.49130
-0.49130
-0.49130
-0.49130
-0.49130
-0.49130
-0.49130
-0.49130
-0.49130
-0.49130
-0.49130
-0.49130
-0.49130
-0.49130
-0.49130
-0.49130
-0.49130
-0.49130
-0.49130
-0.49130
-0.49130
-0.49130
-0.49130
-0.49130
-0.49130
-0.49130
-0.49130
-0.49130
-0.49130
-0.49130
-0.49130
-0.49130
-0.49130
-0.49130
-0.49130
-0.49130
-0.49130
-0.49130
-0.49130
-0.49130
-0.49130
-0.49130
-0.49130
-0.49130
-0.49130
-0.49130
-0.49130
-0.49130
-0.49130
-0.49130
-0.49130
-0.49130
-0.49130
-0.49130
-0.49130
-0.49130
-0.49130
-0.49130
-0.49130
-0.49130
-0.49130
-0.49130
-0.49130
-0.49130
-0.49130
-0.49130
-0.49130
-0.49130
-0.49130
-0.49130
-0.49130
-0.49130
-0.49130
-0.49130
-0.49130
-0.49130
-0.49130
-0.49130
-0.49130
-0.49130
-0.49130
-0.49130
-0.49130
-0.49130
-0.49130
-0.49130
-0.49130
-0.49130
-0.49130
-0.49130
-0.49130
-0.49130
-0.49130
-0.49130
-0.49130
-0.49130
-0.49130
-0.49130
-0.49130
-0.49130
-0.49130
-0.49130
-0.49130
-0.49130
-0.49130
-0.49130
-0.49130
-0.49130
-0.49130
-0.49130
-0.49130
-0.49130
-0.49130
-0.49130
-0.49130
-0.49130
-0.49130
-0.49130
-0.49130
-0.49130
-0.49130
-0.49130
-0.49130
-0.49130
-0.49130
-0.49130
-0.49130
-0.49130
-0.49130
-0.49130
-0.49130
-0.49130
-0.49130
-0.49130
-0.49130
-0.49130
-0.49130
-0.49130
-0.49130
-0.49130
-0.49130
-0.49130
-0.49130
-0.49130
-0.49130
-0.49130
-0.49130
-0.49130
-0.49130
-0.49130
-0.49130
-0.49130
-0.49130
-0.49130
-0.49130
-0.49130
-0.49130
-0.49130
-0.49130
-0.49130
-0.49130
-0.49130
-0.49130
-0.49130
-0.49130
-0.49130
-0.49130
-0.49130
-0.49130
-0.49130
-0.49130
-0.49130
-0.49130
-0.49130
-0.49130
-0.49130
-0.49130
-0.49130
-0.49130
-0.49130
-0.49130
-0.49130
-0.49130
-0.49130
-0.49130
-0.49130
-0.49130
-0.49130
-0.49130
-0.49130
-0.49130
-0.49130
-0.49130
-0.49130
-0.49130
-0.49130
-0.49130
-0.49130
-0.49130
-0.49130
-0.49130
-0.49130
-0.49130
-0.49130
-0.49130
-0.49130
-0.49130
-0.49130
-0.49130
-0.49130
-0.49130
-0.49129
-0.49127
-0.49125
-0.49123
-0.49121
-0.49120
-0.49120
-0.49120
-0.49120
-0.49120
-0.49119
-0.49117
-0.49115
-0.49113
-0.49111
-0.49108
-0.49104
-0.49100
-0.49096
-0.49092
-0.49088
-0.49084
-0.49080
-0.49076
-0.49072
-0.49066
-0.49058
-0.49050
-0.49042
-0.49034
-0.49023
-0.49009
-0.48995
-0.48981
-0.48967
-0.48950
-0.48930
-0.48910
-0.48890
-0.48870
-0.48843
-0.48809
-0.48775
-0.48741
-0.48707
-0.48663
-0.48609
-0.48555
-0.48501
-0.48447
-0.48375
-0.48285
-0.48195
-0.48105
-0.48015
-0.47901
-0.47763
-0.47625
-0.47487
-0.47349
-0.47168
-0.46944
-0.46720
-0.46496
-0.46272
-0.45996
-0.49230
-0.49230
-0.49230
-0.49230
-0.49230
-0.49230
-0.49230
-0.49230
-0.49230
-0.49230
-0.49230
-0.49230
-0.49230
-0.49230
-0.49230
-0.49230
-0.49230
-0.49230
-0.49230
-0.49230
-0.49230
-0.49230
-0.49230
-0.49230
-0.49230
-0.49230
-0.49230
-0.49230
-0.49230
-0.49230
-0.49230
-0.49230
-0.49230
-0.49230
-0.49230
-0.49230
-0.49230
-0.49230
-0.49230
-0.49230
-0.49230
-0.49230
-0.49230
-0.49230
-0.49230
-0.49230
-0.49230
-0.49230
-0.49230
-0.49230
-0.49230
-0.49230
-0.49230
-0.49230
-0.49230
-0.49230
-0.49230
-0.49230
-0.49230
-0.49230
-0.49230
-0.49230
-0.49230
-0.49230
-0.49230
-0.49230
-0.49230
-0.49230
-0.49230
-0.49230
-0.49230
-0.49230
-0.49230
-0.49230
-0.49230
-0.49230
-0.49230
-0.49230
-0.49230
-0.49230
-0.49230
-0.49230
-0.49230
-0.49230
-0.49230
-0.49230
-0.49230
-0.49230
-0.49230
-0.49230
-0.49230
-0.49230
-0.49230
-0.49230
-0.49230
-0.49230
-0.49230
-0.49230
-0.49230
-0.49230
-0.49230
-0.49230
-0.49230
-0.49230
-0.49230
-0.49230
-0.49230
-0.49230
-0.49230
-0.49230
-0.49230
-0.49230
-0.49230
-0.49230
-0.49230
-0.49230
-0.49230
-0.49230
-0.49230
-0.49230
-0.49230
-0.49230
-0.49230
-0.49230
-0.49230
-0.49230
-0.49230
-0.49230
-0.49230
-0.49230
-0.49230
-0.49230
-0.49230
-0.49230
-0.49230
-0.49230
-0.49230
-0.49230
-0.49230
-0.49230
-0.49230
-0.49230
-0.49230
-0.49230
-0.49230
-0.49230
-0.49230
-0.49230
-0.49230
-0.49230
-0.49230
-0.49230
-0.49230
-0.49230
-0.49230
-0.49230
-0.49230
-0.49230
-0.49230
-0.49230
-0.49230
-0.49230
-0.49230
-0.49230
-0.49230
-0.49230
-0.49230
-0.49230
-0.49230
-0.49230
-0.49230
-0.49230
-0.49230
-0.49230
-0.49230
-0.49230
-0.49230
-0.49230
-0.49230
-0.49230
-0.49230
-0.49230
-0.49230
-0.49230
-0.49230
-0.49230
-0.49230
-0.49230
-0.49230
-0.49230
-0.49230
-0.49230
-0.49230
-0.49230
-0.49230
-0.49230
-0.49230
-0.49230
-0.49230
-0.49230
-0.49230
-0.49230
-0.49230
-0.49230
-0.49230
-0.49230
-0.49230
-0.49230
-0.49230
-0.49230
-0.49230
-0.49230
-0.49230
-0.49230
-0.49230
-0.49230
-0.49230
-0.49230
-0.49230
-0.49230
-0.49230
-0.49230
-0.49228
-0.49226
-0.49224
-0.49222
-0.49220
-0.49218
-0.49216
-0.49214
-0.49212
-0.49210
-0.49208
-0.49206
-0.49204
-0.49202
-0.49200
-0.49196
-0.49192
-0.49188
-0.49184
-0.49180
-0.49172
-0.49164
-0.49156
-0.49148
-0.49140
-0.49128
-0.49116
-0.49104
-0.49092
-0.49080
-0.49062
-0.49044
-0.49026
-0.49008
-0.48990
-0.48960
-0.48930
-0.48900
-0.48870
-0.48840
-0.48790
-0.48740
-0.48690
-0.48640
-0.48590
-0.48508
-0.48426
-0.48344
-0.48262
-0.48180
-0.48052
-0.47924
-0.47796
-0.47668
-0.47540
-0.47336
-0.47132
-0.46928
-0.46724
-0.49370
-0.49370
-0.49370
-0.49370
-0.49370
-0.49370
-0.49370
-0.49370
-0.49370
-0.49370
-0.49370
-0.49370
-0.49370
-0.49370
-0.49370
-0.49370
-0.49370
-0.49370
-0.49370
-0.49370
-0.49370
-0.49370
-0.49370
-0.49370
-0.49370
-0.49370
-0.49370
-0.49370
-0.49370
-0.49370
-0.49370
-0.49370
-0.49370
-0.49370
-0.49370
-0.49370
-0.49370
-0.49370
-0.49370
-0.49370
-0.49370
-0.49370
-0.49370
-0.49370
-0.49370
-0.49370
-0.49370
-0.49370
-0.49370
-0.49370
-0.49370
-0.49370
-0.49370
-0.49370
-0.49370
-0.49370
-0.49370
-0.49370
-0.49370
-0.49370
-0.49370
-0.49370
-0.49370
-0.49370
-0.49370
-0.49370
-0.49370
-0.49370
-0.49370
-0.49370
-0.49370
-0.49370
-0.49370
-0.49370
-0.49370
-0.49370
-0.49370
-0.49370
-0.49370
-0.49370
-0.49370
-0.49370
-0.49370
-0.49370
-0.49370
-0.49370
-0.49370
-0.49370
-0.49370
-0.49370
-0.49370
-0.49370
-0.49370
-0.49370
-0.49370
-0.49370
-0.49370
-0.49370
-0.49370
-0.49370
-0.49370
-0.49370
-0.49370
-0.49370
-0.49370
-0.49370
-0.49370
-0.49370
-0.49370
-0.49370
-0.49370
-0.49370
-0.49370
-0.49370
-0.49370
-0.49370
-0.49370
-0.49370
-0.49370
-0.49370
-0.49370
-0.49370
-0.49370
-0.49370
-0.49370
-0.49370
-0.49370
-0.49370
-0.49370
-0.49370
-0.49370
-0.49370
-0.49370
-0.49370
-0.49370
-0.49370
-0.49370
-0.49370
-0.49370
-0.49370
-0.49370
-0.49370
-0.49370
-0.49370
-0.49370
-0.49370
-0.49370
-0.49370
-0.49370
-0.49370
-0.49370
-0.49370
-0.49370
-0.49370
-0.49370
-0.49370
-0.49370
-0.49370
-0.49370
-0.49370
-0.49370
-0.49370
-0.49370
-0.49370
-0.49370
-0.49370
-0.49370
-0.49370
-0.49370
-0.49370
-0.49370
-0.49370
-0.49370
-0.49370
-0.49370
-0.49370
-0.49370
-0.49370
-0.49370
-0.49370
-0.49370
-0.49370
-0.49370
-0.49370
-0.49370
-0.49370
-0.49370
-0.49370
-0.49370
-0.49370
-0.49370
-0.49370
-0.49370
-0.49370
-0.49370
-0.49370
-0.49370
-0.49370
-0.49370
-0.49370
-0.49370
-0.49370
-0.49370
-0.49370
-0.49370
-0.49370
-0.49370
-0.49370
-0.49370
-0.49370
-0.49370
-0.49370
-0.49370
-0.49370
-0.49370
-0.49370
-0.49370
-0.49370
-0.49369
-0.49367
-0.49365
-0.49363
-0.49361
-0.49360
-0.49360
-0.49360
-0.49360
-0.49360
-0.49359
-0.49357
-0.49355
-0.49353
-0.49351
-0.49349
-0.49347
-0.49345
-0.49343
-0.49341
-0.49338
-0.49334
-0.49330
-0.49326
-0.49322
-0.49317
-0.49311
-0.49305
-0.49299
-0.49293
-0.49285
-0.49275
-0.49265
-0.49255
-0.49245
-0.49231
-0.49213
-0.49195
-0.49177
-0.49159
-0.49136
-0.49108
-0.49080
-0.49052
-0.49024
-0.48988
-0.48944
-0.48900
-0.48856
-0.48812
-0.48753
-0.48679
-0.48605
-0.48531
-0.48457
-0.48360
-0.48240
-0.48120
-0.48000
-0.47880
-0.47726
-0.47538
-0.47350
-0.49560
-0.49560
-0.49560
-0.49560
-0.49560
-0.49560
-0.49560
-0.49560
-0.49560
-0.49560
-0.49560
-0.49560
-0.49560
-0.49560
-0.49560
-0.49560
-0.49560
-0.49560
-0.49560
-0.49560
-0.49560
-0.49560
-0.49560
-0.49560
-0.49560
-0.49560
-0.49560
-0.49560
-0.49560
-0.49560
-0.49560
-0.49560
-0.49560
-0.49560
-0.49560
-0.49560
-0.49560
-0.49560
-0.49560
-0.49560
-0.49560
-0.49560
-0.49560
-0.49560
-0.49560
-0.49560
-0.49560
-0.49560
-0.49560
-0.49560
-0.49560
-0.49560
-0.49560
-0.49560
-0.49560
-0.49560
-0.49560
-0.49560
-0.49560
-0.49560
-0.49560
-0.49560
-0.49560
-0.49560
-0.49560
-0.49560
-0.49560
-0.49560
-0.49560
-0.49560
-0.49560
-0.49560
-0.49560
-0.49560
-0.49560
-0.49560
-0.49560
-0.49560
-0.49560
-0.49560
-0.49560
-0.49560
-0.49560
-0.49560
-0.49560
-0.49560
-0.49560
-0.49560
-0.49560
-0.49560
-0.49560
-0.49560
-0.49560
-0.49560
-0.49560
-0.49560
-0.49560
-0.49560
-0.49560
-0.49560
-0.49560
-0.49560
-0.49560
-0.49560
-0.49560
-0.49560
-0.49560
-0.49560
-0.49560
-0.49560
-0.49560
-0.49560
-0.49560
-0.49560
-0.49560
-0.49560
-0.49560
-0.49560
-0.49560
-0.49560
-0.49560
-0.49560
-0.49560
-0.49560
-0.49560
-0.49560
-0.49560
-0.49560
-0.49560
-0.49560
-0.49560
-0.49560
-0.49560
-0.49560
-0.49560
-0.49560
-0.49560
-0.49560
-0.49560
-0.49560
-0.49560
-0.49560
-0.49560
-0.49560
-0.49560
-0.49560
-0.49560
-0.49560
-0.49560
-0.49560
-0.49560
-0.49560
-0.49560
-0.49560
-0.49560
-0.49560
-0.49560
-0.49560
-0.49560
-0.49560
-0.49560
-0.49560
-0.49560
-0.49560
-0.49560
-0.49560
-0.49560
-0.49560
-0.49560
-0.49560
-0.49560
-0.49560
-0.49560
-0.49560
-0.49560
-0.49560
-0.49560
-0.49560
-0.49560
-0.49560
-0.49560
-0.49560
-0.49560
-0.49560
-0.49560
-0.49560
-0.49560
-0.49560
-0.49560
-0.49560
-0.49560
-0.49560
-0.49560
-0.49560
-0.49560
-0.49560
-0.49560
-0.49560
-0.49560
-0.49560
-0.49560
-0.49560
-0.49560
-0.49560
-0.49560
-0.49560
-0.49560
-0.49560
-0.49560
-0.49560
-0.49558
-0.49556
-0.49554
-0.49552
-0.49550
-0.49550
-0.49550
-0.49550
-0.49550
-0.49550
-0.49550
-0.49550
-0.49550
-0.49550
-0.49550
-0.49550
-0.49550
-0.49550
-0.49550
-0.49550
-0.49548
-0.49546
-0.49544
-0.49542
-0.49540
-0.49538
-0.49536
-0.49534
-0.49532
-0.49530
-0.49526
-0.49522
-0.49518
-0.49514
-0.49510
-0.49506
-0.49502
-0.49498
-0.49494
-0.49490
-0.49480
-0.49470
-0.49460
-0.49450
-0.49440
-0.49424
-0.49408
-0.49392
-0.49376
-0.49360
-0.49334
-0.49308
-0.49282
-0.49256
-0.49230
-0.49190
-0.49150
-0.49110
-0.49070
-0.49030
-0.48962
-0.48894
-0.48826
-0.48758
-0.48690
-0.48580
-0.48470
-0.48360
-0.48250
-0.48140
-0.47968
-0.49730
-0.49730
-0.49730
-0.49730
-0.49730
-0.49730
-0.49730
-0.49730
-0.49730
-0.49730
-0.49730
-0.49730
-0.49730
-0.49730
-0.49730
-0.49730
-0.49730
-0.49730
-0.49730
-0.49730
-0.49730
-0.49730
-0.49730
-0.49730
-0.49730
-0.49730
-0.49730
-0.49730
-0.49730
-0.49730
-0.49730
-0.49730
-0.49730
-0.49730
-0.49730
-0.49730
-0.49730
-0.49730
-0.49730
-0.49730
-0.49730
-0.49730
-0.49730
-0.49730
-0.49730
-0.49730
-0.49730
-0.49730
-0.49730
-0.49730
-0.49730
-0.49730
-0.49730
-0.49730
-0.49730
-0.49730
-0.49730
-0.49730
-0.49730
-0.49730
-0.49730
-0.49730
-0.49730
-0.49730
-0.49730
-0.49730
-0.49730
-0.49730
-0.49730
-0.49730
-0.49730
-0.49730
-0.49730
-0.49730
-0.49730
-0.49730
-0.49730
-0.49730
-0.49730
-0.49730
-0.49730
-0.49730
-0.49730
-0.49730
-0.49730
-0.49730
-0.49730
-0.49730
-0.49730
-0.49730
-0.49730
-0.49730
-0.49730
-0.49730
-0.49730
-0.49730
-0.49730
-0.49730
-0.49730
-0.49730
-0.49730
-0.49730
-0.49730
-0.49730
-0.49730
-0.49730
-0.49730
-0.49730
-0.49730
-0.49730
-0.49730
-0.49730
-0.49730
-0.49730
-0.49730
-0.49730
-0.49730
-0.49730
-0.49730
-0.49730
-0.49730
-0.49730
-0.49730
-0.49730
-0.49730
-0.49730
-0.49730
-0.49730
-0.49730
-0.49730
-0.49730
-0.49730
-0.49730
-0.49730
-0.49730
-0.49730
-0.49730
-0.49730
-0.49730
-0.49730
-0.49730
-0.49730
-0.49730
-0.49730
-0.49730
-0.49730
-0.49730
-0.49730
-0.49730
-0.49730
-0.49730
-0.49730
-0.49730
-0.49730
-0.49730
-0.49730
-0.49730
-0.49730
-0.49730
-0.49730
-0.49730
-0.49730
-0.49730
-0.49730
-0.49730
-0.49730
-0.49730
-0.49730
-0.49730
-0.49730
-0.49730
-0.49730
-0.49730
-0.49730
-0.49730
-0.49730
-0.49730
-0.49730
-0.49730
-0.49730
-0.49730
-0.49730
-0.49730
-0.49730
-0.49730
-0.49730
-0.49730
-0.49730
-0.49730
-0.49730
-0.49730
-0.49730
-0.49730
-0.49730
-0.49730
-0.49730
-0.49730
-0.49730
-0.49730
-0.49730
-0.49730
-0.49730
-0.49730
-0.49730
-0.49730
-0.49730
-0.49730
-0.49730
-0.49730
-0.49730
-0.49730
-0.49730
-0.49730
-0.49730
-0.49730
-0.49730
-0.49730
-0.49730
-0.49730
-0.49730
-0.49730
-0.49730
-0.49730
-0.49730
-0.49730
-0.49730
-0.49730
-0.49730
-0.49730
-0.49730
-0.49730
-0.49729
-0.49727
-0.49725
-0.49723
-0.49721
-0.49719
-0.49717
-0.49715
-0.49713
-0.49711
-0.49709
-0.49707
-0.49705
-0.49703
-0.49701
-0.49697
-0.49691
-0.49685
-0.49679
-0.49673
-0.49666
-0.49658
-0.49650
-0.49642
-0.49634
-0.49623
-0.49609
-0.49595
-0.49581
-0.49567
-0.49548
-0.49524
-0.49500
-0.49476
-0.49452
-0.49421
-0.49383
-0.49345
-0.49307
-0.49269
-0.49220
-0.49160
-0.49100
-0.49040
-0.48980
-0.48899
-0.48797
-0.48695
-0.48593
-0.48491
-0.49910
-0.49910
-0.49910
-0.49910
-0.49910
-0.49910
-0.49910
-0.49910
-0.49910
-0.49910
-0.49910
-0.49910
-0.49910
-0.49910
-0.49910
-0.49910
-0.49910
-0.49910
-0.49910
-0.49910
-0.49910
-0.49910
-0.49910
-0.49910
-0.49910
-0.49910
-0.49910
-0.49910
-0.49910
-0.49910
-0.49910
-0.49910
-0.49910
-0.49910
-0.49910
-0.49910
-0.49910
-0.49910
-0.49910
-0.49910
-0.49910
-0.49910
-0.49910
-0.49910
-0.49910
-0.49910
-0.49910
-0.49910
-0.49910
-0.49910
-0.49910
-0.49910
-0.49910
-0.49910
-0.49910
-0.49910
-0.49910
-0.49910
-0.49910
-0.49910
-0.49910
-0.49910
-0.49910
-0.49910
-0.49910
-0.49910
-0.49910
-0.49910
-0.49910
-0.49910
-0.49910
-0.49910
-0.49910
-0.49910
-0.49910
-0.49910
-0.49910
-0.49910
-0.49910
-0.49910
-0.49910
-0.49910
-0.49910
-0.49910
-0.49910
-0.49910
-0.49910
-0.49910
-0.49910
-0.49910
-0.49910
-0.49910
-0.49910
-0.49910
-0.49910
-0.49910
-0.49910
-0.49910
-0.49910
-0.49910
-0.49910
-0.49910
-0.49910
-0.49910
-0.49910
-0.49910
-0.49910
-0.49910
-0.49910
-0.49910
-0.49910
-0.49910
-0.49910
-0.49910
-0.49910
-0.49910
-0.49910
-0.49910
-0.49910
-0.49910
-0.49910
-0.49910
-0.49910
-0.49910
-0.49910
-0.49910
-0.49910
-0.49910
-0.49910
-0.49910
-0.49910
-0.49910
-0.49910
-0.49910
-0.49910
-0.49910
-0.49910
-0.49910
-0.49910
-0.49910
-0.49910
-0.49910
-0.49910
-0.49910
-0.49910
-0.49910
-0.49910
-0.49910
-0.49910
-0.49910
-0.49910
-0.49910
-0.49910
-0.49910
-0.49910
-0.49910
-0.49910
-0.49910
-0.49910
-0.49910
-0.49910
-0.49910
-0.49910
-0.49910
-0.49910
-0.49910
-0.49910
-0.49910
-0.49910
-0.49910
-0.49910
-0.49910
-0.49910
-0.49910
-0.49910
-0.49910
-0.49910
-0.49910
-0.49910
-0.49910
-0.49910
-0.49910
-0.49910
-0.49910
-0.49910
-0.49910
-0.49910
-0.49910
-0.49910
-0.49910
-0.49910
-0.49910
-0.49910
-0.49910
-0.49910
-0.49910
-0.49910
-0.49910
-0.49910
-0.49910
-0.49910
-0.49910
-0.49910
-0.49910
-0.49910
-0.49910
-0.49910
-0.49910
-0.49910
-0.49910
-0.49910
-0.49910
-0.49910
-0.49910
-0.49910
-0.49910
-0.49910
-0.49910
-0.49910
-0.49910
-0.49910
-0.49910
-0.49910
-0.49910
-0.49910
-0.49910
-0.49910
-0.49910
-0.49910
-0.49910
-0.49910
-0.49910
-0.49910
-0.49908
-0.49906
-0.49904
-0.49902
-0.49900
-0.49898
-0.49896
-0.49894
-0.49892
-0.49890
-0.49888
-0.49886
-0.49884
-0.49882
-0.49880
-0.49876
-0.49872
-0.49868
-0.49864
-0.49860
-0.49852
-0.49844
-0.49836
-0.49828
-0.49820
-0.49806
-0.49792
-0.49778
-0.49764
-0.49750
-0.49730
-0.49710
-0.49690
-0.49670
-0.49650
-0.49614
-0.49578
-0.49542
-0.49506
-0.49470
-0.49414
-0.49358
-0.49302
-0.49246
-0.49190
-0.49096
-0.49002
-0.48908
-0.50090
-0.50090
-0.50090
-0.50090
-0.50090
-0.50090
-0.50090
-0.50090
-0.50090
-0.50090
-0.50090
-0.50090
-0.50090
-0.50090
-0.50090
-0.50090
-0.50090
-0.50090
-0.50090
-0.50090
-0.50090
-0.50090
-0.50090
-0.50090
-0.50090
-0.50090
-0.50090
-0.50090
-0.50090
-0.50090
-0.50090
-0.50090
-0.50090
-0.50090
-0.50090
-0.50090
-0.50090
-0.50090
-0.50090
-0.50090
-0.50090
-0.50090
-0.50090
-0.50090
-0.50090
-0.50090
-0.50090
-0.50090
-0.50090
-0.50090
-0.50090
-0.50090
-0.50090
-0.50090
-0.50090
-0.50090
-0.50090
-0.50090
-0.50090
-0.50090
-0.50090
-0.50090
-0.50090
-0.50090
-0.50090
-0.50090
-0.50090
-0.50090
-0.50090
-0.50090
-0.50090
-0.50090
-0.50090
-0.50090
-0.50090
-0.50090
-0.50090
-0.50090
-0.50090
-0.50090
-0.50090
-0.50090
-0.50090
-0.50090
-0.50090
-0.50090
-0.50090
-0.50090
-0.50090
-0.50090
-0.50090
-0.50090
-0.50090
-0.50090
-0.50090
-0.50090
-0.50090
-0.50090
-0.50090
-0.50090
-0.50090
-0.50090
-0.50090
-0.50090
-0.50090
-0.50090
-0.50090
-0.50090
-0.50090
-0.50090
-0.50090
-0.50090
-0.50090
-0.50090
-0.50090
-0.50090
-0.50090
-0.50090
-0.50090
-0.50090
-0.50090
-0.50090
-0.50090
-0.50090
-0.50090
-0.50090
-0.50090
-0.50090
-0.50090
-0.50090
-0.50090
-0.50090
-0.50090
-0.50090
-0.50090
-0.50090
-0.50090
-0.50090
-0.50090
-0.50090
-0.50090
-0.50090
-0.50090
-0.50090
-0.50090
-0.50090
-0.50090
-0.50090
-0.50090
-0.50090
-0.50090
-0.50090
-0.50090
-0.50090
-0.50090
-0.50090
-0.50090
-0.50090
-0.50090
-0.50090
-0.50090
-0.50090
-0.50090
-0.50090
-0.50090
-0.50090
-0.50090
-0.50090
-0.50090
-0.50090
-0.50090
-0.50090
-0.50090
-0.50090
-0.50090
-0.50090
-0.50090
-0.50090
-0.50090
-0.50090
-0.50090
-0.50090
-0.50090
-0.50090
-0.50090
-0.50090
-0.50090
-0.50090
-0.50090
-0.50090
-0.50090
-0.50090
-0.50090
-0.50090
-0.50090
-0.50090
-0.50090
-0.50090
-0.50090
-0.50090
-0.50090
-0.50090
-0.50090
-0.50090
-0.50090
-0.50090
-0.50090
-0.50090
-0.50090
-0.50090
-0.50090
-0.50090
-0.50090
-0.50090
-0.50090
-0.50090
-0.50090
-0.50090
-0.50090
-0.50090
-0.50090
-0.50090
-0.50090
-0.50090
-0.50090
-0.50090
-0.50090
-0.50090
-0.50090
-0.50089
-0.50087
-0.50085
-0.50083
-0.50081
-0.50080
-0.50080
-0.50080
-0.50080
-0.50080
-0.50079
-0.50077
-0.50075
-0.50073
-0.50071
-0.50069
-0.50067
-0.50065
-0.50063
-0.50061
-0.50058
-0.50054
-0.50050
-0.50046
-0.50042
-0.50036
-0.50028
-0.50020
-0.50012
-0.50004
-0.49994
-0.49982
-0.49970
-0.49958
-0.49946
-0.49931
-0.49913
-0.49895
-0.49877
-0.49859
-0.49834
-0.49802
-0.49770
-0.49738
-0.49706
-0.49664
-0.49612
-0.49560
-0.49508
-0.49456
-0.49387
-0.49301
-0.50270
-0.50270
-0.50270
-0.50270
-0.50270
-0.50270
-0.50270
-0.50270
-0.50270
-0.50270
-0.50270
-0.50270
-0.50270
-0.50270
-0.50270
-0.50270
-0.50270
-0.50270
-0.50270
-0.50270
-0.50270
-0.50270
-0.50270
-0.50270
-0.50270
-0.50270
-0.50270
-0.50270
-0.50270
-0.50270
-0.50270
-0.50270
-0.50270
-0.50270
-0.50270
-0.50270
-0.50270
-0.50270
-0.50270
-0.50270
-0.50270
-0.50270
-0.50270
-0.50270
-0.50270
-0.50270
-0.50270
-0.50270
-0.50270
-0.50270
-0.50270
-0.50270
-0.50270
-0.50270
-0.50270
-0.50270
-0.50270
-0.50270
-0.50270
-0.50270
-0.50270
-0.50270
-0.50270
-0.50270
-0.50270
-0.50270
-0.50270
-0.50270
-0.50270
-0.50270
-0.50270
-0.50270
-0.50270
-0.50270
-0.50270
-0.50270
-0.50270
-0.50270
-0.50270
-0.50270
-0.50270
-0.50270
-0.50270
-0.50270
-0.50270
-0.50270
-0.50270
-0.50270
-0.50270
-0.50270
-0.50270
-0.50270
-0.50270
-0.50270
-0.50270
-0.50270
-0.50270
-0.50270
-0.50270
-0.50270
-0.50270
-0.50270
-0.50270
-0.50270
-0.50270
-0.50270
-0.50270
-0.50270
-0.50270
-0.50270
-0.50270
-0.50270
-0.50270
-0.50270
-0.50270
-0.50270
-0.50270
-0.50270
-0.50270
-0.50270
-0.50270
-0.50270
-0.50270
-0.50270
-0.50270
-0.50270
-0.50270
-0.50270
-0.50270
-0.50270
-0.50270
-0.50270
-0.50270
-0.50270
-0.50270
-0.50270
-0.50270
-0.50270
-0.50270
-0.50270
-0.50270
-0.50270
-0.50270
-0.50270
-0.50270
-0.50270
-0.50270
-0.50270
-0.50270
-0.50270
-0.50270
-0.50270
-0.50270
-0.50270
-0.50270
-0.50270
-0.50270
-0.50270
-0.50270
-0.50270
-0.50270
-0.50270
-0.50270
-0.50270
-0.50270
-0.50270
-0.50270
-0.50270
-0.50270
-0.50270
-0.50270
-0.50270
-0.50270
-0.50270
-0.50270
-0.50270
-0.50270
-0.50270
-0.50270
-0.50270
-0.50270
-0.50270
-0.50270
-0.50270
-0.50270
-0.50270
-0.50270
-0.50270
-0.50270
-0.50270
-0.50270
-0.50270
-0.50270
-0.50270
-0.50270
-0.50270
-0.50270
-0.50270
-0.50270
-0.50270
-0.50270
-0.50270
-0.50270
-0.50270
-0.50270
-0.50270
-0.50270
-0.50270
-0.50270
-0.50270
-0.50270
-0.50270
-0.50270
-0.50270
-0.50270
-0.50270
-0.50270
-0.50270
-0.50270
-0.50270
-0.50270
-0.50270
-0.50270
-0.50270
-0.50270
-0.50270
-0.50270
-0.50270
-0.50270
-0.50270
-0.50270
-0.50270
-0.50270
-0.50270
-0.50270
-0.50270
-0.50268
-0.50266
-0.50264
-0.50262
-0.50260
-0.50260
-0.50260
-0.50260
-0.50260
-0.50260
-0.50256
-0.50252
-0.50248
-0.50244
-0.50240
-0.50238
-0.50236
-0.50234
-0.50232
-0.50230
-0.50222
-0.50214
-0.50206
-0.50198
-0.50190
-0.50180
-0.50170
-0.50160
-0.50150
-0.50140
-0.50122
-0.50104
-0.50086
-0.50068
-0.50050
-0.50020
-0.49990
-0.49960
-0.49930
-0.49900
-0.49854
-0.49808
-0.49762
-0.49716
-0.49670
-0.50450
-0.50450
-0.50450
-0.50450
-0.50450
-0.50450
-0.50450
-0.50450
-0.50450
-0.50450
-0.50450
-0.50450
-0.50450
-0.50450
-0.50450
-0.50450
-0.50450
-0.50450
-0.50450
-0.50450
-0.50450
-0.50450
-0.50450
-0.50450
-0.50450
-0.50450
-0.50450
-0.50450
-0.50450
-0.50450
-0.50450
-0.50450
-0.50450
-0.50450
-0.50450
-0.50450
-0.50450
-0.50450
-0.50450
-0.50450
-0.50450
-0.50450
-0.50450
-0.50450
-0.50450
-0.50450
-0.50450
-0.50450
-0.50450
-0.50450
-0.50450
-0.50450
-0.50450
-0.50450
-0.50450
-0.50450
-0.50450
-0.50450
-0.50450
-0.50450
-0.50450
-0.50450
-0.50450
-0.50450
-0.50450
-0.50450
-0.50450
-0.50450
-0.50450
-0.50450
-0.50450
-0.50450
-0.50450
-0.50450
-0.50450
-0.50450
-0.50450
-0.50450
-0.50450
-0.50450
-0.50450
-0.50450
-0.50450
-0.50450
-0.50450
-0.50450
-0.50450
-0.50450
-0.50450
-0.50450
-0.50450
-0.50450
-0.50450
-0.50450
-0.50450
-0.50450
-0.50450
-0.50450
-0.50450
-0.50450
-0.50450
-0.50450
-0.50450
-0.50450
-0.50450
-0.50450
-0.50450
-0.50450
-0.50450
-0.50450
-0.50450
-0.50450
-0.50450
-0.50450
-0.50450
-0.50450
-0.50450
-0.50450
-0.50450
-0.50450
-0.50450
-0.50450
-0.50450
-0.50450
-0.50450
-0.50450
-0.50450
-0.50450
-0.50450
-0.50450
-0.50450
-0.50450
-0.50450
-0.50450
-0.50450
-0.50450
-0.50450
-0.50450
-0.50450
-0.50450
-0.50450
-0.50450
-0.50450
-0.50450
-0.50450
-0.50450
-0.50450
-0.50450
-0.50450
-0.50450
-0.50450
-0.50450
-0.50450
-0.50450
-0.50450
-0.50450
-0.50450
-0.50450
-0.50450
-0.50450
-0.50450
-0.50450
-0.50450
-0.50450
-0.50450
-0.50450
-0.50450
-0.50450
-0.50450
-0.50450
-0.50450
-0.50450
-0.50450
-0.50450
-0.50450
-0.50450
-0.50450
-0.50450
-0.50450
-0.50450
-0.50450
-0.50450
-0.50450
-0.50450
-0.50450
-0.50450
-0.50450
-0.50450
-0.50450
-0.50450
-0.50450
-0.50450
-0.50450
-0.50450
-0.50450
-0.50450
-0.50450
-0.50450
-0.50450
-0.50450
-0.50450
-0.50450
-0.50450
-0.50450
-0.50450
-0.50450
-0.50450
-0.50450
-0.50450
-0.50450
-0.50450
-0.50450
-0.50450
-0.50450
-0.50450
-0.50450
-0.50450
-0.50450
-0.50450
-0.50450
-0.50450
-0.50450
-0.50450
-0.50450
-0.50450
-0.50450
-0.50450
-0.50450
-0.50450
-0.50450
-0.50450
-0.50450
-0.50450
-0.50450
-0.50450
-0.50450
-0.50450
-0.50449
-0.50447
-0.50445
-0.50443
-0.50441
-0.50440
-0.50440
-0.50440
-0.50440
-0.50440
-0.50439
-0.50437
-0.50435
-0.50433
-0.50431
-0.50428
-0.50424
-0.50420
-0.50416
-0.50412
-0.50407
-0.50401
-0.50395
-0.50389
-0.50383
-0.50375
-0.50365
-0.50355
-0.50345
-0.50335
-0.50322
-0.50306
-0.50290
-0.50274
-0.50258
-0.50236
-0.50208
-0.50180
-0.50152
-0.50124
-0.50088
-0.50044
-0.50000
-0.49956
-0.50630
-0.50630
-0.50630
-0.50630
-0.50630
-0.50630
-0.50630
-0.50630
-0.50630
-0.50630
-0.50630
-0.50630
-0.50630
-0.50630
-0.50630
-0.50630
-0.50630
-0.50630
-0.50630
-0.50630
-0.50630
-0.50630
-0.50630
-0.50630
-0.50630
-0.50630
-0.50630
-0.50630
-0.50630
-0.50630
-0.50630
-0.50630
-0.50630
-0.50630
-0.50630
-0.50630
-0.50630
-0.50630
-0.50630
-0.50630
-0.50630
-0.50630
-0.50630
-0.50630
-0.50630
-0.50630
-0.50630
-0.50630
-0.50630
-0.50630
-0.50630
-0.50630
-0.50630
-0.50630
-0.50630
-0.50630
-0.50630
-0.50630
-0.50630
-0.50630
-0.50630
-0.50630
-0.50630
-0.50630
-0.50630
-0.50630
-0.50630
-0.50630
-0.50630
-0.50630
-0.50630
-0.50630
-0.50630
-0.50630
-0.50630
-0.50630
-0.50630
-0.50630
-0.50630
-0.50630
-0.50630
-0.50630
-0.50630
-0.50630
-0.50630
-0.50630
-0.50630
-0.50630
-0.50630
-0.50630
-0.50630
-0.50630
-0.50630
-0.50630
-0.50630
-0.50630
-0.50630
-0.50630
-0.50630
-0.50630
-0.50630
-0.50630
-0.50630
-0.50630
-0.50630
-0.50630
-0.50630
-0.50630
-0.50630
-0.50630
-0.50630
-0.50630
-0.50630
-0.50630
-0.50630
-0.50630
-0.50630
-0.50630
-0.50630
-0.50630
-0.50630
-0.50630
-0.50630
-0.50630
-0.50630
-0.50630
-0.50630
-0.50630
-0.50630
-0.50630
-0.50630
-0.50630
-0.50630
-0.50630
-0.50630
-0.50630
-0.50630
-0.50630
-0.50630
-0.50630
-0.50630
-0.50630
-0.50630
-0.50630
-0.50630
-0.50630
-0.50630
-0.50630
-0.50630
-0.50630
-0.50630
-0.50630
-0.50630
-0.50630
-0.50630
-0.50630
-0.50630
-0.50630
-0.50630
-0.50630
-0.50630
-0.50630
-0.50630
-0.50630
-0.50630
-0.50630
-0.50630
-0.50630
-0.50630
-0.50630
-0.50630
-0.50630
-0.50630
-0.50630
-0.50630
-0.50630
-0.50630
-0.50630
-0.50630
-0.50630
-0.50630
-0.50630
-0.50630
-0.50630
-0.50630
-0.50630
-0.50630
-0.50630
-0.50630
-0.50630
-0.50630
-0.50630
-0.50630
-0.50630
-0.50630
-0.50630
-0.50630
-0.50630
-0.50630
-0.50630
-0.50630
-0.50630
-0.50630
-0.50630
-0.50630
-0.50630
-0.50630
-0.50630
-0.50630
-0.50630
-0.50630
-0.50630
-0.50630
-0.50630
-0.50630
-0.50630
-0.50630
-0.50630
-0.50630
-0.50630
-0.50630
-0.50630
-0.50630
-0.50630
-0.50630
-0.50630
-0.50630
-0.50630
-0.50630
-0.50630
-0.50630
-0.50630
-0.50630
-0.50630
-0.50630
-0.50630
-0.50630
-0.50630
-0.50630
-0.50628
-0.50626
-0.50624
-0.50622
-0.50620
-0.50620
-0.50620
-0.50620
-0.50620
-0.50620
-0.50618
-0.50616
-0.50614
-0.50612
-0.50610
-0.50606
-0.50602
-0.50598
-0.50594
-0.50590
-0.50586
-0.50582
-0.50578
-0.50574
-0.50570
-0.50560
-0.50550
-0.50540
-0.50530
-0.50520
-0.50504
-0.50488
-0.50472
-0.50456
-0.50440
-0.50416
-0.50392
-0.50368
-0.50344
-0.50320
-0.50278
-0.50236
-0.50810
-0.50810
-0.50810
-0.50810
-0.50810
-0.50810
-0.50810
-0.50810
-0.50810
-0.50810
-0.50810
-0.50810
-0.50810
-0.50810
-0.50810
-0.50810
-0.50810
-0.50810
-0.50810
-0.50810
-0.50810
-0.50810
-0.50810
-0.50810
-0.50810
-0.50810
-0.50810
-0.50810
-0.50810
-0.50810
-0.50810
-0.50810
-0.50810
-0.50810
-0.50810
-0.50810
-0.50810
-0.50810
-0.50810
-0.50810
-0.50810
-0.50810
-0.50810
-0.50810
-0.50810
-0.50810
-0.50810
-0.50810
-0.50810
-0.50810
-0.50810
-0.50810
-0.50810
-0.50810
-0.50810
-0.50810
-0.50810
-0.50810
-0.50810
-0.50810
-0.50810
-0.50810
-0.50810
-0.50810
-0.50810
-0.50810
-0.50810
-0.50810
-0.50810
-0.50810
-0.50810
-0.50810
-0.50810
-0.50810
-0.50810
-0.50810
-0.50810
-0.50810
-0.50810
-0.50810
-0.50810
-0.50810
-0.50810
-0.50810
-0.50810
-0.50810
-0.50810
-0.50810
-0.50810
-0.50810
-0.50810
-0.50810
-0.50810
-0.50810
-0.50810
-0.50810
-0.50810
-0.50810
-0.50810
-0.50810
-0.50810
-0.50810
-0.50810
-0.50810
-0.50810
-0.50810
-0.50810
-0.50810
-0.50810
-0.50810
-0.50810
-0.50810
-0.50810
-0.50810
-0.50810
-0.50810
-0.50810
-0.50810
-0.50810
-0.50810
-0.50810
-0.50810
-0.50810
-0.50810
-0.50810
-0.50810
-0.50810
-0.50810
-0.50810
-0.50810
-0.50810
-0.50810
-0.50810
-0.50810
-0.50810
-0.50810
-0.50810
-0.50810
-0.50810
-0.50810
-0.50810
-0.50810
-0.50810
-0.50810
-0.50810
-0.50810
-0.50810
-0.50810
-0.50810
-0.50810
-0.50810
-0.50810
-0.50810
-0.50810
-0.50810
-0.50810
-0.50810
-0.50810
-0.50810
-0.50810
-0.50810
-0.50810
-0.50810
-0.50810
-0.50810
-0.50810
-0.50810
-0.50810
-0.50810
-0.50810
-0.50810
-0.50810
-0.50810
-0.50810
-0.50810
-0.50810
-0.50810
-0.50810
-0.50810
-0.50810
-0.50810
-0.50810
-0.50810
-0.50810
-0.50810
-0.50810
-0.50810
-0.50810
-0.50810
-0.50810
-0.50810
-0.50810
-0.50810
-0.50810
-0.50810
-0.50810
-0.50810
-0.50810
-0.50810
-0.50810
-0.50810
-0.50810
-0.50810
-0.50810
-0.50810
-0.50810
-0.50810
-0.50810
-0.50810
-0.50810
-0.50810
-0.50810
-0.50810
-0.50810
-0.50810
-0.50810
-0.50810
-0.50810
-0.50810
-0.50810
-0.50810
-0.50810
-0.50810
-0.50810
-0.50810
-0.50810
-0.50810
-0.50810
-0.50810
-0.50810
-0.50810
-0.50810
-0.50810
-0.50810
-0.50810
-0.50810
-0.50810
-0.50810
-0.50810
-0.50810
-0.50810
-0.50810
-0.50810
-0.50810
-0.50810
-0.50809
-0.50807
-0.50805
-0.50803
-0.50801
-0.50799
-0.50797
-0.50795
-0.50793
-0.50791
-0.50789
-0.50787
-0.50785
-0.50783
-0.50781
-0.50777
-0.50771
-0.50765
-0.50759
-0.50753
-0.50746
-0.50738
-0.50730
-0.50722
-0.50714
-0.50703
-0.50689
-0.50675
-0.50661
-0.50647
-0.50628
-0.50604
-0.50580
-0.50556
-0.50532
-0.50501
-0.50990
-0.50990
-0.50990
-0.50990
-0.50990
-0.50990
-0.50990
-0.50990
-0.50990
-0.50990
-0.50990
-0.50990
-0.50990
-0.50990
-0.50990
-0.50990
-0.50990
-0.50990
-0.50990
-0.50990
-0.50990
-0.50990
-0.50990
-0.50990
-0.50990
-0.50990
-0.50990
-0.50990
-0.50990
-0.50990
-0.50990
-0.50990
-0.50990
-0.50990
-0.50990
-0.50990
-0.50990
-0.50990
-0.50990
-0.50990
-0.50990
-0.50990
-0.50990
-0.50990
-0.50990
-0.50990
-0.50990
-0.50990
-0.50990
-0.50990
-0.50990
-0.50990
-0.50990
-0.50990
-0.50990
-0.50990
-0.50990
-0.50990
-0.50990
-0.50990
-0.50990
-0.50990
-0.50990
-0.50990
-0.50990
-0.50990
-0.50990
-0.50990
-0.50990
-0.50990
-0.50990
-0.50990
-0.50990
-0.50990
-0.50990
-0.50990
-0.50990
-0.50990
-0.50990
-0.50990
-0.50990
-0.50990
-0.50990
-0.50990
-0.50990
-0.50990
-0.50990
-0.50990
-0.50990
-0.50990
-0.50990
-0.50990
-0.50990
-0.50990
-0.50990
-0.50990
-0.50990
-0.50990
-0.50990
-0.50990
-0.50990
-0.50990
-0.50990
-0.50990
-0.50990
-0.50990
-0.50990
-0.50990
-0.50990
-0.50990
-0.50990
-0.50990
-0.50990
-0.50990
-0.50990
-0.50990
-0.50990
-0.50990
-0.50990
-0.50990
-0.50990
-0.50990
-0.50990
-0.50990
-0.50990
-0.50990
-0.50990
-0.50990
-0.50990
-0.50990
-0.50990
-0.50990
-0.50990
-0.50990
-0.50990
-0.50990
-0.50990
-0.50990
-0.50990
-0.50990
-0.50990
-0.50990
-0.50990
-0.50990
-0.50990
-0.50990
-0.50990
-0.50990
-0.50990
-0.50990
-0.50990
-0.50990
-0.50990
-0.50990
-0.50990
-0.50990
-0.50990
-0.50990
-0.50990
-0.50990
-0.50990
-0.50990
-0.50990
-0.50990
-0.50990
-0.50990
-0.50990
-0.50990
-0.50990
-0.50990
-0.50990
-0.50990
-0.50990
-0.50990
-0.50990
-0.50990
-0.50990
-0.50990
-0.50990
-0.50990
-0.50990
-0.50990
-0.50990
-0.50990
-0.50990
-0.50990
-0.50990
-0.50990
-0.50990
-0.50990
-0.50990
-0.50990
-0.50990
-0.50990
-0.50990
-0.50990
-0.50990
-0.50990
-0.50990
-0.50990
-0.50990
-0.50990
-0.50990
-0.50990
-0.50990
-0.50990
-0.50990
-0.50990
-0.50990
-0.50990
-0.50990
-0.50990
-0.50990
-0.50990
-0.50990
-0.50990
-0.50990
-0.50990
-0.50990
-0.50990
-0.50990
-0.50990
-0.50990
-0.50990
-0.50990
-0.50990
-0.50990
-0.50990
-0.50990
-0.50990
-0.50990
-0.50990
-0.50990
-0.50990
-0.50990
-0.50990
-0.50990
-0.50990
-0.50990
-0.50990
-0.50990
-0.50990
-0.50990
-0.50990
-0.50990
-0.50990
-0.50990
-0.50988
-0.50986
-0.50984
-0.50982
-0.50980
-0.50978
-0.50976
-0.50974
-0.50972
-0.50970
-0.50968
-0.50966
-0.50964
-0.50962
-0.50960
-0.50956
-0.50952
-0.50948
-0.50944
-0.50940
-0.50932
-0.50924
-0.50916
-0.50908
-0.50900
-0.50886
-0.50872
-0.50858
-0.50844
-0.50830
-0.50808
-0.50786
-0.50764
-0.50742
-0.51160
-0.51160
-0.51160
-0.51160
-0.51160
-0.51160
-0.51160
-0.51160
-0.51160
-0.51160
-0.51160
-0.51160
-0.51160
-0.51160
-0.51160
-0.51160
-0.51160
-0.51160
-0.51160
-0.51160
-0.51160
-0.51160
-0.51160
-0.51160
-0.51160
-0.51160
-0.51160
-0.51160
-0.51160
-0.51160
-0.51160
-0.51160
-0.51160
-0.51160
-0.51160
-0.51160
-0.51160
-0.51160
-0.51160
-0.51160
-0.51160
-0.51160
-0.51160
-0.51160
-0.51160
-0.51160
-0.51160
-0.51160
-0.51160
-0.51160
-0.51160
-0.51160
-0.51160
-0.51160
-0.51160
-0.51160
-0.51160
-0.51160
-0.51160
-0.51160
-0.51160
-0.51160
-0.51160
-0.51160
-0.51160
-0.51160
-0.51160
-0.51160
-0.51160
-0.51160
-0.51160
-0.51160
-0.51160
-0.51160
-0.51160
-0.51160
-0.51160
-0.51160
-0.51160
-0.51160
-0.51160
-0.51160
-0.51160
-0.51160
-0.51160
-0.51160
-0.51160
-0.51160
-0.51160
-0.51160
-0.51160
-0.51160
-0.51160
-0.51160
-0.51160
-0.51160
-0.51160
-0.51160
-0.51160
-0.51160
-0.51160
-0.51160
-0.51160
-0.51160
-0.51160
-0.51160
-0.51160
-0.51160
-0.51160
-0.51160
-0.51160
-0.51160
-0.51160
-0.51160
-0.51160
-0.51160
-0.51160
-0.51160
-0.51160
-0.51160
-0.51160
-0.51160
-0.51160
-0.51160
-0.51160
-0.51160
-0.51160
-0.51160
-0.51160
-0.51160
-0.51160
-0.51160
-0.51160
-0.51160
-0.51160
-0.51160
-0.51160
-0.51160
-0.51160
-0.51160
-0.51160
-0.51160
-0.51160
-0.51160
-0.51160
-0.51160
-0.51160
-0.51160
-0.51160
-0.51160
-0.51160
-0.51160
-0.51160
-0.51160
-0.51160
-0.51160
-0.51160
-0.51160
-0.51160
-0.51160
-0.51160
-0.51160
-0.51160
-0.51160
-0.51160
-0.51160
-0.51160
-0.51160
-0.51160
-0.51160
-0.51160
-0.51160
-0.51160
-0.51160
-0.51160
-0.51160
-0.51160
-0.51160
-0.51160
-0.51160
-0.51160
-0.51160
-0.51160
-0.51160
-0.51160
-0.51160
-0.51160
-0.51160
-0.51160
-0.51160
-0.51160
-0.51160
-0.51160
-0.51160
-0.51160
-0.51160
-0.51160
-0.51160
-0.51160
-0.51160
-0.51160
-0.51160
-0.51160
-0.51160
-0.51160
-0.51160
-0.51160
-0.51160
-0.51160
-0.51160
-0.51160
-0.51160
-0.51160
-0.51160
-0.51160
-0.51160
-0.51160
-0.51160
-0.51160
-0.51160
-0.51160
-0.51160
-0.51160
-0.51160
-0.51160
-0.51160
-0.51160
-0.51160
-0.51160
-0.51160
-0.51160
-0.51160
-0.51160
-0.51160
-0.51160
-0.51160
-0.51160
-0.51160
-0.51160
-0.51160
-0.51160
-0.51160
-0.51160
-0.51159
-0.51157
-0.51155
-0.51153
-0.51151
-0.51150
-0.51150
-0.51150
-0.51150
-0.51150
-0.51149
-0.51147
-0.51145
-0.51143
-0.51141
-0.51139
-0.51137
-0.51135
-0.51133
-0.51131
-0.51128
-0.51124
-0.51120
-0.51116
-0.51112
-0.51106
-0.51098
-0.51090
-0.51082
-0.51074
-0.51064
-0.51052
-0.51040
-0.51028
-0.51016
-0.51000
-0.50980
-0.50960
-0.51330
-0.51330
-0.51330
-0.51330
-0.51330
-0.51330
-0.51330
-0.51330
-0.51330
-0.51330
-0.51330
-0.51330
-0.51330
-0.51330
-0.51330
-0.51330
-0.51330
-0.51330
-0.51330
-0.51330
-0.51330
-0.51330
-0.51330
-0.51330
-0.51330
-0.51330
-0.51330
-0.51330
-0.51330
-0.51330
-0.51330
-0.51330
-0.51330
-0.51330
-0.51330
-0.51330
-0.51330
-0.51330
-0.51330
-0.51330
-0.51330
-0.51330
-0.51330
-0.51330
-0.51330
-0.51330
-0.51330
-0.51330
-0.51330
-0.51330
-0.51330
-0.51330
-0.51330
-0.51330
-0.51330
-0.51330
-0.51330
-0.51330
-0.51330
-0.51330
-0.51330
-0.51330
-0.51330
-0.51330
-0.51330
-0.51330
-0.51330
-0.51330
-0.51330
-0.51330
-0.51330
-0.51330
-0.51330
-0.51330
-0.51330
-0.51330
-0.51330
-0.51330
-0.51330
-0.51330
-0.51330
-0.51330
-0.51330
-0.51330
-0.51330
-0.51330
-0.51330
-0.51330
-0.51330
-0.51330
-0.51330
-0.51330
-0.51330
-0.51330
-0.51330
-0.51330
-0.51330
-0.51330
-0.51330
-0.51330
-0.51330
-0.51330
-0.51330
-0.51330
-0.51330
-0.51330
-0.51330
-0.51330
-0.51330
-0.51330
-0.51330
-0.51330
-0.51330
-0.51330
-0.51330
-0.51330
-0.51330
-0.51330
-0.51330
-0.51330
-0.51330
-0.51330
-0.51330
-0.51330
-0.51330
-0.51330
-0.51330
-0.51330
-0.51330
-0.51330
-0.51330
-0.51330
-0.51330
-0.51330
-0.51330
-0.51330
-0.51330
-0.51330
-0.51330
-0.51330
-0.51330
-0.51330
-0.51330
-0.51330
-0.51330
-0.51330
-0.51330
-0.51330
-0.51330
-0.51330
-0.51330
-0.51330
-0.51330
-0.51330
-0.51330
-0.51330
-0.51330
-0.51330
-0.51330
-0.51330
-0.51330
-0.51330
-0.51330
-0.51330
-0.51330
-0.51330
-0.51330
-0.51330
-0.51330
-0.51330
-0.51330
-0.51330
-0.51330
-0.51330
-0.51330
-0.51330
-0.51330
-0.51330
-0.51330
-0.51330
-0.51330
-0.51330
-0.51330
-0.51330
-0.51330
-0.51330
-0.51330
-0.51330
-0.51330
-0.51330
-0.51330
-0.51330
-0.51330
-0.51330
-0.51330
-0.51330
-0.51330
-0.51330
-0.51330
-0.51330
-0.51330
-0.51330
-0.51330
-0.51330
-0.51330
-0.51330
-0.51330
-0.51330
-0.51330
-0.51330
-0.51330
-0.51330
-0.51330
-0.51330
-0.51330
-0.51330
-0.51330
-0.51330
-0.51330
-0.51330
-0.51330
-0.51330
-0.51330
-0.51330
-0.51330
-0.51330
-0.51330
-0.51330
-0.51330
-0.51330
-0.51330
-0.51330
-0.51330
-0.51330
-0.51330
-0.51330
-0.51330
-0.51330
-0.51330
-0.51330
-0.51330
-0.51330
-0.51330
-0.51330
-0.51330
-0.51330
-0.51330
-0.51330
-0.51330
-0.51330
-0.51328
-0.51326
-0.51324
-0.51322
-0.51320
-0.51320
-0.51320
-0.51320
-0.51320
-0.51320
-0.51316
-0.51312
-0.51308
-0.51304
-0.51300
-0.51296
-0.51292
-0.51288
-0.51284
-0.51280
-0.51274
-0.51268
-0.51262
-0.51256
-0.51250
-0.51238
-0.51226
-0.51214
-0.51202
-0.51190
-0.51172
-0.51550
-0.51550
-0.51550
-0.51550
-0.51550
-0.51550
-0.51550
-0.51550
-0.51550
-0.51550
-0.51550
-0.51550
-0.51550
-0.51550
-0.51550
-0.51550
-0.51550
-0.51550
-0.51550
-0.51550
-0.51550
-0.51550
-0.51550
-0.51550
-0.51550
-0.51550
-0.51550
-0.51550
-0.51550
-0.51550
-0.51550
-0.51550
-0.51550
-0.51550
-0.51550
-0.51550
-0.51550
-0.51550
-0.51550
-0.51550
-0.51550
-0.51550
-0.51550
-0.51550
-0.51550
-0.51550
-0.51550
-0.51550
-0.51550
-0.51550
-0.51550
-0.51550
-0.51550
-0.51550
-0.51550
-0.51550
-0.51550
-0.51550
-0.51550
-0.51550
-0.51550
-0.51550
-0.51550
-0.51550
-0.51550
-0.51550
-0.51550
-0.51550
-0.51550
-0.51550
-0.51550
-0.51550
-0.51550
-0.51550
-0.51550
-0.51550
-0.51550
-0.51550
-0.51550
-0.51550
-0.51550
-0.51550
-0.51550
-0.51550
-0.51550
-0.51550
-0.51550
-0.51550
-0.51550
-0.51550
-0.51550
-0.51550
-0.51550
-0.51550
-0.51550
-0.51550
-0.51550
-0.51550
-0.51550
-0.51550
-0.51550
-0.51550
-0.51550
-0.51550
-0.51550
-0.51550
-0.51550
-0.51550
-0.51550
-0.51550
-0.51550
-0.51550
-0.51550
-0.51550
-0.51550
-0.51550
-0.51550
-0.51550
-0.51550
-0.51550
-0.51550
-0.51550
-0.51550
-0.51550
-0.51550
-0.51550
-0.51550
-0.51550
-0.51550
-0.51550
-0.51550
-0.51550
-0.51550
-0.51550
-0.51550
-0.51550
-0.51550
-0.51550
-0.51550
-0.51550
-0.51550
-0.51550
-0.51550
-0.51550
-0.51550
-0.51550
-0.51550
-0.51550
-0.51550
-0.51550
-0.51550
-0.51550
-0.51550
-0.51550
-0.51550
-0.51550
-0.51550
-0.51550
-0.51550
-0.51550
-0.51550
-0.51550
-0.51550
-0.51550
-0.51550
-0.51550
-0.51550
-0.51550
-0.51550
-0.51550
-0.51550
-0.51550
-0.51550
-0.51550
-0.51550
-0.51550
-0.51550
-0.51550
-0.51550
-0.51550
-0.51550
-0.51550
-0.51550
-0.51550
-0.51550
-0.51550
-0.51550
-0.51550
-0.51550
-0.51550
-0.51550
-0.51550
-0.51550
-0.51550
-0.51550
-0.51550
-0.51550
-0.51550
-0.51550
-0.51550
-0.51550
-0.51550
-0.51550
-0.51550
-0.51550
-0.51550
-0.51550
-0.51550
-0.51550
-0.51550
-0.51550
-0.51550
-0.51550
-0.51550
-0.51550
-0.51550
-0.51550
-0.51550
-0.51550
-0.51550
-0.51550
-0.51550
-0.51550
-0.51550
-0.51550
-0.51550
-0.51550
-0.51550
-0.51550
-0.51550
-0.51550
-0.51550
-0.51550
-0.51550
-0.51550
-0.51550
-0.51550
-0.51550
-0.51550
-0.51550
-0.51550
-0.51550
-0.51550
-0.51550
-0.51550
-0.51550
-0.51549
-0.51547
-0.51545
-0.51543
-0.51541
-0.51540
-0.51540
-0.51540
-0.51540
-0.51540
-0.51539
-0.51537
-0.51535
-0.51533
-0.51531
-0.51529
-0.51527
-0.51525
-0.51523
-0.51521
-0.51518
-0.51514
-0.51510
-0.51506
-0.51502
-0.51497
-0.51491
-0.51485
-0.51479
-0.51473
-0.51464
-0.51452
-0.51440
-0.51428
-0.51416
-0.51820
-0.51820
-0.51820
-0.51820
-0.51820
-0.51820
-0.51820
-0.51820
-0.51820
-0.51820
-0.51820
-0.51820
-0.51820
-0.51820
-0.51820
-0.51820
-0.51820
-0.51820
-0.51820
-0.51820
-0.51820
-0.51820
-0.51820
-0.51820
-0.51820
-0.51820
-0.51820
-0.51820
-0.51820
-0.51820
-0.51820
-0.51820
-0.51820
-0.51820
-0.51820
-0.51820
-0.51820
-0.51820
-0.51820
-0.51820
-0.51820
-0.51820
-0.51820
-0.51820
-0.51820
-0.51820
-0.51820
-0.51820
-0.51820
-0.51820
-0.51820
-0.51820
-0.51820
-0.51820
-0.51820
-0.51820
-0.51820
-0.51820
-0.51820
-0.51820
-0.51820
-0.51820
-0.51820
-0.51820
-0.51820
-0.51820
-0.51820
-0.51820
-0.51820
-0.51820
-0.51820
-0.51820
-0.51820
-0.51820
-0.51820
-0.51820
-0.51820
-0.51820
-0.51820
-0.51820
-0.51820
-0.51820
-0.51820
-0.51820
-0.51820
-0.51820
-0.51820
-0.51820
-0.51820
-0.51820
-0.51820
-0.51820
-0.51820
-0.51820
-0.51820
-0.51820
-0.51820
-0.51820
-0.51820
-0.51820
-0.51820
-0.51820
-0.51820
-0.51820
-0.51820
-0.51820
-0.51820
-0.51820
-0.51820
-0.51820
-0.51820
-0.51820
-0.51820
-0.51820
-0.51820
-0.51820
-0.51820
-0.51820
-0.51820
-0.51820
-0.51820
-0.51820
-0.51820
-0.51820
-0.51820
-0.51820
-0.51820
-0.51820
-0.51820
-0.51820
-0.51820
-0.51820
-0.51820
-0.51820
-0.51820
-0.51820
-0.51820
-0.51820
-0.51820
-0.51820
-0.51820
-0.51820
-0.51820
-0.51820
-0.51820
-0.51820
-0.51820
-0.51820
-0.51820
-0.51820
-0.51820
-0.51820
-0.51820
-0.51820
-0.51820
-0.51820
-0.51820
-0.51820
-0.51820
-0.51820
-0.51820
-0.51820
-0.51820
-0.51820
-0.51820
-0.51820
-0.51820
-0.51820
-0.51820
-0.51820
-0.51820
-0.51820
-0.51820
-0.51820
-0.51820
-0.51820
-0.51820
-0.51820
-0.51820
-0.51820
-0.51820
-0.51820
-0.51820
-0.51820
-0.51820
-0.51820
-0.51820
-0.51820
-0.51820
-0.51820
-0.51820
-0.51820
-0.51820
-0.51820
-0.51820
-0.51820
-0.51820
-0.51820
-0.51820
-0.51820
-0.51820
-0.51820
-0.51820
-0.51820
-0.51820
-0.51820
-0.51820
-0.51820
-0.51820
-0.51820
-0.51820
-0.51820
-0.51820
-0.51820
-0.51820
-0.51820
-0.51820
-0.51820
-0.51820
-0.51820
-0.51820
-0.51820
-0.51820
-0.51820
-0.51820
-0.51820
-0.51820
-0.51820
-0.51820
-0.51820
-0.51820
-0.51820
-0.51820
-0.51820
-0.51820
-0.51820
-0.51820
-0.51820
-0.51820
-0.51820
-0.51820
-0.51820
-0.51820
-0.51820
-0.51820
-0.51820
-0.51820
-0.51820
-0.51818
-0.51816
-0.51814
-0.51812
-0.51810
-0.51810
-0.51810
-0.51810
-0.51810
-0.51810
-0.51808
-0.51806
-0.51804
-0.51802
-0.51800
-0.51798
-0.51796
-0.51794
-0.51792
-0.51790
-0.51788
-0.51786
-0.51784
-0.51782
-0.51780
-0.51774
-0.51768
-0.51762
-0.51756
-0.51750
-0.51738
-0.51726
-0.51714
-0.52120
-0.52120
-0.52120
-0.52120
-0.52120
-0.52120
-0.52120
-0.52120
-0.52120
-0.52120
-0.52120
-0.52120
-0.52120
-0.52120
-0.52120
-0.52120
-0.52120
-0.52120
-0.52120
-0.52120
-0.52120
-0.52120
-0.52120
-0.52120
-0.52120
-0.52120
-0.52120
-0.52120
-0.52120
-0.52120
-0.52120
-0.52120
-0.52120
-0.52120
-0.52120
-0.52120
-0.52120
-0.52120
-0.52120
-0.52120
-0.52120
-0.52120
-0.52120
-0.52120
-0.52120
-0.52120
-0.52120
-0.52120
-0.52120
-0.52120
-0.52120
-0.52120
-0.52120
-0.52120
-0.52120
-0.52120
-0.52120
-0.52120
-0.52120
-0.52120
-0.52120
-0.52120
-0.52120
-0.52120
-0.52120
-0.52120
-0.52120
-0.52120
-0.52120
-0.52120
-0.52120
-0.52120
-0.52120
-0.52120
-0.52120
-0.52120
-0.52120
-0.52120
-0.52120
-0.52120
-0.52120
-0.52120
-0.52120
-0.52120
-0.52120
-0.52120
-0.52120
-0.52120
-0.52120
-0.52120
-0.52120
-0.52120
-0.52120
-0.52120
-0.52120
-0.52120
-0.52120
-0.52120
-0.52120
-0.52120
-0.52120
-0.52120
-0.52120
-0.52120
-0.52120
-0.52120
-0.52120
-0.52120
-0.52120
-0.52120
-0.52120
-0.52120
-0.52120
-0.52120
-0.52120
-0.52120
-0.52120
-0.52120
-0.52120
-0.52120
-0.52120
-0.52120
-0.52120
-0.52120
-0.52120
-0.52120
-0.52120
-0.52120
-0.52120
-0.52120
-0.52120
-0.52120
-0.52120
-0.52120
-0.52120
-0.52120
-0.52120
-0.52120
-0.52120
-0.52120
-0.52120
-0.52120
-0.52120
-0.52120
-0.52120
-0.52120
-0.52120
-0.52120
-0.52120
-0.52120
-0.52120
-0.52120
-0.52120
-0.52120
-0.52120
-0.52120
-0.52120
-0.52120
-0.52120
-0.52120
-0.52120
-0.52120
-0.52120
-0.52120
-0.52120
-0.52120
-0.52120
-0.52120
-0.52120
-0.52120
-0.52120
-0.52120
-0.52120
-0.52120
-0.52120
-0.52120
-0.52120
-0.52120
-0.52120
-0.52120
-0.52120
-0.52120
-0.52120
-0.52120
-0.52120
-0.52120
-0.52120
-0.52120
-0.52120
-0.52120
-0.52120
-0.52120
-0.52120
-0.52120
-0.52120
-0.52120
-0.52120
-0.52120
-0.52120
-0.52120
-0.52120
-0.52120
-0.52120
-0.52120
-0.52120
-0.52120
-0.52120
-0.52120
-0.52120
-0.52120
-0.52120
-0.52120
-0.52120
-0.52120
-0.52120
-0.52120
-0.52120
-0.52120
-0.52120
-0.52120
-0.52120
-0.52120
-0.52120
-0.52120
-0.52120
-0.52120
-0.52120
-0.52120
-0.52120
-0.52120
-0.52120
-0.52120
-0.52120
-0.52120
-0.52120
-0.52120
-0.52120
-0.52120
-0.52120
-0.52120
-0.52120
-0.52120
-0.52120
-0.52120
-0.52120
-0.52120
-0.52120
-0.52120
-0.52120
-0.52120
-0.52120
-0.52120
-0.52120
-0.52120
-0.52120
-0.52120
-0.52120
-0.52120
-0.52120
-0.52119
-0.52117
-0.52115
-0.52113
-0.52111
-0.52109
-0.52107
-0.52105
-0.52103
-0.52101
-0.52098
-0.52094
-0.52090
-0.52086
-0.52082
-0.52077
-0.52071
-0.52065
-0.52059
-0.52053
-0.52046
-0.52038
-0.52440
-0.52440
-0.52440
-0.52440
-0.52440
-0.52440
-0.52440
-0.52440
-0.52440
-0.52440
-0.52440
-0.52440
-0.52440
-0.52440
-0.52440
-0.52440
-0.52440
-0.52440
-0.52440
-0.52440
-0.52440
-0.52440
-0.52440
-0.52440
-0.52440
-0.52440
-0.52440
-0.52440
-0.52440
-0.52440
-0.52440
-0.52440
-0.52440
-0.52440
-0.52440
-0.52440
-0.52440
-0.52440
-0.52440
-0.52440
-0.52440
-0.52440
-0.52440
-0.52440
-0.52440
-0.52440
-0.52440
-0.52440
-0.52440
-0.52440
-0.52440
-0.52440
-0.52440
-0.52440
-0.52440
-0.52440
-0.52440
-0.52440
-0.52440
-0.52440
-0.52440
-0.52440
-0.52440
-0.52440
-0.52440
-0.52440
-0.52440
-0.52440
-0.52440
-0.52440
-0.52440
-0.52440
-0.52440
-0.52440
-0.52440
-0.52440
-0.52440
-0.52440
-0.52440
-0.52440
-0.52440
-0.52440
-0.52440
-0.52440
-0.52440
-0.52440
-0.52440
-0.52440
-0.52440
-0.52440
-0.52440
-0.52440
-0.52440
-0.52440
-0.52440
-0.52440
-0.52440
-0.52440
-0.52440
-0.52440
-0.52440
-0.52440
-0.52440
-0.52440
-0.52440
-0.52440
-0.52440
-0.52440
-0.52440
-0.52440
-0.52440
-0.52440
-0.52440
-0.52440
-0.52440
-0.52440
-0.52440
-0.52440
-0.52440
-0.52440
-0.52440
-0.52440
-0.52440
-0.52440
-0.52440
-0.52440
-0.52440
-0.52440
-0.52440
-0.52440
-0.52440
-0.52440
-0.52440
-0.52440
-0.52440
-0.52440
-0.52440
-0.52440
-0.52440
-0.52440
-0.52440
-0.52440
-0.52440
-0.52440
-0.52440
-0.52440
-0.52440
-0.52440
-0.52440
-0.52440
-0.52440
-0.52440
-0.52440
-0.52440
-0.52440
-0.52440
-0.52440
-0.52440
-0.52440
-0.52440
-0.52440
-0.52440
-0.52440
-0.52440
-0.52440
-0.52440
-0.52440
-0.52440
-0.52440
-0.52440
-0.52440
-0.52440
-0.52440
-0.52440
-0.52440
-0.52440
-0.52440
-0.52440
-0.52440
-0.52440
-0.52440
-0.52440
-0.52440
-0.52440
-0.52440
-0.52440
-0.52440
-0.52440
-0.52440
-0.52440
-0.52440
-0.52440
-0.52440
-0.52440
-0.52440
-0.52440
-0.52440
-0.52440
-0.52440
-0.52440
-0.52440
-0.52440
-0.52440
-0.52440
-0.52440
-0.52440
-0.52440
-0.52440
-0.52440
-0.52440
-0.52440
-0.52440
-0.52440
-0.52440
-0.52440
-0.52440
-0.52440
-0.52440
-0.52440
-0.52440
-0.52440
-0.52440
-0.52440
-0.52440
-0.52440
-0.52440
-0.52440
-0.52440
-0.52440
-0.52440
-0.52440
-0.52440
-0.52440
-0.52440
-0.52440
-0.52440
-0.52440
-0.52440
-0.52440
-0.52440
-0.52440
-0.52440
-0.52440
-0.52440
-0.52440
-0.52440
-0.52438
-0.52436
-0.52434
-0.52432
-0.52430
-0.52430
-0.52430
-0.52430
-0.52430
-0.52430
-0.52430
-0.52430
-0.52430
-0.52430
-0.52430
-0.52428
-0.52426
-0.52424
-0.52422
-0.52420
-0.52418
-0.52416
-0.52414
-0.52412
-0.52410
-0.52408
-0.52406
-0.52404
-0.52402
-0.52400
-0.52394
-0.52388
-0.52382
-0.52376
-0.52370
-0.52740
-0.52740
-0.52740
-0.52740
-0.52740
-0.52740
-0.52740
-0.52740
-0.52740
-0.52740
-0.52740
-0.52740
-0.52740
-0.52740
-0.52740
-0.52740
-0.52740
-0.52740
-0.52740
-0.52740
-0.52740
-0.52740
-0.52740
-0.52740
-0.52740
-0.52740
-0.52740
-0.52740
-0.52740
-0.52740
-0.52740
-0.52740
-0.52740
-0.52740
-0.52740
-0.52740
-0.52740
-0.52740
-0.52740
-0.52740
-0.52740
-0.52740
-0.52740
-0.52740
-0.52740
-0.52740
-0.52740
-0.52740
-0.52740
-0.52740
-0.52740
-0.52740
-0.52740
-0.52740
-0.52740
-0.52740
-0.52740
-0.52740
-0.52740
-0.52740
-0.52740
-0.52740
-0.52740
-0.52740
-0.52740
-0.52740
-0.52740
-0.52740
-0.52740
-0.52740
-0.52740
-0.52740
-0.52740
-0.52740
-0.52740
-0.52740
-0.52740
-0.52740
-0.52740
-0.52740
-0.52740
-0.52740
-0.52740
-0.52740
-0.52740
-0.52740
-0.52740
-0.52740
-0.52740
-0.52740
-0.52740
-0.52740
-0.52740
-0.52740
-0.52740
-0.52740
-0.52740
-0.52740
-0.52740
-0.52740
-0.52740
-0.52740
-0.52740
-0.52740
-0.52740
-0.52740
-0.52740
-0.52740
-0.52740
-0.52740
-0.52740
-0.52740
-0.52740
-0.52740
-0.52740
-0.52740
-0.52740
-0.52740
-0.52740
-0.52740
-0.52740
-0.52740
-0.52740
-0.52740
-0.52740
-0.52740
-0.52740
-0.52740
-0.52740
-0.52740
-0.52740
-0.52740
-0.52740
-0.52740
-0.52740
-0.52740
-0.52740
-0.52740
-0.52740
-0.52740
-0.52740
-0.52740
-0.52740
-0.52740
-0.52740
-0.52740
-0.52740
-0.52740
-0.52740
-0.52740
-0.52740
-0.52740
-0.52740
-0.52740
-0.52740
-0.52740
-0.52740
-0.52740
-0.52740
-0.52740
-0.52740
-0.52740
-0.52740
-0.52740
-0.52740
-0.52740
-0.52740
-0.52740
-0.52740
-0.52740
-0.52740
-0.52740
-0.52740
-0.52740
-0.52740
-0.52740
-0.52740
-0.52740
-0.52740
-0.52740
-0.52740
-0.52740
-0.52740
-0.52740
-0.52740
-0.52740
-0.52740
-0.52740
-0.52740
-0.52740
-0.52740
-0.52740
-0.52740
-0.52740
-0.52740
-0.52740
-0.52740
-0.52740
-0.52740
-0.52740
-0.52740
-0.52740
-0.52740
-0.52740
-0.52740
-0.52740
-0.52740
-0.52740
-0.52740
-0.52740
-0.52740
-0.52740
-0.52740
-0.52740
-0.52740
-0.52740
-0.52740
-0.52740
-0.52740
-0.52740
-0.52740
-0.52740
-0.52740
-0.52740
-0.52740
-0.52740
-0.52740
-0.52740
-0.52740
-0.52740
-0.52740
-0.52740
-0.52740
-0.52740
-0.52740
-0.52740
-0.52740
-0.52740
-0.52740
-0.52740
-0.52740
-0.52740
-0.52740
-0.52740
-0.52740
-0.52740
-0.52740
-0.52740
-0.52740
-0.52740
-0.52740
-0.52740
-0.52739
-0.52737
-0.52735
-0.52733
-0.52731
-0.52730
-0.52730
-0.52730
-0.52730
-0.52730
-0.52730
-0.52730
-0.52730
-0.52730
-0.52730
-0.52729
-0.52727
-0.52725
-0.52723
-0.52721
-0.52718
-0.52714
-0.52710
-0.52706
-0.52702
-0.52698
-0.52694
-0.52690
-0.52686
-0.53020
-0.53020
-0.53020
-0.53020
-0.53020
-0.53020
-0.53020
-0.53020
-0.53020
-0.53020
-0.53020
-0.53020
-0.53020
-0.53020
-0.53020
-0.53020
-0.53020
-0.53020
-0.53020
-0.53020
-0.53020
-0.53020
-0.53020
-0.53020
-0.53020
-0.53020
-0.53020
-0.53020
-0.53020
-0.53020
-0.53020
-0.53020
-0.53020
-0.53020
-0.53020
-0.53020
-0.53020
-0.53020
-0.53020
-0.53020
-0.53020
-0.53020
-0.53020
-0.53020
-0.53020
-0.53020
-0.53020
-0.53020
-0.53020
-0.53020
-0.53020
-0.53020
-0.53020
-0.53020
-0.53020
-0.53020
-0.53020
-0.53020
-0.53020
-0.53020
-0.53020
-0.53020
-0.53020
-0.53020
-0.53020
-0.53020
-0.53020
-0.53020
-0.53020
-0.53020
-0.53020
-0.53020
-0.53020
-0.53020
-0.53020
-0.53020
-0.53020
-0.53020
-0.53020
-0.53020
-0.53020
-0.53020
-0.53020
-0.53020
-0.53020
-0.53020
-0.53020
-0.53020
-0.53020
-0.53020
-0.53020
-0.53020
-0.53020
-0.53020
-0.53020
-0.53020
-0.53020
-0.53020
-0.53020
-0.53020
-0.53020
-0.53020
-0.53020
-0.53020
-0.53020
-0.53020
-0.53020
-0.53020
-0.53020
-0.53020
-0.53020
-0.53020
-0.53020
-0.53020
-0.53020
-0.53020
-0.53020
-0.53020
-0.53020
-0.53020
-0.53020
-0.53020
-0.53020
-0.53020
-0.53020
-0.53020
-0.53020
-0.53020
-0.53020
-0.53020
-0.53020
-0.53020
-0.53020
-0.53020
-0.53020
-0.53020
-0.53020
-0.53020
-0.53020
-0.53020
-0.53020
-0.53020
-0.53020
-0.53020
-0.53020
-0.53020
-0.53020
-0.53020
-0.53020
-0.53020
-0.53020
-0.53020
-0.53020
-0.53020
-0.53020
-0.53020
-0.53020
-0.53020
-0.53020
-0.53020
-0.53020
-0.53020
-0.53020
-0.53020
-0.53020
-0.53020
-0.53020
-0.53020
-0.53020
-0.53020
-0.53020
-0.53020
-0.53020
-0.53020
-0.53020
-0.53020
-0.53020
-0.53020
-0.53020
-0.53020
-0.53020
-0.53020
-0.53020
-0.53020
-0.53020
-0.53020
-0.53020
-0.53020
-0.53020
-0.53020
-0.53020
-0.53020
-0.53020
-0.53020
-0.53020
-0.53020
-0.53020
-0.53020
-0.53020
-0.53020
-0.53020
-0.53020
-0.53020
-0.53020
-0.53020
-0.53020
-0.53020
-0.53020
-0.53020
-0.53020
-0.53020
-0.53020
-0.53020
-0.53020
-0.53020
-0.53020
-0.53020
-0.53020
-0.53020
-0.53020
-0.53020
-0.53020
-0.53020
-0.53020
-0.53020
-0.53020
-0.53020
-0.53020
-0.53020
-0.53020
-0.53020
-0.53020
-0.53020
-0.53020
-0.53020
-0.53020
-0.53020
-0.53020
-0.53020
-0.53020
-0.53020
-0.53020
-0.53020
-0.53020
-0.53020
-0.53020
-0.53020
-0.53020
-0.53020
-0.53020
-0.53020
-0.53020
-0.53020
-0.53020
-0.53020
-0.53020
-0.53020
-0.53020
-0.53020
-0.53020
-0.53020
-0.53020
-0.53020
-0.53020
-0.53018
-0.53016
-0.53014
-0.53012
-0.53010
-0.53008
-0.53006
-0.53004
-0.53002
-0.53000
-0.52998
-0.52996
-0.52994
-0.52992
-0.52990
-0.52984
-0.52978
-0.53310
-0.53310
-0.53310
-0.53310
-0.53310
-0.53310
-0.53310
-0.53310
-0.53310
-0.53310
-0.53310
-0.53310
-0.53310
-0.53310
-0.53310
-0.53310
-0.53310
-0.53310
-0.53310
-0.53310
-0.53310
-0.53310
-0.53310
-0.53310
-0.53310
-0.53310
-0.53310
-0.53310
-0.53310
-0.53310
-0.53310
-0.53310
-0.53310
-0.53310
-0.53310
-0.53310
-0.53310
-0.53310
-0.53310
-0.53310
-0.53310
-0.53310
-0.53310
-0.53310
-0.53310
-0.53310
-0.53310
-0.53310
-0.53310
-0.53310
-0.53310
-0.53310
-0.53310
-0.53310
-0.53310
-0.53310
-0.53310
-0.53310
-0.53310
-0.53310
-0.53310
-0.53310
-0.53310
-0.53310
-0.53310
-0.53310
-0.53310
-0.53310
-0.53310
-0.53310
-0.53310
-0.53310
-0.53310
-0.53310
-0.53310
-0.53310
-0.53310
-0.53310
-0.53310
-0.53310
-0.53310
-0.53310
-0.53310
-0.53310
-0.53310
-0.53310
-0.53310
-0.53310
-0.53310
-0.53310
-0.53310
-0.53310
-0.53310
-0.53310
-0.53310
-0.53310
-0.53310
-0.53310
-0.53310
-0.53310
-0.53310
-0.53310
-0.53310
-0.53310
-0.53310
-0.53310
-0.53310
-0.53310
-0.53310
-0.53310
-0.53310
-0.53310
-0.53310
-0.53310
-0.53310
-0.53310
-0.53310
-0.53310
-0.53310
-0.53310
-0.53310
-0.53310
-0.53310
-0.53310
-0.53310
-0.53310
-0.53310
-0.53310
-0.53310
-0.53310
-0.53310
-0.53310
-0.53310
-0.53310
-0.53310
-0.53310
-0.53310
-0.53310
-0.53310
-0.53310
-0.53310
-0.53310
-0.53310
-0.53310
-0.53310
-0.53310
-0.53310
-0.53310
-0.53310
-0.53310
-0.53310
-0.53310
-0.53310
-0.53310
-0.53310
-0.53310
-0.53310
-0.53310
-0.53310
-0.53310
-0.53310
-0.53310
-0.53310
-0.53310
-0.53310
-0.53310
-0.53310
-0.53310
-0.53310
-0.53310
-0.53310
-0.53310
-0.53310
-0.53310
-0.53310
-0.53310
-0.53310
-0.53310
-0.53310
-0.53310
-0.53310
-0.53310
-0.53310
-0.53310
-0.53310
-0.53310
-0.53310
-0.53310
-0.53310
-0.53310
-0.53310
-0.53310
-0.53310
-0.53310
-0.53310
-0.53310
-0.53310
-0.53310
-0.53310
-0.53310
-0.53310
-0.53310
-0.53310
-0.53310
-0.53310
-0.53310
-0.53310
-0.53310
-0.53310
-0.53310
-0.53310
-0.53310
-0.53310
-0.53310
-0.53310
-0.53310
-0.53310
-0.53310
-0.53310
-0.53310
-0.53310
-0.53310
-0.53310
-0.53310
-0.53310
-0.53310
-0.53310
-0.53310
-0.53310
-0.53310
-0.53310
-0.53310
-0.53310
-0.53310
-0.53310
-0.53310
-0.53310
-0.53310
-0.53310
-0.53310
-0.53310
-0.53310
-0.53310
-0.53310
-0.53310
-0.53310
-0.53310
-0.53310
-0.53310
-0.53310
-0.53310
-0.53310
-0.53310
-0.53310
-0.53310
-0.53310
-0.53310
-0.53310
-0.53310
-0.53310
-0.53310
-0.53310
-0.53310
-0.53310
-0.53310
-0.53309
-0.53307
-0.53305
-0.53303
-0.53301
-0.53300
-0.53300
-0.53300
-0.53300
-0.53300
-0.53298
-0.53294
-0.53290
-0.53286
-0.53282
-0.53278
-0.53640
-0.53640
-0.53640
-0.53640
-0.53640
-0.53640
-0.53640
-0.53640
-0.53640
-0.53640
-0.53640
-0.53640
-0.53640
-0.53640
-0.53640
-0.53640
-0.53640
-0.53640
-0.53640
-0.53640
-0.53640
-0.53640
-0.53640
-0.53640
-0.53640
-0.53640
-0.53640
-0.53640
-0.53640
-0.53640
-0.53640
-0.53640
-0.53640
-0.53640
-0.53640
-0.53640
-0.53640
-0.53640
-0.53640
-0.53640
-0.53640
-0.53640
-0.53640
-0.53640
-0.53640
-0.53640
-0.53640
-0.53640
-0.53640
-0.53640
-0.53640
-0.53640
-0.53640
-0.53640
-0.53640
-0.53640
-0.53640
-0.53640
-0.53640
-0.53640
-0.53640
-0.53640
-0.53640
-0.53640
-0.53640
-0.53640
-0.53640
-0.53640
-0.53640
-0.53640
-0.53640
-0.53640
-0.53640
-0.53640
-0.53640
-0.53640
-0.53640
-0.53640
-0.53640
-0.53640
-0.53640
-0.53640
-0.53640
-0.53640
-0.53640
-0.53640
-0.53640
-0.53640
-0.53640
-0.53640
-0.53640
-0.53640
-0.53640
-0.53640
-0.53640
-0.53640
-0.53640
-0.53640
-0.53640
-0.53640
-0.53640
-0.53640
-0.53640
-0.53640
-0.53640
-0.53640
-0.53640
-0.53640
-0.53640
-0.53640
-0.53640
-0.53640
-0.53640
-0.53640
-0.53640
-0.53640
-0.53640
-0.53640
-0.53640
-0.53640
-0.53640
-0.53640
-0.53640
-0.53640
-0.53640
-0.53640
-0.53640
-0.53640
-0.53640
-0.53640
-0.53640
-0.53640
-0.53640
-0.53640
-0.53640
-0.53640
-0.53640
-0.53640
-0.53640
-0.53640
-0.53640
-0.53640
-0.53640
-0.53640
-0.53640
-0.53640
-0.53640
-0.53640
-0.53640
-0.53640
-0.53640
-0.53640
-0.53640
-0.53640
-0.53640
-0.53640
-0.53640
-0.53640
-0.53640
-0.53640
-0.53640
-0.53640
-0.53640
-0.53640
-0.53640
-0.53640
-0.53640
-0.53640
-0.53640
-0.53640
-0.53640
-0.53640
-0.53640
-0.53640
-0.53640
-0.53640
-0.53640
-0.53640
-0.53640
-0.53640
-0.53640
-0.53640
-0.53640
-0.53640
-0.53640
-0.53640
-0.53640
-0.53640
-0.53640
-0.53640
-0.53640
-0.53640
-0.53640
-0.53640
-0.53640
-0.53640
-0.53640
-0.53640
-0.53640
-0.53640
-0.53640
-0.53640
-0.53640
-0.53640
-0.53640
-0.53640
-0.53640
-0.53640
-0.53640
-0.53640
-0.53640
-0.53640
-0.53640
-0.53640
-0.53640
-0.53640
-0.53640
-0.53640
-0.53640
-0.53640
-0.53640
-0.53640
-0.53640
-0.53640
-0.53640
-0.53640
-0.53640
-0.53640
-0.53640
-0.53640
-0.53640
-0.53640
-0.53640
-0.53640
-0.53640
-0.53640
-0.53640
-0.53640
-0.53640
-0.53640
-0.53640
-0.53640
-0.53640
-0.53640
-0.53640
-0.53640
-0.53640
-0.53638
-0.53636
-0.53634
-0.53632
-0.53630
-0.53630
-0.53630
-0.53630
-0.53630
-0.53630
-0.53630
-0.53630
-0.53630
-0.53630
-0.53630
-0.53630
-0.53630
-0.53630
-0.53630
-0.53630
-0.53630
-0.53630
-0.53630
-0.53630
-0.53630
-0.53628
-0.53626
-0.53624
-0.53622
-0.53620
-0.53618
-0.53616
-0.53614
-0.53612
-0.54000
-0.54000
-0.54000
-0.54000
-0.54000
-0.54000
-0.54000
-0.54000
-0.54000
-0.54000
-0.54000
-0.54000
-0.54000
-0.54000
-0.54000
-0.54000
-0.54000
-0.54000
-0.54000
-0.54000
-0.54000
-0.54000
-0.54000
-0.54000
-0.54000
-0.54000
-0.54000
-0.54000
-0.54000
-0.54000
-0.54000
-0.54000
-0.54000
-0.54000
-0.54000
-0.54000
-0.54000
-0.54000
-0.54000
-0.54000
-0.54000
-0.54000
-0.54000
-0.54000
-0.54000
-0.54000
-0.54000
-0.54000
-0.54000
-0.54000
-0.54000
-0.54000
-0.54000
-0.54000
-0.54000
-0.54000
-0.54000
-0.54000
-0.54000
-0.54000
-0.54000
-0.54000
-0.54000
-0.54000
-0.54000
-0.54000
-0.54000
-0.54000
-0.54000
-0.54000
-0.54000
-0.54000
-0.54000
-0.54000
-0.54000
-0.54000
-0.54000
-0.54000
-0.54000
-0.54000
-0.54000
-0.54000
-0.54000
-0.54000
-0.54000
-0.54000
-0.54000
-0.54000
-0.54000
-0.54000
-0.54000
-0.54000
-0.54000
-0.54000
-0.54000
-0.54000
-0.54000
-0.54000
-0.54000
-0.54000
-0.54000
-0.54000
-0.54000
-0.54000
-0.54000
-0.54000
-0.54000
-0.54000
-0.54000
-0.54000
-0.54000
-0.54000
-0.54000
-0.54000
-0.54000
-0.54000
-0.54000
-0.54000
-0.54000
-0.54000
-0.54000
-0.54000
-0.54000
-0.54000
-0.54000
-0.54000
-0.54000
-0.54000
-0.54000
-0.54000
-0.54000
-0.54000
-0.54000
-0.54000
-0.54000
-0.54000
-0.54000
-0.54000
-0.54000
-0.54000
-0.54000
-0.54000
-0.54000
-0.54000
-0.54000
-0.54000
-0.54000
-0.54000
-0.54000
-0.54000
-0.54000
-0.54000
-0.54000
-0.54000
-0.54000
-0.54000
-0.54000
-0.54000
-0.54000
-0.54000
-0.54000
-0.54000
-0.54000
-0.54000
-0.54000
-0.54000
-0.54000
-0.54000
-0.54000
-0.54000
-0.54000
-0.54000
-0.54000
-0.54000
-0.54000
-0.54000
-0.54000
-0.54000
-0.54000
-0.54000
-0.54000
-0.54000
-0.54000
-0.54000
-0.54000
-0.54000
-0.54000
-0.54000
-0.54000
-0.54000
-0.54000
-0.54000
-0.54000
-0.54000
-0.54000
-0.54000
-0.54000
-0.54000
-0.54000
-0.54000
-0.54000
-0.54000
-0.54000
-0.54000
-0.54000
-0.54000
-0.54000
-0.54000
-0.54000
-0.54000
-0.54000
-0.54000
-0.54000
-0.54000
-0.54000
-0.54000
-0.54000
-0.54000
-0.54000
-0.54000
-0.54000
-0.54000
-0.54000
-0.54000
-0.54000
-0.54000
-0.54000
-0.54000
-0.54000
-0.54000
-0.54000
-0.54000
-0.54000
-0.54000
-0.54000
-0.54000
-0.54000
-0.54000
-0.54000
-0.54000
-0.54000
-0.54000
-0.54000
-0.54000
-0.54000
-0.54000
-0.54000
-0.54000
-0.54000
-0.54000
-0.54000
-0.54000
-0.54000
-0.54000
-0.54000
-0.54000
-0.54000
-0.54000
-0.54000
-0.54000
-0.54000
-0.54000
-0.54000
-0.53999
-0.53997
-0.53995
-0.53993
-0.53991
-0.53990
-0.53990
-0.53990
-0.53990
-0.53990
-0.53989
-0.53987
-0.53985
-0.53983
-0.53981
-0.53979
-0.53977
-0.53975
-0.54400
-0.54400
-0.54400
-0.54400
-0.54400
-0.54400
-0.54400
-0.54400
-0.54400
-0.54400
-0.54400
-0.54400
-0.54400
-0.54400
-0.54400
-0.54400
-0.54400
-0.54400
-0.54400
-0.54400
-0.54400
-0.54400
-0.54400
-0.54400
-0.54400
-0.54400
-0.54400
-0.54400
-0.54400
-0.54400
-0.54400
-0.54400
-0.54400
-0.54400
-0.54400
-0.54400
-0.54400
-0.54400
-0.54400
-0.54400
-0.54400
-0.54400
-0.54400
-0.54400
-0.54400
-0.54400
-0.54400
-0.54400
-0.54400
-0.54400
-0.54400
-0.54400
-0.54400
-0.54400
-0.54400
-0.54400
-0.54400
-0.54400
-0.54400
-0.54400
-0.54400
-0.54400
-0.54400
-0.54400
-0.54400
-0.54400
-0.54400
-0.54400
-0.54400
-0.54400
-0.54400
-0.54400
-0.54400
-0.54400
-0.54400
-0.54400
-0.54400
-0.54400
-0.54400
-0.54400
-0.54400
-0.54400
-0.54400
-0.54400
-0.54400
-0.54400
-0.54400
-0.54400
-0.54400
-0.54400
-0.54400
-0.54400
-0.54400
-0.54400
-0.54400
-0.54400
-0.54400
-0.54400
-0.54400
-0.54400
-0.54400
-0.54400
-0.54400
-0.54400
-0.54400
-0.54400
-0.54400
-0.54400
-0.54400
-0.54400
-0.54400
-0.54400
-0.54400
-0.54400
-0.54400
-0.54400
-0.54400
-0.54400
-0.54400
-0.54400
-0.54400
-0.54400
-0.54400
-0.54400
-0.54400
-0.54400
-0.54400
-0.54400
-0.54400
-0.54400
-0.54400
-0.54400
-0.54400
-0.54400
-0.54400
-0.54400
-0.54400
-0.54400
-0.54400
-0.54400
-0.54400
-0.54400
-0.54400
-0.54400
-0.54400
-0.54400
-0.54400
-0.54400
-0.54400
-0.54400
-0.54400
-0.54400
-0.54400
-0.54400
-0.54400
-0.54400
-0.54400
-0.54400
-0.54400
-0.54400
-0.54400
-0.54400
-0.54400
-0.54400
-0.54400
-0.54400
-0.54400
-0.54400
-0.54400
-0.54400
-0.54400
-0.54400
-0.54400
-0.54400
-0.54400
-0.54400
-0.54400
-0.54400
-0.54400
-0.54400
-0.54400
-0.54400
-0.54400
-0.54400
-0.54400
-0.54400
-0.54400
-0.54400
-0.54400
-0.54400
-0.54400
-0.54400
-0.54400
-0.54400
-0.54400
-0.54400
-0.54400
-0.54400
-0.54400
-0.54400
-0.54400
-0.54400
-0.54400
-0.54400
-0.54400
-0.54400
-0.54400
-0.54400
-0.54400
-0.54400
-0.54400
-0.54400
-0.54400
-0.54400
-0.54400
-0.54400
-0.54400
-0.54400
-0.54400
-0.54400
-0.54400
-0.54400
-0.54400
-0.54400
-0.54400
-0.54400
-0.54400
-0.54400
-0.54400
-0.54400
-0.54400
-0.54400
-0.54400
-0.54400
-0.54400
-0.54400
-0.54400
-0.54400
-0.54400
-0.54400
-0.54400
-0.54400
-0.54400
-0.54400
-0.54400
-0.54400
-0.54400
-0.54400
-0.54400
-0.54400
-0.54400
-0.54400
-0.54400
-0.54400
-0.54400
-0.54400
-0.54400
-0.54400
-0.54400
-0.54400
-0.54400
-0.54400
-0.54400
-0.54400
-0.54400
-0.54400
-0.54400
-0.54400
-0.54400
-0.54400
-0.54398
-0.54396
-0.54394
-0.54392
-0.54390
-0.54388
-0.54386
-0.54384
-0.54382
-0.54380
-0.54378
-0.54830
-0.54830
-0.54830
-0.54830
-0.54830
-0.54830
-0.54830
-0.54830
-0.54830
-0.54830
-0.54830
-0.54830
-0.54830
-0.54830
-0.54830
-0.54830
-0.54830
-0.54830
-0.54830
-0.54830
-0.54830
-0.54830
-0.54830
-0.54830
-0.54830
-0.54830
-0.54830
-0.54830
-0.54830
-0.54830
-0.54830
-0.54830
-0.54830
-0.54830
-0.54830
-0.54830
-0.54830
-0.54830
-0.54830
-0.54830
-0.54830
-0.54830
-0.54830
-0.54830
-0.54830
-0.54830
-0.54830
-0.54830
-0.54830
-0.54830
-0.54830
-0.54830
-0.54830
-0.54830
-0.54830
-0.54830
-0.54830
-0.54830
-0.54830
-0.54830
-0.54830
-0.54830
-0.54830
-0.54830
-0.54830
-0.54830
-0.54830
-0.54830
-0.54830
-0.54830
-0.54830
-0.54830
-0.54830
-0.54830
-0.54830
-0.54830
-0.54830
-0.54830
-0.54830
-0.54830
-0.54830
-0.54830
-0.54830
-0.54830
-0.54830
-0.54830
-0.54830
-0.54830
-0.54830
-0.54830
-0.54830
-0.54830
-0.54830
-0.54830
-0.54830
-0.54830
-0.54830
-0.54830
-0.54830
-0.54830
-0.54830
-0.54830
-0.54830
-0.54830
-0.54830
-0.54830
-0.54830
-0.54830
-0.54830
-0.54830
-0.54830
-0.54830
-0.54830
-0.54830
-0.54830
-0.54830
-0.54830
-0.54830
-0.54830
-0.54830
-0.54830
-0.54830
-0.54830
-0.54830
-0.54830
-0.54830
-0.54830
-0.54830
-0.54830
-0.54830
-0.54830
-0.54830
-0.54830
-0.54830
-0.54830
-0.54830
-0.54830
-0.54830
-0.54830
-0.54830
-0.54830
-0.54830
-0.54830
-0.54830
-0.54830
-0.54830
-0.54830
-0.54830
-0.54830
-0.54830
-0.54830
-0.54830
-0.54830
-0.54830
-0.54830
-0.54830
-0.54830
-0.54830
-0.54830
-0.54830
-0.54830
-0.54830
-0.54830
-0.54830
-0.54830
-0.54830
-0.54830
-0.54830
-0.54830
-0.54830
-0.54830
-0.54830
-0.54830
-0.54830
-0.54830
-0.54830
-0.54830
-0.54830
-0.54830
-0.54830
-0.54830
-0.54830
-0.54830
-0.54830
-0.54830
-0.54830
-0.54830
-0.54830
-0.54830
-0.54830
-0.54830
-0.54830
-0.54830
-0.54830
-0.54830
-0.54830
-0.54830
-0.54830
-0.54830
-0.54830
-0.54830
-0.54830
-0.54830
-0.54830
-0.54830
-0.54830
-0.54830
-0.54830
-0.54830
-0.54830
-0.54830
-0.54830
-0.54830
-0.54830
-0.54830
-0.54830
-0.54830
-0.54830
-0.54830
-0.54830
-0.54830
-0.54830
-0.54830
-0.54830
-0.54830
-0.54830
-0.54830
-0.54830
-0.54830
-0.54830
-0.54830
-0.54830
-0.54830
-0.54830
-0.54830
-0.54830
-0.54830
-0.54830
-0.54830
-0.54830
-0.54830
-0.54830
-0.54830
-0.54830
-0.54830
-0.54830
-0.54830
-0.54830
-0.54830
-0.54830
-0.54830
-0.54830
-0.54830
-0.54830
-0.54830
-0.54830
-0.54830
-0.54830
-0.54830
-0.54830
-0.54830
-0.54830
-0.54830
-0.54830
-0.54830
-0.54830
-0.54830
-0.54830
-0.54830
-0.54830
-0.54830
-0.54829
-0.54827
-0.54825
-0.54823
-0.54821
-0.54820
-0.54820
-0.54820
-0.54820
-0.54820
-0.55280
-0.55280
-0.55280
-0.55280
-0.55280
-0.55280
-0.55280
-0.55280
-0.55280
-0.55280
-0.55280
-0.55280
-0.55280
-0.55280
-0.55280
-0.55280
-0.55280
-0.55280
-0.55280
-0.55280
-0.55280
-0.55280
-0.55280
-0.55280
-0.55280
-0.55280
-0.55280
-0.55280
-0.55280
-0.55280
-0.55280
-0.55280
-0.55280
-0.55280
-0.55280
-0.55280
-0.55280
-0.55280
-0.55280
-0.55280
-0.55280
-0.55280
-0.55280
-0.55280
-0.55280
-0.55280
-0.55280
-0.55280
-0.55280
-0.55280
-0.55280
-0.55280
-0.55280
-0.55280
-0.55280
-0.55280
-0.55280
-0.55280
-0.55280
-0.55280
-0.55280
-0.55280
-0.55280
-0.55280
-0.55280
-0.55280
-0.55280
-0.55280
-0.55280
-0.55280
-0.55280
-0.55280
-0.55280
-0.55280
-0.55280
-0.55280
-0.55280
-0.55280
-0.55280
-0.55280
-0.55280
-0.55280
-0.55280
-0.55280
-0.55280
-0.55280
-0.55280
-0.55280
-0.55280
-0.55280
-0.55280
-0.55280
-0.55280
-0.55280
-0.55280
-0.55280
-0.55280
-0.55280
-0.55280
-0.55280
-0.55280
-0.55280
-0.55280
-0.55280
-0.55280
-0.55280
-0.55280
-0.55280
-0.55280
-0.55280
-0.55280
-0.55280
-0.55280
-0.55280
-0.55280
-0.55280
-0.55280
-0.55280
-0.55280
-0.55280
-0.55280
-0.55280
-0.55280
-0.55280
-0.55280
-0.55280
-0.55280
-0.55280
-0.55280
-0.55280
-0.55280
-0.55280
-0.55280
-0.55280
-0.55280
-0.55280
-0.55280
-0.55280
-0.55280
-0.55280
-0.55280
-0.55280
-0.55280
-0.55280
-0.55280
-0.55280
-0.55280
-0.55280
-0.55280
-0.55280
-0.55280
-0.55280
-0.55280
-0.55280
-0.55280
-0.55280
-0.55280
-0.55280
-0.55280
-0.55280
-0.55280
-0.55280
-0.55280
-0.55280
-0.55280
-0.55280
-0.55280
-0.55280
-0.55280
-0.55280
-0.55280
-0.55280
-0.55280
-0.55280
-0.55280
-0.55280
-0.55280
-0.55280
-0.55280
-0.55280
-0.55280
-0.55280
-0.55280
-0.55280
-0.55280
-0.55280
-0.55280
-0.55280
-0.55280
-0.55280
-0.55280
-0.55280
-0.55280
-0.55280
-0.55280
-0.55280
-0.55280
-0.55280
-0.55280
-0.55280
-0.55280
-0.55280
-0.55280
-0.55280
-0.55280
-0.55280
-0.55280
-0.55280
-0.55280
-0.55280
-0.55280
-0.55280
-0.55280
-0.55280
-0.55280
-0.55280
-0.55280
-0.55280
-0.55280
-0.55280
-0.55280
-0.55280
-0.55280
-0.55280
-0.55280
-0.55280
-0.55280
-0.55280
-0.55280
-0.55280
-0.55280
-0.55280
-0.55280
-0.55280
-0.55280
-0.55280
-0.55280
-0.55280
-0.55280
-0.55280
-0.55280
-0.55280
-0.55280
-0.55280
-0.55280
-0.55280
-0.55280
-0.55280
-0.55280
-0.55280
-0.55280
-0.55280
-0.55280
-0.55280
-0.55280
-0.55280
-0.55280
-0.55280
-0.55280
-0.55280
-0.55280
-0.55280
-0.55280
-0.55280
-0.55280
-0.55280
-0.55280
-0.55280
-0.55280
-0.55280
-0.55280
-0.55280
-0.55280
-0.55280
-0.55280
-0.55280
-0.55280
-0.55280
-0.55278
-0.55276
-0.55274
-0.55750
-0.55750
-0.55750
-0.55750
-0.55750
-0.55750
-0.55750
-0.55750
-0.55750
-0.55750
-0.55750
-0.55750
-0.55750
-0.55750
-0.55750
-0.55750
-0.55750
-0.55750
-0.55750
-0.55750
-0.55750
-0.55750
-0.55750
-0.55750
-0.55750
-0.55750
-0.55750
-0.55750
-0.55750
-0.55750
-0.55750
-0.55750
-0.55750
-0.55750
-0.55750
-0.55750
-0.55750
-0.55750
-0.55750
-0.55750
-0.55750
-0.55750
-0.55750
-0.55750
-0.55750
-0.55750
-0.55750
-0.55750
-0.55750
-0.55750
-0.55750
-0.55750
-0.55750
-0.55750
-0.55750
-0.55750
-0.55750
-0.55750
-0.55750
-0.55750
-0.55750
-0.55750
-0.55750
-0.55750
-0.55750
-0.55750
-0.55750
-0.55750
-0.55750
-0.55750
-0.55750
-0.55750
-0.55750
-0.55750
-0.55750
-0.55750
-0.55750
-0.55750
-0.55750
-0.55750
-0.55750
-0.55750
-0.55750
-0.55750
-0.55750
-0.55750
-0.55750
-0.55750
-0.55750
-0.55750
-0.55750
-0.55750
-0.55750
-0.55750
-0.55750
-0.55750
-0.55750
-0.55750
-0.55750
-0.55750
-0.55750
-0.55750
-0.55750
-0.55750
-0.55750
-0.55750
-0.55750
-0.55750
-0.55750
-0.55750
-0.55750
-0.55750
-0.55750
-0.55750
-0.55750
-0.55750
-0.55750
-0.55750
-0.55750
-0.55750
-0.55750
-0.55750
-0.55750
-0.55750
-0.55750
-0.55750
-0.55750
-0.55750
-0.55750
-0.55750
-0.55750
-0.55750
-0.55750
-0.55750
-0.55750
-0.55750
-0.55750
-0.55750
-0.55750
-0.55750
-0.55750
-0.55750
-0.55750
-0.55750
-0.55750
-0.55750
-0.55750
-0.55750
-0.55750
-0.55750
-0.55750
-0.55750
-0.55750
-0.55750
-0.55750
-0.55750
-0.55750
-0.55750
-0.55750
-0.55750
-0.55750
-0.55750
-0.55750
-0.55750
-0.55750
-0.55750
-0.55750
-0.55750
-0.55750
-0.55750
-0.55750
-0.55750
-0.55750
-0.55750
-0.55750
-0.55750
-0.55750
-0.55750
-0.55750
-0.55750
-0.55750
-0.55750
-0.55750
-0.55750
-0.55750
-0.55750
-0.55750
-0.55750
-0.55750
-0.55750
-0.55750
-0.55750
-0.55750
-0.55750
-0.55750
-0.55750
-0.55750
-0.55750
-0.55750
-0.55750
-0.55750
-0.55750
-0.55750
-0.55750
-0.55750
-0.55750
-0.55750
-0.55750
-0.55750
-0.55750
-0.55750
-0.55750
-0.55750
-0.55750
-0.55750
-0.55750
-0.55750
-0.55750
-0.55750
-0.55750
-0.55750
-0.55750
-0.55750
-0.55750
-0.55750
-0.55750
-0.55750
-0.55750
-0.55750
-0.55750
-0.55750
-0.55750
-0.55750
-0.55750
-0.55750
-0.55750
-0.55750
-0.55750
-0.55750
-0.55750
-0.55750
-0.55750
-0.55750
-0.55750
-0.55750
-0.55750
-0.55750
-0.55750
-0.55750
-0.55750
-0.55750
-0.55750
-0.55750
-0.55750
-0.55750
-0.55750
-0.55750
-0.55750
-0.55750
-0.55750
-0.55750
-0.55750
-0.55750
-0.55750
-0.55750
-0.55750
-0.55750
-0.55750
-0.55750
-0.55750
-0.55750
-0.55750
-0.55750
-0.55750
-0.55749
-0.55747
-0.55745
-0.55743
-0.55741
-0.55740
-0.55740
-0.56230
-0.56230
-0.56230
-0.56230
-0.56230
-0.56230
-0.56230
-0.56230
-0.56230
-0.56230
-0.56230
-0.56230
-0.56230
-0.56230
-0.56230
-0.56230
-0.56230
-0.56230
-0.56230
-0.56230
-0.56230
-0.56230
-0.56230
-0.56230
-0.56230
-0.56230
-0.56230
-0.56230
-0.56230
-0.56230
-0.56230
-0.56230
-0.56230
-0.56230
-0.56230
-0.56230
-0.56230
-0.56230
-0.56230
-0.56230
-0.56230
-0.56230
-0.56230
-0.56230
-0.56230
-0.56230
-0.56230
-0.56230
-0.56230
-0.56230
-0.56230
-0.56230
-0.56230
-0.56230
-0.56230
-0.56230
-0.56230
-0.56230
-0.56230
-0.56230
-0.56230
-0.56230
-0.56230
-0.56230
-0.56230
-0.56230
-0.56230
-0.56230
-0.56230
-0.56230
-0.56230
-0.56230
-0.56230
-0.56230
-0.56230
-0.56230
-0.56230
-0.56230
-0.56230
-0.56230
-0.56230
-0.56230
-0.56230
-0.56230
-0.56230
-0.56230
-0.56230
-0.56230
-0.56230
-0.56230
-0.56230
-0.56230
-0.56230
-0.56230
-0.56230
-0.56230
-0.56230
-0.56230
-0.56230
-0.56230
-0.56230
-0.56230
-0.56230
-0.56230
-0.56230
-0.56230
-0.56230
-0.56230
-0.56230
-0.56230
-0.56230
-0.56230
-0.56230
-0.56230
-0.56230
-0.56230
-0.56230
-0.56230
-0.56230
-0.56230
-0.56230
-0.56230
-0.56230
-0.56230
-0.56230
-0.56230
-0.56230
-0.56230
-0.56230
-0.56230
-0.56230
-0.56230
-0.56230
-0.56230
-0.56230
-0.56230
-0.56230
-0.56230
-0.56230
-0.56230
-0.56230
-0.56230
-0.56230
-0.56230
-0.56230
-0.56230
-0.56230
-0.56230
-0.56230
-0.56230
-0.56230
-0.56230
-0.56230
-0.56230
-0.56230
-0.56230
-0.56230
-0.56230
-0.56230
-0.56230
-0.56230
-0.56230
-0.56230
-0.56230
-0.56230
-0.56230
-0.56230
-0.56230
-0.56230
-0.56230
-0.56230
-0.56230
-0.56230
-0.56230
-0.56230
-0.56230
-0.56230
-0.56230
-0.56230
-0.56230
-0.56230
-0.56230
-0.56230
-0.56230
-0.56230
-0.56230
-0.56230
-0.56230
-0.56230
-0.56230
-0.56230
-0.56230
-0.56230
-0.56230
-0.56230
-0.56230
-0.56230
-0.56230
-0.56230
-0.56230
-0.56230
-0.56230
-0.56230
-0.56230
-0.56230
-0.56230
-0.56230
-0.56230
-0.56230
-0.56230
-0.56230
-0.56230
-0.56230
-0.56230
-0.56230
-0.56230
-0.56230
-0.56230
-0.56230
-0.56230
-0.56230
-0.56230
-0.56230
-0.56230
-0.56230
-0.56230
-0.56230
-0.56230
-0.56230
-0.56230
-0.56230
-0.56230
-0.56230
-0.56230
-0.56230
-0.56230
-0.56230
-0.56230
-0.56230
-0.56230
-0.56230
-0.56230
-0.56230
-0.56230
-0.56230
-0.56230
-0.56230
-0.56230
-0.56230
-0.56230
-0.56230
-0.56230
-0.56230
-0.56230
-0.56230
-0.56230
-0.56230
-0.56230
-0.56230
-0.56230
-0.56230
-0.56230
-0.56230
-0.56230
-0.56230
-0.56230
-0.56228
-0.56226
-0.56224
-0.56222
-0.56220
-0.56220
-0.56220
-0.56220
-0.56220
-0.56220
-0.56220
-0.56220
-0.56220
-0.56220
-0.56220
