                                       1                                        2                                        3                                        4                                        5                                        6                                        7                                        8                                        9                                       10                                       11                                       12                                       13                                       14                                       15                                       16                                       17                                       18                                       19                                       20                                       21                                       22                                       23                                       24                                       25                                       26                                       27                                       28                                       29                                       30                                       31                                       32                                       33                                       34                                       35                                       36                                       37                                       38                                       39                                       40                                       41                                       42                                       43                                       44                                       45                                       46                                       47                                       48                                       49                                       50                                       51                                       52 
                            model_number                                num_zones                             initial_mass                                initial_z                                 star_age                                time_step                                     Teff                            photosphere_L                            photosphere_r                               center_eta                                center_h1                               center_he3                               center_he4                               center_c12                               center_n14                               center_o16                              center_ne20                                star_mass                                star_mdot                             star_mass_h1                            star_mass_he3                            star_mass_he4                            star_mass_c12                            star_mass_n14                            star_mass_o16                           star_mass_ne20                             he_core_mass                              c_core_mass                              o_core_mass                             si_core_mass                             fe_core_mass                   neutron_rich_core_mass                               tau10_mass                             tau10_radius                              tau100_mass                            tau100_radius                             dynamic_time                             kh_timescale                            nuc_timescale                           power_nuc_burn                             power_h_burn                            power_he_burn                                power_neu                                burn_min1                                burn_min2                             time_seconds                           version_number                                 compiler                                    build                         MESA_SDK_version                             math_backend                                     date 
                                    1255                                     1816                  2.7540000000000000E+000                  2.0000000000000000E-002                  2.2707565212415387E+006                  2.6124805955434257E-003                  8.2816526190172081E+003                  1.6176879094209007E+004                  6.1782647014702974E+001                  1.4057610225707110E+001                  1.0503920911637247E-031                  1.3221923918356801E-029                  5.7205028981523677E-013                  3.0631812839800306E-010                  5.5682088643804967E-025                  9.0931638590837524E-007                  1.0156916403720137E-011                  2.5556856941948238E+000                 -5.3149978468231803E-003                  8.0725980084581861E-023                  3.5499869519033840E-024                  9.5401358922179880E-001                  4.0723319669003076E-002                  4.6522442460120153E-003                  9.9258476506653953E-002                  3.1627512589617275E-002                  2.5556856941948238E+000                  1.5280897864275025E+000                  1.4993085258741607E+000                  1.1572321398427310E+000                  0.0000000000000000E+000                  0.0000000000000000E+000                  2.5556380799169349E+000                  6.1578001124611930E+001                  2.5556264876629213E+000                  6.1536066597556875E+001                  3.0402066338029220E+006                  1.5389855469002916E+002                  1.5798385333235923E+006                  9.9596653299422371E+008                  2.7215454909496997E-008                  1.2120382780988549E+006                  4.2129889239161382E+009                  5.0000000000000000E+001                  1.0000000000000000E+003                  7.1659625994731984E+013                                  "15140"                               "gfortran"                                 "10.2.0"                    "x86_64-linux-21.4.1"                                 "CRMATH"                               "20231215" 

                       1                        2                        3                        4                        5                        6
                    zone                     mass                     logR                     logT                   logRho                 velocity
                       1  2.5556856941948238E+000  1.7908665112696125E+000  3.9181170139706780E+000 -7.7906262384458449E+000  6.5649259584968071E+005
                       2  2.5556856941920683E+000  1.7908665111223636E+000  3.9181170311615170E+000 -7.7906261156412295E+000  6.5649259605687112E+005
                       3  2.5556856941837420E+000  1.7908665106774428E+000  3.9181170692118887E+000 -7.7906258438245386E+000  6.5649259668223083E+005
                       4  2.5556856941675399E+000  1.7908665098116527E+000  3.9181171194802511E+000 -7.7906254847279310E+000  6.5649259789852379E+005
                       5  2.5556856941513377E+000  1.7908665089458626E+000  3.9181172038493992E+000 -7.7906248820304604E+000  6.5649259911481943E+005
                       6  2.5556856941131532E+000  1.7908665069054150E+000  3.9181173633119886E+000 -7.7906237429017411E+000  6.5649260198102624E+005
                       7  2.5556856940485444E+000  1.7908665034529252E+000  3.9181176166913589E+000 -7.7906219328860473E+000  6.5649260683050542E+005
                       8  2.5556856939498194E+000  1.7908664981774167E+000  3.9181179853559547E+000 -7.7906192993569476E+000  6.5649261424062762E+005
                       9  2.5556856938108949E+000  1.7908664907538712E+000  3.9181186187842272E+000 -7.7906147745774019E+000  6.5649262466722354E+005
                      10  2.5556856935414993E+000  1.7908664763585869E+000  3.9181199488274618E+000 -7.7906052739420755E+000  6.5649264488552511E+005
                      11  2.5556856929535314E+000  1.7908664449409213E+000  3.9181220772495062E+000 -7.7905900712868155E+000  6.5649268900872266E+005
                      12  2.5556856921695159E+000  1.7908664030490256E+000  3.9181251768765830E+000 -7.7905679334573934E+000  6.5649274783631740E+005
                      13  2.5556856909555559E+000  1.7908663381874408E+000  3.9181316117745291E+000 -7.7905219813464655E+000  6.5649283890831610E+005
                      14  2.5556856880218186E+000  1.7908661814550739E+000  3.9181415345547381E+000 -7.7904511418962015E+000  6.5649305891503976E+005
                      15  2.5556856845602987E+000  1.7908659965562677E+000  3.9181575065814167E+000 -7.7903371612821166E+000  6.5649331834972347E+005
                      16  2.5556856777288672E+000  1.7908656317470644E+000  3.9181910752313125E+000 -7.7900977888242489E+000  6.5649382987401448E+005
                      17  2.5556856629318805E+000  1.7908648419969309E+000  3.9182413801610112E+000 -7.7897395846256474E+000  6.5649493566498219E+005
                      18  2.5556856453324515E+000  1.7908639034426634E+000  3.9183275633992150E+000 -7.7891271545948362E+000  6.5649624701585597E+005
                      19  2.5556856074585137E+000  1.7908618865012735E+000  3.9184569175088946E+000 -7.7882112986241472E+000  6.5649905484740692E+005
                      20  2.5556855621714241E+000  1.7908594798231545E+000  3.9186490731318884E+000 -7.7868575148289327E+000  6.5650238701134047E+005
                      21  2.5556854840908723E+000  1.7908553432329450E+000  3.9189742667716039E+000 -7.7845850679038202E+000  6.5650806819314323E+005
                      22  2.5556853538882551E+000  1.7908484810325827E+000  3.9195573224722331E+000 -7.7805535881855912E+000  6.5651736509636138E+005
                      23  2.5556851121099884E+000  1.7908358552388339E+000  3.9203878685832163E+000 -7.7749193420761626E+000  6.5653370619961817E+005
                      24  2.5556848280036073E+000  1.7908212088998521E+000  3.9214321494768485E+000 -7.7680870130589419E+000  6.5655195672943525E+005
                      25  2.5556844565113295E+000  1.7908023543657206E+000  3.9228578310729718E+000 -7.7590920078165428E+000  6.5657445229380298E+005
                      26  2.5556839427222133E+000  1.7907768083890840E+000  3.9256699443173684E+000 -7.7422453366260680E+000  6.5660324563796993E+005
                      27  2.5556827347086992E+000  1.7907190137253721E+000  3.9291621518092485E+000 -7.7233935467039814E+000  6.5666234467425919E+005
                      28  2.5556818797483452E+000  1.7906798345223989E+000  3.9324187684450762E+000 -7.7071871523955355E+000  6.5669642456412059E+005
                      29  2.5556808513246723E+000  1.7906344192229104E+000  3.9357033599210065E+000 -7.6921264944125660E+000  6.5673043035821256E+005
                      30  2.5556800279362775E+000  1.7905992878581014E+000  3.9387202763579943E+000 -7.6792219821582250E+000  6.5675357089634426E+005
                      31  2.5556791794272065E+000  1.7905641360489100E+000  3.9429925393808594E+000 -7.6622108959818389E+000  6.5677468108386081E+005
                      32  2.5556776942319646E+000  1.7905049519339202E+000  3.9481675982718905E+000 -7.6434191563629579E+000  6.5680507576986507E+005
                      33  2.5556764141193553E+000  1.7904560821829245E+000  3.9518138468389035E+000 -7.6311387189682840E+000  6.5682558908899315E+005
                      34  2.5556757655920550E+000  1.7904320081309844E+000  3.9559142101641656E+000 -7.6179503874908425E+000  6.5683413493923983E+005
                      35  2.5556742403742128E+000  1.7903770688471252E+000  3.9619781599909296E+000 -7.5995192866154859E+000  6.5684982734222570E+005
                      36  2.5556725377967697E+000  1.7903182661151129E+000  3.9674582968712224E+000 -7.5837288597693826E+000  6.5686259131072683E+005
                      37  2.5556712857542885E+000  1.7902765532480733E+000  3.9719364597253688E+000 -7.5712990977531813E+000  6.5686923921138200E+005
                      38  2.5556700883361088E+000  1.7902377750344072E+000  3.9790741757506249E+000 -7.5524015449983946E+000  6.5687380304342380E+005
                      39  2.5556673155905019E+000  1.7901517664896180E+000  3.9864324120273160E+000 -7.5339395305541172E+000  6.5687762275164423E+005
                      40  2.5556659192867599E+000  1.7901102385130234E+000  3.9918626050371797E+000 -7.5211086774814984E+000  6.5687779328930622E+005
                      41  2.5556642109884087E+000  1.7900608950024453E+000  4.0009280707896941E+000 -7.5013318644311981E+000  6.5687655992433603E+005
                      42  2.5556607381525462E+000  1.7899650009620156E+000  4.0104654154888912E+000 -7.4834980472743329E+000  6.5687009578618151E+005
                      43  2.5556589596577473E+000  1.7899178445532029E+000  4.0166737896845062E+000 -7.4725003959641683E+000  6.5686522655579716E+005
                      44  2.5556572591757178E+000  1.7898738702246997E+000  4.0251599257843962E+000 -7.4583359630293549E+000  6.5685991791965405E+005
                      45  2.5556541580952845E+000  1.7897962172307165E+000  4.0334102206082498E+000 -7.4458394000262142E+000  6.5684943056244194E+005
                      46  2.5556526267264910E+000  1.7897589436772867E+000  4.0415914949690253E+000 -7.4345477156527755E+000  6.5684462074925564E+005
                      47  2.5556495857896189E+000  1.7896867995725558E+000  4.0534409543168000E+000 -7.4214478738948619E+000  6.5683744348736270E+005
                      48  2.5556464016761846E+000  1.7896134664211123E+000  4.0645329562041050E+000 -7.4134333464321465E+000  6.5684567284470343E+005
                      49  2.5556444679041577E+000  1.7895697264817485E+000  4.0716408752243707E+000 -7.4103378265947812E+000  6.5685918325862649E+005
                      50  2.5556435010181442E+000  1.7895480069303173E+000  4.0767774729016182E+000 -7.4089588543886524E+000  6.5687082083064236E+005
                      51  2.5556425341321307E+000  1.7895263529897905E+000  4.0824758885634189E+000 -7.4084348376351299E+000  6.5688757797561947E+005
                      52  2.5556415672461172E+000  1.7895047219273774E+000  4.0889417266517532E+000 -7.4090577986376900E+000  6.5691283280769363E+005
                      53  2.5556406003601038E+000  1.7894830565750504E+000  4.0945946825211283E+000 -7.4106945417571772E+000  6.5695104309885262E+005
                      54  2.5556401169170968E+000  1.7894721817741599E+000  4.0986975040394160E+000 -7.4123229219717963E+000  6.5697638833048218E+005
                      55  2.5556396334740903E+000  1.7894612653002517E+000  4.1063544166432058E+000 -7.4162758677444947E+000  6.5700877783696994E+005
                      56  2.5556384804597694E+000  1.7894349880125437E+000  4.1200661953653555E+000 -7.4267053965327570E+000  6.5712623567716288E+005
                      57  2.5556373274454485E+000  1.7894080670947303E+000  4.1401048877017850E+000 -7.4451094658449799E+000  6.5724873273732641E+005
                      58  2.5556350214168071E+000  1.7893518784458087E+000  4.1551723771589142E+000 -7.4581005973726073E+000  6.5743657063660456E+005
                      59  2.5556333937105600E+000  1.7893109997853123E+000  4.1649139418497221E+000 -7.4662914108111424E+000  6.5754364778458618E+005
                      60  2.5556317660043124E+000  1.7892693309567673E+000  4.1755566181841850E+000 -7.4750079322950436E+000  6.5763611058509036E+005
                      61  2.5556290612362975E+000  1.7891986584797201E+000  4.1859643154135107E+000 -7.4824248804988107E+000  6.5776606286320882E+005
                      62  2.5556263564682826E+000  1.7891267332664946E+000  4.1994221155577804E+000 -7.4917008504735847E+000  6.5787721107326483E+005
                      63  2.5556205708633777E+000  1.7889694365363737E+000  4.2105156772896954E+000 -7.4963791899767180E+000  6.5806557080568501E+005
                      64  2.5556170479824263E+000  1.7888725354739374E+000  4.2208705975835734E+000 -7.5003830568062284E+000  6.5816072737282666E+005
                      65  2.5556105852288424E+000  1.7886929518452466E+000  4.2328693947354399E+000 -7.5024882079279234E+000  6.5830122736369073E+005
                      66  2.5556031248863151E+000  1.7884843609651870E+000  4.2427420769583586E+000 -7.5020978891375973E+000  6.5842266705232335E+005
                      67  2.5555971875208203E+000  1.7883182868201133E+000  4.2513941219943616E+000 -7.5007455581346854E+000  6.5849614911121060E+005
                      68  2.5555902023849444E+000  1.7881232698537572E+000  4.2600773207820994E+000 -7.4982635369108008E+000  6.5856053951339982E+005
                      69  2.5555831240616520E+000  1.7879265113216891E+000  4.2701737935787767E+000 -7.4944689522086421E+000  6.5860654496430035E+005
                      70  2.5555728554414747E+000  1.7876430845129465E+000  4.2812055833631320E+000 -7.4894809686661983E+000  6.5864620899878244E+005
                      71  2.5555633564473497E+000  1.7873834077201070E+000  4.2920676439154368E+000 -7.4843976064516378E+000  6.5866526674903708E+005
                      72  2.5555532652726312E+000  1.7871102502207479E+000  4.3005386220592587E+000 -7.4810008487364197E+000  6.5868722407849983E+005
                      73  2.5555486211910994E+000  1.7869853475796409E+000  4.3069322060456292E+000 -7.4785187485925819E+000  6.5869033791809087E+005
                      74  2.5555424057271710E+000  1.7868189679514979E+000  4.3141793310122010E+000 -7.4762739252217498E+000  6.5869726306804165E+005
                      75  2.5555369584380263E+000  1.7866737468887186E+000  4.3219093823758570E+000 -7.4743932334268059E+000  6.5870945972790918E+005
                      76  2.5555306731043981E+000  1.7865067281577531E+000  4.3318180692953048E+000 -7.4728982557866575E+000  6.5873407632355578E+005
                      77  2.5555231307007706E+000  1.7863067409877411E+000  4.3422240100517593E+000 -7.4727996472050764E+000  6.5878607978057687E+005
                      78  2.5555178976315731E+000  1.7861678549584630E+000  4.3517987055898226E+000 -7.4734596113554597E+000  6.5884479628959391E+005
                      79  2.5555124597622632E+000  1.7860231724047499E+000  4.3599844861253425E+000 -7.4748377685153393E+000  6.5893035368336714E+005
                      80  2.5555097408276080E+000  1.7859505467094823E+000  4.3657162474839106E+000 -7.4759874998328213E+000  6.5898451533653704E+005
                      81  2.5555070313182426E+000  1.7858779445125681E+000  4.3717307259752198E+000 -7.4774158795495964E+000  6.5904643526452035E+005
                      82  2.5555043218088778E+000  1.7858050665265464E+000  4.3780281786517072E+000 -7.4791205002154610E+000  6.5911647174306796E+005
                      83  2.5555016122995120E+000  1.7857318650060041E+000  4.3845881472748802E+000 -7.4810912925765409E+000  6.5919463569345651E+005
                      84  2.5554989027901471E+000  1.7856582932614073E+000  4.3945799131662451E+000 -7.4842987918132016E+000  6.5928061639496463E+005
                      85  2.5554936003094078E+000  1.7855131372336361E+000  4.4084918882952522E+000 -7.4893556180451979E+000  6.5947037235014746E+005
                      86  2.5554882978286679E+000  1.7853661328987687E+000  4.4194622018574368E+000 -7.4936854517547111E+000  6.5968312357073696E+005
                      87  2.5554854906329822E+000  1.7852874659902598E+000  4.4270610266238535E+000 -7.4967567153370185E+000  6.5980197411542991E+005
                      88  2.5554826834372970E+000  1.7852081975614833E+000  4.4354654310666710E+000 -7.5002121314542229E+000  6.5992388084734511E+005
                      89  2.5554792524203478E+000  1.7851104802932420E+000  4.4445906801770727E+000 -7.5040012876834927E+000  6.6007668729470356E+005
                      90  2.5554758214033986E+000  1.7850118398511379E+000  4.4534929916022268E+000 -7.5076839531141593E+000  6.6022620314952894E+005
                      91  2.5554723903864498E+000  1.7849122912964919E+000  4.4620805714399925E+000 -7.5111671452880815E+000  6.6037230089219206E+005
                      92  2.5554689593695006E+000  1.7848118717853139E+000  4.4721068896625473E+000 -7.5150879682198397E+000  6.6050800390001957E+005
                      93  2.5554639687993932E+000  1.7846643561289193E+000  4.4830111494715155E+000 -7.5189364830146497E+000  6.6069602846173802E+005
                      94  2.5554589782292854E+000  1.7845153749605951E+000  4.4916118778969292E+000 -7.5214993943291004E+000  6.6084874644188641E+005
                      95  2.5554552353017046E+000  1.7844028761894402E+000  4.4983481944382913E+000 -7.5231699447358507E+000  6.6093077801402379E+005
                      96  2.5554514923741234E+000  1.7842898558499349E+000  4.5054832845767105E+000 -7.5245040869716293E+000  6.6099187537687609E+005
                      97  2.5554465019665575E+000  1.7841385653009068E+000  4.5126446123928954E+000 -7.5251196642539888E+000  6.6104702672983427E+005
                      98  2.5554415115589912E+000  1.7839869015447904E+000  4.5210618864588108E+000 -7.5249680506676286E+000  6.6107427763781580E+005
                      99  2.5554330929264890E+000  1.7837307792572128E+000  4.5296555872751165E+000 -7.5229053211705512E+000  6.6107874658683478E+005
                     100  2.5554246742939868E+000  1.7834754198476559E+000  4.5408008582587360E+000 -7.5180441179214270E+000  6.6104241930955439E+005
                     101  2.5554065997959801E+000  1.7829317770243833E+000  4.5491522407304634E+000 -7.5097584089963192E+000  6.6064997546539316E+005
                     102  2.5553972515128356E+000  1.7826551311574905E+000  4.5555736847707768E+000 -7.5021642077477511E+000  6.6040137050273467E+005
                     103  2.5553822942598043E+000  1.7822190986311930E+000  4.5625514834359135E+000 -7.4912830056149904E+000  6.5995482182296319E+005
                     104  2.5553654673501445E+000  1.7817391838860279E+000  4.5675740836583003E+000 -7.4814466301361993E+000  6.5940776705076103E+005
                     105  2.5553551844002236E+000  1.7814517140507167E+000  4.5726240204243149E+000 -7.4708223776660629E+000  6.5905939337734145E+005
                     106  2.5553355534902353E+000  1.7809146484157596E+000  4.5782146789815359E+000 -7.4568846588098792E+000  6.5837200667160947E+005
                     107  2.5553168575701002E+000  1.7804175443123529E+000  4.5836589709381759E+000 -7.4418483360389631E+000  6.5770463312128896E+005
                     108  2.5552934653324844E+000  1.7798144487306942E+000  4.5879290483875499E+000 -7.4284911041443573E+000  6.5686249025489052E+005
                     109  2.5552794210549354E+000  1.7794621672410096E+000  4.5911678360698929E+000 -7.4179534115650618E+000  6.5635749493368121E+005
                     110  2.5552630371698424E+000  1.7790600050350023E+000  4.5957990694415134E+000 -7.4022508687443089E+000  6.5577033392713580E+005
                     111  2.5552326106652705E+000  1.7783368664742436E+000  4.6003376663304012E+000 -7.3852044166420283E+000  6.5468939475894545E+005
                     112  2.5552115467360523E+000  1.7778535045992592E+000  4.6032152633077823E+000 -7.3739374779447004E+000  6.5395338372281322E+005
                     113  2.5551975041165740E+000  1.7775386488431160E+000  4.6063291083837345E+000 -7.3616197838913902E+000  6.5346886842580163E+005
                     114  2.5551717593141960E+000  1.7769758519786445E+000  4.6109162342522936E+000 -7.3427012114500618E+000  6.5259329027754487E+005
                     115  2.5551343123289199E+000  1.7761884701270860E+000  4.6147400389883106E+000 -7.3258059344595354E+000  6.5135048802842305E+005
                     116  2.5551137846102336E+000  1.7757715808324304E+000  4.6173154475480453E+000 -7.3143085689407075E+000  6.5068580860008218E+005
                     117  2.5550932568915474E+000  1.7753644261343746E+000  4.6198834010648406E+000 -7.3026332678814798E+000  6.5003260447259457E+005
                     118  2.5550709249468135E+000  1.7749319826228449E+000  4.6230737188710602E+000 -7.2879380941101770E+000  6.4933492787428072E+005
                     119  2.5550374270297120E+000  1.7743025952344529E+000  4.6272592896940239E+000 -7.2681872356332358E+000  6.4831306832526939E+005
                     120  2.5549927631402438E+000  1.7734967371559585E+000  4.6308477531616781E+000 -7.2505549030233345E+000  6.4699518569031626E+005
                     121  2.5549650377480639E+000  1.7730142561091613E+000  4.6337275017619985E+000 -7.2363828274753494E+000  6.4620208371253870E+005
                     122  2.5549319189084376E+000  1.7724544095439276E+000  4.6367096184271146E+000 -7.2214715476756286E+000  6.4527830906026682E+005
                     123  2.5548988010278597E+000  1.7719114100222029E+000  4.6402633038739101E+000 -7.2036330324905515E+000  6.4437920412356721E+005
                     124  2.5548491256455645E+000  1.7711261169336474E+000  4.6435982407894567E+000 -7.1864260260031880E+000  6.4307404710915918E+005
                     125  2.5548160087240350E+000  1.7706206765691688E+000  4.6458395556484220E+000 -7.1748234801675297E+000  6.4223185322367016E+005
                     126  2.5547911710328868E+000  1.7702504716293084E+000  4.6484739550717133E+000 -7.1612772103467499E+000  6.4161414346130216E+005
                     127  2.5547458201835256E+000  1.7695929478242967E+000  4.6527419417102340E+000 -7.1392448536010420E+000  6.4051544910669199E+005
                     128  2.5546716769455675E+000  1.7685651856322975E+000  4.6564414994416703E+000 -7.1195794162388273E+000  6.3879498572523682E+005
                     129  2.5546346053265880E+000  1.7680714663054102E+000  4.6592175847094515E+000 -7.1050332553236704E+000  6.3796781932307978E+005
                     130  2.5545851765012828E+000  1.7674323619204806E+000  4.6622595303920704E+000 -7.0890077879892237E+000  6.3689638742422312E+005
                     131  2.5545357476759767E+000  1.7668137290986137E+000  4.6651827518162063E+000 -7.0736054496313256E+000  6.3585901298789715E+005
                     132  2.5544863188506715E+000  1.7662141341279991E+000  4.6679988591312807E+000 -7.0587827471197020E+000  6.3485383282701776E+005
                     133  2.5544368900253658E+000  1.7656322889262741E+000  4.6712258320689246E+000 -7.0419126382065418E+000  6.3387903209744615E+005
                     134  2.5543689283343114E+000  1.7648591572325918E+000  4.6752045386535643E+000 -7.0211743571093566E+000  6.3258506518147408E+005
                     135  2.5542855304384422E+000  1.7639493900587699E+000  4.6793751188411203E+000 -6.9994982432237238E+000  6.3106483161683299E+005
                     136  2.5542021325425726E+000  1.7630785767067505E+000  4.6832890705703267E+000 -6.9793089716568142E+000  6.2961246163296117E+005
                     137  2.5541216338449582E+000  1.7622715527694084E+000  4.6866587202212981E+000 -6.9620501271093582E+000  6.2826964562773309E+005
                     138  2.5540552043572986E+000  1.7616283095352032E+000  4.6893564013638978E+000 -6.9483605881578914E+000  6.2720220878296648E+005
                     139  2.5540002746835833E+000  1.7611108540697347E+000  4.6920363059968579E+000 -6.9349294751095458E+000  6.2634562669647089E+005
                     140  2.5539316164743733E+000  1.7604812786655029E+000  4.6960846116087858E+000 -6.9149869147312462E+000  6.2530616315251286E+005
                     141  2.5538080316977947E+000  1.7593924623904920E+000  4.7007852036423197E+000 -6.8920076116507119E+000  6.2351579552349821E+005
                     142  2.5536981785630584E+000  1.7584680987932995E+000  4.7041183016726453E+000 -6.8759348749706648E+000  6.2200386909207562E+005
                     143  2.5536363861747691E+000  1.7579645576053866E+000  4.7070774654614915E+000 -6.8619946594476726E+000  6.2118384789446695E+005
                     144  2.5535425648591716E+000  1.7572209706615409E+000  4.7119487595539375E+000 -6.8395761078783472E+000  6.1997786770984379E+005
                     145  2.5533730031235264E+000  1.7559357378043443E+000  4.7177342557147073E+000 -6.8135081381184159E+000  6.1790859888631443E+005
                     146  2.5532166305163648E+000  1.7548101919979451E+000  4.7220785408249251E+000 -6.7944611826007399E+000  6.1611431859932817E+005
                     147  2.5531199838655971E+000  1.7541402514163977E+000  4.7251004337733624E+000 -6.7815604288382909E+000  6.1505500492874684E+005
                     148  2.5530371438792252E+000  1.7535804506722330E+000  4.7295575774458660E+000 -6.7631188751854641E+000  6.1417516256990121E+005
                     149  2.5528507611043314E+000  1.7523658928173147E+000  4.7349021571265784E+000 -6.7415932391076456E+000  6.1228374256260728E+005
                     150  2.5527058127115092E+000  1.7514604087130219E+000  4.7398124708984160E+000 -6.7226042211775976E+000  6.1089115071762155E+005
                     151  2.5525401672720904E+000  1.7504633711421935E+000  4.7449567517188695E+000 -6.7034554580793566E+000  6.0937626052373694E+005
                     152  2.5523745218326721E+000  1.7495028672373809E+000  4.7487617321962690E+000 -6.6897659167937702E+000  6.0793672918288037E+005
                     153  2.5522916991129629E+000  1.7490352156219688E+000  4.7524266460736682E+000 -6.6770252008847821E+000  6.0724345445265889E+005
                     154  2.5521329325339495E+000  1.7481606262162486E+000  4.7569914414399506E+000 -6.6616688435399167E+000  6.0596075140921888E+005
                     155  2.5519879236757461E+000  1.7473851678001211E+000  4.7619268811853388E+000 -6.6457390186302376E+000  6.0483952773408021E+005
                     156  2.5518013939932711E+000  1.7464177900991629E+000  4.7680427269639400E+000 -6.6269203390630196E+000  6.0346315564053459E+005
                     157  2.5515734260404708E+000  1.7452773706331877E+000  4.7732094905985409E+000 -6.6117789952447446E+000  6.0187414568303025E+005
                     158  2.5514490824964895E+000  1.7446730176275818E+000  4.7768361829134918E+000 -6.6015563596111875E+000  6.0104762052991264E+005
                     159  2.5513247389525082E+000  1.7440802783573874E+000  4.7822457759580317E+000 -6.5868924317233475E+000  6.0024779663439561E+005
                     160  2.5510760518645461E+000  1.7429272297754335E+000  4.7906115559067910E+000 -6.5654876027512907E+000  5.9872339189590095E+005
                     161  2.5507444690805960E+000  1.7414504165561955E+000  4.7977518595617168E+000 -6.5483418931381348E+000  5.9683319007997634E+005
                     162  2.5505786879715182E+000  1.7407352415099859E+000  4.8024771558420047E+000 -6.5375070798742430E+000  5.9594294603411749E+005
                     163  2.5504129068624404E+000  1.7400342677192921E+000  4.8095067331073595E+000 -6.5220630995046633E+000  5.9508625753396656E+005
                     164  2.5500813652100791E+000  1.7386717097902655E+000  4.8193235148894411E+000 -6.5016431923411782E+000  5.9346451505203976E+005
                     165  2.5497103599366757E+000  1.7372027018551017E+000  4.8278237272879609E+000 -6.4848541803553053E+000  5.9177556982116401E+005
                     166  2.5494630658754112E+000  1.7362527573237894E+000  4.8345074830577746E+000 -6.4721636326719043E+000  5.9071208835484216E+005
                     167  2.5492157718141470E+000  1.7353241640349308E+000  4.8410755363884403E+000 -6.4600381094665833E+000  5.8969224890937388E+005
                     168  2.5489684777528825E+000  1.7344153896017129E+000  4.8491118931760040E+000 -6.4456201286848929E+000  5.8871104749349155E+005
                     169  2.5485975730636699E+000  1.7330866428155576E+000  4.8569244291462228E+000 -6.4318379007769044E+000  5.8730273989425227E+005
                     170  2.5483503154050897E+000  1.7322219966977186E+000  4.8630237382687369E+000 -6.4212879753985632E+000  5.8639968839034112E+005
                     171  2.5481030577465091E+000  1.7313730922291548E+000  4.8689808929092964E+000 -6.4110984690818738E+000  5.8552199861512578E+005
                     172  2.5478558000879286E+000  1.7305390389935362E+000  4.8776723968711853E+000 -6.3964969559093579E+000  5.8466696348544175E+005
                     173  2.5473612847707674E+000  1.7289123230489516E+000  4.8863427088109130E+000 -6.3818334552192333E+000  5.8301739580312150E+005
                     174  2.5470829752164552E+000  1.7280194750427589E+000  4.8961367958771822E+000 -6.3656708768432795E+000  5.8211891918814578E+005
                     175  2.5464568520421289E+000  1.7260650685842016E+000  4.9052882494874206E+000 -6.3502214750273653E+000  5.8016656875669269E+005
                     176  2.5461902242626024E+000  1.7252541788926075E+000  4.9105880182247263E+000 -6.3413856815019161E+000  5.7935952547506755E+005
                     177  2.5459235964830764E+000  1.7244551898551477E+000  4.9185274927395293E+000 -6.3282542190160456E+000  5.7856564813724207E+005
                     178  2.5453671729021226E+000  1.7228238167979386E+000  4.9262007373238177E+000 -6.3152652970659764E+000  5.7694793083233759E+005
                     179  2.5450889611116461E+000  1.7220254900781535E+000  4.9348572268183934E+000 -6.3008894229735821E+000  5.7615705620281352E+005
                     180  2.5443934316354544E+000  1.7200762586430038E+000  4.9453651703421144E+000 -6.2830124135215986E+000  5.7422814327110874E+005
                     181  2.5438370080545010E+000  1.7185617446072066E+000  4.9542620522854657E+000 -6.2678735771923773E+000  5.7273223068582173E+005
                     182  2.5432805844735475E+000  1.7170839194006042E+000  4.9631331153536786E+000 -6.2527497232836771E+000  5.7127596065676992E+005
                     183  2.5426765037520385E+000  1.7155180556620320E+000  4.9704213761675282E+000 -6.2402138245317147E+000  5.6973788592082437E+005
                     184  2.5422852253096910E+000  1.7145239093813491E+000  4.9792649865399703E+000 -6.2252502132659391E+000  5.6876336903110088E+005
                     185  2.5414276703224510E+000  1.7123960511612184E+000  4.9908287379158205E+000 -6.2054236718470550E+000  5.6667853868175996E+005
                     186  2.5405613271689469E+000  1.7103122234665777E+000  5.0032474500787885E+000 -6.1841955378129292E+000  5.6463748556953610E+005
                     187  2.5394678230384700E+000  1.7077671184488405E+000  5.0127004243565843E+000 -6.1676786042898559E+000  5.6214284475690965E+005
                     188  2.5389760655647118E+000  1.7066512440804433E+000  5.0187850818280877E+000 -6.1571765414377779E+000  5.6104648958342429E+005
                     189  2.5384125741597585E+000  1.7053928674321752E+000  5.0274337031106082E+000 -6.1422977283782831E+000  5.5980790324432659E+005
                     190  2.5374228668499006E+000  1.7032317523640563E+000  5.0365925760498014E+000 -6.1262034183638931E+000  5.5767423711863183E+005
                     191  2.5366811456264302E+000  1.7016507498507822E+000  5.0424351530849627E+000 -6.1158619055794397E+000  5.5610671394679986E+005
                     192  2.5362737360354757E+000  1.7007956096348134E+000  5.0489085208764317E+000 -6.1045410937010116E+000  5.5525642632846627E+005
                     193  2.5353741461521144E+000  1.6989386793760248E+000  5.0579633263237200E+000 -6.0884690322506909E+000  5.5340437136425765E+005
                     194  2.5343640819803595E+000  1.6969022593588763E+000  5.0655903724660689E+000 -6.0747227508779185E+000  5.5136502045870153E+005
                     195  2.5336891200602736E+000  1.6955684036891059E+000  5.0717525681324105E+000 -6.0636422889176709E+000  5.5002529819647246E+005
                     196  2.5329568762120025E+000  1.6941443001645067E+000  5.0783293305542863E+000 -6.0517705510765705E+000  5.4859212731471378E+005
                     197  2.5321377604798436E+000  1.6925781102167570E+000  5.0852189626722275E+000 -6.0392751275740624E+000  5.4701353582213901E+005
                     198  2.5312751473853954E+000  1.6909577954269388E+000  5.0943331820387048E+000 -6.0228238087299859E+000  5.4537882619665796E+005
                     199  2.5298294573773368E+000  1.6883043260871191E+000  5.1054791202376260E+000 -6.0024684074987151E+000  5.4270074241332791E+005
                     200  2.5283024816786073E+000  1.6855798550240173E+000  5.1145521807588992E+000 -5.9857255515338892E+000  5.3995952452027332E+005
                     201  2.5272844978794540E+000  1.6838048442392581E+000  5.1214001713469779E+000 -5.9731596930702455E+000  5.3818266078152030E+005
                     202  2.5263129332867722E+000  1.6821394121039828E+000  5.1278862759382733E+000 -5.9612553397883161E+000  5.3652201835798705E+005
                     203  2.5253413686940913E+000  1.6805004107487189E+000  5.1372985600333800E+000 -5.9441719833668198E+000  5.3489377220977016E+005
                     204  2.5233982395087287E+000  1.6772957288404970E+000  5.1462578510921961E+000 -5.9274755176994773E+000  5.3172683768076065E+005
                     205  2.5224266749160469E+000  1.6757281710061043E+000  5.1520514127218178E+000 -5.9167938718098014E+000  5.3018454075863701E+005
                     206  2.5214551103233656E+000  1.6741821608701704E+000  5.1604878672166601E+000 -5.9013841907849924E+000  5.2866752299704158E+005
                     207  2.5195119811380029E+000  1.6711504106389998E+000  5.1681751204373994E+000 -5.8869530800446865E+000  5.2570367060069111E+005
                     208  2.5186795036678635E+000  1.6698751464141883E+000  5.1726743151358399E+000 -5.8785979147247609E+000  5.2446048876043141E+005
                     209  2.5178470261977242E+000  1.6686131709833205E+000  5.1792683964020192E+000 -5.8664357824893010E+000  5.2323224377325305E+005
                     210  2.5161820712574450E+000  1.6661269651967805E+000  5.1877365657465839E+000 -5.8506099903628588E+000  5.2081807893121406E+005
                     211  2.5145171163171662E+000  1.6636886023228368E+000  5.1958854701754493E+000 -5.8353184844692692E+000  5.1845687975198211E+005
                     212  2.5128521613768875E+000  1.6612949835045909E+000  5.2034144926009684E+000 -5.8211148712633980E+000  5.1614517106140789E+005
                     213  2.5113262935591503E+000  1.6591382711114735E+000  5.2103833530124684E+000 -5.8079408447232952E+000  5.1406767566989461E+005
                     214  2.5098004257414135E+000  1.6570148381800422E+000  5.2171390173873498E+000 -5.7951293149523124E+000  5.1202757253020554E+005
                     215  2.5082745579236767E+000  1.6549228934811855E+000  5.2236962656767902E+000 -5.7826590111429255E+000  5.1002337622716709E+005
                     216  2.5067486901059404E+000  1.6528607870363143E+000  5.2300685786575221E+000 -5.7705107339291066E+000  5.0805378905076894E+005
                     217  2.5052228222882031E+000  1.6508269940200617E+000  5.2393348556142101E+000 -5.7530316635780245E+000  5.0611754166970821E+005
                     218  2.5021710866527296E+000  1.6468378295328194E+000  5.2481925460015937E+000 -5.7358287345063506E+000  5.0233907734408550E+005
                     219  2.5006452188349928E+000  1.6448808845437135E+000  5.2536731467330124E+000 -5.7252921591575028E+000  5.0049508130717801E+005
                     220  2.4992588100061823E+000  1.6431230041562184E+000  5.2613066103471944E+000 -5.7107681766137057E+000  4.9884415565020946E+005
                     221  2.4964859923485618E+000  1.6396610815225456E+000  5.2714971253468921E+000 -5.6911362971393062E+000  4.9560811727502919E+005
                     222  2.4934821065528054E+000  1.6359869871867201E+000  5.2793285451156793E+000 -5.6758207689844316E+000  4.9219462902519229E+005
                     223  2.4918646295858604E+000  1.6340397004045926E+000  5.2860002383917779E+000 -5.6629569807334157E+000  4.9039351049896452E+005
                     224  2.4894384141354422E+000  1.6311563364941839E+000  5.2937604219718990E+000 -5.6478590421167993E+000  4.8773679352767882E+005
                     225  2.4870121986850240E+000  1.6283158844876449E+000  5.3000357089752699E+000 -5.6355456197924028E+000  4.8513098899176478E+005
                     226  2.4853947217180781E+000  1.6264449707363140E+000  5.3049476435828558E+000 -5.6259413720866629E+000  4.8342060297589115E+005
                     227  2.4837772447511330E+000  1.6245912834283138E+000  5.3124906726777779E+000 -5.6113368655639011E+000  4.8173064633371448E+005
                     228  2.4803112226791071E+000  1.6206732102661150E+000  5.3201045626735786E+000 -5.5961925623559923E+000  4.7817426333476574E+005
                     229  2.4784626775740262E+000  1.6186130361452129E+000  5.3278410479590601E+000 -5.5811042386596892E+000  4.7631254280105548E+005
                     230  2.4747655873638652E+000  1.6145483948813839E+000  5.3374694643008063E+000 -5.5619942902923460E+000  4.7265693361737899E+005
                     231  2.4713018113934360E+000  1.6108045581514505E+000  5.3442254781887177E+000 -5.5484207901199536E+000  4.6931024310243764E+005
                     232  2.4695699234082213E+000  1.6089548085922136E+000  5.3486411743016511E+000 -5.5396255551511713E+000  4.6766390482230089E+005
                     233  2.4678380354230067E+000  1.6071189205290624E+000  5.3544197329387142E+000 -5.5281702158866111E+000  4.6603469311863434E+005
                     234  2.4649525537150252E+000  1.6040893394921794E+000  5.3649374975205344E+000 -5.5074456232935622E+000  4.6335668149828038E+005
                     235  2.4591815902990626E+000  1.5981306934903436E+000  5.3750064624046052E+000 -5.4868515642960620E+000  4.5812785148118751E+005
                     236  2.4562961085910815E+000  1.5952006108618175E+000  5.3818417943492332E+000 -5.4730745406742463E+000  4.5557372613307671E+005
                     237  2.4531340919300670E+000  1.5920236790572795E+000  5.3888090516908376E+000 -5.4589666940882697E+000  4.5281722934702103E+005
                     238  2.4499720752690530E+000  1.5888804175103877E+000  5.3956036390213242E+000 -5.4451649053337468E+000  4.5010267279531714E+005
                     239  2.4468100586080390E+000  1.5857689809543238E+000  5.4022351815548326E+000 -5.4316510209959672E+000  4.4742771895539982E+005
                     240  2.4436480419470246E+000  1.5826876641195877E+000  5.4082887765164998E+000 -5.4192502003020513E+000  4.4479021212244255E+005
                     241  2.4409026853083677E+000  1.5800356719284347E+000  5.4165328439904838E+000 -5.4025651347028338E+000  4.4252917694406520E+005
                     242  2.4354119720310545E+000  1.5747906782525791E+000  5.4245193970334888E+000 -5.3858851054930401E+000  4.3808242258536856E+005
                     243  2.4326666153923977E+000  1.5721976338774053E+000  5.4299272063586184E+000 -5.3747191217661747E+000  4.3589586949270632E+005
                     244  2.4297142471803777E+000  1.5694290521873133E+000  5.4374721365607446E+000 -5.3592350057182205E+000  4.3357020382264844E+005
                     245  2.4245476028093425E+000  1.5646300675766429E+000  5.4441527109710268E+000 -5.3451432719193965E+000  4.2956124730641517E+005
                     246  2.4223333266503277E+000  1.5625913659737634E+000  5.4500552016357640E+000 -5.3329506872000225E+000  4.2786657985618658E+005
                     247  2.4179047743322974E+000  1.5585427036478949E+000  5.4564708579839936E+000 -5.3194359596172447E+000  4.2451660667854664E+005
                     248  2.4149547098360253E+000  1.5558668565393823E+000  5.4640079944883428E+000 -5.3038154030456663E+000  4.2231347647542658E+005
                     249  2.4090545808434811E+000  1.5505601330792156E+000  5.4713531992633868E+000 -5.2881415697038383E+000  4.1797050199605565E+005
                     250  2.4061045163472090E+000  1.5479295811360636E+000  5.4770579163989437E+000 -5.2761447663881045E+000  4.1583002687678247E+005
                     251  2.4020490746684016E+000  1.5443354947908314E+000  5.4835373029422003E+000 -5.2624146064202302E+000  4.1291913772149978E+005
                     252  2.3979936329895932E+000  1.5407660239830447E+000  5.4898916238895508E+000 -5.2489102887949439E+000  4.1004374428344000E+005
                     253  2.3939381913107853E+000  1.5372197418103848E+000  5.5000465769494582E+000 -5.2276868065590278E+000  4.0720260962396907E+005
                     254  2.3847257182668673E+000  1.5292372803130958E+000  5.5106986977911436E+000 -5.2044967746520197E+000  4.0086726676883892E+005
                     255  2.3795686869017576E+000  1.5248153172069987E+000  5.5181608012111232E+000 -5.1884671411838870E+000  3.9739439621558128E+005
                     256  2.3744116555366479E+000  1.5204218350597933E+000  5.5254762112628173E+000 -5.1727192731940095E+000  3.9397100945905526E+005
                     257  2.3692546241715386E+000  1.5160546438524407E+000  5.5323989159596048E+000 -5.1577696020380586E+000  3.9059550831818284E+005
                     258  2.3644676024080877E+000  1.5120226545925504E+000  5.5389506977816803E+000 -5.1436176016026298E+000  3.8750351957505645E+005
                     259  2.3596805806446377E+000  1.5080099748095879E+000  5.5453969454361633E+000 -5.1296716169462835E+000  3.8444949513460073E+005
                     260  2.3548935588811877E+000  1.5040151298437572E+000  5.5517428296785409E+000 -5.1159206589217208E+000  3.8143170596097881E+005
                     261  2.3501065371177372E+000  1.5000367251437301E+000  5.5572742283456593E+000 -5.1038696099989060E+000  3.7844836906319350E+005
                     262  2.3464276190556741E+000  1.4969898391079399E+000  5.5643783168332774E+000 -5.0886178973314680E+000  3.7617794574502466E+005
                     263  2.3390697829315470E+000  1.4909184496231567E+000  5.5713653797880820E+000 -5.0731933030027276E+000  3.7169080243890057E+005
                     264  2.3353908648694839E+000  1.4878950213762698E+000  5.5764182585118860E+000 -5.0621867474206397E+000  3.6947338927207934E+005
                     265  2.3309769346344384E+000  1.4842762736375916E+000  5.5854552022377204E+000 -5.0427812302226469E+000  3.6683433046293200E+005
                     266  2.3206817580541830E+000  1.4758631129845883E+000  5.5951922160328182E+000 -5.0210481003764533E+000  3.6076193066389963E+005
                     267  2.3148005117089738E+000  1.4710779083450820E+000  5.6021448381517391E+000 -5.0057149284412459E+000  3.5734526254661015E+005
                     268  2.3089216037267284E+000  1.4663055719078002E+000  5.6089976507314772E+000 -4.9905628391210994E+000  3.5396520496732998E+005
                     269  2.3030426957444834E+000  1.4615425555913970E+000  5.6157579086036797E+000 -4.9755790472740298E+000  3.5061924948007072E+005
                     270  2.2971637877622380E+000  1.4567872790271228E+000  5.6224311001361356E+000 -4.9607545370850499E+000  3.4730632548531465E+005
                     271  2.2912848797799925E+000  1.4520382171430699E+000  5.6290190708623502E+000 -4.9460879128407296E+000  3.4402544793637237E+005
                     272  2.2854118889280564E+000  1.4472986698845141E+000  5.6355267220182146E+000 -4.9315715490262404E+000  3.4077895263950905E+005
                     273  2.2795388980761206E+000  1.4425624243322936E+000  5.6419599184783742E+000 -4.9171942964745297E+000  3.3756260716316843E+005
                     274  2.2736694745939432E+000  1.4378309698329133E+000  5.6483228913607917E+000 -4.9029490747072275E+000  3.3437742786659749E+005
                     275  2.2678000511117657E+000  1.4331000785329140E+000  5.6543272675776759E+000 -4.8894625025461060E+000  3.3122057424370898E+005
                     276  2.2624829104663311E+000  1.4288139209285586E+000  5.6627839390938277E+000 -4.8707633679224855E+000  3.2838464008817659E+005
                     277  2.2518486291754618E+000  1.4202305976783343E+000  5.6711573572970932E+000 -4.8516055974393328E+000  3.2277566699496034E+005
                     278  2.2465314885300276E+000  1.4159369053615780E+000  5.6765830918370552E+000 -4.8393689385770742E+000  3.2000401388576295E+005
                     279  2.2414011474495426E+000  1.4117899981178803E+000  5.6818738591862870E+000 -4.8274296956069174E+000  3.1734891092827858E+005
                     280  2.2362708063690575E+000  1.4076382303196699E+000  5.6884304303519855E+000 -4.8127247859734776E+000  3.1471201698847662E+005
                     281  2.2285803107194031E+000  1.4014023317206397E+000  5.6962330379516422E+000 -4.7950602755034817E+000  3.1079139814011403E+005
                     282  2.2208898150697483E+000  1.3951511078453303E+000  5.7023186998911166E+000 -4.7811287349165257E+000  3.0690789853712852E+005
                     283  2.2164987008083719E+000  1.3915749415676013E+000  5.7092544828700325E+000 -4.7656120884932145E+000  3.0470651548119623E+005
                     284  2.2069852424393455E+000  1.3838008622247038E+000  5.7165210298514957E+000 -4.7488579794443382E+000  2.9997215209335578E+005
                     285  2.2018628983316959E+000  1.3796030795675889E+000  5.7215685531592797E+000 -4.7373506636863310E+000  2.9744275095945381E+005
                     286  2.1967405542240463E+000  1.3753946321928556E+000  5.7265908836127419E+000 -4.7258802977442844E+000  2.9492564857229189E+005
                     287  2.1916182101163968E+000  1.3711748129122721E+000  5.7322958396909875E+000 -4.7128789739502572E+000  2.9242006163684052E+005
                     288  2.1850374592502524E+000  1.3657350697279853E+000  5.7386789139279442E+000 -4.6982314900704658E+000  2.8921661309802398E+005
                     289  2.1784567083841080E+000  1.3602739460529318E+000  5.7471139213750551E+000 -4.6790543060891530E+000  2.8602953067798953E+005
                     290  2.1675039310932842E+000  1.3511282362796837E+000  5.7549924241116814E+000 -4.6605436205064592E+000  2.8075612556438131E+005
                     291  2.1620275424478721E+000  1.3465326312922952E+000  5.7602082906328693E+000 -4.6484532000792163E+000  2.7813496395543561E+005
                     292  2.1565511538024604E+000  1.3419187506572920E+000  5.7662628155528726E+000 -4.6344554097427482E+000  2.7552290447118133E+005
                     293  2.1492540755479315E+000  1.3357400435875177E+000  5.7731565626004766E+000 -4.6183821279832449E+000  2.7205570376826538E+005
                     294  2.1419569972934034E+000  1.3295254330599886E+000  5.7807012412390444E+000 -4.6008103590717990E+000  2.6860407131550537E+005
                     295  2.1332074586850309E+000  1.3220223531786290E+000  5.7868677580167374E+000 -4.5861655548917764E+000  2.6448564621019433E+005
                     296  2.1288326893808449E+000  1.3182508632529544E+000  5.7909625737157739E+000 -4.5765501811312586E+000  2.6243594971564889E+005
                     297  2.1244579200766585E+000  1.3144643941357852E+000  5.7969101074214979E+000 -4.5627224467365624E+000  2.6039217160125897E+005
                     298  2.1160798209169758E+000  1.3071666309250618E+000  5.8047263127568609E+000 -4.5442998863756330E+000  2.5649367718388987E+005
                     299  2.1077017217572935E+000  1.2998087994000207E+000  5.8107629955381128E+000 -4.5298963853724858E+000  2.5261810457997111E+005
                     300  2.1031505442128671E+000  1.2957869395219404E+000  5.8150029338638003E+000 -4.5198853510557777E+000  2.5052328984413517E+005
                     301  2.0985993666684410E+000  1.2917457394067744E+000  5.8213469108135785E+000 -4.5050881266120255E+000  2.4843537819212582E+005
                     302  2.0894970115795894E+000  1.2835990384439979E+000  5.8299051410589504E+000 -4.4848463334199415E+000  2.4427850210495226E+005
                     303  2.0802321619301232E+000  1.2752196882435867E+000  5.8385505508258877E+000 -4.4643713000106953E+000  2.4007508292906979E+005
                     304  2.0709673122806556E+000  1.2667471852216168E+000  5.8457809411549730E+000 -4.4470823109310862E+000  2.3589819554339201E+005
                     305  2.0647907458476769E+000  1.2610465250879284E+000  5.8513082365858180E+000 -4.4339579809446708E+000  2.3312814071235366E+005
                     306  2.0591659568234384E+000  1.2558158054167827E+000  5.8565843730610929E+000 -4.4214422624440708E+000  2.3061461814484032E+005
                     307  2.0535411677991999E+000  1.2505459804647456E+000  5.8644892622122295E+000 -4.4029777737994404E+000  2.2810908852162032E+005
                     308  2.0422915897507234E+000  1.2398751468659150E+000  5.8734105246765527E+000 -4.3815140765222056E+000  2.2311716590250746E+005
                     309  2.0346747459357548E+000  1.2325568636146791E+000  5.8788323125118422E+000 -4.3684511111515905E+000  2.1975336842797909E+005
                     310  2.0308663240282701E+000  1.2288682678077660E+000  5.8824460334428581E+000 -4.3598388480673815E+000  2.1807596321690833E+005
                     311  2.0270579021207848E+000  1.2251585044379252E+000  5.8887163526414490E+000 -4.3451311524289551E+000  2.1640107720843347E+005
                     312  2.0176352119104366E+000  1.2158797717994585E+000  5.8977224892419349E+000 -4.3235881319750407E+000  2.1226525250493456E+005
                     313  2.0082125217000888E+000  1.2064611039395881E+000  5.9049097113190268E+000 -4.3061559784679524E+000  2.0814304908743719E+005
                     314  2.0027198932415748E+000  1.2009062469927165E+000  5.9102123601720313E+000 -4.2934398950341279E+000  2.0574716197497453E+005
                     315  1.9972272647830613E+000  1.1952996613434965E+000  5.9155373151277821E+000 -4.2806563778701818E+000  2.0335552422545478E+005
                     316  1.9917346363245478E+000  1.1896396896320556E+000  5.9208862704766521E+000 -4.2678021073967765E+000  2.0096809700907208E+005
                     317  1.9862420078660341E+000  1.1839246134928116E+000  5.9265558635449773E+000 -4.2541903133651964E+000  1.9858487992534047E+005
                     318  1.9801427373812432E+000  1.1775111384319168E+000  5.9325583463090448E+000 -4.2397370409645347E+000  1.9594320763439668E+005
                     319  1.9740434668964526E+000  1.1710249612736938E+000  5.9391935695088023E+000 -4.2238078126606551E+000  1.9330666161609397E+005
                     320  1.9667309123591077E+000  1.1631476355413957E+000  5.9446780888340323E+000 -4.2104193795912748E+000  1.9015187356629246E+005
                     321  1.9630746350904353E+000  1.1591685349110648E+000  5.9483417927906110E+000 -4.2015806957031563E+000  1.8857770171237987E+005
                     322  1.9594183578217630E+000  1.1551605444805870E+000  5.9540478968343100E+000 -4.1879901094996965E+000  1.8700528286242156E+005
                     323  1.9517071525854599E+000  1.1466056585603739E+000  5.9618808741290117E+000 -4.1690584201769605E+000  1.8369324227566246E+005
                     324  1.9439959473491570E+000  1.1379130169771026E+000  5.9680455992710497E+000 -4.1539754619845235E+000  1.8038823173997673E+005
                     325  1.9397145961617983E+000  1.1330271710374871E+000  5.9724638564125598E+000 -4.1432890694697946E+000  1.7855672466543072E+005
                     326  1.9354332449744398E+000  1.1280956713768107E+000  5.9791098018263984E+000 -4.1274385602541779E+000  1.7672707779545244E+005
                     327  1.9268784977648203E+000  1.1180936035093580E+000  5.9858718903227510E+000 -4.1108039446239291E+000  1.7307442660966981E+005
                     328  1.9226011241600105E+000  1.1130225399056792E+000  5.9903976727114623E+000 -4.0998352817202193E+000  1.7125123628231036E+005
                     329  1.9183237505552011E+000  1.1079007803860905E+000  5.9961180533161489E+000 -4.0860706414695738E+000  1.6942934289896212E+005
                     330  1.9118459057822270E+000  1.1000421324771161E+000  6.0030909137840407E+000 -4.0691404258183050E+000  1.6667174089043424E+005
                     331  1.9053680610092534E+000  1.0920589008328125E+000  6.0091172306944083E+000 -4.0543942413526288E+000  1.6391635871670957E+005
                     332  1.9007841421755649E+000  1.0863331946611072E+000  6.0141460705220657E+000 -4.0421682366161775E+000  1.6196807835423225E+005
                     333  1.8962002233418764E+000  1.0805405088363249E+000  6.0203994877037603E+000 -4.0270750374786912E+000  1.6002053481787429E+005
                     334  1.8894621503530205E+000  1.0718967078612816E+000  6.0279474350498408E+000 -4.0086847649554826E+000  1.5715806022640425E+005
                     335  1.8827240773641649E+000  1.0630968089148545E+000  6.0372546604760826E+000 -3.9862355455613643E+000  1.5429641045545097E+005
                     336  1.8730303836659123E+000  1.0501387212604265E+000  6.0477031871432212E+000 -3.9605520474796125E+000  1.5017766860705431E+005
                     337  1.8646926541879172E+000  1.0387091594471851E+000  6.0556464051898855E+000 -3.9408567865817745E+000  1.4663541726905105E+005
                     338  1.8595861559426736E+000  1.0315753144685968E+000  6.0617371498563912E+000 -3.9259450472037063E+000  1.4446630028596957E+005
                     339  1.8544796576974303E+000  1.0243313335115882E+000  6.0679006793286465E+000 -3.9108399604752062E+000  1.4229623139889122E+005
                     340  1.8493731594521872E+000  1.0169730908139927E+000  6.0740300579144701E+000 -3.8957913856009747E+000  1.4012492664885384E+005
                     341  1.8444481117712306E+000  1.0097642524761721E+000  6.0801214223227964E+000 -3.8808323669884079E+000  1.3802938424789594E+005
                     342  1.8395230640902738E+000  1.0024410179668850E+000  6.0860638207666806E+000 -3.8662002368052319E+000  1.3593215373460585E+005
                     343  1.8349609175378869E+000  9.9555206508120098E-001  6.0918459369082125E+000 -3.8519712706670726E+000  1.3398781031445239E+005
                     344  1.8303987709854990E+000  9.8855770553482802E-001  6.0976992853997567E+000 -3.8375513652163744E+000  1.3204156627092330E+005
                     345  1.8258366244331119E+000  9.8145418669021389E-001  6.1036267242421847E+000 -3.8229325627076474E+000  1.3009320378120391E+005
                     346  1.8212744778807239E+000  9.7423757168833602E-001  6.1111405267603800E+000 -3.8045761277310342E+000  1.2814250128506070E+005
                     347  1.8143987968920929E+000  9.6313188234720359E-001  6.1203742051530323E+000 -3.7817202053007057E+000  1.2519635685427726E+005
                     348  1.8075231159034615E+000  9.5174450457030968E-001  6.1278601384569615E+000 -3.7628981507631436E+000  1.2224358288504386E+005
                     349  1.8035068918000854E+000  9.4496134660081488E-001  6.1334385520586228E+000 -3.7490593843622810E+000  1.2051641420830842E+005
                     350  1.7994906676967084E+000  9.3807325684180054E-001  6.1403942326130814E+000 -3.7319446626885968E+000  1.1878656846242072E+005
                     351  1.7936053520074455E+000  9.2777743034013405E-001  6.1467436103145268E+000 -3.7159002272203412E+000  1.1624561074903789E+005
                     352  1.7906626941628130E+000  9.2254201050351081E-001  6.1510089871967297E+000 -3.7052813551766719E+000  1.1497341763369426E+005
                     353  1.7877200363181807E+000  9.1724375890523446E-001  6.1564853468078606E+000 -3.6917509451607753E+000  1.1369956940676869E+005
                     354  1.7831734619967097E+000  9.0892740181442122E-001  6.1632525971562044E+000 -3.6748605068294529E+000  1.1172757685002980E+005
                     355  1.7786268876752389E+000  9.0045063873461784E-001  6.1700649112256389E+000 -3.6578274802830903E+000  1.0975156289121724E+005
                     356  1.7741726044304611E+000  8.9198410488870805E-001  6.1769219113355645E+000 -3.6406714396141377E+000  1.0781175596661492E+005
                     357  1.7697183211856842E+000  8.8335039389065229E-001  6.1843088679143507E+000 -3.6222237654393541E+000  1.0586802414649494E+005
                     358  1.7647370032457284E+000  8.7348662613873351E-001  6.1922709549497608E+000 -3.6022527120184633E+000  1.0368937805265823E+005
                     359  1.7597556853057728E+000  8.6339404221296823E-001  6.1992486346272822E+000 -3.5845815615988168E+000  1.0150576314545289E+005
                     360  1.7561976010629479E+000  8.5604194080598928E-001  6.2051450729305522E+000 -3.5697692860878205E+000  9.9943407421393626E+004
                     361  1.7526395168201234E+000  8.4856292831127411E-001  6.2141286486758114E+000 -3.5476784071250878E+000  9.8378299872882242E+004
                     362  1.7454866081880898E+000  8.3310064404902873E-001  6.2231923722155846E+000 -3.5242353649509210E+000  9.5219412652637853E+004
                     363  1.7422567772597599E+000  8.2594553886989597E-001  6.2288951595281459E+000 -3.5098609177096800E+000  9.3790758062637629E+004
                     364  1.7390269463314298E+000  8.1866964134185660E-001  6.2346868813683649E+000 -3.4952488945799227E+000  9.2359339362850922E+004
                     365  1.7357971154031007E+000  8.1126867792773238E-001  6.2405708089671563E+000 -3.4803898669069069E+000  9.0925010593929372E+004
                     366  1.7325672844747710E+000  8.0373816116340624E-001  6.2470222648966214E+000 -3.4641389993112668E+000  8.9487617726009106E+004
                     367  1.7288238458236460E+000  7.9484024949982290E-001  6.2558344688189429E+000 -3.4421226905118210E+000  8.7817392610558745E+004
                     368  1.7232086878469588E+000  7.8112549629560768E-001  6.2649490398070986E+000 -3.4186625155968806E+000  8.5301706548811242E+004
                     369  1.7194652491958335E+000  7.7174187441250741E-001  6.2723750404870273E+000 -3.3997982532063618E+000  8.3619721886286003E+004
                     370  1.7157218105447090E+000  7.6214857079458953E-001  6.2790172314017791E+000 -3.3827785932115804E+000  8.1932666187519586E+004
                     371  1.7129142315563661E+000  7.5481296201183778E-001  6.2847963221438770E+000 -3.3680668591094935E+000  8.0664411920295883E+004
                     372  1.7101066525680237E+000  7.4734983377878572E-001  6.2935784986295138E+000 -3.3461837661804417E+000  7.9393283271008753E+004
                     373  1.7044914945913363E+000  7.3199894715039659E-001  6.3029808601960298E+000 -3.3216251630669005E+000  7.6839218318527375E+004
                     374  1.7014476038655966E+000  7.2345568770709945E-001  6.3114934181634199E+000 -3.3001697227420448E+000  7.5451862505066558E+004
                     375  1.6967589182648841E+000  7.0994176851792135E-001  6.3208378659867686E+000 -3.2759847732833358E+000  7.3307058610367181E+004
                     376  1.6932424040643494E+000  6.9952786853822824E-001  6.3290248252631462E+000 -3.2550055392153818E+000  7.1694476186997897E+004
                     377  1.6897258898638152E+000  6.8885554969443652E-001  6.3384482268625755E+000 -3.2310284279572459E+000  7.0077605608664948E+004
                     378  1.6853302471131448E+000  6.7512355268303770E-001  6.3466600934076931E+000 -3.2094873327081497E+000  6.8049345848029174E+004
                     379  1.6830701893209210E+000  6.6789846495537253E-001  6.3544360028455129E+000 -3.1898480624883887E+000  6.7004802421393440E+004
                     380  1.6790959716109213E+000  6.5487873725321510E-001  6.3626442280003133E+000 -3.1683719462116953E+000  6.5161794310427700E+004
                     381  1.6767114409849220E+000  6.4688237766323553E-001  6.3688983677928599E+000 -3.1522724611051713E+000  6.4053951281853348E+004
                     382  1.6743269103589218E+000  6.3873522224276724E-001  6.3769913626956543E+000 -3.1317074564419869E+000  6.2943850555467659E+004
                     383  1.6706411100313787E+000  6.2582078160791654E-001  6.3857313126668966E+000 -3.1088847609570607E+000  6.1222223221677028E+004
                     384  1.6679840684340201E+000  6.1627355444723952E-001  6.3953985187509215E+000 -3.0843537300145170E+000  5.9978446798679404E+004
                     385  1.6637472812595957E+000  6.0058036505928758E-001  6.4068920242612188E+000 -3.0543713458477222E+000  5.7986923841445750E+004
                     386  1.6601036442895922E+000  5.8662488549095160E-001  6.4175173090214024E+000 -3.0267437989135559E+000  5.6269007240192142E+004
                     387  1.6566859693022229E+000  5.7311924374985701E-001  6.4265157671888087E+000 -3.0030752090218971E+000  5.4652754071659721E+004
                     388  1.6543133684845461E+000  5.6350081198280100E-001  6.4342169696332796E+000 -2.9831089169952660E+000  5.3528606783424286E+004
                     389  1.6518277866755506E+000  5.5319171137913792E-001  6.4424677586882400E+000 -2.9616935373637259E+000  5.2348218191676795E+004
                     390  1.6492292238752366E+000  5.4214770457086647E-001  6.4531615677226348E+000 -2.9343250173969495E+000  5.1111197346248060E+004
                     391  1.6453878701704256E+000  5.2527256407117129E-001  6.4637479450534592E+000 -2.9060615692616554E+000  4.9274991442803963E+004
                     392  1.6431282503440654E+000  5.1505542813782690E-001  6.4724531180567348E+000 -2.8834823326422891E+000  4.8193565740042577E+004
                     393  1.6404667478821733E+000  5.0270591437353285E-001  6.4820999612953178E+000 -2.8582616962453899E+000  4.6916570863802415E+004
                     394  1.6378302660851485E+000  4.9012483105863686E-001  6.4911642507483611E+000 -2.8343816120431740E+000  4.5648658008143953E+004
                     395  1.6356331979209617E+000  4.7936758887419917E-001  6.4995999361274128E+000 -2.8122962400837768E+000  4.4590290704215411E+004
                     396  1.6334361297567761E+000  4.6834508644569067E-001  6.5091041565638852E+000 -2.7875658306805287E+000  4.3529954227468566E+004
                     397  1.6307996479597509E+000  4.5474275204642012E-001  6.5189251017046805E+000 -2.7615845541802955E+000  4.2254422182914430E+004
                     398  1.6286025797955639E+000  4.4309146517714570E-001  6.5267206306903001E+000 -2.7408655242757924E+000  4.1189942499331752E+004
                     399  1.6270646320806337E+000  4.3475875730159630E-001  6.5332517922183770E+000 -2.7237061648243102E+000  4.0444177062190742E+004
                     400  1.6255266843657035E+000  4.2626974611784196E-001  6.5422616556083302E+000 -2.7004907244411687E+000  3.9697545958862705E+004
                     401  1.6228902025686764E+000  4.1131570400906597E-001  6.5521189263913406E+000 -2.6740613777538282E+000  3.8414077883057907E+004
                     402  1.6211325480373282E+000  4.0107981666034453E-001  6.5601694317690198E+000 -2.6528402658443913E+000  3.7558083793970858E+004
                     403  1.6193748935059782E+000  3.9060950789698745E-001  6.5704464048169866E+000 -2.6261986239510211E+000  3.6701100413411899E+004
                     404  1.6167384117089545E+000  3.7441867677864915E-001  6.5822091006966694E+000 -2.5947844255579291E+000  3.5412280328738969E+004
                     405  1.6145413435447660E+000  3.6048993531081758E-001  6.5909309591342433E+000 -2.5712277862735204E+000  3.4337608833901220E+004
                     406  1.6132687632112377E+000  3.5223759275244371E-001  6.5974295634026481E+000 -2.5540346377091363E+000  3.3715345090893716E+004
                     407  1.6119961828777098E+000  3.4383597551295175E-001  6.6061952950190532E+000 -2.5312624814125155E+000  3.3092718604710688E+004
                     408  1.6098904358434929E+000  3.2957355969263463E-001  6.6175002144672881E+000 -2.5012525916070794E+000  3.2060555291689379E+004
                     409  1.6077846888092737E+000  3.1486291937051458E-001  6.6262874164474228E+000 -2.4772945221942835E+000  3.1027649475035294E+004
                     410  1.6067318152921655E+000  3.0734452508628529E-001  6.6322228247494337E+000 -2.4615372000038231E+000  3.0511786301454878E+004
                     411  1.6056789417750570E+000  2.9970433691658305E-001  6.6392558931012422E+000 -2.4430206776036241E+000  2.9995807544673116E+004
                     412  1.6042751104189097E+000  2.8931648970684387E-001  6.6502808989567042E+000 -2.4144170556109823E+000  2.9307397620393946E+004
                     413  1.6019061450054144E+000  2.7121519179218423E-001  6.6620901175839249E+000 -2.3821346294550496E+000  2.8143247331558232E+004
                     414  1.6004145741895097E+000  2.5948166140748929E-001  6.6722349030934831E+000 -2.3552758854954612E+000  2.7411752571908492E+004
                     415  1.5986597849943260E+000  2.4529169731130632E-001  6.6807517790343844E+000 -2.3319398068237751E+000  2.6550896087768910E+004
                     416  1.5977823903967345E+000  2.3804912936572051E-001  6.6864998587971263E+000 -2.3166006015078797E+000  2.6121257141214064E+004
                     417  1.5969049957991428E+000  2.3069646339955074E-001  6.6952293655507278E+000 -2.2939018246109502E+000  2.5691732161701140E+004
                     418  1.5951502066039622E+000  2.1562107187120930E-001  6.7084773830802682E+000 -2.2587963113659937E+000  2.4831696410628654E+004
                     419  1.5930444595697382E+000  1.9687227728729439E-001  6.7198227890141426E+000 -2.2272816089750864E+000  2.3799616526064739E+004
                     420  1.5919915860526286E+000  1.8725158217972321E-001  6.7275010219713325E+000 -2.2067063773422841E+000  2.3285582313045132E+004
                     421  1.5909406943039073E+000  1.7745823456633650E-001  6.7353280106288933E+000 -2.1857179101918391E+000  2.2772955738206114E+004
                     422  1.5898907934393811E+000  1.6747682350968968E-001  6.7472562041860602E+000 -2.1548604420578941E+000  2.2261308691437036E+004
                     423  1.5877909917103299E+000  1.4682123101130340E-001  6.7598290335878017E+000 -2.1196426764315275E+000  2.1236440675626549E+004
                     424  1.5867410908458044E+000  1.3620504316553525E-001  6.7669468988948269E+000 -2.1002454812861400E+000  2.0726855624218842E+004
                     425  1.5860411569361210E+000  1.2900632679294372E-001  6.7755734290255107E+000 -2.0776692951328521E+000  2.0387792631003773E+004
                     426  1.5846412891167536E+000  1.1426716205622872E-001  6.7874693877643040E+000 -2.0455871430094614E+000  1.9709619316615393E+004
                     427  1.5832414212973871E+000  9.9087666557298532E-002  6.7982264981328626E+000 -2.0161281153222914E+000  1.9033117622648835E+004
                     428  1.5821915204328616E+000  8.7413627411145764E-002  6.8070691409716035E+000 -1.9921314754341308E+000  1.8527553280023130E+004
                     429  1.5812728571764010E+000  7.6980438162144241E-002  6.8154931232396931E+000 -1.9693896089086493E+000  1.8086288511759980E+004
                     430  1.5803541939199401E+000  6.6331800811333802E-002  6.8263264463580411E+000 -1.9407380067135671E+000  1.7645970932698001E+004
                     431  1.5789543261005712E+000  4.9642527999647482E-002  6.8367497723104718E+000 -1.9116369562029487E+000  1.6975815766796564E+004
                     432  1.5782106463215311E+000  4.0576053835334996E-002  6.8440876886389583E+000 -1.8917892424886207E+000  1.6621705027037420E+004
                     433  1.5774669665424912E+000  3.1349758669346348E-002  6.8515617500827055E+000 -1.8715610308804138E+000  1.6268378567928185E+004
                     434  1.5767232867634517E+000  2.1958522139147525E-002  6.8583988244752536E+000 -1.8529052922375160E+000  1.5915879741668399E+004
                     435  1.5761327175271560E+000  1.4382712523770755E-002  6.8645371985103951E+000 -1.8362808845274512E+000  1.5636683685360780E+004
                     436  1.5755421482908600E+000  6.6967938313590020E-003  6.8731688725022062E+000 -1.8134354482287343E+000  1.5358060534176620E+004
                     437  1.5744922474263350E+000 -7.2697552563875424E-003  6.8845569257899095E+000 -1.7824972012748321E+000  1.4863450008825717E+004
                     438  1.5734423465618095E+000 -2.1611574556828692E-002  6.8933710825860040E+000 -1.7578444585289204E+000  1.4370884646160477E+004
                     439  1.5729173961295473E+000 -2.8914901840527227E-002  6.8993111823566213E+000 -1.7417168592393693E+000  1.4125895024877229E+004
                     440  1.5723924456972846E+000 -3.6318665113944208E-002  6.9093082426472998E+000 -1.7156113945197284E+000  1.3881472127456167E+004
                     441  1.5711675613553386E+000 -5.4052647460358483E-002  6.9218110448969501E+000 -1.6808102954253290E+000  1.3311719149046565E+004
                     442  1.5702926439682343E+000 -6.7057670875734388E-002  6.9299835258911537E+000 -1.6579866971879615E+000  1.2907704644275291E+004
                     443  1.5698295620169007E+000 -7.4057531544725178E-002  6.9357000581272894E+000 -1.6424272982874919E+000  1.2694964597749908E+004
                     444  1.5693664800655671E+000 -8.1147823617235174E-002  6.9433026333507346E+000 -1.6220983694766584E+000  1.2482769852573263E+004
                     445  1.5686117822311252E+000 -9.2914668004325005E-002  6.9529588203006085E+000 -1.5957558293845615E+000  1.2137786853847823E+004
                     446  1.5678570843966839E+000 -1.0493720985543398E-001  6.9632597591732601E+000 -1.5677520264079923E+000  1.1794381803711854E+004
                     447  1.5670370006721182E+000 -1.1830738560025801E-001  6.9729535188757419E+000 -1.5409056718996856E+000  1.1422980662632825E+004
                     448  1.5664148681914138E+000 -1.2865781075347038E-001  6.9814672081745401E+000 -1.5176453748383945E+000  1.1142897666506922E+004
                     449  1.5657927357107095E+000 -1.3920258244814257E-001  6.9928760083716117E+000 -1.4873063249881908E+000  1.0864057717666890E+004
                     450  1.5647747007422852E+000 -1.5693718580140736E-001  7.0047435345257716E+000 -1.4538118527485717E+000  1.0409426199525793E+004
                     451  1.5641525682615818E+000 -1.6802500705074094E-001  7.0116305454753789E+000 -1.4345137656030502E+000  1.0134197589938853E+004
                     452  1.5638415020212304E+000 -1.7364398357209976E-001  7.0162571347719824E+000 -1.4218585966601629E+000  9.9973022132375263E+003
                     453  1.5635304357808788E+000 -1.7931867175079635E-001  7.0226193857094721E+000 -1.4047522578253420E+000  9.8607754175279533E+003
                     454  1.5629931395475436E+000 -1.8926281210819126E-001  7.0308416968669594E+000 -1.3822230245852718E+000  9.6256341006669991E+003
                     455  1.5624558433142084E+000 -1.9938162140572674E-001  7.0389982177824191E+000 -1.3598119577682790E+000  9.3916580495129310E+003
                     456  1.5619468258299964E+000 -2.0913260087324287E-001  7.0488475926447460E+000 -1.3332918630831427E+000  9.1711424366430001E+003
                     457  1.5612115783528009E+000 -2.2353246246796396E-001  7.0599096148750737E+000 -1.3026009636982046E+000  8.8541286231614304E+003
                     458  1.5605894458720964E+000 -2.3599046978601645E-001  7.0702677619421275E+000 -1.2741355074177103E+000  8.5880370941152014E+003
                     459  1.5599673133913921E+000 -2.4871835027688280E-001  7.0784783418016657E+000 -1.2509926719547877E+000  8.3237767211656283E+003
                     460  1.5596279684019172E+000 -2.5576746000804251E-001  7.0843306048313917E+000 -1.2349211053780456E+000  8.1806788016812661E+003
                     461  1.5592886234124426E+000 -2.6290151430403985E-001  7.0912369502249879E+000 -1.2161436345985801E+000  8.0381569678001624E+003
                     462  1.5588361634264760E+000 -2.7255404177766168E-001  7.0992744088948401E+000 -1.1940408506724740E+000  7.8489319233637352E+003
                     463  1.5583837034405097E+000 -2.8236545351235443E-001  7.1094717136399321E+000 -1.1665769085606519E+000  7.6607845123988182E+003
                     464  1.5577050134615602E+000 -2.9741552630006429E-001  7.1199914177605956E+000 -1.1369255285624307E+000  7.3801325917378736E+003
                     465  1.5572525534755937E+000 -3.0764419954321770E-001  7.1285373635807883E+000 -1.1133861972848007E+000  7.1948458494776760E+003
                     466  1.5568000934896278E+000 -3.1804883335220091E-001  7.1366997853100376E+000 -1.0907634969826705E+000  7.0107497107408735E+003
                     467  1.5564041910019069E+000 -3.2729821675773269E-001  7.1444354932504153E+000 -1.0694449329230817E+000  6.8507329079853635E+003
                     468  1.5560082885141862E+000 -3.3669012546337829E-001  7.1511825312875974E+000 -1.0506204527911445E+000  6.6916750781843712E+003
                     469  1.5557255010229569E+000 -3.4348398089203230E-001  7.1568633410242679E+000 -1.0349640638163640E+000  6.5787406707230193E+003
                     470  1.5554427135317275E+000 -3.5035394945951720E-001  7.1631816015755749E+000 -1.0176527056450162E+000  6.4663149386895147E+003
                     471  1.5551033685422520E+000 -3.5870293351855981E-001  7.1701773536866700E+000 -9.9835352719136095E-001  6.3320427237664544E+003
                     472  1.5547640235527769E+000 -3.6716646399510044E-001  7.1760994109703251E+000 -9.8180189628230874E-001  6.1985316585878727E+003
                     473  1.5545377935597939E+000 -3.7287065432894251E-001  7.1808763721650717E+000 -9.6862383818279052E-001  6.1100126756422933E+003
                     474  1.5543115635668110E+000 -3.7862780286430592E-001  7.1883895978703283E+000 -9.4849273577744231E-001  6.0218429587797946E+003
                     475  1.5538308248317223E+000 -3.9106198993618457E-001  7.2000708546649426E+000 -9.1660381099021471E-001  5.8353063592433891E+003
                     476  1.5532369711001415E+000 -4.0678955161974034E-001  7.2099867508354194E+000 -8.8811522456845349E-001  5.6068608325174027E+003
                     477  1.5529471139216320E+000 -4.1459020031091343E-001  7.2165505728614603E+000 -8.6997096338182378E-001  5.4966636484802830E+003
                     478  1.5526572567431225E+000 -4.2248849904472413E-001  7.2230397333851357E+000 -8.5199550094945864E-001  5.3870998430195659E+003
                     479  1.5523815389391742E+000 -4.3009347206713461E-001  7.2294453167824395E+000 -8.3427897893714653E-001  5.2834889768277017E+003
                     480  1.5521058211352259E+000 -4.3779067981425795E-001  7.2381555026092821E+000 -8.1076505360915896E-001  5.1804706441937160E+003
                     481  1.5516392217746993E+000 -4.5105356565275789E-001  7.2503810381256537E+000 -7.7723140178430583E-001  5.0071796770073906E+003
                     482  1.5510877861668027E+000 -4.6710664597591534E-001  7.2602431209536205E+000 -7.4869153993001092E-001  4.8044406872898471E+003
                     483  1.5508437226549687E+000 -4.7431943015319622E-001  7.2663388843156378E+000 -7.3180625865360382E-001  4.7158600369503392E+003
                     484  1.5505996591431339E+000 -4.8161362060020790E-001  7.2725067837629007E+000 -7.1471624516197318E-001  4.6277895703809827E+003
                     485  1.5503555956312995E+000 -4.8899084780974139E-001  7.2787483060693736E+000 -6.9741722568306508E-001  4.5402366335818724E+003
                     486  1.5501115321194652E+000 -4.9645278873900778E-001  7.2840131341330565E+000 -6.8264833212900533E-001  4.4532086838850710E+003
                     487  1.5499492479133070E+000 -5.0145988918959628E-001  7.2882470295362367E+000 -6.7091394791477876E-001  4.3956681270697163E+003
                     488  1.5497869637071491E+000 -5.0650569985722049E-001  7.2945056971683711E+000 -6.5395056008391983E-001  4.3383648509588311E+003
                     489  1.5494722100505633E+000 -5.1641473961791950E-001  7.3029156106484763E+000 -6.3060173908188799E-001  4.2277679454331237E+003
                     490  1.5491574563939783E+000 -5.2647559665040167E-001  7.3111303778422849E+000 -6.0770077255431121E-001  4.1180925907573219E+003
                     491  1.5488672940702817E+000 -5.3588630973460927E-001  7.3196966892844317E+000 -5.8405746951141735E-001  4.0178457449699190E+003
                     492  1.5485353239132731E+000 -5.4682419385695769E-001  7.3290038971641955E+000 -5.5818059587478919E-001  3.9040929616469498E+003
                     493  1.5482033537562649E+000 -5.5794512578263289E-001  7.3403809959173332E+000 -5.2720830891846360E-001  3.7914252804698444E+003
                     494  1.5477360005228047E+000 -5.7395144851850277E-001  7.3504598497365015E+000 -4.9794735391235739E-001  3.6343306301606922E+003
                     495  1.5475172171535676E+000 -5.8155444762785491E-001  7.3569363406151425E+000 -4.7993847832014319E-001  3.5618480601625470E+003
                     496  1.5472984337843307E+000 -5.8924423075086119E-001  7.3636009059627758E+000 -4.6142487014064387E-001  3.4898651546955143E+003
                     497  1.5470722037913474E+000 -5.9728937665588655E-001  7.3704623813471546E+000 -4.4233313841818428E-001  3.4159585200232727E+003
                     498  1.5468459737983642E+000 -6.0543119268407875E-001  7.3795791220121911E+000 -4.1758423224168345E-001  3.3426000865823044E+003
                     499  1.5464769991270828E+000 -6.1894578354510099E-001  7.3888200749884101E+000 -3.9111141817355777E-001  3.2238942312043800E+003
                     500  1.5462581373512565E+000 -6.2707540649676974E-001  7.3957680534446677E+000 -3.7175977965236906E-001  3.1543627186447425E+003
                     501  1.5460392755754302E+000 -6.3530261754024486E-001  7.4044833838134716E+000 -3.4794654458373409E-001  3.0853693166786725E+003
                     502  1.5457148238334488E+000 -6.4769857624048044E-001  7.4135188573966593E+000 -3.2226149487221512E-001  2.9839302190921712E+003
                     503  1.5454885938404650E+000 -6.5646463736530147E-001  7.4210274619059922E+000 -3.0132484531660003E-001  2.9140364502720695E+003
                     504  1.5452623638474816E+000 -6.6534299768372984E-001  7.4286367922407086E+000 -2.8010061625078120E-001  2.8447440194382239E+003
                     505  1.5450361338544982E+000 -6.7433619456394478E-001  7.4363491891392952E+000 -2.5858203285790782E-001  2.7760606956541383E+003
                     506  1.5448099038615144E+000 -6.8344684649756726E-001  7.4433239001382541E+000 -2.3892302495790299E-001  2.7079943413195110E+003
                     507  1.5446328682224857E+000 -6.9065639482437513E-001  7.4495076205480260E+000 -2.2166958148484669E-001  2.6552000073873182E+003
                     508  1.5444558325834572E+000 -6.9794080882532772E-001  7.4557584101509775E+000 -2.0422472724610152E-001  2.6027914013223708E+003
                     509  1.5442787969444283E+000 -7.0530146283702710E-001  7.4620775325242645E+000 -1.8658481281543257E-001  2.5507723060895287E+003
                     510  1.5441017613053996E+000 -7.1273976702579978E-001  7.4711014764427714E+000 -1.6216262702473283E-001  2.4991465380172335E+003
                     511  1.5437771468643651E+000 -7.2661400933069320E-001  7.4806841397926229E+000 -1.3457806593797439E-001  2.4052602220170907E+003
                     512  1.5435828761276855E+000 -7.3503198380566270E-001  7.4879283885221799E+000 -1.1433168405828495E-001  2.3498750334090801E+003
                     513  1.5433886053910062E+000 -7.4355051080970747E-001  7.4970539916286238E+000 -8.9357578424133846E-002  2.2949830511144601E+003
                     514  1.5430984568854140E+000 -7.5648349842704388E-001  7.5070012427643489E+000 -6.1089736440561801E-002  2.2137730824086739E+003
                     515  1.5428722308360787E+000 -7.6672024203694822E-001  7.5159890063173513E+000 -3.5977925597116378E-002  2.1513327107734185E+003
                     516  1.5426380112754976E+000 -7.7747520022334704E-001  7.5252772364982743E+000 -9.9656621145477273E-003  2.0874102049658377E+003
                     517  1.5424037917149163E+000 -7.8839214951194758E-001  7.5342343310207047E+000  1.5272012221592050E-002  2.0242453419825017E+003
                     518  1.5421935408571292E+000 -7.9832965900768327E-001  7.5418540248234844E+000  3.6866990504308535E-002  1.9682271199166078E+003
                     519  1.5420312274049295E+000 -8.0608997349678346E-001  7.5485593440506866E+000  5.5642091673581168E-002  1.9254468198194622E+003
                     520  1.5418689139527297E+000 -8.1393345346231971E-001  7.5554920703557631E+000  7.5022997239637235E-002  1.8830410995918871E+003
                     521  1.5416992414579924E+000 -8.2222393058977705E-001  7.5626632594421226E+000  9.5114901933047280E-002  1.8391109125470780E+003
                     522  1.5415295689632551E+000 -8.3060885920252936E-001  7.5681169981756806E+000  1.1073567823105915E-001  1.7955973309787200E+003
                     523  1.5414447327158864E+000 -8.3483368220595833E-001  7.5717667970599196E+000  1.2095556180759723E-001  1.7740244112588150E+003
                     524  1.5413598964685180E+000 -8.3908280593985085E-001  7.5768133424807749E+000  1.3485152196548797E-001  1.7525566572615814E+003
                     525  1.5412111488783276E+000 -8.4659702332032272E-001  7.5833190073460202E+000  1.5308718014609859E-001  1.7151387462841278E+003
                     526  1.5410624012881375E+000 -8.5418812973234415E-001  7.5887313620353103E+000  1.6847835000267347E-001  1.6780487258569249E+003
                     527  1.5409665906837824E+000 -8.5911629476864060E-001  7.5929956008440618E+000  1.8042820245743380E-001  1.6543521711775334E+003
                     528  1.5408707800794275E+000 -8.6407729047943471E-001  7.5994153227409171E+000  1.9795461897797922E-001  1.6307930348432303E+003
                     529  1.5406793845102251E+000 -8.7409965743834084E-001  7.6108118792573327E+000  2.2889944630254039E-001  1.5840740563651666E+003
                     530  1.5403676329197098E+000 -8.9076363893990651E-001  7.6220508234174149E+000  2.6177282108855132E-001  1.5091345577598318E+003
                     531  1.5401979604249725E+000 -8.9996107991139696E-001  7.6294928448028214E+000  2.8273652789803255E-001  1.4693857880900091E+003
                     532  1.5400518590065284E+000 -9.0796999104243503E-001  7.6364509384664307E+000  3.0217649345865510E-001  1.4356446086134395E+003
                     533  1.5399057575880848E+000 -9.1606635850416640E-001  7.6431105424854104E+000  3.2084443909260124E-001  1.4023122190436056E+003
                     534  1.5397754487770479E+000 -9.2336160003612722E-001  7.6494497651224691E+000  3.3852252873047028E-001  1.3729093977156058E+003
                     535  1.5396451399660116E+000 -9.3072970288853152E-001  7.6594768527772770E+000  3.6524518397333350E-001  1.3437775270099819E+003
                     536  1.5393656189509084E+000 -9.4684041395559571E-001  7.6706807294175396E+000  3.9777898540050538E-001  1.2817847495067833E+003
                     537  1.5392006076484244E+000 -9.5648897976860903E-001  7.6775869535155374E+000  4.1748417928973475E-001  1.2457851669595364E+003
                     538  1.5390947473587222E+000 -9.6273885387861302E-001  7.6830214608630012E+000  4.3270963206822910E-001  1.2228809158759093E+003
                     539  1.5389888870690198E+000 -9.6904077474099282E-001  7.6888677063620605E+000  4.4903397702400805E-001  1.2001028247882532E+003
                     540  1.5388688215562583E+000 -9.7625342768287482E-001  7.6951449709731312E+000  4.6666698445123167E-001  1.1744261560169048E+003
                     541  1.5387487560434965E+000 -9.8353461030057587E-001  7.7049872541603541E+000  4.9313416024310680E-001  1.1489528286872539E+003
                     542  1.5384944672224063E+000 -9.9923647448780561E-001  7.7159366438085017E+000  5.2511623370853966E-001  1.0955208792394460E+003
                     543  1.5383440178255281E+000 -1.0086520037298199E+000  7.7256487390668056E+000  5.5194479324121293E-001  1.0645498323177269E+003
                     544  1.5381381852677307E+000 -1.0217384410420516E+000  7.7339943174944210E+000  5.7640931201401324E-001  1.0227075919124137E+003
                     545  1.5380447756124274E+000 -1.0277360406291163E+000  7.7392270729769113E+000  5.9113189997356530E-001  1.0040249975095114E+003
                     546  1.5379513659571247E+000 -1.0337799317884073E+000  7.7471150489644822E+000  6.1259697045058559E-001  9.8549032594731739E+002
                     547  1.5377645466465182E+000 -1.0460325306181890E+000  7.7595691183582645E+000  6.4697068666027624E-001  9.4875944812342721E+002
                     548  1.5375164679789282E+000 -1.0626359603359825E+000  7.7704859583788783E+000  6.7929039671882441E-001  9.0077064855732704E+002
                     549  1.5373939492649600E+000 -1.0709349117250937E+000  7.7780891810651900E+000  7.0062700068316164E-001  8.7760669917270366E+002
                     550  1.5372599419094219E+000 -1.0801143721557367E+000  7.7877786975907917E+000  7.2737893072676019E-001  8.5256335240800411E+002
                     551  1.5370704119812817E+000 -1.0932994865294272E+000  7.7986571867462633E+000  7.5839258550515098E-001  8.1760465794335664E+002
                     552  1.5369038442634724E+000 -1.1050601727574354E+000  7.8083436457339275E+000  7.8597856290043333E-001  7.8744823948645308E+002
                     553  1.5367580900917424E+000 -1.1154877839170421E+000  7.8180941386053870E+000  8.1330213073527569E-001  7.6149535580263421E+002
                     554  1.5365931892307865E+000 -1.1274559344810831E+000  7.8277446117845466E+000  8.4088595990553960E-001  7.3257279681852788E+002
                     555  1.5364558117355920E+000 -1.1375547863894264E+000  7.8370031338562995E+000  8.6691177345863946E-001  7.0888838428731970E+002
                     556  1.5363064713278343E+000 -1.1486804489733300E+000  7.8441763123994841E+000  8.8788420359076781E-001  6.8352114122037312E+002
                     557  1.5362375488989244E+000 -1.1538574035615985E+000  7.8487223111058917E+000  9.0071185588942282E-001  6.7292248834099064E+002
                     558  1.5361686264700154E+000 -1.1590672706074792E+000  7.8565730543296786E+000  9.2192762122396810E-001  6.6248458401486278E+002
                     559  1.5360001494215694E+000 -1.1719749121232961E+000  7.8684993350173196E+000  9.5544905984700768E-001  6.3462468523967857E+002
                     560  1.5358149271651376E+000 -1.1864112753288498E+000  7.8775880358413328E+000  9.8244477167350919E-001  6.0456775316742687E+002
                     561  1.5357367544574274E+000 -1.1925609250178215E+000  7.8847905527931763E+000  1.0023141284688200E+000  5.9213992521779642E+002
                     562  1.5356064666112443E+000 -1.2029252404725004E+000  7.8936825894864144E+000  1.0275574448179732E+000  5.7163581160531442E+002
                     563  1.5354832853748530E+000 -1.2128419439420592E+000  7.9020963446395678E+000  1.0514714838271830E+000  5.5254871352446139E+002
                     564  1.5353695796181839E+000 -1.2220987765367683E+000  7.9107581040393962E+000  1.0758224541665331E+000  5.3519021699391169E+002
                     565  1.5352419495263507E+000 -1.2326165157503834E+000  7.9198271252290500E+000  1.1015811899400381E+000  5.1598000807972937E+002
                     566  1.5351203513836538E+000 -1.2427587631529502E+000  7.9292152329622425E+000  1.1280237348186004E+000  4.9796738615883294E+002
                     567  1.5349869464445087E+000 -1.2540317383091517E+000  7.9392982036017958E+000  1.1565656784930622E+000  4.7851298073775320E+002
                     568  1.5348503204308201E+000 -1.2657351964072978E+000  7.9477689236900115E+000  1.1811981413122599E+000  4.5893651584717105E+002
                     569  1.5347638249178759E+000 -1.2732167072618947E+000  7.9549418821700932E+000  1.2013622656117848E+000  4.4676227697542475E+002
                     570  1.5346625485261371E+000 -1.2820640710001079E+000  7.9632563268746068E+000  1.2247731226881713E+000  4.3268189945075227E+002
                     571  1.5345484985354410E+000 -1.2921416778973298E+000  7.9708750483914850E+000  1.2467586894770979E+000  4.1705465263242979E+002
                     572  1.5344680248620060E+000 -1.2993171972425508E+000  7.9788494651194402E+000  1.2688603949132162E+000  4.0620124058416633E+002
                     573  1.5343459457519630E+000 -1.3103316738254389E+000  7.9876044459576852E+000  1.2940418912299563E+000  3.8994365299998134E+002
                     574  1.5342492313598519E+000 -1.3191506861285720E+000  7.9965986679104208E+000  1.3191411712958787E+000  3.7729424119745954E+002
                     575  1.5341229556836644E+000 -1.3308140137394182E+000  8.0044275084976046E+000  1.3421332554835934E+000  3.6102615692748452E+002
                     576  1.5340586353267704E+000 -1.3368039964962841E+000  8.0107918617700715E+000  1.3599108305125978E+000  3.5289033652598431E+002
                     577  1.5339684634697555E+000 -1.3452769327172447E+000  8.0177872870355937E+000  1.3798949930846454E+000  3.4160814220326614E+002
                     578  1.5338908203834805E+000 -1.3526363825927439E+000  8.0241655606097151E+000  1.3980209582010452E+000  3.3202896496422687E+002
                     579  1.5338167065284001E+000 -1.3597188123224480E+000  8.0290858320314005E+000  1.4122377539129889E+000  3.2299821959178246E+002
                     580  1.5337748851387465E+000 -1.3637380754235500E+000  8.0326467017447207E+000  1.4223310082296281E+000  3.1795665800135799E+002
                     581  1.5337330637490927E+000 -1.3677758173811099E+000  8.0352649387017294E+000  1.4298517861488977E+000  3.1294973525572948E+002
                     582  1.5337137412083039E+000 -1.3696471813718556E+000  8.0369215282995690E+000  1.4345467040678050E+000  3.1064919522018556E+002
                     583  1.5336944186675150E+000 -1.3715225360475116E+000  8.0385817387892562E+000  1.4392520810104144E+000  3.0835604959551756E+002
                     584  1.5336750961267265E+000 -1.3734018965637091E+000  8.0402455844119292E+000  1.4439679588994154E+000  3.0607030052766220E+002
                     585  1.5336557735859375E+000 -1.3752852781526903E+000  8.0428733537973809E+000  1.4513173154391090E+000  3.0379195000413273E+002
                     586  1.5336141286578444E+000 -1.3793591889805108E+000  8.0455843822843445E+000  1.4591005524697409E+000  2.9890438765006184E+002
                     587  1.5335933061937981E+000 -1.3814027386669381E+000  8.0473941465951118E+000  1.4642309893650980E+000  2.9647463849028821E+002
                     588  1.5335724837297517E+000 -1.3834510337145245E+000  8.0490087358771998E+000  1.4688210574551852E+000  2.9405349287531425E+002
                     589  1.5335562492662578E+000 -1.3850512639296153E+000  8.0504257269251465E+000  1.4728382184348872E+000  2.9217190499864989E+002
                     590  1.5335400148027638E+000 -1.3866543998551606E+000  8.0518453553286768E+000  1.4768629992494495E+000  2.9029554934656397E+002
                     591  1.5335237803392698E+000 -1.3882604508771865E+000  8.0532676297294010E+000  1.4808954259055835E+000  2.8842442718575165E+002
                     592  1.5335075458757761E+000 -1.3898694264218596E+000  8.0556193449324525E+000  1.4874774335201331E+000  2.8655853977730777E+002
                     593  1.5334701360251164E+000 -1.3935890470905787E+000  8.0580949863816151E+000  1.4945793876861395E+000  2.8227704328998709E+002
                     594  1.5334514310997864E+000 -1.3954543658319654E+000  8.0597474113881198E+000  1.4992651685702032E+000  2.8014756239164961E+002
                     595  1.5334327261744567E+000 -1.3973236233002244E+000  8.0619250818237465E+000  1.5053957793049160E+000  2.7802503845455738E+002
                     596  1.5334022069211510E+000 -1.4003823690726096E+000  8.0646366192491872E+000  1.5130867024253121E+000  2.7457608359382522E+002
                     597  1.5333716876678465E+000 -1.4034517057324989E+000  8.0674940348328743E+000  1.5211765640376664E+000  2.7114566932881803E+002
                     598  1.5333381023320101E+000 -1.4068418476988149E+000  8.0697507184287183E+000  1.5276456964525280E+000  2.6739177774721554E+002
                     599  1.5333213096640919E+000 -1.4085415031153572E+000  8.0712568226465837E+000  1.5319177236522565E+000  2.6552387243245977E+002
                     600  1.5333045169961739E+000 -1.4102444170525106E+000  8.0735184556054982E+000  1.5382656539723305E+000  2.6366158390555671E+002
                     601  1.5332709316603375E+000 -1.4136606375468559E+000  8.0765484994838754E+000  1.5468629117844896E+000  2.5995263434868070E+002
                     602  1.5332373463245015E+000 -1.4170900283195662E+000  8.0787990229000073E+000  1.5533197751563654E+000  2.5626618121206388E+002
                     603  1.5332212837725796E+000 -1.4187345654076697E+000  8.0802566692100957E+000  1.5574552537966606E+000  2.5451166195941184E+002
                     604  1.5332052212206579E+000 -1.4203821448323408E+000  8.0821807277426405E+000  1.5628787304638032E+000  2.5276228807962380E+002
                     605  1.5331789370447861E+000 -1.4230850101526678E+000  8.0845779320857947E+000  1.5696811530724044E+000  2.4991027739577132E+002
                     606  1.5331526528689139E+000 -1.4257960934911702E+000  8.0865494245720928E+000  1.5753099412546929E+000  2.4707205516584548E+002
                     607  1.5331358602009959E+000 -1.4275323511319569E+000  8.0880888183132207E+000  1.5796782092855257E+000  2.4526627217725508E+002
                     608  1.5331190675330775E+000 -1.4292719925556276E+000  8.0904004722153537E+000  1.5861674411080946E+000  2.4346611863416626E+002
                     609  1.5330854821972413E+000 -1.4327620871958799E+000  8.0932964715312625E+000  1.5944110923362718E+000  2.3988144145069055E+002
                     610  1.5330562775573839E+000 -1.4358078920098289E+000  8.0953251131722919E+000  1.6002241777419404E+000  2.3678301613085188E+002
                     611  1.5330416752374554E+000 -1.4373344861256594E+000  8.0966788538875534E+000  1.6040663832158326E+000  2.3524061730133155E+002
                     612  1.5330270729175264E+000 -1.4388636888638995E+000  8.0986438375472325E+000  1.6095958755433468E+000  2.3370247924611451E+002
                     613  1.5329993285096617E+000 -1.4417767341731689E+000  8.1012290600233356E+000  1.6169349904164732E+000  2.3079106125036401E+002
                     614  1.5329715841017970E+000 -1.4446992809095511E+000  8.1038909925221532E+000  1.6244851299872383E+000  2.2789503839903972E+002
                     615  1.5329423794619399E+000 -1.4477860262859603E+000  8.1066310478842070E+000  1.6322649844263364E+000  2.2486312101101956E+002
                     616  1.5329131748220823E+000 -1.4508834249812348E+000  8.1088322571182090E+000  1.6385637282400194E+000  2.2184827506075931E+002
                     617  1.5328956520381674E+000 -1.4527467818427020E+000  8.1104856307757931E+000  1.6432580325419981E+000  2.2004800227444591E+002
                     618  1.5328781292542528E+000 -1.4546140109082522E+000  8.1121425298949106E+000  1.6479625374507605E+000  2.1825387376768626E+002
                     619  1.5328606064703383E+000 -1.4564851264170442E+000  8.1138029676629522E+000  1.6526772801397551E+000  2.1648581903171888E+002
                     620  1.5328430836864237E+000 -1.4583601426881023E+000  8.1162965639191729E+000  1.6596752650558988E+000  2.1473424467380397E+002
                     621  1.5328080381185945E+000 -1.4621227096530662E+000  8.1188056897896423E+000  1.6668863947513308E+000  2.1118663610390510E+002
                     622  1.5327905153346799E+000 -1.4640095116018910E+000  8.1204804231179057E+000  1.6716425026759805E+000  2.0942280801314166E+002
                     623  1.5327729925507652E+000 -1.4659002721813394E+000  8.1229955024893954E+000  1.6787010780532317E+000  2.0766512369401750E+002
                     624  1.5327379469829363E+000 -1.4696945238509096E+000  8.1254901337728551E+000  1.6858762634597286E+000  2.0416667984971011E+002
                     625  1.5327211787808313E+000 -1.4715152152062803E+000  8.1271064855286834E+000  1.6904672833877392E+000  2.0250223931276116E+002
                     626  1.5327044105787266E+000 -1.4733395850737239E+000  8.1295337774948937E+000  1.6972832166138190E+000  2.0084342789368191E+002
                     627  1.5326708741745176E+000 -1.4770001290405967E+000  8.1324148370220648E+000  1.7055123817995761E+000  1.9754135668423336E+002
                     628  1.5326450303832895E+000 -1.4798308544685312E+000  8.1349296421728212E+000  1.7126573472831468E+000  1.9501266305892960E+002
                     629  1.5326191865920620E+000 -1.4826704614532891E+000  8.1369164955373527E+000  1.7183457104644684E+000  1.9249735421385262E+002
                     630  1.5326043503415421E+000 -1.4843044645631784E+000  8.1383675148833969E+000  1.7224681909939286E+000  1.9105974881169925E+002
                     631  1.5325895140910224E+000 -1.4859414198901819E+000  8.1405462565851625E+000  1.7285947367048877E+000  1.8962655375815669E+002
                     632  1.5325598415899826E+000 -1.4892247435895132E+000  8.1436520984122183E+000  1.7373977685078987E+000  1.8677245168391897E+002
                     633  1.5325263403791318E+000 -1.4929462746831517E+000  8.1461359787149910E+000  1.7445407105203463E+000  1.8357091008257609E+002
                     634  1.5325095897737062E+000 -1.4948123928464907E+000  8.1477938112471442E+000  1.7492519025638493E+000  1.8197927270505863E+002
                     635  1.5324928391682808E+000 -1.4966823517026979E+000  8.1495735698723752E+000  1.7543012446408719E+000  1.8039326114754203E+002
                     636  1.5324736956192233E+000 -1.4988242135016301E+000  8.1514768315573942E+000  1.7597104860663293E+000  1.7858748512363513E+002
                     637  1.5324545520701653E+000 -1.5009711309908111E+000  8.1536701643828344E+000  1.7659190697918437E+000  1.7678905897318376E+002
                     638  1.5324296654563903E+000 -1.5037698922707570E+000  8.1560150823460109E+000  1.7725983308012379E+000  1.7446178302164464E+002
                     639  1.5324076503749737E+000 -1.5062528256463661E+000  8.1582222335941008E+000  1.7788724618575693E+000  1.7241354448655989E+002
                     640  1.5323856352935572E+000 -1.5087425420506562E+000  8.1598112125082753E+000  1.7834299887648564E+000  1.7037503056571978E+002
                     641  1.5323760635190282E+000 -1.5098270436120502E+000  8.1607747106272672E+000  1.7861687649985776E+000  1.6949194179544423E+002
                     642  1.5323664917444999E+000 -1.5109128361285291E+000  8.1621246558115690E+000  1.7899849670174690E+000  1.6861069056739615E+002
                     643  1.5323492625503479E+000 -1.5128706266886849E+000  8.1638648959659506E+000  1.7949322724163981E+000  1.6702889197830478E+002
                     644  1.5323320333561958E+000 -1.5148326248388280E+000  8.1656089764517752E+000  1.7998907035231904E+000  1.6545304879555053E+002
                     645  1.5323148041620442E+000 -1.5167988465072548E+000  8.1673569120369507E+000  1.8048603019426201E+000  1.6388316190464553E+002
                     646  1.5322975749678920E+000 -1.5187693077148627E+000  8.1690115804106398E+000  1.8095714782027035E+000  1.6231923154679933E+002
                     647  1.5322822601286463E+000 -1.5205243725821864E+000  8.1705718094343798E+000  1.8140076736432216E+000  1.6093412023319257E+002
                     648  1.5322669452894002E+000 -1.5222828112378748E+000  8.1724276118575201E+000  1.8192623612920718E+000  1.5955371483632345E+002
                     649  1.5322458873854370E+000 -1.5247063265170959E+000  8.1745830083825961E+000  1.8253917225175194E+000  1.5766311810863539E+002
                     650  1.5322248294814735E+000 -1.5271362721974302E+000  8.1767185283719837E+000  1.8314671167345593E+000  1.5578142246914774E+002
                     651  1.5322042746320506E+000 -1.5295143860052267E+000  8.1788337935467652E+000  1.8374829328795845E+000  1.5395328601621665E+002
                     652  1.5321837197826265E+000 -1.5318986833197810E+000  8.1812041713669288E+000  1.8442005248983524E+000  1.5213363015449249E+002
                     653  1.5321583163760431E+000 -1.5348541597774894E+000  8.1831780790501316E+000  1.8498683309280117E+000  1.4989617296856429E+002
                     654  1.5321456146727510E+000 -1.5363352797737535E+000  8.1844951987725771E+000  1.8536144634518836E+000  1.4878262235363266E+002
                     655  1.5321329129694594E+000 -1.5378187917428507E+000  8.1866187726206778E+000  1.8595848082273283E+000  1.4767230938306062E+002
                     656  1.5321046869621442E+000 -1.5411246537453678E+000  8.1895614022040828E+000  1.8679566886525532E+000  1.4521560818222733E+002
                     657  1.5320764609548292E+000 -1.5444424387708613E+000  8.1919995279549163E+000  1.8749451954570924E+000  1.4277490752857426E+002
                     658  1.5320581140500744E+000 -1.5466051538520662E+000  8.1939239653502050E+000  1.8804201367607889E+000  1.4119747595788965E+002
                     659  1.5320397671453192E+000 -1.5487729584238348E+000  8.1967405179014925E+000  1.8883314416118593E+000  1.3962680136307105E+002
                     660  1.5320044846361756E+000 -1.5529572560948297E+000  8.1995388639278399E+000  1.8964026371204241E+000  1.3662357706541582E+002
                     661  1.5319868433816033E+000 -1.5550559893416345E+000  8.2014067804065860E+000  1.9017176832189042E+000  1.3513222031064660E+002
                     662  1.5319692021270315E+000 -1.5571595040393027E+000  8.2036152238469402E+000  1.9079715097791268E+000  1.3364711034422112E+002
                     663  1.5319452100208140E+000 -1.5600282076158465E+000  8.2061696643893605E+000  1.9152414060146727E+000  1.3163704740565248E+002
                     664  1.5319212179145960E+000 -1.5629058395047124E+000  8.2086571239284769E+000  1.9223287882578961E+000  1.2963854031902625E+002
                     665  1.5318986371087440E+000 -1.5656223469764383E+000  8.2110762759563016E+000  1.9292143252016452E+000  1.2776822832334028E+002
                     666  1.5318760563028917E+000 -1.5683468471561026E+000  8.2130488157265180E+000  1.9348659209703718E+000  1.2590815188571534E+002
                     667  1.5318619432992340E+000 -1.5700535818191612E+000  8.2145682282027295E+000  1.9391905230154358E+000  1.2475103945666665E+002
                     668  1.5318478302955763E+000 -1.5717634645402849E+000  8.2162424550346209E+000  1.9439454463012624E+000  1.2359792269547675E+002
                     669  1.5318308946911876E+000 -1.5738195467151268E+000  8.2180733654728542E+000  1.9491572098938879E+000  1.2221937594799607E+002
                     670  1.5318139590867983E+000 -1.5758801945790433E+000  8.2208230935580993E+000  1.9568814518745559E+000  1.2084658333898183E+002
                     671  1.5317800878780199E+000 -1.5800163189575727E+000  8.2235912887769587E+000  1.9648695904355509E+000  1.1811666969577979E+002
                     672  1.5317631522736310E+000 -1.5820907660793737E+000  8.2254390207616872E+000  1.9701301476775539E+000  1.1676115521318106E+002
                     673  1.5317462166692419E+000 -1.5841698503475072E+000  8.2269828832015630E+000  1.9745454647603493E+000  1.1541139311155241E+002
                     674  1.5317349262663160E+000 -1.5855584244820538E+000  8.2282194263797486E+000  1.9780660078351096E+000  1.1451484703175075E+002
                     675  1.5317236358633899E+000 -1.5869490729352478E+000  8.2298441554788813E+000  1.9826659291805127E+000  1.1362085664372066E+002
                     676  1.5317052889586347E+000 -1.5892134596398924E+000  8.2313581556514563E+000  1.9870086738910857E+000  1.1217335968934351E+002
                     677  1.5316961155062574E+000 -1.5903476318738006E+000  8.2323681637177160E+000  1.9898844959359034E+000  1.1145227155226368E+002
                     678  1.5316869420538803E+000 -1.5914831858320946E+000  8.2340781685843609E+000  1.9947041352782728E+000  1.1073286992703804E+002
                     679  1.5316650668982110E+000 -1.5941969695881175E+000  8.2364968793420772E+000  2.0015925046990857E+000  1.0902369774564504E+002
                     680  1.5316431917425417E+000 -1.5969186683502610E+000  8.2389228444172371E+000  2.0085019304760552E+000  1.0732412029204690E+002
                     681  1.5316213165868724E+000 -1.5996483224809370E+000  8.2407490666085419E+000  2.0137495753850883E+000  1.0563413662629749E+002
                     682  1.5316103790090378E+000 -1.6010159907892816E+000  8.2419675242672135E+000  2.0172197333455708E+000  1.0479296364740372E+002
                     683  1.5315994414312029E+000 -1.6023856629593749E+000  8.2434825327467003E+000  2.0215160499704354E+000  1.0395418695299358E+002
                     684  1.5315832114769965E+000 -1.6044218765000262E+000  8.2452973400200005E+000  2.0266852423764750E+000  1.0271383382708319E+002
                     685  1.5315669815227906E+000 -1.6064625306874198E+000  8.2472740181636439E+000  2.0323027874920445E+000  1.0147875724510624E+002
                     686  1.5315479289678529E+000 -1.6088638469946424E+000  8.2494148495798942E+000  2.0384013951559248E+000  1.0003550879094223E+002
                     687  1.5315288764129149E+000 -1.6112713339450864E+000  8.2516406331169723E+000  2.0447349936249641E+000  9.8599530240824606E+001
                     688  1.5315084125576113E+000 -1.6138641049660842E+000  8.2539526771149880E+000  2.0513221632572298E+000  9.7065213782644463E+001
                     689  1.5314879487023076E+000 -1.6164640612945915E+000  8.2560361755351686E+000  2.0572789142464529E+000  9.5539282458912041E+001
                     690  1.5314716453506607E+000 -1.6185404823393661E+000  8.2578876077555954E+000  2.0625539834176583E+000  9.4329732472690552E+001
                     691  1.5314553419990138E+000 -1.6206215035152782E+000  8.2600403365259876E+000  2.0686611493858673E+000  9.3125501125512727E+001
                     692  1.5314338055063239E+000 -1.6233777656586295E+000  8.2624990158971059E+000  2.0756676097444955E+000  9.1542633357799872E+001
                     693  1.5314122690136343E+000 -1.6261421279355426E+000  8.2648011565788249E+000  2.0822441051656275E+000  8.9969046325437390E+001
                     694  1.5313936040533029E+000 -1.6285443996183102E+000  8.2669440629270969E+000  2.0883511014985565E+000  8.8612902594153013E+001
                     695  1.5313749390929716E+000 -1.6309528135377351E+000  8.2691338177783766E+000  2.0945881565107314E+000  8.7263724926777542E+001
                     696  1.5313555562495509E+000 -1.6334604125383614E+000  8.2713710999497980E+000  2.1009648346498313E+000  8.5869996147202116E+001
                     697  1.5313361734061299E+000 -1.6359746958011783E+000  8.2737388105208556E+000  2.1077013235397319E+000  8.4483776971020120E+001
                     698  1.5313146369134407E+000 -1.6387763061148748E+000  8.2757817976412600E+000  2.1135641937505065E+000  8.2952227037809266E+001
                     699  1.5313009971347371E+000 -1.6405547960020466E+000  8.2773683835343661E+000  2.1180865938174276E+000  8.1987264067219613E+001
                     700  1.5312873573560339E+000 -1.6423366392239214E+000  8.2791667775253188E+000  2.1231972027301342E+000  8.1026015769797169E+001
                     701  1.5312701281618819E+000 -1.6445922860642608E+000  8.2811796968462001E+000  2.1289355549247055E+000  7.9817002110001496E+001
                     702  1.5312528989677301E+000 -1.6468533235247409E+000  8.2832814375559387E+000  2.1349200132283004E+000  7.8613914269676073E+001
                     703  1.5312342340073992E+000 -1.6493089346147209E+000  8.2854732917318596E+000  2.1411692081070668E+000  7.7317197040601428E+001
                     704  1.5312155690470681E+000 -1.6517709273655676E+000  8.2872070326699667E+000  2.1461463415291120E+000  7.6027430803061620E+001
                     705  1.5312048008007233E+000 -1.6531941039393834E+000  8.2884769010148478E+000  2.1497668140141650E+000  7.5293643795900650E+001
                     706  1.5311940325543787E+000 -1.6546194195672712E+000  8.2897487310327431E+000  2.1533929852918146E+000  7.4562944862805253E+001
                     707  1.5311832643080334E+000 -1.6560468798529828E+000  8.2910225279513128E+000  2.1570248719029306E+000  7.3833722931208655E+001
                     708  1.5311724960616886E+000 -1.6574764904168628E+000  8.2931043480076418E+000  2.1628904377678060E+000  7.3107557064386327E+001
                     709  1.5311480880366402E+000 -1.6607254956771313E+000  8.2959212040175441E+000  2.1709343617754304E+000  7.1451552630821922E+001
                     710  1.5311251157777712E+000 -1.6637934863360040E+000  8.2979780552090361E+000  2.1768600829866478E+000  6.9903893883554076E+001
                     711  1.5311136296483365E+000 -1.6653309774878342E+000  8.2993504844280661E+000  2.1807739659954808E+000  6.9134283245321029E+001
                     712  1.5311021435189021E+000 -1.6668709569944711E+000  8.3009824713284264E+000  2.1854105173614142E+000  6.8367296672222210E+001
                     713  1.5310863500909297E+000 -1.6689925969148167E+000  8.3028770338105762E+000  2.1908140904045545E+000  6.7316859363345813E+001
                     714  1.5310705566629574E+000 -1.6711189731616101E+000  8.3052923919007871E+000  2.1976509092208381E+000  6.6271381294552910E+001
                     715  1.5310461486379090E+000 -1.6744149763455383E+000  8.3082375254765299E+000  2.2060530523326345E+000  6.4664872663980418E+001
                     716  1.5310217406128603E+000 -1.6777224055961655E+000  8.3106730511106548E+000  2.2130552839220767E+000  6.3070209518758645E+001
                     717  1.5310059471848878E+000 -1.6798683458111896E+000  8.3121115192204229E+000  2.2171880621506204E+000  6.2045019526689977E+001
                     718  1.5309980504709020E+000 -1.6809430496241236E+000  8.3130710769674465E+000  2.2199253163567128E+000  6.1534374238233418E+001
                     719  1.5309901537569153E+000 -1.6820189633786986E+000  8.3146855289731558E+000  2.2244862724725283E+000  6.1024966434805407E+001
                     720  1.5309714887965844E+000 -1.6845671350742888E+000  8.3169624272748717E+000  2.2309826949943274E+000  5.9825495374166032E+001
                     721  1.5309528238362533E+000 -1.6871221118544233E+000  8.3195082519945665E+000  2.2382185791137537E+000  5.8632938282936841E+001
                     722  1.5309298515773844E+000 -1.6902763066237105E+000  8.3216246481006735E+000  2.2443213143234173E+000  5.7174403416447092E+001
                     723  1.5309183654479497E+000 -1.6918570618789648E+000  8.3230368251813527E+000  2.2483507441098647E+000  5.6449349730765753E+001
                     724  1.5309068793185152E+000 -1.6934404281145803E+000  8.3247161210498142E+000  2.2531236811484954E+000  5.5726910311956374E+001
                     725  1.5308910858905431E+000 -1.6956219345844874E+000  8.3266657142399865E+000  2.2586872690592523E+000  5.4737705587049859E+001
                     726  1.5308752924625708E+000 -1.6978084113847693E+000  8.3284425896473255E+000  2.2637715640277851E+000  5.3753442004897337E+001
                     727  1.5308623705669566E+000 -1.6996009988390750E+000  8.3300445204311799E+000  2.2683432256349056E+000  5.2951877315858688E+001
                     728  1.5308494486713424E+000 -1.7013969373762106E+000  8.3319164569414337E+000  2.2736644485923536E+000  5.2153617228835110E+001
                     729  1.5308322194771904E+000 -1.7037968786497857E+000  8.3340619706193930E+000  2.2797883032653248E+000  5.1094265930252796E+001
                     730  1.5308149902830386E+000 -1.7062028229201007E+000  8.3362130072340026E+000  2.2859282278979483E+000  5.0040787379418269E+001
                     731  1.5307977610888868E+000 -1.7086147961870262E+000  8.3383695913018094E+000  2.2920842933176782E+000  4.8993179375349051E+001
                     732  1.5307805318947354E+000 -1.7110328246119511E+000  8.3403519793526701E+000  2.2977585488173209E+000  4.7951438863732335E+001
                     733  1.5307661742329419E+000 -1.7130524176232496E+000  8.3421576611069295E+000  2.3029132020178533E+000  4.7087887005094146E+001
                     734  1.5307518165711489E+000 -1.7150762490140115E+000  8.3445086468598557E+000  2.3095707659507125E+000  4.6228406107608315E+001
                     735  1.5307288443122795E+000 -1.7183236659387107E+000  8.3466894956904643E+000  2.3158653865453882E+000  4.4861220114821990E+001
                     736  1.5307173581828453E+000 -1.7199512097696854E+000  8.3481446969743072E+000  2.3200199710623619E+000  4.4181832605498840E+001
                     737  1.5307058720534108E+000 -1.7215814997211185E+000  8.3503294546712308E+000  2.3261901056161216E+000  4.3505046873311052E+001
                     738  1.5306828997945414E+000 -1.7248508940478615E+000  8.3534979779551310E+000  2.3352061381030182E+000  4.2158681198483364E+001
                     739  1.5306560988258611E+000 -1.7286795086182347E+000  8.3561930064762180E+000  2.3429881698242592E+000  4.0600738977450746E+001
                     740  1.5306407839866147E+000 -1.7308736479276174E+000  8.3579722875044151E+000  2.3480833528207796E+000  3.9717335529158646E+001
                     741  1.5306283406797274E+000 -1.7326599895096997E+000  8.3595701912060392E+000  2.3526465875336227E+000  3.9003035981058993E+001
                     742  1.5306158973728399E+000 -1.7344496276735915E+000  8.3616625386664509E+000  2.3585781826544294E+000  3.8291782749918724E+001
                     743  1.5305957966463291E+000 -1.7373478849537694E+000  8.3642566245192516E+000  2.3659879032031434E+000  3.7148934142064405E+001
                     744  1.5305756959198189E+000 -1.7402548175123818E+000  8.3666733625786023E+000  2.3729106178442327E+000  3.6014031486189687E+001
                     745  1.5305584667256669E+000 -1.7427532951901792E+000  8.3683516389235244E+000  2.3777448828669536E+000  3.5047702855922296E+001
                     746  1.5305498521285912E+000 -1.7440048222893545E+000  8.3694712494956800E+000  2.3809428395397725E+000  3.4566854459477561E+001
                     747  1.5305412375315153E+000 -1.7452579614357731E+000  8.3710275432797907E+000  2.3853591985725728E+000  3.4087462548873880E+001
                     748  1.5305259226922692E+000 -1.7474899147403260E+000  8.3730253038240630E+000  2.3910662940416327E+000  3.3238639246217701E+001
                     749  1.5305106078530233E+000 -1.7497269948644263E+000  8.3752774501448073E+000  2.3974763267153674E+000  3.2394416945045023E+001
                     750  1.5304914643039658E+000 -1.7525307514593726E+000  8.3777879738228425E+000  2.4046494855228078E+000  3.1345434817162833E+001
                     751  1.5304723207549080E+000 -1.7553425908075799E+000  8.3798035255720134E+000  2.4104522455997905E+000  3.0303636338585768E+001
                     752  1.5304608346254738E+000 -1.7570334106724723E+000  8.3813170057545516E+000  2.4147764940110235E+000  2.9682188120913104E+001
                     753  1.5304493484960393E+000 -1.7587271631485395E+000  8.3833374058281169E+000  2.4205055858701678E+000  2.9063321936866359E+001
                     754  1.5304302049469818E+000 -1.7615569286040336E+000  8.3858719145330216E+000  2.4277486314373276E+000  2.8037305678615940E+001
                     755  1.5304110613979238E+000 -1.7643949062446962E+000  8.3886673913562557E+000  2.4357075515859803E+000  2.7018458331083082E+001
                     756  1.5303880891390544E+000 -1.7678116328235456E+000  8.3912201257351455E+000  2.4430601298974630E+000  2.5805043515466025E+001
                     757  1.5303727742998086E+000 -1.7700957757098206E+000  8.3931384280135291E+000  2.4485533265406745E+000  2.5002141009363417E+001
                     758  1.5303593738154679E+000 -1.7720987243008075E+000  8.3949323454922844E+000  2.4536805372747366E+000  2.4303407798897240E+001
                     759  1.5303459733311278E+000 -1.7741057714325490E+000  8.3973062940638847E+000  2.4604069995653233E+000  2.3608177083335505E+001
                     760  1.5303239582497117E+000 -1.7774124773740465E+000  8.4001414773084502E+000  2.4685281597300621E+000  2.2473143902291476E+001
                     761  1.5303038575232011E+000 -1.7804412777746534E+000  8.4026707111438377E+000  2.4757793135391526E+000  2.1445173870026352E+001
                     762  1.5302865086818678E+000 -1.7830628130823893E+000  8.4050200242949114E+000  2.4824958650214932E+000  2.0564390741489504E+001
                     763  1.5302691598405342E+000 -1.7856913509491390E+000  8.4070718955456289E+000  2.4883893215119692E+000  1.9689464493964927E+001
                     764  1.5302562977685110E+000 -1.7876445047938501E+000  8.4088219871854601E+000  2.4933928292328216E+000  1.9044713816851672E+001
                     765  1.5302434356964878E+000 -1.7896015380814587E+000  8.4114823353158545E+000  2.5008951644913275E+000  1.8403177013084022E+001
                     766  1.5302172329637134E+000 -1.7936015061274926E+000  8.4141144724026677E+000  2.5085324648583236E+000  1.7105202561122791E+001
                     767  1.5302050289511890E+000 -1.7954695544445609E+000  8.4157886419875112E+000  2.5133196343284521E+000  1.6505688369520271E+001
                     768  1.5301928249386652E+000 -1.7973411429939405E+000  8.4174824916887676E+000  2.5181620586517957E+000  1.5909061714549461E+001
                     769  1.5301803816317774E+000 -1.7992530919654708E+000  8.4191962266833666E+000  2.5230627601952493E+000  1.5303702552921001E+001
                     770  1.5301679383248898E+000 -1.8011687455968686E+000  8.4219009633273387E+000  2.5306823835484464E+000  1.4701342233258330E+001
                     771  1.5301411373562086E+000 -1.8053085865377760E+000  8.4249544595684753E+000  2.5395057346252665E+000  1.3413046221892252E+001
                     772  1.5301239081620568E+000 -1.8079785053821378E+000  8.4272162782845630E+000  2.5459884824548729E+000  1.2592726623683587E+001
                     773  1.5301085933228109E+000 -1.8103577428592781E+000  8.4291836676397445E+000  2.5516303113627639E+000  1.1868439274818019E+001
                     774  1.5300956714271969E+000 -1.8123696030093772E+000  8.4309877440646943E+000  2.5567907842774926E+000  1.1260908536638937E+001
                     775  1.5300827495315827E+000 -1.8143855495506969E+000  8.4328290021138788E+000  2.5620551563616942E+000  1.0656600068143133E+001
                     776  1.5300693490472426E+000 -1.8164805059093554E+000  8.4347078833809395E+000  2.5674300989176602E+000  1.0033298816597341E+001
                     777  1.5300559485629026E+000 -1.8185798882016280E+000  8.4364901871080775E+000  2.5725367943510489E+000  9.4134585053445310E+000
                     778  1.5300439838447417E+000 -1.8204580538511297E+000  8.4381746810624954E+000  2.5773559408477036E+000  8.8629845230874587E+000
                     779  1.5300320191265806E+000 -1.8223397719447938E+000  8.4396939740520391E+000  2.5817137996791226E+000  8.3152660073500080E+000
                     780  1.5300224473520521E+000 -1.8238476707897995E+000  8.4410463001867395E+000  2.5855828019098035E+000  7.8791105252446973E+000
                     781  1.5300128755775231E+000 -1.8253578563974533E+000  8.4430763743370782E+000  2.5913313565777094E+000  7.4447165239419348E+000
                     782  1.5299937320284658E+000 -1.8283855550555574E+000  8.4450481595930196E+000  2.5970383113149684E+000  6.5808215583006930E+000
                     783  1.5299851174313899E+000 -1.8297508105864149E+000  8.4462726967982462E+000  2.6005420975604312E+000  6.1984060347553598E+000
                     784  1.5299765028343135E+000 -1.8311179371666493E+000  8.4478049873708496E+000  2.6049061191945215E+000  5.8187751581764324E+000
                     785  1.5299635809387002E+000 -1.8331722476860808E+000  8.4496482854625867E+000  2.6101810470591298E+000  5.2607816343656948E+000
                     786  1.5299506590430860E+000 -1.8352307929975757E+000  8.4513646567700587E+000  2.6151027757065473E+000  4.7030579970071171E+000
                     787  1.5299395713316648E+000 -1.8370004850429600E+000  8.4529525601847642E+000  2.6196470818496933E+000  4.2149626186172302E+000
                     788  1.5299284836202440E+000 -1.8387733153461265E+000  8.4555532763842258E+000  2.6269758438918007E+000  3.7292164243656742E+000
                     789  1.5299032757147286E+000 -1.8428167105163107E+000  8.4582605156539632E+000  2.6348364204001271E+000  2.6326444520472809E+000
                     790  1.5298909423381273E+000 -1.8448004390792472E+000  8.4600410514010651E+000  2.6399329214775533E+000  2.1010012790951720E+000
                     791  1.5298786089615257E+000 -1.8467881023829491E+000  8.4618747177118934E+000  2.6451777441362103E+000  1.5722581407344105E+000
                     792  1.5298655898969611E+000 -1.8488905761471248E+000  8.4641962666292248E+000  2.6517794028876356E+000  1.0172460176222478E+000
                     793  1.5298465659950848E+000 -1.8519710590371057E+000  8.4668242024370901E+000  2.6593195484987677E+000  2.1176996436815987E-001
                     794  1.5298294564481145E+000 -1.8547495407528694E+000  8.4687188838933736E+000  2.6647943721267175E+000 -5.0667823356450770E-001
                     795  1.5298206025566754E+000 -1.8561902023866714E+000  8.4700121195138411E+000  2.6684967550852452E+000 -8.7613243757180159E-001
                     796  1.5298117486652365E+000 -1.8576329311427802E+000  8.4721133798657018E+000  2.6744384548861349E+000 -1.2440980491755345E+000
                     797  1.5297918465388436E+000 -1.8608841171574271E+000  8.4750896677257437E+000  2.6829546222459739E+000 -2.0662767906749862E+000
                     798  1.5297711882706706E+000 -1.8642700235565270E+000  8.4775640820700389E+000  2.6901031556916282E+000 -2.9117897706556382E+000
                     799  1.5297582663750564E+000 -1.8663934082125697E+000  8.4792245495173901E+000  2.6948762048398360E+000 -3.4362921841061929E+000
                     800  1.5297486946005279E+000 -1.8679691034643047E+000  8.4815568886673063E+000  2.7014613500593225E+000 -3.8227190266307605E+000
                     801  1.5297266795191109E+000 -1.8716034024046733E+000  8.4838674196284973E+000  2.7081774021060996E+000 -4.7055911627000233E+000
                     802  1.5297175863333090E+000 -1.8731079923249654E+000  8.4852187700493467E+000  2.7120475421294556E+000 -5.0672964049970739E+000
                     803  1.5297084931475067E+000 -1.8746148253729273E+000  8.4865129838225695E+000  2.7157575468997002E+000 -5.4274405278912727E+000
                     804  1.5297001967977308E+000 -1.8759915649690642E+000  8.4877495407362034E+000  2.7192991126171533E+000 -5.7546551305948324E+000
                     805  1.5296919004479554E+000 -1.8773701808157255E+000  8.4898427831164867E+000  2.7252157955995555E+000 -6.0805717230542253E+000
                     806  1.5296721204042969E+000 -1.8806652886117601E+000  8.4924359399153246E+000  2.7326872725087346E+000 -6.8528800013588320E+000
                     807  1.5296572841537770E+000 -1.8831436195120859E+000  8.4949261759212309E+000  2.7397924701677621E+000 -7.4271203461628188E+000
                     808  1.5296389374407466E+000 -1.8862169756029596E+000  8.4973957011851908E+000  2.7469001609767671E+000 -8.1316729106399386E+000
                     809  1.5296245008260163E+000 -1.8886417006068146E+000  8.4995635958607121E+000  2.7531125361531039E+000 -8.6814740830553099E+000
                     810  1.5296102196816079E+000 -1.8910460158247369E+000  8.5012004746217382E+000  2.7578406156151405E+000 -9.2214984887417462E+000
                     811  1.5296028829448371E+000 -1.8922832996082510E+000  8.5024570883108126E+000  2.7614327951635422E+000 -9.4973532569065249E+000
                     812  1.5295936318531604E+000 -1.8938456044753258E+000  8.5040304826231328E+000  2.7659290890347088E+000 -9.8437712703200937E+000
                     813  1.5295821457237260E+000 -1.8957887585998543E+000  8.5059224738118324E+000  2.7713382689206547E+000 -1.0271694197482685E+001
                     814  1.5295687452393856E+000 -1.8980605375023087E+000  8.5073824261988484E+000  2.7755597194526720E+000 -1.0767866782321020E+001
                     815  1.5295630021746685E+000 -1.8990356208843779E+000  8.5086961325443085E+000  2.7792985883220727E+000 -1.0979416562528035E+001
                     816  1.5295515160452338E+000 -1.9009887127528629E+000  8.5106710822289457E+000  2.7849391610498335E+000 -1.1400757501095084E+001
                     817  1.5295371583834403E+000 -1.9034354650398542E+000  8.5129447968757255E+000  2.7914483950314102E+000 -1.1924052952266837E+001
                     818  1.5295218411086418E+000 -1.9060522808951170E+000  8.5151271593167355E+000  2.7977202717772909E+000 -1.2478116608681852E+001
                     819  1.5295087588716016E+000 -1.9082924918440669E+000  8.5172641484598639E+000  2.8038340249303633E+000 -1.2947803975868469E+001
                     820  1.5294940853980599E+000 -1.9108111149820939E+000  8.5188908149077154E+000  2.8085432918654170E+000 -1.3476631225085507E+001
                     821  1.5294877034031897E+000 -1.9119083652288609E+000  8.5199511591929546E+000  2.8115791827382655E+000 -1.3702784573258199E+001
                     822  1.5294803642308672E+000 -1.9131716489304211E+000  8.5207538196172017E+000  2.8138927802644926E+000 -1.4063976348219811E+001
                     823  1.5294773347926347E+000 -1.9136935416278220E+000  8.5212186219350130E+000  2.8175373538867348E+000 -1.4588221600462653E+001
                     824  1.5294720703166438E+000 -1.9145973320784868E+000  8.5197135079717459E+000  2.8417111251375831E+000 -1.6452997261753961E+001
                     825  1.5294679209239799E+000 -1.9152748106685544E+000  8.5175927685510970E+000  2.8688739374314820E+000 -1.8202498414365927E+001
                     826  1.5294640922141680E+000 -1.9158646064836979E+000  8.5156134487842756E+000  2.8912568528435854E+000 -1.9888737141949822E+001
                     827  1.5294621778592623E+000 -1.9161455345265923E+000  8.5142688349091618E+000  2.9054624750973468E+000 -2.0727393002678575E+001
                     828  1.5294605829694328E+000 -1.9163724475851771E+000  8.5130783482262906E+000  2.9174460034986081E+000 -2.1420905620643325E+001
                     829  1.5294593051091276E+000 -1.9165495541662050E+000  8.5119572924545412E+000  2.9282914621252885E+000 -2.1970778513433174E+001
                     830  1.5294580309021504E+000 -1.9167220069384558E+000  8.5105522304089938E+000  2.9413504293879975E+000 -2.2512488105761051E+001
                     831  1.5294562768886706E+000 -1.9169526863520894E+000  8.5087269751309176E+000  2.9575024181341454E+000 -2.3245320402379313E+001
                     832  1.5294543625337649E+000 -1.9171956587006593E+000  8.5064253318422054E+000  2.9767489934963938E+000 -2.4024766121439157E+001
                     833  1.5294519671545803E+000 -1.9174870412924876E+000  8.5043033374583139E+000  2.9934930800656807E+000 -2.4965600262367293E+001
                     834  1.5294506917298272E+000 -1.9176365482742139E+000  8.5023834054948466E+000  3.0079627821318771E+000 -2.5448511665312111E+001
                     835  1.5294487773749215E+000 -1.9178538732362718E+000  8.5001544038985628E+000  3.0239978513508761E+000 -2.6149061526211305E+001
                     836  1.5294471812673156E+000 -1.9180287381000629E+000  8.4976202289345810E+000  3.0413655192720337E+000 -2.6709286164348296E+001
                     837  1.5294449486651094E+000 -1.9182640800552870E+000  8.4951799585272685E+000  3.0572953212569685E+000 -2.7455717909493536E+001
                     838  1.5294436708048045E+000 -1.9183940939152861E+000  8.4925604378027444E+000  3.0736469312817971E+000 -2.7862461736162608E+001
                     839  1.5294412802967241E+000 -1.9186286202715022E+000  8.4891286675424809E+000  3.0940086852674176E+000 -2.8584158694564714E+001
                     840  1.5294390476945183E+000 -1.9188379432082772E+000  8.4852271557014944E+000  3.1158946170157100E+000 -2.9211360275662248E+001
                     841  1.5294361761621593E+000 -1.9190943513612293E+000  8.4818599575392231E+000  3.1338656796663629E+000 -2.9953557287476652E+001
                     842  1.5294347403959800E+000 -1.9192175200110633E+000  8.4792177844853036E+000  3.1474304849398713E+000 -3.0297902711892998E+001
                     843  1.5294328260410743E+000 -1.9193768501194202E+000  8.4761871943659539E+000  3.1624941737651500E+000 -3.0730830015354503E+001
                     844  1.5294309116861682E+000 -1.9195309152147126E+000  8.4731628124558114E+000  3.1770618583270567E+000 -3.1135015998361524E+001
                     845  1.5294289973312625E+000 -1.9196800542672861E+000  8.4701629314099840E+000  3.1911185961480699E+000 -3.1512016432606103E+001
                     846  1.5294270829763565E+000 -1.9198245899756856E+000  8.4672047736861877E+000  3.2046596643351988E+000 -3.1863155003690665E+001
                     847  1.5294251686214506E+000 -1.9199648265345965E+000  8.4643054408690226E+000  3.2176852528184479E+000 -3.2190462608317794E+001
                     848  1.5294232542665447E+000 -1.9201010495057318E+000  8.4614811597031050E+000  3.2302020398283111E+000 -3.2495651430240322E+001
                     849  1.5294213399116388E+000 -1.9202335253238987E+000  8.4594323827854314E+000  3.2392404510715047E+000 -3.2780493489601767E+001
                     850  1.5294203827341859E+000 -1.9202984432004344E+000  8.4580909262622672E+000  3.2451280324043732E+000 -3.2916009630144153E+001
                     851  1.5294194255567328E+000 -1.9203625154850048E+000  8.4561180741017825E+000  3.2537591181103331E+000 -3.3047083751104708E+001
                     852  1.5294175112018269E+000 -1.9204882208391361E+000  8.4542375062695445E+000  3.2620797335891520E+000 -3.3296776535370348E+001
                     853  1.5294165540243740E+000 -1.9205499207139560E+000  8.4530196951628316E+000  3.2674879820130531E+000 -3.3415837768949665E+001
                     854  1.5294155968469214E+000 -1.9206108828291837E+000  8.4518311671474020E+000  3.2728000310679048E+000 -3.3531344086421527E+001
                     855  1.5294146396694686E+000 -1.9206711290474789E+000  8.4506824380350167E+000  3.2779908748178843E+000 -3.3643517997304308E+001
                     856  1.5294136824920153E+000 -1.9207306841051186E+000  8.4495662822117197E+000  3.2830893451516978E+000 -3.3752545816401721E+001
                     857  1.5294127253145624E+000 -1.9207895681774816E+000  8.4484926185800759E+000  3.2880725684804215E+000 -3.3858475972925127E+001
                     858  1.5294117681371096E+000 -1.9208478040108015E+000  8.4474545005738211E+000  3.2929673293048025E+000 -3.3961641004280786E+001
                     859  1.5294108109596567E+000 -1.9209054102199217E+000  8.4464616212482238E+000  3.2977515318471218E+000 -3.4062252512692517E+001
                     860  1.5294098537822034E+000 -1.9209624078764529E+000  8.4455073070645579E+000  3.3024504707834450E+000 -3.4160449523912931E+001
                     861  1.5294088966047505E+000 -1.9210188142484355E+000  8.4446005910634625E+000  3.3070439545943615E+000 -3.4256271624999989E+001
                     862  1.5294079394272979E+000 -1.9210746488015744E+000  8.4437349917635469E+000  3.3115554569055932E+000 -3.4349978361235650E+001
                     863  1.5294069822498451E+000 -1.9211299275513873E+000  8.4429193263058533E+000  3.3159652012060383E+000 -3.4441748188833643E+001
                     864  1.5294060250723922E+000 -1.9211846686485929E+000  8.4421474345035659E+000  3.3202951405890491E+000 -3.4531639840617267E+001
                     865  1.5294050678949389E+000 -1.9212388870861281E+000  8.4414274306697124E+000  3.3245272331145443E+000 -3.4619656267264077E+001
                     866  1.5294041107174861E+000 -1.9212925997636594E+000  8.4407533668800845E+000  3.3286816025695685E+000 -3.4705939418805983E+001
                     867  1.5294031535400332E+000 -1.9213458207394829E+000  8.4401328355026983E+000  3.3327413224411115E+000 -3.4790602503867923E+001
                     868  1.5294021963625803E+000 -1.9213985658324906E+000  8.4395600614422488E+000  3.3367256811607957E+000 -3.4873552119383078E+001
                     869  1.5294012391851270E+000 -1.9214508481999284E+000  8.4390415298988035E+000  3.3406205609712463E+000 -3.4954696578373600E+001
                     870  1.5294002820076742E+000 -1.9215026824166308E+000  8.4385715649476669E+000  3.3444440748523059E+000 -3.5033966274549087E+001
                     871  1.5293993248302213E+000 -1.9215540806124778E+000  8.4381555419042797E+000  3.3481850876451498E+000 -3.5111330907203218E+001
                     872  1.5293983676527685E+000 -1.9216050559866700E+000  8.4377877835660495E+000  3.3518623763486879E+000 -3.5186407508534273E+001
                     873  1.5293974104753156E+000 -1.9216556192903385E+000  8.4374716623555663E+000  3.3554705255055346E+000 -3.5258790067437687E+001
                     874  1.5293964532978623E+000 -1.9217057816989200E+000  8.4372014111563480E+000  3.3590280307550273E+000 -3.5328319900781601E+001
                     875  1.5293954961204095E+000 -1.9217555520581302E+000  8.4369787520469313E+000  3.3625333449111183E+000 -3.5394604917516332E+001
                     876  1.5293945389429566E+000 -1.9218049392345669E+000  8.4367074128353927E+000  3.3677425838286319E+000 -3.5457729347706255E+001
                     877  1.5293926245880507E+000 -1.9219025854685476E+000  8.4364709541021767E+000  3.3757282433519475E+000 -3.5574028959124959E+001
                     878  1.5293900688884714E+000 -1.9220306697317495E+000  8.4364624521245712E+000  3.3824945423014960E+000 -3.5710079101547116E+001
                     879  1.5293887958782393E+000 -1.9220935244649897E+000  8.4365200570059020E+000  3.3893539139921312E+000 -3.5769293003701051E+001
                     880  1.5293862401786598E+000 -1.9222178147633613E+000  8.4367128153889226E+000  3.3964055152925137E+000 -3.5870281487630429E+001
                     881  1.5293849671684276E+000 -1.9222787664313983E+000  8.4369401553508325E+000  3.4037385416322108E+000 -3.5910644397038375E+001
                     882  1.5293824114688479E+000 -1.9223991597772903E+000  8.4372275003095361E+000  3.4117641257346620E+000 -3.5969651648743849E+001
                     883  1.5293811384586158E+000 -1.9224580669193871E+000  8.4374593488867067E+000  3.4189646549547685E+000 -3.5985956853952572E+001
                     884  1.5293792241037101E+000 -1.9225452389374955E+000  8.4377390883265218E+000  3.4197923435762503E+000 -3.5997319276466627E+001
                     885  1.5293773097488046E+000 -1.9226322973527719E+000  8.4381767835605839E+000  3.4209809890302880E+000 -3.6026941719851401E+001
                     886  1.5293734810389927E+000 -1.9228060947914922E+000  8.4388148141905397E+000  3.4224173490323979E+000 -3.6096627229299862E+001
                     887  1.5293696523291813E+000 -1.9229795262415859E+000  8.4394227213941626E+000  3.4239202029694820E+000 -3.6151763794553240E+001
                     888  1.5293658236193695E+000 -1.9231525655248685E+000  8.4403310277764376E+000  3.4261617754873370E+000 -3.6206551850363546E+001
                     889  1.5293581661997464E+000 -1.9234974788578636E+000  8.4415339888008400E+000  3.4291368458095008E+000 -3.6315153302835242E+001
                     890  1.5293505087801231E+000 -1.9238408528078041E+000  8.4427285410706201E+000  3.4320918404519656E+000 -3.6422553654431354E+001
                     891  1.5293428513605003E+000 -1.9241827064347330E+000  8.4439148089332328E+000  3.4350270508444649E+000 -3.6528894537641690E+001
                     892  1.5293351939408779E+000 -1.9245230584221018E+000  8.4448354770143670E+000  3.4373092635446145E+000 -3.6634076467878899E+001
                     893  1.5293308866423396E+000 -1.9247138527207850E+000  8.4454956082648884E+000  3.4389432334963277E+000 -3.6692739808595192E+001
                     894  1.5293265793438018E+000 -1.9249041809061245E+000  8.4460195789516170E+000  3.4402414249734803E+000 -3.6751047371381560E+001
                     895  1.5293240236442220E+000 -1.9250168913919046E+000  8.4463476553367975E+000  3.4410539644792135E+000 -3.6785475143911029E+001
                     896  1.5293222720452637E+000 -1.9250940459276156E+000  8.4466751761235894E+000  3.4418645547039248E+000 -3.6808997774446148E+001
                     897  1.5293197163456840E+000 -1.9252064832195879E+000  8.4470020026998167E+000  3.4426741047877822E+000 -3.6843565057038973E+001
                     898  1.5293179647467254E+000 -1.9252834511515096E+000  8.4474608907441322E+000  3.4438090355663928E+000 -3.6866600007816317E+001
                     899  1.5293136574481876E+000 -1.9254723999051016E+000  8.4488055813795651E+000  3.4497356635199696E+000 -3.6917718136016745E+001
                     900  1.5293093501496495E+000 -1.9256590296110991E+000  8.4499651893781476E+000  3.4508611645068510E+000 -3.6923332584402075E+001
                     901  1.5293050428511119E+000 -1.9258454162580394E+000  8.4509722600228834E+000  3.4522185710951394E+000 -3.6925934976395041E+001
                     902  1.5293007355525741E+000 -1.9260314604151880E+000  8.4517203669044072E+000  3.4592682941708084E+000 -3.6950035182008236E+001
                     903  1.5292978640202153E+000 -1.9261536227655773E+000  8.4522823545768517E+000  3.4602071608130673E+000 -3.6960473982812303E+001
                     904  1.5292949924878563E+000 -1.9262756241500016E+000  8.4528177189317688E+000  3.4610198342567302E+000 -3.6979996748695314E+001
                     905  1.5292921209554977E+000 -1.9263975000684193E+000  8.4533295501654173E+000  3.4618492114669701E+000 -3.6996324098154446E+001
                     906  1.5292892494231394E+000 -1.9265192458597293E+000  8.4539170835051571E+000  3.4633152758236427E+000 -3.7013856746773925E+001
                     907  1.5292841428530222E+000 -1.9267352738923511E+000  8.4546660472502779E+000  3.4651799926899471E+000 -3.7044775183699350E+001
                     908  1.5292790362829056E+000 -1.9269506971409556E+000  8.4555510086786132E+000  3.4673816163201709E+000 -3.7076260924857230E+001
                     909  1.5292720202289869E+000 -1.9272456958826820E+000  8.4566175942301172E+000  3.4702662849045800E+000 -3.7122823274309681E+001
                     910  1.5292637214436589E+000 -1.9275930885646839E+000  8.4577805702820861E+000  3.4737590269852241E+000 -3.7182034433573087E+001
                     911  1.5292547910348351E+000 -1.9279648492403620E+000  8.4591571647832815E+000  3.4783627204074659E+000 -3.7248030966104857E+001
                     912  1.5292433049054004E+000 -1.9284393440089191E+000  8.4608478196197670E+000  3.4829555467779931E+000 -3.7331934948221637E+001
                     913  1.5292299044210602E+000 -1.9289890387848503E+000  8.4626944354237814E+000  3.4877233822538347E+000 -3.7428159280386502E+001
                     914  1.5292165039367205E+000 -1.9295347928145332E+000  8.4645528247268516E+000  3.4923555756071489E+000 -3.7521245196498754E+001
                     915  1.5292031034523805E+000 -1.9300767891957744E+000  8.4665221239626476E+000  3.4972630022625273E+000 -3.7612023233993988E+001
                     916  1.5291877886131342E+000 -1.9306917057767932E+000  8.4689857136734883E+000  3.5033948534289956E+000 -3.7713023549530440E+001
                     917  1.5291667307091712E+000 -1.9315295550938656E+000  8.4714112985851031E+000  3.5094650307047219E+000 -3.7847310025598418E+001
                     918  1.5291514158699251E+000 -1.9321334424557848E+000  8.4734291226137213E+000  3.5145044148418019E+000 -3.7941756113688257E+001
                     919  1.5291361010306792E+000 -1.9327328490304727E+000  8.4754236634119469E+000  3.5194875928634652E+000 -3.8033606442424393E+001
                     920  1.5291207861914329E+000 -1.9333278668407126E+000  8.4773954900917463E+000  3.5244159177691508E+000 -3.8122951609829578E+001
                     921  1.5291054713521870E+000 -1.9339185849006044E+000  8.4793451503485606E+000  3.5292906891941347E+000 -3.8209878060133818E+001
                     922  1.5290901565129413E+000 -1.9345050893555755E+000  8.4812731719253005E+000  3.5341131640386432E+000 -3.8294468322787587E+001
                     923  1.5290748416736950E+000 -1.9350874636035649E+000  8.4841303718443051E+000  3.5412195565629494E+000 -3.8376801233367843E+001
                     924  1.5290442119952030E+000 -1.9362401935283045E+000  8.4869325183445046E+000  3.5482783865013690E+000 -3.8535028004084189E+001
                     925  1.5290288971559569E+000 -1.9368106524696282E+000  8.4892392754835058E+000  3.5540397047612662E+000 -3.8611028387960033E+001
                     926  1.5290059248970875E+000 -1.9376592123995300E+000  8.4919657525387322E+000  3.5608731705864178E+000 -3.8721355264832731E+001
                     927  1.5289829526382188E+000 -1.9384994114857179E+000  8.4942042373796038E+000  3.5665023883219957E+000 -3.8827448140116694E+001
                     928  1.5289676377989727E+000 -1.9390550031960783E+000  8.4959760812131666E+000  3.5709467965551283E+000 -3.8895916841678279E+001
                     929  1.5289523229597266E+000 -1.9396070460651300E+000  8.4986047377039586E+000  3.5775059861533878E+000 -3.8962647709835160E+001
                     930  1.5289216932812348E+000 -1.9407007795418720E+000  8.5020448237328541E+000  3.5861444757034509E+000 -3.9091133540646005E+001
                     931  1.5288910636027431E+000 -1.9417810538624574E+000  8.5045782199916555E+000  3.5925444297661948E+000 -3.9213280274663049E+001
                     932  1.5288757487634970E+000 -1.9423162686409203E+000  8.5062496329120005E+000  3.5967451275725604E+000 -3.9272081967439320E+001
                     933  1.5288604339242506E+000 -1.9428482890032270E+000  8.5079054866282213E+000  3.6009080255175880E+000 -3.9329435896938648E+001
                     934  1.5288451190850045E+000 -1.9433771684736501E+000  8.5095460908342435E+000  3.6050338634392585E+000 -3.9385384058100854E+001
                     935  1.5288298042457589E+000 -1.9439029591484718E+000  8.5111717459887135E+000  3.6091233602309907E+000 -3.9439966831708972E+001
                     936  1.5288144894065128E+000 -1.9444257117469428E+000  8.5127827434601357E+000  3.6131772132969986E+000 -3.9493223128868941E+001
                     937  1.5287991745672664E+000 -1.9449454756615439E+000  8.5143793666887735E+000  3.6171961016010554E+000 -3.9545190386399199E+001
                     938  1.5287838597280208E+000 -1.9454622990033099E+000  8.5163566208143102E+000  3.6221619574439581E+000 -3.9595904650535275E+001
                     939  1.5287608874691516E+000 -1.9462321332522206E+000  8.5186994297415044E+000  3.6280636566280893E+000 -3.9669708060053949E+001
                     940  1.5287379152102825E+000 -1.9469956094522780E+000  8.5206275332632249E+000  3.6329348132668815E+000 -3.9740882031016959E+001
                     941  1.5287226003710361E+000 -1.9475011277290943E+000  8.5223946326895881E+000  3.6373824550494649E+000 -3.9786919866402570E+001
                     942  1.5287024996445260E+000 -1.9481605076601713E+000  8.5240704216849839E+000  3.6416299216390149E+000 -3.9845258663858317E+001
                     943  1.5286886205714592E+000 -1.9486130978325924E+000  8.5251198456721475E+000  3.6443584364267965E+000 -3.9886764228638839E+001
                     944  1.5286808003848549E+000 -1.9488671326929456E+000  8.5257591371295121E+000  3.6459267002078053E+000 -3.9912505900792745E+001
                     945  1.5286756986758454E+000 -1.9490325011819947E+000  8.5262713634464937E+000  3.6474806941262816E+000 -3.9931676662115862E+001
                     946  1.5286702714328728E+000 -1.9492079997767056E+000  8.5266816300730639E+000  3.6496967484941472E+000 -3.9952585666156992E+001
                     947  1.5286672419896419E+000 -1.9493055550481606E+000  8.5268902435124687E+000  3.6504246482550120E+000 -3.9959779403136451E+001
                     948  1.5286659641343348E+000 -1.9493466557932555E+000  8.5269934274967412E+000  3.6507324574695010E+000 -3.9962618809810841E+001
                     949  1.5286651099002728E+000 -1.9493741182847433E+000  8.5271128767158455E+000  3.6510659738647337E+000 -3.9964513859789506E+001
                     950  1.5286634946633211E+000 -1.9494260203716720E+000  8.5272928559539540E+000  3.6515367811216932E+000 -3.9968134061959709E+001
                     951  1.5286613858817450E+000 -1.9494937359817603E+000  8.5274661455145484E+000  3.6519779077336225E+000 -3.9973007663479862E+001
                     952  1.5286599052478722E+000 -1.9495412516235719E+000  8.5276068276080910E+000  3.6523340055120710E+000 -3.9976521515367459E+001
                     953  1.5286584694816934E+000 -1.9495873045140257E+000  8.5278144283270070E+000  3.6528582649367842E+000 -3.9979987898658500E+001
                     954  1.5286555979493344E+000 -1.9496793430625918E+000  8.5282289630543566E+000  3.6539037422169893E+000 -3.9987050275486290E+001
                     955  1.5286498548846170E+000 -1.9498631525948684E+000  8.5290553793879944E+000  3.6559861298695351E+000 -4.0001329140227426E+001
                     956  1.5286383687551826E+000 -1.9502297092428211E+000  8.5299685519131909E+000  3.6582944478545971E+000 -4.0027696692397996E+001
                     957  1.5286307113355595E+000 -1.9504732977567265E+000  8.5310592792904441E+000  3.6610422091108310E+000 -4.0044975686441013E+001
                     958  1.5286153964963134E+000 -1.9509586223035749E+000  8.5332225065575518E+000  3.6664808467361660E+000 -4.0078834531131982E+001
                     959  1.5285847668178214E+000 -1.9519219988505718E+000  8.5353554762415431E+000  3.6718964238895038E+000 -4.0143845455739324E+001
                     960  1.5285694519785755E+000 -1.9524000928649086E+000  8.5367653115564988E+000  3.6754602838083237E+000 -4.0175027976040738E+001
                     961  1.5285541371393292E+000 -1.9528758444202734E+000  8.5381643475961368E+000  3.6789977483216703E+000 -4.0205158561781133E+001
                     962  1.5285388223000833E+000 -1.9533492861604593E+000  8.5393794540625265E+000  3.6820743934747209E+000 -4.0234322741588620E+001
                     963  1.5285273361706488E+000 -1.9537028694936618E+000  8.5404148773687432E+000  3.6846936016237994E+000 -4.0255721450743913E+001
                     964  1.5285158500412137E+000 -1.9540551847306589E+000  8.5412754132177398E+000  3.6868606785782676E+000 -4.0276847197239711E+001
                     965  1.5285081926215909E+000 -1.9542893663987637E+000  8.5419576668656489E+000  3.6885955092130240E+000 -4.0290711577473196E+001
                     966  1.5285005352019678E+000 -1.9545229916466431E+000  8.5424464782929572E+000  3.6899525414834167E+000 -4.0304405128275377E+001
                     967  1.5284967064921566E+000 -1.9546395807880912E+000  8.5427670747085127E+000  3.6908673690958316E+000 -4.0310813807329268E+001
                     968  1.5284928777823452E+000 -1.9547560182731687E+000  8.5432332899877128E+000  3.6922737550067724E+000 -4.0316861988167076E+001
                     969  1.5284852203627222E+000 -1.9549884201604042E+000  8.5438099927377067E+000  3.6942639534502746E+000 -4.0324019489650539E+001
                     970  1.5284775629430991E+000 -1.9552201306104848E+000  8.5443051381957442E+000  3.6964687184012686E+000 -4.0334588371248707E+001
                     971  1.5284699055234758E+000 -1.9554510363778532E+000  8.5448828928386042E+000  3.6984300519437978E+000 -4.0359839563629571E+001
                     972  1.5284622481038528E+000 -1.9556812680954356E+000  8.5455079811516743E+000  3.7002466778798331E+000 -4.0388795257283832E+001
                     973  1.5284545906842300E+000 -1.9559109032254600E+000  8.5461778070790935E+000  3.7019259146709542E+000 -4.0412657882949162E+001
                     974  1.5284469332646071E+000 -1.9561400148958410E+000  8.5472148885651382E+000  3.7043281398050789E+000 -4.0436537194789516E+001
                     975  1.5284316184253610E+000 -1.9565967913190774E+000  8.5485342266716575E+000  3.7076681266432816E+000 -4.0487132597120812E+001
                     976  1.5284163035861147E+000 -1.9570514975633990E+000  8.5501710794921841E+000  3.7118042165515837E+000 -4.0537064561604133E+001
                     977  1.5283933313272458E+000 -1.9577297405202052E+000  8.5516301238357890E+000  3.7155119463700732E+000 -4.0610592625907479E+001
                     978  1.5283818451978113E+000 -1.9580671609396969E+000  8.5523556324879415E+000  3.7173529569715598E+000 -4.0646750652885281E+001
                     979  1.5283761021330939E+000 -1.9582354512048297E+000  8.5527173923633466E+000  3.7182702874010762E+000 -4.0664681251079919E+001
                     980  1.5283732306007352E+000 -1.9583194920059126E+000  8.5529506950977154E+000  3.7188614715081862E+000 -4.0673609822957459E+001
                     981  1.5283705385391486E+000 -1.9583982173243102E+000  8.5531511456257530E+000  3.7193694877188230E+000 -4.0681958552345442E+001
                     982  1.5283684447134704E+000 -1.9584594061070093E+000  8.5533188609610864E+000  3.7197945054234038E+000 -4.0688437178860802E+001
                     983  1.5283665303585647E+000 -1.9585153180238053E+000  8.5535589379559820E+000  3.7204025688653135E+000 -4.0694349118869553E+001
                     984  1.5283627016487531E+000 -1.9586270500748997E+000  8.5540382209571977E+000  3.7216159294402784E+000 -4.0706140899338990E+001
                     985  1.5283550442291300E+000 -1.9588501485593144E+000  8.5549933233695654E+000  3.7240316724682936E+000 -4.0729596921877985E+001
                     986  1.5283397293898844E+000 -1.9592948950318820E+000  8.5568898347192714E+000  3.7288199291429738E+000 -4.0776005592144308E+001
                     987  1.5283090997113919E+000 -1.9601786798656149E+000  8.5587636235475877E+000  3.7335920815798977E+000 -4.0866862078937793E+001
                     988  1.5282937848721463E+000 -1.9606177452305333E+000  8.5600036205007957E+000  3.7367378281945789E+000 -4.0911326317646449E+001
                     989  1.5282784700329004E+000 -1.9610549630553569E+000  8.5618500387140450E+000  3.7414042722336602E+000 -4.0955168169066454E+001
                     990  1.5282478403544086E+000 -1.9619239640070585E+000  8.5642816598452445E+000  3.7475774831184183E+000 -4.1041042667564511E+001
                     991  1.5282172106759164E+000 -1.9627858371803097E+000  8.5666821666189676E+000  3.7536743337259204E+000 -4.1124569877303514E+001
                     992  1.5281865809974247E+000 -1.9636407497477066E+000  8.5690524189227926E+000  3.7596969067807109E+000 -4.1205838303441361E+001
                     993  1.5281559513189324E+000 -1.9644888626624248E+000  8.5708822668849027E+000  3.7643639041532917E+000 -4.1284931561653075E+001
                     994  1.5281387221247811E+000 -1.9649629878090411E+000  8.5718996272005672E+000  3.7669555054837165E+000 -4.1328492764053806E+001
                     995  1.5281291503502523E+000 -1.9652254906210787E+000  8.5725772935332341E+000  3.7685377280962991E+000 -4.1352413284717137E+001
                     996  1.5281214929306295E+000 -1.9654350706376260E+000  8.5729816087486803E+000  3.7697210417704947E+000 -4.1372173222802637E+001
                     997  1.5281176642208176E+000 -1.9655396889926342E+000  8.5731698276252075E+000  3.7703501909184194E+000 -4.1381591048326470E+001
                     998  1.5281157498659121E+000 -1.9655919507572372E+000  8.5732898181732846E+000  3.7707843943324737E+000 -4.1385979156623044E+001
                     999  1.5281138355110064E+000 -1.9656441791427730E+000  8.5734037767924907E+000  3.7712351526617098E+000 -4.1390155489880470E+001
                    1000  1.5281119211561005E+000 -1.9656963721685730E+000  8.5734843119663697E+000  3.7715869054408437E+000 -4.1394121084148935E+001
                    1001  1.5281109639786477E+000 -1.9657224546040430E+000  8.5735362803539310E+000  3.7718261088645946E+000 -4.1396013300660584E+001
                    1002  1.5281100068011946E+000 -1.9657485273738893E+000  8.5735780894601525E+000  3.7720297879454496E+000 -4.1397901207691426E+001
                    1003  1.5281093678735413E+000 -1.9657659257183222E+000  8.5736107952934013E+000  3.7721949830931085E+000 -4.1399169238250373E+001
                    1004  1.5281087289458879E+000 -1.9657833195361523E+000  8.5736347367289127E+000  3.7723205439554812E+000 -4.1400506656119219E+001
                    1005  1.5281084094820612E+000 -1.9657920147145054E+000  8.5736505318143212E+000  3.7724047145966715E+000 -4.1401228085070720E+001
                    1006  1.5281080900182344E+000 -1.9658007087299567E+000  8.5736661618083332E+000  3.7724893569093090E+000 -4.1401994221859908E+001
                    1007  1.5281077705544077E+000 -1.9658094015731500E+000  8.5736816615892888E+000  3.7725743764239601E+000 -4.1402815721243215E+001
                    1008  1.5281074510905812E+000 -1.9658180932366252E+000  8.5736931482895571E+000  3.7726381777497835E+000 -4.1403716728995263E+001
                    1009  1.5281072931797088E+000 -1.9658223890848230E+000  8.5737007277152522E+000  3.7726804467174682E+000 -4.1404202681395908E+001
                    1010  1.5281071352688365E+000 -1.9658266846423973E+000  8.5737121555853637E+000  3.7727444242947303E+000 -4.1404716386307001E+001
                    1011  1.5281068158050093E+000 -1.9658353739405794E+000  8.5737274277248154E+000  3.7728301497470955E+000 -4.1405848651550812E+001
                    1012  1.5281064963411828E+000 -1.9658440620451862E+000  8.5737426873267673E+000  3.7729159475810898E+000 -4.1407117945057344E+001
                    1013  1.5281061768773561E+000 -1.9658527489548663E+000  8.5737580193691141E+000  3.7730015878972019E+000 -4.1408542092146234E+001
                    1014  1.5281058574135296E+000 -1.9658614346728600E+000  8.5737734350978148E+000  3.7730870521021251E+000 -4.1410108372554447E+001
                    1015  1.5281055379497026E+000 -1.9658701192027805E+000  8.5737890138513713E+000  3.7731721310027044E+000 -4.1411819160937192E+001
                    1016  1.5281052184858761E+000 -1.9658788025524261E+000  8.5738047641774298E+000  3.7732568193438922E+000 -4.1413647208671982E+001
                    1017  1.5281048990220492E+000 -1.9658874847296932E+000  8.5738207425153146E+000  3.7733409797229696E+000 -4.1415571380160202E+001
                    1018  1.5281045795582229E+000 -1.9658961657452219E+000  8.5738328545492628E+000  3.7734034786069750E+000 -4.1417575845997391E+001
                    1019  1.5281044216473505E+000 -1.9659004563433109E+000  8.5738409310113948E+000  3.7734446865403326E+000 -4.1418584986050952E+001
                    1020  1.5281042637364781E+000 -1.9659047466614550E+000  8.5738532352594490E+000  3.7735067663472006E+000 -4.1419610962719808E+001
                    1021  1.5281039442726512E+000 -1.9659134253984785E+000  8.5738699996957770E+000  3.7735892328400769E+000 -4.1421760745947424E+001
                    1022  1.5281036248088244E+000 -1.9659221030078635E+000  8.5738955908964289E+000  3.7737120524363634E+000 -4.1423951524301984E+001
                    1023  1.5281029858811712E+000 -1.9659394548791291E+000  8.5739485711011199E+000  3.7739546561004165E+000 -4.1428321010619186E+001
                    1024  1.5281017080258641E+000 -1.9659741454759763E+000  8.5740237768611518E+000  3.7742739664299494E+000 -4.1437015192515965E+001
                    1025  1.5281004350266663E+000 -1.9660086871005000E+000  8.5741233894531081E+000  3.7746811876449580E+000 -4.1445571104491250E+001
                    1026  1.5280985206717610E+000 -1.9660605981179344E+000  8.5742528045348489E+000  3.7752442528013583E+000 -4.1458220872465994E+001
                    1027  1.5280966063168548E+000 -1.9661124604612592E+000  8.5743566833607083E+000  3.7758317373642205E+000 -4.1470428390065599E+001
                    1028  1.5280956491394020E+000 -1.9661383635352181E+000  8.5744101456740172E+000  3.7762022402826667E+000 -4.1476161133222419E+001
                    1029  1.5280951705506753E+000 -1.9661513057640836E+000  8.5744369306413155E+000  3.7764134458872642E+000 -4.1478887014527821E+001
                    1030  1.5280949312563121E+000 -1.9661577741658989E+000  8.5744525535552345E+000  3.7765452199150165E+000 -4.1480206766181119E+001
                    1031  1.5280947517855399E+000 -1.9661626241850860E+000  8.5744637119573657E+000  3.7766442466567165E+000 -4.1481175688414552E+001
                    1032  1.5280946321383579E+000 -1.9661658568842897E+000  8.5744704066690289E+000  3.7767057155541037E+000 -4.1481810927180561E+001
                    1033  1.5280945723147670E+000 -1.9661674730322005E+000  8.5744748696886308E+000  3.7767473982159037E+000 -4.1482125174416730E+001
                    1034  1.5280945124911762E+000 -1.9661690890430426E+000  8.5744794548350658E+000  3.7767894502277191E+000 -4.1482437118881919E+001
                    1035  1.5280944526675853E+000 -1.9661707049154520E+000  8.5744863415760477E+000  3.7768535962767946E+000 -4.1482746732250909E+001
                    1036  1.5280943330204035E+000 -1.9661739362370714E+000  8.5744955474878530E+000  3.7769420469690971E+000 -4.1483357399410096E+001
                    1037  1.5280942133732223E+000 -1.9661771669727530E+000  8.5745093904974041E+000  3.7770792694251689E+000 -4.1483960869397883E+001
                    1038  1.5280939740788591E+000 -1.9661836266190287E+000  8.5745279406776191E+000  3.7772747257138959E+000 -4.1485138941845257E+001
                    1039  1.5280937347844954E+000 -1.9661900836468236E+000  8.5745559000020570E+000  3.7775873244008182E+000 -4.1486327823204093E+001
                    1040  1.5280932561957694E+000 -1.9662029892734598E+000  8.5745937421285312E+000  3.7780436417029901E+000 -4.1488952549923326E+001
                    1041  1.5280927776070425E+000 -1.9662158824959675E+000  8.5746321015931102E+000  3.7785359733633128E+000 -4.1491536845852330E+001
                    1042  1.5280922990183166E+000 -1.9662287622570052E+000  8.5746708960526270E+000  3.7790566119135445E+000 -4.1493788751751275E+001
                    1043  1.5280918204295897E+000 -1.9662416277308077E+000  8.5747243883867377E+000  3.7798763009436125E+000 -4.1495780841850838E+001
                    1044  1.5280908632521371E+000 -1.9662673135793787E+000  8.5747956837050729E+000  3.7809299587599958E+000 -4.1498939109786726E+001
                    1045  1.5280899060746842E+000 -1.9662929417278354E+000  8.5748847648112214E+000  3.7819997669864005E+000 -4.1501045808009337E+001
                    1046  1.5280884703085049E+000 -1.9663312978468588E+000  8.5749916007948528E+000  3.7827123110476060E+000 -4.1502698052750532E+001
                    1047  1.5280870345423254E+000 -1.9663696012271894E+000  8.5751161682036248E+000  3.7831357993588219E+000 -4.1503597348836998E+001
                    1048  1.5280851201874197E+000 -1.9664206383708731E+000  8.5752584256974203E+000  3.7835266227272943E+000 -4.1504623763291505E+001
                    1049  1.5280832058325142E+000 -1.9664716475819952E+000  8.5754085436846434E+000  3.7838891216531252E+000 -4.1505698060774712E+001
                    1050  1.5280812914776081E+000 -1.9665226321916811E+000  8.5755563507962851E+000  3.7842735536377794E+000 -4.1506887468716918E+001
                    1051  1.5280793771227026E+000 -1.9665735896291217E+000  8.5757750832585753E+000  3.7848817526971930E+000 -4.1508175973259561E+001
                    1052  1.5280755484128909E+000 -1.9666754155965591E+000  8.5760608566012735E+000  3.7855962611805554E+000 -4.1511006861744200E+001
                    1053  1.5280717197030798E+000 -1.9667771456729413E+000  8.5764826021855729E+000  3.7866828859308019E+000 -4.1514078308247548E+001
                    1054  1.5280640622834565E+000 -1.9669803112182624E+000  8.5773073513706066E+000  3.7888931652197968E+000 -4.1520731441055908E+001
                    1055  1.5280487474442106E+000 -1.9673854297356432E+000  8.5783828231718751E+000  3.7918807081766834E+000 -4.1534999927035962E+001
                    1056  1.5280334326049647E+000 -1.9677888961886056E+000  8.5799742975940063E+000  3.7963923468490117E+000 -4.1549413633524573E+001
                    1057  1.5280028029264723E+000 -1.9685908206458878E+000  8.5820840215681802E+000  3.8022766176668101E+000 -4.1577523623531938E+001
                    1058  1.5279721732479807E+000 -1.9693863301045387E+000  8.5852239524707592E+000  3.8108909077192878E+000 -4.1604127006356222E+001
                    1059  1.5279109138909965E+000 -1.9709589059200234E+000  8.5883127032547559E+000  3.8194224531167773E+000 -4.1652783957522416E+001
                    1060  1.5278802842125048E+000 -1.9717361840458074E+000  8.5903463640510456E+000  3.8250050447444330E+000 -4.1675000135131256E+001
                    1061  1.5278496545340130E+000 -1.9725076503800181E+000  8.5923561607283130E+000  3.8305336345279599E+000 -4.1695913005434093E+001
                    1062  1.5278190248555212E+000 -1.9732734131363934E+000  8.5943419554561906E+000  3.8360114690890472E+000 -4.1715587623171217E+001
                    1063  1.5277883951770292E+000 -1.9740335736349175E+000  8.5963040276502856E+000  3.8414405055823644E+000 -4.1734080799643117E+001
                    1064  1.5277577654985368E+000 -1.9747882287011518E+000  8.5982429510543810E+000  3.8468217646534617E+000 -4.1751444223693646E+001
                    1065  1.5277271358200453E+000 -1.9755374723806987E+000  8.6011146425664311E+000  3.8547631341511983E+000 -4.1767726187968080E+001
                    1066  1.5276658764630611E+000 -1.9770201892937815E+000  8.6039312865997584E+000  3.8626741910363385E+000 -4.1797245465409354E+001
                    1067  1.5276352467845693E+000 -1.9777537618182981E+000  8.6057877245333998E+000  3.8678602255950758E+000 -4.1810541466312344E+001
                    1068  1.5276046171060773E+000 -1.9784822964298439E+000  8.6085420128836869E+000  3.8755099188351578E+000 -4.1822912836724562E+001
                    1069  1.5275433577490936E+000 -1.9799246959015164E+000  8.6121515277133636E+000  3.8855795790144847E+000 -4.1845016464635400E+001
                    1070  1.5274820983921096E+000 -1.9813480553214722E+000  8.6156968220679708E+000  3.8954536872024343E+000 -4.1863731625216502E+001
                    1071  1.5274208390351256E+000 -1.9827530772047937E+000  8.6183117839355265E+000  3.9027689547030788E+000 -4.1879275775321624E+001
                    1072  1.5273902093566338E+000 -1.9834488867127251E+000  8.6208992117346295E+000  3.9099173205218687E+000 -4.1885923439696924E+001
                    1073  1.5273289499996496E+000 -1.9848276273958061E+000  8.6234501557655392E+000  3.9170231955349899E+000 -4.1897149746103985E+001
                    1074  1.5272983203211581E+000 -1.9855106587128324E+000  8.6257752845609215E+000  3.9234396786310874E+000 -4.1901713025162216E+001
                    1075  1.5272442876150727E+000 -1.9867056220357180E+000  8.6286943687070607E+000  3.9315653716372694E+000 -4.1908147994784805E+001
                    1076  1.5271902549089882E+000 -1.9878881055057875E+000  8.6315274190034135E+000  3.9396942390520384E+000 -4.1912173383349121E+001
                    1077  1.5271362222029030E+000 -1.9890581301206134E+000  8.6344768726351120E+000  3.9472499191220258E+000 -4.1904632000120614E+001
                    1078  1.5270821894968181E+000 -1.9902172626022345E+000  8.6363822331454667E+000  3.9531403179181579E+000 -4.1914670278564984E+001
                    1079  1.5270587864692255E+000 -1.9907153950665979E+000  8.6376334607183178E+000  3.9563467449326479E+000 -4.1913051128323403E+001
                    1080  1.5270353834416328E+000 -1.9912115643490469E+000  8.6392041984756425E+000  3.9609150479444528E+000 -4.1915399582865859E+001
                    1081  1.5269958040373461E+000 -1.9920457330647372E+000  8.6412025657672444E+000  3.9664911209009133E+000 -4.1915115876175463E+001
                    1082  1.5269562246330599E+000 -1.9928740022238272E+000  8.6433923293842447E+000  3.9726580810858416E+000 -4.1913039057278425E+001
                    1083  1.5269076955029790E+000 -1.9938816095437144E+000  8.6457976381201576E+000  3.9793176759058091E+000 -4.1910064807739452E+001
                    1084  1.5268591663728981E+000 -1.9948807853469355E+000  8.6480771257194711E+000  3.9858237282301343E+000 -4.1905144525854162E+001
                    1085  1.5268132218551598E+000 -1.9958189371993957E+000  8.6502703610596203E+000  3.9920749654130137E+000 -4.1900076569642536E+001
                    1086  1.5267672773374219E+000 -1.9967496704789478E+000  8.6524493807369645E+000  3.9982284195650304E+000 -4.1894294759222184E+001
                    1087  1.5267213328196838E+000 -1.9976732051457569E+000  8.6543242313746056E+000  4.0035130010865752E+000 -4.1887595924300456E+001
                    1088  1.5266875205844654E+000 -1.9983483659020171E+000  8.6559011652507873E+000  4.0079470002345277E+000 -4.1882123231761433E+001
                    1089  1.5266537083492477E+000 -1.9990197840326014E+000  8.6582445453503443E+000  4.0145093473951947E+000 -4.1876210229476563E+001
                    1090  1.5265860838788117E+000 -2.0003516622466044E+000  8.6607953540497942E+000  4.0217550955969124E+000 -4.1863148724871245E+001
                    1091  1.5265414316672445E+000 -2.0012231550314201E+000  8.6627993078208210E+000  4.0274465437173212E+000 -4.1853705844504056E+001
                    1092  1.5264967794556774E+000 -2.0020884766993090E+000  8.6651099707607315E+000  4.0340122511390168E+000 -4.1843651868323811E+001
                    1093  1.5264372431735884E+000 -2.0032328419296594E+000  8.6677146610080751E+000  4.0414461749701047E+000 -4.1829353930183558E+001
                    1094  1.5263777068914994E+000 -2.0043666721916247E+000  8.6702858753360488E+000  4.0487850713193332E+000 -4.1814092768853492E+001
                    1095  1.5263181706094102E+000 -2.0054902295523220E+000  8.6725369683124018E+000  4.0552145380572489E+000 -4.1797912674176928E+001
                    1096  1.5262722260916717E+000 -2.0063504184638887E+000  8.6744796043031105E+000  4.0607459230361327E+000 -4.1784820973564294E+001
                    1097  1.5262262815739336E+000 -2.0072047654020708E+000  8.6764049868569852E+000  4.0662211750045625E+000 -4.1771225038622291E+001
                    1098  1.5261803370561955E+000 -2.0080533858162406E+000  8.6778370934984359E+000  4.0703018524774661E+000 -4.1757143512684955E+001
                    1099  1.5261573647973263E+000 -2.0084755773182796E+000  8.6787870398253411E+000  4.0729987980513807E+000 -4.1749924550480337E+001
                    1100  1.5261343925384572E+000 -2.0088963785787777E+000  8.6802047694943134E+000  4.0770098819411826E+000 -4.1742590118782275E+001
                    1101  1.5260884480207189E+000 -2.0097338749569253E+000  8.6820789171069119E+000  4.0823283349752444E+000 -4.1727584172383445E+001
                    1102  1.5260425035029808E+000 -2.0105659622076106E+000  8.6845523843665955E+000  4.0893238490806869E+000 -4.1712137636378323E+001
                    1103  1.5259659293067511E+000 -2.0119410544679437E+000  8.6868432240434696E+000  4.0958475196958117E+000 -4.1685547925959881E+001
                    1104  1.5259276422086354E+000 -2.0126231814538911E+000  8.6883732713637087E+000  4.1000934801809379E+000 -4.1672129507749823E+001
                    1105  1.5258893551105206E+000 -2.0133018543019219E+000  8.6903223885217766E+000  4.1056246741556475E+000 -4.1657805911851106E+001
                    1106  1.5258280957535364E+000 -2.0143805145050178E+000  8.6926901209240253E+000  4.1123922826449775E+000 -4.1634884818857415E+001
                    1107  1.5257668363965524E+000 -2.0154504063857894E+000  8.6950306861690034E+000  4.1190840637882387E+000 -4.1611422686561511E+001
                    1108  1.5257055770395682E+000 -2.0165117229417380E+000  8.6973421831545945E+000  4.1257094839311383E+000 -4.1587368990702338E+001
                    1109  1.5256443176825840E+000 -2.0175646320260130E+000  8.6996248501309523E+000  4.1322716013426950E+000 -4.1562779925549357E+001
                    1110  1.5255830583256000E+000 -2.0186092924073362E+000  8.7018806958195736E+000  4.1387678816806295E+000 -4.1537706788067176E+001
                    1111  1.5255217989686161E+000 -2.0196458673626125E+000  8.7035557888849020E+000  4.1436084146840582E+000 -4.1512190356982970E+001
                    1112  1.5254911692901238E+000 -2.0201611656407996E+000  8.7046661598463739E+000  4.1468030681944663E+000 -4.1499268941531810E+001
                    1113  1.5254605396116321E+000 -2.0206745078795887E+000  8.7063223179534130E+000  4.1515475417142307E+000 -4.1486239543788294E+001
                    1114  1.5253992802546479E+000 -2.0216954314927018E+000  8.7085090545598618E+000  4.1578344531452034E+000 -4.1459855475510331E+001
                    1115  1.5253380208976641E+000 -2.0227087774869976E+000  8.7106688081909240E+000  4.1640694327621475E+000 -4.1433019134004290E+001
                    1116  1.5252767615406793E+000 -2.0237146701640647E+000  8.7128023857800390E+000  4.1702531367906674E+000 -4.1405809914496615E+001
                    1117  1.5252155021836951E+000 -2.0247132312459710E+000  8.7149128931129223E+000  4.1763793705542724E+000 -4.1378277074194934E+001
                    1118  1.5251542428267102E+000 -2.0257045956077606E+000  8.7170023168483368E+000  4.1824450775942577E+000 -4.1350428925553814E+001
                    1119  1.5250929834697253E+000 -2.0266889038379614E+000  8.7190716333823399E+000  4.1884500834508271E+000 -4.1322273250842848E+001
                    1120  1.5250317241127416E+000 -2.0276662955955440E+000  8.7211227278038539E+000  4.1943915338136799E+000 -4.1293838698479533E+001
                    1121  1.5249704647557571E+000 -2.0286369156293094E+000  8.7231590708704143E+000  4.2002617592977050E+000 -4.1265160612050884E+001
                    1122  1.5249092053987729E+000 -2.0296009243878781E+000  8.7251806620672099E+000  4.2060631980743066E+000 -4.1236214485955657E+001
                    1123  1.5248479460417887E+000 -2.0305584753373327E+000  8.7266795761893103E+000  4.2104023567876530E+000 -4.1206905064270458E+001
                    1124  1.5248173163632972E+000 -2.0310348451292652E+000  8.7276721347574817E+000  4.2132746229071056E+000 -4.1192156893527915E+001
                    1125  1.5247866866848052E+000 -2.0315096319813812E+000  8.7291513955135365E+000  4.2175518238750271E+000 -4.1177357445620913E+001
                    1126  1.5247254273278212E+000 -2.0324545201583408E+000  8.7320777268116156E+000  4.2260066194807164E+000 -4.1147623463235988E+001
                    1127  1.5246029086138528E+000 -2.0343259685991355E+000  8.7350211785041090E+000  4.2346027086010611E+000 -4.1087620660845388E+001
                    1128  1.5245378082532437E+000 -2.0353105439639334E+000  8.7370424157551945E+000  4.2404699323089803E+000 -4.1055423867743151E+001
                    1129  1.5244727078926341E+000 -2.0362885140495535E+000  8.7390444272453500E+000  4.2462842317190095E+000 -4.1023030522620914E+001
                    1130  1.5244076075320248E+000 -2.0372599976253718E+000  8.7410274104616956E+000  4.2520472895740928E+000 -4.0990454863868223E+001
                    1131  1.5243425071714152E+000 -2.0382251087184988E+000  8.7429916792372442E+000  4.2577603776677826E+000 -4.0957710484822698E+001
                    1132  1.5242774068108056E+000 -2.0391839576083854E+000  8.7449375953784667E+000  4.2634245817363485E+000 -4.0924809740694847E+001
                    1133  1.5242123064501962E+000 -2.0401366513005561E+000  8.7468655219006077E+000  4.2690408997134348E+000 -4.0891763954454504E+001
                    1134  1.5241472060895869E+000 -2.0410832937732959E+000  8.7487757970362097E+000  4.2746103384238943E+000 -4.0858583489881823E+001
                    1135  1.5240821057289777E+000 -2.0420239860079787E+000  8.7506687227952309E+000  4.2801339488925070E+000 -4.0825278056631532E+001
                    1136  1.5240170053683681E+000 -2.0429588259423355E+000  8.7525445677925244E+000  4.2856128234171260E+000 -4.0791857056774163E+001
                    1137  1.5239519050077588E+000 -2.0438879084311008E+000  8.7544035748321001E+000  4.2910480744532293E+000 -4.0758329468828208E+001
                    1138  1.5238868046471490E+000 -2.0448113252525291E+000  8.7562459729760747E+000  4.2964408094642881E+000 -4.0724703979697374E+001
                    1139  1.5238217042865398E+000 -2.0457291651679901E+000  8.7580719835000469E+000  4.3017921017732137E+000 -4.0690988824863219E+001
                    1140  1.5237566039259305E+000 -2.0466415140414393E+000  8.7598818182841960E+000  4.3071029884131109E+000 -4.0657191950646265E+001
                    1141  1.5236915035653207E+000 -2.0475484549604523E+000  8.7616756645503244E+000  4.3123745420603594E+000 -4.0623320832865808E+001
                    1142  1.5236264032047111E+000 -2.0484500682045677E+000  8.7634536631324895E+000  4.3176079297211771E+000 -4.0589382406808724E+001
                    1143  1.5235613028441017E+000 -2.0493464310927370E+000  8.7660943797187603E+000  4.3253482898240989E+000 -4.0555383362825786E+001
                    1144  1.5234311021228828E+000 -2.0511238184809906E+000  8.7686961113504704E+000  4.3330839550124400E+000 -4.0487242844432579E+001
                    1145  1.5233660017622734E+000 -2.0520048798590032E+000  8.7704162609125245E+000  4.3381633351355200E+000 -4.0453130313328920E+001
                    1146  1.5233009014016639E+000 -2.0528809977727969E+000  8.7721262646995442E+000  4.3431950426425114E+000 -4.0419006507181379E+001
                    1147  1.5232358010410547E+000 -2.0537522661259535E+000  8.7738255277062525E+000  4.3481821621590901E+000 -4.0384844765935114E+001
                    1148  1.5231707006804449E+000 -2.0546187719547491E+000  8.7763481612820122E+000  4.3555710871815494E+000 -4.0350602310111597E+001
                    1149  1.5230404999592262E+000 -2.0563378238692964E+000  8.7789442195900573E+000  4.3632433154714834E+000 -4.0282135157121125E+001
                    1150  1.5229672620535404E+000 -2.0572966898827292E+000  8.7807999961165546E+000  4.3686798514547718E+000 -4.0243623636182022E+001
                    1151  1.5228940241478548E+000 -2.0582499019154423E+000  8.7835632925055087E+000  4.3766947410716392E+000 -4.0205101058114991E+001
                    1152  1.5227475483364836E+000 -2.0601399252896755E+000  8.7862943112235801E+000  4.3846809306738237E+000 -4.0128010876666401E+001
                    1153  1.5226743104307976E+000 -2.0610768262908272E+000  8.7880968189175359E+000  4.3899304719705174E+000 -4.0089433279644062E+001
                    1154  1.5226010725251120E+000 -2.0620084638266940E+000  8.7907712784070675E+000  4.3977046921227840E+000 -4.0050846876613306E+001
                    1155  1.5224545967137406E+000 -2.0638563269798951E+000  8.7934937473303858E+000  4.4057918864173153E+000 -3.9973694731486745E+001
                    1156  1.5223732212629788E+000 -2.0648740051820678E+000  8.7954159435116743E+000  4.4114971391883655E+000 -3.9930881917409188E+001
                    1157  1.5222918458122170E+000 -2.0658854657086758E+000  8.7973197334441657E+000  4.4171623445289585E+000 -3.9888120145389344E+001
                    1158  1.5222104703614552E+000 -2.0668907963758665E+000  8.7992072808165300E+000  4.4227829177484264E+000 -3.9845414791506869E+001
                    1159  1.5221290949106936E+000 -2.0678900950517805E+000  8.8012670766209542E+000  4.4289038952080011E+000 -3.9802766750852037E+001
                    1160  1.5220314443697791E+000 -2.0690814500681149E+000  8.8034952953161181E+000  4.4355202512690015E+000 -3.9751664454687557E+001
                    1161  1.5219337938288651E+000 -2.0702644545722344E+000  8.8057045995524010E+000  4.4420670400529749E+000 -3.9700640900593889E+001
                    1162  1.5218361432879506E+000 -2.0714392882384849E+000  8.8078945859165483E+000  4.4485481663522437E+000 -3.9649696104569053E+001
                    1163  1.5217384927470361E+000 -2.0726061187295337E+000  8.8099743208473029E+000  4.4547053178343603E+000 -3.9598832803758690E+001
                    1164  1.5216489797511981E+000 -2.0736688085929029E+000  8.8119459248069347E+000  4.4605432723669134E+000 -3.9552283973844190E+001
                    1165  1.5215594667553600E+000 -2.0747250104650568E+000  8.8148731735298469E+000  4.4691669525165292E+000 -3.9505813208015482E+001
                    1166  1.5213804407636839E+000 -2.0768185202486249E+000  8.8175813060023227E+000  4.4772819979531775E+000 -3.9413135217899026E+001
                    1167  1.5213072028579986E+000 -2.0776676947917179E+000  8.8191399467325731E+000  4.4819243073464046E+000 -3.9375327627127632E+001
                    1168  1.5212339649523130E+000 -2.0785127713199034E+000  8.8214586614440549E+000  4.4888052867452455E+000 -3.9337586899550395E+001
                    1169  1.5210874891409421E+000 -2.0801909108386054E+000  8.8237494168458070E+000  4.4956881860128961E+000 -3.9262315844543259E+001
                    1170  1.5210142512352565E+000 -2.0810239853042272E+000  8.8252638311569793E+000  4.5002244313883315E+000 -3.9224779496397510E+001
                    1171  1.5209410133295709E+000 -2.0818531502676612E+000  8.8275152829802899E+000  4.5069566864178823E+000 -3.9187308070870735E+001
                    1172  1.5207945375181997E+000 -2.0834999884962779E+000  8.8297388569909714E+000  4.5136958519142381E+000 -3.9112609827437446E+001
                    1173  1.5207212996125141E+000 -2.0843176627286057E+000  8.8312466773390774E+000  4.5180288312851964E+000 -3.9075692499040969E+001
                    1174  1.5206480617068285E+000 -2.0851317951450796E+000  8.8334318557658236E+000  4.5246290334081838E+000 -3.9038200850419230E+001
                    1175  1.5205015858954576E+000 -2.0867490191895914E+000  8.8356813933152214E+000  4.5314446935822215E+000 -3.8964171432729543E+001
                    1176  1.5204202104446958E+000 -2.0876411893357010E+000  8.8372790415438089E+000  4.5362476400698695E+000 -3.8923184758315095E+001
                    1177  1.5203388349939342E+000 -2.0885289884365510E+000  8.8396596311178666E+000  4.5433533919859208E+000 -3.8882288900650686E+001
                    1178  1.5201760840924106E+000 -2.0902918284533856E+000  8.8421748723741906E+000  4.5509064603596903E+000 -3.8800798521979644E+001
                    1179  1.5200784335514963E+000 -2.0913414470155027E+000  8.8440470315303159E+000  4.5564945584912140E+000 -3.8752097021931228E+001
                    1180  1.5199807830105825E+000 -2.0923851656098611E+000  8.8459062969542703E+000  4.5620361060602228E+000 -3.8703540479963515E+001
                    1181  1.5198831324696682E+000 -2.0934230867152395E+000  8.8477522877386559E+000  4.5675337087724843E+000 -3.8655126991444845E+001
                    1182  1.5197854819287537E+000 -2.0944553059821542E+000  8.8495843599529334E+000  4.5729907026042422E+000 -3.8606855487817995E+001
                    1183  1.5196878313878399E+000 -2.0954819105991951E+000  8.8514017972376795E+000  4.5784105868735230E+000 -3.8558726215319432E+001
                    1184  1.5195901808469261E+000 -2.0965029790282150E+000  8.8541023156367480E+000  4.5864317747033478E+000 -3.8510741058568890E+001
                    1185  1.5193948797650980E+000 -2.0985289422616171E+000  8.8567640996855541E+000  4.5944676634467374E+000 -3.8415218992134569E+001
                    1186  1.5192972292241838E+000 -2.0995338232128780E+000  8.8585224232121735E+000  4.5997540880718404E+000 -3.8367690537514939E+001
                    1187  1.5191995786832695E+000 -2.1005334432426670E+000  8.8611372637017993E+000  4.6075776377199222E+000 -3.8320321244518581E+001
                    1188  1.5190042776014414E+000 -2.1025173173135396E+000  8.8637242374792660E+000  4.6153914629718775E+000 -3.8226067558266628E+001
                    1189  1.5189066270605274E+000 -2.1035016118969034E+000  8.8654364685923497E+000  4.6205258617000640E+000 -3.8179175741180693E+001
                    1190  1.5188089765196133E+000 -2.1044809579237143E+000  8.8671384060276335E+000  4.6256215015791442E+000 -3.8132439647708999E+001
                    1191  1.5187113259786988E+000 -2.1054554341929923E+000  8.8688300826895166E+000  4.6306793582299628E+000 -3.8085856508757729E+001
                    1192  1.5186136754377848E+000 -2.1064251169151471E+000  8.8713493759339723E+000  4.6381620887790769E+000 -3.8039424086417881E+001
                    1193  1.5184183743559563E+000 -2.1083504999111948E+000  8.8746699251622854E+000  4.6480684930794469E+000 -3.7947011104381964E+001
                    1194  1.5182230732741282E+000 -2.1102575382337490E+000  8.8769936236730995E+000  4.6550496839901045E+000 -3.7855197566354839E+001
                    1195  1.5181416978233664E+000 -2.1110467871988918E+000  8.8783510860020822E+000  4.6591047735352253E+000 -3.7817120095571539E+001
                    1196  1.5180603223726048E+000 -2.1118329673582510E+000  8.8803740655794723E+000  4.6651254026443825E+000 -3.7779148610382528E+001
                    1197  1.5178975714710816E+000 -2.1133963099264061E+000  8.8830445761443695E+000  4.6731146273521782E+000 -3.7703525828061828E+001
                    1198  1.5177348205695582E+000 -2.1149477576486935E+000  8.8856876565091252E+000  4.6810214906553043E+000 -3.7628328211557267E+001
                    1199  1.5175720696680348E+000 -2.1164875678794672E+000  8.8878805018966016E+000  4.6877060343459922E+000 -3.7553554666773152E+001
                    1200  1.5174622128095070E+000 -2.1175202014083268E+000  8.8896353224072762E+000  4.6930085265538795E+000 -3.7503331592910534E+001
                    1201  1.5173523559509783E+000 -2.1185475877055771E+000  8.8913780589879341E+000  4.6982623219010629E+000 -3.7453301820294662E+001
                    1202  1.5172424990924502E+000 -2.1195698313702995E+000  8.8931082815080362E+000  4.7035358337797222E+000 -3.7403463416695566E+001
                    1203  1.5171326422339215E+000 -2.1205868756392672E+000  8.8948236324897145E+000  4.7088471874432152E+000 -3.7353859694368857E+001
                    1204  1.5170239836316677E+000 -2.1215875483251767E+000  8.8965429280018018E+000  4.7138130788514321E+000 -3.7305098325120696E+001
                    1205  1.5169153250294136E+000 -2.1225836906301336E+000  8.8990623817830432E+000  4.7212825943776133E+000 -3.7256245525560743E+001
                    1206  1.5166980078249048E+000 -2.1245622147128591E+000  8.9015631049955921E+000  4.7287326341528271E+000 -3.7159389878359477E+001
                    1207  1.5165893492226505E+000 -2.1255446530373243E+000  8.9032195934754181E+000  4.7336312567219849E+000 -3.7111230830090150E+001
                    1208  1.5164806906203963E+000 -2.1265226722061907E+000  8.9056867141500398E+000  4.7408857085687295E+000 -3.7063246984091862E+001
                    1209  1.5162633734158872E+000 -2.1284658037523636E+000  8.9079888811222183E+000  4.7477323823093629E+000 -3.6967822870913622E+001
                    1210  1.5161735035925641E+000 -2.1292643324101475E+000  8.9093269624609839E+000  4.7516900628624450E+000 -3.6928570794174625E+001
                    1211  1.5160836337692403E+000 -2.1300599861414784E+000  8.9113207155563625E+000  4.7575713691772261E+000 -3.6889441113080714E+001
                    1212  1.5159038941225933E+000 -2.1316428331052300E+000  8.9139511300637082E+000  4.7653890527700309E+000 -3.6811562233461892E+001
                    1213  1.5157241544759466E+000 -2.1332144728552858E+000  8.9165569315734281E+000  4.7731285097724561E+000 -3.6734211703561158E+001
                    1214  1.5155444148292996E+000 -2.1347751463222049E+000  8.9186996663767353E+000  4.7794977526075817E+000 -3.6657387564675453E+001
                    1215  1.5154261860732334E+000 -2.1357958396941816E+000  8.9203900785393007E+000  4.7844985857165288E+000 -3.6607143724904269E+001
                    1216  1.5153079573171673E+000 -2.1368119707062245E+000  8.9229104528573480E+000  4.7918957508238220E+000 -3.6557132490733181E+001
                    1217  1.5150714998050345E+000 -2.1388309533192063E+000  8.9258890331675840E+000  4.8006451499252583E+000 -3.6457818782497270E+001
                    1218  1.5148857847733974E+000 -2.1404044550645929E+000  8.9284912483406291E+000  4.8082270458687857E+000 -3.6380489621046351E+001
                    1219  1.5147000697417599E+000 -2.1419675677326935E+000  8.9304308590869770E+000  4.8138760056646070E+000 -3.6303765271704137E+001
                    1220  1.5146072122259413E+000 -2.1427452893420860E+000  8.9317177547011219E+000  4.8176031449772116E+000 -3.6265634821306591E+001
                    1221  1.5145143547101225E+000 -2.1435205119803715E+000  8.9336378609387967E+000  4.8231445971189801E+000 -3.6227661248430636E+001
                    1222  1.5143286396784854E+000 -2.1450636007843369E+000  8.9363178089897097E+000  4.8318616551530944E+000 -3.6152185168526195E+001
                    1223  1.5141208979265812E+000 -2.1467745264665754E+000  8.9384351655144911E+000  4.8379829789000413E+000 -3.6068532354004923E+001
                    1224  1.5140170270506292E+000 -2.1476255167517775E+000  8.9398417589218688E+000  4.8420115499936074E+000 -3.6027023502980448E+001
                    1225  1.5139131561746768E+000 -2.1484736120662005E+000  8.9419370435068082E+000  4.8479990178806149E+000 -3.5985714102110705E+001
                    1226  1.5137054144227733E+000 -2.1501612878152785E+000  8.9447088248720927E+000  4.8559407772757588E+000 -3.5903821967961086E+001
                    1227  1.5134976726708691E+000 -2.1518377489450304E+000  8.9468126911627834E+000  4.8619465054528535E+000 -3.5822958327000400E+001
                    1228  1.5133885188697269E+000 -2.1527142127490344E+000  8.9482571874431844E+000  4.8660316669184143E+000 -3.5780907360952767E+001
                    1229  1.5132793650685847E+000 -2.1535877346678483E+000  8.9504170435770014E+000  4.8720785452850910E+000 -3.5739174239805763E+001
                    1230  1.5130610574663002E+000 -2.1553262278670053E+000  8.9532871875189475E+000  4.8800616699404928E+000 -3.5656718132038876E+001
                    1231  1.5128427498640156E+000 -2.1570536111783314E+000  8.9561463847007143E+000  4.8879198413634963E+000 -3.5575739705926203E+001
                    1232  1.5126244422617308E+000 -2.1587703203145967E+000  8.9585492903966646E+000  4.8948044533813784E+000 -3.5496476607551905E+001
                    1233  1.5124779664503600E+000 -2.1599153140911600E+000  8.9604687671207355E+000  4.9002700065010893E+000 -3.5448353617554353E+001
                    1234  1.5123314906389889E+000 -2.1610549457931167E+000  8.9633264095152096E+000  4.9078156128552299E+000 -3.5389409558085390E+001
                    1235  1.5120385390162470E+000 -2.1633214409070818E+000  8.9664665689576104E+000  4.9161916763513887E+000 -3.5291224522106830E+001
                    1236  1.5118432379344191E+000 -2.1648229986322187E+000  8.9689558731712715E+000  4.9228067027877200E+000 -3.5226307599017687E+001
                    1237  1.5116479368525917E+000 -2.1663172398899779E+000  8.9708087412126289E+000  4.9277537502663593E+000 -3.5161703269317108E+001
                    1238  1.5115502863116774E+000 -2.1670616342660782E+000  8.9720380459906295E+000  4.9310229746761181E+000 -3.5129516078228889E+001
                    1239  1.5114526357707632E+000 -2.1678042503942279E+000  8.9738238436184385E+000  4.9362976896106749E+000 -3.5097522002272569E+001
                    1240  1.5112573346889355E+000 -2.1692828482331556E+000  8.9763632883055706E+000  4.9429232688552389E+000 -3.5043536241956502E+001
                    1241  1.5110620336071077E+000 -2.1707539715829207E+000  8.9781825001746718E+000  4.9561798694619945E+000 -3.4984720498234303E+001
                    1242  1.5108667325252800E+000 -2.1721952943013449E+000  8.9799095714392596E+000  4.9611813818057495E+000 -3.4917681992010216E+001
                    1243  1.5107690819843660E+000 -2.1729130384711066E+000  8.9810826292140398E+000  4.9644082482240002E+000 -3.4884077642416528E+001
                    1244  1.5106714314434520E+000 -2.1736290060833552E+000  8.9828472042270100E+000  4.9691697948854632E+000 -3.4850659378416182E+001
                    1245  1.5104761303616239E+000 -2.1750558442547443E+000  8.9851875811962998E+000  4.9754890903059419E+000 -3.4784627409854757E+001
                    1246  1.5102808292797967E+000 -2.1764759669947482E+000  8.9875050197448196E+000  4.9817777506809211E+000 -3.4719863515113168E+001
                    1247  1.5100855281979686E+000 -2.1778894403680944E+000  8.9897726946025696E+000  4.9881174941482653E+000 -3.4656471084678728E+001
                    1248  1.5098902271161412E+000 -2.1792960644589519E+000  8.9917609297001526E+000  4.9966903345089788E+000 -3.4594103113248039E+001
                    1249  1.5096949260343133E+000 -2.1806885925768613E+000  8.9939551089189411E+000  5.0030527799375157E+000 -3.4528753675212904E+001
                    1250  1.5094996249524859E+000 -2.1820740991696983E+000  8.9961619122350189E+000  5.0092856563838719E+000 -3.4464005859207667E+001
                    1251  1.5093043238706578E+000 -2.1834529659099848E+000  8.9978133271360417E+000  5.0139266517578829E+000 -3.4400380152212783E+001
                    1252  1.5092066733297438E+000 -2.1841399573511886E+000  8.9989128536842795E+000  5.0169869486091363E+000 -3.4369048589346257E+001
                    1253  1.5091090227888300E+000 -2.1848253660812911E+000  9.0005606047012812E+000  5.0215260700442039E+000 -3.4338056545270284E+001
                    1254  1.5089137217070026E+000 -2.1861915737683288E+000  9.0027392365926264E+000  5.0275742214771899E+000 -3.4277103091402772E+001
                    1255  1.5087184206251745E+000 -2.1875516335202563E+000  9.0048896977711212E+000  5.0336266381435379E+000 -3.4215570039676571E+001
                    1256  1.5085231195433468E+000 -2.1889055020053130E+000  9.0068162944973587E+000  5.0408314050294392E+000 -3.4154971840868193E+001
                    1257  1.5083278184615192E+000 -2.1902495619158961E+000  9.0089255609025685E+000  5.0468309566562946E+000 -3.4093256345067907E+001
                    1258  1.5081325173796916E+000 -2.1915875187900848E+000  9.0110085558203128E+000  5.0528228724027811E+000 -3.4032281888719474E+001
                    1259  1.5079372162978635E+000 -2.1929193675849237E+000  9.0136070162535091E+000  5.0616672596749135E+000 -3.3972438447760481E+001
                    1260  1.5076117144948173E+000 -2.1951210615119834E+000  9.0161914094631594E+000  5.0690036238625007E+000 -3.3870402286384682E+001
                    1261  1.5074489635932944E+000 -2.1962158708429347E+000  9.0179328453597396E+000  5.0737505401132790E+000 -3.3820593080912360E+001
                    1262  1.5072862126917712E+000 -2.1973069856946053E+000  9.0196633779747248E+000  5.0784773332470383E+000 -3.3771606672508284E+001
                    1263  1.5071234617902483E+000 -2.1983944413010317E+000  9.0213166830816984E+000  5.0833819503841111E+000 -3.3723410446981418E+001
                    1264  1.5069607108887249E+000 -2.1994777771491485E+000  9.0231499020419914E+000  5.0938115609722514E+000 -3.3675261575106525E+001
                    1265  1.5066352090856787E+000 -2.2016166941965709E+000  9.0255718523380448E+000  5.1011742681056225E+000 -3.3565108748324619E+001
                    1266  1.5064724581841553E+000 -2.2026798755741734E+000  9.0272011399675804E+000  5.1059524879165030E+000 -3.3509756215474965E+001
                    1267  1.5063097072826319E+000 -2.2037391606363839E+000  9.0296339874035745E+000  5.1130244643416773E+000 -3.3454463308865563E+001
                    1268  1.5059842054795858E+000 -2.2058464191505385E+000  9.0320674142619382E+000  5.1200255703575426E+000 -3.3344246223349344E+001
                    1269  1.5058214545780626E+000 -2.2068945673951492E+000  9.0336819371616031E+000  5.1246332379964370E+000 -3.3289497752484756E+001
                    1270  1.5056587036765394E+000 -2.2079391774155597E+000  9.0360922422489764E+000  5.1314578530710246E+000 -3.3235018130071182E+001
                    1271  1.5053332018734933E+000 -2.2100181181292933E+000  9.0386493128839582E+000  5.1387280061714868E+000 -3.3126929781420742E+001
                    1272  1.5051379007916659E+000 -2.2112589279727510E+000  9.0405554955091212E+000  5.1441174204928997E+000 -3.3062689941715007E+001
                    1273  1.5049425997098378E+000 -2.2124949639008600E+000  9.0424530289527372E+000  5.1494689079420688E+000 -3.2998963036659681E+001
                    1274  1.5047472986280102E+000 -2.2137263115699048E+000  9.0443407421584805E+000  5.1547860386530315E+000 -3.2935773090705986E+001
                    1275  1.5045519975461825E+000 -2.2149530463979081E+000  9.0462190214066212E+000  5.1600700599319875E+000 -3.2873169717091528E+001
                    1276  1.5043566964643547E+000 -2.2161752401990595E+000  9.0480830487850952E+000  5.1653353620422759E+000 -3.2811159265831350E+001
                    1277  1.5041613953825268E+000 -2.2173929242024579E+000  9.0499104189471709E+000  5.1706681198249917E+000 -3.2749735081545758E+001
                    1278  1.5039660943006994E+000 -2.2186058879596908E+000  9.0517738608781961E+000  5.1758148700792228E+000 -3.2688661327221929E+001
                    1279  1.5037707932188715E+000 -2.2198146300407973E+000  9.0533018219629593E+000  5.1801408966854829E+000 -3.2628093025454753E+001
                    1280  1.5036405924976530E+000 -2.2206180364336565E+000  9.0545275014730322E+000  5.1835568825655134E+000 -3.2588159590844867E+001
                    1281  1.5035103917764343E+000 -2.2214195792453619E+000  9.0563527423984560E+000  5.1886538770961845E+000 -3.2548491618366256E+001
                    1282  1.5032499903339971E+000 -2.2230171375882319E+000  9.0587780245979275E+000  5.1954127167703614E+000 -3.2470110665586454E+001
                    1283  1.5029895888915601E+000 -2.2246074399315905E+000  9.0611901351622688E+000  5.2021132330121862E+000 -3.2392965399699321E+001
                    1284  1.5027291874491229E+000 -2.2261906534001232E+000  9.0630632398284341E+000  5.2073310233843380E+000 -3.2316980489487229E+001
                    1285  1.5025827116377521E+000 -2.2270781193837967E+000  9.0644192787534905E+000  5.2110179651498063E+000 -3.2274778470400349E+001
                    1286  1.5024362358263814E+000 -2.2279634878069445E+000  9.0664184822854725E+000  5.2165735830643234E+000 -3.2232797409408469E+001
                    1287  1.5021432842036395E+000 -2.2297277815291219E+000  9.0690726423793162E+000  5.2239431696309886E+000 -3.2149783600317541E+001
                    1288  1.5018503325808974E+000 -2.2314836076586424E+000  9.0717029559387150E+000  5.2312694265612736E+000 -3.2067678644715791E+001
                    1289  1.5015573809581557E+000 -2.2332310796487822E+000  9.0739209892606834E+000  5.2374853794931227E+000 -3.1986065453930259E+001
                    1290  1.5013519079449829E+000 -2.2344517734827214E+000  9.0757312813745710E+000  5.2425927002430806E+000 -3.1928923909195074E+001
                    1291  1.5011464349318104E+000 -2.2356683947707778E+000  9.0784194262705871E+000  5.2501905180280266E+000 -3.1871644766557107E+001
                    1292  1.5007354889054645E+000 -2.2380896502717529E+000  9.0819346066209405E+000  5.2603997353884919E+000 -3.1756019370151375E+001
                    1293  1.5003245428791185E+000 -2.2404944033241279E+000  9.0860363295610806E+000  5.2725971361180184E+000 -3.1637608747791983E+001
                    1294  1.4997522445918097E+000 -2.2438156042063229E+000  9.0903079711107910E+000  5.2858676371493791E+000 -3.1465502620275135E+001
                    1295  1.4992681878089198E+000 -2.2465982447463779E+000  9.0932827600058221E+000  5.2966614659422389E+000 -3.1311044851394403E+001
                    1296  1.4989454832869937E+000 -2.2484369316300867E+000  9.0959919140490619E+000  5.3041366428979178E+000 -3.1181947708838059E+001
                    1297  1.4986227787650672E+000 -2.2502672902791470E+000  9.0975432100927272E+000  5.3108271428979252E+000 -3.1087554004161163E+001
                    1298  1.4984741414182858E+000 -2.2511051536581119E+000  9.0987770563523966E+000  5.3142322084307256E+000 -3.1029611653964544E+001
                    1299  1.4983255040715040E+000 -2.2519412939492507E+000  9.1001506873555211E+000  5.3207020717423434E+000 -3.0979888346700136E+001
                    1300  1.4980282293779408E+000 -2.2536031157264422E+000  9.1025926499137544E+000  5.3274425695970820E+000 -3.0846789047797056E+001
                    1301  1.4977309546843773E+000 -2.2552581969884846E+000  9.1038667037800938E+000  5.3341183437475337E+000 -3.0752160294059259E+001
                    1302  1.4975823173375957E+000 -2.2560801194321130E+000  9.1050688388035752E+000  5.3374731303839607E+000 -3.0686740032339063E+001
                    1303  1.4974336799908143E+000 -2.2569003563157093E+000  9.1063177548939418E+000  5.3437980039543502E+000 -3.0634032337316665E+001
                    1304  1.4971491202114324E+000 -2.2584607327774804E+000  9.1084256565528978E+000  5.3506659056718071E+000 -3.0519108531903743E+001
                    1305  1.4968645604320505E+000 -2.2600132299585955E+000  9.1098534368700417E+000  5.3580644189569107E+000 -3.0399260332255988E+001
                    1306  1.4966415408373073E+000 -2.2612208849032851E+000  9.1114201959848398E+000  5.3635799419068011E+000 -3.0305103821719310E+001
                    1307  1.4964185212425636E+000 -2.2624232667398863E+000  9.1123802530500218E+000  5.3701351700457494E+000 -3.0207517869333710E+001
                    1308  1.4962262717401393E+000 -2.2634521274414752E+000  9.1137397037212278E+000  5.3747805863542428E+000 -3.0124726704297821E+001
                    1309  1.4960340222377153E+000 -2.2644772887398776E+000  9.1157206404762050E+000  5.3818193152292668E+000 -3.0039504843996280E+001
                    1310  1.4956495232328670E+000 -2.2665160986897068E+000  9.1169914878500258E+000  5.3902808544759084E+000 -2.9864357935599575E+001
                    1311  1.4954854268958668E+000 -2.2673780305460105E+000  9.1180344557585027E+000  5.3944640630901350E+000 -2.9790242724894469E+001
                    1312  1.4953213305588666E+000 -2.2682367884809342E+000  9.1195630626816815E+000  5.4007708818086213E+000 -2.9714644772183199E+001
                    1313  1.4949931378848669E+000 -2.2699446078083025E+000  9.1214877452346670E+000  5.4121240929024639E+000 -2.9560931337722575E+001
                    1314  1.4945390179659910E+000 -2.2722790958628707E+000  9.1241691636468989E+000  5.4238563982766310E+000 -2.9347847332461974E+001
                    1315  1.4940848980471158E+000 -2.2745880998930592E+000  9.1261020123089054E+000  5.4359168129049049E+000 -2.9129073071165411E+001
                    1316  1.4937071163124900E+000 -2.2764836840238547E+000  9.1276043857486329E+000  5.4473987424103258E+000 -2.8946300122967603E+001
                    1317  1.4933293345778647E+000 -2.2783539786895237E+000  9.1303378295232669E+000  5.4553097768561933E+000 -2.8709313490683098E+001
                    1318  1.4929515528432387E+000 -2.2802143301604083E+000  9.1311413805961958E+000  5.4646339314431183E+000 -2.8573923640647031E+001
                    1319  1.4927626619759260E+000 -2.2811335353031397E+000  9.1324263298838737E+000  5.4687214111160349E+000 -2.8467311056930207E+001
                    1320  1.4925737711086129E+000 -2.2820499211153722E+000  9.1326975804660311E+000  5.4761061409288256E+000 -2.8386764896845865E+001
                    1321  1.4923568731733585E+000 -2.2830914582452722E+000  9.1341760224564066E+000  5.4807146753608080E+000 -2.8262612811374588E+001
                    1322  1.4921399752381042E+000 -2.2841294298954748E+000  9.1349771887726376E+000  5.4871176928566454E+000 -2.8173643647520464E+001
                    1323  1.4919230773028500E+000 -2.2851595422942990E+000  9.1362849302133622E+000  5.4954874371739271E+000 -2.8066812728285917E+001
                    1324  1.4915319530541948E+000 -2.2869997961475925E+000  9.1374166905577940E+000  5.5051280220113625E+000 -2.7873676258007581E+001
                    1325  1.4912706135840941E+000 -2.2882151773539947E+000  9.1389793415039833E+000  5.5110212856622214E+000 -2.7746516715319917E+001
                    1326  1.4910092741139933E+000 -2.2894242599274524E+000  9.1395701570329955E+000  5.5214287127638100E+000 -2.7616250700239640E+001
                    1327  1.4906405294866085E+000 -2.2911065664625512E+000  9.1417256017981128E+000  5.5296712790074274E+000 -2.7438709619120267E+001
                    1328  1.4902717848592233E+000 -2.2927764681902945E+000  9.1423120678521563E+000  5.5396399248283350E+000 -2.7257198532531334E+001
                    1329  1.4900231959323571E+000 -2.2938873063713379E+000  9.1436382009982378E+000  5.5453907544568963E+000 -2.7138828943007727E+001
                    1330  1.4897746070054905E+000 -2.2949919525828495E+000  9.1442666573040263E+000  5.5529130719212265E+000 -2.7018316498540351E+001
                    1331  1.4895232589033480E+000 -2.2960980946276486E+000  9.1454674329670560E+000  5.5589732389693722E+000 -2.6899417331738714E+001
                    1332  1.4892719108012051E+000 -2.2971972489983634E+000  9.1461502431391857E+000  5.5674662115418272E+000 -2.6779329344630131E+001
                    1333  1.4889535869106121E+000 -2.2985740548055298E+000  9.1476643059031240E+000  5.5749976457253707E+000 -2.6631016324229314E+001
                    1334  1.4886352630200190E+000 -2.2999400699427013E+000  9.1479922987340192E+000  5.5831774510479901E+000 -2.6481595285627169E+001
                    1335  1.4884426131804978E+000 -2.3007575013649872E+000  9.1488434064129365E+000  5.5878080533722452E+000 -2.6394319796575466E+001
                    1336  1.4882499633409758E+000 -2.3015708315189087E+000  9.1501910317672337E+000  5.5945055042354825E+000 -2.6306610384340736E+001
                    1337  1.4878646636619326E+000 -2.3031860847264061E+000  9.1509688401383098E+000  5.6050544989094595E+000 -2.6131473191676058E+001
                    1338  1.4875241466210234E+000 -2.3045939693605075E+000  9.1524619144225898E+000  5.6130011807060942E+000 -2.5981425122539868E+001
                    1339  1.4871836295801146E+000 -2.3059897782397414E+000  9.1530164507254099E+000  5.6225091767918443E+000 -2.5831852153930868E+001
                    1340  1.4868772705228479E+000 -2.3072296125601874E+000  9.1542897843031117E+000  5.6296564974646843E+000 -2.5701725766339180E+001
                    1341  1.4865709114655810E+000 -2.3084596580531387E+000  9.1549991911411919E+000  5.6382122667147705E+000 -2.5572352359162018E+001
                    1342  1.4862539277538214E+000 -2.3097183069717300E+000  9.1562087770415612E+000  5.6456943836783182E+000 -2.5442367231613151E+001
                    1343  1.4859369440420620E+000 -2.3109662143362746E+000  9.1566569810131639E+000  5.6537442102983713E+000 -2.5313926845137320E+001
                    1344  1.4856885816037502E+000 -2.3119333884152788E+000  9.1576458138499834E+000  5.6593960734771107E+000 -2.5216703698136897E+001
                    1345  1.4854402191654379E+000 -2.3128944365251223E+000  9.1592473847049032E+000  5.6674952980374380E+000 -2.5120647663523393E+001
                    1346  1.4849434942888140E+000 -2.3147997794399782E+000  9.1599651041974610E+000  5.6789013875372136E+000 -2.4933197963372074E+001
                    1347  1.4846052612680696E+000 -2.3160775224311823E+000  9.1611348671027226E+000  5.6867076316932925E+000 -2.4811355284157621E+001
                    1348  1.4842670282473251E+000 -2.3173435786409633E+000  9.1615731283230168E+000  5.6945414480138856E+000 -2.4692582114759144E+001
                    1349  1.4840273744610413E+000 -2.3182311814217305E+000  9.1624317199660652E+000  5.6998974624049374E+000 -2.4611729855441400E+001
                    1350  1.4837877206747572E+000 -2.3191132801591539E+000  9.1634176219860315E+000  5.7049371277489440E+000 -2.4532651427000314E+001
                    1351  1.4835480668884733E+000 -2.3199905163590526E+000  9.1642662191445776E+000  5.7102336115350978E+000 -2.4455611671311484E+001
                    1352  1.4833084131021890E+000 -2.3208623702385345E+000  9.1646430318027896E+000  5.7160879750951086E+000 -2.4380601437755693E+001
                    1353  1.4830968012744534E+000 -2.3216262036791595E+000  9.1653459859936195E+000  5.7207924219642212E+000 -2.4316978934104252E+001
                    1354  1.4828851894467185E+000 -2.3223857938950641E+000  9.1666532526962907E+000  5.7272385734450273E+000 -2.4255048605953398E+001
                    1355  1.4824619657912481E+000 -2.3238943587020491E+000  9.1677535524094758E+000  5.7380153610317128E+000 -2.4136744945051134E+001
                    1356  1.4819745717311046E+000 -2.3256080408885254E+000  9.1688628887942372E+000  5.7461081484150771E+000 -2.4010573043214503E+001
                    1357  1.4817308747010323E+000 -2.3264565425344719E+000  9.1696199401846634E+000  5.7514021640810631E+000 -2.3951610371007206E+001
                    1358  1.4814871776709604E+000 -2.3272996756229674E+000  9.1702466524495385E+000  5.7573952392844330E+000 -2.3895310869874653E+001
                    1359  1.4812094645833551E+000 -2.3282532268378473E+000  9.1713880020421126E+000  5.7627588555149138E+000 -2.3835104614146783E+001
                    1360  1.4809317514957501E+000 -2.3292012802892064E+000  9.1727127146639553E+000  5.7677020218929815E+000 -2.3779092656640955E+001
                    1361  1.4806540384081444E+000 -2.3301447477928994E+000  9.1738842746497955E+000  5.7729138596293375E+000 -2.3727813571361395E+001
                    1362  1.4803763253205393E+000 -2.3310830392349420E+000  9.1745704030216881E+000  5.7796762485086557E+000 -2.3681046065909676E+001
                    1363  1.4800532486879363E+000 -2.3321652580529224E+000  9.1756830575408124E+000  5.7861289585343370E+000 -2.3632410053649920E+001
                    1364  1.4797301720553340E+000 -2.3332394875133144E+000  9.1769096484662462E+000  5.7955853018191705E+000 -2.3589430082072251E+001
                    1365  1.4791570414232431E+000 -2.3351232393676344E+000  9.1791307370180242E+000  5.8025096609168658E+000 -2.3528436386905216E+001
                    1366  1.4788704761071976E+000 -2.3360592943425229E+000  9.1804541086827296E+000  5.8073696868173972E+000 -2.3507378714014756E+001
                    1367  1.4785839107911520E+000 -2.3369909230499886E+000  9.1813249707579647E+000  5.8121422392933200E+000 -2.3492350623675723E+001
                    1368  1.4783703681082201E+000 -2.3376814250065769E+000  9.1822149475757886E+000  5.8158985088869803E+000 -2.3485444972711292E+001
                    1369  1.4781568254252881E+000 -2.3383692471183819E+000  9.1838018857465951E+000  5.8209783558476476E+000 -2.3481884554775149E+001
                    1370  1.4777297400594243E+000 -2.3397385855975301E+000  9.1856486115596550E+000  5.8299505322754683E+000 -2.3484953656798112E+001
                    1371  1.4771652042084140E+000 -2.3415310769197819E+000  9.1875883435029468E+000  5.8373464139962472E+000 -2.3509653270883582E+001
                    1372  1.4768428075008893E+000 -2.3425472674804064E+000  9.1893276340770509E+000  5.8419917912606429E+000 -2.3546079680468381E+001
                    1373  1.4765204107933647E+000 -2.3435597155196257E+000  9.1910556278307567E+000  5.8466104033504935E+000 -2.3582678574666378E+001
                    1374  1.4761980140858402E+000 -2.3445684710841190E+000  9.1927724963237463E+000  5.8512027494394090E+000 -2.3619453403377346E+001
                    1375  1.4758756173783161E+000 -2.3455735829608848E+000  9.1950449424102842E+000  5.8573400742867792E+000 -2.3657716526878072E+001
                    1376  1.4753351495548168E+000 -2.3472503688742927E+000  9.1975397484380732E+000  5.8640389344500932E+000 -2.3757496068216668E+001
                    1377  1.4749229631297356E+000 -2.3485224856571225E+000  9.1969535417143788E+000  5.8751135331109152E+000 -2.3833746912452696E+001
                    1378  1.4745107767046544E+000 -2.3497734272052719E+000  9.1980820206919240E+000  5.8826944312504406E+000 -2.3775870774284712E+001
                    1379  1.4741025047996816E+000 -2.3510015181446757E+000  9.2001775948279843E+000  5.8882942830833285E+000 -2.3692075581678750E+001
                    1380  1.4736942328947085E+000 -2.3522241812802132E+000  9.2027137563178663E+000  5.8950604339430432E+000 -2.3608726326128547E+001
                    1381  1.4731059854817616E+000 -2.3539764967911996E+000  9.2056763293905561E+000  5.9029947314748563E+000 -2.3496947321497473E+001
                    1382  1.4725177380688144E+000 -2.3557179777693662E+000  9.2055778169441336E+000  5.9136275106138081E+000 -2.3386040483832080E+001
                    1383  1.4721958100475083E+000 -2.3566566344484436E+000  9.2071759842892202E+000  5.9179005096006065E+000 -2.3354294631402421E+001
                    1384  1.4718738820262030E+000 -2.3575921370936848E+000  9.2088335822178511E+000  5.9223337544111656E+000 -2.3322743133111430E+001
                    1385  1.4715239562936251E+000 -2.3586054696528809E+000  9.2105493108086964E+000  5.9269276295097697E+000 -2.3288664312825123E+001
                    1386  1.4711740305610470E+000 -2.3596151704016366E+000  9.2126875858836463E+000  5.9345317635611483E+000 -2.3254807254502065E+001
                    1387  1.4704741790958915E+000 -2.3616202802244102E+000  9.2151231492162200E+000  5.9410973435753593E+000 -2.3259522754204550E+001
                    1388  1.4701630523315194E+000 -2.3625071192509393E+000  9.2173550255020356E+000  5.9470618673422599E+000 -2.3261779420279172E+001
                    1389  1.4695407988027753E+000 -2.3642726971396510E+000  9.2172348656278054E+000  5.9574222899616078E+000 -2.3266587629105825E+001
                    1390  1.4692296720384030E+000 -2.3651425617554733E+000  9.2182158679055988E+000  5.9610301336748384E+000 -2.3283020724733710E+001
                    1391  1.4690356860250382E+000 -2.3656830581601214E+000  9.2191286821619549E+000  5.9634766217995328E+000 -2.3294413264008835E+001
                    1392  1.4688417000116731E+000 -2.3662225268824257E+000  9.2200357565184827E+000  5.9659196468042026E+000 -2.3310275616623141E+001
                    1393  1.4686477139983083E+000 -2.3667609703521233E+000  9.2194655969545689E+000  5.9710946478203963E+000 -2.3287931079810217E+001
                    1394  1.4684537279849432E+000 -2.3672950104201167E+000  9.1973114757942511E+000  6.0126830161970704E+000 -2.3328040313504644E+001
                    1395  1.4682540906205634E+000 -2.3677962089300335E+000  9.1954870159353703E+000  6.0194374462403717E+000 -2.3247229633001425E+001
                    1396  1.4680544532561846E+000 -2.3682913738751248E+000  9.1948652490615572E+000  6.0262192839208222E+000 -2.3231508374205958E+001
                    1397  1.4676551785274252E+000 -2.3692713378833976E+000  9.1937018725772024E+000  6.0356579712452518E+000 -2.3122927547134978E+001
                    1398  1.4672559037986663E+000 -2.3702366982154492E+000  9.1948404432016204E+000  6.0409252006568144E+000 -2.3020680188352824E+001
                    1399  1.4669260781260636E+000 -2.3710293311345452E+000  9.1960357629409106E+000  6.0454029072946742E+000 -2.2935249902755988E+001
                    1400  1.4665962524534610E+000 -2.3718181304993711E+000  9.1972371645041484E+000  6.0498337732860099E+000 -2.2849066318526301E+001
                    1401  1.4662664267808585E+000 -2.3726031789540589E+000  9.1984314112438472E+000  6.0542378709279570E+000 -2.2762114320245512E+001
                    1402  1.4659366011082557E+000 -2.3733845223724335E+000  9.1996299256985097E+000  6.0586948506410048E+000 -2.2674339220727564E+001
                    1403  1.4655963695460577E+000 -2.3741866626392332E+000  9.2007170144786592E+000  6.0633742597117530E+000 -2.2582837270127076E+001
                    1404  1.4652561379838596E+000 -2.3749846041110381E+000  9.2025579337082295E+000  6.0699958833557455E+000 -2.2489990841681209E+001
                    1405  1.4645756748594632E+000 -2.3765693213373615E+000  9.2052108383633744E+000  6.0796600928444580E+000 -2.2301390333134066E+001
                    1406  1.4637569017531347E+000 -2.3784566769879079E+000  9.2073281748861255E+000  6.0875578264844457E+000 -2.2069230365609464E+001
                    1407  1.4633475151999702E+000 -2.3793924338160095E+000  9.2085813353578896E+000  6.0938894968048469E+000 -2.1950620224617904E+001
                    1408  1.4628335188365622E+000 -2.3805587343508594E+000  9.2101028138419405E+000  6.1006819817738771E+000 -2.1799315607062997E+001
                    1409  1.4623195224731538E+000 -2.3817161880812532E+000  9.2117059831298196E+000  6.1081734181427869E+000 -2.1645802178591687E+001
                    1410  1.4617009162995018E+000 -2.3830974434505867E+000  9.2133486987479714E+000  6.1162810335579270E+000 -2.1458669537220178E+001
                    1411  1.4610973823246991E+000 -2.3844325887959941E+000  9.2147371739717450E+000  6.1234982684348953E+000 -2.1274220487869819E+001
                    1412  1.4606150632758050E+000 -2.3854907076954919E+000  9.2156170266255533E+000  6.1283268339538566E+000 -2.1125872974525596E+001
                    1413  1.4603739037513581E+000 -2.3860167890849948E+000  9.2162132761892153E+000  6.1315063469747990E+000 -2.1051504512815729E+001
                    1414  1.4601327442269114E+000 -2.3865409308442573E+000  9.2170467847777040E+000  6.1368110697525839E+000 -2.0976936728836755E+001
                    1415  1.4595910880424336E+000 -2.3877107083375071E+000  9.2184804375588065E+000  6.1436996024943769E+000 -2.0809605450389917E+001
                    1416  1.4590494318579557E+000 -2.3888713827882930E+000  9.2193576732416105E+000  6.1489690033959210E+000 -2.0641032978758922E+001
                    1417  1.4587946072438949E+000 -2.3894140262550381E+000  9.2198110774178996E+000  6.1524620699679629E+000 -2.0561647348094645E+001
                    1418  1.4585397826298339E+000 -2.3899543399182330E+000  9.2194245694424026E+000  6.1587541870616374E+000 -2.0482138138849166E+001
                    1419  1.4580777334906510E+000 -2.3909249985481962E+000  9.2203509655559639E+000  6.1648425903030981E+000 -2.0342801655378267E+001
                    1420  1.4576156843514680E+000 -2.3918885600925179E+000  9.2213230774128832E+000  6.1723483177876588E+000 -2.0203250336356415E+001
                    1421  1.4569566693270206E+000 -2.3932502176830734E+000  9.2221445151069616E+000  6.1797235186963198E+000 -2.0005253297856111E+001
                    1422  1.4565286788721648E+000 -2.3941263892585396E+000  9.2210145045178553E+000  6.1859614955539630E+000 -1.9877049337730909E+001
                    1423  1.4563452543915123E+000 -2.3944981356985227E+000  9.2183686051405953E+000  6.1915477970104931E+000 -1.9822881199029702E+001
                    1424  1.4562535421511860E+000 -2.3946819858559683E+000  9.2158234482397248E+000  6.1961117307297693E+000 -1.9797238059026601E+001
                    1425  1.4561771152842473E+000 -2.3948337685597774E+000  9.2136389442020921E+000  6.1998131831272838E+000 -1.9777529377769174E+001
                    1426  1.4561312591640847E+000 -2.3949241408583086E+000  9.2116481041204921E+000  6.2031154371736186E+000 -1.9766496316426643E+001
                    1427  1.4560701176705333E+000 -2.3950438112932915E+000  9.2099572622961343E+000  6.2058988982554855E+000 -1.9752771171635157E+001
                    1428  1.4560395469237584E+000 -2.3951033010458405E+000  9.2088486732530370E+000  6.2077177763569900E+000 -1.9746321392214824E+001
                    1429  1.4560089761769823E+000 -2.3951625664727558E+000  9.2077573005450866E+000  6.2095052605754200E+000 -1.9740140566144142E+001
                    1430  1.4559784054302074E+000 -2.3952216125975800E+000  9.2061650867135114E+000  6.2121158519914692E+000 -1.9734224355037309E+001
                    1431  1.4559172639366560E+000 -2.3953390686901375E+000  9.2041027026147209E+000  6.2154902601314665E+000 -1.9723115706860366E+001
                    1432  1.4558561224431050E+000 -2.3954557099728722E+000  9.2012029965637385E+000  6.2202918280674391E+000 -1.9712754581881146E+001
                    1433  1.4557338394560038E+000 -2.3956867047362080E+000  9.1975693021585627E+000  6.2270129237784291E+000 -1.9693416836865914E+001
                    1434  1.4555110217982983E+000 -2.3961020737037497E+000  9.1967724878355135E+000  6.2311321322166195E+000 -1.9658157803073173E+001
                    1435  1.4552882041405926E+000 -2.3965146999350888E+000  9.1966980821346827E+000  6.2359986200078623E+000 -1.9622531029771405E+001
                    1436  1.4548425688251816E+000 -2.3973342361544669E+000  9.1967223255529955E+000  6.2454221242920900E+000 -1.9551899844996974E+001
                    1437  1.4539512981943592E+000 -2.3989516770888160E+000  9.1982115377736768E+000  6.2545780225762204E+000 -1.9414880625735798E+001
                    1438  1.4532963866258539E+000 -2.4001266701874311E+000  9.1999637713686209E+000  6.2647504441575768E+000 -1.9314607161880733E+001
                    1439  1.4521884535212395E+000 -2.4020895715578097E+000  9.2018049136521523E+000  6.2758854557685000E+000 -1.9145446741262557E+001
                    1440  1.4513542209280246E+000 -2.4035472760158370E+000  9.2033148559922058E+000  6.2853959535016095E+000 -1.9018476639002635E+001
                    1441  1.4505126021141115E+000 -2.4050005710052491E+000  9.2046466900973964E+000  6.2925218447726010E+000 -1.8890824119475280E+001
                    1442  1.4500521943573055E+000 -2.4057887385775456E+000  9.2050081135152517E+000  6.2981159373211133E+000 -1.8820848062023366E+001
                    1443  1.4495917866004993E+000 -2.4065710509485374E+000  9.2060483885575159E+000  6.3025128891932658E+000 -1.8751813020842910E+001
                    1444  1.4491986755211586E+000 -2.4072355989188163E+000  9.2063725333133064E+000  6.3071988755782753E+000 -1.8692456744404875E+001
                    1445  1.4488055644418176E+000 -2.4078960304861505E+000  9.2073782086340721E+000  6.3129542011983055E+000 -1.8633813382439360E+001
                    1446  1.4481235700640886E+000 -2.4090337481242048E+000  9.2084406826201253E+000  6.3204052296311772E+000 -1.8532124163407357E+001
                    1447  1.4474415756863601E+000 -2.4101608956993692E+000  9.2095761272277041E+000  6.3284880813020044E+000 -1.8431140552831053E+001
                    1448  1.4466290887705815E+000 -2.4114901795521066E+000  9.2107842140434855E+000  6.3371852470766656E+000 -1.8311822479978453E+001
                    1449  1.4458166018548033E+000 -2.4128050617497423E+000  9.2117963643721179E+000  6.3445748464046705E+000 -1.8193642842686131E+001
                    1450  1.4452355366589049E+000 -2.4137367622977575E+000  9.2126220411783386E+000  6.3506808798902368E+000 -1.8109850117840612E+001
                    1451  1.4446544714630070E+000 -2.4146613641997847E+000  9.2138539605883416E+000  6.3599326188755185E+000 -1.8026674930211218E+001
                    1452  1.4434541375354970E+000 -2.4165493415995503E+000  9.2149785731254408E+000  6.3686571391933864E+000 -1.7856846559903364E+001
                    1453  1.4429663632573502E+000 -2.4173082020538650E+000  9.2156125703780081E+000  6.3736438510542230E+000 -1.7788638250879515E+001
                    1454  1.4424785889792036E+000 -2.4180623294140555E+000  9.2161171485160445E+000  6.3776892856881302E+000 -1.7720899069153592E+001
                    1455  1.4421718421370366E+000 -2.4185341748151736E+000  9.2164928895838774E+000  6.3808060417360188E+000 -1.7678543967224513E+001
                    1456  1.4418650952948702E+000 -2.4190041725194731E+000  9.2170208869723425E+000  6.3854806011050549E+000 -1.7636384287495833E+001
                    1457  1.4412516016105370E+000 -2.4199386251376098E+000  9.2182906926312249E+000  6.3949956007222291E+000 -1.7552720700140206E+001
                    1458  1.4399357668555477E+000 -2.4219192559653204E+000  9.2192897072299829E+000  6.4044696046658247E+000 -1.7375511937060583E+001
                    1459  1.4393591451910772E+000 -2.4227768449906963E+000  9.2195410359392369E+000  6.4108492230900902E+000 -1.7299118435825534E+001
                    1460  1.4387181464722070E+000 -2.4237221457364146E+000  9.2201850167808281E+000  6.4171364085315146E+000 -1.7215739865461629E+001
                    1461  1.4380771477533369E+000 -2.4246599397788313E+000  9.2207618267737921E+000  6.4234225878295348E+000 -1.7133288246881925E+001
                    1462  1.4374361490344669E+000 -2.4255902406864336E+000  9.2206415580762204E+000  6.4302972359960702E+000 -1.7051823321273904E+001
                    1463  1.4367951503155969E+000 -2.4265118070423237E+000  9.2198152798992723E+000  6.4384303643725307E+000 -1.6972331804186002E+001
                    1464  1.4360169064725155E+000 -2.4276176483380403E+000  9.2188116343710966E+000  6.4473539914957385E+000 -1.6879503434228145E+001
                    1465  1.4352386626294340E+000 -2.4287092529771468E+000  9.2192349821469080E+000  6.4535328160114585E+000 -1.6790655979096066E+001
                    1466  1.4347270414062525E+000 -2.4294211632666105E+000  9.2196398037124112E+000  6.4583256330776360E+000 -1.6733045893627800E+001
                    1467  1.4342154201830710E+000 -2.4301287206378337E+000  9.2197343961623854E+000  6.4635881836923463E+000 -1.6676001766078361E+001
                    1468  1.4336564376710486E+000 -2.4308963675518371E+000  9.2185784400208473E+000  6.4689852848731952E+000 -1.6614572010018037E+001
                    1469  1.4333273184671205E+000 -2.4313446416307212E+000  9.2166040215956997E+000  6.4738171531631723E+000 -1.6579450186183237E+001
                    1470  1.4330580391184520E+000 -2.4317083720714918E+000  9.2144891777659002E+000  6.4788350956051186E+000 -1.6551796311004551E+001
                    1471  1.4329383594079326E+000 -2.4318684623689402E+000  9.2130600627258925E+000  6.4822249163172962E+000 -1.6539938101212407E+001
                    1472  1.4328485996250433E+000 -2.4319877115686999E+000  9.2118928507889386E+000  6.4844023585501098E+000 -1.6531280135618328E+001
                    1473  1.4327887597697835E+000 -2.4320668676684023E+000  9.2111370837294206E+000  6.4857985807657679E+000 -1.6525637280393358E+001
                    1474  1.4327588398421540E+000 -2.4321063348494527E+000  9.2102406469731388E+000  6.4896750803017467E+000 -1.6522862121137621E+001
                    1475  1.4326864177830336E+000 -2.4322010612908356E+000  9.2084571978643961E+000  6.4921504703262327E+000 -1.6516330985329130E+001
                    1476  1.4325657143511668E+000 -2.4323581779851322E+000  9.2056753631701547E+000  6.4959104345606677E+000 -1.6505904784677256E+001
                    1477  1.4323725888601797E+000 -2.4326077479679045E+000  9.2022791246489692E+000  6.5013733021600171E+000 -1.6490219071029756E+001
                    1478  1.4319863378782067E+000 -2.4331019163188454E+000  9.2010542154816086E+000  6.5059818364179840E+000 -1.6460300286853865E+001
                    1479  1.4316000868962333E+000 -2.4335925344298217E+000  9.2009563415488618E+000  6.5096853346028318E+000 -1.6430843508139130E+001
                    1480  1.4312138359142597E+000 -2.4340806336974192E+000  9.2010291105675908E+000  6.5147251086683449E+000 -1.6401548301497385E+001
                    1481  1.4305071864785179E+000 -2.4349675135664981E+000  9.2014406703329605E+000  6.5209066656272645E+000 -1.6348406852818684E+001
                    1482  1.4298005370427762E+000 -2.4358472105777231E+000  9.2021770213940624E+000  6.5304868005295873E+000 -1.6296041829325510E+001
                    1483  1.4282670335912502E+000 -2.4377325033680290E+000  9.2039045546692861E+000  6.5514805985480251E+000 -1.6184901909107921E+001
                    1484  1.4247332254788545E+000 -2.4419601656089487E+000  9.2058738691987383E+000  6.5754841391399239E+000 -1.5940702790087094E+001
                    1485  1.4223064290744543E+000 -2.4447750432592708E+000  9.2073426792343191E+000  6.5935122792963590E+000 -1.5781872246405122E+001
                    1486  1.4200916584572461E+000 -2.4472852869010899E+000  9.2092161470357610E+000  6.6165639755232446E+000 -1.5642705192718250E+001
                    1487  1.4161416481246198E+000 -2.4516324800470781E+000  9.2110507304392826E+000  6.6392921351027372E+000 -1.5407059245906058E+001
                    1488  1.4138346233655974E+000 -2.4540994686081410E+000  9.2123576288738782E+000  6.6554660104045693E+000 -1.5276290373067591E+001
                    1489  1.4115275986065752E+000 -2.4565167088374191E+000  9.2135752834734053E+000  6.6673751683226081E+000 -1.5150192162537561E+001
                    1490  1.4103209443481994E+000 -2.4577624834536969E+000  9.2137432818464102E+000  6.6758207143106123E+000 -1.5089324016848282E+001
                    1491  1.4091142900898241E+000 -2.4589947681338260E+000  9.2150020938599582E+000  6.6820386841100126E+000 -1.5023056953012873E+001
                    1492  1.4083177257627724E+000 -2.4598023594584166E+000  9.2150821169255366E+000  6.6875101613543881E+000 -1.4982822623961644E+001
                    1493  1.4075211614357204E+000 -2.4606042857494979E+000  9.2152318407806746E+000  6.6928880631869703E+000 -1.4941314376659573E+001
                    1494  1.4067245971086688E+000 -2.4614007276684218E+000  9.2153329346961588E+000  6.6982479179659915E+000 -1.4902602783816855E+001
                    1495  1.4059280327816168E+000 -2.4621917257364005E+000  9.2167025444787782E+000  6.7028969081823666E+000 -1.4862013080207388E+001
                    1496  1.4050956577845723E+000 -2.4630140527356161E+000  9.2168101721077562E+000  6.7084012390424501E+000 -1.4822321350145957E+001
                    1497  1.4042632827875270E+000 -2.4638306324499930E+000  9.2169240310615557E+000  6.7138513547356444E+000 -1.4780521707892657E+001
                    1498  1.4034309077904825E+000 -2.4646415743898551E+000  9.2170189806524885E+000  6.7192633827811257E+000 -1.4741885426548912E+001
                    1499  1.4025985327934372E+000 -2.4654469569629534E+000  9.2181665367890240E+000  6.7245694923914350E+000 -1.4701518289551663E+001
                    1500  1.4015878791796257E+000 -2.4664189097575284E+000  9.2183039066860246E+000  6.7310036035351990E+000 -1.4654185258791406E+001
                    1501  1.4005772255658142E+000 -2.4673829943247174E+000  9.2193132533049411E+000  6.7378146257843108E+000 -1.4607730593416553E+001
                    1502  1.3992618264286234E+000 -2.4686277152798488E+000  9.2194990998448212E+000  6.7459875050867781E+000 -1.4547976068928627E+001
                    1503  1.3979464272914328E+000 -2.4698597253152585E+000  9.2207755640440308E+000  6.7581730327518041E+000 -1.4489588810496473E+001
                    1504  1.3950718478289144E+000 -2.4725129163272159E+000  9.2221037317384003E+000  6.7737027998363244E+000 -1.4365339483078452E+001
                    1505  1.3925629782250175E+000 -2.4747855681445383E+000  9.2231987297823377E+000  6.7862769042683668E+000 -1.4260825499751089E+001
                    1506  1.3906104358609779E+000 -2.4765277975373370E+000  9.2243876129848736E+000  6.7996352265234838E+000 -1.4181911148900356E+001
                    1507  1.3877043158430344E+000 -2.4790799028621020E+000  9.2259655561493084E+000  6.8138699583521234E+000 -1.4068221936276478E+001
                    1508  1.3852703934193278E+000 -2.4811819384661877E+000  9.2266595862408103E+000  6.8269360148445779E+000 -1.3976140335076014E+001
                    1509  1.3828364709956213E+000 -2.4832512752978566E+000  9.2282168485187555E+000  6.8384363373432784E+000 -1.3887311211030376E+001
                    1510  1.3807173520196632E+000 -2.4850293564086710E+000  9.2292854688128561E+000  6.8487229281596766E+000 -1.3812039287729496E+001
                    1511  1.3787548999819281E+000 -2.4866564664268038E+000  9.2295308341855087E+000  6.8588478907627719E+000 -1.3744163742409183E+001
                    1512  1.3767924479441931E+000 -2.4882639401667421E+000  9.2310434674290960E+000  6.8658482292857492E+000 -1.3678315643813477E+001
                    1513  1.3757412687300827E+000 -2.4891184475785009E+000  9.2311827980806083E+000  6.8711371514336159E+000 -1.3643584768009076E+001
                    1514  1.3746900895159726E+000 -2.4899675936407188E+000  9.2321768323132787E+000  6.8785793772451509E+000 -1.3609424350390020E+001
                    1515  1.3725877310877521E+000 -2.4916516949540006E+000  9.2316641998056461E+000  6.8895453486175562E+000 -1.3542440431355358E+001
                    1516  1.3712255942044353E+000 -2.4927258204579537E+000  9.2323026116252223E+000  6.8959286871168315E+000 -1.3498944634487273E+001
                    1517  1.3698634573211186E+000 -2.4937921276872150E+000  9.2330352149874706E+000  6.9021991029397114E+000 -1.3456104180106445E+001
                    1518  1.3685013204378018E+000 -2.4948508926474386E+000  9.2338327063261740E+000  6.9083643243462260E+000 -1.3413893356793393E+001
                    1519  1.3671391835544855E+000 -2.4959023694952118E+000  9.2334610539114603E+000  6.9176683721250845E+000 -1.3372278618050650E+001
                    1520  1.3653118717434702E+000 -2.4972947329518598E+000  9.2340479628363870E+000  6.9239344842850619E+000 -1.3316744061527951E+001
                    1521  1.3643587263296708E+000 -2.4980158478165313E+000  9.2342427476907663E+000  6.9282833938820225E+000 -1.3288177820319259E+001
                    1522  1.3634055809158712E+000 -2.4987333338378774E+000  9.2341364130030001E+000  6.9350270566839951E+000 -1.3259927494956962E+001
                    1523  1.3621083940252769E+000 -2.4997003630193482E+000  9.2349720692321959E+000  6.9439975482108345E+000 -1.3221630791241246E+001
                    1524  1.3595140202440890E+000 -2.5016138144849762E+000  9.2358528080442817E+000  6.9518222231763245E+000 -1.3146211232257116E+001
                    1525  1.3584638246067953E+000 -2.5023816266467604E+000  9.2363258446079080E+000  6.9564069216160735E+000 -1.3116145603956639E+001
                    1526  1.3574136289695011E+000 -2.5031454055888536E+000  9.2371129295601673E+000  6.9629929409354352E+000 -1.3086336718515001E+001
                    1527  1.3553132376949137E+000 -2.5046618640931317E+000  9.2378379144841833E+000  6.9691656080294981E+000 -1.3027462808583175E+001
                    1528  1.3544429447211879E+000 -2.5052859373648801E+000  9.2382449018492316E+000  6.9727537485724564E+000 -1.3003356541048467E+001
                    1529  1.3535726517474618E+000 -2.5059075444635046E+000  9.2388627733575550E+000  6.9780858237094101E+000 -1.2979419009820548E+001
                    1530  1.3518320658000098E+000 -2.5071434897029179E+000  9.2394568101647945E+000  6.9841926939867180E+000 -1.2932034511377646E+001
                    1531  1.3506722915797371E+000 -2.5079612983704656E+000  9.2399962286268771E+000  6.9888536262243557E+000 -1.2900813898774908E+001
                    1532  1.3495125173594640E+000 -2.5087749490129330E+000  9.2407513079316423E+000  6.9953141176748233E+000 -1.2869870886053132E+001
                    1533  1.3474227470833802E+000 -2.5102307617464321E+000  9.2414714629954418E+000  7.0015023925867821E+000 -1.2814800349130621E+001
                    1534  1.3463778619453384E+000 -2.5109537926950964E+000  9.2421113643662274E+000  7.0070220282098292E+000 -1.2787589753712027E+001
                    1535  1.3445940706725903E+000 -2.5121807710455233E+000  9.2429952536662743E+000  7.0146774807783601E+000 -1.2741626556893163E+001
                    1536  1.3424161384986293E+000 -2.5136665365560686E+000  9.2437946511195417E+000  7.0215971397774348E+000 -1.2686327915048270E+001
                    1537  1.3409771124593746E+000 -2.5146409567607071E+000  9.2443697308400079E+000  7.0272814290664352E+000 -1.2650272947657651E+001
                    1538  1.3394861310072408E+000 -2.5156442597702195E+000  9.2449955941151813E+000  7.0328836317774828E+000 -1.2613298700516943E+001
                    1539  1.3379951495551066E+000 -2.5166415713104171E+000  9.2459970435557004E+000  7.0416096018567016E+000 -1.2576722708283116E+001
                    1540  1.3347715436478973E+000 -2.5187779192375275E+000  9.2470925746009911E+000  7.0511792086949745E+000 -1.2498953489701293E+001
                    1541  1.3327710686046588E+000 -2.5200903281179952E+000  9.2477865893730069E+000  7.0573502612756043E+000 -1.2451569968883563E+001
                    1542  1.3313605342730579E+000 -2.5210097124076896E+000  9.2483656502520351E+000  7.0624011383837679E+000 -1.2418556075347801E+001
                    1543  1.3299499999414570E+000 -2.5219242405567694E+000  9.2490005007059022E+000  7.0679494562078640E+000 -1.2385860561532684E+001
                    1544  1.3282349921777554E+000 -2.5230297460537479E+000  9.2495411051917529E+000  7.0742298046579846E+000 -1.2346527725284092E+001
                    1545  1.3265199844140532E+000 -2.5241277041555317E+000  9.2501692558359583E+000  7.0798280010929293E+000 -1.2307604043089903E+001
                    1546  1.3250277205294136E+000 -2.5250775191708548E+000  9.2509330808031009E+000  7.0866221619069547E+000 -1.2274093927735814E+001
                    1547  1.3225834946872193E+000 -2.5266223511888608E+000  9.2518157773456462E+000  7.0944490854106323E+000 -1.2219911543306068E+001
                    1548  1.3204476306488484E+000 -2.5279614512225868E+000  9.2525851772833754E+000  7.1010505256847685E+000 -1.2173263797416231E+001
                    1549  1.3186717775276240E+000 -2.5290673439486984E+000  9.2532176620324833E+000  7.1070059030448185E+000 -1.2134955549601399E+001
                    1550  1.3168959244063998E+000 -2.5301665148748285E+000  9.2538760588487108E+000  7.1125980224936800E+000 -1.2097088566128150E+001
                    1551  1.3152934181625411E+000 -2.5311527810967154E+000  9.2544520289693359E+000  7.1178737970420007E+000 -1.2063272543479625E+001
                    1552  1.3136909119186821E+000 -2.5321337817444940E+000  9.2549999854420157E+000  7.1225348642136703E+000 -1.2029798653801715E+001
                    1553  1.3124326777791728E+000 -2.5329004222234746E+000  9.2554497608123381E+000  7.1266163366187039E+000 -1.2003743881265162E+001
                    1554  1.3111744436396626E+000 -2.5336639159617080E+000  9.2560445802936755E+000  7.1316466761833217E+000 -1.1977892933952532E+001
                    1555  1.3092981378489481E+000 -2.5347967366221074E+000  9.2566967592990448E+000  7.1376423075370834E+000 -1.1939703599234784E+001
                    1556  1.3074218320582334E+000 -2.5359227766633374E+000  9.2572472441448372E+000  7.1423154630473542E+000 -1.1901954166002502E+001
                    1557  1.3063426935401625E+000 -2.5365674073803026E+000  9.2578370913427701E+000  7.1473877289604655E+000 -1.1880432263595077E+001
                    1558  1.3041844165040204E+000 -2.5378502069604640E+000  9.2584211032333261E+000  7.1524346216012331E+000 -1.1837798712102456E+001
                    1559  1.3031052779859489E+000 -2.5384884182853620E+000  9.2589097250335648E+000  7.1565633782817182E+000 -1.1816684728335312E+001
                    1560  1.3015099196643123E+000 -2.5394281053190371E+000  9.2594572976525278E+000  7.1614693236514562E+000 -1.1785711548293158E+001
                    1561  1.2999145613426755E+000 -2.5403632731920816E+000  9.2602564730783641E+000  7.1681765161190549E+000 -1.1755029484938989E+001
                    1562  1.2970914498878949E+000 -2.5420073399240151E+000  9.2610602825205230E+000  7.1749790517661278E+000 -1.1701415478829757E+001
                    1563  1.2954007340045783E+000 -2.5429854648118537E+000  9.2616360935761683E+000  7.1797784536538876E+000 -1.1669717517041935E+001
                    1564  1.2938731060814939E+000 -2.5438651529592735E+000  9.2621631459819849E+000  7.1843070561510007E+000 -1.1641335051597805E+001
                    1565  1.2923454781584096E+000 -2.5447410104776251E+000  9.2627229381694693E+000  7.1889382857809538E+000 -1.1613197320760777E+001
                    1566  1.2907218926933379E+000 -2.5456677626967736E+000  9.2632869316719511E+000  7.1936803507085507E+000 -1.1583552416076733E+001
                    1567  1.2890983072282662E+000 -2.5465903246659294E+000  9.2639433994836917E+000  7.1990366412320768E+000 -1.1554174258687821E+001
                    1568  1.2870198642536952E+000 -2.5477653524702135E+000  9.2646504294265668E+000  7.2050110473322659E+000 -1.1516944161349262E+001
                    1569  1.2849414212791244E+000 -2.5489337452958014E+000  9.2653433388865452E+000  7.2105658771428240E+000 -1.1480138985516104E+001
                    1570  1.2831143569102541E+000 -2.5499554731774423E+000  9.2658940478544967E+000  7.2150057180762586E+000 -1.1448123486727555E+001
                    1571  1.2817979254776801E+000 -2.5506885888465050E+000  9.2666624060730225E+000  7.2211670406984059E+000 -1.1425249995944871E+001
                    1572  1.2787054134619362E+000 -2.5524009306134579E+000  9.2675225460364494E+000  7.2279873304895439E+000 -1.1372144679958611E+001
                    1573  1.2768838956099029E+000 -2.5534031567232942E+000  9.2681675818428300E+000  7.2330201217481154E+000 -1.1341270514201121E+001
                    1574  1.2750396591234332E+000 -2.5544131871820275E+000  9.2687964443332991E+000  7.2380513277053060E+000 -1.1310310567907594E+001
                    1575  1.2731954226369633E+000 -2.5554185582312674E+000  9.2695597476347924E+000  7.2438870156826232E+000 -1.1279651487263042E+001
                    1576  1.2707161910212088E+000 -2.5567629166934140E+000  9.2705766093593081E+000  7.2516138464742275E+000 -1.1238895327474049E+001
                    1577  1.2674105488668685E+000 -2.5585428851505911E+000  9.2715330434553564E+000  7.2587679067577460E+000 -1.1185359384612786E+001
                    1578  1.2653090210337117E+000 -2.5596672199511401E+000  9.2722668366823111E+000  7.2642707806563482E+000 -1.1151793621684394E+001
                    1579  1.2632074932005546E+000 -2.5607860329710816E+000  9.2728559993308792E+000  7.2685692500073236E+000 -1.1118588328579925E+001
                    1580  1.2620015485120801E+000 -2.5614256051893820E+000  9.2732872644635940E+000  7.2716825924449280E+000 -1.1099693344317394E+001
                    1581  1.2607956038236057E+000 -2.5620634166602749E+000  9.2739478350427795E+000  7.2764111529384028E+000 -1.1080913386145038E+001
                    1582  1.2583112027013033E+000 -2.5633719248502134E+000  9.2748301133771189E+000  7.2827351120860309E+000 -1.1042582664594612E+001
                    1583  1.2558268015790006E+000 -2.5646731941043135E+000  9.2756597981996585E+000  7.2885018189265978E+000 -1.1004731354369049E+001
                    1584  1.2537361791518968E+000 -2.5657627286193443E+000  9.2764322237430061E+000  7.2937921963029053E+000 -1.0973242921434570E+001
                    1585  1.2515912776378855E+000 -2.5668754481298346E+000  9.2772113606160236E+000  7.2991086763789186E+000 -1.0941277199833296E+001
                    1586  1.2494463761238743E+000 -2.5679830910511359E+000  9.2780136292512658E+000  7.3044459575927743E+000 -1.0909653413399223E+001
                    1587  1.2472465331852696E+000 -2.5691139397605642E+000  9.2788269484922310E+000  7.3098072552153122E+000 -1.0877568241744990E+001
                    1588  1.2450466902466648E+000 -2.5702396537499750E+000  9.2795778961239801E+000  7.3146680531224888E+000 -1.0845832983343930E+001
                    1589  1.2432265309523569E+000 -2.5711672635432374E+000  9.2802605898118120E+000  7.3190367460485586E+000 -1.0819835437356984E+001
                    1590  1.2414063716580490E+000 -2.5720914814507991E+000  9.2811262072877518E+000  7.3244641016015182E+000 -1.0794071916954335E+001
                    1591  1.2386641234218563E+000 -2.5734776275791020E+000  9.2822825951688035E+000  7.3315762317351112E+000 -1.0755691276632954E+001
                    1592  1.2353708672961612E+000 -2.5751325457300709E+000  9.2835039967992916E+000  7.3389184182481246E+000 -1.0710279436017101E+001
                    1593  1.2323674481426028E+000 -2.5766327759675116E+000  9.2846828246560715E+000  7.3458427960496469E+000 -1.0669500955946596E+001
                    1594  1.2293640289890446E+000 -2.5781246139518559E+000  9.2856812569020075E+000  7.3515894072386008E+000 -1.0629318425860172E+001
                    1595  1.2273372879878033E+000 -2.5791266867607336E+000  9.2864901631545838E+000  7.3561790858953398E+000 -1.0602533481796982E+001
                    1596  1.2253105469865617E+000 -2.5801251000074887E+000  9.2875686564184630E+000  7.3621989796686131E+000 -1.0576013038719431E+001
                    1597  1.2219704638291757E+000 -2.5817626780215326E+000  9.2890631090913178E+000  7.3703469081965389E+000 -1.0532867624723735E+001
                    1598  1.2179700971565262E+000 -2.5837115138179469E+000  9.2902990481511125E+000  7.3769486523299888E+000 -1.0482091341795112E+001
                    1599  1.2159699138202011E+000 -2.5846809593161209E+000  9.2914383920306900E+000  7.3829406118934555E+000 -1.0457060661798915E+001
                    1600  1.2124539810951118E+000 -2.5863772454611853E+000  9.2927808496962889E+000  7.3899010115331354E+000 -1.0413620361359941E+001
                    1601  1.2095120516718831E+000 -2.5877891112003995E+000  9.2940047592015471E+000  7.3961782715999673E+000 -1.0377801934932132E+001
                    1602  1.2065701222486542E+000 -2.5891943229484187E+000  9.2955652837395526E+000  7.4041257648678220E+000 -1.0342445959048398E+001
                    1603  1.2019755653112096E+000 -2.5913759652358599E+000  9.2969735730715577E+000  7.4112686282183224E+000 -1.0288103999538576E+001
                    1604  1.1997489344951333E+000 -2.5924276811587839E+000  9.2980527816210223E+000  7.4167617097396574E+000 -1.0262129405578060E+001
                    1605  1.1966701621026514E+000 -2.5938760662007052E+000  9.2992868775232651E+000  7.4230930271954785E+000 -1.0226576334171661E+001
                    1606  1.1935913897101698E+000 -2.5953178094366622E+000  9.3006632892207630E+000  7.4302497906136926E+000 -1.0191415207693677E+001
                    1607  1.1896449116683829E+000 -2.5971563898438745E+000  9.3022482204533539E+000  7.4367354341895053E+000 -1.0146868444921763E+001
                    1608  1.1870938233962971E+000 -2.5983395597509582E+000  9.3024915362602112E+000  7.4420426580556454E+000 -1.0118321067116684E+001
                    1609  1.1845427351242117E+000 -2.5995179312049137E+000  9.3038123141525819E+000  7.4475322970669700E+000 -1.0090045831736278E+001
                    1610  1.1815067403522550E+000 -2.6009150419867724E+000  9.3051076331429616E+000  7.4551542626668725E+000 -1.0056586484622038E+001
                    1611  1.1768447756020182E+000 -2.6030489273898896E+000  9.3064343774094365E+000  7.4621030593319970E+000 -1.0005653769295254E+001
                    1612  1.1744058206345984E+000 -2.6041599613582704E+000  9.3067469068624344E+000  7.4669803390331753E+000 -9.9791520704907484E+000
                    1613  1.1719668656671784E+000 -2.6052670368312203E+000  9.3078020271662965E+000  7.4715387569952281E+000 -9.9528584295956399E+000
                    1614  1.1696261904880587E+000 -2.6063263046632876E+000  9.3080552242420378E+000  7.4761711989273758E+000 -9.9276391082111513E+000
                    1615  1.1672855153089385E+000 -2.6073820175416187E+000  9.3090312321765474E+000  7.4822259433319314E+000 -9.9026012252598541E+000
                    1616  1.1632921234687947E+000 -2.6091757771657011E+000  9.3099459882823474E+000  7.4898771470077037E+000 -9.8600105808739649E+000
                    1617  1.1592987316286512E+000 -2.6109601279463979E+000  9.3105786641388999E+000  7.4956533712497766E+000 -9.8176769217463029E+000
                    1618  1.1572321398427310E+000 -2.6118798889029007E+000  9.3109809751585608E+000  7.4995677138513122E+000 -9.7958663720775672E+000
                    1619  1.1551655480568108E+000 -2.6127971991354468E+000  9.3115463791895685E+000  7.5057009182915762E+000 -9.7741223496604608E+000
                    1620  1.1507164141139405E+000 -2.6147638494369767E+000  9.3083981833530274E+000  7.5149749006590003E+000 -9.7275418512831155E+000
                    1621  1.1462672801710705E+000 -2.6167151770008106E+000  9.3086574493204353E+000  7.5220282455138578E+000 -9.6814972190537851E+000
                    1622  1.1431865406751875E+000 -2.6180598045021122E+000  9.3093586456361752E+000  7.5276250923822108E+000 -9.6498459427436618E+000
                    1623  1.1401058011793042E+000 -2.6193995791549529E+000  9.3100998040207994E+000  7.5337047469764720E+000 -9.6183946486845677E+000
                    1624  1.1364437496303816E+000 -2.6209859700357248E+000  9.3108568856231759E+000  7.5401749440327608E+000 -9.5812617944241047E+000
                    1625  1.1328820086785192E+000 -2.6225225759962871E+000  9.3115005486463307E+000  7.5459024638979253E+000 -9.5454036487562028E+000
                    1626  1.1300071183948555E+000 -2.6237583905054533E+000  9.3120234121576964E+000  7.5507204118554050E+000 -9.5166423238608129E+000
                    1627  1.1274329214876726E+000 -2.6248616169416534E+000  9.3127682467802710E+000  7.5578504937499247E+000 -9.4910253054047136E+000
                    1628  1.1218664564376752E+000 -2.6272367393874947E+000  9.3135705447273942E+000  7.5659005819835929E+000 -9.4360641070020979E+000
                    1629  1.1181942237192986E+000 -2.6287958998779488E+000  9.3140490898552173E+000  7.5708886621970830E+000 -9.4001287399019837E+000
                    1630  1.1160960768128612E+000 -2.6296840385993567E+000  9.3144406604758156E+000  7.5750710074742322E+000 -9.3797113143625435E+000
                    1631  1.1133211083237020E+000 -2.6308557208466183E+000  9.3150216167207098E+000  7.5814588581499436E+000 -9.3528345755878899E+000
                    1632  1.1085990832671446E+000 -2.6328419385999293E+000  9.3156033985811622E+000  7.5880177959342232E+000 -9.3074910570620659E+000
                    1633  1.1055830635710546E+000 -2.6341056582580773E+000  9.3160420038891871E+000  7.5930882179710020E+000 -9.2787084610165351E+000
                    1634  1.1025670438749646E+000 -2.6353656447427252E+000  9.3165659657379614E+000  7.5992741790463940E+000 -9.2500944841875121E+000
                    1635  1.0981654646737322E+000 -2.6371979217859720E+000  9.3170017466215196E+000  7.6047594344906608E+000 -9.2086360248909465E+000
                    1636  1.0959646750731162E+000 -2.6381111858723840E+000  9.3166870313107939E+000  7.6085216286806974E+000 -9.1880411156612709E+000
                    1637  1.0937638854725005E+000 -2.6390222957389948E+000  9.3171980930538751E+000  7.6140446310321472E+000 -9.1675582068413171E+000
                    1638  1.0891957898988009E+000 -2.6409076665202118E+000  9.3177265109687948E+000  7.6196118945043922E+000 -9.1253184572629280E+000
                    1639  1.0869117421119510E+000 -2.6418474754979786E+000  9.3181914790060461E+000  7.6245635332994599E+000 -9.1043365490886146E+000
                    1640  1.0830445235160928E+000 -2.6434344511033925E+000  9.3188309689635798E+000  7.6314527931685356E+000 -9.0690179441738490E+000
                    1641  1.0782950110890672E+000 -2.6453763361052576E+000  9.3196379982455806E+000  7.6402228736741487E+000 -9.0259937039921567E+000
                    1642  1.0719623278530332E+000 -2.6479536569891016E+000  9.3203929134520589E+000  7.6484536133650449E+000 -8.9692218427957791E+000
                    1643  1.0678104956404353E+000 -2.6496362650561642E+000  9.3209820033100304E+000  7.6549029395820751E+000 -8.9323635105345485E+000
                    1644  1.0636586634278375E+000 -2.6513134204433983E+000  9.3212909835373363E+000  7.6613579176487319E+000 -8.8957868811617118E+000
                    1645  1.0595068312152396E+000 -2.6529850557119672E+000  9.3218958979330218E+000  7.6676992690112282E+000 -8.8595026453112276E+000
                    1646  1.0553549990026416E+000 -2.6546515637155359E+000  9.3224101339145307E+000  7.6726877487254530E+000 -8.8234894358316733E+000
                    1647  1.0529260233880839E+000 -2.6556242272249344E+000  9.3227874537738273E+000  7.6763461878959713E+000 -8.8025433810286415E+000
                    1648  1.0504970477735260E+000 -2.6565952282391350E+000  9.3232566081077231E+000  7.6808922966582003E+000 -8.7816869228743126E+000
                    1649  1.0468535843516895E+000 -2.6580486795984264E+000  9.3238176062119571E+000  7.6863184952652421E+000 -8.7505681636261539E+000
                    1650  1.0432101209298528E+000 -2.6594985503737028E+000  9.3244693245065733E+000  7.6925980692500806E+000 -8.7196459950679657E+000
                    1651  1.0383521697007376E+000 -2.6614263128151059E+000  9.3250282866029579E+000  7.6979548688724364E+000 -8.6787167495839519E+000
                    1652  1.0359231940861797E+000 -2.6623879321844881E+000  9.3254179226480858E+000  7.7016688680521170E+000 -8.6583790495824484E+000
                    1653  1.0332622438891521E+000 -2.6634397069072389E+000  9.3258259005073683E+000  7.7055343844356035E+000 -8.6361945820666488E+000
                    1654  1.0306012936921245E+000 -2.6644897568436359E+000  9.3265142819575519E+000  7.7112730973442201E+000 -8.6141089357744622E+000
                    1655  1.0252793932980697E+000 -2.6665849120727860E+000  9.3289466814923561E+000  7.7176375521946143E+000 -8.5702172787590403E+000
                    1656  1.0212639359162714E+000 -2.6681626359161643E+000  9.3301160336303290E+000  7.7232442998120456E+000 -8.5372927106303287E+000
                    1657  1.0172484785344729E+000 -2.6697371720800098E+000  9.3312618362908335E+000  7.7288171249608135E+000 -8.5045046193007785E+000
                    1658  1.0132330211526746E+000 -2.6713086156591799E+000  9.3323784663705158E+000  7.7343575814476839E+000 -8.4718464191424534E+000
                    1659  1.0092175637708765E+000 -2.6728770566040811E+000  9.3331300522135923E+000  7.7397187530749525E+000 -8.4393185892054969E+000
                    1660  1.0055016312548832E+000 -2.6743257142300449E+000  9.3341735510138708E+000  7.7447777393267545E+000 -8.4093606414452449E+000
                    1661  1.0017856987388902E+000 -2.6757719835285076E+000  9.3352034425562245E+000  7.7498083920263792E+000 -8.3795122158092532E+000
                    1662  9.9806976622289723E-001 -2.6772159391890016E+000  9.3362149144328086E+000  7.7548120614587761E+000 -8.3497727638335650E+000
                    1663  9.9435383370690411E-001 -2.6786576517959495E+000  9.3375027030688358E+000  7.7612644874139098E+000 -8.3201423637315894E+000
                    1664  9.8841292651285029E-001 -2.6809581492666887E+000  9.3386686886356500E+000  7.7671993090512776E+000 -8.2729963114780389E+000
                    1665  9.8544247291582288E-001 -2.6821063914126828E+000  9.3399372544577712E+000  7.7737199002732096E+000 -8.2495289166645662E+000
                    1666  9.7851141452275991E-001 -2.6847807431813813E+000  9.3414120537233956E+000  7.7814147121273249E+000 -8.1950429242332792E+000
                    1667  9.7371387612831783E-001 -2.6866280042143647E+000  9.3424492395149343E+000  7.7868802413098903E+000 -8.1575544612149962E+000
                    1668  9.7011572233248611E-001 -2.6880114794880683E+000  9.3433138177619774E+000  7.7916044060498955E+000 -8.1295591815871884E+000
                    1669  9.6641761982010366E-001 -2.6894316872955901E+000  9.3387153683088631E+000  7.7964198998803891E+000 -8.1008916414490475E+000
                    1670  9.6411879933943256E-001 -2.6903117507639647E+000  9.3352485629792898E+000  7.8006602665050417E+000 -8.0835588002356360E+000
                    1671  9.6092044040980418E-001 -2.6915331209104880E+000  9.3362952661765952E+000  7.8049491320755848E+000 -8.0599178938210567E+000
                    1672  9.5732668214102967E-001 -2.6929042188024108E+000  9.3371670125103314E+000  7.8084644193191650E+000 -8.0334166466637527E+000
                    1673  9.5533210333706908E-001 -2.6936646394766908E+000  9.3380882770505043E+000  7.8122059221632858E+000 -8.0187380951539939E+000
                    1674  9.5134294572914779E-001 -2.6951843508437849E+000  9.3392985147975214E+000  7.8171787916993312E+000 -7.9894442820016680E+000
                    1675  9.4735378812122661E-001 -2.6967026075155451E+000  9.3406223899997105E+000  7.8226887204972906E+000 -7.9602348890548971E+000
                    1676  9.4245077636639030E-001 -2.6985667953311041E+000  9.3417469763873964E+000  7.8287855991999802E+000 -7.9244491805957153E+000
                    1677  9.3754776461155365E-001 -2.7004288056808634E+000  9.3428960604148834E+000  7.8334464163525599E+000 -7.8888205484810392E+000
                    1678  9.3484187942418862E-001 -2.7014556463571218E+000  9.3437039626975267E+000  7.8367432800270320E+000 -7.8692107158035380E+000
                    1679  9.3213599423682336E-001 -2.7024819738280992E+000  9.3448696141890579E+000  7.8415298551206689E+000 -7.8496383960838800E+000
                    1680  9.2693994916853051E-001 -2.7044514657863981E+000  9.3463797583938302E+000  7.8477990723772129E+000 -7.8121586683922741E+000
                    1681  9.2174390410023732E-001 -2.7064193113247295E+000  9.3478342826109042E+000  7.8539002326917462E+000 -7.7748170607994060E+000
                    1682  9.1676358433838068E-001 -2.7083040594994929E+000  9.3488853119063435E+000  7.8583508275957952E+000 -7.7391550530935982E+000
                    1683  9.1429099451468665E-001 -2.7092393142068065E+000  9.3495757912657869E+000  7.8612882674421227E+000 -7.7214968233536041E+000
                    1684  9.1181840469099296E-001 -2.7101742844754209E+000  9.3505908508739797E+000  7.8656266162259945E+000 -7.7038693803019598E+000
                    1685  9.0694966720458747E-001 -2.7120145667485587E+000  9.3519203251827356E+000  7.8713602599580978E+000 -7.6692482567462568E+000
                    1686  9.0208092971818177E-001 -2.7138539417840857E+000  9.3532104295661664E+000  7.8769749581522497E+000 -7.6347440469592636E+000
                    1687  8.9736068403943381E-001 -2.7156364718738293E+000  9.3541511282037053E+000  7.8811062596569572E+000 -7.6014021951207251E+000
                    1688  8.9500056120005966E-001 -2.7165274929095475E+000  9.3545980706577225E+000  7.8831673365147710E+000 -7.5847715926491821E+000
                    1689  8.9382049978037259E-001 -2.7169729461374073E+000  9.3545238328128271E+000  7.8845109511252440E+000 -7.5764659735387871E+000
                    1690  8.9278794603814660E-001 -2.7173626361755292E+000  9.3522425890243461E+000  7.8858818631200798E+000 -7.5692070457523917E+000
                    1691  8.9216356364009752E-001 -2.7175980457437965E+000  9.3488262395707107E+000  7.8871775362126728E+000 -7.5648572451831582E+000
                    1692  8.9155043899934139E-001 -2.7178288936525785E+000  9.3451357241154636E+000  7.8887838685663567E+000 -7.5606515999836788E+000
                    1693  8.9046043963799770E-001 -2.7182386804278069E+000  9.3447104004941615E+000  7.8908029535099322E+000 -7.5532768962997965E+000
                    1694  8.8828044091531022E-001 -2.7190579219526487E+000  9.3457212485648160E+000  7.8945340456638942E+000 -7.5385613093710786E+000
                    1695  8.8392044346993526E-001 -2.7206962295543486E+000  9.3471340629016524E+000  7.8995708510351079E+000 -7.5091815539585722E+000
                    1696  8.7940861646843516E-001 -2.7223914452561671E+000  9.3485962429517322E+000  7.9046620350420600E+000 -7.4788513804529639E+000
                    1697  8.7489678946693517E-001 -2.7240866392184664E+000  9.3507919773492745E+000  7.9124006719577169E+000 -7.4485921962615143E+000
                    1698  8.6556947635168646E-001 -2.7275915495186620E+000  9.3460030219346297E+000  7.9209692338294166E+000 -7.3862551331290689E+000
                    1699  8.6144072048790898E-001 -2.7291395063030417E+000  9.3472937527978139E+000  7.9255342604652492E+000 -7.3592923642102468E+000
                    1700  8.5731196462413184E-001 -2.7306877456440248E+000  9.3463926394274601E+000  7.9311224908291100E+000 -7.3323836663424506E+000
                    1701  8.5192118186923549E-001 -2.7327081299010931E+000  9.3438488338908705E+000  7.9376412973040145E+000 -7.2975583758188654E+000
                    1702  8.4653039911433914E-001 -2.7347263713231911E+000  9.3457592341895186E+000  7.9449729942242797E+000 -7.2631685546141318E+000
                    1703  8.3844374124370669E-001 -2.7377555534579354E+000  9.3473751885891456E+000  7.9515648525450207E+000 -7.2117748623020477E+000
                    1704  8.3440041230839024E-001 -2.7392709501724353E+000  9.3479590772412813E+000  7.9559958190664188E+000 -7.1861703744072711E+000
                    1705  8.3035708337307379E-001 -2.7407867511060524E+000  9.3493823140195822E+000  7.9614351854199015E+000 -7.1606498043798847E+000
                    1706  8.2422777000760783E-001 -2.7430860510351485E+000  9.3510687286050693E+000  7.9679619135717665E+000 -7.1220714637995144E+000
                    1707  8.1809845664214198E-001 -2.7453873326198575E+000  9.3525804513456308E+000  7.9739202508194804E+000 -7.0836227346939111E+000
                    1708  8.1298158778442187E-001 -2.7473101650451928E+000  9.3519983336420047E+000  7.9795871018003774E+000 -7.0516220971989521E+000
                    1709  8.0786471892670142E-001 -2.7492334505638123E+000  9.3533882946434908E+000  7.9849362748469153E+000 -7.0198409565396620E+000
                    1710  8.0276080283191165E-001 -2.7511537066525591E+000  9.3547762689942680E+000  7.9902503695888987E+000 -6.9882228938919058E+000
                    1711  7.9765688673712176E-001 -2.7530759519253118E+000  9.3561488140216369E+000  7.9955426371367837E+000 -6.9566843860488650E+000
                    1712  7.9254788712154567E-001 -2.7550022419125999E+000  9.3575053392454848E+000  8.0008113918487300E+000 -6.9251762691256689E+000
                    1713  7.8743888750596946E-001 -2.7569308109653656E+000  9.3589039371006262E+000  8.0062821493938081E+000 -6.8937595965310665E+000
                    1714  7.8188457013078805E-001 -2.7590302373779600E+000  9.3603409245894742E+000  8.0119551010452632E+000 -6.8596862736568891E+000
                    1715  7.7633025275560685E-001 -2.7611327109427810E+000  9.3611873548417819E+000  8.0165711432782292E+000 -6.8256955508634984E+000
                    1716  7.7289877887213809E-001 -2.7624330935399635E+000  9.3620587124182695E+000  8.0200476675552359E+000 -6.8047513059766338E+000
                    1717  7.6946730498866966E-001 -2.7637347539202972E+000  9.3632554287158936E+000  8.0248254174079232E+000 -6.7838369648947099E+000
                    1718  7.6341819870692540E-001 -2.7660326303067246E+000  9.3647646838177216E+000  8.0309029524153743E+000 -6.7470390269312039E+000
                    1719  7.5736909242518113E-001 -2.7683348633026750E+000  9.3658338501327858E+000  8.0352457318632524E+000 -6.7103289782542399E+000
                    1720  7.5475146002690530E-001 -2.7693325116235572E+000  9.3664743542785764E+000  8.0378562987824314E+000 -6.6944701219345433E+000
                    1721  7.5213382762862957E-001 -2.7703310417563687E+000  9.3673330130580137E+000  8.0413684623845878E+000 -6.6786269003991023E+000
                    1722  7.4768273393580498E-001 -2.7720310588043677E+000  9.3684050192609263E+000  8.0457815176889369E+000 -6.6517216701977837E+000
                    1723  7.4323164024298050E-001 -2.7737337830701692E+000  9.3698947463542108E+000  8.0519519034624025E+000 -6.6248596872284793E+000
                    1724  7.3515567710822560E-001 -2.7768304524883103E+000  9.3714396304842627E+000  8.0584264038687206E+000 -6.5762273497315169E+000
                    1725  7.3006739661554654E-001 -2.7787865077683360E+000  9.3726018324215463E+000  8.0633321959710305E+000 -6.5456548824540155E+000
                    1726  7.2511879416197789E-001 -2.7806927605150973E+000  9.3737351519436967E+000  8.0681504647665570E+000 -6.5159700149705966E+000
                    1727  7.2017019170840901E-001 -2.7826029961087455E+000  9.3748169754902015E+000  8.0727831194645727E+000 -6.4863311757848097E+000
                    1728  7.1556878849697092E-001 -2.7843829044349642E+000  9.3758370051124498E+000  8.0771807020051334E+000 -6.4588117538514194E+000
                    1729  7.1107114588704345E-001 -2.7861262347118996E+000  9.3768353379661491E+000  8.0815130387294438E+000 -6.4319488057630130E+000
                    1730  7.0657350327711566E-001 -2.7878731939001167E+000  9.3778034240833765E+000  8.0857414754191748E+000 -6.4051201794574055E+000
                    1731  7.0226321418955517E-001 -2.7895508887240110E+000  9.3787420283992926E+000  8.0898662086895179E+000 -6.3794402797650447E+000
                    1732  6.9795292510199491E-001 -2.7912321166889531E+000  9.3797519971231615E+000  8.0943311582689024E+000 -6.3537898191652014E+000
                    1733  6.9289696873487316E-001 -2.7932088339685222E+000  9.3808315281824708E+000  8.0991365791444636E+000 -6.3237379224692667E+000
                    1734  6.8784101236775153E-001 -2.7951907124111122E+000  9.3819521928441638E+000  8.1041585317328302E+000 -6.2937234307163523E+000
                    1735  6.8228724528539442E-001 -2.7973738758255102E+000  9.3831049968275444E+000  8.1093984616374559E+000 -6.2607947908928461E+000
                    1736  6.7673347820303764E-001 -2.7995636823464389E+000  9.3840560736149410E+000  8.1136757161974167E+000 -6.2279077874711675E+000
                    1737  6.7319378219312254E-001 -2.8009629242965115E+000  9.3846050291860692E+000  8.1161669178814027E+000 -6.2069673321387109E+000
                    1738  6.7142393418816504E-001 -2.8016636092259923E+000  9.3848962532424967E+000  8.1178332462247322E+000 -6.1965027494048197E+000
                    1739  6.6965408618320743E-001 -2.8023649992101123E+000  9.3838817926876459E+000  8.1193679777666770E+000 -6.1860425165974489E+000
                    1740  6.6851220862516902E-001 -2.8028177297835519E+000  9.3835392050258903E+000  8.1205101611192525E+000 -6.1793184637856795E+000
                    1741  6.6737033106713040E-001 -2.8032706859438066E+000  9.3821410785669013E+000  8.1215149697858315E+000 -6.1726025875931025E+000
                    1742  6.6679939228811103E-001 -2.8034971715787562E+000  9.3800071195980426E+000  8.1222012666892542E+000 -6.1692535986956987E+000
                    1743  6.6651501691556481E-001 -2.8036099343425303E+000  9.3783980127607762E+000  8.1226791679032413E+000 -6.1675952536152483E+000
                    1744  6.6623282957694663E-001 -2.8037217931754386E+000  9.3767064839450303E+000  8.1232098523795138E+000 -6.1659572102843603E+000
                    1745  6.6585657979212265E-001 -2.8038708904695326E+000  9.3748916256775594E+000  8.1239792066345107E+000 -6.1637825691886983E+000
                    1746  6.6510408022247447E-001 -2.8041690173816503E+000  9.3722757577585103E+000  8.1253851014362937E+000 -6.1594457651445751E+000
                    1747  6.6359908108317800E-001 -2.8047651824020257E+000  9.3699592420924951E+000  8.1278262372687156E+000 -6.1508181901812407E+000
                    1748  6.6058908280458517E-001 -2.8059581761464814E+000  9.3683987702428162E+000  8.1323111494068439E+000 -6.1336506222549136E+000
                    1749  6.5456908624740040E-001 -2.8083490426829494E+000  9.3687451309299767E+000  8.1379153459821332E+000 -6.0994851396832566E+000
                    1750  6.4867967282762451E-001 -2.8106961561464137E+000  9.3689787040866115E+000  8.1434467580377881E+000 -6.0661500190224968E+000
                    1751  6.4279025940784851E-001 -2.8130515109735743E+000  9.3694969627131783E+000  8.1503789199234475E+000 -6.0329050638940753E+000
                    1752  6.3376535755662433E-001 -2.8166777840307047E+000  9.3702997829716850E+000  8.1629475714396182E+000 -5.9821085397459131E+000
                    1753  6.1549763103091548E-001 -2.8240848787533026E+000  9.3712783791685474E+000  8.1764899679876049E+000 -5.8798003217113299E+000
                    1754  6.0430395785637714E-001 -2.8286706473213528E+000  9.3721393005568174E+000  8.1869963070974663E+000 -5.8174085430239675E+000
                    1755  5.9232096655894406E-001 -2.8336228957494130E+000  9.3726698891109859E+000  8.1978256211476523E+000 -5.7508206653053353E+000
                    1756  5.8033797526151099E-001 -2.8386220883275186E+000  9.3735297847198016E+000  8.2093030083601128E+000 -5.6844432636155648E+000
                    1757  5.6663040730258540E-001 -2.8444027852950109E+000  9.3741876902718406E+000  8.2185578844753948E+000 -5.6087006702817872E+000
                    1758  5.5958387877948679E-001 -2.8474014664513034E+000  9.3749411149476050E+000  8.2259543894687290E+000 -5.5698316871522708E+000
                    1759  5.4981606423174267E-001 -2.8515906597453631E+000  9.3754820377280055E+000  8.2345542154251650E+000 -5.5159951742457753E+000
                    1760  5.4004824968399878E-001 -2.8558188682244010E+000  9.3760559221928208E+000  8.2449734229817757E+000 -5.4622152887416666E+000
                    1761  5.2597688723263092E-001 -2.8619826397442338E+000  9.3767068562980391E+000  8.2553081954659291E+000 -5.3848094250174956E+000
                    1762  5.1635189584079588E-001 -2.8662508021362769E+000  9.3772311150763485E+000  8.2627590641836779E+000 -5.3318839562726987E+000
                    1763  5.0877218660198942E-001 -2.8696434538288331E+000  9.3774786940436847E+000  8.2693139896294117E+000 -5.2902010749173600E+000
                    1764  5.0119247736318329E-001 -2.8730648650443853E+000  9.3781402952693895E+000  8.2752404556570909E+000 -5.2485142304876149E+000
                    1765  4.9492739727142665E-001 -2.8759156487814206E+000  9.3783192112636335E+000  8.2806275830838434E+000 -5.2140332191317791E+000
                    1766  4.8866231717967001E-001 -2.8787874937003664E+000  9.3785733731600622E+000  8.2886550618403998E+000 -5.1795393216493215E+000
                    1767  4.7613215699615635E-001 -2.8845973314090436E+000  9.3794942374611416E+000  8.2961093771373680E+000 -5.1104903705152163E+000
                    1768  4.7111715035395141E-001 -2.8869485364893168E+000  9.3796725184959300E+000  8.3024975639771181E+000 -5.0828085114585564E+000
                    1769  4.6108713706954080E-001 -2.8916971558605553E+000  9.3801108712348231E+000  8.3109145581986201E+000 -5.0273794888339651E+000
                    1770  4.5123920396993439E-001 -2.8964221863443012E+000  9.3805882972751515E+000  8.3211618112732211E+000 -4.9728454964703603E+000
                    1771  4.3674042459773077E-001 -2.9034987454025516E+000  9.3814953868632376E+000  8.3366107243679028E+000 -4.8923112341860602E+000
                    1772  4.1424219196027084E-001 -2.9147881848067234E+000  9.3821726979008595E+000  8.3532132606761103E+000 -4.7665827123358264E+000
                    1773  3.9713371154317811E-001 -2.9236474606323131E+000  9.3823694736480228E+000  8.3639687806248446E+000 -4.6702414436459563E+000
                    1774  3.8857947133463155E-001 -2.9281737374980024E+000  9.3832236777588776E+000  8.3736561589885170E+000 -4.6217963850096693E+000
                    1775  3.7360765480834840E-001 -2.9362653443656859E+000  9.3833427701221694E+000  8.3830245684220071E+000 -4.5364403861760882E+000
                    1776  3.6612174654520718E-001 -2.9403959283494756E+000  9.3833871344098583E+000  8.3892363613587140E+000 -4.4934929273929818E+000
                    1777  3.5863583828206569E-001 -2.9445865753420044E+000  9.3839869118245289E+000  8.3942361545857622E+000 -4.4503467716856990E+000
                    1778  3.5395946171344694E-001 -2.9472363934221977E+000  9.3840097678970640E+000  8.3981110120758036E+000 -4.4232757200813726E+000
                    1779  3.4928308514482820E-001 -2.9499114215623155E+000  9.3840329485235259E+000  8.4039044976012196E+000 -4.3961178328208161E+000
                    1780  3.3993033200759060E-001 -2.9553401896678233E+000  9.3845390863599949E+000  8.4153746765192601E+000 -4.3415252052719193E+000
                    1781  3.2131221034103796E-001 -2.9664832234045488E+000  9.3848085479466068E+000  8.4306995245663003E+000 -4.2315977414188151E+000
                    1782  3.0284393123237330E-001 -2.9780226738279052E+000  9.3853325366878906E+000  8.4445320380863258E+000 -4.1207247425997879E+000
                    1783  2.8786762308133895E-001 -2.9877794901141868E+000  9.3852567020037423E+000  8.4554275359141116E+000 -4.0292556929894001E+000
                    1784  2.7663539196806330E-001 -2.9953566684089195E+000  9.3854471837053524E+000  8.4680532432093738E+000 -3.9596392002605723E+000
                    1785  2.5726194941590508E-001 -3.0090139013164250E+000  9.3855361021602128E+000  8.4878593441473242E+000 -3.8371973937670036E+000
                    1786  2.2883662964782500E-001 -3.0306270753446789E+000  9.3854674482748166E+000  8.5084252233334521E+000 -3.6511454183804219E+000
                    1787  2.0865887762942403E-001 -3.0473366922163958E+000  9.3852822863257277E+000  8.5226292487636091E+000 -3.5135226745699053E+000
                    1788  1.9558052831726999E-001 -3.0588971048688509E+000  9.3849944901465658E+000  8.5367724832570229E+000 -3.4213614905636822E+000
                    1789  1.7551257763176156E-001 -3.0779753926117084E+000  9.3846388300208350E+000  8.5533331405935886E+000 -3.2745288389637621E+000
                    1790  1.5756144837505726E-001 -3.0966940473441542E+000  9.3839414979761351E+000  8.5752503640221018E+000 -3.1365881110432814E+000
                    1791  1.2551797817876645E-001 -3.1353360983885183E+000  9.3830038235810171E+000  8.5992228520319749E+000 -2.8699276295054719E+000
                    1792  1.0600810155385434E-001 -3.1634087208025354E+000  9.3821477199570147E+000  8.6190710846399092E+000 -2.6905177925143628E+000
                    1793  8.3806191466118535E-002 -3.2017435800565814E+000  9.3811986741553781E+000  8.6410380425417959E+000 -2.4634703114403043E+000
                    1794  6.2277860574898626E-002 -3.2491953672125362E+000  9.3799949489989576E+000  8.6603143419459645E+000 -2.2087255268423940E+000
                    1795  4.8325068464964573E-002 -3.2890161790553600E+000  9.3788445065255672E+000  8.6766640580189964E+000 -2.0153625475526527E+000
                    1796  3.3913246947441807E-002 -3.3437774194207583E+000  9.3775286070608974E+000  8.6936279457976191E+000 -1.7767608223163640E+000
                    1797  2.1688472183601159E-002 -3.4118304555867272E+000  9.3765540227020345E+000  8.7070073775782024E+000 -1.5191936389266896E+000
                    1798  1.5524282777848109E-002 -3.4621129908067627E+000  9.3756826206313324E+000  8.7163125488540736E+000 -1.3531641869501156E+000
                    1799  1.0061390295970063E-002 -3.5267755461111645E+000  9.3750005528716809E+000  8.7244357722178538E+000 -1.1660321208854332E+000
                    1800  6.6532276160098883E-003 -3.5879834107555180E+000  9.3745219237212520E+000  8.7313581472497521E+000 -1.0127917410869565E+000
                    1801  3.3990140459897703E-003 -3.6867505673282284E+000  9.3740657281653750E+000  8.7376654678560559E+000 -8.0681365053234655E-001
                    1802  1.7719072609785756E-003 -3.7820070347164436E+000  9.3737792703673755E+000  8.7415576281324316E+000 -6.4793182112306891E-001
                    1803  9.5835386847397156E-004 -3.8715630019520315E+000  9.3736024921348982E+000  8.7439362442584425E+000 -5.2720688535344051E-001
                    1804  5.5157717222195331E-004 -3.9518887357606998E+000  9.3734938180769092E+000  8.7453624915814743E+000 -4.3818754610638971E-001
                    1805  3.4818882409580227E-004 -4.0186929333983903E+000  9.3734337853472010E+000  8.7461923521355800E+000 -3.7571511510238981E-001
                    1806  2.4649465003187554E-004 -4.0688127846915956E+000  9.3733911227418822E+000  8.7468122836336892E+000 -3.3476530093403717E-001
                    1807  1.4480047596794878E-004 -4.1459623611615370E+000  9.3733464006785407E+000  8.7474455290998687E+000 -2.8028040336474597E-001
                    1808  7.2400237060264984E-005 -4.2464267409569461E+000  9.3733097825471319E+000  8.7479429944283122E+000 -2.2239754471332734E-001
                    1809  3.6200117583156549E-005 -4.3468462859473416E+000  9.3732866917673725E+000  8.7482562114150362E+000 -1.7648649240421557E-001
                    1810  1.8100057846304759E-005 -4.4472376141706054E+000  9.3732721382332471E+000  8.7484534596319623E+000 -1.4006215071106445E-001
                    1811  9.0500279778788652E-006 -4.5476111797286221E+000  9.3732629671725025E+000  8.7485776919964042E+000 -1.1115976817773353E-001
                    1812  4.5250130445171333E-006 -4.6479735643371445E+000  9.3732571888412703E+000  8.7486559430618787E+000 -8.8223747854592457E-002
                    1813  2.2625055793968264E-006 -4.7483289163656615E+000  9.3732535486477637E+000  8.7487052339892060E+000 -7.0021322663071872E-002
                    1814  1.1312518475460186E-006 -4.8486798575245826E+000  9.3732512560096772E+000  8.7487362836259539E+000 -5.5574999192101786E-002
                    1815  5.6562589568293636E-007 -4.9490278238883745E+000  9.3732498223151008E+000  8.7487558424267888E+000 -4.4109440727513528E-002
                    1816  2.8281290882747807E-007 -5.0493739105564428E+000  9.3732489845640536E+000  8.7487722513459332E+000 -3.5009465612385007E-002
