### NOTE: parameter 'implicit_opac_newton_slope_max' in block 'rad_m1' is absent from the restart's input: added from the command line (= 3)
Mesh: spherical-polar x3-face theta correction = rotate

Root grid = 1 x 2 x 2 MeshBlocks
Total number of MeshBlocks = 4
Number of logical  levels of refinement = 1 (2 levels total)
Number of physical levels of refinement = 0 (1 levels total)
Number of parallel ranks = 2
  Rank = 0: 2 MeshBlocks, cost = 2
  Rank = 1: 2 MeshBlocks, cost = 2
Load Balancing:
  Maximum normalized cost = 1, Average = 1
<hydro>/tfloor_kelvin = 4000 K -> tfloor = 3.32578e+11 in code temperature (1.20272e-08 K per unit, general EOS)
General EOS: tabulated on 1001 x 826 nodes (100 MB), log10 rho[cgs] in [-21, -1], log10 T[K] in [3.5, 6.8]
             X = 0, Y = 0.9265, Z = 0.0735, H2 off, ionization on, radiation off
             metal ionization off
             mu at the grid centre = 1.35879, n_e/n_tot = 0.62905
General EOS: tabulated on 1001 x 826 nodes (100 MB), log10 rho[cgs] in [-21, -1], log10 T[K] in [3.5, 6.8]
             X = 0, Y = 0.9265, Z = 0.0735, H2 off, ionization on, radiation off
             metal ionization off
             mu at the grid centre = 1.35879, n_e/n_tot = 0.62905
Radial (x1) reconstruction on the spherical polar grid (<hydro>/reconstruct_x1) = plm
<rad_m1>/c_light = 2.99792e+10 [code] ; <units> implies 2.99792e+10 (c in code velocity), rel. diff 0
<rad_m1>/arad = 1.58312e-46 [code] ; <units> implies 1.58312e-46 (a_rad T_unit^4 / p_unit), rel. diff 1.51153e-09
<rad_m1>/temp_unit_kelvin = 1.20272e-08 [code] ; <units> implies 1.20272e-08 (K per code temperature), rel. diff 3.16964e-07
<rad_m1>/rho_unit_cgs = 1 [code] ; <units> implies 1 (g/cm^3 per code density), rel. diff 0
<rad_m1>/kappa_unit = 1 [code] ; <units> implies 1 (code opacity per cm^2/g), rel. diff 0
<rad_m1>/implicit_face_weight = distance (from the input)
<rad_m1>: transport=implicit (3-D) solver=bicgstab lin_tol=1e-10 lin_maxit=200
         implicit_cfl=-1 tol=1e-08 maxit=200 opac_update=true marshak_q=0.5
         implicit_flux=central implicit_recon=dc implicit_partition=none
         implicit_enthalpy=plm (deferred correction)
         implicit_bc_advect=true (Marshak x1 end carries A E)
         implicit_offdiag=operator (auto) closure_relax=1 closure_lag=step trans_limit=none
         implicit_accel=none
         implicit_gas_newton=true implicit_eos_cache=false
         x1 boundaries: min=1 max=0 (0 marshak, 1 flux, 2 reflect, 3 periodic) flux_min=2.15564e+14 flux_max=0
<rad_m1>: spherical-polar wedge (stage S2: chi(f) closure, radial integrating factor, lagged curvature, offdiag none; implicit with areas/volumes/face distances from Coordinates (stretched radial grid)
<rad_m1>: c=2.99792e+10 chat/c=1 cfl_rad=0.4 thick_flux=none ap_form=alpha2 recon=plm advect_split=false split_vel=recon source_form=full closure=vet_col subcycle=false
         kappa_p=0 kappa_e=0 kappa_f=0 kappa_s=0 coupling=true gas_feedback=true arad=1.58312e-46
         opacity=table force_reference=wb_arad temp_unit_kelvin=1.20272e-08 rho_unit_cgs=1
### WARNING: restart file has no general-EOS temperature cache (written before it was added); the first conversion to primitives cold starts and this restart is not bitwise.
### WARNING: restart file has no <rad_m1> implicit_predictor increment (written before it was added, or by a run without one); the first implicit step cold starts and this restart is not bitwise.
he_star_m1: opacity table '/viper/ptmp2/jinma/he_giant_1006/tables/rosseland_tops_hegiant_blend.txt' extended from log10 rho -18 to -21 (60 columns, slope clamped to [0,1] in 0 of 217 T rows)
he_star_m1: opacity table '/viper/ptmp2/jinma/he_giant_1006/tables/planck_tops_hegiant_blend.txt' extended from log10 rho -18 to -21 (60 columns, slope clamped to [0,1] in 0 of 217 T rows)
he_star_m1: column inside the tables: log10 rho -20 .. -2.42024, log10 T 3.60206 .. 6.64839
he_star_m1: he_gm_column: G m(r_in) = 2.17085e+26, G m(r_top) = 3.40709e+26 (G = 6.67408e-08 code), static monopole of the initial column
he_star_m1: he_ic_balance: max |rho/rho_col - 1| = 0.00515103 at r = 2.15997e+11, max face residual |PR/PL - 1| = 3.55271e-15, wall cells a_ref (module form), last change 2.55073e-09
he_star_m1: he_base_heat: F_MLT(r_in) = 4.70239e+16 kept as base heating over r_in .. r_in + 3.4785e+10 when w(t) < 1
he_star_m1: mlt_flux_frozen: max F_MLT/F on the faces = 0.998129 at r = 3.91404e+12; F_MLT at the bottom/top faces = 4.70239e+16 / 0
he_star_m1: mlt ramp start = 432000, time = 432000, w(t = 900421) = 0, max L_MLT (unscaled) = 2.37762e+39
he_star_m1: GM = 2.17085e+26, F_in = 2.15564e+14, tau(r_in) = 2.02746e+08, r_int (tau = 1) = 4.30368e+12, r_top = 1.3914e+13, sponge rate = 0.001 above r = 1.38444e+13
### WARNING: restart file has no <hydro|mhd>/rad_signal_speed inputs; the opacity is rebuilt from the restored state and this restart is not bitwise.
<rad_m1> RSLA check: chat = c, no reduced speed of light (tau_max=2.15025e+08, measured v_max=7.83653e+06)

Setup complete, executing task list(s)...

elapsed=1.769138e+01 cycle=47861 time=9.004208e+05 dt=9.223353e+00
<rad_m1> closure = vet_col: per-column 1-D formal solution, spherical p-rays (ncore 8, nsub 1, 906 rays, 897 shells), axis radial, rebuilt every 1 step(s); vet_col_order2 (quadratic mu, face core); f_K >= 0.000000e+00; 9 shell(s) kept trapezoid weights; team build, 1 shells per chunk, team size AUTO; outer Marshak q = H(face)/J(top cell) in [1.000000e-03, 1.000000e+00]
<rad_m1> vet_gd: exact per-shell lateral halo, band 64 cells (needed 106), per-shell depth mean 2.360312e+01: MeshBlocks too small, the deepest near-tangent reads are clamped (counted)
<rad_m1> vet_gd: global-direction SC closure on the sp wedge, product GL10x12 staggered (120 directions); z-rotation every 10 cycle(s) (0 = fixed), first angle 1.430477e+00; rank 0 wall ghost columns 40960, direction maps exact 1966080 of 4915200 (the rest: nearest direction)
<rad_m1> implicit_halo_mpi: ON, rank 0 has 1 neighbour ranks, 753480 cells sent per component
<rad_m1> NEWTON-FALLBACK cycle=47861 time=900421 (m,k,j,i)=(0,3,9,500) r=5.06835e+12 count=1
<rad_m1> NEWTON-FALLBACK cycle=47861 time=900421 (m,k,j,i)=(0,3,9,537) r=5.21958e+12 count=1
<rad_m1> NEWTON-FALLBACK cycle=47861 time=900421 (m,k,j,i)=(0,3,12,556) r=5.29905e+12 count=1
<rad_m1> NEWTON-FALLBACK cycle=47861 time=900421 (m,k,j,i)=(0,3,26,831) r=6.85357e+12 count=1
<rad_m1> NEWTON-FALLBACK cycle=47861 time=900421 (m,k,j,i)=(0,3,29,571) r=5.36272e+12 count=1
<rad_m1> NEWTON-FALLBACK cycle=47861 time=900421 (m,k,j,i)=(0,3,62,581) r=5.40574e+12 count=1
<rad_m1> NEWTON-FALLBACK cycle=47861 time=900421 (m,k,j,i)=(0,4,8,496) r=5.05236e+12 count=1
<rad_m1> NEWTON-FALLBACK cycle=47861 time=900421 (m,k,j,i)=(0,4,13,780) r=6.41991e+12 count=1
<rad_m1> NEWTON-FALLBACK cycle=47861 time=9.004208e+05 (m,k,j,i)=(0,3,21,763) r=6.320598e+12 count=1.000000e+00
<rad_m1> NEWTON-FALLBACK cycle=47861 time=9.004208e+05 (m,k,j,i)=(0,3,21,788) r=6.468449e+12 count=1.000000e+00
<rad_m1> NEWTON-FALLBACK cycle=47861 time=9.004208e+05 (m,k,j,i)=(0,3,26,562) r=5.324409e+12 count=1.000000e+00
<rad_m1> NEWTON-FALLBACK cycle=47861 time=9.004208e+05 (m,k,j,i)=(0,3,46,563) r=5.328649e+12 count=1.000000e+00
<rad_m1> NEWTON-FALLBACK cycle=47861 time=9.004208e+05 (m,k,j,i)=(0,4,5,562) r=5.324409e+12 count=1.000000e+00
<rad_m1> NEWTON-FALLBACK cycle=47861 time=9.004208e+05 (m,k,j,i)=(0,4,32,580) r=5.401417e+12 count=1.000000e+00
<rad_m1> NEWTON-FALLBACK cycle=47861 time=9.004208e+05 (m,k,j,i)=(0,4,33,816) r=6.668775e+12 count=1.000000e+00
<rad_m1> NEWTON-FALLBACK cycle=47861 time=9.004208e+05 (m,k,j,i)=(0,4,41,514) r=5.124947e+12 count=1.000000e+00
elapsed=2.171896e+01 cycle=47862 time=9.004300e+05 dt=1.844671e+01
<rad_m1> NEWTON-FALLBACK cycle=47862 time=900430 (m,k,j,i)=(0,3,3,533) r=5.203e+12 count=1
<rad_m1> NEWTON-FALLBACK cycle=47862 time=900430 (m,k,j,i)=(0,3,3,543) r=5.24455e+12 count=1
<rad_m1> NEWTON-FALLBACK cycle=47862 time=900430 (m,k,j,i)=(0,3,3,608) r=5.52504e+12 count=1
<rad_m1> NEWTON-FALLBACK cycle=47862 time=900430 (m,k,j,i)=(0,3,3,609) r=5.52957e+12 count=1
<rad_m1> NEWTON-FALLBACK cycle=47862 time=900430 (m,k,j,i)=(0,3,3,885) r=1.07241e+13 count=1
<rad_m1> NEWTON-FALLBACK cycle=47862 time=900430 (m,k,j,i)=(0,3,3,886) r=1.08961e+13 count=1
<rad_m1> NEWTON-FALLBACK cycle=47862 time=900430 (m,k,j,i)=(0,3,3,887) r=1.10753e+13 count=1
<rad_m1> NEWTON-FALLBACK cycle=47862 time=900430 (m,k,j,i)=(0,3,3,888) r=1.12626e+13 count=1
<rad_m1> NEWTON-FALLBACK cycle=47862 time=9.004300e+05 (m,k,j,i)=(0,3,3,608) r=5.525042e+12 count=1.000000e+00
<rad_m1> NEWTON-FALLBACK cycle=47862 time=9.004300e+05 (m,k,j,i)=(0,3,3,609) r=5.529566e+12 count=1.000000e+00
<rad_m1> NEWTON-FALLBACK cycle=47862 time=9.004300e+05 (m,k,j,i)=(0,3,3,876) r=9.414498e+12 count=1.000000e+00
<rad_m1> NEWTON-FALLBACK cycle=47862 time=9.004300e+05 (m,k,j,i)=(0,3,3,877) r=9.541266e+12 count=1.000000e+00
<rad_m1> NEWTON-FALLBACK cycle=47862 time=9.004300e+05 (m,k,j,i)=(0,3,3,878) r=9.672461e+12 count=1.000000e+00
<rad_m1> NEWTON-FALLBACK cycle=47862 time=9.004300e+05 (m,k,j,i)=(0,3,3,879) r=9.808177e+12 count=1.000000e+00
<rad_m1> NEWTON-FALLBACK cycle=47862 time=9.004300e+05 (m,k,j,i)=(0,3,3,880) r=9.948509e+12 count=1.000000e+00
<rad_m1> NEWTON-FALLBACK cycle=47862 time=9.004300e+05 (m,k,j,i)=(0,3,4,598) r=5.480246e+12 count=1.000000e+00
elapsed=2.548360e+01 cycle=47863 time=9.004484e+05 dt=1.855466e+01
<rad_m1> NEWTON-FALLBACK cycle=47863 time=900448 (m,k,j,i)=(0,3,3,499) r=5.06435e+12 count=1
<rad_m1> NEWTON-FALLBACK cycle=47863 time=900448 (m,k,j,i)=(0,3,3,507) r=5.09654e+12 count=1
<rad_m1> NEWTON-FALLBACK cycle=47863 time=900448 (m,k,j,i)=(0,3,3,609) r=5.52957e+12 count=1
<rad_m1> NEWTON-FALLBACK cycle=47863 time=900448 (m,k,j,i)=(0,3,4,499) r=5.06435e+12 count=1
<rad_m1> NEWTON-FALLBACK cycle=47863 time=900448 (m,k,j,i)=(0,3,4,507) r=5.09654e+12 count=1
<rad_m1> NEWTON-FALLBACK cycle=47863 time=900448 (m,k,j,i)=(0,3,5,499) r=5.06435e+12 count=1
<rad_m1> NEWTON-FALLBACK cycle=47863 time=900448 (m,k,j,i)=(0,3,5,597) r=5.47581e+12 count=1
<rad_m1> NEWTON-FALLBACK cycle=47863 time=900448 (m,k,j,i)=(0,3,6,499) r=5.06435e+12 count=1
<rad_m1> NEWTON-FALLBACK cycle=47863 time=9.004484e+05 (m,k,j,i)=(0,3,3,508) r=5.100582e+12 count=1.000000e+00
<rad_m1> NEWTON-FALLBACK cycle=47863 time=9.004484e+05 (m,k,j,i)=(0,3,3,509) r=5.104632e+12 count=1.000000e+00
<rad_m1> NEWTON-FALLBACK cycle=47863 time=9.004484e+05 (m,k,j,i)=(0,3,3,516) r=5.133102e+12 count=1.000000e+00
<rad_m1> NEWTON-FALLBACK cycle=47863 time=9.004484e+05 (m,k,j,i)=(0,3,3,517) r=5.137185e+12 count=1.000000e+00
<rad_m1> NEWTON-FALLBACK cycle=47863 time=9.004484e+05 (m,k,j,i)=(0,3,3,524) r=5.165870e+12 count=1.000000e+00
<rad_m1> NEWTON-FALLBACK cycle=47863 time=9.004484e+05 (m,k,j,i)=(0,3,3,525) r=5.169982e+12 count=1.000000e+00
<rad_m1> NEWTON-FALLBACK cycle=47863 time=9.004484e+05 (m,k,j,i)=(0,3,3,526) r=5.174098e+12 count=1.000000e+00
<rad_m1> NEWTON-FALLBACK cycle=47863 time=9.004484e+05 (m,k,j,i)=(0,3,3,527) r=5.178216e+12 count=1.000000e+00
elapsed=2.858202e+01 cycle=47864 time=9.004670e+05 dt=1.855533e+01
<rad_m1> NEWTON-FALLBACK cycle=47864 time=900467 (m,k,j,i)=(0,3,27,457) r=4.90232e+12 count=1
<rad_m1> NEWTON-FALLBACK cycle=47864 time=900467 (m,k,j,i)=(0,3,39,510) r=5.10869e+12 count=1
<rad_m1> NEWTON-FALLBACK cycle=47864 time=900467 (m,k,j,i)=(0,3,41,544) r=5.24872e+12 count=1
<rad_m1> NEWTON-FALLBACK cycle=47864 time=900467 (m,k,j,i)=(0,3,42,531) r=5.19472e+12 count=1
<rad_m1> NEWTON-FALLBACK cycle=47864 time=900467 (m,k,j,i)=(0,3,48,518) r=5.14127e+12 count=1
<rad_m1> NEWTON-FALLBACK cycle=47864 time=900467 (m,k,j,i)=(0,4,45,592) r=5.45373e+12 count=1
<rad_m1> NEWTON-FALLBACK cycle=47864 time=900467 (m,k,j,i)=(0,4,47,546) r=5.25708e+12 count=1
<rad_m1> NEWTON-FALLBACK cycle=47864 time=900467 (m,k,j,i)=(0,4,55,560) r=5.31594e+12 count=1
<rad_m1> NEWTON-FALLBACK cycle=47864 time=9.004670e+05 (m,k,j,i)=(0,3,29,513) r=5.120876e+12 count=1.000000e+00
<rad_m1> NEWTON-FALLBACK cycle=47864 time=9.004670e+05 (m,k,j,i)=(0,3,30,596) r=5.471379e+12 count=1.000000e+00
<rad_m1> NEWTON-FALLBACK cycle=47864 time=9.004670e+05 (m,k,j,i)=(0,3,33,462) r=4.920839e+12 count=1.000000e+00
<rad_m1> NEWTON-FALLBACK cycle=47864 time=9.004670e+05 (m,k,j,i)=(0,3,36,532) r=5.198859e+12 count=1.000000e+00
<rad_m1> NEWTON-FALLBACK cycle=47864 time=9.004670e+05 (m,k,j,i)=(0,3,59,512) r=5.116809e+12 count=1.000000e+00
<rad_m1> NEWTON-FALLBACK cycle=47864 time=9.004670e+05 (m,k,j,i)=(0,4,8,599) r=5.484691e+12 count=1.000000e+00
<rad_m1> NEWTON-FALLBACK cycle=47864 time=9.004670e+05 (m,k,j,i)=(0,4,20,527) r=5.178216e+12 count=1.000000e+00
<rad_m1> NEWTON-FALLBACK cycle=47864 time=9.004670e+05 (m,k,j,i)=(0,4,48,519) r=5.145362e+12 count=1.000000e+00
elapsed=3.152697e+01 cycle=47865 time=9.004856e+05 dt=1.855599e+01
<rad_m1> NEWTON-FALLBACK cycle=47865 time=900486 (m,k,j,i)=(0,3,3,504) r=5.08443e+12 count=1
<rad_m1> NEWTON-FALLBACK cycle=47865 time=900486 (m,k,j,i)=(0,3,21,514) r=5.12495e+12 count=1
<rad_m1> NEWTON-FALLBACK cycle=47865 time=900486 (m,k,j,i)=(0,3,24,543) r=5.24455e+12 count=1
<rad_m1> NEWTON-FALLBACK cycle=47865 time=900486 (m,k,j,i)=(0,3,33,604) r=5.50703e+12 count=1
<rad_m1> NEWTON-FALLBACK cycle=47865 time=900486 (m,k,j,i)=(0,3,34,660) r=5.77244e+12 count=1
<rad_m1> NEWTON-FALLBACK cycle=47865 time=900486 (m,k,j,i)=(0,3,36,522) r=5.15766e+12 count=1
<rad_m1> NEWTON-FALLBACK cycle=47865 time=900486 (m,k,j,i)=(0,3,38,561) r=5.32017e+12 count=1
<rad_m1> NEWTON-FALLBACK cycle=47865 time=900486 (m,k,j,i)=(0,3,51,425) r=4.78977e+12 count=1
<rad_m1> NEWTON-FALLBACK cycle=47865 time=9.004856e+05 (m,k,j,i)=(0,3,4,502) r=5.076380e+12 count=1.000000e+00
<rad_m1> NEWTON-FALLBACK cycle=47865 time=9.004856e+05 (m,k,j,i)=(0,3,15,519) r=5.145362e+12 count=1.000000e+00
<rad_m1> NEWTON-FALLBACK cycle=47865 time=9.004856e+05 (m,k,j,i)=(0,3,20,507) r=5.096537e+12 count=1.000000e+00
<rad_m1> NEWTON-FALLBACK cycle=47865 time=9.004856e+05 (m,k,j,i)=(0,3,27,528) r=5.182338e+12 count=1.000000e+00
<rad_m1> NEWTON-FALLBACK cycle=47865 time=9.004856e+05 (m,k,j,i)=(0,3,27,571) r=5.362720e+12 count=1.000000e+00
<rad_m1> NEWTON-FALLBACK cycle=47865 time=9.004856e+05 (m,k,j,i)=(0,3,28,515) r=5.129022e+12 count=1.000000e+00
<rad_m1> NEWTON-FALLBACK cycle=47865 time=9.004856e+05 (m,k,j,i)=(0,3,29,522) r=5.157656e+12 count=1.000000e+00
<rad_m1> NEWTON-FALLBACK cycle=47865 time=9.004856e+05 (m,k,j,i)=(0,3,30,583) r=5.414413e+12 count=1.000000e+00
elapsed=3.440487e+01 cycle=47866 time=9.005041e+05 dt=1.855668e+01
<rad_m1> NEWTON-FALLBACK cycle=47866 time=900504 (m,k,j,i)=(0,3,3,538) r=5.22374e+12 count=1
<rad_m1> NEWTON-FALLBACK cycle=47866 time=900504 (m,k,j,i)=(0,3,11,519) r=5.14536e+12 count=1
<rad_m1> NEWTON-FALLBACK cycle=47866 time=900504 (m,k,j,i)=(0,3,29,573) r=5.37128e+12 count=1
<rad_m1> NEWTON-FALLBACK cycle=47866 time=900504 (m,k,j,i)=(0,3,31,547) r=5.26126e+12 count=1
<rad_m1> NEWTON-FALLBACK cycle=47866 time=900504 (m,k,j,i)=(0,3,46,514) r=5.12495e+12 count=1
<rad_m1> NEWTON-FALLBACK cycle=47866 time=900504 (m,k,j,i)=(0,3,46,522) r=5.15766e+12 count=1
<rad_m1> NEWTON-FALLBACK cycle=47866 time=900504 (m,k,j,i)=(0,3,52,523) r=5.16176e+12 count=1
<rad_m1> NEWTON-FALLBACK cycle=47866 time=900504 (m,k,j,i)=(0,3,54,599) r=5.48469e+12 count=1
<rad_m1> NEWTON-FALLBACK cycle=47866 time=9.005041e+05 (m,k,j,i)=(0,3,10,473) r=4.962398e+12 count=1.000000e+00
<rad_m1> NEWTON-FALLBACK cycle=47866 time=9.005041e+05 (m,k,j,i)=(0,3,12,511) r=5.112746e+12 count=1.000000e+00
<rad_m1> NEWTON-FALLBACK cycle=47866 time=9.005041e+05 (m,k,j,i)=(0,3,16,542) r=5.240382e+12 count=1.000000e+00
<rad_m1> NEWTON-FALLBACK cycle=47866 time=9.005041e+05 (m,k,j,i)=(0,3,32,518) r=5.141272e+12 count=1.000000e+00
<rad_m1> NEWTON-FALLBACK cycle=47866 time=9.005041e+05 (m,k,j,i)=(0,3,41,519) r=5.145362e+12 count=1.000000e+00
<rad_m1> NEWTON-FALLBACK cycle=47866 time=9.005041e+05 (m,k,j,i)=(0,3,55,123) r=2.242291e+12 count=1.000000e+00
<rad_m1> NEWTON-FALLBACK cycle=47866 time=9.005041e+05 (m,k,j,i)=(0,3,63,554) r=5.290630e+12 count=1.000000e+00
<rad_m1> NEWTON-FALLBACK cycle=47866 time=9.005041e+05 (m,k,j,i)=(0,4,8,410) r=4.740502e+12 count=1.000000e+00
elapsed=3.720645e+01 cycle=47867 time=9.005227e+05 dt=1.855742e+01
<rad_m1> NEWTON-FALLBACK cycle=47867 time=900523 (m,k,j,i)=(0,3,3,596) r=5.47138e+12 count=1
<rad_m1> NEWTON-FALLBACK cycle=47867 time=900523 (m,k,j,i)=(0,3,8,577) r=5.38847e+12 count=1
<rad_m1> NEWTON-FALLBACK cycle=47867 time=900523 (m,k,j,i)=(0,3,13,584) r=5.41876e+12 count=1
<rad_m1> NEWTON-FALLBACK cycle=47867 time=900523 (m,k,j,i)=(0,3,25,547) r=5.26126e+12 count=1
<rad_m1> NEWTON-FALLBACK cycle=47867 time=900523 (m,k,j,i)=(0,3,50,591) r=5.44934e+12 count=1
<rad_m1> NEWTON-FALLBACK cycle=47867 time=900523 (m,k,j,i)=(0,4,4,497) r=5.05635e+12 count=1
<rad_m1> NEWTON-FALLBACK cycle=47867 time=900523 (m,k,j,i)=(0,4,10,590) r=5.44495e+12 count=1
<rad_m1> NEWTON-FALLBACK cycle=47867 time=900523 (m,k,j,i)=(0,4,11,591) r=5.44934e+12 count=1
<rad_m1> NEWTON-FALLBACK cycle=47867 time=9.005227e+05 (m,k,j,i)=(0,3,27,551) r=5.278023e+12 count=1.000000e+00
<rad_m1> NEWTON-FALLBACK cycle=47867 time=9.005227e+05 (m,k,j,i)=(0,3,30,594) r=5.462541e+12 count=1.000000e+00
<rad_m1> NEWTON-FALLBACK cycle=47867 time=9.005227e+05 (m,k,j,i)=(0,3,35,559) r=5.311714e+12 count=1.000000e+00
<rad_m1> NEWTON-FALLBACK cycle=47867 time=9.005227e+05 (m,k,j,i)=(0,3,36,120) r=2.152510e+12 count=1.000000e+00
<rad_m1> NEWTON-FALLBACK cycle=47867 time=9.005227e+05 (m,k,j,i)=(0,3,36,514) r=5.124947e+12 count=1.000000e+00
<rad_m1> NEWTON-FALLBACK cycle=47867 time=9.005227e+05 (m,k,j,i)=(0,3,42,515) r=5.129022e+12 count=1.000000e+00
<rad_m1> NEWTON-FALLBACK cycle=47867 time=9.005227e+05 (m,k,j,i)=(0,3,43,124) r=2.272443e+12 count=1.000000e+00
<rad_m1> NEWTON-FALLBACK cycle=47867 time=9.005227e+05 (m,k,j,i)=(0,3,46,516) r=5.133102e+12 count=1.000000e+00
elapsed=3.994296e+01 cycle=47868 time=9.005412e+05 dt=1.855821e+01
<rad_m1> NEWTON-FALLBACK cycle=47868 time=900541 (m,k,j,i)=(0,3,3,551) r=5.27802e+12 count=1
<rad_m1> NEWTON-FALLBACK cycle=47868 time=900541 (m,k,j,i)=(0,3,4,538) r=5.22374e+12 count=1
<rad_m1> NEWTON-FALLBACK cycle=47868 time=900541 (m,k,j,i)=(0,3,6,532) r=5.19886e+12 count=1
<rad_m1> NEWTON-FALLBACK cycle=47868 time=900541 (m,k,j,i)=(0,3,15,564) r=5.33289e+12 count=1
<rad_m1> NEWTON-FALLBACK cycle=47868 time=900541 (m,k,j,i)=(0,3,19,583) r=5.41441e+12 count=1
<rad_m1> NEWTON-FALLBACK cycle=47868 time=900541 (m,k,j,i)=(0,3,29,534) r=5.20714e+12 count=1
<rad_m1> NEWTON-FALLBACK cycle=47868 time=900541 (m,k,j,i)=(0,3,30,536) r=5.21543e+12 count=1
<rad_m1> NEWTON-FALLBACK cycle=47868 time=900541 (m,k,j,i)=(0,3,60,523) r=5.16176e+12 count=1
<rad_m1> NEWTON-FALLBACK cycle=47868 time=9.005412e+05 (m,k,j,i)=(0,3,15,509) r=5.104632e+12 count=1.000000e+00
<rad_m1> NEWTON-FALLBACK cycle=47868 time=9.005412e+05 (m,k,j,i)=(0,3,17,522) r=5.157656e+12 count=1.000000e+00
<rad_m1> NEWTON-FALLBACK cycle=47868 time=9.005412e+05 (m,k,j,i)=(0,3,22,536) r=5.215431e+12 count=1.000000e+00
<rad_m1> NEWTON-FALLBACK cycle=47868 time=9.005412e+05 (m,k,j,i)=(0,3,22,540) r=5.232052e+12 count=1.000000e+00
<rad_m1> NEWTON-FALLBACK cycle=47868 time=9.005412e+05 (m,k,j,i)=(0,3,26,518) r=5.141272e+12 count=1.000000e+00
<rad_m1> NEWTON-FALLBACK cycle=47868 time=9.005412e+05 (m,k,j,i)=(0,3,32,578) r=5.392781e+12 count=1.000000e+00
<rad_m1> NEWTON-FALLBACK cycle=47868 time=9.005412e+05 (m,k,j,i)=(0,3,38,601) r=5.493602e+12 count=1.000000e+00
<rad_m1> NEWTON-FALLBACK cycle=47868 time=9.005412e+05 (m,k,j,i)=(0,3,46,126) r=2.333046e+12 count=1.000000e+00
elapsed=4.261306e+01 cycle=47869 time=9.005598e+05 dt=1.855905e+01
<rad_m1> NEWTON-FALLBACK cycle=47869 time=9.005598e+05 (m,k,j,i)=(0,3,10,25) r=4.346406e+11 count=1.000000e+00
<rad_m1> NEWTON-FALLBACK cycle=47869 time=9.005598e+05 (m,k,j,i)=(0,3,10,525) r=5.169982e+12 count=1.000000e+00
<rad_m1> NEWTON-FALLBACK cycle=47869 time=9.005598e+05 (m,k,j,i)=(0,3,22,574) r=5.375573e+12 count=1.000000e+00
<rad_m1> NEWTON-FALLBACK cycle=47869 time=9.005598e+05 (m,k,j,i)=(0,3,22,575) r=5.379867e+12 count=1.000000e+00
<rad_m1> NEWTON-FALLBACK cycle=47869 time=9.005598e+05 (m,k,j,i)=(0,3,23,536) r=5.215431e+12 count=1.000000e+00
<rad_m1> NEWTON-FALLBACK cycle=47869 time=9.005598e+05 (m,k,j,i)=(0,3,25,535) r=5.211283e+12 count=1.000000e+00
<rad_m1> NEWTON-FALLBACK cycle=47869 time=9.005598e+05 (m,k,j,i)=(0,3,25,549) r=5.269636e+12 count=1.000000e+00
<rad_m1> NEWTON-FALLBACK cycle=47869 time=9.005598e+05 (m,k,j,i)=(0,3,25,559) r=5.311714e+12 count=1.000000e+00
<rad_m1> NEWTON-FALLBACK cycle=47869 time=900560 (m,k,j,i)=(0,3,34,521) r=5.15355e+12 count=1
<rad_m1> NEWTON-FALLBACK cycle=47869 time=900560 (m,k,j,i)=(0,3,35,596) r=5.47138e+12 count=1
<rad_m1> NEWTON-FALLBACK cycle=47869 time=900560 (m,k,j,i)=(0,3,43,748) r=6.23615e+12 count=1
<rad_m1> NEWTON-FALLBACK cycle=47869 time=900560 (m,k,j,i)=(0,4,35,522) r=5.15766e+12 count=1
<rad_m1> NEWTON-FALLBACK cycle=47869 time=900560 (m,k,j,i)=(0,4,37,511) r=5.11275e+12 count=1
<rad_m1> NEWTON-FALLBACK cycle=47869 time=900560 (m,k,j,i)=(0,4,39,582) r=5.41008e+12 count=1
<rad_m1> NEWTON-FALLBACK cycle=47869 time=900560 (m,k,j,i)=(0,4,44,672) r=5.83297e+12 count=1
<rad_m1> NEWTON-FALLBACK cycle=47869 time=900560 (m,k,j,i)=(0,4,55,63) r=8.246e+11 count=1
elapsed=4.532114e+01 cycle=47870 time=9.005783e+05 dt=1.855993e+01
<rad_m1> NEWTON-FALLBACK cycle=47870 time=900578 (m,k,j,i)=(0,3,16,558) r=5.30749e+12 count=1
<rad_m1> NEWTON-FALLBACK cycle=47870 time=900578 (m,k,j,i)=(0,3,34,560) r=5.31594e+12 count=1
<rad_m1> NEWTON-FALLBACK cycle=47870 time=900578 (m,k,j,i)=(0,3,52,553) r=5.28642e+12 count=1
<rad_m1> NEWTON-FALLBACK cycle=47870 time=900578 (m,k,j,i)=(0,3,56,513) r=5.12088e+12 count=1
<rad_m1> NEWTON-FALLBACK cycle=47870 time=900578 (m,k,j,i)=(0,4,13,497) r=5.05635e+12 count=1
<rad_m1> NEWTON-FALLBACK cycle=47870 time=900578 (m,k,j,i)=(0,4,31,509) r=5.10463e+12 count=1
<rad_m1> NEWTON-FALLBACK cycle=47870 time=900578 (m,k,j,i)=(0,4,50,532) r=5.19886e+12 count=1
<rad_m1> NEWTON-FALLBACK cycle=47870 time=900578 (m,k,j,i)=(0,4,52,518) r=5.14127e+12 count=1
<rad_m1> NEWTON-FALLBACK cycle=47870 time=9.005783e+05 (m,k,j,i)=(0,3,15,515) r=5.129022e+12 count=1.000000e+00
<rad_m1> NEWTON-FALLBACK cycle=47870 time=9.005783e+05 (m,k,j,i)=(0,3,22,540) r=5.232052e+12 count=1.000000e+00
<rad_m1> NEWTON-FALLBACK cycle=47870 time=9.005783e+05 (m,k,j,i)=(0,3,28,508) r=5.100582e+12 count=1.000000e+00
<rad_m1> NEWTON-FALLBACK cycle=47870 time=9.005783e+05 (m,k,j,i)=(0,3,31,520) r=5.149457e+12 count=1.000000e+00
<rad_m1> NEWTON-FALLBACK cycle=47870 time=9.005783e+05 (m,k,j,i)=(0,3,39,519) r=5.145362e+12 count=1.000000e+00
<rad_m1> NEWTON-FALLBACK cycle=47870 time=9.005783e+05 (m,k,j,i)=(0,3,56,125) r=2.302697e+12 count=1.000000e+00
<rad_m1> NEWTON-FALLBACK cycle=47870 time=9.005783e+05 (m,k,j,i)=(0,3,63,687) r=5.910086e+12 count=1.000000e+00
<rad_m1> NEWTON-FALLBACK cycle=47870 time=9.005783e+05 (m,k,j,i)=(0,3,64,518) r=5.141272e+12 count=1.000000e+00
elapsed=4.821773e+01 cycle=47871 time=9.005969e+05 dt=1.856086e+01
<rad_m1> NEWTON-FALLBACK cycle=47871 time=900597 (m,k,j,i)=(0,3,4,530) r=5.19059e+12 count=1
<rad_m1> NEWTON-FALLBACK cycle=47871 time=900597 (m,k,j,i)=(0,3,5,511) r=5.11275e+12 count=1
<rad_m1> NEWTON-FALLBACK cycle=47871 time=900597 (m,k,j,i)=(0,3,21,581) r=5.40574e+12 count=1
<rad_m1> NEWTON-FALLBACK cycle=47871 time=900597 (m,k,j,i)=(0,3,22,426) r=4.79312e+12 count=1
<rad_m1> NEWTON-FALLBACK cycle=47871 time=900597 (m,k,j,i)=(0,3,29,610) r=5.5341e+12 count=1
<rad_m1> NEWTON-FALLBACK cycle=47871 time=900597 (m,k,j,i)=(0,3,32,561) r=5.32017e+12 count=1
<rad_m1> NEWTON-FALLBACK cycle=47871 time=900597 (m,k,j,i)=(0,3,36,585) r=5.42311e+12 count=1
<rad_m1> NEWTON-FALLBACK cycle=47871 time=900597 (m,k,j,i)=(0,3,39,521) r=5.15355e+12 count=1
<rad_m1> NEWTON-FALLBACK cycle=47871 time=9.005969e+05 (m,k,j,i)=(0,3,5,524) r=5.165870e+12 count=1.000000e+00
<rad_m1> NEWTON-FALLBACK cycle=47871 time=9.005969e+05 (m,k,j,i)=(0,3,11,597) r=5.475809e+12 count=1.000000e+00
<rad_m1> NEWTON-FALLBACK cycle=47871 time=9.005969e+05 (m,k,j,i)=(0,3,16,520) r=5.149457e+12 count=1.000000e+00
<rad_m1> NEWTON-FALLBACK cycle=47871 time=9.005969e+05 (m,k,j,i)=(0,3,16,612) r=5.543189e+12 count=1.000000e+00
<rad_m1> NEWTON-FALLBACK cycle=47871 time=9.005969e+05 (m,k,j,i)=(0,3,20,506) r=5.092496e+12 count=1.000000e+00
<rad_m1> NEWTON-FALLBACK cycle=47871 time=9.005969e+05 (m,k,j,i)=(0,3,28,565) r=5.337141e+12 count=1.000000e+00
<rad_m1> NEWTON-FALLBACK cycle=47871 time=9.005969e+05 (m,k,j,i)=(0,3,33,519) r=5.145362e+12 count=1.000000e+00
<rad_m1> NEWTON-FALLBACK cycle=47871 time=9.005969e+05 (m,k,j,i)=(0,3,34,119) r=2.122829e+12 count=1.000000e+00
elapsed=5.090218e+01 cycle=47872 time=9.006155e+05 dt=1.856180e+01
<rad_m1> NEWTON-FALLBACK cycle=47872 time=900615 (m,k,j,i)=(0,3,4,518) r=5.14127e+12 count=1
<rad_m1> NEWTON-FALLBACK cycle=47872 time=900615 (m,k,j,i)=(0,3,8,651) r=5.72782e+12 count=1
<rad_m1> NEWTON-FALLBACK cycle=47872 time=900615 (m,k,j,i)=(0,3,8,655) r=5.74756e+12 count=1
<rad_m1> NEWTON-FALLBACK cycle=47872 time=900615 (m,k,j,i)=(0,3,12,847) r=7.25793e+12 count=1
<rad_m1> NEWTON-FALLBACK cycle=47872 time=900615 (m,k,j,i)=(0,3,21,535) r=5.21128e+12 count=1
<rad_m1> NEWTON-FALLBACK cycle=47872 time=900615 (m,k,j,i)=(0,3,21,735) r=6.16478e+12 count=1
<rad_m1> NEWTON-FALLBACK cycle=47872 time=900615 (m,k,j,i)=(0,3,23,561) r=5.32017e+12 count=1
<rad_m1> NEWTON-FALLBACK cycle=47872 time=900615 (m,k,j,i)=(0,3,30,509) r=5.10463e+12 count=1
<rad_m1> NEWTON-FALLBACK cycle=47872 time=9.006155e+05 (m,k,j,i)=(0,3,3,759) r=6.297820e+12 count=1.000000e+00
<rad_m1> NEWTON-FALLBACK cycle=47872 time=9.006155e+05 (m,k,j,i)=(0,3,7,677) r=5.858515e+12 count=1.000000e+00
<rad_m1> NEWTON-FALLBACK cycle=47872 time=9.006155e+05 (m,k,j,i)=(0,3,9,777) r=6.402052e+12 count=1.000000e+00
<rad_m1> NEWTON-FALLBACK cycle=47872 time=9.006155e+05 (m,k,j,i)=(0,3,11,521) r=5.153555e+12 count=1.000000e+00
<rad_m1> NEWTON-FALLBACK cycle=47872 time=9.006155e+05 (m,k,j,i)=(0,3,25,719) r=6.078604e+12 count=1.000000e+00
<rad_m1> NEWTON-FALLBACK cycle=47872 time=9.006155e+05 (m,k,j,i)=(0,3,26,743) r=6.208525e+12 count=1.000000e+00
<rad_m1> NEWTON-FALLBACK cycle=47872 time=9.006155e+05 (m,k,j,i)=(0,3,27,115) r=2.005507e+12 count=1.000000e+00
<rad_m1> NEWTON-FALLBACK cycle=47872 time=9.006155e+05 (m,k,j,i)=(0,3,33,602) r=5.498070e+12 count=1.000000e+00
elapsed=5.359188e+01 cycle=47873 time=9.006340e+05 dt=1.856275e+01
<rad_m1> NEWTON-FALLBACK cycle=47873 time=900634 (m,k,j,i)=(0,3,16,541) r=5.23622e+12 count=1
<rad_m1> NEWTON-FALLBACK cycle=47873 time=900634 (m,k,j,i)=(0,3,18,540) r=5.23205e+12 count=1
<rad_m1> NEWTON-FALLBACK cycle=47873 time=900634 (m,k,j,i)=(0,3,20,531) r=5.19472e+12 count=1
<rad_m1> NEWTON-FALLBACK cycle=47873 time=900634 (m,k,j,i)=(0,3,27,595) r=5.46696e+12 count=1
<rad_m1> NEWTON-FALLBACK cycle=47873 time=900634 (m,k,j,i)=(0,3,40,565) r=5.33714e+12 count=1
<rad_m1> NEWTON-FALLBACK cycle=47873 time=900634 (m,k,j,i)=(0,3,49,547) r=5.26126e+12 count=1
<rad_m1> NEWTON-FALLBACK cycle=47873 time=900634 (m,k,j,i)=(0,3,52,539) r=5.22789e+12 count=1
<rad_m1> NEWTON-FALLBACK cycle=47873 time=900634 (m,k,j,i)=(0,3,61,554) r=5.29063e+12 count=1
<rad_m1> NEWTON-FALLBACK cycle=47873 time=9.006340e+05 (m,k,j,i)=(0,3,5,518) r=5.141272e+12 count=1.000000e+00
<rad_m1> NEWTON-FALLBACK cycle=47873 time=9.006340e+05 (m,k,j,i)=(0,3,6,524) r=5.165870e+12 count=1.000000e+00
<rad_m1> NEWTON-FALLBACK cycle=47873 time=9.006340e+05 (m,k,j,i)=(0,3,22,504) r=5.084428e+12 count=1.000000e+00
<rad_m1> NEWTON-FALLBACK cycle=47873 time=9.006340e+05 (m,k,j,i)=(0,3,27,556) r=5.299053e+12 count=1.000000e+00
<rad_m1> NEWTON-FALLBACK cycle=47873 time=9.006340e+05 (m,k,j,i)=(0,3,31,116) r=2.034615e+12 count=1.000000e+00
<rad_m1> NEWTON-FALLBACK cycle=47873 time=9.006340e+05 (m,k,j,i)=(0,3,31,575) r=5.379867e+12 count=1.000000e+00
<rad_m1> NEWTON-FALLBACK cycle=47873 time=9.006340e+05 (m,k,j,i)=(0,3,32,526) r=5.174098e+12 count=1.000000e+00
<rad_m1> NEWTON-FALLBACK cycle=47873 time=9.006340e+05 (m,k,j,i)=(0,3,33,524) r=5.165870e+12 count=1.000000e+00
elapsed=5.627330e+01 cycle=47874 time=9.006526e+05 dt=1.856370e+01
<rad_m1> NEWTON-FALLBACK cycle=47874 time=900653 (m,k,j,i)=(0,3,5,526) r=5.1741e+12 count=1
<rad_m1> NEWTON-FALLBACK cycle=47874 time=900653 (m,k,j,i)=(0,3,10,502) r=5.07638e+12 count=1
<rad_m1> NEWTON-FALLBACK cycle=47874 time=900653 (m,k,j,i)=(0,3,15,423) r=4.78308e+12 count=1
<rad_m1> NEWTON-FALLBACK cycle=47874 time=900653 (m,k,j,i)=(0,3,17,563) r=5.32865e+12 count=1
<rad_m1> NEWTON-FALLBACK cycle=47874 time=900653 (m,k,j,i)=(0,3,22,521) r=5.15355e+12 count=1
<rad_m1> NEWTON-FALLBACK cycle=47874 time=900653 (m,k,j,i)=(0,3,22,522) r=5.15766e+12 count=1
<rad_m1> NEWTON-FALLBACK cycle=47874 time=900653 (m,k,j,i)=(0,3,22,523) r=5.16176e+12 count=1
<rad_m1> NEWTON-FALLBACK cycle=47874 time=900653 (m,k,j,i)=(0,3,22,574) r=5.37557e+12 count=1
<rad_m1> NEWTON-FALLBACK cycle=47874 time=9.006526e+05 (m,k,j,i)=(0,3,3,605) r=5.511520e+12 count=1.000000e+00
<rad_m1> NEWTON-FALLBACK cycle=47874 time=9.006526e+05 (m,k,j,i)=(0,3,10,519) r=5.145362e+12 count=1.000000e+00
<rad_m1> NEWTON-FALLBACK cycle=47874 time=9.006526e+05 (m,k,j,i)=(0,3,20,533) r=5.202997e+12 count=1.000000e+00
<rad_m1> NEWTON-FALLBACK cycle=47874 time=9.006526e+05 (m,k,j,i)=(0,3,20,535) r=5.211283e+12 count=1.000000e+00
<rad_m1> NEWTON-FALLBACK cycle=47874 time=9.006526e+05 (m,k,j,i)=(0,3,21,532) r=5.198859e+12 count=1.000000e+00
<rad_m1> NEWTON-FALLBACK cycle=47874 time=9.006526e+05 (m,k,j,i)=(0,3,21,589) r=5.440567e+12 count=1.000000e+00
<rad_m1> NEWTON-FALLBACK cycle=47874 time=9.006526e+05 (m,k,j,i)=(0,3,26,522) r=5.157656e+12 count=1.000000e+00
<rad_m1> NEWTON-FALLBACK cycle=47874 time=9.006526e+05 (m,k,j,i)=(0,3,26,523) r=5.161762e+12 count=1.000000e+00
elapsed=5.885991e+01 cycle=47875 time=9.006712e+05 dt=1.856463e+01
<rad_m1> NEWTON-FALLBACK cycle=47875 time=900671 (m,k,j,i)=(0,3,20,515) r=5.12902e+12 count=1
<rad_m1> NEWTON-FALLBACK cycle=47875 time=900671 (m,k,j,i)=(0,3,20,569) r=5.35418e+12 count=1
<rad_m1> NEWTON-FALLBACK cycle=47875 time=900671 (m,k,j,i)=(0,3,20,570) r=5.35845e+12 count=1
<rad_m1> NEWTON-FALLBACK cycle=47875 time=900671 (m,k,j,i)=(0,3,21,531) r=5.19472e+12 count=1
<rad_m1> NEWTON-FALLBACK cycle=47875 time=900671 (m,k,j,i)=(0,3,21,534) r=5.20714e+12 count=1
<rad_m1> NEWTON-FALLBACK cycle=47875 time=900671 (m,k,j,i)=(0,3,21,559) r=5.31171e+12 count=1
<rad_m1> NEWTON-FALLBACK cycle=47875 time=900671 (m,k,j,i)=(0,3,21,618) r=5.57067e+12 count=1
<rad_m1> NEWTON-FALLBACK cycle=47875 time=900671 (m,k,j,i)=(0,3,35,522) r=5.15766e+12 count=1
<rad_m1> NEWTON-FALLBACK cycle=47875 time=9.006712e+05 (m,k,j,i)=(0,3,3,582) r=5.410075e+12 count=1.000000e+00
<rad_m1> NEWTON-FALLBACK cycle=47875 time=9.006712e+05 (m,k,j,i)=(0,3,3,583) r=5.414413e+12 count=1.000000e+00
<rad_m1> NEWTON-FALLBACK cycle=47875 time=9.006712e+05 (m,k,j,i)=(0,3,3,587) r=5.431824e+12 count=1.000000e+00
<rad_m1> NEWTON-FALLBACK cycle=47875 time=9.006712e+05 (m,k,j,i)=(0,3,10,582) r=5.410075e+12 count=1.000000e+00
<rad_m1> NEWTON-FALLBACK cycle=47875 time=9.006712e+05 (m,k,j,i)=(0,3,11,585) r=5.423106e+12 count=1.000000e+00
<rad_m1> NEWTON-FALLBACK cycle=47875 time=9.006712e+05 (m,k,j,i)=(0,3,15,533) r=5.202997e+12 count=1.000000e+00
<rad_m1> NEWTON-FALLBACK cycle=47875 time=9.006712e+05 (m,k,j,i)=(0,3,21,544) r=5.248724e+12 count=1.000000e+00
<rad_m1> NEWTON-FALLBACK cycle=47875 time=9.006712e+05 (m,k,j,i)=(0,3,21,551) r=5.278023e+12 count=1.000000e+00
elapsed=6.151417e+01 cycle=47876 time=9.006897e+05 dt=1.856553e+01
<rad_m1> NEWTON-FALLBACK cycle=47876 time=900690 (m,k,j,i)=(0,3,10,514) r=5.12495e+12 count=1
<rad_m1> NEWTON-FALLBACK cycle=47876 time=900690 (m,k,j,i)=(0,3,17,543) r=5.24455e+12 count=1
<rad_m1> NEWTON-FALLBACK cycle=47876 time=900690 (m,k,j,i)=(0,3,17,561) r=5.32017e+12 count=1
<rad_m1> NEWTON-FALLBACK cycle=47876 time=900690 (m,k,j,i)=(0,3,17,563) r=5.32865e+12 count=1
<rad_m1> NEWTON-FALLBACK cycle=47876 time=900690 (m,k,j,i)=(0,3,17,565) r=5.33714e+12 count=1
<rad_m1> NEWTON-FALLBACK cycle=47876 time=900690 (m,k,j,i)=(0,3,17,587) r=5.43182e+12 count=1
<rad_m1> NEWTON-FALLBACK cycle=47876 time=900690 (m,k,j,i)=(0,3,18,564) r=5.33289e+12 count=1
<rad_m1> NEWTON-FALLBACK cycle=47876 time=900690 (m,k,j,i)=(0,3,23,586) r=5.42746e+12 count=1
<rad_m1> NEWTON-FALLBACK cycle=47876 time=9.006897e+05 (m,k,j,i)=(0,3,3,584) r=5.418757e+12 count=1.000000e+00
<rad_m1> NEWTON-FALLBACK cycle=47876 time=9.006897e+05 (m,k,j,i)=(0,3,3,585) r=5.423106e+12 count=1.000000e+00
<rad_m1> NEWTON-FALLBACK cycle=47876 time=9.006897e+05 (m,k,j,i)=(0,3,3,586) r=5.427462e+12 count=1.000000e+00
<rad_m1> NEWTON-FALLBACK cycle=47876 time=9.006897e+05 (m,k,j,i)=(0,3,9,518) r=5.141272e+12 count=1.000000e+00
<rad_m1> NEWTON-FALLBACK cycle=47876 time=9.006897e+05 (m,k,j,i)=(0,3,9,525) r=5.169982e+12 count=1.000000e+00
<rad_m1> NEWTON-FALLBACK cycle=47876 time=9.006897e+05 (m,k,j,i)=(0,3,9,576) r=5.384167e+12 count=1.000000e+00
<rad_m1> NEWTON-FALLBACK cycle=47876 time=9.006897e+05 (m,k,j,i)=(0,3,11,564) r=5.332893e+12 count=1.000000e+00
<rad_m1> NEWTON-FALLBACK cycle=47876 time=9.006897e+05 (m,k,j,i)=(0,3,11,567) r=5.345649e+12 count=1.000000e+00
elapsed=6.411996e+01 cycle=47877 time=9.007083e+05 dt=1.856640e+01
<rad_m1> NEWTON-FALLBACK cycle=47877 time=900708 (m,k,j,i)=(0,3,4,492) r=5.03646e+12 count=1
<rad_m1> NEWTON-FALLBACK cycle=47877 time=900708 (m,k,j,i)=(0,3,17,521) r=5.15355e+12 count=1
<rad_m1> NEWTON-FALLBACK cycle=47877 time=900708 (m,k,j,i)=(0,3,18,433) r=4.81692e+12 count=1
<rad_m1> NEWTON-FALLBACK cycle=47877 time=900708 (m,k,j,i)=(0,3,18,527) r=5.17822e+12 count=1
<rad_m1> NEWTON-FALLBACK cycle=47877 time=900708 (m,k,j,i)=(0,3,19,554) r=5.29063e+12 count=1
<rad_m1> NEWTON-FALLBACK cycle=47877 time=900708 (m,k,j,i)=(0,3,20,514) r=5.12495e+12 count=1
<rad_m1> NEWTON-FALLBACK cycle=47877 time=900708 (m,k,j,i)=(0,3,20,549) r=5.26964e+12 count=1
<rad_m1> NEWTON-FALLBACK cycle=47877 time=900708 (m,k,j,i)=(0,3,20,557) r=5.30327e+12 count=1
<rad_m1> NEWTON-FALLBACK cycle=47877 time=9.007083e+05 (m,k,j,i)=(0,3,3,565) r=5.337141e+12 count=1.000000e+00
<rad_m1> NEWTON-FALLBACK cycle=47877 time=9.007083e+05 (m,k,j,i)=(0,3,3,566) r=5.341393e+12 count=1.000000e+00
<rad_m1> NEWTON-FALLBACK cycle=47877 time=9.007083e+05 (m,k,j,i)=(0,3,3,567) r=5.345649e+12 count=1.000000e+00
<rad_m1> NEWTON-FALLBACK cycle=47877 time=9.007083e+05 (m,k,j,i)=(0,3,3,568) r=5.349910e+12 count=1.000000e+00
<rad_m1> NEWTON-FALLBACK cycle=47877 time=9.007083e+05 (m,k,j,i)=(0,3,3,569) r=5.354176e+12 count=1.000000e+00
<rad_m1> NEWTON-FALLBACK cycle=47877 time=9.007083e+05 (m,k,j,i)=(0,3,3,570) r=5.358446e+12 count=1.000000e+00
<rad_m1> NEWTON-FALLBACK cycle=47877 time=9.007083e+05 (m,k,j,i)=(0,3,3,571) r=5.362720e+12 count=1.000000e+00
<rad_m1> NEWTON-FALLBACK cycle=47877 time=9.007083e+05 (m,k,j,i)=(0,3,3,572) r=5.367000e+12 count=1.000000e+00
elapsed=6.678015e+01 cycle=47878 time=9.007269e+05 dt=1.856723e+01
<rad_m1> NEWTON-FALLBACK cycle=47878 time=900727 (m,k,j,i)=(0,3,3,532) r=5.19886e+12 count=1
<rad_m1> NEWTON-FALLBACK cycle=47878 time=900727 (m,k,j,i)=(0,3,3,536) r=5.21543e+12 count=1
<rad_m1> NEWTON-FALLBACK cycle=47878 time=900727 (m,k,j,i)=(0,3,3,537) r=5.21958e+12 count=1
<rad_m1> NEWTON-FALLBACK cycle=47878 time=900727 (m,k,j,i)=(0,3,3,538) r=5.22374e+12 count=1
<rad_m1> NEWTON-FALLBACK cycle=47878 time=900727 (m,k,j,i)=(0,3,3,539) r=5.22789e+12 count=1
<rad_m1> NEWTON-FALLBACK cycle=47878 time=900727 (m,k,j,i)=(0,3,3,540) r=5.23205e+12 count=1
<rad_m1> NEWTON-FALLBACK cycle=47878 time=900727 (m,k,j,i)=(0,3,3,541) r=5.23622e+12 count=1
<rad_m1> NEWTON-FALLBACK cycle=47878 time=900727 (m,k,j,i)=(0,3,3,660) r=5.77244e+12 count=1
<rad_m1> NEWTON-FALLBACK cycle=47878 time=9.007269e+05 (m,k,j,i)=(0,3,3,520) r=5.149457e+12 count=1.000000e+00
<rad_m1> NEWTON-FALLBACK cycle=47878 time=9.007269e+05 (m,k,j,i)=(0,3,3,546) r=5.257079e+12 count=1.000000e+00
<rad_m1> NEWTON-FALLBACK cycle=47878 time=9.007269e+05 (m,k,j,i)=(0,3,3,564) r=5.332893e+12 count=1.000000e+00
<rad_m1> NEWTON-FALLBACK cycle=47878 time=9.007269e+05 (m,k,j,i)=(0,3,3,575) r=5.379867e+12 count=1.000000e+00
<rad_m1> NEWTON-FALLBACK cycle=47878 time=9.007269e+05 (m,k,j,i)=(0,3,3,578) r=5.392781e+12 count=1.000000e+00
<rad_m1> NEWTON-FALLBACK cycle=47878 time=9.007269e+05 (m,k,j,i)=(0,3,3,579) r=5.397096e+12 count=1.000000e+00
<rad_m1> NEWTON-FALLBACK cycle=47878 time=9.007269e+05 (m,k,j,i)=(0,3,3,580) r=5.401417e+12 count=1.000000e+00
<rad_m1> NEWTON-FALLBACK cycle=47878 time=9.007269e+05 (m,k,j,i)=(0,3,3,581) r=5.405743e+12 count=1.000000e+00
elapsed=6.943995e+01 cycle=47879 time=9.007454e+05 dt=1.856803e+01
<rad_m1> NEWTON-FALLBACK cycle=47879 time=900745 (m,k,j,i)=(0,3,11,565) r=5.33714e+12 count=1
<rad_m1> NEWTON-FALLBACK cycle=47879 time=900745 (m,k,j,i)=(0,3,12,574) r=5.37557e+12 count=1
<rad_m1> NEWTON-FALLBACK cycle=47879 time=900745 (m,k,j,i)=(0,3,12,576) r=5.38417e+12 count=1
<rad_m1> NEWTON-FALLBACK cycle=47879 time=900745 (m,k,j,i)=(0,3,13,565) r=5.33714e+12 count=1
<rad_m1> NEWTON-FALLBACK cycle=47879 time=900745 (m,k,j,i)=(0,3,13,583) r=5.41441e+12 count=1
<rad_m1> NEWTON-FALLBACK cycle=47879 time=900745 (m,k,j,i)=(0,3,13,585) r=5.42311e+12 count=1
<rad_m1> NEWTON-FALLBACK cycle=47879 time=900745 (m,k,j,i)=(0,3,15,593) r=5.45813e+12 count=1
<rad_m1> NEWTON-FALLBACK cycle=47879 time=900745 (m,k,j,i)=(0,3,16,514) r=5.12495e+12 count=1
<rad_m1> NEWTON-FALLBACK cycle=47879 time=9.007454e+05 (m,k,j,i)=(0,3,3,569) r=5.354176e+12 count=1.000000e+00
<rad_m1> NEWTON-FALLBACK cycle=47879 time=9.007454e+05 (m,k,j,i)=(0,3,3,570) r=5.358446e+12 count=1.000000e+00
<rad_m1> NEWTON-FALLBACK cycle=47879 time=9.007454e+05 (m,k,j,i)=(0,3,3,571) r=5.362720e+12 count=1.000000e+00
<rad_m1> NEWTON-FALLBACK cycle=47879 time=9.007454e+05 (m,k,j,i)=(0,3,3,572) r=5.367000e+12 count=1.000000e+00
<rad_m1> NEWTON-FALLBACK cycle=47879 time=9.007454e+05 (m,k,j,i)=(0,3,3,573) r=5.371284e+12 count=1.000000e+00
<rad_m1> NEWTON-FALLBACK cycle=47879 time=9.007454e+05 (m,k,j,i)=(0,3,3,574) r=5.375573e+12 count=1.000000e+00
<rad_m1> NEWTON-FALLBACK cycle=47879 time=9.007454e+05 (m,k,j,i)=(0,3,3,576) r=5.384167e+12 count=1.000000e+00
<rad_m1> NEWTON-FALLBACK cycle=47879 time=9.007454e+05 (m,k,j,i)=(0,3,3,577) r=5.388471e+12 count=1.000000e+00
elapsed=7.206527e+01 cycle=47880 time=9.007640e+05 dt=1.856880e+01
<rad_m1> NEWTON-FALLBACK cycle=47880 time=9.007640e+05 (m,k,j,i)=(0,3,3,584) r=5.418757e+12 count=1.000000e+00
<rad_m1> NEWTON-FALLBACK cycle=47880 time=9.007640e+05 (m,k,j,i)=(0,3,8,508) r=5.100582e+12 count=1.000000e+00
<rad_m1> NEWTON-FALLBACK cycle=47880 time=9.007640e+05 (m,k,j,i)=(0,3,10,518) r=5.141272e+12 count=1.000000e+00
<rad_m1> NEWTON-FALLBACK cycle=47880 time=9.007640e+05 (m,k,j,i)=(0,3,12,846) r=7.222241e+12 count=1.000000e+00
<rad_m1> NEWTON-FALLBACK cycle=47880 time=9.007640e+05 (m,k,j,i)=(0,3,22,827) r=6.792666e+12 count=1.000000e+00
<rad_m1> NEWTON-FALLBACK cycle=47880 time=9.007640e+05 (m,k,j,i)=(0,3,23,507) r=5.096537e+12 count=1.000000e+00
<rad_m1> NEWTON-FALLBACK cycle=47880 time=9.007640e+05 (m,k,j,i)=(0,3,27,662) r=5.782449e+12 count=1.000000e+00
<rad_m1> NEWTON-FALLBACK cycle=47880 time=9.007640e+05 (m,k,j,i)=(0,3,28,115) r=2.005507e+12 count=1.000000e+00
<rad_m1> NEWTON-FALLBACK cycle=47880 time=900764 (m,k,j,i)=(0,3,4,607) r=5.52053e+12 count=1
<rad_m1> NEWTON-FALLBACK cycle=47880 time=900764 (m,k,j,i)=(0,3,4,624) r=5.59848e+12 count=1
<rad_m1> NEWTON-FALLBACK cycle=47880 time=900764 (m,k,j,i)=(0,3,5,603) r=5.50255e+12 count=1
<rad_m1> NEWTON-FALLBACK cycle=47880 time=900764 (m,k,j,i)=(0,3,5,621) r=5.58453e+12 count=1
<rad_m1> NEWTON-FALLBACK cycle=47880 time=900764 (m,k,j,i)=(0,3,12,601) r=5.4936e+12 count=1
<rad_m1> NEWTON-FALLBACK cycle=47880 time=900764 (m,k,j,i)=(0,3,12,602) r=5.49807e+12 count=1
<rad_m1> NEWTON-FALLBACK cycle=47880 time=900764 (m,k,j,i)=(0,3,12,603) r=5.50255e+12 count=1
<rad_m1> NEWTON-FALLBACK cycle=47880 time=900764 (m,k,j,i)=(0,3,12,604) r=5.50703e+12 count=1
elapsed=7.495887e+01 cycle=47881 time=9.007826e+05 dt=1.856955e+01
<rad_m1> NEWTON-FALLBACK cycle=47881 time=9.007826e+05 (m,k,j,i)=(0,3,3,523) r=5.161762e+12 count=1.000000e+00
<rad_m1> NEWTON-FALLBACK cycle=47881 time=9.007826e+05 (m,k,j,i)=(0,3,3,584) r=5.418757e+12 count=1.000000e+00
<rad_m1> NEWTON-FALLBACK cycle=47881 time=9.007826e+05 (m,k,j,i)=(0,3,4,661) r=5.777440e+12 count=1.000000e+00
<rad_m1> NEWTON-FALLBACK cycle=47881 time=9.007826e+05 (m,k,j,i)=(0,3,13,520) r=5.149457e+12 count=1.000000e+00
<rad_m1> NEWTON-FALLBACK cycle=47881 time=9.007826e+05 (m,k,j,i)=(0,3,20,677) r=5.858515e+12 count=1.000000e+00
<rad_m1> NEWTON-FALLBACK cycle=47881 time=9.007826e+05 (m,k,j,i)=(0,3,22,682) r=5.884224e+12 count=1.000000e+00
<rad_m1> NEWTON-FALLBACK cycle=47881 time=9.007826e+05 (m,k,j,i)=(0,3,27,523) r=5.161762e+12 count=1.000000e+00
<rad_m1> NEWTON-FALLBACK cycle=47881 time=9.007826e+05 (m,k,j,i)=(0,3,28,115) r=2.005507e+12 count=1.000000e+00
<rad_m1> NEWTON-FALLBACK cycle=47881 time=900783 (m,k,j,i)=(0,3,3,517) r=5.13718e+12 count=1
<rad_m1> NEWTON-FALLBACK cycle=47881 time=900783 (m,k,j,i)=(0,3,3,812) r=6.63388e+12 count=1
<rad_m1> NEWTON-FALLBACK cycle=47881 time=900783 (m,k,j,i)=(0,3,19,514) r=5.12495e+12 count=1
<rad_m1> NEWTON-FALLBACK cycle=47881 time=900783 (m,k,j,i)=(0,3,30,710) r=6.03073e+12 count=1
<rad_m1> NEWTON-FALLBACK cycle=47881 time=900783 (m,k,j,i)=(0,3,37,656) r=5.75252e+12 count=1
<rad_m1> NEWTON-FALLBACK cycle=47881 time=900783 (m,k,j,i)=(0,3,41,674) r=5.84317e+12 count=1
<rad_m1> NEWTON-FALLBACK cycle=47881 time=900783 (m,k,j,i)=(0,3,42,681) r=5.87907e+12 count=1
<rad_m1> NEWTON-FALLBACK cycle=47881 time=900783 (m,k,j,i)=(0,3,43,507) r=5.09654e+12 count=1
elapsed=7.768881e+01 cycle=47882 time=9.008011e+05 dt=1.857028e+01
<rad_m1> NEWTON-FALLBACK cycle=47882 time=9.008011e+05 (m,k,j,i)=(0,3,3,576) r=5.384167e+12 count=1.000000e+00
<rad_m1> NEWTON-FALLBACK cycle=47882 time=9.008011e+05 (m,k,j,i)=(0,3,14,861) r=7.982618e+12 count=1.000000e+00
<rad_m1> NEWTON-FALLBACK cycle=47882 time=9.008011e+05 (m,k,j,i)=(0,3,17,518) r=5.141272e+12 count=1.000000e+00
<rad_m1> NEWTON-FALLBACK cycle=47882 time=9.008011e+05 (m,k,j,i)=(0,3,19,858) r=7.786412e+12 count=1.000000e+00
<rad_m1> NEWTON-FALLBACK cycle=47882 time=9.008011e+05 (m,k,j,i)=(0,3,28,795) r=6.512472e+12 count=1.000000e+00
<rad_m1> NEWTON-FALLBACK cycle=47882 time=9.008011e+05 (m,k,j,i)=(0,3,30,518) r=5.141272e+12 count=1.000000e+00
<rad_m1> NEWTON-FALLBACK cycle=47882 time=9.008011e+05 (m,k,j,i)=(0,3,32,785) r=6.450069e+12 count=1.000000e+00
<rad_m1> NEWTON-FALLBACK cycle=47882 time=9.008011e+05 (m,k,j,i)=(0,3,35,712) r=6.041332e+12 count=1.000000e+00
<rad_m1> NEWTON-FALLBACK cycle=47882 time=900801 (m,k,j,i)=(0,3,17,711) r=6.03603e+12 count=1
<rad_m1> NEWTON-FALLBACK cycle=47882 time=900801 (m,k,j,i)=(0,3,19,599) r=5.48469e+12 count=1
<rad_m1> NEWTON-FALLBACK cycle=47882 time=900801 (m,k,j,i)=(0,3,21,668) r=5.81267e+12 count=1
<rad_m1> NEWTON-FALLBACK cycle=47882 time=900801 (m,k,j,i)=(0,3,22,773) r=6.37848e+12 count=1
<rad_m1> NEWTON-FALLBACK cycle=47882 time=900801 (m,k,j,i)=(0,3,26,626) r=5.60782e+12 count=1
<rad_m1> NEWTON-FALLBACK cycle=47882 time=900801 (m,k,j,i)=(0,3,27,669) r=5.81774e+12 count=1
<rad_m1> NEWTON-FALLBACK cycle=47882 time=900801 (m,k,j,i)=(0,3,32,666) r=5.80257e+12 count=1
<rad_m1> NEWTON-FALLBACK cycle=47882 time=900801 (m,k,j,i)=(0,3,34,669) r=5.81774e+12 count=1
elapsed=8.043775e+01 cycle=47883 time=9.008197e+05 dt=1.857099e+01
<rad_m1> NEWTON-FALLBACK cycle=47883 time=9.008197e+05 (m,k,j,i)=(0,3,3,543) r=5.244551e+12 count=1.000000e+00
<rad_m1> NEWTON-FALLBACK cycle=47883 time=9.008197e+05 (m,k,j,i)=(0,3,3,544) r=5.248724e+12 count=1.000000e+00
<rad_m1> NEWTON-FALLBACK cycle=47883 time=9.008197e+05 (m,k,j,i)=(0,3,4,516) r=5.133102e+12 count=1.000000e+00
<rad_m1> NEWTON-FALLBACK cycle=47883 time=9.008197e+05 (m,k,j,i)=(0,3,7,518) r=5.141272e+12 count=1.000000e+00
<rad_m1> NEWTON-FALLBACK cycle=47883 time=9.008197e+05 (m,k,j,i)=(0,3,8,538) r=5.223735e+12 count=1.000000e+00
<rad_m1> NEWTON-FALLBACK cycle=47883 time=9.008197e+05 (m,k,j,i)=(0,3,21,529) r=5.186464e+12 count=1.000000e+00
<rad_m1> NEWTON-FALLBACK cycle=47883 time=9.008197e+05 (m,k,j,i)=(0,3,29,520) r=5.149457e+12 count=1.000000e+00
<rad_m1> NEWTON-FALLBACK cycle=47883 time=9.008197e+05 (m,k,j,i)=(0,3,35,645) r=5.698484e+12 count=1.000000e+00
<rad_m1> NEWTON-FALLBACK cycle=47883 time=900820 (m,k,j,i)=(0,3,3,559) r=5.31171e+12 count=1
<rad_m1> NEWTON-FALLBACK cycle=47883 time=900820 (m,k,j,i)=(0,3,9,555) r=5.29484e+12 count=1
<rad_m1> NEWTON-FALLBACK cycle=47883 time=900820 (m,k,j,i)=(0,3,12,566) r=5.34139e+12 count=1
<rad_m1> NEWTON-FALLBACK cycle=47883 time=900820 (m,k,j,i)=(0,3,12,579) r=5.3971e+12 count=1
<rad_m1> NEWTON-FALLBACK cycle=47883 time=900820 (m,k,j,i)=(0,3,12,580) r=5.40142e+12 count=1
<rad_m1> NEWTON-FALLBACK cycle=47883 time=900820 (m,k,j,i)=(0,3,12,582) r=5.41008e+12 count=1
<rad_m1> NEWTON-FALLBACK cycle=47883 time=900820 (m,k,j,i)=(0,3,13,565) r=5.33714e+12 count=1
<rad_m1> NEWTON-FALLBACK cycle=47883 time=900820 (m,k,j,i)=(0,3,20,571) r=5.36272e+12 count=1
elapsed=8.312417e+01 cycle=47884 time=9.008383e+05 dt=1.857170e+01
<rad_m1> NEWTON-FALLBACK cycle=47884 time=9.008383e+05 (m,k,j,i)=(0,3,12,578) r=5.392781e+12 count=1.000000e+00
<rad_m1> NEWTON-FALLBACK cycle=47884 time=9.008383e+05 (m,k,j,i)=(0,3,12,584) r=5.418757e+12 count=1.000000e+00
<rad_m1> NEWTON-FALLBACK cycle=47884 time=9.008383e+05 (m,k,j,i)=(0,3,12,585) r=5.423106e+12 count=1.000000e+00
<rad_m1> NEWTON-FALLBACK cycle=47884 time=9.008383e+05 (m,k,j,i)=(0,3,12,586) r=5.427462e+12 count=1.000000e+00
<rad_m1> NEWTON-FALLBACK cycle=47884 time=9.008383e+05 (m,k,j,i)=(0,3,17,511) r=5.112746e+12 count=1.000000e+00
<rad_m1> NEWTON-FALLBACK cycle=47884 time=9.008383e+05 (m,k,j,i)=(0,3,18,624) r=5.598479e+12 count=1.000000e+00
<rad_m1> NEWTON-FALLBACK cycle=47884 time=9.008383e+05 (m,k,j,i)=(0,3,27,546) r=5.257079e+12 count=1.000000e+00
<rad_m1> NEWTON-FALLBACK cycle=47884 time=9.008383e+05 (m,k,j,i)=(0,3,27,558) r=5.307490e+12 count=1.000000e+00
<rad_m1> NEWTON-FALLBACK cycle=47884 time=900838 (m,k,j,i)=(0,3,6,504) r=5.08443e+12 count=1
<rad_m1> NEWTON-FALLBACK cycle=47884 time=900838 (m,k,j,i)=(0,3,9,429) r=4.80326e+12 count=1
<rad_m1> NEWTON-FALLBACK cycle=47884 time=900838 (m,k,j,i)=(0,3,19,499) r=5.06435e+12 count=1
<rad_m1> NEWTON-FALLBACK cycle=47884 time=900838 (m,k,j,i)=(0,3,37,535) r=5.21128e+12 count=1
<rad_m1> NEWTON-FALLBACK cycle=47884 time=900838 (m,k,j,i)=(0,3,37,549) r=5.26964e+12 count=1
<rad_m1> NEWTON-FALLBACK cycle=47884 time=900838 (m,k,j,i)=(0,3,37,570) r=5.35845e+12 count=1
<rad_m1> NEWTON-FALLBACK cycle=47884 time=900838 (m,k,j,i)=(0,3,38,529) r=5.18646e+12 count=1
<rad_m1> NEWTON-FALLBACK cycle=47884 time=900838 (m,k,j,i)=(0,3,38,530) r=5.19059e+12 count=1
elapsed=8.584321e+01 cycle=47885 time=9.008568e+05 dt=1.857239e+01
<rad_m1> NEWTON-FALLBACK cycle=47885 time=900857 (m,k,j,i)=(0,3,3,544) r=5.24872e+12 count=1
<rad_m1> NEWTON-FALLBACK cycle=47885 time=900857 (m,k,j,i)=(0,3,3,545) r=5.2529e+12 count=1
<rad_m1> NEWTON-FALLBACK cycle=47885 time=900857 (m,k,j,i)=(0,3,3,546) r=5.25708e+12 count=1
<rad_m1> NEWTON-FALLBACK cycle=47885 time=900857 (m,k,j,i)=(0,3,3,547) r=5.26126e+12 count=1
<rad_m1> NEWTON-FALLBACK cycle=47885 time=900857 (m,k,j,i)=(0,3,3,548) r=5.26545e+12 count=1
<rad_m1> NEWTON-FALLBACK cycle=47885 time=900857 (m,k,j,i)=(0,3,3,549) r=5.26964e+12 count=1
<rad_m1> NEWTON-FALLBACK cycle=47885 time=900857 (m,k,j,i)=(0,3,3,550) r=5.27383e+12 count=1
<rad_m1> NEWTON-FALLBACK cycle=47885 time=900857 (m,k,j,i)=(0,3,3,551) r=5.27802e+12 count=1
<rad_m1> NEWTON-FALLBACK cycle=47885 time=9.008568e+05 (m,k,j,i)=(0,3,3,545) r=5.252900e+12 count=1.000000e+00
<rad_m1> NEWTON-FALLBACK cycle=47885 time=9.008568e+05 (m,k,j,i)=(0,3,3,547) r=5.261261e+12 count=1.000000e+00
<rad_m1> NEWTON-FALLBACK cycle=47885 time=9.008568e+05 (m,k,j,i)=(0,3,3,555) r=5.294840e+12 count=1.000000e+00
<rad_m1> NEWTON-FALLBACK cycle=47885 time=9.008568e+05 (m,k,j,i)=(0,3,3,556) r=5.299053e+12 count=1.000000e+00
<rad_m1> NEWTON-FALLBACK cycle=47885 time=9.008568e+05 (m,k,j,i)=(0,3,3,557) r=5.303269e+12 count=1.000000e+00
<rad_m1> NEWTON-FALLBACK cycle=47885 time=9.008568e+05 (m,k,j,i)=(0,3,3,558) r=5.307490e+12 count=1.000000e+00
<rad_m1> NEWTON-FALLBACK cycle=47885 time=9.008568e+05 (m,k,j,i)=(0,3,3,559) r=5.311714e+12 count=1.000000e+00
<rad_m1> NEWTON-FALLBACK cycle=47885 time=9.008568e+05 (m,k,j,i)=(0,3,3,564) r=5.332893e+12 count=1.000000e+00
elapsed=8.852016e+01 cycle=47886 time=9.008754e+05 dt=1.857307e+01
<rad_m1> NEWTON-FALLBACK cycle=47886 time=900875 (m,k,j,i)=(0,3,3,581) r=5.40574e+12 count=1
<rad_m1> NEWTON-FALLBACK cycle=47886 time=900875 (m,k,j,i)=(0,3,3,582) r=5.41008e+12 count=1
<rad_m1> NEWTON-FALLBACK cycle=47886 time=900875 (m,k,j,i)=(0,3,3,583) r=5.41441e+12 count=1
<rad_m1> NEWTON-FALLBACK cycle=47886 time=900875 (m,k,j,i)=(0,3,3,584) r=5.41876e+12 count=1
<rad_m1> NEWTON-FALLBACK cycle=47886 time=900875 (m,k,j,i)=(0,3,3,585) r=5.42311e+12 count=1
<rad_m1> NEWTON-FALLBACK cycle=47886 time=900875 (m,k,j,i)=(0,3,5,536) r=5.21543e+12 count=1
<rad_m1> NEWTON-FALLBACK cycle=47886 time=900875 (m,k,j,i)=(0,3,5,537) r=5.21958e+12 count=1
<rad_m1> NEWTON-FALLBACK cycle=47886 time=900875 (m,k,j,i)=(0,3,9,816) r=6.66878e+12 count=1
<rad_m1> NEWTON-FALLBACK cycle=47886 time=9.008754e+05 (m,k,j,i)=(0,3,3,549) r=5.269636e+12 count=1.000000e+00
<rad_m1> NEWTON-FALLBACK cycle=47886 time=9.008754e+05 (m,k,j,i)=(0,3,3,550) r=5.273828e+12 count=1.000000e+00
<rad_m1> NEWTON-FALLBACK cycle=47886 time=9.008754e+05 (m,k,j,i)=(0,3,3,551) r=5.278023e+12 count=1.000000e+00
<rad_m1> NEWTON-FALLBACK cycle=47886 time=9.008754e+05 (m,k,j,i)=(0,3,3,552) r=5.282222e+12 count=1.000000e+00
<rad_m1> NEWTON-FALLBACK cycle=47886 time=9.008754e+05 (m,k,j,i)=(0,3,3,555) r=5.294840e+12 count=1.000000e+00
<rad_m1> NEWTON-FALLBACK cycle=47886 time=9.008754e+05 (m,k,j,i)=(0,3,3,556) r=5.299053e+12 count=1.000000e+00
<rad_m1> NEWTON-FALLBACK cycle=47886 time=9.008754e+05 (m,k,j,i)=(0,3,3,557) r=5.303269e+12 count=1.000000e+00
<rad_m1> NEWTON-FALLBACK cycle=47886 time=9.008754e+05 (m,k,j,i)=(0,3,3,558) r=5.307490e+12 count=1.000000e+00
elapsed=9.126130e+01 cycle=47887 time=9.008940e+05 dt=1.857374e+01
<rad_m1> NEWTON-FALLBACK cycle=47887 time=900894 (m,k,j,i)=(0,3,3,543) r=5.24455e+12 count=1
<rad_m1> NEWTON-FALLBACK cycle=47887 time=900894 (m,k,j,i)=(0,3,3,575) r=5.37987e+12 count=1
<rad_m1> NEWTON-FALLBACK cycle=47887 time=900894 (m,k,j,i)=(0,3,5,504) r=5.08443e+12 count=1
<rad_m1> NEWTON-FALLBACK cycle=47887 time=900894 (m,k,j,i)=(0,3,7,551) r=5.27802e+12 count=1
<rad_m1> NEWTON-FALLBACK cycle=47887 time=900894 (m,k,j,i)=(0,3,9,548) r=5.26545e+12 count=1
<rad_m1> NEWTON-FALLBACK cycle=47887 time=900894 (m,k,j,i)=(0,3,17,580) r=5.40142e+12 count=1
<rad_m1> NEWTON-FALLBACK cycle=47887 time=900894 (m,k,j,i)=(0,3,19,825) r=6.76602e+12 count=1
<rad_m1> NEWTON-FALLBACK cycle=47887 time=900894 (m,k,j,i)=(0,3,20,516) r=5.1331e+12 count=1
<rad_m1> NEWTON-FALLBACK cycle=47887 time=9.008940e+05 (m,k,j,i)=(0,3,3,588) r=5.436193e+12 count=1.000000e+00
<rad_m1> NEWTON-FALLBACK cycle=47887 time=9.008940e+05 (m,k,j,i)=(0,3,3,590) r=5.444949e+12 count=1.000000e+00
<rad_m1> NEWTON-FALLBACK cycle=47887 time=9.008940e+05 (m,k,j,i)=(0,3,3,591) r=5.449337e+12 count=1.000000e+00
<rad_m1> NEWTON-FALLBACK cycle=47887 time=9.008940e+05 (m,k,j,i)=(0,3,3,592) r=5.453731e+12 count=1.000000e+00
<rad_m1> NEWTON-FALLBACK cycle=47887 time=9.008940e+05 (m,k,j,i)=(0,3,3,593) r=5.458133e+12 count=1.000000e+00
<rad_m1> NEWTON-FALLBACK cycle=47887 time=9.008940e+05 (m,k,j,i)=(0,3,6,553) r=5.286425e+12 count=1.000000e+00
<rad_m1> NEWTON-FALLBACK cycle=47887 time=9.008940e+05 (m,k,j,i)=(0,3,6,563) r=5.328649e+12 count=1.000000e+00
<rad_m1> NEWTON-FALLBACK cycle=47887 time=9.008940e+05 (m,k,j,i)=(0,3,6,564) r=5.332893e+12 count=1.000000e+00
elapsed=9.402821e+01 cycle=47888 time=9.009126e+05 dt=1.857438e+01
<rad_m1> NEWTON-FALLBACK cycle=47888 time=900913 (m,k,j,i)=(0,3,3,546) r=5.25708e+12 count=1
<rad_m1> NEWTON-FALLBACK cycle=47888 time=900913 (m,k,j,i)=(0,3,3,554) r=5.29063e+12 count=1
<rad_m1> NEWTON-FALLBACK cycle=47888 time=900913 (m,k,j,i)=(0,3,4,572) r=5.367e+12 count=1
<rad_m1> NEWTON-FALLBACK cycle=47888 time=900913 (m,k,j,i)=(0,3,4,573) r=5.37128e+12 count=1
<rad_m1> NEWTON-FALLBACK cycle=47888 time=900913 (m,k,j,i)=(0,3,7,561) r=5.32017e+12 count=1
<rad_m1> NEWTON-FALLBACK cycle=47888 time=900913 (m,k,j,i)=(0,3,8,573) r=5.37128e+12 count=1
<rad_m1> NEWTON-FALLBACK cycle=47888 time=900913 (m,k,j,i)=(0,3,9,585) r=5.42311e+12 count=1
<rad_m1> NEWTON-FALLBACK cycle=47888 time=900913 (m,k,j,i)=(0,3,12,616) r=5.56148e+12 count=1
<rad_m1> NEWTON-FALLBACK cycle=47888 time=9.009126e+05 (m,k,j,i)=(0,3,3,607) r=5.520526e+12 count=1.000000e+00
<rad_m1> NEWTON-FALLBACK cycle=47888 time=9.009126e+05 (m,k,j,i)=(0,3,3,608) r=5.525042e+12 count=1.000000e+00
<rad_m1> NEWTON-FALLBACK cycle=47888 time=9.009126e+05 (m,k,j,i)=(0,3,4,615) r=5.556890e+12 count=1.000000e+00
<rad_m1> NEWTON-FALLBACK cycle=47888 time=9.009126e+05 (m,k,j,i)=(0,3,6,556) r=5.299053e+12 count=1.000000e+00
<rad_m1> NEWTON-FALLBACK cycle=47888 time=9.009126e+05 (m,k,j,i)=(0,3,9,699) r=5.972711e+12 count=1.000000e+00
<rad_m1> NEWTON-FALLBACK cycle=47888 time=9.009126e+05 (m,k,j,i)=(0,3,13,579) r=5.397096e+12 count=1.000000e+00
<rad_m1> NEWTON-FALLBACK cycle=47888 time=9.009126e+05 (m,k,j,i)=(0,3,13,580) r=5.401417e+12 count=1.000000e+00
<rad_m1> NEWTON-FALLBACK cycle=47888 time=9.009126e+05 (m,k,j,i)=(0,3,13,586) r=5.427462e+12 count=1.000000e+00
elapsed=9.674692e+01 cycle=47889 time=9.009311e+05 dt=1.857500e+01
<rad_m1> NEWTON-FALLBACK cycle=47889 time=900931 (m,k,j,i)=(0,3,3,518) r=5.14127e+12 count=1
<rad_m1> NEWTON-FALLBACK cycle=47889 time=900931 (m,k,j,i)=(0,3,3,537) r=5.21958e+12 count=1
<rad_m1> NEWTON-FALLBACK cycle=47889 time=900931 (m,k,j,i)=(0,3,3,550) r=5.27383e+12 count=1
<rad_m1> NEWTON-FALLBACK cycle=47889 time=900931 (m,k,j,i)=(0,3,3,551) r=5.27802e+12 count=1
<rad_m1> NEWTON-FALLBACK cycle=47889 time=900931 (m,k,j,i)=(0,3,3,552) r=5.28222e+12 count=1
<rad_m1> NEWTON-FALLBACK cycle=47889 time=900931 (m,k,j,i)=(0,3,3,555) r=5.29484e+12 count=1
<rad_m1> NEWTON-FALLBACK cycle=47889 time=900931 (m,k,j,i)=(0,3,3,582) r=5.41008e+12 count=1
<rad_m1> NEWTON-FALLBACK cycle=47889 time=900931 (m,k,j,i)=(0,3,3,583) r=5.41441e+12 count=1
<rad_m1> NEWTON-FALLBACK cycle=47889 time=9.009311e+05 (m,k,j,i)=(0,3,15,588) r=5.436193e+12 count=1.000000e+00
<rad_m1> NEWTON-FALLBACK cycle=47889 time=9.009311e+05 (m,k,j,i)=(0,3,17,597) r=5.475809e+12 count=1.000000e+00
<rad_m1> NEWTON-FALLBACK cycle=47889 time=9.009311e+05 (m,k,j,i)=(0,3,18,594) r=5.462541e+12 count=1.000000e+00
<rad_m1> NEWTON-FALLBACK cycle=47889 time=9.009311e+05 (m,k,j,i)=(0,3,18,595) r=5.466957e+12 count=1.000000e+00
<rad_m1> NEWTON-FALLBACK cycle=47889 time=9.009311e+05 (m,k,j,i)=(0,3,18,596) r=5.471379e+12 count=1.000000e+00
<rad_m1> NEWTON-FALLBACK cycle=47889 time=9.009311e+05 (m,k,j,i)=(0,3,18,598) r=5.480246e+12 count=1.000000e+00
<rad_m1> NEWTON-FALLBACK cycle=47889 time=9.009311e+05 (m,k,j,i)=(0,3,19,590) r=5.444949e+12 count=1.000000e+00
<rad_m1> NEWTON-FALLBACK cycle=47889 time=9.009311e+05 (m,k,j,i)=(0,3,19,591) r=5.449337e+12 count=1.000000e+00
elapsed=9.939084e+01 cycle=47890 time=9.009497e+05 dt=1.857559e+01
<rad_m1> NEWTON-FALLBACK cycle=47890 time=900950 (m,k,j,i)=(0,3,11,515) r=5.12902e+12 count=1
<rad_m1> NEWTON-FALLBACK cycle=47890 time=900950 (m,k,j,i)=(0,3,22,715) r=6.05728e+12 count=1
<rad_m1> NEWTON-FALLBACK cycle=47890 time=900950 (m,k,j,i)=(0,3,24,736) r=6.17022e+12 count=1
<rad_m1> NEWTON-FALLBACK cycle=47890 time=900950 (m,k,j,i)=(0,3,24,752) r=6.25842e+12 count=1
<rad_m1> NEWTON-FALLBACK cycle=47890 time=900950 (m,k,j,i)=(0,3,31,573) r=5.37128e+12 count=1
<rad_m1> NEWTON-FALLBACK cycle=47890 time=900950 (m,k,j,i)=(0,3,33,565) r=5.33714e+12 count=1
<rad_m1> NEWTON-FALLBACK cycle=47890 time=900950 (m,k,j,i)=(0,3,40,595) r=5.46696e+12 count=1
<rad_m1> NEWTON-FALLBACK cycle=47890 time=900950 (m,k,j,i)=(0,3,44,526) r=5.1741e+12 count=1
<rad_m1> NEWTON-FALLBACK cycle=47890 time=9.009497e+05 (m,k,j,i)=(0,3,6,813) r=6.642254e+12 count=1.000000e+00
<rad_m1> NEWTON-FALLBACK cycle=47890 time=9.009497e+05 (m,k,j,i)=(0,3,9,816) r=6.668775e+12 count=1.000000e+00
<rad_m1> NEWTON-FALLBACK cycle=47890 time=9.009497e+05 (m,k,j,i)=(0,3,19,536) r=5.215431e+12 count=1.000000e+00
<rad_m1> NEWTON-FALLBACK cycle=47890 time=9.009497e+05 (m,k,j,i)=(0,3,21,717) r=6.067931e+12 count=1.000000e+00
<rad_m1> NEWTON-FALLBACK cycle=47890 time=9.009497e+05 (m,k,j,i)=(0,3,25,753) r=6.264014e+12 count=1.000000e+00
<rad_m1> NEWTON-FALLBACK cycle=47890 time=9.009497e+05 (m,k,j,i)=(0,3,28,115) r=2.005507e+12 count=1.000000e+00
<rad_m1> NEWTON-FALLBACK cycle=47890 time=9.009497e+05 (m,k,j,i)=(0,3,28,779) r=6.413939e+12 count=1.000000e+00
<rad_m1> NEWTON-FALLBACK cycle=47890 time=9.009497e+05 (m,k,j,i)=(0,3,31,117) r=2.063875e+12 count=1.000000e+00
elapsed=1.024470e+02 cycle=47891 time=9.009683e+05 dt=1.857613e+01
<rad_m1> NEWTON-FALLBACK cycle=47891 time=900968 (m,k,j,i)=(0,3,14,512) r=5.11681e+12 count=1
<rad_m1> NEWTON-FALLBACK cycle=47891 time=900968 (m,k,j,i)=(0,3,15,468) r=4.94337e+12 count=1
<rad_m1> NEWTON-FALLBACK cycle=47891 time=900968 (m,k,j,i)=(0,3,19,790) r=6.48085e+12 count=1
<rad_m1> NEWTON-FALLBACK cycle=47891 time=900968 (m,k,j,i)=(0,3,20,540) r=5.23205e+12 count=1
<rad_m1> NEWTON-FALLBACK cycle=47891 time=900968 (m,k,j,i)=(0,3,21,543) r=5.24455e+12 count=1
<rad_m1> NEWTON-FALLBACK cycle=47891 time=900968 (m,k,j,i)=(0,3,26,563) r=5.32865e+12 count=1
<rad_m1> NEWTON-FALLBACK cycle=47891 time=900968 (m,k,j,i)=(0,3,27,593) r=5.45813e+12 count=1
<rad_m1> NEWTON-FALLBACK cycle=47891 time=900968 (m,k,j,i)=(0,3,37,594) r=5.46254e+12 count=1
<rad_m1> NEWTON-FALLBACK cycle=47891 time=9.009683e+05 (m,k,j,i)=(0,3,3,595) r=5.466957e+12 count=1.000000e+00
<rad_m1> NEWTON-FALLBACK cycle=47891 time=9.009683e+05 (m,k,j,i)=(0,3,6,682) r=5.884224e+12 count=1.000000e+00
<rad_m1> NEWTON-FALLBACK cycle=47891 time=9.009683e+05 (m,k,j,i)=(0,3,18,519) r=5.145362e+12 count=1.000000e+00
<rad_m1> NEWTON-FALLBACK cycle=47891 time=9.009683e+05 (m,k,j,i)=(0,3,23,520) r=5.149457e+12 count=1.000000e+00
<rad_m1> NEWTON-FALLBACK cycle=47891 time=9.009683e+05 (m,k,j,i)=(0,3,27,514) r=5.124947e+12 count=1.000000e+00
<rad_m1> NEWTON-FALLBACK cycle=47891 time=9.009683e+05 (m,k,j,i)=(0,3,47,533) r=5.202997e+12 count=1.000000e+00
<rad_m1> NEWTON-FALLBACK cycle=47891 time=9.009683e+05 (m,k,j,i)=(0,3,52,596) r=5.471379e+12 count=1.000000e+00
<rad_m1> NEWTON-FALLBACK cycle=47891 time=9.009683e+05 (m,k,j,i)=(0,3,55,124) r=2.272443e+12 count=1.000000e+00
elapsed=1.052469e+02 cycle=47892 time=9.009869e+05 dt=1.857664e+01
<rad_m1> NEWTON-FALLBACK cycle=47892 time=900987 (m,k,j,i)=(0,3,3,518) r=5.14127e+12 count=1
<rad_m1> NEWTON-FALLBACK cycle=47892 time=900987 (m,k,j,i)=(0,3,6,470) r=4.95096e+12 count=1
<rad_m1> NEWTON-FALLBACK cycle=47892 time=900987 (m,k,j,i)=(0,3,10,598) r=5.48025e+12 count=1
<rad_m1> NEWTON-FALLBACK cycle=47892 time=900987 (m,k,j,i)=(0,3,11,425) r=4.78977e+12 count=1
<rad_m1> NEWTON-FALLBACK cycle=47892 time=900987 (m,k,j,i)=(0,3,17,554) r=5.29063e+12 count=1
<rad_m1> NEWTON-FALLBACK cycle=47892 time=900987 (m,k,j,i)=(0,3,18,544) r=5.24872e+12 count=1
<rad_m1> NEWTON-FALLBACK cycle=47892 time=900987 (m,k,j,i)=(0,3,25,720) r=6.08395e+12 count=1
<rad_m1> NEWTON-FALLBACK cycle=47892 time=900987 (m,k,j,i)=(0,3,25,725) r=6.11075e+12 count=1
<rad_m1> NEWTON-FALLBACK cycle=47892 time=9.009869e+05 (m,k,j,i)=(0,3,3,678) r=5.863644e+12 count=1.000000e+00
<rad_m1> NEWTON-FALLBACK cycle=47892 time=9.009869e+05 (m,k,j,i)=(0,3,12,557) r=5.303269e+12 count=1.000000e+00
<rad_m1> NEWTON-FALLBACK cycle=47892 time=9.009869e+05 (m,k,j,i)=(0,3,13,558) r=5.307490e+12 count=1.000000e+00
<rad_m1> NEWTON-FALLBACK cycle=47892 time=9.009869e+05 (m,k,j,i)=(0,3,23,554) r=5.290630e+12 count=1.000000e+00
<rad_m1> NEWTON-FALLBACK cycle=47892 time=9.009869e+05 (m,k,j,i)=(0,3,25,575) r=5.379867e+12 count=1.000000e+00
<rad_m1> NEWTON-FALLBACK cycle=47892 time=9.009869e+05 (m,k,j,i)=(0,3,29,677) r=5.858515e+12 count=1.000000e+00
<rad_m1> NEWTON-FALLBACK cycle=47892 time=9.009869e+05 (m,k,j,i)=(0,3,34,577) r=5.388471e+12 count=1.000000e+00
<rad_m1> NEWTON-FALLBACK cycle=47892 time=9.009869e+05 (m,k,j,i)=(0,3,35,522) r=5.157656e+12 count=1.000000e+00
elapsed=1.079919e+02 cycle=47893 time=9.010054e+05 dt=1.857709e+01
<rad_m1> NEWTON-FALLBACK cycle=47893 time=901005 (m,k,j,i)=(0,3,26,532) r=5.19886e+12 count=1
<rad_m1> NEWTON-FALLBACK cycle=47893 time=901005 (m,k,j,i)=(0,3,29,531) r=5.19472e+12 count=1
<rad_m1> NEWTON-FALLBACK cycle=47893 time=901005 (m,k,j,i)=(0,3,31,526) r=5.1741e+12 count=1
<rad_m1> NEWTON-FALLBACK cycle=47893 time=901005 (m,k,j,i)=(0,3,34,501) r=5.07236e+12 count=1
<rad_m1> NEWTON-FALLBACK cycle=47893 time=901005 (m,k,j,i)=(0,3,42,506) r=5.0925e+12 count=1
<rad_m1> NEWTON-FALLBACK cycle=47893 time=901005 (m,k,j,i)=(0,3,48,541) r=5.23622e+12 count=1
<rad_m1> NEWTON-FALLBACK cycle=47893 time=901005 (m,k,j,i)=(0,3,49,529) r=5.18646e+12 count=1
<rad_m1> NEWTON-FALLBACK cycle=47893 time=901005 (m,k,j,i)=(0,3,50,538) r=5.22374e+12 count=1
<rad_m1> NEWTON-FALLBACK cycle=47893 time=9.010054e+05 (m,k,j,i)=(0,3,7,519) r=5.145362e+12 count=1.000000e+00
<rad_m1> NEWTON-FALLBACK cycle=47893 time=9.010054e+05 (m,k,j,i)=(0,3,20,523) r=5.161762e+12 count=1.000000e+00
<rad_m1> NEWTON-FALLBACK cycle=47893 time=9.010054e+05 (m,k,j,i)=(0,3,23,585) r=5.423106e+12 count=1.000000e+00
<rad_m1> NEWTON-FALLBACK cycle=47893 time=9.010054e+05 (m,k,j,i)=(0,3,38,123) r=2.242291e+12 count=1.000000e+00
<rad_m1> NEWTON-FALLBACK cycle=47893 time=9.010054e+05 (m,k,j,i)=(0,3,43,123) r=2.242291e+12 count=1.000000e+00
<rad_m1> NEWTON-FALLBACK cycle=47893 time=9.010054e+05 (m,k,j,i)=(0,3,45,535) r=5.211283e+12 count=1.000000e+00
<rad_m1> NEWTON-FALLBACK cycle=47893 time=9.010054e+05 (m,k,j,i)=(0,3,46,566) r=5.341393e+12 count=1.000000e+00
<rad_m1> NEWTON-FALLBACK cycle=47893 time=9.010054e+05 (m,k,j,i)=(0,3,53,581) r=5.405743e+12 count=1.000000e+00
elapsed=1.107148e+02 cycle=47894 time=9.010240e+05 dt=1.857750e+01
<rad_m1> NEWTON-FALLBACK cycle=47894 time=901024 (m,k,j,i)=(0,3,4,550) r=5.27383e+12 count=1
<rad_m1> NEWTON-FALLBACK cycle=47894 time=901024 (m,k,j,i)=(0,3,6,560) r=5.31594e+12 count=1
<rad_m1> NEWTON-FALLBACK cycle=47894 time=901024 (m,k,j,i)=(0,3,8,514) r=5.12495e+12 count=1
<rad_m1> NEWTON-FALLBACK cycle=47894 time=901024 (m,k,j,i)=(0,3,9,564) r=5.33289e+12 count=1
<rad_m1> NEWTON-FALLBACK cycle=47894 time=901024 (m,k,j,i)=(0,3,10,550) r=5.27383e+12 count=1
<rad_m1> NEWTON-FALLBACK cycle=47894 time=901024 (m,k,j,i)=(0,3,10,552) r=5.28222e+12 count=1
<rad_m1> NEWTON-FALLBACK cycle=47894 time=901024 (m,k,j,i)=(0,3,13,809) r=6.6099e+12 count=1
<rad_m1> NEWTON-FALLBACK cycle=47894 time=901024 (m,k,j,i)=(0,3,21,560) r=5.31594e+12 count=1
<rad_m1> NEWTON-FALLBACK cycle=47894 time=9.010240e+05 (m,k,j,i)=(0,3,5,564) r=5.332893e+12 count=1.000000e+00
<rad_m1> NEWTON-FALLBACK cycle=47894 time=9.010240e+05 (m,k,j,i)=(0,3,8,530) r=5.190592e+12 count=1.000000e+00
<rad_m1> NEWTON-FALLBACK cycle=47894 time=9.010240e+05 (m,k,j,i)=(0,3,15,472) r=4.958576e+12 count=1.000000e+00
<rad_m1> NEWTON-FALLBACK cycle=47894 time=9.010240e+05 (m,k,j,i)=(0,3,26,540) r=5.232052e+12 count=1.000000e+00
<rad_m1> NEWTON-FALLBACK cycle=47894 time=9.010240e+05 (m,k,j,i)=(0,3,26,579) r=5.397096e+12 count=1.000000e+00
<rad_m1> NEWTON-FALLBACK cycle=47894 time=9.010240e+05 (m,k,j,i)=(0,3,33,545) r=5.252900e+12 count=1.000000e+00
<rad_m1> NEWTON-FALLBACK cycle=47894 time=9.010240e+05 (m,k,j,i)=(0,3,34,119) r=2.122829e+12 count=1.000000e+00
<rad_m1> NEWTON-FALLBACK cycle=47894 time=9.010240e+05 (m,k,j,i)=(0,3,38,577) r=5.388471e+12 count=1.000000e+00
elapsed=1.134381e+02 cycle=47895 time=9.010426e+05 dt=1.857787e+01
<rad_m1> NEWTON-FALLBACK cycle=47895 time=901043 (m,k,j,i)=(0,3,5,595) r=5.46696e+12 count=1
<rad_m1> NEWTON-FALLBACK cycle=47895 time=901043 (m,k,j,i)=(0,3,7,517) r=5.13718e+12 count=1
<rad_m1> NEWTON-FALLBACK cycle=47895 time=901043 (m,k,j,i)=(0,3,7,556) r=5.29905e+12 count=1
<rad_m1> NEWTON-FALLBACK cycle=47895 time=901043 (m,k,j,i)=(0,3,8,507) r=5.09654e+12 count=1
<rad_m1> NEWTON-FALLBACK cycle=47895 time=901043 (m,k,j,i)=(0,3,9,529) r=5.18646e+12 count=1
<rad_m1> NEWTON-FALLBACK cycle=47895 time=901043 (m,k,j,i)=(0,3,9,544) r=5.24872e+12 count=1
<rad_m1> NEWTON-FALLBACK cycle=47895 time=901043 (m,k,j,i)=(0,3,29,661) r=5.77744e+12 count=1
<rad_m1> NEWTON-FALLBACK cycle=47895 time=901043 (m,k,j,i)=(0,3,33,533) r=5.203e+12 count=1
<rad_m1> NEWTON-FALLBACK cycle=47895 time=9.010426e+05 (m,k,j,i)=(0,3,17,522) r=5.157656e+12 count=1.000000e+00
<rad_m1> NEWTON-FALLBACK cycle=47895 time=9.010426e+05 (m,k,j,i)=(0,3,27,109) r=1.834397e+12 count=1.000000e+00
<rad_m1> NEWTON-FALLBACK cycle=47895 time=9.010426e+05 (m,k,j,i)=(0,3,30,511) r=5.112746e+12 count=1.000000e+00
<rad_m1> NEWTON-FALLBACK cycle=47895 time=9.010426e+05 (m,k,j,i)=(0,3,31,528) r=5.182338e+12 count=1.000000e+00
<rad_m1> NEWTON-FALLBACK cycle=47895 time=9.010426e+05 (m,k,j,i)=(0,3,31,529) r=5.186464e+12 count=1.000000e+00
<rad_m1> NEWTON-FALLBACK cycle=47895 time=9.010426e+05 (m,k,j,i)=(0,3,31,530) r=5.190592e+12 count=1.000000e+00
<rad_m1> NEWTON-FALLBACK cycle=47895 time=9.010426e+05 (m,k,j,i)=(0,3,33,117) r=2.063875e+12 count=1.000000e+00
<rad_m1> NEWTON-FALLBACK cycle=47895 time=9.010426e+05 (m,k,j,i)=(0,3,33,118) r=2.093282e+12 count=1.000000e+00
elapsed=1.161560e+02 cycle=47896 time=9.010612e+05 dt=1.857818e+01
<rad_m1> NEWTON-FALLBACK cycle=47896 time=901061 (m,k,j,i)=(0,3,6,595) r=5.46696e+12 count=1
<rad_m1> NEWTON-FALLBACK cycle=47896 time=901061 (m,k,j,i)=(0,3,8,555) r=5.29484e+12 count=1
<rad_m1> NEWTON-FALLBACK cycle=47896 time=901061 (m,k,j,i)=(0,3,8,560) r=5.31594e+12 count=1
<rad_m1> NEWTON-FALLBACK cycle=47896 time=901061 (m,k,j,i)=(0,3,17,585) r=5.42311e+12 count=1
<rad_m1> NEWTON-FALLBACK cycle=47896 time=901061 (m,k,j,i)=(0,3,19,592) r=5.45373e+12 count=1
<rad_m1> NEWTON-FALLBACK cycle=47896 time=901061 (m,k,j,i)=(0,3,19,644) r=5.69363e+12 count=1
<rad_m1> NEWTON-FALLBACK cycle=47896 time=901061 (m,k,j,i)=(0,3,20,595) r=5.46696e+12 count=1
<rad_m1> NEWTON-FALLBACK cycle=47896 time=901061 (m,k,j,i)=(0,3,25,513) r=5.12088e+12 count=1
<rad_m1> NEWTON-FALLBACK cycle=47896 time=9.010612e+05 (m,k,j,i)=(0,3,4,522) r=5.157656e+12 count=1.000000e+00
<rad_m1> NEWTON-FALLBACK cycle=47896 time=9.010612e+05 (m,k,j,i)=(0,3,9,581) r=5.405743e+12 count=1.000000e+00
<rad_m1> NEWTON-FALLBACK cycle=47896 time=9.010612e+05 (m,k,j,i)=(0,3,12,417) r=4.763241e+12 count=1.000000e+00
<rad_m1> NEWTON-FALLBACK cycle=47896 time=9.010612e+05 (m,k,j,i)=(0,3,14,576) r=5.384167e+12 count=1.000000e+00
<rad_m1> NEWTON-FALLBACK cycle=47896 time=9.010612e+05 (m,k,j,i)=(0,3,14,578) r=5.392781e+12 count=1.000000e+00
<rad_m1> NEWTON-FALLBACK cycle=47896 time=9.010612e+05 (m,k,j,i)=(0,3,21,593) r=5.458133e+12 count=1.000000e+00
<rad_m1> NEWTON-FALLBACK cycle=47896 time=9.010612e+05 (m,k,j,i)=(0,3,33,117) r=2.063875e+12 count=1.000000e+00
<rad_m1> NEWTON-FALLBACK cycle=47896 time=9.010612e+05 (m,k,j,i)=(0,3,33,118) r=2.093282e+12 count=1.000000e+00
elapsed=1.188157e+02 cycle=47897 time=9.010797e+05 dt=1.857846e+01
<rad_m1> NEWTON-FALLBACK cycle=47897 time=901080 (m,k,j,i)=(0,3,3,582) r=5.41008e+12 count=1
<rad_m1> NEWTON-FALLBACK cycle=47897 time=901080 (m,k,j,i)=(0,3,4,542) r=5.24038e+12 count=1
<rad_m1> NEWTON-FALLBACK cycle=47897 time=901080 (m,k,j,i)=(0,3,4,578) r=5.39278e+12 count=1
<rad_m1> NEWTON-FALLBACK cycle=47897 time=901080 (m,k,j,i)=(0,3,5,598) r=5.48025e+12 count=1
<rad_m1> NEWTON-FALLBACK cycle=47897 time=901080 (m,k,j,i)=(0,3,6,608) r=5.52504e+12 count=1
<rad_m1> NEWTON-FALLBACK cycle=47897 time=901080 (m,k,j,i)=(0,3,7,583) r=5.41441e+12 count=1
<rad_m1> NEWTON-FALLBACK cycle=47897 time=901080 (m,k,j,i)=(0,3,9,594) r=5.46254e+12 count=1
<rad_m1> NEWTON-FALLBACK cycle=47897 time=901080 (m,k,j,i)=(0,3,10,498) r=5.06035e+12 count=1
<rad_m1> NEWTON-FALLBACK cycle=47897 time=9.010797e+05 (m,k,j,i)=(0,3,3,608) r=5.525042e+12 count=1.000000e+00
<rad_m1> NEWTON-FALLBACK cycle=47897 time=9.010797e+05 (m,k,j,i)=(0,3,4,572) r=5.367000e+12 count=1.000000e+00
<rad_m1> NEWTON-FALLBACK cycle=47897 time=9.010797e+05 (m,k,j,i)=(0,3,5,568) r=5.349910e+12 count=1.000000e+00
<rad_m1> NEWTON-FALLBACK cycle=47897 time=9.010797e+05 (m,k,j,i)=(0,3,6,564) r=5.332893e+12 count=1.000000e+00
<rad_m1> NEWTON-FALLBACK cycle=47897 time=9.010797e+05 (m,k,j,i)=(0,3,9,536) r=5.215431e+12 count=1.000000e+00
<rad_m1> NEWTON-FALLBACK cycle=47897 time=9.010797e+05 (m,k,j,i)=(0,3,12,523) r=5.161762e+12 count=1.000000e+00
<rad_m1> NEWTON-FALLBACK cycle=47897 time=9.010797e+05 (m,k,j,i)=(0,3,14,775) r=6.390234e+12 count=1.000000e+00
<rad_m1> NEWTON-FALLBACK cycle=47897 time=9.010797e+05 (m,k,j,i)=(0,3,28,557) r=5.303269e+12 count=1.000000e+00
elapsed=1.214549e+02 cycle=47898 time=9.010983e+05 dt=1.857871e+01
<rad_m1> NEWTON-FALLBACK cycle=47898 time=901098 (m,k,j,i)=(0,3,4,548) r=5.26545e+12 count=1
<rad_m1> NEWTON-FALLBACK cycle=47898 time=901098 (m,k,j,i)=(0,3,4,549) r=5.26964e+12 count=1
<rad_m1> NEWTON-FALLBACK cycle=47898 time=901098 (m,k,j,i)=(0,3,4,558) r=5.30749e+12 count=1
<rad_m1> NEWTON-FALLBACK cycle=47898 time=901098 (m,k,j,i)=(0,3,4,584) r=5.41876e+12 count=1
<rad_m1> NEWTON-FALLBACK cycle=47898 time=901098 (m,k,j,i)=(0,3,4,585) r=5.42311e+12 count=1
<rad_m1> NEWTON-FALLBACK cycle=47898 time=901098 (m,k,j,i)=(0,3,4,587) r=5.43182e+12 count=1
<rad_m1> NEWTON-FALLBACK cycle=47898 time=901098 (m,k,j,i)=(0,3,5,514) r=5.12495e+12 count=1
<rad_m1> NEWTON-FALLBACK cycle=47898 time=901098 (m,k,j,i)=(0,3,6,528) r=5.18234e+12 count=1
<rad_m1> NEWTON-FALLBACK cycle=47898 time=9.010983e+05 (m,k,j,i)=(0,3,3,584) r=5.418757e+12 count=1.000000e+00
<rad_m1> NEWTON-FALLBACK cycle=47898 time=9.010983e+05 (m,k,j,i)=(0,3,3,585) r=5.423106e+12 count=1.000000e+00
<rad_m1> NEWTON-FALLBACK cycle=47898 time=9.010983e+05 (m,k,j,i)=(0,3,3,590) r=5.444949e+12 count=1.000000e+00
<rad_m1> NEWTON-FALLBACK cycle=47898 time=9.010983e+05 (m,k,j,i)=(0,3,3,591) r=5.449337e+12 count=1.000000e+00
<rad_m1> NEWTON-FALLBACK cycle=47898 time=9.010983e+05 (m,k,j,i)=(0,3,3,592) r=5.453731e+12 count=1.000000e+00
<rad_m1> NEWTON-FALLBACK cycle=47898 time=9.010983e+05 (m,k,j,i)=(0,3,3,593) r=5.458133e+12 count=1.000000e+00
<rad_m1> NEWTON-FALLBACK cycle=47898 time=9.010983e+05 (m,k,j,i)=(0,3,3,594) r=5.462541e+12 count=1.000000e+00
<rad_m1> NEWTON-FALLBACK cycle=47898 time=9.010983e+05 (m,k,j,i)=(0,3,3,595) r=5.466957e+12 count=1.000000e+00
elapsed=1.241932e+02 cycle=47899 time=9.011169e+05 dt=1.857892e+01
<rad_m1> NEWTON-FALLBACK cycle=47899 time=9.011169e+05 (m,k,j,i)=(0,3,3,525) r=5.169982e+12 count=1.000000e+00
<rad_m1> NEWTON-FALLBACK cycle=47899 time=9.011169e+05 (m,k,j,i)=(0,3,3,582) r=5.410075e+12 count=1.000000e+00
<rad_m1> NEWTON-FALLBACK cycle=47899 time=9.011169e+05 (m,k,j,i)=(0,3,4,555) r=5.294840e+12 count=1.000000e+00
<rad_m1> NEWTON-FALLBACK cycle=47899 time=9.011169e+05 (m,k,j,i)=(0,3,4,588) r=5.436193e+12 count=1.000000e+00
<rad_m1> NEWTON-FALLBACK cycle=47899 time=9.011169e+05 (m,k,j,i)=(0,3,4,609) r=5.529566e+12 count=1.000000e+00
<rad_m1> NEWTON-FALLBACK cycle=47899 time=9.011169e+05 (m,k,j,i)=(0,3,5,598) r=5.480246e+12 count=1.000000e+00
<rad_m1> NEWTON-FALLBACK cycle=47899 time=9.011169e+05 (m,k,j,i)=(0,3,6,579) r=5.397096e+12 count=1.000000e+00
<rad_m1> NEWTON-FALLBACK cycle=47899 time=9.011169e+05 (m,k,j,i)=(0,3,6,595) r=5.466957e+12 count=1.000000e+00
<rad_m1> NEWTON-FALLBACK cycle=47899 time=901117 (m,k,j,i)=(0,3,4,588) r=5.43619e+12 count=1
<rad_m1> NEWTON-FALLBACK cycle=47899 time=901117 (m,k,j,i)=(0,3,4,593) r=5.45813e+12 count=1
<rad_m1> NEWTON-FALLBACK cycle=47899 time=901117 (m,k,j,i)=(0,3,4,594) r=5.46254e+12 count=1
<rad_m1> NEWTON-FALLBACK cycle=47899 time=901117 (m,k,j,i)=(0,3,4,595) r=5.46696e+12 count=1
<rad_m1> NEWTON-FALLBACK cycle=47899 time=901117 (m,k,j,i)=(0,3,4,598) r=5.48025e+12 count=1
<rad_m1> NEWTON-FALLBACK cycle=47899 time=901117 (m,k,j,i)=(0,3,6,536) r=5.21543e+12 count=1
<rad_m1> NEWTON-FALLBACK cycle=47899 time=901117 (m,k,j,i)=(0,3,9,582) r=5.41008e+12 count=1
<rad_m1> NEWTON-FALLBACK cycle=47899 time=901117 (m,k,j,i)=(0,3,11,576) r=5.38417e+12 count=1
elapsed=1.269169e+02 cycle=47900 time=9.011355e+05 dt=1.857912e+01
<rad_m1> NEWTON-FALLBACK cycle=47900 time=9.011355e+05 (m,k,j,i)=(0,3,23,539) r=5.227892e+12 count=1.000000e+00
<rad_m1> NEWTON-FALLBACK cycle=47900 time=9.011355e+05 (m,k,j,i)=(0,3,25,542) r=5.240382e+12 count=1.000000e+00
<rad_m1> NEWTON-FALLBACK cycle=47900 time=9.011355e+05 (m,k,j,i)=(0,3,27,525) r=5.169982e+12 count=1.000000e+00
<rad_m1> NEWTON-FALLBACK cycle=47900 time=9.011355e+05 (m,k,j,i)=(0,3,29,113) r=1.947772e+12 count=1.000000e+00
<rad_m1> NEWTON-FALLBACK cycle=47900 time=9.011355e+05 (m,k,j,i)=(0,3,47,126) r=2.333046e+12 count=1.000000e+00
<rad_m1> NEWTON-FALLBACK cycle=47900 time=9.011355e+05 (m,k,j,i)=(0,3,48,518) r=5.141272e+12 count=1.000000e+00
<rad_m1> NEWTON-FALLBACK cycle=47900 time=9.011355e+05 (m,k,j,i)=(0,3,49,552) r=5.282222e+12 count=1.000000e+00
<rad_m1> NEWTON-FALLBACK cycle=47900 time=9.011355e+05 (m,k,j,i)=(0,3,50,557) r=5.303269e+12 count=1.000000e+00
<rad_m1> NEWTON-FALLBACK cycle=47900 time=901135 (m,k,j,i)=(0,3,3,12) r=3.23329e+11 count=1
<rad_m1> NEWTON-FALLBACK cycle=47900 time=901135 (m,k,j,i)=(0,3,6,548) r=5.26545e+12 count=1
<rad_m1> NEWTON-FALLBACK cycle=47900 time=901135 (m,k,j,i)=(0,3,7,595) r=5.46696e+12 count=1
<rad_m1> NEWTON-FALLBACK cycle=47900 time=901135 (m,k,j,i)=(0,3,11,522) r=5.15766e+12 count=1
<rad_m1> NEWTON-FALLBACK cycle=47900 time=901135 (m,k,j,i)=(0,3,12,506) r=5.0925e+12 count=1
<rad_m1> NEWTON-FALLBACK cycle=47900 time=901135 (m,k,j,i)=(0,3,12,544) r=5.24872e+12 count=1
<rad_m1> NEWTON-FALLBACK cycle=47900 time=901135 (m,k,j,i)=(0,3,15,534) r=5.20714e+12 count=1
<rad_m1> NEWTON-FALLBACK cycle=47900 time=901135 (m,k,j,i)=(0,3,21,589) r=5.44057e+12 count=1
elapsed=1.299103e+02 cycle=47901 time=9.011541e+05 dt=1.857930e+01
<rad_m1> NEWTON-FALLBACK cycle=47901 time=9.011541e+05 (m,k,j,i)=(0,3,8,663) r=5.787466e+12 count=1.000000e+00
<rad_m1> NEWTON-FALLBACK cycle=47901 time=9.011541e+05 (m,k,j,i)=(0,3,11,809) r=6.609896e+12 count=1.000000e+00
<rad_m1> NEWTON-FALLBACK cycle=47901 time=9.011541e+05 (m,k,j,i)=(0,3,29,112) r=1.919158e+12 count=1.000000e+00
<rad_m1> NEWTON-FALLBACK cycle=47901 time=9.011541e+05 (m,k,j,i)=(0,3,29,113) r=1.947772e+12 count=1.000000e+00
<rad_m1> NEWTON-FALLBACK cycle=47901 time=9.011541e+05 (m,k,j,i)=(0,3,33,117) r=2.063875e+12 count=1.000000e+00
<rad_m1> NEWTON-FALLBACK cycle=47901 time=9.011541e+05 (m,k,j,i)=(0,3,43,511) r=5.112746e+12 count=1.000000e+00
<rad_m1> NEWTON-FALLBACK cycle=47901 time=9.011541e+05 (m,k,j,i)=(0,3,47,126) r=2.333046e+12 count=1.000000e+00
<rad_m1> NEWTON-FALLBACK cycle=47901 time=9.011541e+05 (m,k,j,i)=(0,3,50,517) r=5.137185e+12 count=1.000000e+00
<rad_m1> NEWTON-FALLBACK cycle=47901 time=901154 (m,k,j,i)=(0,3,5,577) r=5.38847e+12 count=1
<rad_m1> NEWTON-FALLBACK cycle=47901 time=901154 (m,k,j,i)=(0,3,7,538) r=5.22374e+12 count=1
<rad_m1> NEWTON-FALLBACK cycle=47901 time=901154 (m,k,j,i)=(0,3,8,497) r=5.05635e+12 count=1
<rad_m1> NEWTON-FALLBACK cycle=47901 time=901154 (m,k,j,i)=(0,3,15,538) r=5.22374e+12 count=1
<rad_m1> NEWTON-FALLBACK cycle=47901 time=901154 (m,k,j,i)=(0,3,25,517) r=5.13718e+12 count=1
<rad_m1> NEWTON-FALLBACK cycle=47901 time=901154 (m,k,j,i)=(0,3,36,554) r=5.29063e+12 count=1
<rad_m1> NEWTON-FALLBACK cycle=47901 time=901154 (m,k,j,i)=(0,3,36,581) r=5.40574e+12 count=1
<rad_m1> NEWTON-FALLBACK cycle=47901 time=901154 (m,k,j,i)=(0,3,39,561) r=5.32017e+12 count=1
elapsed=1.327299e+02 cycle=47902 time=9.011726e+05 dt=1.857947e+01
<rad_m1> NEWTON-FALLBACK cycle=47902 time=901173 (m,k,j,i)=(0,3,3,602) r=5.49807e+12 count=1
<rad_m1> NEWTON-FALLBACK cycle=47902 time=901173 (m,k,j,i)=(0,3,5,515) r=5.12902e+12 count=1
<rad_m1> NEWTON-FALLBACK cycle=47902 time=901173 (m,k,j,i)=(0,3,14,660) r=5.77244e+12 count=1
<rad_m1> NEWTON-FALLBACK cycle=47902 time=901173 (m,k,j,i)=(0,3,21,571) r=5.36272e+12 count=1
<rad_m1> NEWTON-FALLBACK cycle=47902 time=901173 (m,k,j,i)=(0,3,29,561) r=5.32017e+12 count=1
<rad_m1> NEWTON-FALLBACK cycle=47902 time=901173 (m,k,j,i)=(0,3,35,520) r=5.14946e+12 count=1
<rad_m1> NEWTON-FALLBACK cycle=47902 time=901173 (m,k,j,i)=(0,3,40,723) r=6.10001e+12 count=1
<rad_m1> NEWTON-FALLBACK cycle=47902 time=901173 (m,k,j,i)=(0,3,46,532) r=5.19886e+12 count=1
<rad_m1> NEWTON-FALLBACK cycle=47902 time=9.011726e+05 (m,k,j,i)=(0,3,3,601) r=5.493602e+12 count=1.000000e+00
<rad_m1> NEWTON-FALLBACK cycle=47902 time=9.011726e+05 (m,k,j,i)=(0,3,6,614) r=5.552315e+12 count=1.000000e+00
<rad_m1> NEWTON-FALLBACK cycle=47902 time=9.011726e+05 (m,k,j,i)=(0,3,7,690) r=5.925672e+12 count=1.000000e+00
<rad_m1> NEWTON-FALLBACK cycle=47902 time=9.011726e+05 (m,k,j,i)=(0,3,7,780) r=6.419909e+12 count=1.000000e+00
<rad_m1> NEWTON-FALLBACK cycle=47902 time=9.011726e+05 (m,k,j,i)=(0,3,9,554) r=5.290630e+12 count=1.000000e+00
<rad_m1> NEWTON-FALLBACK cycle=47902 time=9.011726e+05 (m,k,j,i)=(0,3,19,529) r=5.186464e+12 count=1.000000e+00
<rad_m1> NEWTON-FALLBACK cycle=47902 time=9.011726e+05 (m,k,j,i)=(0,3,27,565) r=5.337141e+12 count=1.000000e+00
<rad_m1> NEWTON-FALLBACK cycle=47902 time=9.011726e+05 (m,k,j,i)=(0,3,29,113) r=1.947772e+12 count=1.000000e+00
elapsed=1.354840e+02 cycle=47903 time=9.011912e+05 dt=1.857963e+01
<rad_m1> NEWTON-FALLBACK cycle=47903 time=901191 (m,k,j,i)=(0,3,4,488) r=5.02066e+12 count=1
<rad_m1> NEWTON-FALLBACK cycle=47903 time=901191 (m,k,j,i)=(0,3,8,497) r=5.05635e+12 count=1
<rad_m1> NEWTON-FALLBACK cycle=47903 time=901191 (m,k,j,i)=(0,3,10,598) r=5.48025e+12 count=1
<rad_m1> NEWTON-FALLBACK cycle=47903 time=901191 (m,k,j,i)=(0,3,52,11) r=3.13128e+11 count=1
<rad_m1> NEWTON-FALLBACK cycle=47903 time=901191 (m,k,j,i)=(0,3,54,520) r=5.14946e+12 count=1
<rad_m1> NEWTON-FALLBACK cycle=47903 time=901191 (m,k,j,i)=(0,3,60,506) r=5.0925e+12 count=1
<rad_m1> NEWTON-FALLBACK cycle=47903 time=901191 (m,k,j,i)=(0,3,62,550) r=5.27383e+12 count=1
<rad_m1> NEWTON-FALLBACK cycle=47903 time=901191 (m,k,j,i)=(0,4,9,598) r=5.48025e+12 count=1
<rad_m1> NEWTON-FALLBACK cycle=47903 time=9.011912e+05 (m,k,j,i)=(0,3,4,625) r=5.603146e+12 count=1.000000e+00
<rad_m1> NEWTON-FALLBACK cycle=47903 time=9.011912e+05 (m,k,j,i)=(0,3,6,523) r=5.161762e+12 count=1.000000e+00
<rad_m1> NEWTON-FALLBACK cycle=47903 time=9.011912e+05 (m,k,j,i)=(0,3,7,647) r=5.708227e+12 count=1.000000e+00
<rad_m1> NEWTON-FALLBACK cycle=47903 time=9.011912e+05 (m,k,j,i)=(0,3,14,35) r=5.129920e+11 count=1.000000e+00
<rad_m1> NEWTON-FALLBACK cycle=47903 time=9.011912e+05 (m,k,j,i)=(0,3,16,782) r=6.431909e+12 count=1.000000e+00
<rad_m1> NEWTON-FALLBACK cycle=47903 time=9.011912e+05 (m,k,j,i)=(0,3,19,552) r=5.282222e+12 count=1.000000e+00
<rad_m1> NEWTON-FALLBACK cycle=47903 time=9.011912e+05 (m,k,j,i)=(0,3,22,592) r=5.453731e+12 count=1.000000e+00
<rad_m1> NEWTON-FALLBACK cycle=47903 time=9.011912e+05 (m,k,j,i)=(0,3,26,449) r=4.873192e+12 count=1.000000e+00
elapsed=1.381882e+02 cycle=47904 time=9.012098e+05 dt=1.857980e+01
<rad_m1> NEWTON-FALLBACK cycle=47904 time=901210 (m,k,j,i)=(0,3,7,516) r=5.1331e+12 count=1
<rad_m1> NEWTON-FALLBACK cycle=47904 time=901210 (m,k,j,i)=(0,3,7,542) r=5.24038e+12 count=1
<rad_m1> NEWTON-FALLBACK cycle=47904 time=901210 (m,k,j,i)=(0,3,12,498) r=5.06035e+12 count=1
<rad_m1> NEWTON-FALLBACK cycle=47904 time=901210 (m,k,j,i)=(0,3,13,576) r=5.38417e+12 count=1
<rad_m1> NEWTON-FALLBACK cycle=47904 time=901210 (m,k,j,i)=(0,3,17,515) r=5.12902e+12 count=1
<rad_m1> NEWTON-FALLBACK cycle=47904 time=901210 (m,k,j,i)=(0,3,20,550) r=5.27383e+12 count=1
<rad_m1> NEWTON-FALLBACK cycle=47904 time=901210 (m,k,j,i)=(0,3,31,593) r=5.45813e+12 count=1
<rad_m1> NEWTON-FALLBACK cycle=47904 time=901210 (m,k,j,i)=(0,3,32,596) r=5.47138e+12 count=1
<rad_m1> NEWTON-FALLBACK cycle=47904 time=9.012098e+05 (m,k,j,i)=(0,3,3,569) r=5.354176e+12 count=1.000000e+00
<rad_m1> NEWTON-FALLBACK cycle=47904 time=9.012098e+05 (m,k,j,i)=(0,3,3,582) r=5.410075e+12 count=1.000000e+00
<rad_m1> NEWTON-FALLBACK cycle=47904 time=9.012098e+05 (m,k,j,i)=(0,3,4,563) r=5.328649e+12 count=1.000000e+00
<rad_m1> NEWTON-FALLBACK cycle=47904 time=9.012098e+05 (m,k,j,i)=(0,3,5,447) r=4.866012e+12 count=1.000000e+00
<rad_m1> NEWTON-FALLBACK cycle=47904 time=9.012098e+05 (m,k,j,i)=(0,3,6,666) r=5.802566e+12 count=1.000000e+00
<rad_m1> NEWTON-FALLBACK cycle=47904 time=9.012098e+05 (m,k,j,i)=(0,3,7,647) r=5.708227e+12 count=1.000000e+00
<rad_m1> NEWTON-FALLBACK cycle=47904 time=9.012098e+05 (m,k,j,i)=(0,3,8,598) r=5.480246e+12 count=1.000000e+00
<rad_m1> NEWTON-FALLBACK cycle=47904 time=9.012098e+05 (m,k,j,i)=(0,3,12,545) r=5.252900e+12 count=1.000000e+00
elapsed=1.408658e+02 cycle=47905 time=9.012284e+05 dt=1.857998e+01
<rad_m1> NEWTON-FALLBACK cycle=47905 time=9.012284e+05 (m,k,j,i)=(0,3,3,586) r=5.427462e+12 count=1.000000e+00
<rad_m1> NEWTON-FALLBACK cycle=47905 time=9.012284e+05 (m,k,j,i)=(0,3,3,588) r=5.436193e+12 count=1.000000e+00
<rad_m1> NEWTON-FALLBACK cycle=47905 time=9.012284e+05 (m,k,j,i)=(0,3,4,559) r=5.311714e+12 count=1.000000e+00
<rad_m1> NEWTON-FALLBACK cycle=47905 time=9.012284e+05 (m,k,j,i)=(0,3,4,616) r=5.561475e+12 count=1.000000e+00
<rad_m1> NEWTON-FALLBACK cycle=47905 time=9.012284e+05 (m,k,j,i)=(0,3,4,767) r=6.343584e+12 count=1.000000e+00
<rad_m1> NEWTON-FALLBACK cycle=47905 time=9.012284e+05 (m,k,j,i)=(0,3,5,557) r=5.303269e+12 count=1.000000e+00
<rad_m1> NEWTON-FALLBACK cycle=47905 time=9.012284e+05 (m,k,j,i)=(0,3,8,583) r=5.414413e+12 count=1.000000e+00
<rad_m1> NEWTON-FALLBACK cycle=47905 time=9.012284e+05 (m,k,j,i)=(0,3,9,562) r=5.324409e+12 count=1.000000e+00
<rad_m1> NEWTON-FALLBACK cycle=47905 time=901228 (m,k,j,i)=(0,3,4,466) r=4.93583e+12 count=1
<rad_m1> NEWTON-FALLBACK cycle=47905 time=901228 (m,k,j,i)=(0,3,5,573) r=5.37128e+12 count=1
<rad_m1> NEWTON-FALLBACK cycle=47905 time=901228 (m,k,j,i)=(0,3,5,605) r=5.51152e+12 count=1
<rad_m1> NEWTON-FALLBACK cycle=47905 time=901228 (m,k,j,i)=(0,3,6,519) r=5.14536e+12 count=1
<rad_m1> NEWTON-FALLBACK cycle=47905 time=901228 (m,k,j,i)=(0,3,7,560) r=5.31594e+12 count=1
<rad_m1> NEWTON-FALLBACK cycle=47905 time=901228 (m,k,j,i)=(0,3,9,497) r=5.05635e+12 count=1
<rad_m1> NEWTON-FALLBACK cycle=47905 time=901228 (m,k,j,i)=(0,3,15,527) r=5.17822e+12 count=1
<rad_m1> NEWTON-FALLBACK cycle=47905 time=901228 (m,k,j,i)=(0,3,22,518) r=5.14127e+12 count=1
elapsed=1.435537e+02 cycle=47906 time=9.012470e+05 dt=1.858017e+01
<rad_m1> NEWTON-FALLBACK cycle=47906 time=9.012470e+05 (m,k,j,i)=(0,3,3,546) r=5.257079e+12 count=1.000000e+00
<rad_m1> NEWTON-FALLBACK cycle=47906 time=9.012470e+05 (m,k,j,i)=(0,3,3,548) r=5.265447e+12 count=1.000000e+00
<rad_m1> NEWTON-FALLBACK cycle=47906 time=9.012470e+05 (m,k,j,i)=(0,3,3,552) r=5.282222e+12 count=1.000000e+00
<rad_m1> NEWTON-FALLBACK cycle=47906 time=9.012470e+05 (m,k,j,i)=(0,3,4,566) r=5.341393e+12 count=1.000000e+00
<rad_m1> NEWTON-FALLBACK cycle=47906 time=9.012470e+05 (m,k,j,i)=(0,3,4,587) r=5.431824e+12 count=1.000000e+00
<rad_m1> NEWTON-FALLBACK cycle=47906 time=9.012470e+05 (m,k,j,i)=(0,3,5,550) r=5.273828e+12 count=1.000000e+00
<rad_m1> NEWTON-FALLBACK cycle=47906 time=9.012470e+05 (m,k,j,i)=(0,3,5,662) r=5.782449e+12 count=1.000000e+00
<rad_m1> NEWTON-FALLBACK cycle=47906 time=9.012470e+05 (m,k,j,i)=(0,3,7,561) r=5.320173e+12 count=1.000000e+00
<rad_m1> NEWTON-FALLBACK cycle=47906 time=901247 (m,k,j,i)=(0,3,3,555) r=5.29484e+12 count=1
<rad_m1> NEWTON-FALLBACK cycle=47906 time=901247 (m,k,j,i)=(0,3,3,598) r=5.48025e+12 count=1
<rad_m1> NEWTON-FALLBACK cycle=47906 time=901247 (m,k,j,i)=(0,3,3,600) r=5.48914e+12 count=1
<rad_m1> NEWTON-FALLBACK cycle=47906 time=901247 (m,k,j,i)=(0,3,4,578) r=5.39278e+12 count=1
<rad_m1> NEWTON-FALLBACK cycle=47906 time=901247 (m,k,j,i)=(0,3,7,578) r=5.39278e+12 count=1
<rad_m1> NEWTON-FALLBACK cycle=47906 time=901247 (m,k,j,i)=(0,3,8,548) r=5.26545e+12 count=1
<rad_m1> NEWTON-FALLBACK cycle=47906 time=901247 (m,k,j,i)=(0,3,14,565) r=5.33714e+12 count=1
<rad_m1> NEWTON-FALLBACK cycle=47906 time=901247 (m,k,j,i)=(0,3,17,549) r=5.26964e+12 count=1
elapsed=1.462199e+02 cycle=47907 time=9.012655e+05 dt=1.858038e+01
<rad_m1> NEWTON-FALLBACK cycle=47907 time=9.012655e+05 (m,k,j,i)=(0,3,4,586) r=5.427462e+12 count=1.000000e+00
<rad_m1> NEWTON-FALLBACK cycle=47907 time=9.012655e+05 (m,k,j,i)=(0,3,4,590) r=5.444949e+12 count=1.000000e+00
<rad_m1> NEWTON-FALLBACK cycle=47907 time=9.012655e+05 (m,k,j,i)=(0,3,4,591) r=5.449337e+12 count=1.000000e+00
<rad_m1> NEWTON-FALLBACK cycle=47907 time=9.012655e+05 (m,k,j,i)=(0,3,4,592) r=5.453731e+12 count=1.000000e+00
<rad_m1> NEWTON-FALLBACK cycle=47907 time=9.012655e+05 (m,k,j,i)=(0,3,4,593) r=5.458133e+12 count=1.000000e+00
<rad_m1> NEWTON-FALLBACK cycle=47907 time=9.012655e+05 (m,k,j,i)=(0,3,4,594) r=5.462541e+12 count=1.000000e+00
<rad_m1> NEWTON-FALLBACK cycle=47907 time=9.012655e+05 (m,k,j,i)=(0,3,4,595) r=5.466957e+12 count=1.000000e+00
<rad_m1> NEWTON-FALLBACK cycle=47907 time=9.012655e+05 (m,k,j,i)=(0,3,4,596) r=5.471379e+12 count=1.000000e+00
<rad_m1> NEWTON-FALLBACK cycle=47907 time=901266 (m,k,j,i)=(0,3,19,43) r=5.8336e+11 count=1
<rad_m1> NEWTON-FALLBACK cycle=47907 time=901266 (m,k,j,i)=(0,3,19,513) r=5.12088e+12 count=1
<rad_m1> NEWTON-FALLBACK cycle=47907 time=901266 (m,k,j,i)=(0,3,21,511) r=5.11275e+12 count=1
<rad_m1> NEWTON-FALLBACK cycle=47907 time=901266 (m,k,j,i)=(0,3,22,523) r=5.16176e+12 count=1
<rad_m1> NEWTON-FALLBACK cycle=47907 time=901266 (m,k,j,i)=(0,3,25,529) r=5.18646e+12 count=1
<rad_m1> NEWTON-FALLBACK cycle=47907 time=901266 (m,k,j,i)=(0,3,31,572) r=5.367e+12 count=1
<rad_m1> NEWTON-FALLBACK cycle=47907 time=901266 (m,k,j,i)=(0,3,32,514) r=5.12495e+12 count=1
<rad_m1> NEWTON-FALLBACK cycle=47907 time=901266 (m,k,j,i)=(0,3,32,580) r=5.40142e+12 count=1
elapsed=1.488590e+02 cycle=47908 time=9.012841e+05 dt=1.858063e+01
<rad_m1> NEWTON-FALLBACK cycle=47908 time=9.012841e+05 (m,k,j,i)=(0,3,3,586) r=5.427462e+12 count=1.000000e+00
<rad_m1> NEWTON-FALLBACK cycle=47908 time=9.012841e+05 (m,k,j,i)=(0,3,3,588) r=5.436193e+12 count=1.000000e+00
<rad_m1> NEWTON-FALLBACK cycle=47908 time=9.012841e+05 (m,k,j,i)=(0,3,3,593) r=5.458133e+12 count=1.000000e+00
<rad_m1> NEWTON-FALLBACK cycle=47908 time=9.012841e+05 (m,k,j,i)=(0,3,3,594) r=5.462541e+12 count=1.000000e+00
<rad_m1> NEWTON-FALLBACK cycle=47908 time=9.012841e+05 (m,k,j,i)=(0,3,3,595) r=5.466957e+12 count=1.000000e+00
<rad_m1> NEWTON-FALLBACK cycle=47908 time=9.012841e+05 (m,k,j,i)=(0,3,3,596) r=5.471379e+12 count=1.000000e+00
<rad_m1> NEWTON-FALLBACK cycle=47908 time=9.012841e+05 (m,k,j,i)=(0,3,3,623) r=5.593822e+12 count=1.000000e+00
<rad_m1> NEWTON-FALLBACK cycle=47908 time=9.012841e+05 (m,k,j,i)=(0,3,4,588) r=5.436193e+12 count=1.000000e+00
<rad_m1> NEWTON-FALLBACK cycle=47908 time=901284 (m,k,j,i)=(0,3,4,543) r=5.24455e+12 count=1
<rad_m1> NEWTON-FALLBACK cycle=47908 time=901284 (m,k,j,i)=(0,3,4,588) r=5.43619e+12 count=1
<rad_m1> NEWTON-FALLBACK cycle=47908 time=901284 (m,k,j,i)=(0,3,5,568) r=5.34991e+12 count=1
<rad_m1> NEWTON-FALLBACK cycle=47908 time=901284 (m,k,j,i)=(0,3,14,530) r=5.19059e+12 count=1
<rad_m1> NEWTON-FALLBACK cycle=47908 time=901284 (m,k,j,i)=(0,3,14,665) r=5.79752e+12 count=1
<rad_m1> NEWTON-FALLBACK cycle=47908 time=901284 (m,k,j,i)=(0,3,21,712) r=6.04133e+12 count=1
<rad_m1> NEWTON-FALLBACK cycle=47908 time=901284 (m,k,j,i)=(0,3,33,552) r=5.28222e+12 count=1
<rad_m1> NEWTON-FALLBACK cycle=47908 time=901284 (m,k,j,i)=(0,3,34,565) r=5.33714e+12 count=1
elapsed=1.515880e+02 cycle=47909 time=9.013027e+05 dt=1.858091e+01
<rad_m1> NEWTON-FALLBACK cycle=47909 time=9.013027e+05 (m,k,j,i)=(0,3,4,583) r=5.414413e+12 count=1.000000e+00
<rad_m1> NEWTON-FALLBACK cycle=47909 time=9.013027e+05 (m,k,j,i)=(0,3,4,584) r=5.418757e+12 count=1.000000e+00
<rad_m1> NEWTON-FALLBACK cycle=47909 time=9.013027e+05 (m,k,j,i)=(0,3,4,585) r=5.423106e+12 count=1.000000e+00
<rad_m1> NEWTON-FALLBACK cycle=47909 time=9.013027e+05 (m,k,j,i)=(0,3,4,586) r=5.427462e+12 count=1.000000e+00
<rad_m1> NEWTON-FALLBACK cycle=47909 time=9.013027e+05 (m,k,j,i)=(0,3,4,590) r=5.444949e+12 count=1.000000e+00
<rad_m1> NEWTON-FALLBACK cycle=47909 time=9.013027e+05 (m,k,j,i)=(0,3,4,591) r=5.449337e+12 count=1.000000e+00
<rad_m1> NEWTON-FALLBACK cycle=47909 time=9.013027e+05 (m,k,j,i)=(0,3,4,592) r=5.453731e+12 count=1.000000e+00
<rad_m1> NEWTON-FALLBACK cycle=47909 time=9.013027e+05 (m,k,j,i)=(0,3,4,593) r=5.458133e+12 count=1.000000e+00
<rad_m1> NEWTON-FALLBACK cycle=47909 time=901303 (m,k,j,i)=(0,3,3,566) r=5.34139e+12 count=1
<rad_m1> NEWTON-FALLBACK cycle=47909 time=901303 (m,k,j,i)=(0,3,3,600) r=5.48914e+12 count=1
<rad_m1> NEWTON-FALLBACK cycle=47909 time=901303 (m,k,j,i)=(0,3,3,611) r=5.53864e+12 count=1
<rad_m1> NEWTON-FALLBACK cycle=47909 time=901303 (m,k,j,i)=(0,3,4,563) r=5.32865e+12 count=1
<rad_m1> NEWTON-FALLBACK cycle=47909 time=901303 (m,k,j,i)=(0,3,5,532) r=5.19886e+12 count=1
<rad_m1> NEWTON-FALLBACK cycle=47909 time=901303 (m,k,j,i)=(0,3,5,545) r=5.2529e+12 count=1
<rad_m1> NEWTON-FALLBACK cycle=47909 time=901303 (m,k,j,i)=(0,3,14,575) r=5.37987e+12 count=1
<rad_m1> NEWTON-FALLBACK cycle=47909 time=901303 (m,k,j,i)=(0,3,18,532) r=5.19886e+12 count=1
elapsed=1.542938e+02 cycle=47910 time=9.013213e+05 dt=1.858125e+01
<rad_m1> NEWTON-FALLBACK cycle=47910 time=9.013213e+05 (m,k,j,i)=(0,3,26,598) r=5.480246e+12 count=1.000000e+00
<rad_m1> NEWTON-FALLBACK cycle=47910 time=9.013213e+05 (m,k,j,i)=(0,3,29,113) r=1.947772e+12 count=1.000000e+00
<rad_m1> NEWTON-FALLBACK cycle=47910 time=9.013213e+05 (m,k,j,i)=(0,3,29,114) r=1.976557e+12 count=1.000000e+00
<rad_m1> NEWTON-FALLBACK cycle=47910 time=9.013213e+05 (m,k,j,i)=(0,3,30,740) r=6.192060e+12 count=1.000000e+00
<rad_m1> NEWTON-FALLBACK cycle=47910 time=9.013213e+05 (m,k,j,i)=(0,3,34,119) r=2.122829e+12 count=1.000000e+00
<rad_m1> NEWTON-FALLBACK cycle=47910 time=9.013213e+05 (m,k,j,i)=(0,3,39,617) r=5.566069e+12 count=1.000000e+00
<rad_m1> NEWTON-FALLBACK cycle=47910 time=9.013213e+05 (m,k,j,i)=(0,3,43,517) r=5.137185e+12 count=1.000000e+00
<rad_m1> NEWTON-FALLBACK cycle=47910 time=9.013213e+05 (m,k,j,i)=(0,3,47,126) r=2.333046e+12 count=1.000000e+00
<rad_m1> NEWTON-FALLBACK cycle=47910 time=901321 (m,k,j,i)=(0,3,11,497) r=5.05635e+12 count=1
<rad_m1> NEWTON-FALLBACK cycle=47910 time=901321 (m,k,j,i)=(0,3,18,524) r=5.16587e+12 count=1
<rad_m1> NEWTON-FALLBACK cycle=47910 time=901321 (m,k,j,i)=(0,3,39,531) r=5.19472e+12 count=1
<rad_m1> NEWTON-FALLBACK cycle=47910 time=901321 (m,k,j,i)=(0,3,50,840) r=7.04148e+12 count=1
<rad_m1> NEWTON-FALLBACK cycle=47910 time=901321 (m,k,j,i)=(0,3,55,542) r=5.24038e+12 count=1
<rad_m1> NEWTON-FALLBACK cycle=47910 time=901321 (m,k,j,i)=(0,3,56,541) r=5.23622e+12 count=1
<rad_m1> NEWTON-FALLBACK cycle=47910 time=901321 (m,k,j,i)=(0,3,59,547) r=5.26126e+12 count=1
<rad_m1> NEWTON-FALLBACK cycle=47910 time=901321 (m,k,j,i)=(0,3,60,548) r=5.26545e+12 count=1
elapsed=1.572540e+02 cycle=47911 time=9.013399e+05 dt=1.858163e+01
<rad_m1> NEWTON-FALLBACK cycle=47911 time=9.013399e+05 (m,k,j,i)=(0,3,15,679) r=5.868779e+12 count=1.000000e+00
<rad_m1> NEWTON-FALLBACK cycle=47911 time=9.013399e+05 (m,k,j,i)=(0,3,26,509) r=5.104632e+12 count=1.000000e+00
<rad_m1> NEWTON-FALLBACK cycle=47911 time=9.013399e+05 (m,k,j,i)=(0,3,29,113) r=1.947772e+12 count=1.000000e+00
<rad_m1> NEWTON-FALLBACK cycle=47911 time=9.013399e+05 (m,k,j,i)=(0,3,33,118) r=2.093282e+12 count=1.000000e+00
<rad_m1> NEWTON-FALLBACK cycle=47911 time=9.013399e+05 (m,k,j,i)=(0,3,34,119) r=2.122829e+12 count=1.000000e+00
<rad_m1> NEWTON-FALLBACK cycle=47911 time=9.013399e+05 (m,k,j,i)=(0,3,34,523) r=5.161762e+12 count=1.000000e+00
<rad_m1> NEWTON-FALLBACK cycle=47911 time=9.013399e+05 (m,k,j,i)=(0,3,34,745) r=6.219545e+12 count=1.000000e+00
<rad_m1> NEWTON-FALLBACK cycle=47911 time=9.013399e+05 (m,k,j,i)=(0,3,41,579) r=5.397096e+12 count=1.000000e+00
<rad_m1> NEWTON-FALLBACK cycle=47911 time=901340 (m,k,j,i)=(0,3,4,502) r=5.07638e+12 count=1
<rad_m1> NEWTON-FALLBACK cycle=47911 time=901340 (m,k,j,i)=(0,3,6,578) r=5.39278e+12 count=1
<rad_m1> NEWTON-FALLBACK cycle=47911 time=901340 (m,k,j,i)=(0,3,6,579) r=5.3971e+12 count=1
<rad_m1> NEWTON-FALLBACK cycle=47911 time=901340 (m,k,j,i)=(0,3,38,521) r=5.15355e+12 count=1
<rad_m1> NEWTON-FALLBACK cycle=47911 time=901340 (m,k,j,i)=(0,3,39,505) r=5.08846e+12 count=1
<rad_m1> NEWTON-FALLBACK cycle=47911 time=901340 (m,k,j,i)=(0,3,51,556) r=5.29905e+12 count=1
<rad_m1> NEWTON-FALLBACK cycle=47911 time=901340 (m,k,j,i)=(0,4,7,589) r=5.44057e+12 count=1
<rad_m1> NEWTON-FALLBACK cycle=47911 time=901340 (m,k,j,i)=(0,4,7,590) r=5.44495e+12 count=1
elapsed=1.599389e+02 cycle=47912 time=9.013584e+05 dt=1.858207e+01
<rad_m1> NEWTON-FALLBACK cycle=47912 time=9.013584e+05 (m,k,j,i)=(0,3,6,418) r=4.766524e+12 count=1.000000e+00
<rad_m1> NEWTON-FALLBACK cycle=47912 time=9.013584e+05 (m,k,j,i)=(0,3,8,681) r=5.879069e+12 count=1.000000e+00
<rad_m1> NEWTON-FALLBACK cycle=47912 time=9.013584e+05 (m,k,j,i)=(0,3,17,567) r=5.345649e+12 count=1.000000e+00
<rad_m1> NEWTON-FALLBACK cycle=47912 time=9.013584e+05 (m,k,j,i)=(0,3,18,558) r=5.307490e+12 count=1.000000e+00
<rad_m1> NEWTON-FALLBACK cycle=47912 time=9.013584e+05 (m,k,j,i)=(0,3,29,113) r=1.947772e+12 count=1.000000e+00
<rad_m1> NEWTON-FALLBACK cycle=47912 time=9.013584e+05 (m,k,j,i)=(0,3,29,453) r=4.887674e+12 count=1.000000e+00
<rad_m1> NEWTON-FALLBACK cycle=47912 time=9.013584e+05 (m,k,j,i)=(0,3,33,118) r=2.093282e+12 count=1.000000e+00
<rad_m1> NEWTON-FALLBACK cycle=47912 time=9.013584e+05 (m,k,j,i)=(0,3,40,533) r=5.202997e+12 count=1.000000e+00
<rad_m1> NEWTON-FALLBACK cycle=47912 time=901358 (m,k,j,i)=(0,3,7,524) r=5.16587e+12 count=1
<rad_m1> NEWTON-FALLBACK cycle=47912 time=901358 (m,k,j,i)=(0,3,7,685) r=5.89972e+12 count=1
<rad_m1> NEWTON-FALLBACK cycle=47912 time=901358 (m,k,j,i)=(0,3,10,547) r=5.26126e+12 count=1
<rad_m1> NEWTON-FALLBACK cycle=47912 time=901358 (m,k,j,i)=(0,3,13,546) r=5.25708e+12 count=1
<rad_m1> NEWTON-FALLBACK cycle=47912 time=901358 (m,k,j,i)=(0,3,15,420) r=4.77312e+12 count=1
<rad_m1> NEWTON-FALLBACK cycle=47912 time=901358 (m,k,j,i)=(0,3,15,717) r=6.06793e+12 count=1
<rad_m1> NEWTON-FALLBACK cycle=47912 time=901358 (m,k,j,i)=(0,3,17,556) r=5.29905e+12 count=1
<rad_m1> NEWTON-FALLBACK cycle=47912 time=901358 (m,k,j,i)=(0,3,29,699) r=5.97271e+12 count=1
elapsed=1.626930e+02 cycle=47913 time=9.013770e+05 dt=1.858257e+01
<rad_m1> NEWTON-FALLBACK cycle=47913 time=9.013770e+05 (m,k,j,i)=(0,3,6,577) r=5.388471e+12 count=1.000000e+00
<rad_m1> NEWTON-FALLBACK cycle=47913 time=9.013770e+05 (m,k,j,i)=(0,3,8,545) r=5.252900e+12 count=1.000000e+00
<rad_m1> NEWTON-FALLBACK cycle=47913 time=9.013770e+05 (m,k,j,i)=(0,3,10,564) r=5.332893e+12 count=1.000000e+00
<rad_m1> NEWTON-FALLBACK cycle=47913 time=9.013770e+05 (m,k,j,i)=(0,3,33,118) r=2.093282e+12 count=1.000000e+00
<rad_m1> NEWTON-FALLBACK cycle=47913 time=9.013770e+05 (m,k,j,i)=(0,3,35,119) r=2.122829e+12 count=1.000000e+00
<rad_m1> NEWTON-FALLBACK cycle=47913 time=9.013770e+05 (m,k,j,i)=(0,3,36,587) r=5.431824e+12 count=1.000000e+00
<rad_m1> NEWTON-FALLBACK cycle=47913 time=9.013770e+05 (m,k,j,i)=(0,3,38,122) r=2.212247e+12 count=1.000000e+00
<rad_m1> NEWTON-FALLBACK cycle=47913 time=9.013770e+05 (m,k,j,i)=(0,3,40,503) r=5.080402e+12 count=1.000000e+00
<rad_m1> NEWTON-FALLBACK cycle=47913 time=901377 (m,k,j,i)=(0,3,6,543) r=5.24455e+12 count=1
<rad_m1> NEWTON-FALLBACK cycle=47913 time=901377 (m,k,j,i)=(0,3,12,546) r=5.25708e+12 count=1
<rad_m1> NEWTON-FALLBACK cycle=47913 time=901377 (m,k,j,i)=(0,3,16,447) r=4.86601e+12 count=1
<rad_m1> NEWTON-FALLBACK cycle=47913 time=901377 (m,k,j,i)=(0,3,16,727) r=6.1215e+12 count=1
<rad_m1> NEWTON-FALLBACK cycle=47913 time=901377 (m,k,j,i)=(0,3,20,554) r=5.29063e+12 count=1
<rad_m1> NEWTON-FALLBACK cycle=47913 time=901377 (m,k,j,i)=(0,3,27,718) r=6.07326e+12 count=1
<rad_m1> NEWTON-FALLBACK cycle=47913 time=901377 (m,k,j,i)=(0,3,27,743) r=6.20852e+12 count=1
<rad_m1> NEWTON-FALLBACK cycle=47913 time=901377 (m,k,j,i)=(0,3,33,662) r=5.78245e+12 count=1
elapsed=1.653878e+02 cycle=47914 time=9.013956e+05 dt=1.858314e+01
<rad_m1> NEWTON-FALLBACK cycle=47914 time=901396 (m,k,j,i)=(0,3,3,493) r=5.04043e+12 count=1
<rad_m1> NEWTON-FALLBACK cycle=47914 time=901396 (m,k,j,i)=(0,3,5,535) r=5.21128e+12 count=1
<rad_m1> NEWTON-FALLBACK cycle=47914 time=901396 (m,k,j,i)=(0,3,9,516) r=5.1331e+12 count=1
<rad_m1> NEWTON-FALLBACK cycle=47914 time=901396 (m,k,j,i)=(0,3,10,515) r=5.12902e+12 count=1
<rad_m1> NEWTON-FALLBACK cycle=47914 time=901396 (m,k,j,i)=(0,3,14,567) r=5.34565e+12 count=1
<rad_m1> NEWTON-FALLBACK cycle=47914 time=901396 (m,k,j,i)=(0,3,14,571) r=5.36272e+12 count=1
<rad_m1> NEWTON-FALLBACK cycle=47914 time=901396 (m,k,j,i)=(0,3,14,572) r=5.367e+12 count=1
<rad_m1> NEWTON-FALLBACK cycle=47914 time=901396 (m,k,j,i)=(0,3,14,573) r=5.37128e+12 count=1
<rad_m1> NEWTON-FALLBACK cycle=47914 time=9.013956e+05 (m,k,j,i)=(0,3,10,520) r=5.149457e+12 count=1.000000e+00
<rad_m1> NEWTON-FALLBACK cycle=47914 time=9.013956e+05 (m,k,j,i)=(0,3,11,476) r=4.973912e+12 count=1.000000e+00
<rad_m1> NEWTON-FALLBACK cycle=47914 time=9.013956e+05 (m,k,j,i)=(0,3,17,557) r=5.303269e+12 count=1.000000e+00
<rad_m1> NEWTON-FALLBACK cycle=47914 time=9.013956e+05 (m,k,j,i)=(0,3,18,599) r=5.484691e+12 count=1.000000e+00
<rad_m1> NEWTON-FALLBACK cycle=47914 time=9.013956e+05 (m,k,j,i)=(0,3,19,557) r=5.303269e+12 count=1.000000e+00
<rad_m1> NEWTON-FALLBACK cycle=47914 time=9.013956e+05 (m,k,j,i)=(0,3,27,576) r=5.384167e+12 count=1.000000e+00
<rad_m1> NEWTON-FALLBACK cycle=47914 time=9.013956e+05 (m,k,j,i)=(0,3,35,119) r=2.122829e+12 count=1.000000e+00
<rad_m1> NEWTON-FALLBACK cycle=47914 time=9.013956e+05 (m,k,j,i)=(0,3,37,516) r=5.133102e+12 count=1.000000e+00
elapsed=1.680398e+02 cycle=47915 time=9.014142e+05 dt=1.858377e+01
<rad_m1> NEWTON-FALLBACK cycle=47915 time=9.014142e+05 (m,k,j,i)=(0,3,20,566) r=5.341393e+12 count=1.000000e+00
<rad_m1> NEWTON-FALLBACK cycle=47915 time=9.014142e+05 (m,k,j,i)=(0,3,20,572) r=5.367000e+12 count=1.000000e+00
<rad_m1> NEWTON-FALLBACK cycle=47915 time=9.014142e+05 (m,k,j,i)=(0,3,27,501) r=5.072363e+12 count=1.000000e+00
<rad_m1> NEWTON-FALLBACK cycle=47915 time=9.014142e+05 (m,k,j,i)=(0,3,28,503) r=5.080402e+12 count=1.000000e+00
<rad_m1> NEWTON-FALLBACK cycle=47915 time=9.014142e+05 (m,k,j,i)=(0,3,30,529) r=5.186464e+12 count=1.000000e+00
<rad_m1> NEWTON-FALLBACK cycle=47915 time=9.014142e+05 (m,k,j,i)=(0,3,32,513) r=5.120876e+12 count=1.000000e+00
<rad_m1> NEWTON-FALLBACK cycle=47915 time=9.014142e+05 (m,k,j,i)=(0,3,39,533) r=5.202997e+12 count=1.000000e+00
<rad_m1> NEWTON-FALLBACK cycle=47915 time=9.014142e+05 (m,k,j,i)=(0,3,46,125) r=2.302697e+12 count=1.000000e+00
<rad_m1> NEWTON-FALLBACK cycle=47915 time=901414 (m,k,j,i)=(0,3,7,570) r=5.35845e+12 count=1
<rad_m1> NEWTON-FALLBACK cycle=47915 time=901414 (m,k,j,i)=(0,3,13,447) r=4.86601e+12 count=1
<rad_m1> NEWTON-FALLBACK cycle=47915 time=901414 (m,k,j,i)=(0,3,21,583) r=5.41441e+12 count=1
<rad_m1> NEWTON-FALLBACK cycle=47915 time=901414 (m,k,j,i)=(0,3,22,547) r=5.26126e+12 count=1
<rad_m1> NEWTON-FALLBACK cycle=47915 time=901414 (m,k,j,i)=(0,3,34,522) r=5.15766e+12 count=1
<rad_m1> NEWTON-FALLBACK cycle=47915 time=901414 (m,k,j,i)=(0,3,35,549) r=5.26964e+12 count=1
<rad_m1> NEWTON-FALLBACK cycle=47915 time=901414 (m,k,j,i)=(0,3,36,550) r=5.27383e+12 count=1
<rad_m1> NEWTON-FALLBACK cycle=47915 time=901414 (m,k,j,i)=(0,3,40,556) r=5.29905e+12 count=1
elapsed=1.706910e+02 cycle=47916 time=9.014328e+05 dt=1.858447e+01
<rad_m1> NEWTON-FALLBACK cycle=47916 time=9.014328e+05 (m,k,j,i)=(0,3,3,522) r=5.157656e+12 count=1.000000e+00
<rad_m1> NEWTON-FALLBACK cycle=47916 time=9.014328e+05 (m,k,j,i)=(0,3,3,619) r=5.575283e+12 count=1.000000e+00
<rad_m1> NEWTON-FALLBACK cycle=47916 time=9.014328e+05 (m,k,j,i)=(0,3,3,621) r=5.584534e+12 count=1.000000e+00
<rad_m1> NEWTON-FALLBACK cycle=47916 time=9.014328e+05 (m,k,j,i)=(0,3,11,730) r=6.137684e+12 count=1.000000e+00
<rad_m1> NEWTON-FALLBACK cycle=47916 time=9.014328e+05 (m,k,j,i)=(0,3,19,679) r=5.868779e+12 count=1.000000e+00
<rad_m1> NEWTON-FALLBACK cycle=47916 time=9.014328e+05 (m,k,j,i)=(0,3,29,608) r=5.525042e+12 count=1.000000e+00
<rad_m1> NEWTON-FALLBACK cycle=47916 time=9.014328e+05 (m,k,j,i)=(0,3,38,500) r=5.068352e+12 count=1.000000e+00
<rad_m1> NEWTON-FALLBACK cycle=47916 time=9.014328e+05 (m,k,j,i)=(0,3,47,125) r=2.302697e+12 count=1.000000e+00
<rad_m1> NEWTON-FALLBACK cycle=47916 time=901433 (m,k,j,i)=(0,3,9,574) r=5.37557e+12 count=1
<rad_m1> NEWTON-FALLBACK cycle=47916 time=901433 (m,k,j,i)=(0,3,27,545) r=5.2529e+12 count=1
<rad_m1> NEWTON-FALLBACK cycle=47916 time=901433 (m,k,j,i)=(0,3,29,592) r=5.45373e+12 count=1
<rad_m1> NEWTON-FALLBACK cycle=47916 time=901433 (m,k,j,i)=(0,3,35,548) r=5.26545e+12 count=1
<rad_m1> NEWTON-FALLBACK cycle=47916 time=901433 (m,k,j,i)=(0,3,37,520) r=5.14946e+12 count=1
<rad_m1> NEWTON-FALLBACK cycle=47916 time=901433 (m,k,j,i)=(0,3,38,572) r=5.367e+12 count=1
<rad_m1> NEWTON-FALLBACK cycle=47916 time=901433 (m,k,j,i)=(0,3,48,836) r=6.94769e+12 count=1
<rad_m1> NEWTON-FALLBACK cycle=47916 time=901433 (m,k,j,i)=(0,3,51,521) r=5.15355e+12 count=1
elapsed=1.733418e+02 cycle=47917 time=9.014514e+05 dt=1.858523e+01
<rad_m1> NEWTON-FALLBACK cycle=47917 time=9.014514e+05 (m,k,j,i)=(0,3,4,571) r=5.362720e+12 count=1.000000e+00
<rad_m1> NEWTON-FALLBACK cycle=47917 time=9.014514e+05 (m,k,j,i)=(0,3,4,572) r=5.367000e+12 count=1.000000e+00
<rad_m1> NEWTON-FALLBACK cycle=47917 time=9.014514e+05 (m,k,j,i)=(0,3,4,573) r=5.371284e+12 count=1.000000e+00
<rad_m1> NEWTON-FALLBACK cycle=47917 time=9.014514e+05 (m,k,j,i)=(0,3,4,574) r=5.375573e+12 count=1.000000e+00
<rad_m1> NEWTON-FALLBACK cycle=47917 time=9.014514e+05 (m,k,j,i)=(0,3,4,576) r=5.384167e+12 count=1.000000e+00
<rad_m1> NEWTON-FALLBACK cycle=47917 time=9.014514e+05 (m,k,j,i)=(0,3,4,599) r=5.484691e+12 count=1.000000e+00
<rad_m1> NEWTON-FALLBACK cycle=47917 time=9.014514e+05 (m,k,j,i)=(0,3,5,575) r=5.379867e+12 count=1.000000e+00
<rad_m1> NEWTON-FALLBACK cycle=47917 time=9.014514e+05 (m,k,j,i)=(0,3,5,578) r=5.392781e+12 count=1.000000e+00
<rad_m1> NEWTON-FALLBACK cycle=47917 time=901451 (m,k,j,i)=(0,3,4,612) r=5.54319e+12 count=1
<rad_m1> NEWTON-FALLBACK cycle=47917 time=901451 (m,k,j,i)=(0,3,6,516) r=5.1331e+12 count=1
<rad_m1> NEWTON-FALLBACK cycle=47917 time=901451 (m,k,j,i)=(0,3,12,520) r=5.14946e+12 count=1
<rad_m1> NEWTON-FALLBACK cycle=47917 time=901451 (m,k,j,i)=(0,3,18,552) r=5.28222e+12 count=1
<rad_m1> NEWTON-FALLBACK cycle=47917 time=901451 (m,k,j,i)=(0,3,29,546) r=5.25708e+12 count=1
<rad_m1> NEWTON-FALLBACK cycle=47917 time=901451 (m,k,j,i)=(0,3,31,565) r=5.33714e+12 count=1
<rad_m1> NEWTON-FALLBACK cycle=47917 time=901451 (m,k,j,i)=(0,3,31,572) r=5.367e+12 count=1
<rad_m1> NEWTON-FALLBACK cycle=47917 time=901451 (m,k,j,i)=(0,3,31,573) r=5.37128e+12 count=1
elapsed=1.760517e+02 cycle=47918 time=9.014699e+05 dt=1.858605e+01
<rad_m1> NEWTON-FALLBACK cycle=47918 time=901470 (m,k,j,i)=(0,3,3,541) r=5.23622e+12 count=1
<rad_m1> NEWTON-FALLBACK cycle=47918 time=901470 (m,k,j,i)=(0,3,3,542) r=5.24038e+12 count=1
<rad_m1> NEWTON-FALLBACK cycle=47918 time=901470 (m,k,j,i)=(0,3,3,543) r=5.24455e+12 count=1
<rad_m1> NEWTON-FALLBACK cycle=47918 time=901470 (m,k,j,i)=(0,3,3,563) r=5.32865e+12 count=1
<rad_m1> NEWTON-FALLBACK cycle=47918 time=901470 (m,k,j,i)=(0,3,3,605) r=5.51152e+12 count=1
<rad_m1> NEWTON-FALLBACK cycle=47918 time=901470 (m,k,j,i)=(0,3,4,547) r=5.26126e+12 count=1
<rad_m1> NEWTON-FALLBACK cycle=47918 time=901470 (m,k,j,i)=(0,3,4,548) r=5.26545e+12 count=1
<rad_m1> NEWTON-FALLBACK cycle=47918 time=901470 (m,k,j,i)=(0,3,4,549) r=5.26964e+12 count=1
<rad_m1> NEWTON-FALLBACK cycle=47918 time=9.014699e+05 (m,k,j,i)=(0,3,3,457) r=4.902317e+12 count=1.000000e+00
<rad_m1> NEWTON-FALLBACK cycle=47918 time=9.014699e+05 (m,k,j,i)=(0,3,3,589) r=5.440567e+12 count=1.000000e+00
<rad_m1> NEWTON-FALLBACK cycle=47918 time=9.014699e+05 (m,k,j,i)=(0,3,3,597) r=5.475809e+12 count=1.000000e+00
<rad_m1> NEWTON-FALLBACK cycle=47918 time=9.014699e+05 (m,k,j,i)=(0,3,3,599) r=5.484691e+12 count=1.000000e+00
<rad_m1> NEWTON-FALLBACK cycle=47918 time=9.014699e+05 (m,k,j,i)=(0,3,3,607) r=5.520526e+12 count=1.000000e+00
<rad_m1> NEWTON-FALLBACK cycle=47918 time=9.014699e+05 (m,k,j,i)=(0,3,3,608) r=5.525042e+12 count=1.000000e+00
<rad_m1> NEWTON-FALLBACK cycle=47918 time=9.014699e+05 (m,k,j,i)=(0,3,3,609) r=5.529566e+12 count=1.000000e+00
<rad_m1> NEWTON-FALLBACK cycle=47918 time=9.014699e+05 (m,k,j,i)=(0,3,4,546) r=5.257079e+12 count=1.000000e+00
elapsed=1.786059e+02 cycle=47919 time=9.014885e+05 dt=1.858693e+01
<rad_m1> NEWTON-FALLBACK cycle=47919 time=9.014885e+05 (m,k,j,i)=(0,3,3,578) r=5.392781e+12 count=1.000000e+00
<rad_m1> NEWTON-FALLBACK cycle=47919 time=9.014885e+05 (m,k,j,i)=(0,3,3,591) r=5.449337e+12 count=1.000000e+00
<rad_m1> NEWTON-FALLBACK cycle=47919 time=9.014885e+05 (m,k,j,i)=(0,3,3,592) r=5.453731e+12 count=1.000000e+00
<rad_m1> NEWTON-FALLBACK cycle=47919 time=9.014885e+05 (m,k,j,i)=(0,3,3,593) r=5.458133e+12 count=1.000000e+00
<rad_m1> NEWTON-FALLBACK cycle=47919 time=9.014885e+05 (m,k,j,i)=(0,3,3,594) r=5.462541e+12 count=1.000000e+00
<rad_m1> NEWTON-FALLBACK cycle=47919 time=9.014885e+05 (m,k,j,i)=(0,3,3,595) r=5.466957e+12 count=1.000000e+00
<rad_m1> NEWTON-FALLBACK cycle=47919 time=9.014885e+05 (m,k,j,i)=(0,3,3,596) r=5.471379e+12 count=1.000000e+00
<rad_m1> NEWTON-FALLBACK cycle=47919 time=9.014885e+05 (m,k,j,i)=(0,3,3,597) r=5.475809e+12 count=1.000000e+00
<rad_m1> NEWTON-FALLBACK cycle=47919 time=901489 (m,k,j,i)=(0,3,3,511) r=5.11275e+12 count=1
<rad_m1> NEWTON-FALLBACK cycle=47919 time=901489 (m,k,j,i)=(0,3,8,537) r=5.21958e+12 count=1
<rad_m1> NEWTON-FALLBACK cycle=47919 time=901489 (m,k,j,i)=(0,3,11,684) r=5.89455e+12 count=1
<rad_m1> NEWTON-FALLBACK cycle=47919 time=901489 (m,k,j,i)=(0,3,12,568) r=5.34991e+12 count=1
<rad_m1> NEWTON-FALLBACK cycle=47919 time=901489 (m,k,j,i)=(0,3,15,580) r=5.40142e+12 count=1
<rad_m1> NEWTON-FALLBACK cycle=47919 time=901489 (m,k,j,i)=(0,3,16,583) r=5.41441e+12 count=1
<rad_m1> NEWTON-FALLBACK cycle=47919 time=901489 (m,k,j,i)=(0,3,17,579) r=5.3971e+12 count=1
<rad_m1> NEWTON-FALLBACK cycle=47919 time=901489 (m,k,j,i)=(0,3,23,591) r=5.44934e+12 count=1
elapsed=1.812589e+02 cycle=47920 time=9.015071e+05 dt=1.858782e+01
<rad_m1> NEWTON-FALLBACK cycle=47920 time=9.015071e+05 (m,k,j,i)=(0,3,7,520) r=5.149457e+12 count=1.000000e+00
<rad_m1> NEWTON-FALLBACK cycle=47920 time=9.015071e+05 (m,k,j,i)=(0,3,7,664) r=5.792491e+12 count=1.000000e+00
<rad_m1> NEWTON-FALLBACK cycle=47920 time=9.015071e+05 (m,k,j,i)=(0,3,17,628) r=5.617204e+12 count=1.000000e+00
<rad_m1> NEWTON-FALLBACK cycle=47920 time=9.015071e+05 (m,k,j,i)=(0,3,20,719) r=6.078604e+12 count=1.000000e+00
<rad_m1> NEWTON-FALLBACK cycle=47920 time=9.015071e+05 (m,k,j,i)=(0,3,29,116) r=2.034615e+12 count=1.000000e+00
<rad_m1> NEWTON-FALLBACK cycle=47920 time=9.015071e+05 (m,k,j,i)=(0,3,31,117) r=2.063875e+12 count=1.000000e+00
<rad_m1> NEWTON-FALLBACK cycle=47920 time=9.015071e+05 (m,k,j,i)=(0,3,34,118) r=2.093282e+12 count=1.000000e+00
<rad_m1> NEWTON-FALLBACK cycle=47920 time=9.015071e+05 (m,k,j,i)=(0,3,35,120) r=2.152510e+12 count=1.000000e+00
<rad_m1> NEWTON-FALLBACK cycle=47920 time=901507 (m,k,j,i)=(0,3,20,42) r=5.73946e+11 count=1
<rad_m1> NEWTON-FALLBACK cycle=47920 time=901507 (m,k,j,i)=(0,3,21,707) r=6.01485e+12 count=1
<rad_m1> NEWTON-FALLBACK cycle=47920 time=901507 (m,k,j,i)=(0,3,29,752) r=6.25842e+12 count=1
<rad_m1> NEWTON-FALLBACK cycle=47920 time=901507 (m,k,j,i)=(0,3,31,517) r=5.13718e+12 count=1
<rad_m1> NEWTON-FALLBACK cycle=47920 time=901507 (m,k,j,i)=(0,3,42,839) r=7.01626e+12 count=1
<rad_m1> NEWTON-FALLBACK cycle=47920 time=901507 (m,k,j,i)=(0,3,51,64) r=8.39717e+11 count=1
<rad_m1> NEWTON-FALLBACK cycle=47920 time=901507 (m,k,j,i)=(0,3,53,546) r=5.25708e+12 count=1
<rad_m1> NEWTON-FALLBACK cycle=47920 time=901507 (m,k,j,i)=(0,4,7,416) r=4.75997e+12 count=1
elapsed=1.872770e+02 cycle=47921 time=9.015257e+05 dt=1.858862e+01

Terminating on cycle limit
time=9.015257e+05 cycle=47921
tlim=2.592000e+06 nlim=47921

MeshBlock-cycles = 240
cpu time used  = 1.695856e+02
zone-cycles/cpu_second = 5.199657e+06
particle-updates/cpu_second = 0.000000e+00
<rad_m1> closure = vet_col: 6.000000e+01 tensor builds (0.000000e+00 skipped), 9.059615e-03 s (rank 0, fenced), 1.509936e-01 ms per build
<rad_m1> vet_col_lat: 6.000000e+01 sweeps (incl. the first build's 3 inflow iterations), 4.823091e+01 s (rank 0, fenced), 8.038485e+02 ms per sweep; lateral reads clamped to the ghost band (rank 0, all sweeps): 0.000000e+00
<rad_m1> vet_gd: rank 0 fenced seconds: source 1.372917e+00, sweeps 4.555988e+01 (of which per-shell halo+walls 4.532046e+01, of which MPI wait 1.580051e+01), tables (rotation) 1.113898e+00, uniform twin 0.000000e+00, moments 1.809518e-01; in-solve rebuilds 0.000000e+00 (0.000000e+00 s)
<rad_m1> vet_gd halo (rank 0): exchanges 4.855600e+04, bytes sent 1.233073e+11 (2.539487e+06 per exchange), post 1.369158e-01 s, partners 1; band-clamped lateral reads (ALL ranks, all sweeps) 0.000000e+00
<rad_m1> implicit energy solve: cells=0.000000e+00 iterations mean=0.000000e+00 max=0.000000e+00 FAILURES=0.000000e+00 (no bracket: 0.000000e+00)
<rad_m1> implicit transport: solves=6.000000e+01 Picard iterations mean=1.850000e+01 max=4.200000e+01 NON-CONVERGED=0.000000e+00
<rad_m1> implicit_gas_newton_switch=10 (min pass 20): solves switched to the root find=0.000000e+00
<rad_m1> implicit_opac_newton_guard=5.000000e-01: Newton face terms dropped (all ranks, all passes)=1.802456e+07 per solve=3.004093e+05
<rad_m1> m1-positivity: implicit_g0_exchange=1 implicit_g0_limit=1.000000e+00 clipped cell-passes=1.342626e+08 | implicit_pos_gas=1 (frac 1.000000e-03) cell-solves=2.428779e+07 energy moved rad->gas=9.242757e+34 | E floor raises cell-solves=0.000000e+00 energy from gas=0.000000e+00 energy created=0.000000e+00 (code units x volume) | |F| > c E scaled back cell-solves=5.917838e+07 sum(|F|/(cE) - 1)=1.210339e+07
<rad_m1> implicit transverse (bicgstab): final 7-point linear residual mean=3.853492e-16 max=4.978613e-16 tol=1.000000e-10
<rad_m1> bicgstab: outer passes=1.110000e+03 linear solves=1.110000e+03 inner iterations mean=4.418018e+00 max=5.800000e+01 total=4.904000e+03
<rad_m1> bicgstab: breakdowns=0.000000e+00 line_jacobi fallbacks=0.000000e+00 global reductions=1.693200e+04 (3.452692e+00 per inner iteration)
<rad_m1> gas coupling: newton=true eos_cache=false cell-passes=1.631306e+10 newton fallbacks=5.782600e+05 (3.544768e-05 per cell-pass)
<rad_m1> offdiag=none closure_relax=1.000000e+00 closure_lag=step positivity fallbacks=0.000000e+00 min E from the solve=-1.298882e+03
<rad_m1> floor clips (all ranks, every solve incl. BE): solved E <= e_floor cell-solves=0.000000e+00 written-back gas eint <= 0 cell-solves=0.000000e+00
