# AthenaK stellar Planck opacity table, log10 kappa_P [cm^2/g] on (log10 T[K], log10 rho[g/cm3])
# source: LANL TOPS/ATOMIC gray means (fetch_tops.py), He giant M2pt754_Porb100 profile29, made by blend_tables.py
# COMPOSITION BLEND in log T: log k = (1-w) log k_surf + w log k_env, w = clip((logT - 4.60)/0.85, 0, 1)
# env (r 10 Rsun): Y 0.9265 C 0.0327 N 0.00424 O 0.0159 Ne 0.0143 Mg 0.0030 Z 0.0735; surf (r 61 Rsun): Y 0.9710 C 0.00483 N 0.0119 O 0.00261 Ne 0.00329 Mg 0.00297 Z 0.0290; Na and heavier GS98 at Zbase 0.02 in both
# VALID BOX: log T 3.764..7.065, log rho -18.00..0.00 -- outside it the values are EDGE-FILLED and are NOT data.
# The Planck mean EXCLUDES scattering; the Rosseland mean includes it.
# Read with <hydro>/rad_kappa_src = table_rho.
# grid: nT nD lTmin dlT lDmin dlD
# 217 361 2.6 0.025 -18 0.05
# then nT*nD rows, T slowest: log10 kappa [cm^2/g]
2.34467
2.34467
2.34467
2.34467
2.34467
2.34467
2.34467
2.34467
2.34467
2.34467
2.34467
2.34467
2.34467
2.34467
2.34467
2.34467
2.34467
2.34467
2.34467
2.34467
2.34467
2.34467
2.34467
2.34467
2.34467
2.34467
2.34467
2.34467
2.34467
2.34467
2.34467
2.34467
2.34467
2.34467
2.34467
2.34467
2.34467
2.34467
2.34467
2.34467
2.34467
2.34467
2.34467
2.34467
2.34467
2.34467
2.34467
2.34467
2.34467
2.34467
2.34467
2.34467
2.34467
2.34467
2.34467
2.34467
2.34467
2.34467
2.34467
2.34467
2.34467
2.34467
2.34467
2.34467
2.34467
2.34467
2.34467
2.34467
2.34467
2.34467
2.34467
2.34467
2.34467
2.34467
2.34467
2.34467
2.34467
2.34467
2.34467
2.34467
2.34467
2.34467
2.34467
2.34467
2.34467
2.34467
2.34467
2.34467
2.34467
2.34467
2.34467
2.34467
2.34467
2.34467
2.34467
2.34467
2.34467
2.35192
2.35918
2.36643
2.37368
2.38923
2.40478
2.42033
2.43588
2.45101
2.46614
2.48127
2.49640
2.50300
2.50960
2.51620
2.52280
2.53226
2.54172
2.55118
2.56064
2.56294
2.56524
2.56754
2.56984
2.57340
2.57695
2.58051
2.58406
2.58605
2.58803
2.59002
2.59201
2.59310
2.59419
2.59529
2.59638
2.59770
2.59903
2.60035
2.60168
2.60198
2.60228
2.60258
2.60288
2.60336
2.60384
2.60431
2.60479
2.60511
2.60543
2.60576
2.60608
2.60621
2.60634
2.60648
2.60661
2.60682
2.60703
2.60723
2.60744
2.60751
2.60758
2.60765
2.60771
2.60779
2.60786
2.60794
2.60801
2.60810
2.60819
2.60829
2.60838
2.60843
2.60849
2.60854
2.60860
2.60869
2.60878
2.60887
2.60895
2.60906
2.60917
2.60927
2.60938
2.60952
2.60966
2.60980
2.60994
2.61016
2.61038
2.61060
2.61082
2.61096
2.61111
2.61125
2.61139
2.61155
2.61171
2.61187
2.61203
2.61228
2.61253
2.61278
2.61303
2.61351
2.61398
2.61446
2.61494
2.61570
2.61645
2.61721
2.61796
2.61912
2.62028
2.62144
2.62260
2.62436
2.62612
2.62787
2.62963
2.63237
2.63510
2.63783
2.64056
2.64443
2.64830
2.65217
2.65604
2.66190
2.66776
2.67362
2.67948
2.68739
2.69529
2.70319
2.71110
2.72212
2.73314
2.74416
2.75518
2.76919
2.78320
2.79721
2.81122
2.82714
2.84306
2.85898
2.87490
2.89615
2.91740
2.93864
2.95989
2.97563
2.99137
3.00710
3.02284
3.04252
3.06221
3.08189
3.10157
3.12095
3.14033
3.15971
3.17909
3.18673
3.19437
3.20201
3.20965
3.22075
3.23186
3.24296
3.25406
3.26366
3.27326
3.28286
3.29245
3.28968
3.28690
3.28413
3.28135
3.27680
3.27226
3.26771
3.26316
3.25554
3.24791
3.24029
3.23267
3.22849
3.22431
3.22013
3.21595
3.21015
3.20434
3.19854
3.19274
3.18284
3.17294
3.16304
3.15314
3.13941
3.12567
3.11193
3.09819
3.09776
3.09733
3.09689
3.09646
3.09577
3.09508
3.09439
3.09370
3.09260
3.09150
3.09040
3.08930
3.08826
3.08721
3.08616
3.08511
3.08550
3.08590
3.08629
3.08668
3.08731
3.08794
3.08857
3.08920
3.09018
3.09117
3.09216
3.09314
3.09385
3.09456
3.09526
3.09597
3.09544
3.09491
3.09437
3.09384
3.09298
3.09212
3.09126
3.09040
3.08903
3.08767
3.08630
3.08493
3.08207
3.07922
3.07636
3.07350
3.06826
3.06302
3.05778
3.05254
3.04367
3.03481
3.02594
3.01708
3.00022
2.98337
2.96651
2.94966
2.34467
2.34467
2.34467
2.34467
2.34467
2.34467
2.34467
2.34467
2.34467
2.34467
2.34467
2.34467
2.34467
2.34467
2.34467
2.34467
2.34467
2.34467
2.34467
2.34467
2.34467
2.34467
2.34467
2.34467
2.34467
2.34467
2.34467
2.34467
2.34467
2.34467
2.34467
2.34467
2.34467
2.34467
2.34467
2.34467
2.34467
2.34467
2.34467
2.34467
2.34467
2.34467
2.34467
2.34467
2.34467
2.34467
2.34467
2.34467
2.34467
2.34467
2.34467
2.34467
2.34467
2.34467
2.34467
2.34467
2.34467
2.34467
2.34467
2.34467
2.34467
2.34467
2.34467
2.34467
2.34467
2.34467
2.34467
2.34467
2.34467
2.34467
2.34467
2.34467
2.34467
2.34467
2.34467
2.34467
2.34467
2.34467
2.34467
2.34467
2.34467
2.34467
2.34467
2.34467
2.34467
2.34467
2.34467
2.34467
2.34467
2.34467
2.34467
2.34467
2.34467
2.34467
2.34467
2.34467
2.34467
2.35192
2.35918
2.36643
2.37368
2.38923
2.40478
2.42033
2.43588
2.45101
2.46614
2.48127
2.49640
2.50300
2.50960
2.51620
2.52280
2.53226
2.54172
2.55118
2.56064
2.56294
2.56524
2.56754
2.56984
2.57340
2.57695
2.58051
2.58406
2.58605
2.58803
2.59002
2.59201
2.59310
2.59419
2.59529
2.59638
2.59770
2.59903
2.60035
2.60168
2.60198
2.60228
2.60258
2.60288
2.60336
2.60384
2.60431
2.60479
2.60511
2.60543
2.60576
2.60608
2.60621
2.60634
2.60648
2.60661
2.60682
2.60703
2.60723
2.60744
2.60751
2.60758
2.60765
2.60771
2.60779
2.60786
2.60794
2.60801
2.60810
2.60819
2.60829
2.60838
2.60843
2.60849
2.60854
2.60860
2.60869
2.60878
2.60887
2.60895
2.60906
2.60917
2.60927
2.60938
2.60952
2.60966
2.60980
2.60994
2.61016
2.61038
2.61060
2.61082
2.61096
2.61111
2.61125
2.61139
2.61155
2.61171
2.61187
2.61203
2.61228
2.61253
2.61278
2.61303
2.61351
2.61398
2.61446
2.61494
2.61570
2.61645
2.61721
2.61796
2.61912
2.62028
2.62144
2.62260
2.62436
2.62612
2.62787
2.62963
2.63237
2.63510
2.63783
2.64056
2.64443
2.64830
2.65217
2.65604
2.66190
2.66776
2.67362
2.67948
2.68739
2.69529
2.70319
2.71110
2.72212
2.73314
2.74416
2.75518
2.76919
2.78320
2.79721
2.81122
2.82714
2.84306
2.85898
2.87490
2.89615
2.91740
2.93864
2.95989
2.97563
2.99137
3.00710
3.02284
3.04252
3.06221
3.08189
3.10157
3.12095
3.14033
3.15971
3.17909
3.18673
3.19437
3.20201
3.20965
3.22075
3.23186
3.24296
3.25406
3.26366
3.27326
3.28286
3.29245
3.28968
3.28690
3.28413
3.28135
3.27680
3.27226
3.26771
3.26316
3.25554
3.24791
3.24029
3.23267
3.22849
3.22431
3.22013
3.21595
3.21015
3.20434
3.19854
3.19274
3.18284
3.17294
3.16304
3.15314
3.13941
3.12567
3.11193
3.09819
3.09776
3.09733
3.09689
3.09646
3.09577
3.09508
3.09439
3.09370
3.09260
3.09150
3.09040
3.08930
3.08826
3.08721
3.08616
3.08511
3.08550
3.08590
3.08629
3.08668
3.08731
3.08794
3.08857
3.08920
3.09018
3.09117
3.09216
3.09314
3.09385
3.09456
3.09526
3.09597
3.09544
3.09491
3.09437
3.09384
3.09298
3.09212
3.09126
3.09040
3.08903
3.08767
3.08630
3.08493
3.08207
3.07922
3.07636
3.07350
3.06826
3.06302
3.05778
3.05254
3.04367
3.03481
3.02594
3.01708
3.00022
2.98337
2.96651
2.94966
2.34467
2.34467
2.34467
2.34467
2.34467
2.34467
2.34467
2.34467
2.34467
2.34467
2.34467
2.34467
2.34467
2.34467
2.34467
2.34467
2.34467
2.34467
2.34467
2.34467
2.34467
2.34467
2.34467
2.34467
2.34467
2.34467
2.34467
2.34467
2.34467
2.34467
2.34467
2.34467
2.34467
2.34467
2.34467
2.34467
2.34467
2.34467
2.34467
2.34467
2.34467
2.34467
2.34467
2.34467
2.34467
2.34467
2.34467
2.34467
2.34467
2.34467
2.34467
2.34467
2.34467
2.34467
2.34467
2.34467
2.34467
2.34467
2.34467
2.34467
2.34467
2.34467
2.34467
2.34467
2.34467
2.34467
2.34467
2.34467
2.34467
2.34467
2.34467
2.34467
2.34467
2.34467
2.34467
2.34467
2.34467
2.34467
2.34467
2.34467
2.34467
2.34467
2.34467
2.34467
2.34467
2.34467
2.34467
2.34467
2.34467
2.34467
2.34467
2.34467
2.34467
2.34467
2.34467
2.34467
2.34467
2.35192
2.35918
2.36643
2.37368
2.38923
2.40478
2.42033
2.43588
2.45101
2.46614
2.48127
2.49640
2.50300
2.50960
2.51620
2.52280
2.53226
2.54172
2.55118
2.56064
2.56294
2.56524
2.56754
2.56984
2.57340
2.57695
2.58051
2.58406
2.58605
2.58803
2.59002
2.59201
2.59310
2.59419
2.59529
2.59638
2.59770
2.59903
2.60035
2.60168
2.60198
2.60228
2.60258
2.60288
2.60336
2.60384
2.60431
2.60479
2.60511
2.60543
2.60576
2.60608
2.60621
2.60634
2.60648
2.60661
2.60682
2.60703
2.60723
2.60744
2.60751
2.60758
2.60765
2.60771
2.60779
2.60786
2.60794
2.60801
2.60810
2.60819
2.60829
2.60838
2.60843
2.60849
2.60854
2.60860
2.60869
2.60878
2.60887
2.60895
2.60906
2.60917
2.60927
2.60938
2.60952
2.60966
2.60980
2.60994
2.61016
2.61038
2.61060
2.61082
2.61096
2.61111
2.61125
2.61139
2.61155
2.61171
2.61187
2.61203
2.61228
2.61253
2.61278
2.61303
2.61351
2.61398
2.61446
2.61494
2.61570
2.61645
2.61721
2.61796
2.61912
2.62028
2.62144
2.62260
2.62436
2.62612
2.62787
2.62963
2.63237
2.63510
2.63783
2.64056
2.64443
2.64830
2.65217
2.65604
2.66190
2.66776
2.67362
2.67948
2.68739
2.69529
2.70319
2.71110
2.72212
2.73314
2.74416
2.75518
2.76919
2.78320
2.79721
2.81122
2.82714
2.84306
2.85898
2.87490
2.89615
2.91740
2.93864
2.95989
2.97563
2.99137
3.00710
3.02284
3.04252
3.06221
3.08189
3.10157
3.12095
3.14033
3.15971
3.17909
3.18673
3.19437
3.20201
3.20965
3.22075
3.23186
3.24296
3.25406
3.26366
3.27326
3.28286
3.29245
3.28968
3.28690
3.28413
3.28135
3.27680
3.27226
3.26771
3.26316
3.25554
3.24791
3.24029
3.23267
3.22849
3.22431
3.22013
3.21595
3.21015
3.20434
3.19854
3.19274
3.18284
3.17294
3.16304
3.15314
3.13941
3.12567
3.11193
3.09819
3.09776
3.09733
3.09689
3.09646
3.09577
3.09508
3.09439
3.09370
3.09260
3.09150
3.09040
3.08930
3.08826
3.08721
3.08616
3.08511
3.08550
3.08590
3.08629
3.08668
3.08731
3.08794
3.08857
3.08920
3.09018
3.09117
3.09216
3.09314
3.09385
3.09456
3.09526
3.09597
3.09544
3.09491
3.09437
3.09384
3.09298
3.09212
3.09126
3.09040
3.08903
3.08767
3.08630
3.08493
3.08207
3.07922
3.07636
3.07350
3.06826
3.06302
3.05778
3.05254
3.04367
3.03481
3.02594
3.01708
3.00022
2.98337
2.96651
2.94966
2.34467
2.34467
2.34467
2.34467
2.34467
2.34467
2.34467
2.34467
2.34467
2.34467
2.34467
2.34467
2.34467
2.34467
2.34467
2.34467
2.34467
2.34467
2.34467
2.34467
2.34467
2.34467
2.34467
2.34467
2.34467
2.34467
2.34467
2.34467
2.34467
2.34467
2.34467
2.34467
2.34467
2.34467
2.34467
2.34467
2.34467
2.34467
2.34467
2.34467
2.34467
2.34467
2.34467
2.34467
2.34467
2.34467
2.34467
2.34467
2.34467
2.34467
2.34467
2.34467
2.34467
2.34467
2.34467
2.34467
2.34467
2.34467
2.34467
2.34467
2.34467
2.34467
2.34467
2.34467
2.34467
2.34467
2.34467
2.34467
2.34467
2.34467
2.34467
2.34467
2.34467
2.34467
2.34467
2.34467
2.34467
2.34467
2.34467
2.34467
2.34467
2.34467
2.34467
2.34467
2.34467
2.34467
2.34467
2.34467
2.34467
2.34467
2.34467
2.34467
2.34467
2.34467
2.34467
2.34467
2.34467
2.35192
2.35918
2.36643
2.37368
2.38923
2.40478
2.42033
2.43588
2.45101
2.46614
2.48127
2.49640
2.50300
2.50960
2.51620
2.52280
2.53226
2.54172
2.55118
2.56064
2.56294
2.56524
2.56754
2.56984
2.57340
2.57695
2.58051
2.58406
2.58605
2.58803
2.59002
2.59201
2.59310
2.59419
2.59529
2.59638
2.59770
2.59903
2.60035
2.60168
2.60198
2.60228
2.60258
2.60288
2.60336
2.60384
2.60431
2.60479
2.60511
2.60543
2.60576
2.60608
2.60621
2.60634
2.60648
2.60661
2.60682
2.60703
2.60723
2.60744
2.60751
2.60758
2.60765
2.60771
2.60779
2.60786
2.60794
2.60801
2.60810
2.60819
2.60829
2.60838
2.60843
2.60849
2.60854
2.60860
2.60869
2.60878
2.60887
2.60895
2.60906
2.60917
2.60927
2.60938
2.60952
2.60966
2.60980
2.60994
2.61016
2.61038
2.61060
2.61082
2.61096
2.61111
2.61125
2.61139
2.61155
2.61171
2.61187
2.61203
2.61228
2.61253
2.61278
2.61303
2.61351
2.61398
2.61446
2.61494
2.61570
2.61645
2.61721
2.61796
2.61912
2.62028
2.62144
2.62260
2.62436
2.62612
2.62787
2.62963
2.63237
2.63510
2.63783
2.64056
2.64443
2.64830
2.65217
2.65604
2.66190
2.66776
2.67362
2.67948
2.68739
2.69529
2.70319
2.71110
2.72212
2.73314
2.74416
2.75518
2.76919
2.78320
2.79721
2.81122
2.82714
2.84306
2.85898
2.87490
2.89615
2.91740
2.93864
2.95989
2.97563
2.99137
3.00710
3.02284
3.04252
3.06221
3.08189
3.10157
3.12095
3.14033
3.15971
3.17909
3.18673
3.19437
3.20201
3.20965
3.22075
3.23186
3.24296
3.25406
3.26366
3.27326
3.28286
3.29245
3.28968
3.28690
3.28413
3.28135
3.27680
3.27226
3.26771
3.26316
3.25554
3.24791
3.24029
3.23267
3.22849
3.22431
3.22013
3.21595
3.21015
3.20434
3.19854
3.19274
3.18284
3.17294
3.16304
3.15314
3.13941
3.12567
3.11193
3.09819
3.09776
3.09733
3.09689
3.09646
3.09577
3.09508
3.09439
3.09370
3.09260
3.09150
3.09040
3.08930
3.08826
3.08721
3.08616
3.08511
3.08550
3.08590
3.08629
3.08668
3.08731
3.08794
3.08857
3.08920
3.09018
3.09117
3.09216
3.09314
3.09385
3.09456
3.09526
3.09597
3.09544
3.09491
3.09437
3.09384
3.09298
3.09212
3.09126
3.09040
3.08903
3.08767
3.08630
3.08493
3.08207
3.07922
3.07636
3.07350
3.06826
3.06302
3.05778
3.05254
3.04367
3.03481
3.02594
3.01708
3.00022
2.98337
2.96651
2.94966
2.34467
2.34467
2.34467
2.34467
2.34467
2.34467
2.34467
2.34467
2.34467
2.34467
2.34467
2.34467
2.34467
2.34467
2.34467
2.34467
2.34467
2.34467
2.34467
2.34467
2.34467
2.34467
2.34467
2.34467
2.34467
2.34467
2.34467
2.34467
2.34467
2.34467
2.34467
2.34467
2.34467
2.34467
2.34467
2.34467
2.34467
2.34467
2.34467
2.34467
2.34467
2.34467
2.34467
2.34467
2.34467
2.34467
2.34467
2.34467
2.34467
2.34467
2.34467
2.34467
2.34467
2.34467
2.34467
2.34467
2.34467
2.34467
2.34467
2.34467
2.34467
2.34467
2.34467
2.34467
2.34467
2.34467
2.34467
2.34467
2.34467
2.34467
2.34467
2.34467
2.34467
2.34467
2.34467
2.34467
2.34467
2.34467
2.34467
2.34467
2.34467
2.34467
2.34467
2.34467
2.34467
2.34467
2.34467
2.34467
2.34467
2.34467
2.34467
2.34467
2.34467
2.34467
2.34467
2.34467
2.34467
2.35192
2.35918
2.36643
2.37368
2.38923
2.40478
2.42033
2.43588
2.45101
2.46614
2.48127
2.49640
2.50300
2.50960
2.51620
2.52280
2.53226
2.54172
2.55118
2.56064
2.56294
2.56524
2.56754
2.56984
2.57340
2.57695
2.58051
2.58406
2.58605
2.58803
2.59002
2.59201
2.59310
2.59419
2.59529
2.59638
2.59770
2.59903
2.60035
2.60168
2.60198
2.60228
2.60258
2.60288
2.60336
2.60384
2.60431
2.60479
2.60511
2.60543
2.60576
2.60608
2.60621
2.60634
2.60648
2.60661
2.60682
2.60703
2.60723
2.60744
2.60751
2.60758
2.60765
2.60771
2.60779
2.60786
2.60794
2.60801
2.60810
2.60819
2.60829
2.60838
2.60843
2.60849
2.60854
2.60860
2.60869
2.60878
2.60887
2.60895
2.60906
2.60917
2.60927
2.60938
2.60952
2.60966
2.60980
2.60994
2.61016
2.61038
2.61060
2.61082
2.61096
2.61111
2.61125
2.61139
2.61155
2.61171
2.61187
2.61203
2.61228
2.61253
2.61278
2.61303
2.61351
2.61398
2.61446
2.61494
2.61570
2.61645
2.61721
2.61796
2.61912
2.62028
2.62144
2.62260
2.62436
2.62612
2.62787
2.62963
2.63237
2.63510
2.63783
2.64056
2.64443
2.64830
2.65217
2.65604
2.66190
2.66776
2.67362
2.67948
2.68739
2.69529
2.70319
2.71110
2.72212
2.73314
2.74416
2.75518
2.76919
2.78320
2.79721
2.81122
2.82714
2.84306
2.85898
2.87490
2.89615
2.91740
2.93864
2.95989
2.97563
2.99137
3.00710
3.02284
3.04252
3.06221
3.08189
3.10157
3.12095
3.14033
3.15971
3.17909
3.18673
3.19437
3.20201
3.20965
3.22075
3.23186
3.24296
3.25406
3.26366
3.27326
3.28286
3.29245
3.28968
3.28690
3.28413
3.28135
3.27680
3.27226
3.26771
3.26316
3.25554
3.24791
3.24029
3.23267
3.22849
3.22431
3.22013
3.21595
3.21015
3.20434
3.19854
3.19274
3.18284
3.17294
3.16304
3.15314
3.13941
3.12567
3.11193
3.09819
3.09776
3.09733
3.09689
3.09646
3.09577
3.09508
3.09439
3.09370
3.09260
3.09150
3.09040
3.08930
3.08826
3.08721
3.08616
3.08511
3.08550
3.08590
3.08629
3.08668
3.08731
3.08794
3.08857
3.08920
3.09018
3.09117
3.09216
3.09314
3.09385
3.09456
3.09526
3.09597
3.09544
3.09491
3.09437
3.09384
3.09298
3.09212
3.09126
3.09040
3.08903
3.08767
3.08630
3.08493
3.08207
3.07922
3.07636
3.07350
3.06826
3.06302
3.05778
3.05254
3.04367
3.03481
3.02594
3.01708
3.00022
2.98337
2.96651
2.94966
2.34467
2.34467
2.34467
2.34467
2.34467
2.34467
2.34467
2.34467
2.34467
2.34467
2.34467
2.34467
2.34467
2.34467
2.34467
2.34467
2.34467
2.34467
2.34467
2.34467
2.34467
2.34467
2.34467
2.34467
2.34467
2.34467
2.34467
2.34467
2.34467
2.34467
2.34467
2.34467
2.34467
2.34467
2.34467
2.34467
2.34467
2.34467
2.34467
2.34467
2.34467
2.34467
2.34467
2.34467
2.34467
2.34467
2.34467
2.34467
2.34467
2.34467
2.34467
2.34467
2.34467
2.34467
2.34467
2.34467
2.34467
2.34467
2.34467
2.34467
2.34467
2.34467
2.34467
2.34467
2.34467
2.34467
2.34467
2.34467
2.34467
2.34467
2.34467
2.34467
2.34467
2.34467
2.34467
2.34467
2.34467
2.34467
2.34467
2.34467
2.34467
2.34467
2.34467
2.34467
2.34467
2.34467
2.34467
2.34467
2.34467
2.34467
2.34467
2.34467
2.34467
2.34467
2.34467
2.34467
2.34467
2.35192
2.35918
2.36643
2.37368
2.38923
2.40478
2.42033
2.43588
2.45101
2.46614
2.48127
2.49640
2.50300
2.50960
2.51620
2.52280
2.53226
2.54172
2.55118
2.56064
2.56294
2.56524
2.56754
2.56984
2.57340
2.57695
2.58051
2.58406
2.58605
2.58803
2.59002
2.59201
2.59310
2.59419
2.59529
2.59638
2.59770
2.59903
2.60035
2.60168
2.60198
2.60228
2.60258
2.60288
2.60336
2.60384
2.60431
2.60479
2.60511
2.60543
2.60576
2.60608
2.60621
2.60634
2.60648
2.60661
2.60682
2.60703
2.60723
2.60744
2.60751
2.60758
2.60765
2.60771
2.60779
2.60786
2.60794
2.60801
2.60810
2.60819
2.60829
2.60838
2.60843
2.60849
2.60854
2.60860
2.60869
2.60878
2.60887
2.60895
2.60906
2.60917
2.60927
2.60938
2.60952
2.60966
2.60980
2.60994
2.61016
2.61038
2.61060
2.61082
2.61096
2.61111
2.61125
2.61139
2.61155
2.61171
2.61187
2.61203
2.61228
2.61253
2.61278
2.61303
2.61351
2.61398
2.61446
2.61494
2.61570
2.61645
2.61721
2.61796
2.61912
2.62028
2.62144
2.62260
2.62436
2.62612
2.62787
2.62963
2.63237
2.63510
2.63783
2.64056
2.64443
2.64830
2.65217
2.65604
2.66190
2.66776
2.67362
2.67948
2.68739
2.69529
2.70319
2.71110
2.72212
2.73314
2.74416
2.75518
2.76919
2.78320
2.79721
2.81122
2.82714
2.84306
2.85898
2.87490
2.89615
2.91740
2.93864
2.95989
2.97563
2.99137
3.00710
3.02284
3.04252
3.06221
3.08189
3.10157
3.12095
3.14033
3.15971
3.17909
3.18673
3.19437
3.20201
3.20965
3.22075
3.23186
3.24296
3.25406
3.26366
3.27326
3.28286
3.29245
3.28968
3.28690
3.28413
3.28135
3.27680
3.27226
3.26771
3.26316
3.25554
3.24791
3.24029
3.23267
3.22849
3.22431
3.22013
3.21595
3.21015
3.20434
3.19854
3.19274
3.18284
3.17294
3.16304
3.15314
3.13941
3.12567
3.11193
3.09819
3.09776
3.09733
3.09689
3.09646
3.09577
3.09508
3.09439
3.09370
3.09260
3.09150
3.09040
3.08930
3.08826
3.08721
3.08616
3.08511
3.08550
3.08590
3.08629
3.08668
3.08731
3.08794
3.08857
3.08920
3.09018
3.09117
3.09216
3.09314
3.09385
3.09456
3.09526
3.09597
3.09544
3.09491
3.09437
3.09384
3.09298
3.09212
3.09126
3.09040
3.08903
3.08767
3.08630
3.08493
3.08207
3.07922
3.07636
3.07350
3.06826
3.06302
3.05778
3.05254
3.04367
3.03481
3.02594
3.01708
3.00022
2.98337
2.96651
2.94966
2.34467
2.34467
2.34467
2.34467
2.34467
2.34467
2.34467
2.34467
2.34467
2.34467
2.34467
2.34467
2.34467
2.34467
2.34467
2.34467
2.34467
2.34467
2.34467
2.34467
2.34467
2.34467
2.34467
2.34467
2.34467
2.34467
2.34467
2.34467
2.34467
2.34467
2.34467
2.34467
2.34467
2.34467
2.34467
2.34467
2.34467
2.34467
2.34467
2.34467
2.34467
2.34467
2.34467
2.34467
2.34467
2.34467
2.34467
2.34467
2.34467
2.34467
2.34467
2.34467
2.34467
2.34467
2.34467
2.34467
2.34467
2.34467
2.34467
2.34467
2.34467
2.34467
2.34467
2.34467
2.34467
2.34467
2.34467
2.34467
2.34467
2.34467
2.34467
2.34467
2.34467
2.34467
2.34467
2.34467
2.34467
2.34467
2.34467
2.34467
2.34467
2.34467
2.34467
2.34467
2.34467
2.34467
2.34467
2.34467
2.34467
2.34467
2.34467
2.34467
2.34467
2.34467
2.34467
2.34467
2.34467
2.35192
2.35918
2.36643
2.37368
2.38923
2.40478
2.42033
2.43588
2.45101
2.46614
2.48127
2.49640
2.50300
2.50960
2.51620
2.52280
2.53226
2.54172
2.55118
2.56064
2.56294
2.56524
2.56754
2.56984
2.57340
2.57695
2.58051
2.58406
2.58605
2.58803
2.59002
2.59201
2.59310
2.59419
2.59529
2.59638
2.59770
2.59903
2.60035
2.60168
2.60198
2.60228
2.60258
2.60288
2.60336
2.60384
2.60431
2.60479
2.60511
2.60543
2.60576
2.60608
2.60621
2.60634
2.60648
2.60661
2.60682
2.60703
2.60723
2.60744
2.60751
2.60758
2.60765
2.60771
2.60779
2.60786
2.60794
2.60801
2.60810
2.60819
2.60829
2.60838
2.60843
2.60849
2.60854
2.60860
2.60869
2.60878
2.60887
2.60895
2.60906
2.60917
2.60927
2.60938
2.60952
2.60966
2.60980
2.60994
2.61016
2.61038
2.61060
2.61082
2.61096
2.61111
2.61125
2.61139
2.61155
2.61171
2.61187
2.61203
2.61228
2.61253
2.61278
2.61303
2.61351
2.61398
2.61446
2.61494
2.61570
2.61645
2.61721
2.61796
2.61912
2.62028
2.62144
2.62260
2.62436
2.62612
2.62787
2.62963
2.63237
2.63510
2.63783
2.64056
2.64443
2.64830
2.65217
2.65604
2.66190
2.66776
2.67362
2.67948
2.68739
2.69529
2.70319
2.71110
2.72212
2.73314
2.74416
2.75518
2.76919
2.78320
2.79721
2.81122
2.82714
2.84306
2.85898
2.87490
2.89615
2.91740
2.93864
2.95989
2.97563
2.99137
3.00710
3.02284
3.04252
3.06221
3.08189
3.10157
3.12095
3.14033
3.15971
3.17909
3.18673
3.19437
3.20201
3.20965
3.22075
3.23186
3.24296
3.25406
3.26366
3.27326
3.28286
3.29245
3.28968
3.28690
3.28413
3.28135
3.27680
3.27226
3.26771
3.26316
3.25554
3.24791
3.24029
3.23267
3.22849
3.22431
3.22013
3.21595
3.21015
3.20434
3.19854
3.19274
3.18284
3.17294
3.16304
3.15314
3.13941
3.12567
3.11193
3.09819
3.09776
3.09733
3.09689
3.09646
3.09577
3.09508
3.09439
3.09370
3.09260
3.09150
3.09040
3.08930
3.08826
3.08721
3.08616
3.08511
3.08550
3.08590
3.08629
3.08668
3.08731
3.08794
3.08857
3.08920
3.09018
3.09117
3.09216
3.09314
3.09385
3.09456
3.09526
3.09597
3.09544
3.09491
3.09437
3.09384
3.09298
3.09212
3.09126
3.09040
3.08903
3.08767
3.08630
3.08493
3.08207
3.07922
3.07636
3.07350
3.06826
3.06302
3.05778
3.05254
3.04367
3.03481
3.02594
3.01708
3.00022
2.98337
2.96651
2.94966
2.34467
2.34467
2.34467
2.34467
2.34467
2.34467
2.34467
2.34467
2.34467
2.34467
2.34467
2.34467
2.34467
2.34467
2.34467
2.34467
2.34467
2.34467
2.34467
2.34467
2.34467
2.34467
2.34467
2.34467
2.34467
2.34467
2.34467
2.34467
2.34467
2.34467
2.34467
2.34467
2.34467
2.34467
2.34467
2.34467
2.34467
2.34467
2.34467
2.34467
2.34467
2.34467
2.34467
2.34467
2.34467
2.34467
2.34467
2.34467
2.34467
2.34467
2.34467
2.34467
2.34467
2.34467
2.34467
2.34467
2.34467
2.34467
2.34467
2.34467
2.34467
2.34467
2.34467
2.34467
2.34467
2.34467
2.34467
2.34467
2.34467
2.34467
2.34467
2.34467
2.34467
2.34467
2.34467
2.34467
2.34467
2.34467
2.34467
2.34467
2.34467
2.34467
2.34467
2.34467
2.34467
2.34467
2.34467
2.34467
2.34467
2.34467
2.34467
2.34467
2.34467
2.34467
2.34467
2.34467
2.34467
2.35192
2.35918
2.36643
2.37368
2.38923
2.40478
2.42033
2.43588
2.45101
2.46614
2.48127
2.49640
2.50300
2.50960
2.51620
2.52280
2.53226
2.54172
2.55118
2.56064
2.56294
2.56524
2.56754
2.56984
2.57340
2.57695
2.58051
2.58406
2.58605
2.58803
2.59002
2.59201
2.59310
2.59419
2.59529
2.59638
2.59770
2.59903
2.60035
2.60168
2.60198
2.60228
2.60258
2.60288
2.60336
2.60384
2.60431
2.60479
2.60511
2.60543
2.60576
2.60608
2.60621
2.60634
2.60648
2.60661
2.60682
2.60703
2.60723
2.60744
2.60751
2.60758
2.60765
2.60771
2.60779
2.60786
2.60794
2.60801
2.60810
2.60819
2.60829
2.60838
2.60843
2.60849
2.60854
2.60860
2.60869
2.60878
2.60887
2.60895
2.60906
2.60917
2.60927
2.60938
2.60952
2.60966
2.60980
2.60994
2.61016
2.61038
2.61060
2.61082
2.61096
2.61111
2.61125
2.61139
2.61155
2.61171
2.61187
2.61203
2.61228
2.61253
2.61278
2.61303
2.61351
2.61398
2.61446
2.61494
2.61570
2.61645
2.61721
2.61796
2.61912
2.62028
2.62144
2.62260
2.62436
2.62612
2.62787
2.62963
2.63237
2.63510
2.63783
2.64056
2.64443
2.64830
2.65217
2.65604
2.66190
2.66776
2.67362
2.67948
2.68739
2.69529
2.70319
2.71110
2.72212
2.73314
2.74416
2.75518
2.76919
2.78320
2.79721
2.81122
2.82714
2.84306
2.85898
2.87490
2.89615
2.91740
2.93864
2.95989
2.97563
2.99137
3.00710
3.02284
3.04252
3.06221
3.08189
3.10157
3.12095
3.14033
3.15971
3.17909
3.18673
3.19437
3.20201
3.20965
3.22075
3.23186
3.24296
3.25406
3.26366
3.27326
3.28286
3.29245
3.28968
3.28690
3.28413
3.28135
3.27680
3.27226
3.26771
3.26316
3.25554
3.24791
3.24029
3.23267
3.22849
3.22431
3.22013
3.21595
3.21015
3.20434
3.19854
3.19274
3.18284
3.17294
3.16304
3.15314
3.13941
3.12567
3.11193
3.09819
3.09776
3.09733
3.09689
3.09646
3.09577
3.09508
3.09439
3.09370
3.09260
3.09150
3.09040
3.08930
3.08826
3.08721
3.08616
3.08511
3.08550
3.08590
3.08629
3.08668
3.08731
3.08794
3.08857
3.08920
3.09018
3.09117
3.09216
3.09314
3.09385
3.09456
3.09526
3.09597
3.09544
3.09491
3.09437
3.09384
3.09298
3.09212
3.09126
3.09040
3.08903
3.08767
3.08630
3.08493
3.08207
3.07922
3.07636
3.07350
3.06826
3.06302
3.05778
3.05254
3.04367
3.03481
3.02594
3.01708
3.00022
2.98337
2.96651
2.94966
2.34467
2.34467
2.34467
2.34467
2.34467
2.34467
2.34467
2.34467
2.34467
2.34467
2.34467
2.34467
2.34467
2.34467
2.34467
2.34467
2.34467
2.34467
2.34467
2.34467
2.34467
2.34467
2.34467
2.34467
2.34467
2.34467
2.34467
2.34467
2.34467
2.34467
2.34467
2.34467
2.34467
2.34467
2.34467
2.34467
2.34467
2.34467
2.34467
2.34467
2.34467
2.34467
2.34467
2.34467
2.34467
2.34467
2.34467
2.34467
2.34467
2.34467
2.34467
2.34467
2.34467
2.34467
2.34467
2.34467
2.34467
2.34467
2.34467
2.34467
2.34467
2.34467
2.34467
2.34467
2.34467
2.34467
2.34467
2.34467
2.34467
2.34467
2.34467
2.34467
2.34467
2.34467
2.34467
2.34467
2.34467
2.34467
2.34467
2.34467
2.34467
2.34467
2.34467
2.34467
2.34467
2.34467
2.34467
2.34467
2.34467
2.34467
2.34467
2.34467
2.34467
2.34467
2.34467
2.34467
2.34467
2.35192
2.35918
2.36643
2.37368
2.38923
2.40478
2.42033
2.43588
2.45101
2.46614
2.48127
2.49640
2.50300
2.50960
2.51620
2.52280
2.53226
2.54172
2.55118
2.56064
2.56294
2.56524
2.56754
2.56984
2.57340
2.57695
2.58051
2.58406
2.58605
2.58803
2.59002
2.59201
2.59310
2.59419
2.59529
2.59638
2.59770
2.59903
2.60035
2.60168
2.60198
2.60228
2.60258
2.60288
2.60336
2.60384
2.60431
2.60479
2.60511
2.60543
2.60576
2.60608
2.60621
2.60634
2.60648
2.60661
2.60682
2.60703
2.60723
2.60744
2.60751
2.60758
2.60765
2.60771
2.60779
2.60786
2.60794
2.60801
2.60810
2.60819
2.60829
2.60838
2.60843
2.60849
2.60854
2.60860
2.60869
2.60878
2.60887
2.60895
2.60906
2.60917
2.60927
2.60938
2.60952
2.60966
2.60980
2.60994
2.61016
2.61038
2.61060
2.61082
2.61096
2.61111
2.61125
2.61139
2.61155
2.61171
2.61187
2.61203
2.61228
2.61253
2.61278
2.61303
2.61351
2.61398
2.61446
2.61494
2.61570
2.61645
2.61721
2.61796
2.61912
2.62028
2.62144
2.62260
2.62436
2.62612
2.62787
2.62963
2.63237
2.63510
2.63783
2.64056
2.64443
2.64830
2.65217
2.65604
2.66190
2.66776
2.67362
2.67948
2.68739
2.69529
2.70319
2.71110
2.72212
2.73314
2.74416
2.75518
2.76919
2.78320
2.79721
2.81122
2.82714
2.84306
2.85898
2.87490
2.89615
2.91740
2.93864
2.95989
2.97563
2.99137
3.00710
3.02284
3.04252
3.06221
3.08189
3.10157
3.12095
3.14033
3.15971
3.17909
3.18673
3.19437
3.20201
3.20965
3.22075
3.23186
3.24296
3.25406
3.26366
3.27326
3.28286
3.29245
3.28968
3.28690
3.28413
3.28135
3.27680
3.27226
3.26771
3.26316
3.25554
3.24791
3.24029
3.23267
3.22849
3.22431
3.22013
3.21595
3.21015
3.20434
3.19854
3.19274
3.18284
3.17294
3.16304
3.15314
3.13941
3.12567
3.11193
3.09819
3.09776
3.09733
3.09689
3.09646
3.09577
3.09508
3.09439
3.09370
3.09260
3.09150
3.09040
3.08930
3.08826
3.08721
3.08616
3.08511
3.08550
3.08590
3.08629
3.08668
3.08731
3.08794
3.08857
3.08920
3.09018
3.09117
3.09216
3.09314
3.09385
3.09456
3.09526
3.09597
3.09544
3.09491
3.09437
3.09384
3.09298
3.09212
3.09126
3.09040
3.08903
3.08767
3.08630
3.08493
3.08207
3.07922
3.07636
3.07350
3.06826
3.06302
3.05778
3.05254
3.04367
3.03481
3.02594
3.01708
3.00022
2.98337
2.96651
2.94966
2.34467
2.34467
2.34467
2.34467
2.34467
2.34467
2.34467
2.34467
2.34467
2.34467
2.34467
2.34467
2.34467
2.34467
2.34467
2.34467
2.34467
2.34467
2.34467
2.34467
2.34467
2.34467
2.34467
2.34467
2.34467
2.34467
2.34467
2.34467
2.34467
2.34467
2.34467
2.34467
2.34467
2.34467
2.34467
2.34467
2.34467
2.34467
2.34467
2.34467
2.34467
2.34467
2.34467
2.34467
2.34467
2.34467
2.34467
2.34467
2.34467
2.34467
2.34467
2.34467
2.34467
2.34467
2.34467
2.34467
2.34467
2.34467
2.34467
2.34467
2.34467
2.34467
2.34467
2.34467
2.34467
2.34467
2.34467
2.34467
2.34467
2.34467
2.34467
2.34467
2.34467
2.34467
2.34467
2.34467
2.34467
2.34467
2.34467
2.34467
2.34467
2.34467
2.34467
2.34467
2.34467
2.34467
2.34467
2.34467
2.34467
2.34467
2.34467
2.34467
2.34467
2.34467
2.34467
2.34467
2.34467
2.35192
2.35918
2.36643
2.37368
2.38923
2.40478
2.42033
2.43588
2.45101
2.46614
2.48127
2.49640
2.50300
2.50960
2.51620
2.52280
2.53226
2.54172
2.55118
2.56064
2.56294
2.56524
2.56754
2.56984
2.57340
2.57695
2.58051
2.58406
2.58605
2.58803
2.59002
2.59201
2.59310
2.59419
2.59529
2.59638
2.59770
2.59903
2.60035
2.60168
2.60198
2.60228
2.60258
2.60288
2.60336
2.60384
2.60431
2.60479
2.60511
2.60543
2.60576
2.60608
2.60621
2.60634
2.60648
2.60661
2.60682
2.60703
2.60723
2.60744
2.60751
2.60758
2.60765
2.60771
2.60779
2.60786
2.60794
2.60801
2.60810
2.60819
2.60829
2.60838
2.60843
2.60849
2.60854
2.60860
2.60869
2.60878
2.60887
2.60895
2.60906
2.60917
2.60927
2.60938
2.60952
2.60966
2.60980
2.60994
2.61016
2.61038
2.61060
2.61082
2.61096
2.61111
2.61125
2.61139
2.61155
2.61171
2.61187
2.61203
2.61228
2.61253
2.61278
2.61303
2.61351
2.61398
2.61446
2.61494
2.61570
2.61645
2.61721
2.61796
2.61912
2.62028
2.62144
2.62260
2.62436
2.62612
2.62787
2.62963
2.63237
2.63510
2.63783
2.64056
2.64443
2.64830
2.65217
2.65604
2.66190
2.66776
2.67362
2.67948
2.68739
2.69529
2.70319
2.71110
2.72212
2.73314
2.74416
2.75518
2.76919
2.78320
2.79721
2.81122
2.82714
2.84306
2.85898
2.87490
2.89615
2.91740
2.93864
2.95989
2.97563
2.99137
3.00710
3.02284
3.04252
3.06221
3.08189
3.10157
3.12095
3.14033
3.15971
3.17909
3.18673
3.19437
3.20201
3.20965
3.22075
3.23186
3.24296
3.25406
3.26366
3.27326
3.28286
3.29245
3.28968
3.28690
3.28413
3.28135
3.27680
3.27226
3.26771
3.26316
3.25554
3.24791
3.24029
3.23267
3.22849
3.22431
3.22013
3.21595
3.21015
3.20434
3.19854
3.19274
3.18284
3.17294
3.16304
3.15314
3.13941
3.12567
3.11193
3.09819
3.09776
3.09733
3.09689
3.09646
3.09577
3.09508
3.09439
3.09370
3.09260
3.09150
3.09040
3.08930
3.08826
3.08721
3.08616
3.08511
3.08550
3.08590
3.08629
3.08668
3.08731
3.08794
3.08857
3.08920
3.09018
3.09117
3.09216
3.09314
3.09385
3.09456
3.09526
3.09597
3.09544
3.09491
3.09437
3.09384
3.09298
3.09212
3.09126
3.09040
3.08903
3.08767
3.08630
3.08493
3.08207
3.07922
3.07636
3.07350
3.06826
3.06302
3.05778
3.05254
3.04367
3.03481
3.02594
3.01708
3.00022
2.98337
2.96651
2.94966
2.34467
2.34467
2.34467
2.34467
2.34467
2.34467
2.34467
2.34467
2.34467
2.34467
2.34467
2.34467
2.34467
2.34467
2.34467
2.34467
2.34467
2.34467
2.34467
2.34467
2.34467
2.34467
2.34467
2.34467
2.34467
2.34467
2.34467
2.34467
2.34467
2.34467
2.34467
2.34467
2.34467
2.34467
2.34467
2.34467
2.34467
2.34467
2.34467
2.34467
2.34467
2.34467
2.34467
2.34467
2.34467
2.34467
2.34467
2.34467
2.34467
2.34467
2.34467
2.34467
2.34467
2.34467
2.34467
2.34467
2.34467
2.34467
2.34467
2.34467
2.34467
2.34467
2.34467
2.34467
2.34467
2.34467
2.34467
2.34467
2.34467
2.34467
2.34467
2.34467
2.34467
2.34467
2.34467
2.34467
2.34467
2.34467
2.34467
2.34467
2.34467
2.34467
2.34467
2.34467
2.34467
2.34467
2.34467
2.34467
2.34467
2.34467
2.34467
2.34467
2.34467
2.34467
2.34467
2.34467
2.34467
2.35192
2.35918
2.36643
2.37368
2.38923
2.40478
2.42033
2.43588
2.45101
2.46614
2.48127
2.49640
2.50300
2.50960
2.51620
2.52280
2.53226
2.54172
2.55118
2.56064
2.56294
2.56524
2.56754
2.56984
2.57340
2.57695
2.58051
2.58406
2.58605
2.58803
2.59002
2.59201
2.59310
2.59419
2.59529
2.59638
2.59770
2.59903
2.60035
2.60168
2.60198
2.60228
2.60258
2.60288
2.60336
2.60384
2.60431
2.60479
2.60511
2.60543
2.60576
2.60608
2.60621
2.60634
2.60648
2.60661
2.60682
2.60703
2.60723
2.60744
2.60751
2.60758
2.60765
2.60771
2.60779
2.60786
2.60794
2.60801
2.60810
2.60819
2.60829
2.60838
2.60843
2.60849
2.60854
2.60860
2.60869
2.60878
2.60887
2.60895
2.60906
2.60917
2.60927
2.60938
2.60952
2.60966
2.60980
2.60994
2.61016
2.61038
2.61060
2.61082
2.61096
2.61111
2.61125
2.61139
2.61155
2.61171
2.61187
2.61203
2.61228
2.61253
2.61278
2.61303
2.61351
2.61398
2.61446
2.61494
2.61570
2.61645
2.61721
2.61796
2.61912
2.62028
2.62144
2.62260
2.62436
2.62612
2.62787
2.62963
2.63237
2.63510
2.63783
2.64056
2.64443
2.64830
2.65217
2.65604
2.66190
2.66776
2.67362
2.67948
2.68739
2.69529
2.70319
2.71110
2.72212
2.73314
2.74416
2.75518
2.76919
2.78320
2.79721
2.81122
2.82714
2.84306
2.85898
2.87490
2.89615
2.91740
2.93864
2.95989
2.97563
2.99137
3.00710
3.02284
3.04252
3.06221
3.08189
3.10157
3.12095
3.14033
3.15971
3.17909
3.18673
3.19437
3.20201
3.20965
3.22075
3.23186
3.24296
3.25406
3.26366
3.27326
3.28286
3.29245
3.28968
3.28690
3.28413
3.28135
3.27680
3.27226
3.26771
3.26316
3.25554
3.24791
3.24029
3.23267
3.22849
3.22431
3.22013
3.21595
3.21015
3.20434
3.19854
3.19274
3.18284
3.17294
3.16304
3.15314
3.13941
3.12567
3.11193
3.09819
3.09776
3.09733
3.09689
3.09646
3.09577
3.09508
3.09439
3.09370
3.09260
3.09150
3.09040
3.08930
3.08826
3.08721
3.08616
3.08511
3.08550
3.08590
3.08629
3.08668
3.08731
3.08794
3.08857
3.08920
3.09018
3.09117
3.09216
3.09314
3.09385
3.09456
3.09526
3.09597
3.09544
3.09491
3.09437
3.09384
3.09298
3.09212
3.09126
3.09040
3.08903
3.08767
3.08630
3.08493
3.08207
3.07922
3.07636
3.07350
3.06826
3.06302
3.05778
3.05254
3.04367
3.03481
3.02594
3.01708
3.00022
2.98337
2.96651
2.94966
2.34467
2.34467
2.34467
2.34467
2.34467
2.34467
2.34467
2.34467
2.34467
2.34467
2.34467
2.34467
2.34467
2.34467
2.34467
2.34467
2.34467
2.34467
2.34467
2.34467
2.34467
2.34467
2.34467
2.34467
2.34467
2.34467
2.34467
2.34467
2.34467
2.34467
2.34467
2.34467
2.34467
2.34467
2.34467
2.34467
2.34467
2.34467
2.34467
2.34467
2.34467
2.34467
2.34467
2.34467
2.34467
2.34467
2.34467
2.34467
2.34467
2.34467
2.34467
2.34467
2.34467
2.34467
2.34467
2.34467
2.34467
2.34467
2.34467
2.34467
2.34467
2.34467
2.34467
2.34467
2.34467
2.34467
2.34467
2.34467
2.34467
2.34467
2.34467
2.34467
2.34467
2.34467
2.34467
2.34467
2.34467
2.34467
2.34467
2.34467
2.34467
2.34467
2.34467
2.34467
2.34467
2.34467
2.34467
2.34467
2.34467
2.34467
2.34467
2.34467
2.34467
2.34467
2.34467
2.34467
2.34467
2.35192
2.35918
2.36643
2.37368
2.38923
2.40478
2.42033
2.43588
2.45101
2.46614
2.48127
2.49640
2.50300
2.50960
2.51620
2.52280
2.53226
2.54172
2.55118
2.56064
2.56294
2.56524
2.56754
2.56984
2.57340
2.57695
2.58051
2.58406
2.58605
2.58803
2.59002
2.59201
2.59310
2.59419
2.59529
2.59638
2.59770
2.59903
2.60035
2.60168
2.60198
2.60228
2.60258
2.60288
2.60336
2.60384
2.60431
2.60479
2.60511
2.60543
2.60576
2.60608
2.60621
2.60634
2.60648
2.60661
2.60682
2.60703
2.60723
2.60744
2.60751
2.60758
2.60765
2.60771
2.60779
2.60786
2.60794
2.60801
2.60810
2.60819
2.60829
2.60838
2.60843
2.60849
2.60854
2.60860
2.60869
2.60878
2.60887
2.60895
2.60906
2.60917
2.60927
2.60938
2.60952
2.60966
2.60980
2.60994
2.61016
2.61038
2.61060
2.61082
2.61096
2.61111
2.61125
2.61139
2.61155
2.61171
2.61187
2.61203
2.61228
2.61253
2.61278
2.61303
2.61351
2.61398
2.61446
2.61494
2.61570
2.61645
2.61721
2.61796
2.61912
2.62028
2.62144
2.62260
2.62436
2.62612
2.62787
2.62963
2.63237
2.63510
2.63783
2.64056
2.64443
2.64830
2.65217
2.65604
2.66190
2.66776
2.67362
2.67948
2.68739
2.69529
2.70319
2.71110
2.72212
2.73314
2.74416
2.75518
2.76919
2.78320
2.79721
2.81122
2.82714
2.84306
2.85898
2.87490
2.89615
2.91740
2.93864
2.95989
2.97563
2.99137
3.00710
3.02284
3.04252
3.06221
3.08189
3.10157
3.12095
3.14033
3.15971
3.17909
3.18673
3.19437
3.20201
3.20965
3.22075
3.23186
3.24296
3.25406
3.26366
3.27326
3.28286
3.29245
3.28968
3.28690
3.28413
3.28135
3.27680
3.27226
3.26771
3.26316
3.25554
3.24791
3.24029
3.23267
3.22849
3.22431
3.22013
3.21595
3.21015
3.20434
3.19854
3.19274
3.18284
3.17294
3.16304
3.15314
3.13941
3.12567
3.11193
3.09819
3.09776
3.09733
3.09689
3.09646
3.09577
3.09508
3.09439
3.09370
3.09260
3.09150
3.09040
3.08930
3.08826
3.08721
3.08616
3.08511
3.08550
3.08590
3.08629
3.08668
3.08731
3.08794
3.08857
3.08920
3.09018
3.09117
3.09216
3.09314
3.09385
3.09456
3.09526
3.09597
3.09544
3.09491
3.09437
3.09384
3.09298
3.09212
3.09126
3.09040
3.08903
3.08767
3.08630
3.08493
3.08207
3.07922
3.07636
3.07350
3.06826
3.06302
3.05778
3.05254
3.04367
3.03481
3.02594
3.01708
3.00022
2.98337
2.96651
2.94966
2.34467
2.34467
2.34467
2.34467
2.34467
2.34467
2.34467
2.34467
2.34467
2.34467
2.34467
2.34467
2.34467
2.34467
2.34467
2.34467
2.34467
2.34467
2.34467
2.34467
2.34467
2.34467
2.34467
2.34467
2.34467
2.34467
2.34467
2.34467
2.34467
2.34467
2.34467
2.34467
2.34467
2.34467
2.34467
2.34467
2.34467
2.34467
2.34467
2.34467
2.34467
2.34467
2.34467
2.34467
2.34467
2.34467
2.34467
2.34467
2.34467
2.34467
2.34467
2.34467
2.34467
2.34467
2.34467
2.34467
2.34467
2.34467
2.34467
2.34467
2.34467
2.34467
2.34467
2.34467
2.34467
2.34467
2.34467
2.34467
2.34467
2.34467
2.34467
2.34467
2.34467
2.34467
2.34467
2.34467
2.34467
2.34467
2.34467
2.34467
2.34467
2.34467
2.34467
2.34467
2.34467
2.34467
2.34467
2.34467
2.34467
2.34467
2.34467
2.34467
2.34467
2.34467
2.34467
2.34467
2.34467
2.35192
2.35918
2.36643
2.37368
2.38923
2.40478
2.42033
2.43588
2.45101
2.46614
2.48127
2.49640
2.50300
2.50960
2.51620
2.52280
2.53226
2.54172
2.55118
2.56064
2.56294
2.56524
2.56754
2.56984
2.57340
2.57695
2.58051
2.58406
2.58605
2.58803
2.59002
2.59201
2.59310
2.59419
2.59529
2.59638
2.59770
2.59903
2.60035
2.60168
2.60198
2.60228
2.60258
2.60288
2.60336
2.60384
2.60431
2.60479
2.60511
2.60543
2.60576
2.60608
2.60621
2.60634
2.60648
2.60661
2.60682
2.60703
2.60723
2.60744
2.60751
2.60758
2.60765
2.60771
2.60779
2.60786
2.60794
2.60801
2.60810
2.60819
2.60829
2.60838
2.60843
2.60849
2.60854
2.60860
2.60869
2.60878
2.60887
2.60895
2.60906
2.60917
2.60927
2.60938
2.60952
2.60966
2.60980
2.60994
2.61016
2.61038
2.61060
2.61082
2.61096
2.61111
2.61125
2.61139
2.61155
2.61171
2.61187
2.61203
2.61228
2.61253
2.61278
2.61303
2.61351
2.61398
2.61446
2.61494
2.61570
2.61645
2.61721
2.61796
2.61912
2.62028
2.62144
2.62260
2.62436
2.62612
2.62787
2.62963
2.63237
2.63510
2.63783
2.64056
2.64443
2.64830
2.65217
2.65604
2.66190
2.66776
2.67362
2.67948
2.68739
2.69529
2.70319
2.71110
2.72212
2.73314
2.74416
2.75518
2.76919
2.78320
2.79721
2.81122
2.82714
2.84306
2.85898
2.87490
2.89615
2.91740
2.93864
2.95989
2.97563
2.99137
3.00710
3.02284
3.04252
3.06221
3.08189
3.10157
3.12095
3.14033
3.15971
3.17909
3.18673
3.19437
3.20201
3.20965
3.22075
3.23186
3.24296
3.25406
3.26366
3.27326
3.28286
3.29245
3.28968
3.28690
3.28413
3.28135
3.27680
3.27226
3.26771
3.26316
3.25554
3.24791
3.24029
3.23267
3.22849
3.22431
3.22013
3.21595
3.21015
3.20434
3.19854
3.19274
3.18284
3.17294
3.16304
3.15314
3.13941
3.12567
3.11193
3.09819
3.09776
3.09733
3.09689
3.09646
3.09577
3.09508
3.09439
3.09370
3.09260
3.09150
3.09040
3.08930
3.08826
3.08721
3.08616
3.08511
3.08550
3.08590
3.08629
3.08668
3.08731
3.08794
3.08857
3.08920
3.09018
3.09117
3.09216
3.09314
3.09385
3.09456
3.09526
3.09597
3.09544
3.09491
3.09437
3.09384
3.09298
3.09212
3.09126
3.09040
3.08903
3.08767
3.08630
3.08493
3.08207
3.07922
3.07636
3.07350
3.06826
3.06302
3.05778
3.05254
3.04367
3.03481
3.02594
3.01708
3.00022
2.98337
2.96651
2.94966
2.34467
2.34467
2.34467
2.34467
2.34467
2.34467
2.34467
2.34467
2.34467
2.34467
2.34467
2.34467
2.34467
2.34467
2.34467
2.34467
2.34467
2.34467
2.34467
2.34467
2.34467
2.34467
2.34467
2.34467
2.34467
2.34467
2.34467
2.34467
2.34467
2.34467
2.34467
2.34467
2.34467
2.34467
2.34467
2.34467
2.34467
2.34467
2.34467
2.34467
2.34467
2.34467
2.34467
2.34467
2.34467
2.34467
2.34467
2.34467
2.34467
2.34467
2.34467
2.34467
2.34467
2.34467
2.34467
2.34467
2.34467
2.34467
2.34467
2.34467
2.34467
2.34467
2.34467
2.34467
2.34467
2.34467
2.34467
2.34467
2.34467
2.34467
2.34467
2.34467
2.34467
2.34467
2.34467
2.34467
2.34467
2.34467
2.34467
2.34467
2.34467
2.34467
2.34467
2.34467
2.34467
2.34467
2.34467
2.34467
2.34467
2.34467
2.34467
2.34467
2.34467
2.34467
2.34467
2.34467
2.34467
2.35192
2.35918
2.36643
2.37368
2.38923
2.40478
2.42033
2.43588
2.45101
2.46614
2.48127
2.49640
2.50300
2.50960
2.51620
2.52280
2.53226
2.54172
2.55118
2.56064
2.56294
2.56524
2.56754
2.56984
2.57340
2.57695
2.58051
2.58406
2.58605
2.58803
2.59002
2.59201
2.59310
2.59419
2.59529
2.59638
2.59770
2.59903
2.60035
2.60168
2.60198
2.60228
2.60258
2.60288
2.60336
2.60384
2.60431
2.60479
2.60511
2.60543
2.60576
2.60608
2.60621
2.60634
2.60648
2.60661
2.60682
2.60703
2.60723
2.60744
2.60751
2.60758
2.60765
2.60771
2.60779
2.60786
2.60794
2.60801
2.60810
2.60819
2.60829
2.60838
2.60843
2.60849
2.60854
2.60860
2.60869
2.60878
2.60887
2.60895
2.60906
2.60917
2.60927
2.60938
2.60952
2.60966
2.60980
2.60994
2.61016
2.61038
2.61060
2.61082
2.61096
2.61111
2.61125
2.61139
2.61155
2.61171
2.61187
2.61203
2.61228
2.61253
2.61278
2.61303
2.61351
2.61398
2.61446
2.61494
2.61570
2.61645
2.61721
2.61796
2.61912
2.62028
2.62144
2.62260
2.62436
2.62612
2.62787
2.62963
2.63237
2.63510
2.63783
2.64056
2.64443
2.64830
2.65217
2.65604
2.66190
2.66776
2.67362
2.67948
2.68739
2.69529
2.70319
2.71110
2.72212
2.73314
2.74416
2.75518
2.76919
2.78320
2.79721
2.81122
2.82714
2.84306
2.85898
2.87490
2.89615
2.91740
2.93864
2.95989
2.97563
2.99137
3.00710
3.02284
3.04252
3.06221
3.08189
3.10157
3.12095
3.14033
3.15971
3.17909
3.18673
3.19437
3.20201
3.20965
3.22075
3.23186
3.24296
3.25406
3.26366
3.27326
3.28286
3.29245
3.28968
3.28690
3.28413
3.28135
3.27680
3.27226
3.26771
3.26316
3.25554
3.24791
3.24029
3.23267
3.22849
3.22431
3.22013
3.21595
3.21015
3.20434
3.19854
3.19274
3.18284
3.17294
3.16304
3.15314
3.13941
3.12567
3.11193
3.09819
3.09776
3.09733
3.09689
3.09646
3.09577
3.09508
3.09439
3.09370
3.09260
3.09150
3.09040
3.08930
3.08826
3.08721
3.08616
3.08511
3.08550
3.08590
3.08629
3.08668
3.08731
3.08794
3.08857
3.08920
3.09018
3.09117
3.09216
3.09314
3.09385
3.09456
3.09526
3.09597
3.09544
3.09491
3.09437
3.09384
3.09298
3.09212
3.09126
3.09040
3.08903
3.08767
3.08630
3.08493
3.08207
3.07922
3.07636
3.07350
3.06826
3.06302
3.05778
3.05254
3.04367
3.03481
3.02594
3.01708
3.00022
2.98337
2.96651
2.94966
2.34467
2.34467
2.34467
2.34467
2.34467
2.34467
2.34467
2.34467
2.34467
2.34467
2.34467
2.34467
2.34467
2.34467
2.34467
2.34467
2.34467
2.34467
2.34467
2.34467
2.34467
2.34467
2.34467
2.34467
2.34467
2.34467
2.34467
2.34467
2.34467
2.34467
2.34467
2.34467
2.34467
2.34467
2.34467
2.34467
2.34467
2.34467
2.34467
2.34467
2.34467
2.34467
2.34467
2.34467
2.34467
2.34467
2.34467
2.34467
2.34467
2.34467
2.34467
2.34467
2.34467
2.34467
2.34467
2.34467
2.34467
2.34467
2.34467
2.34467
2.34467
2.34467
2.34467
2.34467
2.34467
2.34467
2.34467
2.34467
2.34467
2.34467
2.34467
2.34467
2.34467
2.34467
2.34467
2.34467
2.34467
2.34467
2.34467
2.34467
2.34467
2.34467
2.34467
2.34467
2.34467
2.34467
2.34467
2.34467
2.34467
2.34467
2.34467
2.34467
2.34467
2.34467
2.34467
2.34467
2.34467
2.35192
2.35918
2.36643
2.37368
2.38923
2.40478
2.42033
2.43588
2.45101
2.46614
2.48127
2.49640
2.50300
2.50960
2.51620
2.52280
2.53226
2.54172
2.55118
2.56064
2.56294
2.56524
2.56754
2.56984
2.57340
2.57695
2.58051
2.58406
2.58605
2.58803
2.59002
2.59201
2.59310
2.59419
2.59529
2.59638
2.59770
2.59903
2.60035
2.60168
2.60198
2.60228
2.60258
2.60288
2.60336
2.60384
2.60431
2.60479
2.60511
2.60543
2.60576
2.60608
2.60621
2.60634
2.60648
2.60661
2.60682
2.60703
2.60723
2.60744
2.60751
2.60758
2.60765
2.60771
2.60779
2.60786
2.60794
2.60801
2.60810
2.60819
2.60829
2.60838
2.60843
2.60849
2.60854
2.60860
2.60869
2.60878
2.60887
2.60895
2.60906
2.60917
2.60927
2.60938
2.60952
2.60966
2.60980
2.60994
2.61016
2.61038
2.61060
2.61082
2.61096
2.61111
2.61125
2.61139
2.61155
2.61171
2.61187
2.61203
2.61228
2.61253
2.61278
2.61303
2.61351
2.61398
2.61446
2.61494
2.61570
2.61645
2.61721
2.61796
2.61912
2.62028
2.62144
2.62260
2.62436
2.62612
2.62787
2.62963
2.63237
2.63510
2.63783
2.64056
2.64443
2.64830
2.65217
2.65604
2.66190
2.66776
2.67362
2.67948
2.68739
2.69529
2.70319
2.71110
2.72212
2.73314
2.74416
2.75518
2.76919
2.78320
2.79721
2.81122
2.82714
2.84306
2.85898
2.87490
2.89615
2.91740
2.93864
2.95989
2.97563
2.99137
3.00710
3.02284
3.04252
3.06221
3.08189
3.10157
3.12095
3.14033
3.15971
3.17909
3.18673
3.19437
3.20201
3.20965
3.22075
3.23186
3.24296
3.25406
3.26366
3.27326
3.28286
3.29245
3.28968
3.28690
3.28413
3.28135
3.27680
3.27226
3.26771
3.26316
3.25554
3.24791
3.24029
3.23267
3.22849
3.22431
3.22013
3.21595
3.21015
3.20434
3.19854
3.19274
3.18284
3.17294
3.16304
3.15314
3.13941
3.12567
3.11193
3.09819
3.09776
3.09733
3.09689
3.09646
3.09577
3.09508
3.09439
3.09370
3.09260
3.09150
3.09040
3.08930
3.08826
3.08721
3.08616
3.08511
3.08550
3.08590
3.08629
3.08668
3.08731
3.08794
3.08857
3.08920
3.09018
3.09117
3.09216
3.09314
3.09385
3.09456
3.09526
3.09597
3.09544
3.09491
3.09437
3.09384
3.09298
3.09212
3.09126
3.09040
3.08903
3.08767
3.08630
3.08493
3.08207
3.07922
3.07636
3.07350
3.06826
3.06302
3.05778
3.05254
3.04367
3.03481
3.02594
3.01708
3.00022
2.98337
2.96651
2.94966
2.34467
2.34467
2.34467
2.34467
2.34467
2.34467
2.34467
2.34467
2.34467
2.34467
2.34467
2.34467
2.34467
2.34467
2.34467
2.34467
2.34467
2.34467
2.34467
2.34467
2.34467
2.34467
2.34467
2.34467
2.34467
2.34467
2.34467
2.34467
2.34467
2.34467
2.34467
2.34467
2.34467
2.34467
2.34467
2.34467
2.34467
2.34467
2.34467
2.34467
2.34467
2.34467
2.34467
2.34467
2.34467
2.34467
2.34467
2.34467
2.34467
2.34467
2.34467
2.34467
2.34467
2.34467
2.34467
2.34467
2.34467
2.34467
2.34467
2.34467
2.34467
2.34467
2.34467
2.34467
2.34467
2.34467
2.34467
2.34467
2.34467
2.34467
2.34467
2.34467
2.34467
2.34467
2.34467
2.34467
2.34467
2.34467
2.34467
2.34467
2.34467
2.34467
2.34467
2.34467
2.34467
2.34467
2.34467
2.34467
2.34467
2.34467
2.34467
2.34467
2.34467
2.34467
2.34467
2.34467
2.34467
2.35192
2.35918
2.36643
2.37368
2.38923
2.40478
2.42033
2.43588
2.45101
2.46614
2.48127
2.49640
2.50300
2.50960
2.51620
2.52280
2.53226
2.54172
2.55118
2.56064
2.56294
2.56524
2.56754
2.56984
2.57340
2.57695
2.58051
2.58406
2.58605
2.58803
2.59002
2.59201
2.59310
2.59419
2.59529
2.59638
2.59770
2.59903
2.60035
2.60168
2.60198
2.60228
2.60258
2.60288
2.60336
2.60384
2.60431
2.60479
2.60511
2.60543
2.60576
2.60608
2.60621
2.60634
2.60648
2.60661
2.60682
2.60703
2.60723
2.60744
2.60751
2.60758
2.60765
2.60771
2.60779
2.60786
2.60794
2.60801
2.60810
2.60819
2.60829
2.60838
2.60843
2.60849
2.60854
2.60860
2.60869
2.60878
2.60887
2.60895
2.60906
2.60917
2.60927
2.60938
2.60952
2.60966
2.60980
2.60994
2.61016
2.61038
2.61060
2.61082
2.61096
2.61111
2.61125
2.61139
2.61155
2.61171
2.61187
2.61203
2.61228
2.61253
2.61278
2.61303
2.61351
2.61398
2.61446
2.61494
2.61570
2.61645
2.61721
2.61796
2.61912
2.62028
2.62144
2.62260
2.62436
2.62612
2.62787
2.62963
2.63237
2.63510
2.63783
2.64056
2.64443
2.64830
2.65217
2.65604
2.66190
2.66776
2.67362
2.67948
2.68739
2.69529
2.70319
2.71110
2.72212
2.73314
2.74416
2.75518
2.76919
2.78320
2.79721
2.81122
2.82714
2.84306
2.85898
2.87490
2.89615
2.91740
2.93864
2.95989
2.97563
2.99137
3.00710
3.02284
3.04252
3.06221
3.08189
3.10157
3.12095
3.14033
3.15971
3.17909
3.18673
3.19437
3.20201
3.20965
3.22075
3.23186
3.24296
3.25406
3.26366
3.27326
3.28286
3.29245
3.28968
3.28690
3.28413
3.28135
3.27680
3.27226
3.26771
3.26316
3.25554
3.24791
3.24029
3.23267
3.22849
3.22431
3.22013
3.21595
3.21015
3.20434
3.19854
3.19274
3.18284
3.17294
3.16304
3.15314
3.13941
3.12567
3.11193
3.09819
3.09776
3.09733
3.09689
3.09646
3.09577
3.09508
3.09439
3.09370
3.09260
3.09150
3.09040
3.08930
3.08826
3.08721
3.08616
3.08511
3.08550
3.08590
3.08629
3.08668
3.08731
3.08794
3.08857
3.08920
3.09018
3.09117
3.09216
3.09314
3.09385
3.09456
3.09526
3.09597
3.09544
3.09491
3.09437
3.09384
3.09298
3.09212
3.09126
3.09040
3.08903
3.08767
3.08630
3.08493
3.08207
3.07922
3.07636
3.07350
3.06826
3.06302
3.05778
3.05254
3.04367
3.03481
3.02594
3.01708
3.00022
2.98337
2.96651
2.94966
2.34467
2.34467
2.34467
2.34467
2.34467
2.34467
2.34467
2.34467
2.34467
2.34467
2.34467
2.34467
2.34467
2.34467
2.34467
2.34467
2.34467
2.34467
2.34467
2.34467
2.34467
2.34467
2.34467
2.34467
2.34467
2.34467
2.34467
2.34467
2.34467
2.34467
2.34467
2.34467
2.34467
2.34467
2.34467
2.34467
2.34467
2.34467
2.34467
2.34467
2.34467
2.34467
2.34467
2.34467
2.34467
2.34467
2.34467
2.34467
2.34467
2.34467
2.34467
2.34467
2.34467
2.34467
2.34467
2.34467
2.34467
2.34467
2.34467
2.34467
2.34467
2.34467
2.34467
2.34467
2.34467
2.34467
2.34467
2.34467
2.34467
2.34467
2.34467
2.34467
2.34467
2.34467
2.34467
2.34467
2.34467
2.34467
2.34467
2.34467
2.34467
2.34467
2.34467
2.34467
2.34467
2.34467
2.34467
2.34467
2.34467
2.34467
2.34467
2.34467
2.34467
2.34467
2.34467
2.34467
2.34467
2.35192
2.35918
2.36643
2.37368
2.38923
2.40478
2.42033
2.43588
2.45101
2.46614
2.48127
2.49640
2.50300
2.50960
2.51620
2.52280
2.53226
2.54172
2.55118
2.56064
2.56294
2.56524
2.56754
2.56984
2.57340
2.57695
2.58051
2.58406
2.58605
2.58803
2.59002
2.59201
2.59310
2.59419
2.59529
2.59638
2.59770
2.59903
2.60035
2.60168
2.60198
2.60228
2.60258
2.60288
2.60336
2.60384
2.60431
2.60479
2.60511
2.60543
2.60576
2.60608
2.60621
2.60634
2.60648
2.60661
2.60682
2.60703
2.60723
2.60744
2.60751
2.60758
2.60765
2.60771
2.60779
2.60786
2.60794
2.60801
2.60810
2.60819
2.60829
2.60838
2.60843
2.60849
2.60854
2.60860
2.60869
2.60878
2.60887
2.60895
2.60906
2.60917
2.60927
2.60938
2.60952
2.60966
2.60980
2.60994
2.61016
2.61038
2.61060
2.61082
2.61096
2.61111
2.61125
2.61139
2.61155
2.61171
2.61187
2.61203
2.61228
2.61253
2.61278
2.61303
2.61351
2.61398
2.61446
2.61494
2.61570
2.61645
2.61721
2.61796
2.61912
2.62028
2.62144
2.62260
2.62436
2.62612
2.62787
2.62963
2.63237
2.63510
2.63783
2.64056
2.64443
2.64830
2.65217
2.65604
2.66190
2.66776
2.67362
2.67948
2.68739
2.69529
2.70319
2.71110
2.72212
2.73314
2.74416
2.75518
2.76919
2.78320
2.79721
2.81122
2.82714
2.84306
2.85898
2.87490
2.89615
2.91740
2.93864
2.95989
2.97563
2.99137
3.00710
3.02284
3.04252
3.06221
3.08189
3.10157
3.12095
3.14033
3.15971
3.17909
3.18673
3.19437
3.20201
3.20965
3.22075
3.23186
3.24296
3.25406
3.26366
3.27326
3.28286
3.29245
3.28968
3.28690
3.28413
3.28135
3.27680
3.27226
3.26771
3.26316
3.25554
3.24791
3.24029
3.23267
3.22849
3.22431
3.22013
3.21595
3.21015
3.20434
3.19854
3.19274
3.18284
3.17294
3.16304
3.15314
3.13941
3.12567
3.11193
3.09819
3.09776
3.09733
3.09689
3.09646
3.09577
3.09508
3.09439
3.09370
3.09260
3.09150
3.09040
3.08930
3.08826
3.08721
3.08616
3.08511
3.08550
3.08590
3.08629
3.08668
3.08731
3.08794
3.08857
3.08920
3.09018
3.09117
3.09216
3.09314
3.09385
3.09456
3.09526
3.09597
3.09544
3.09491
3.09437
3.09384
3.09298
3.09212
3.09126
3.09040
3.08903
3.08767
3.08630
3.08493
3.08207
3.07922
3.07636
3.07350
3.06826
3.06302
3.05778
3.05254
3.04367
3.03481
3.02594
3.01708
3.00022
2.98337
2.96651
2.94966
2.34467
2.34467
2.34467
2.34467
2.34467
2.34467
2.34467
2.34467
2.34467
2.34467
2.34467
2.34467
2.34467
2.34467
2.34467
2.34467
2.34467
2.34467
2.34467
2.34467
2.34467
2.34467
2.34467
2.34467
2.34467
2.34467
2.34467
2.34467
2.34467
2.34467
2.34467
2.34467
2.34467
2.34467
2.34467
2.34467
2.34467
2.34467
2.34467
2.34467
2.34467
2.34467
2.34467
2.34467
2.34467
2.34467
2.34467
2.34467
2.34467
2.34467
2.34467
2.34467
2.34467
2.34467
2.34467
2.34467
2.34467
2.34467
2.34467
2.34467
2.34467
2.34467
2.34467
2.34467
2.34467
2.34467
2.34467
2.34467
2.34467
2.34467
2.34467
2.34467
2.34467
2.34467
2.34467
2.34467
2.34467
2.34467
2.34467
2.34467
2.34467
2.34467
2.34467
2.34467
2.34467
2.34467
2.34467
2.34467
2.34467
2.34467
2.34467
2.34467
2.34467
2.34467
2.34467
2.34467
2.34467
2.35192
2.35918
2.36643
2.37368
2.38923
2.40478
2.42033
2.43588
2.45101
2.46614
2.48127
2.49640
2.50300
2.50960
2.51620
2.52280
2.53226
2.54172
2.55118
2.56064
2.56294
2.56524
2.56754
2.56984
2.57340
2.57695
2.58051
2.58406
2.58605
2.58803
2.59002
2.59201
2.59310
2.59419
2.59529
2.59638
2.59770
2.59903
2.60035
2.60168
2.60198
2.60228
2.60258
2.60288
2.60336
2.60384
2.60431
2.60479
2.60511
2.60543
2.60576
2.60608
2.60621
2.60634
2.60648
2.60661
2.60682
2.60703
2.60723
2.60744
2.60751
2.60758
2.60765
2.60771
2.60779
2.60786
2.60794
2.60801
2.60810
2.60819
2.60829
2.60838
2.60843
2.60849
2.60854
2.60860
2.60869
2.60878
2.60887
2.60895
2.60906
2.60917
2.60927
2.60938
2.60952
2.60966
2.60980
2.60994
2.61016
2.61038
2.61060
2.61082
2.61096
2.61111
2.61125
2.61139
2.61155
2.61171
2.61187
2.61203
2.61228
2.61253
2.61278
2.61303
2.61351
2.61398
2.61446
2.61494
2.61570
2.61645
2.61721
2.61796
2.61912
2.62028
2.62144
2.62260
2.62436
2.62612
2.62787
2.62963
2.63237
2.63510
2.63783
2.64056
2.64443
2.64830
2.65217
2.65604
2.66190
2.66776
2.67362
2.67948
2.68739
2.69529
2.70319
2.71110
2.72212
2.73314
2.74416
2.75518
2.76919
2.78320
2.79721
2.81122
2.82714
2.84306
2.85898
2.87490
2.89615
2.91740
2.93864
2.95989
2.97563
2.99137
3.00710
3.02284
3.04252
3.06221
3.08189
3.10157
3.12095
3.14033
3.15971
3.17909
3.18673
3.19437
3.20201
3.20965
3.22075
3.23186
3.24296
3.25406
3.26366
3.27326
3.28286
3.29245
3.28968
3.28690
3.28413
3.28135
3.27680
3.27226
3.26771
3.26316
3.25554
3.24791
3.24029
3.23267
3.22849
3.22431
3.22013
3.21595
3.21015
3.20434
3.19854
3.19274
3.18284
3.17294
3.16304
3.15314
3.13941
3.12567
3.11193
3.09819
3.09776
3.09733
3.09689
3.09646
3.09577
3.09508
3.09439
3.09370
3.09260
3.09150
3.09040
3.08930
3.08826
3.08721
3.08616
3.08511
3.08550
3.08590
3.08629
3.08668
3.08731
3.08794
3.08857
3.08920
3.09018
3.09117
3.09216
3.09314
3.09385
3.09456
3.09526
3.09597
3.09544
3.09491
3.09437
3.09384
3.09298
3.09212
3.09126
3.09040
3.08903
3.08767
3.08630
3.08493
3.08207
3.07922
3.07636
3.07350
3.06826
3.06302
3.05778
3.05254
3.04367
3.03481
3.02594
3.01708
3.00022
2.98337
2.96651
2.94966
2.34467
2.34467
2.34467
2.34467
2.34467
2.34467
2.34467
2.34467
2.34467
2.34467
2.34467
2.34467
2.34467
2.34467
2.34467
2.34467
2.34467
2.34467
2.34467
2.34467
2.34467
2.34467
2.34467
2.34467
2.34467
2.34467
2.34467
2.34467
2.34467
2.34467
2.34467
2.34467
2.34467
2.34467
2.34467
2.34467
2.34467
2.34467
2.34467
2.34467
2.34467
2.34467
2.34467
2.34467
2.34467
2.34467
2.34467
2.34467
2.34467
2.34467
2.34467
2.34467
2.34467
2.34467
2.34467
2.34467
2.34467
2.34467
2.34467
2.34467
2.34467
2.34467
2.34467
2.34467
2.34467
2.34467
2.34467
2.34467
2.34467
2.34467
2.34467
2.34467
2.34467
2.34467
2.34467
2.34467
2.34467
2.34467
2.34467
2.34467
2.34467
2.34467
2.34467
2.34467
2.34467
2.34467
2.34467
2.34467
2.34467
2.34467
2.34467
2.34467
2.34467
2.34467
2.34467
2.34467
2.34467
2.35192
2.35918
2.36643
2.37368
2.38923
2.40478
2.42033
2.43588
2.45101
2.46614
2.48127
2.49640
2.50300
2.50960
2.51620
2.52280
2.53226
2.54172
2.55118
2.56064
2.56294
2.56524
2.56754
2.56984
2.57340
2.57695
2.58051
2.58406
2.58605
2.58803
2.59002
2.59201
2.59310
2.59419
2.59529
2.59638
2.59770
2.59903
2.60035
2.60168
2.60198
2.60228
2.60258
2.60288
2.60336
2.60384
2.60431
2.60479
2.60511
2.60543
2.60576
2.60608
2.60621
2.60634
2.60648
2.60661
2.60682
2.60703
2.60723
2.60744
2.60751
2.60758
2.60765
2.60771
2.60779
2.60786
2.60794
2.60801
2.60810
2.60819
2.60829
2.60838
2.60843
2.60849
2.60854
2.60860
2.60869
2.60878
2.60887
2.60895
2.60906
2.60917
2.60927
2.60938
2.60952
2.60966
2.60980
2.60994
2.61016
2.61038
2.61060
2.61082
2.61096
2.61111
2.61125
2.61139
2.61155
2.61171
2.61187
2.61203
2.61228
2.61253
2.61278
2.61303
2.61351
2.61398
2.61446
2.61494
2.61570
2.61645
2.61721
2.61796
2.61912
2.62028
2.62144
2.62260
2.62436
2.62612
2.62787
2.62963
2.63237
2.63510
2.63783
2.64056
2.64443
2.64830
2.65217
2.65604
2.66190
2.66776
2.67362
2.67948
2.68739
2.69529
2.70319
2.71110
2.72212
2.73314
2.74416
2.75518
2.76919
2.78320
2.79721
2.81122
2.82714
2.84306
2.85898
2.87490
2.89615
2.91740
2.93864
2.95989
2.97563
2.99137
3.00710
3.02284
3.04252
3.06221
3.08189
3.10157
3.12095
3.14033
3.15971
3.17909
3.18673
3.19437
3.20201
3.20965
3.22075
3.23186
3.24296
3.25406
3.26366
3.27326
3.28286
3.29245
3.28968
3.28690
3.28413
3.28135
3.27680
3.27226
3.26771
3.26316
3.25554
3.24791
3.24029
3.23267
3.22849
3.22431
3.22013
3.21595
3.21015
3.20434
3.19854
3.19274
3.18284
3.17294
3.16304
3.15314
3.13941
3.12567
3.11193
3.09819
3.09776
3.09733
3.09689
3.09646
3.09577
3.09508
3.09439
3.09370
3.09260
3.09150
3.09040
3.08930
3.08826
3.08721
3.08616
3.08511
3.08550
3.08590
3.08629
3.08668
3.08731
3.08794
3.08857
3.08920
3.09018
3.09117
3.09216
3.09314
3.09385
3.09456
3.09526
3.09597
3.09544
3.09491
3.09437
3.09384
3.09298
3.09212
3.09126
3.09040
3.08903
3.08767
3.08630
3.08493
3.08207
3.07922
3.07636
3.07350
3.06826
3.06302
3.05778
3.05254
3.04367
3.03481
3.02594
3.01708
3.00022
2.98337
2.96651
2.94966
2.34467
2.34467
2.34467
2.34467
2.34467
2.34467
2.34467
2.34467
2.34467
2.34467
2.34467
2.34467
2.34467
2.34467
2.34467
2.34467
2.34467
2.34467
2.34467
2.34467
2.34467
2.34467
2.34467
2.34467
2.34467
2.34467
2.34467
2.34467
2.34467
2.34467
2.34467
2.34467
2.34467
2.34467
2.34467
2.34467
2.34467
2.34467
2.34467
2.34467
2.34467
2.34467
2.34467
2.34467
2.34467
2.34467
2.34467
2.34467
2.34467
2.34467
2.34467
2.34467
2.34467
2.34467
2.34467
2.34467
2.34467
2.34467
2.34467
2.34467
2.34467
2.34467
2.34467
2.34467
2.34467
2.34467
2.34467
2.34467
2.34467
2.34467
2.34467
2.34467
2.34467
2.34467
2.34467
2.34467
2.34467
2.34467
2.34467
2.34467
2.34467
2.34467
2.34467
2.34467
2.34467
2.34467
2.34467
2.34467
2.34467
2.34467
2.34467
2.34467
2.34467
2.34467
2.34467
2.34467
2.34467
2.35192
2.35918
2.36643
2.37368
2.38923
2.40478
2.42033
2.43588
2.45101
2.46614
2.48127
2.49640
2.50300
2.50960
2.51620
2.52280
2.53226
2.54172
2.55118
2.56064
2.56294
2.56524
2.56754
2.56984
2.57340
2.57695
2.58051
2.58406
2.58605
2.58803
2.59002
2.59201
2.59310
2.59419
2.59529
2.59638
2.59770
2.59903
2.60035
2.60168
2.60198
2.60228
2.60258
2.60288
2.60336
2.60384
2.60431
2.60479
2.60511
2.60543
2.60576
2.60608
2.60621
2.60634
2.60648
2.60661
2.60682
2.60703
2.60723
2.60744
2.60751
2.60758
2.60765
2.60771
2.60779
2.60786
2.60794
2.60801
2.60810
2.60819
2.60829
2.60838
2.60843
2.60849
2.60854
2.60860
2.60869
2.60878
2.60887
2.60895
2.60906
2.60917
2.60927
2.60938
2.60952
2.60966
2.60980
2.60994
2.61016
2.61038
2.61060
2.61082
2.61096
2.61111
2.61125
2.61139
2.61155
2.61171
2.61187
2.61203
2.61228
2.61253
2.61278
2.61303
2.61351
2.61398
2.61446
2.61494
2.61570
2.61645
2.61721
2.61796
2.61912
2.62028
2.62144
2.62260
2.62436
2.62612
2.62787
2.62963
2.63237
2.63510
2.63783
2.64056
2.64443
2.64830
2.65217
2.65604
2.66190
2.66776
2.67362
2.67948
2.68739
2.69529
2.70319
2.71110
2.72212
2.73314
2.74416
2.75518
2.76919
2.78320
2.79721
2.81122
2.82714
2.84306
2.85898
2.87490
2.89615
2.91740
2.93864
2.95989
2.97563
2.99137
3.00710
3.02284
3.04252
3.06221
3.08189
3.10157
3.12095
3.14033
3.15971
3.17909
3.18673
3.19437
3.20201
3.20965
3.22075
3.23186
3.24296
3.25406
3.26366
3.27326
3.28286
3.29245
3.28968
3.28690
3.28413
3.28135
3.27680
3.27226
3.26771
3.26316
3.25554
3.24791
3.24029
3.23267
3.22849
3.22431
3.22013
3.21595
3.21015
3.20434
3.19854
3.19274
3.18284
3.17294
3.16304
3.15314
3.13941
3.12567
3.11193
3.09819
3.09776
3.09733
3.09689
3.09646
3.09577
3.09508
3.09439
3.09370
3.09260
3.09150
3.09040
3.08930
3.08826
3.08721
3.08616
3.08511
3.08550
3.08590
3.08629
3.08668
3.08731
3.08794
3.08857
3.08920
3.09018
3.09117
3.09216
3.09314
3.09385
3.09456
3.09526
3.09597
3.09544
3.09491
3.09437
3.09384
3.09298
3.09212
3.09126
3.09040
3.08903
3.08767
3.08630
3.08493
3.08207
3.07922
3.07636
3.07350
3.06826
3.06302
3.05778
3.05254
3.04367
3.03481
3.02594
3.01708
3.00022
2.98337
2.96651
2.94966
2.34467
2.34467
2.34467
2.34467
2.34467
2.34467
2.34467
2.34467
2.34467
2.34467
2.34467
2.34467
2.34467
2.34467
2.34467
2.34467
2.34467
2.34467
2.34467
2.34467
2.34467
2.34467
2.34467
2.34467
2.34467
2.34467
2.34467
2.34467
2.34467
2.34467
2.34467
2.34467
2.34467
2.34467
2.34467
2.34467
2.34467
2.34467
2.34467
2.34467
2.34467
2.34467
2.34467
2.34467
2.34467
2.34467
2.34467
2.34467
2.34467
2.34467
2.34467
2.34467
2.34467
2.34467
2.34467
2.34467
2.34467
2.34467
2.34467
2.34467
2.34467
2.34467
2.34467
2.34467
2.34467
2.34467
2.34467
2.34467
2.34467
2.34467
2.34467
2.34467
2.34467
2.34467
2.34467
2.34467
2.34467
2.34467
2.34467
2.34467
2.34467
2.34467
2.34467
2.34467
2.34467
2.34467
2.34467
2.34467
2.34467
2.34467
2.34467
2.34467
2.34467
2.34467
2.34467
2.34467
2.34467
2.35192
2.35918
2.36643
2.37368
2.38923
2.40478
2.42033
2.43588
2.45101
2.46614
2.48127
2.49640
2.50300
2.50960
2.51620
2.52280
2.53226
2.54172
2.55118
2.56064
2.56294
2.56524
2.56754
2.56984
2.57340
2.57695
2.58051
2.58406
2.58605
2.58803
2.59002
2.59201
2.59310
2.59419
2.59529
2.59638
2.59770
2.59903
2.60035
2.60168
2.60198
2.60228
2.60258
2.60288
2.60336
2.60384
2.60431
2.60479
2.60511
2.60543
2.60576
2.60608
2.60621
2.60634
2.60648
2.60661
2.60682
2.60703
2.60723
2.60744
2.60751
2.60758
2.60765
2.60771
2.60779
2.60786
2.60794
2.60801
2.60810
2.60819
2.60829
2.60838
2.60843
2.60849
2.60854
2.60860
2.60869
2.60878
2.60887
2.60895
2.60906
2.60917
2.60927
2.60938
2.60952
2.60966
2.60980
2.60994
2.61016
2.61038
2.61060
2.61082
2.61096
2.61111
2.61125
2.61139
2.61155
2.61171
2.61187
2.61203
2.61228
2.61253
2.61278
2.61303
2.61351
2.61398
2.61446
2.61494
2.61570
2.61645
2.61721
2.61796
2.61912
2.62028
2.62144
2.62260
2.62436
2.62612
2.62787
2.62963
2.63237
2.63510
2.63783
2.64056
2.64443
2.64830
2.65217
2.65604
2.66190
2.66776
2.67362
2.67948
2.68739
2.69529
2.70319
2.71110
2.72212
2.73314
2.74416
2.75518
2.76919
2.78320
2.79721
2.81122
2.82714
2.84306
2.85898
2.87490
2.89615
2.91740
2.93864
2.95989
2.97563
2.99137
3.00710
3.02284
3.04252
3.06221
3.08189
3.10157
3.12095
3.14033
3.15971
3.17909
3.18673
3.19437
3.20201
3.20965
3.22075
3.23186
3.24296
3.25406
3.26366
3.27326
3.28286
3.29245
3.28968
3.28690
3.28413
3.28135
3.27680
3.27226
3.26771
3.26316
3.25554
3.24791
3.24029
3.23267
3.22849
3.22431
3.22013
3.21595
3.21015
3.20434
3.19854
3.19274
3.18284
3.17294
3.16304
3.15314
3.13941
3.12567
3.11193
3.09819
3.09776
3.09733
3.09689
3.09646
3.09577
3.09508
3.09439
3.09370
3.09260
3.09150
3.09040
3.08930
3.08826
3.08721
3.08616
3.08511
3.08550
3.08590
3.08629
3.08668
3.08731
3.08794
3.08857
3.08920
3.09018
3.09117
3.09216
3.09314
3.09385
3.09456
3.09526
3.09597
3.09544
3.09491
3.09437
3.09384
3.09298
3.09212
3.09126
3.09040
3.08903
3.08767
3.08630
3.08493
3.08207
3.07922
3.07636
3.07350
3.06826
3.06302
3.05778
3.05254
3.04367
3.03481
3.02594
3.01708
3.00022
2.98337
2.96651
2.94966
2.34467
2.34467
2.34467
2.34467
2.34467
2.34467
2.34467
2.34467
2.34467
2.34467
2.34467
2.34467
2.34467
2.34467
2.34467
2.34467
2.34467
2.34467
2.34467
2.34467
2.34467
2.34467
2.34467
2.34467
2.34467
2.34467
2.34467
2.34467
2.34467
2.34467
2.34467
2.34467
2.34467
2.34467
2.34467
2.34467
2.34467
2.34467
2.34467
2.34467
2.34467
2.34467
2.34467
2.34467
2.34467
2.34467
2.34467
2.34467
2.34467
2.34467
2.34467
2.34467
2.34467
2.34467
2.34467
2.34467
2.34467
2.34467
2.34467
2.34467
2.34467
2.34467
2.34467
2.34467
2.34467
2.34467
2.34467
2.34467
2.34467
2.34467
2.34467
2.34467
2.34467
2.34467
2.34467
2.34467
2.34467
2.34467
2.34467
2.34467
2.34467
2.34467
2.34467
2.34467
2.34467
2.34467
2.34467
2.34467
2.34467
2.34467
2.34467
2.34467
2.34467
2.34467
2.34467
2.34467
2.34467
2.35192
2.35918
2.36643
2.37368
2.38923
2.40478
2.42033
2.43588
2.45101
2.46614
2.48127
2.49640
2.50300
2.50960
2.51620
2.52280
2.53226
2.54172
2.55118
2.56064
2.56294
2.56524
2.56754
2.56984
2.57340
2.57695
2.58051
2.58406
2.58605
2.58803
2.59002
2.59201
2.59310
2.59419
2.59529
2.59638
2.59770
2.59903
2.60035
2.60168
2.60198
2.60228
2.60258
2.60288
2.60336
2.60384
2.60431
2.60479
2.60511
2.60543
2.60576
2.60608
2.60621
2.60634
2.60648
2.60661
2.60682
2.60703
2.60723
2.60744
2.60751
2.60758
2.60765
2.60771
2.60779
2.60786
2.60794
2.60801
2.60810
2.60819
2.60829
2.60838
2.60843
2.60849
2.60854
2.60860
2.60869
2.60878
2.60887
2.60895
2.60906
2.60917
2.60927
2.60938
2.60952
2.60966
2.60980
2.60994
2.61016
2.61038
2.61060
2.61082
2.61096
2.61111
2.61125
2.61139
2.61155
2.61171
2.61187
2.61203
2.61228
2.61253
2.61278
2.61303
2.61351
2.61398
2.61446
2.61494
2.61570
2.61645
2.61721
2.61796
2.61912
2.62028
2.62144
2.62260
2.62436
2.62612
2.62787
2.62963
2.63237
2.63510
2.63783
2.64056
2.64443
2.64830
2.65217
2.65604
2.66190
2.66776
2.67362
2.67948
2.68739
2.69529
2.70319
2.71110
2.72212
2.73314
2.74416
2.75518
2.76919
2.78320
2.79721
2.81122
2.82714
2.84306
2.85898
2.87490
2.89615
2.91740
2.93864
2.95989
2.97563
2.99137
3.00710
3.02284
3.04252
3.06221
3.08189
3.10157
3.12095
3.14033
3.15971
3.17909
3.18673
3.19437
3.20201
3.20965
3.22075
3.23186
3.24296
3.25406
3.26366
3.27326
3.28286
3.29245
3.28968
3.28690
3.28413
3.28135
3.27680
3.27226
3.26771
3.26316
3.25554
3.24791
3.24029
3.23267
3.22849
3.22431
3.22013
3.21595
3.21015
3.20434
3.19854
3.19274
3.18284
3.17294
3.16304
3.15314
3.13941
3.12567
3.11193
3.09819
3.09776
3.09733
3.09689
3.09646
3.09577
3.09508
3.09439
3.09370
3.09260
3.09150
3.09040
3.08930
3.08826
3.08721
3.08616
3.08511
3.08550
3.08590
3.08629
3.08668
3.08731
3.08794
3.08857
3.08920
3.09018
3.09117
3.09216
3.09314
3.09385
3.09456
3.09526
3.09597
3.09544
3.09491
3.09437
3.09384
3.09298
3.09212
3.09126
3.09040
3.08903
3.08767
3.08630
3.08493
3.08207
3.07922
3.07636
3.07350
3.06826
3.06302
3.05778
3.05254
3.04367
3.03481
3.02594
3.01708
3.00022
2.98337
2.96651
2.94966
2.34467
2.34467
2.34467
2.34467
2.34467
2.34467
2.34467
2.34467
2.34467
2.34467
2.34467
2.34467
2.34467
2.34467
2.34467
2.34467
2.34467
2.34467
2.34467
2.34467
2.34467
2.34467
2.34467
2.34467
2.34467
2.34467
2.34467
2.34467
2.34467
2.34467
2.34467
2.34467
2.34467
2.34467
2.34467
2.34467
2.34467
2.34467
2.34467
2.34467
2.34467
2.34467
2.34467
2.34467
2.34467
2.34467
2.34467
2.34467
2.34467
2.34467
2.34467
2.34467
2.34467
2.34467
2.34467
2.34467
2.34467
2.34467
2.34467
2.34467
2.34467
2.34467
2.34467
2.34467
2.34467
2.34467
2.34467
2.34467
2.34467
2.34467
2.34467
2.34467
2.34467
2.34467
2.34467
2.34467
2.34467
2.34467
2.34467
2.34467
2.34467
2.34467
2.34467
2.34467
2.34467
2.34467
2.34467
2.34467
2.34467
2.34467
2.34467
2.34467
2.34467
2.34467
2.34467
2.34467
2.34467
2.35192
2.35918
2.36643
2.37368
2.38923
2.40478
2.42033
2.43588
2.45101
2.46614
2.48127
2.49640
2.50300
2.50960
2.51620
2.52280
2.53226
2.54172
2.55118
2.56064
2.56294
2.56524
2.56754
2.56984
2.57340
2.57695
2.58051
2.58406
2.58605
2.58803
2.59002
2.59201
2.59310
2.59419
2.59529
2.59638
2.59770
2.59903
2.60035
2.60168
2.60198
2.60228
2.60258
2.60288
2.60336
2.60384
2.60431
2.60479
2.60511
2.60543
2.60576
2.60608
2.60621
2.60634
2.60648
2.60661
2.60682
2.60703
2.60723
2.60744
2.60751
2.60758
2.60765
2.60771
2.60779
2.60786
2.60794
2.60801
2.60810
2.60819
2.60829
2.60838
2.60843
2.60849
2.60854
2.60860
2.60869
2.60878
2.60887
2.60895
2.60906
2.60917
2.60927
2.60938
2.60952
2.60966
2.60980
2.60994
2.61016
2.61038
2.61060
2.61082
2.61096
2.61111
2.61125
2.61139
2.61155
2.61171
2.61187
2.61203
2.61228
2.61253
2.61278
2.61303
2.61351
2.61398
2.61446
2.61494
2.61570
2.61645
2.61721
2.61796
2.61912
2.62028
2.62144
2.62260
2.62436
2.62612
2.62787
2.62963
2.63237
2.63510
2.63783
2.64056
2.64443
2.64830
2.65217
2.65604
2.66190
2.66776
2.67362
2.67948
2.68739
2.69529
2.70319
2.71110
2.72212
2.73314
2.74416
2.75518
2.76919
2.78320
2.79721
2.81122
2.82714
2.84306
2.85898
2.87490
2.89615
2.91740
2.93864
2.95989
2.97563
2.99137
3.00710
3.02284
3.04252
3.06221
3.08189
3.10157
3.12095
3.14033
3.15971
3.17909
3.18673
3.19437
3.20201
3.20965
3.22075
3.23186
3.24296
3.25406
3.26366
3.27326
3.28286
3.29245
3.28968
3.28690
3.28413
3.28135
3.27680
3.27226
3.26771
3.26316
3.25554
3.24791
3.24029
3.23267
3.22849
3.22431
3.22013
3.21595
3.21015
3.20434
3.19854
3.19274
3.18284
3.17294
3.16304
3.15314
3.13941
3.12567
3.11193
3.09819
3.09776
3.09733
3.09689
3.09646
3.09577
3.09508
3.09439
3.09370
3.09260
3.09150
3.09040
3.08930
3.08826
3.08721
3.08616
3.08511
3.08550
3.08590
3.08629
3.08668
3.08731
3.08794
3.08857
3.08920
3.09018
3.09117
3.09216
3.09314
3.09385
3.09456
3.09526
3.09597
3.09544
3.09491
3.09437
3.09384
3.09298
3.09212
3.09126
3.09040
3.08903
3.08767
3.08630
3.08493
3.08207
3.07922
3.07636
3.07350
3.06826
3.06302
3.05778
3.05254
3.04367
3.03481
3.02594
3.01708
3.00022
2.98337
2.96651
2.94966
2.34467
2.34467
2.34467
2.34467
2.34467
2.34467
2.34467
2.34467
2.34467
2.34467
2.34467
2.34467
2.34467
2.34467
2.34467
2.34467
2.34467
2.34467
2.34467
2.34467
2.34467
2.34467
2.34467
2.34467
2.34467
2.34467
2.34467
2.34467
2.34467
2.34467
2.34467
2.34467
2.34467
2.34467
2.34467
2.34467
2.34467
2.34467
2.34467
2.34467
2.34467
2.34467
2.34467
2.34467
2.34467
2.34467
2.34467
2.34467
2.34467
2.34467
2.34467
2.34467
2.34467
2.34467
2.34467
2.34467
2.34467
2.34467
2.34467
2.34467
2.34467
2.34467
2.34467
2.34467
2.34467
2.34467
2.34467
2.34467
2.34467
2.34467
2.34467
2.34467
2.34467
2.34467
2.34467
2.34467
2.34467
2.34467
2.34467
2.34467
2.34467
2.34467
2.34467
2.34467
2.34467
2.34467
2.34467
2.34467
2.34467
2.34467
2.34467
2.34467
2.34467
2.34467
2.34467
2.34467
2.34467
2.35192
2.35918
2.36643
2.37368
2.38923
2.40478
2.42033
2.43588
2.45101
2.46614
2.48127
2.49640
2.50300
2.50960
2.51620
2.52280
2.53226
2.54172
2.55118
2.56064
2.56294
2.56524
2.56754
2.56984
2.57340
2.57695
2.58051
2.58406
2.58605
2.58803
2.59002
2.59201
2.59310
2.59419
2.59529
2.59638
2.59770
2.59903
2.60035
2.60168
2.60198
2.60228
2.60258
2.60288
2.60336
2.60384
2.60431
2.60479
2.60511
2.60543
2.60576
2.60608
2.60621
2.60634
2.60648
2.60661
2.60682
2.60703
2.60723
2.60744
2.60751
2.60758
2.60765
2.60771
2.60779
2.60786
2.60794
2.60801
2.60810
2.60819
2.60829
2.60838
2.60843
2.60849
2.60854
2.60860
2.60869
2.60878
2.60887
2.60895
2.60906
2.60917
2.60927
2.60938
2.60952
2.60966
2.60980
2.60994
2.61016
2.61038
2.61060
2.61082
2.61096
2.61111
2.61125
2.61139
2.61155
2.61171
2.61187
2.61203
2.61228
2.61253
2.61278
2.61303
2.61351
2.61398
2.61446
2.61494
2.61570
2.61645
2.61721
2.61796
2.61912
2.62028
2.62144
2.62260
2.62436
2.62612
2.62787
2.62963
2.63237
2.63510
2.63783
2.64056
2.64443
2.64830
2.65217
2.65604
2.66190
2.66776
2.67362
2.67948
2.68739
2.69529
2.70319
2.71110
2.72212
2.73314
2.74416
2.75518
2.76919
2.78320
2.79721
2.81122
2.82714
2.84306
2.85898
2.87490
2.89615
2.91740
2.93864
2.95989
2.97563
2.99137
3.00710
3.02284
3.04252
3.06221
3.08189
3.10157
3.12095
3.14033
3.15971
3.17909
3.18673
3.19437
3.20201
3.20965
3.22075
3.23186
3.24296
3.25406
3.26366
3.27326
3.28286
3.29245
3.28968
3.28690
3.28413
3.28135
3.27680
3.27226
3.26771
3.26316
3.25554
3.24791
3.24029
3.23267
3.22849
3.22431
3.22013
3.21595
3.21015
3.20434
3.19854
3.19274
3.18284
3.17294
3.16304
3.15314
3.13941
3.12567
3.11193
3.09819
3.09776
3.09733
3.09689
3.09646
3.09577
3.09508
3.09439
3.09370
3.09260
3.09150
3.09040
3.08930
3.08826
3.08721
3.08616
3.08511
3.08550
3.08590
3.08629
3.08668
3.08731
3.08794
3.08857
3.08920
3.09018
3.09117
3.09216
3.09314
3.09385
3.09456
3.09526
3.09597
3.09544
3.09491
3.09437
3.09384
3.09298
3.09212
3.09126
3.09040
3.08903
3.08767
3.08630
3.08493
3.08207
3.07922
3.07636
3.07350
3.06826
3.06302
3.05778
3.05254
3.04367
3.03481
3.02594
3.01708
3.00022
2.98337
2.96651
2.94966
2.34467
2.34467
2.34467
2.34467
2.34467
2.34467
2.34467
2.34467
2.34467
2.34467
2.34467
2.34467
2.34467
2.34467
2.34467
2.34467
2.34467
2.34467
2.34467
2.34467
2.34467
2.34467
2.34467
2.34467
2.34467
2.34467
2.34467
2.34467
2.34467
2.34467
2.34467
2.34467
2.34467
2.34467
2.34467
2.34467
2.34467
2.34467
2.34467
2.34467
2.34467
2.34467
2.34467
2.34467
2.34467
2.34467
2.34467
2.34467
2.34467
2.34467
2.34467
2.34467
2.34467
2.34467
2.34467
2.34467
2.34467
2.34467
2.34467
2.34467
2.34467
2.34467
2.34467
2.34467
2.34467
2.34467
2.34467
2.34467
2.34467
2.34467
2.34467
2.34467
2.34467
2.34467
2.34467
2.34467
2.34467
2.34467
2.34467
2.34467
2.34467
2.34467
2.34467
2.34467
2.34467
2.34467
2.34467
2.34467
2.34467
2.34467
2.34467
2.34467
2.34467
2.34467
2.34467
2.34467
2.34467
2.35192
2.35918
2.36643
2.37368
2.38923
2.40478
2.42033
2.43588
2.45101
2.46614
2.48127
2.49640
2.50300
2.50960
2.51620
2.52280
2.53226
2.54172
2.55118
2.56064
2.56294
2.56524
2.56754
2.56984
2.57340
2.57695
2.58051
2.58406
2.58605
2.58803
2.59002
2.59201
2.59310
2.59419
2.59529
2.59638
2.59770
2.59903
2.60035
2.60168
2.60198
2.60228
2.60258
2.60288
2.60336
2.60384
2.60431
2.60479
2.60511
2.60543
2.60576
2.60608
2.60621
2.60634
2.60648
2.60661
2.60682
2.60703
2.60723
2.60744
2.60751
2.60758
2.60765
2.60771
2.60779
2.60786
2.60794
2.60801
2.60810
2.60819
2.60829
2.60838
2.60843
2.60849
2.60854
2.60860
2.60869
2.60878
2.60887
2.60895
2.60906
2.60917
2.60927
2.60938
2.60952
2.60966
2.60980
2.60994
2.61016
2.61038
2.61060
2.61082
2.61096
2.61111
2.61125
2.61139
2.61155
2.61171
2.61187
2.61203
2.61228
2.61253
2.61278
2.61303
2.61351
2.61398
2.61446
2.61494
2.61570
2.61645
2.61721
2.61796
2.61912
2.62028
2.62144
2.62260
2.62436
2.62612
2.62787
2.62963
2.63237
2.63510
2.63783
2.64056
2.64443
2.64830
2.65217
2.65604
2.66190
2.66776
2.67362
2.67948
2.68739
2.69529
2.70319
2.71110
2.72212
2.73314
2.74416
2.75518
2.76919
2.78320
2.79721
2.81122
2.82714
2.84306
2.85898
2.87490
2.89615
2.91740
2.93864
2.95989
2.97563
2.99137
3.00710
3.02284
3.04252
3.06221
3.08189
3.10157
3.12095
3.14033
3.15971
3.17909
3.18673
3.19437
3.20201
3.20965
3.22075
3.23186
3.24296
3.25406
3.26366
3.27326
3.28286
3.29245
3.28968
3.28690
3.28413
3.28135
3.27680
3.27226
3.26771
3.26316
3.25554
3.24791
3.24029
3.23267
3.22849
3.22431
3.22013
3.21595
3.21015
3.20434
3.19854
3.19274
3.18284
3.17294
3.16304
3.15314
3.13941
3.12567
3.11193
3.09819
3.09776
3.09733
3.09689
3.09646
3.09577
3.09508
3.09439
3.09370
3.09260
3.09150
3.09040
3.08930
3.08826
3.08721
3.08616
3.08511
3.08550
3.08590
3.08629
3.08668
3.08731
3.08794
3.08857
3.08920
3.09018
3.09117
3.09216
3.09314
3.09385
3.09456
3.09526
3.09597
3.09544
3.09491
3.09437
3.09384
3.09298
3.09212
3.09126
3.09040
3.08903
3.08767
3.08630
3.08493
3.08207
3.07922
3.07636
3.07350
3.06826
3.06302
3.05778
3.05254
3.04367
3.03481
3.02594
3.01708
3.00022
2.98337
2.96651
2.94966
2.34467
2.34467
2.34467
2.34467
2.34467
2.34467
2.34467
2.34467
2.34467
2.34467
2.34467
2.34467
2.34467
2.34467
2.34467
2.34467
2.34467
2.34467
2.34467
2.34467
2.34467
2.34467
2.34467
2.34467
2.34467
2.34467
2.34467
2.34467
2.34467
2.34467
2.34467
2.34467
2.34467
2.34467
2.34467
2.34467
2.34467
2.34467
2.34467
2.34467
2.34467
2.34467
2.34467
2.34467
2.34467
2.34467
2.34467
2.34467
2.34467
2.34467
2.34467
2.34467
2.34467
2.34467
2.34467
2.34467
2.34467
2.34467
2.34467
2.34467
2.34467
2.34467
2.34467
2.34467
2.34467
2.34467
2.34467
2.34467
2.34467
2.34467
2.34467
2.34467
2.34467
2.34467
2.34467
2.34467
2.34467
2.34467
2.34467
2.34467
2.34467
2.34467
2.34467
2.34467
2.34467
2.34467
2.34467
2.34467
2.34467
2.34467
2.34467
2.34467
2.34467
2.34467
2.34467
2.34467
2.34467
2.35192
2.35918
2.36643
2.37368
2.38923
2.40478
2.42033
2.43588
2.45101
2.46614
2.48127
2.49640
2.50300
2.50960
2.51620
2.52280
2.53226
2.54172
2.55118
2.56064
2.56294
2.56524
2.56754
2.56984
2.57340
2.57695
2.58051
2.58406
2.58605
2.58803
2.59002
2.59201
2.59310
2.59419
2.59529
2.59638
2.59770
2.59903
2.60035
2.60168
2.60198
2.60228
2.60258
2.60288
2.60336
2.60384
2.60431
2.60479
2.60511
2.60543
2.60576
2.60608
2.60621
2.60634
2.60648
2.60661
2.60682
2.60703
2.60723
2.60744
2.60751
2.60758
2.60765
2.60771
2.60779
2.60786
2.60794
2.60801
2.60810
2.60819
2.60829
2.60838
2.60843
2.60849
2.60854
2.60860
2.60869
2.60878
2.60887
2.60895
2.60906
2.60917
2.60927
2.60938
2.60952
2.60966
2.60980
2.60994
2.61016
2.61038
2.61060
2.61082
2.61096
2.61111
2.61125
2.61139
2.61155
2.61171
2.61187
2.61203
2.61228
2.61253
2.61278
2.61303
2.61351
2.61398
2.61446
2.61494
2.61570
2.61645
2.61721
2.61796
2.61912
2.62028
2.62144
2.62260
2.62436
2.62612
2.62787
2.62963
2.63237
2.63510
2.63783
2.64056
2.64443
2.64830
2.65217
2.65604
2.66190
2.66776
2.67362
2.67948
2.68739
2.69529
2.70319
2.71110
2.72212
2.73314
2.74416
2.75518
2.76919
2.78320
2.79721
2.81122
2.82714
2.84306
2.85898
2.87490
2.89615
2.91740
2.93864
2.95989
2.97563
2.99137
3.00710
3.02284
3.04252
3.06221
3.08189
3.10157
3.12095
3.14033
3.15971
3.17909
3.18673
3.19437
3.20201
3.20965
3.22075
3.23186
3.24296
3.25406
3.26366
3.27326
3.28286
3.29245
3.28968
3.28690
3.28413
3.28135
3.27680
3.27226
3.26771
3.26316
3.25554
3.24791
3.24029
3.23267
3.22849
3.22431
3.22013
3.21595
3.21015
3.20434
3.19854
3.19274
3.18284
3.17294
3.16304
3.15314
3.13941
3.12567
3.11193
3.09819
3.09776
3.09733
3.09689
3.09646
3.09577
3.09508
3.09439
3.09370
3.09260
3.09150
3.09040
3.08930
3.08826
3.08721
3.08616
3.08511
3.08550
3.08590
3.08629
3.08668
3.08731
3.08794
3.08857
3.08920
3.09018
3.09117
3.09216
3.09314
3.09385
3.09456
3.09526
3.09597
3.09544
3.09491
3.09437
3.09384
3.09298
3.09212
3.09126
3.09040
3.08903
3.08767
3.08630
3.08493
3.08207
3.07922
3.07636
3.07350
3.06826
3.06302
3.05778
3.05254
3.04367
3.03481
3.02594
3.01708
3.00022
2.98337
2.96651
2.94966
2.34467
2.34467
2.34467
2.34467
2.34467
2.34467
2.34467
2.34467
2.34467
2.34467
2.34467
2.34467
2.34467
2.34467
2.34467
2.34467
2.34467
2.34467
2.34467
2.34467
2.34467
2.34467
2.34467
2.34467
2.34467
2.34467
2.34467
2.34467
2.34467
2.34467
2.34467
2.34467
2.34467
2.34467
2.34467
2.34467
2.34467
2.34467
2.34467
2.34467
2.34467
2.34467
2.34467
2.34467
2.34467
2.34467
2.34467
2.34467
2.34467
2.34467
2.34467
2.34467
2.34467
2.34467
2.34467
2.34467
2.34467
2.34467
2.34467
2.34467
2.34467
2.34467
2.34467
2.34467
2.34467
2.34467
2.34467
2.34467
2.34467
2.34467
2.34467
2.34467
2.34467
2.34467
2.34467
2.34467
2.34467
2.34467
2.34467
2.34467
2.34467
2.34467
2.34467
2.34467
2.34467
2.34467
2.34467
2.34467
2.34467
2.34467
2.34467
2.34467
2.34467
2.34467
2.34467
2.34467
2.34467
2.35192
2.35918
2.36643
2.37368
2.38923
2.40478
2.42033
2.43588
2.45101
2.46614
2.48127
2.49640
2.50300
2.50960
2.51620
2.52280
2.53226
2.54172
2.55118
2.56064
2.56294
2.56524
2.56754
2.56984
2.57340
2.57695
2.58051
2.58406
2.58605
2.58803
2.59002
2.59201
2.59310
2.59419
2.59529
2.59638
2.59770
2.59903
2.60035
2.60168
2.60198
2.60228
2.60258
2.60288
2.60336
2.60384
2.60431
2.60479
2.60511
2.60543
2.60576
2.60608
2.60621
2.60634
2.60648
2.60661
2.60682
2.60703
2.60723
2.60744
2.60751
2.60758
2.60765
2.60771
2.60779
2.60786
2.60794
2.60801
2.60810
2.60819
2.60829
2.60838
2.60843
2.60849
2.60854
2.60860
2.60869
2.60878
2.60887
2.60895
2.60906
2.60917
2.60927
2.60938
2.60952
2.60966
2.60980
2.60994
2.61016
2.61038
2.61060
2.61082
2.61096
2.61111
2.61125
2.61139
2.61155
2.61171
2.61187
2.61203
2.61228
2.61253
2.61278
2.61303
2.61351
2.61398
2.61446
2.61494
2.61570
2.61645
2.61721
2.61796
2.61912
2.62028
2.62144
2.62260
2.62436
2.62612
2.62787
2.62963
2.63237
2.63510
2.63783
2.64056
2.64443
2.64830
2.65217
2.65604
2.66190
2.66776
2.67362
2.67948
2.68739
2.69529
2.70319
2.71110
2.72212
2.73314
2.74416
2.75518
2.76919
2.78320
2.79721
2.81122
2.82714
2.84306
2.85898
2.87490
2.89615
2.91740
2.93864
2.95989
2.97563
2.99137
3.00710
3.02284
3.04252
3.06221
3.08189
3.10157
3.12095
3.14033
3.15971
3.17909
3.18673
3.19437
3.20201
3.20965
3.22075
3.23186
3.24296
3.25406
3.26366
3.27326
3.28286
3.29245
3.28968
3.28690
3.28413
3.28135
3.27680
3.27226
3.26771
3.26316
3.25554
3.24791
3.24029
3.23267
3.22849
3.22431
3.22013
3.21595
3.21015
3.20434
3.19854
3.19274
3.18284
3.17294
3.16304
3.15314
3.13941
3.12567
3.11193
3.09819
3.09776
3.09733
3.09689
3.09646
3.09577
3.09508
3.09439
3.09370
3.09260
3.09150
3.09040
3.08930
3.08826
3.08721
3.08616
3.08511
3.08550
3.08590
3.08629
3.08668
3.08731
3.08794
3.08857
3.08920
3.09018
3.09117
3.09216
3.09314
3.09385
3.09456
3.09526
3.09597
3.09544
3.09491
3.09437
3.09384
3.09298
3.09212
3.09126
3.09040
3.08903
3.08767
3.08630
3.08493
3.08207
3.07922
3.07636
3.07350
3.06826
3.06302
3.05778
3.05254
3.04367
3.03481
3.02594
3.01708
3.00022
2.98337
2.96651
2.94966
2.34467
2.34467
2.34467
2.34467
2.34467
2.34467
2.34467
2.34467
2.34467
2.34467
2.34467
2.34467
2.34467
2.34467
2.34467
2.34467
2.34467
2.34467
2.34467
2.34467
2.34467
2.34467
2.34467
2.34467
2.34467
2.34467
2.34467
2.34467
2.34467
2.34467
2.34467
2.34467
2.34467
2.34467
2.34467
2.34467
2.34467
2.34467
2.34467
2.34467
2.34467
2.34467
2.34467
2.34467
2.34467
2.34467
2.34467
2.34467
2.34467
2.34467
2.34467
2.34467
2.34467
2.34467
2.34467
2.34467
2.34467
2.34467
2.34467
2.34467
2.34467
2.34467
2.34467
2.34467
2.34467
2.34467
2.34467
2.34467
2.34467
2.34467
2.34467
2.34467
2.34467
2.34467
2.34467
2.34467
2.34467
2.34467
2.34467
2.34467
2.34467
2.34467
2.34467
2.34467
2.34467
2.34467
2.34467
2.34467
2.34467
2.34467
2.34467
2.34467
2.34467
2.34467
2.34467
2.34467
2.34467
2.35192
2.35918
2.36643
2.37368
2.38923
2.40478
2.42033
2.43588
2.45101
2.46614
2.48127
2.49640
2.50300
2.50960
2.51620
2.52280
2.53226
2.54172
2.55118
2.56064
2.56294
2.56524
2.56754
2.56984
2.57340
2.57695
2.58051
2.58406
2.58605
2.58803
2.59002
2.59201
2.59310
2.59419
2.59529
2.59638
2.59770
2.59903
2.60035
2.60168
2.60198
2.60228
2.60258
2.60288
2.60336
2.60384
2.60431
2.60479
2.60511
2.60543
2.60576
2.60608
2.60621
2.60634
2.60648
2.60661
2.60682
2.60703
2.60723
2.60744
2.60751
2.60758
2.60765
2.60771
2.60779
2.60786
2.60794
2.60801
2.60810
2.60819
2.60829
2.60838
2.60843
2.60849
2.60854
2.60860
2.60869
2.60878
2.60887
2.60895
2.60906
2.60917
2.60927
2.60938
2.60952
2.60966
2.60980
2.60994
2.61016
2.61038
2.61060
2.61082
2.61096
2.61111
2.61125
2.61139
2.61155
2.61171
2.61187
2.61203
2.61228
2.61253
2.61278
2.61303
2.61351
2.61398
2.61446
2.61494
2.61570
2.61645
2.61721
2.61796
2.61912
2.62028
2.62144
2.62260
2.62436
2.62612
2.62787
2.62963
2.63237
2.63510
2.63783
2.64056
2.64443
2.64830
2.65217
2.65604
2.66190
2.66776
2.67362
2.67948
2.68739
2.69529
2.70319
2.71110
2.72212
2.73314
2.74416
2.75518
2.76919
2.78320
2.79721
2.81122
2.82714
2.84306
2.85898
2.87490
2.89615
2.91740
2.93864
2.95989
2.97563
2.99137
3.00710
3.02284
3.04252
3.06221
3.08189
3.10157
3.12095
3.14033
3.15971
3.17909
3.18673
3.19437
3.20201
3.20965
3.22075
3.23186
3.24296
3.25406
3.26366
3.27326
3.28286
3.29245
3.28968
3.28690
3.28413
3.28135
3.27680
3.27226
3.26771
3.26316
3.25554
3.24791
3.24029
3.23267
3.22849
3.22431
3.22013
3.21595
3.21015
3.20434
3.19854
3.19274
3.18284
3.17294
3.16304
3.15314
3.13941
3.12567
3.11193
3.09819
3.09776
3.09733
3.09689
3.09646
3.09577
3.09508
3.09439
3.09370
3.09260
3.09150
3.09040
3.08930
3.08826
3.08721
3.08616
3.08511
3.08550
3.08590
3.08629
3.08668
3.08731
3.08794
3.08857
3.08920
3.09018
3.09117
3.09216
3.09314
3.09385
3.09456
3.09526
3.09597
3.09544
3.09491
3.09437
3.09384
3.09298
3.09212
3.09126
3.09040
3.08903
3.08767
3.08630
3.08493
3.08207
3.07922
3.07636
3.07350
3.06826
3.06302
3.05778
3.05254
3.04367
3.03481
3.02594
3.01708
3.00022
2.98337
2.96651
2.94966
2.34467
2.34467
2.34467
2.34467
2.34467
2.34467
2.34467
2.34467
2.34467
2.34467
2.34467
2.34467
2.34467
2.34467
2.34467
2.34467
2.34467
2.34467
2.34467
2.34467
2.34467
2.34467
2.34467
2.34467
2.34467
2.34467
2.34467
2.34467
2.34467
2.34467
2.34467
2.34467
2.34467
2.34467
2.34467
2.34467
2.34467
2.34467
2.34467
2.34467
2.34467
2.34467
2.34467
2.34467
2.34467
2.34467
2.34467
2.34467
2.34467
2.34467
2.34467
2.34467
2.34467
2.34467
2.34467
2.34467
2.34467
2.34467
2.34467
2.34467
2.34467
2.34467
2.34467
2.34467
2.34467
2.34467
2.34467
2.34467
2.34467
2.34467
2.34467
2.34467
2.34467
2.34467
2.34467
2.34467
2.34467
2.34467
2.34467
2.34467
2.34467
2.34467
2.34467
2.34467
2.34467
2.34467
2.34467
2.34467
2.34467
2.34467
2.34467
2.34467
2.34467
2.34467
2.34467
2.34467
2.34467
2.35192
2.35918
2.36643
2.37368
2.38923
2.40478
2.42033
2.43588
2.45101
2.46614
2.48127
2.49640
2.50300
2.50960
2.51620
2.52280
2.53226
2.54172
2.55118
2.56064
2.56294
2.56524
2.56754
2.56984
2.57340
2.57695
2.58051
2.58406
2.58605
2.58803
2.59002
2.59201
2.59310
2.59419
2.59529
2.59638
2.59770
2.59903
2.60035
2.60168
2.60198
2.60228
2.60258
2.60288
2.60336
2.60384
2.60431
2.60479
2.60511
2.60543
2.60576
2.60608
2.60621
2.60634
2.60648
2.60661
2.60682
2.60703
2.60723
2.60744
2.60751
2.60758
2.60765
2.60771
2.60779
2.60786
2.60794
2.60801
2.60810
2.60819
2.60829
2.60838
2.60843
2.60849
2.60854
2.60860
2.60869
2.60878
2.60887
2.60895
2.60906
2.60917
2.60927
2.60938
2.60952
2.60966
2.60980
2.60994
2.61016
2.61038
2.61060
2.61082
2.61096
2.61111
2.61125
2.61139
2.61155
2.61171
2.61187
2.61203
2.61228
2.61253
2.61278
2.61303
2.61351
2.61398
2.61446
2.61494
2.61570
2.61645
2.61721
2.61796
2.61912
2.62028
2.62144
2.62260
2.62436
2.62612
2.62787
2.62963
2.63237
2.63510
2.63783
2.64056
2.64443
2.64830
2.65217
2.65604
2.66190
2.66776
2.67362
2.67948
2.68739
2.69529
2.70319
2.71110
2.72212
2.73314
2.74416
2.75518
2.76919
2.78320
2.79721
2.81122
2.82714
2.84306
2.85898
2.87490
2.89615
2.91740
2.93864
2.95989
2.97563
2.99137
3.00710
3.02284
3.04252
3.06221
3.08189
3.10157
3.12095
3.14033
3.15971
3.17909
3.18673
3.19437
3.20201
3.20965
3.22075
3.23186
3.24296
3.25406
3.26366
3.27326
3.28286
3.29245
3.28968
3.28690
3.28413
3.28135
3.27680
3.27226
3.26771
3.26316
3.25554
3.24791
3.24029
3.23267
3.22849
3.22431
3.22013
3.21595
3.21015
3.20434
3.19854
3.19274
3.18284
3.17294
3.16304
3.15314
3.13941
3.12567
3.11193
3.09819
3.09776
3.09733
3.09689
3.09646
3.09577
3.09508
3.09439
3.09370
3.09260
3.09150
3.09040
3.08930
3.08826
3.08721
3.08616
3.08511
3.08550
3.08590
3.08629
3.08668
3.08731
3.08794
3.08857
3.08920
3.09018
3.09117
3.09216
3.09314
3.09385
3.09456
3.09526
3.09597
3.09544
3.09491
3.09437
3.09384
3.09298
3.09212
3.09126
3.09040
3.08903
3.08767
3.08630
3.08493
3.08207
3.07922
3.07636
3.07350
3.06826
3.06302
3.05778
3.05254
3.04367
3.03481
3.02594
3.01708
3.00022
2.98337
2.96651
2.94966
2.34467
2.34467
2.34467
2.34467
2.34467
2.34467
2.34467
2.34467
2.34467
2.34467
2.34467
2.34467
2.34467
2.34467
2.34467
2.34467
2.34467
2.34467
2.34467
2.34467
2.34467
2.34467
2.34467
2.34467
2.34467
2.34467
2.34467
2.34467
2.34467
2.34467
2.34467
2.34467
2.34467
2.34467
2.34467
2.34467
2.34467
2.34467
2.34467
2.34467
2.34467
2.34467
2.34467
2.34467
2.34467
2.34467
2.34467
2.34467
2.34467
2.34467
2.34467
2.34467
2.34467
2.34467
2.34467
2.34467
2.34467
2.34467
2.34467
2.34467
2.34467
2.34467
2.34467
2.34467
2.34467
2.34467
2.34467
2.34467
2.34467
2.34467
2.34467
2.34467
2.34467
2.34467
2.34467
2.34467
2.34467
2.34467
2.34467
2.34467
2.34467
2.34467
2.34467
2.34467
2.34467
2.34467
2.34467
2.34467
2.34467
2.34467
2.34467
2.34467
2.34467
2.34467
2.34467
2.34467
2.34467
2.35192
2.35918
2.36643
2.37368
2.38923
2.40478
2.42033
2.43588
2.45101
2.46614
2.48127
2.49640
2.50300
2.50960
2.51620
2.52280
2.53226
2.54172
2.55118
2.56064
2.56294
2.56524
2.56754
2.56984
2.57340
2.57695
2.58051
2.58406
2.58605
2.58803
2.59002
2.59201
2.59310
2.59419
2.59529
2.59638
2.59770
2.59903
2.60035
2.60168
2.60198
2.60228
2.60258
2.60288
2.60336
2.60384
2.60431
2.60479
2.60511
2.60543
2.60576
2.60608
2.60621
2.60634
2.60648
2.60661
2.60682
2.60703
2.60723
2.60744
2.60751
2.60758
2.60765
2.60771
2.60779
2.60786
2.60794
2.60801
2.60810
2.60819
2.60829
2.60838
2.60843
2.60849
2.60854
2.60860
2.60869
2.60878
2.60887
2.60895
2.60906
2.60917
2.60927
2.60938
2.60952
2.60966
2.60980
2.60994
2.61016
2.61038
2.61060
2.61082
2.61096
2.61111
2.61125
2.61139
2.61155
2.61171
2.61187
2.61203
2.61228
2.61253
2.61278
2.61303
2.61351
2.61398
2.61446
2.61494
2.61570
2.61645
2.61721
2.61796
2.61912
2.62028
2.62144
2.62260
2.62436
2.62612
2.62787
2.62963
2.63237
2.63510
2.63783
2.64056
2.64443
2.64830
2.65217
2.65604
2.66190
2.66776
2.67362
2.67948
2.68739
2.69529
2.70319
2.71110
2.72212
2.73314
2.74416
2.75518
2.76919
2.78320
2.79721
2.81122
2.82714
2.84306
2.85898
2.87490
2.89615
2.91740
2.93864
2.95989
2.97563
2.99137
3.00710
3.02284
3.04252
3.06221
3.08189
3.10157
3.12095
3.14033
3.15971
3.17909
3.18673
3.19437
3.20201
3.20965
3.22075
3.23186
3.24296
3.25406
3.26366
3.27326
3.28286
3.29245
3.28968
3.28690
3.28413
3.28135
3.27680
3.27226
3.26771
3.26316
3.25554
3.24791
3.24029
3.23267
3.22849
3.22431
3.22013
3.21595
3.21015
3.20434
3.19854
3.19274
3.18284
3.17294
3.16304
3.15314
3.13941
3.12567
3.11193
3.09819
3.09776
3.09733
3.09689
3.09646
3.09577
3.09508
3.09439
3.09370
3.09260
3.09150
3.09040
3.08930
3.08826
3.08721
3.08616
3.08511
3.08550
3.08590
3.08629
3.08668
3.08731
3.08794
3.08857
3.08920
3.09018
3.09117
3.09216
3.09314
3.09385
3.09456
3.09526
3.09597
3.09544
3.09491
3.09437
3.09384
3.09298
3.09212
3.09126
3.09040
3.08903
3.08767
3.08630
3.08493
3.08207
3.07922
3.07636
3.07350
3.06826
3.06302
3.05778
3.05254
3.04367
3.03481
3.02594
3.01708
3.00022
2.98337
2.96651
2.94966
2.34467
2.34467
2.34467
2.34467
2.34467
2.34467
2.34467
2.34467
2.34467
2.34467
2.34467
2.34467
2.34467
2.34467
2.34467
2.34467
2.34467
2.34467
2.34467
2.34467
2.34467
2.34467
2.34467
2.34467
2.34467
2.34467
2.34467
2.34467
2.34467
2.34467
2.34467
2.34467
2.34467
2.34467
2.34467
2.34467
2.34467
2.34467
2.34467
2.34467
2.34467
2.34467
2.34467
2.34467
2.34467
2.34467
2.34467
2.34467
2.34467
2.34467
2.34467
2.34467
2.34467
2.34467
2.34467
2.34467
2.34467
2.34467
2.34467
2.34467
2.34467
2.34467
2.34467
2.34467
2.34467
2.34467
2.34467
2.34467
2.34467
2.34467
2.34467
2.34467
2.34467
2.34467
2.34467
2.34467
2.34467
2.34467
2.34467
2.34467
2.34467
2.34467
2.34467
2.34467
2.34467
2.34467
2.34467
2.34467
2.34467
2.34467
2.34467
2.34467
2.34467
2.34467
2.34467
2.34467
2.34467
2.35192
2.35918
2.36643
2.37368
2.38923
2.40478
2.42033
2.43588
2.45101
2.46614
2.48127
2.49640
2.50300
2.50960
2.51620
2.52280
2.53226
2.54172
2.55118
2.56064
2.56294
2.56524
2.56754
2.56984
2.57340
2.57695
2.58051
2.58406
2.58605
2.58803
2.59002
2.59201
2.59310
2.59419
2.59529
2.59638
2.59770
2.59903
2.60035
2.60168
2.60198
2.60228
2.60258
2.60288
2.60336
2.60384
2.60431
2.60479
2.60511
2.60543
2.60576
2.60608
2.60621
2.60634
2.60648
2.60661
2.60682
2.60703
2.60723
2.60744
2.60751
2.60758
2.60765
2.60771
2.60779
2.60786
2.60794
2.60801
2.60810
2.60819
2.60829
2.60838
2.60843
2.60849
2.60854
2.60860
2.60869
2.60878
2.60887
2.60895
2.60906
2.60917
2.60927
2.60938
2.60952
2.60966
2.60980
2.60994
2.61016
2.61038
2.61060
2.61082
2.61096
2.61111
2.61125
2.61139
2.61155
2.61171
2.61187
2.61203
2.61228
2.61253
2.61278
2.61303
2.61351
2.61398
2.61446
2.61494
2.61570
2.61645
2.61721
2.61796
2.61912
2.62028
2.62144
2.62260
2.62436
2.62612
2.62787
2.62963
2.63237
2.63510
2.63783
2.64056
2.64443
2.64830
2.65217
2.65604
2.66190
2.66776
2.67362
2.67948
2.68739
2.69529
2.70319
2.71110
2.72212
2.73314
2.74416
2.75518
2.76919
2.78320
2.79721
2.81122
2.82714
2.84306
2.85898
2.87490
2.89615
2.91740
2.93864
2.95989
2.97563
2.99137
3.00710
3.02284
3.04252
3.06221
3.08189
3.10157
3.12095
3.14033
3.15971
3.17909
3.18673
3.19437
3.20201
3.20965
3.22075
3.23186
3.24296
3.25406
3.26366
3.27326
3.28286
3.29245
3.28968
3.28690
3.28413
3.28135
3.27680
3.27226
3.26771
3.26316
3.25554
3.24791
3.24029
3.23267
3.22849
3.22431
3.22013
3.21595
3.21015
3.20434
3.19854
3.19274
3.18284
3.17294
3.16304
3.15314
3.13941
3.12567
3.11193
3.09819
3.09776
3.09733
3.09689
3.09646
3.09577
3.09508
3.09439
3.09370
3.09260
3.09150
3.09040
3.08930
3.08826
3.08721
3.08616
3.08511
3.08550
3.08590
3.08629
3.08668
3.08731
3.08794
3.08857
3.08920
3.09018
3.09117
3.09216
3.09314
3.09385
3.09456
3.09526
3.09597
3.09544
3.09491
3.09437
3.09384
3.09298
3.09212
3.09126
3.09040
3.08903
3.08767
3.08630
3.08493
3.08207
3.07922
3.07636
3.07350
3.06826
3.06302
3.05778
3.05254
3.04367
3.03481
3.02594
3.01708
3.00022
2.98337
2.96651
2.94966
2.34467
2.34467
2.34467
2.34467
2.34467
2.34467
2.34467
2.34467
2.34467
2.34467
2.34467
2.34467
2.34467
2.34467
2.34467
2.34467
2.34467
2.34467
2.34467
2.34467
2.34467
2.34467
2.34467
2.34467
2.34467
2.34467
2.34467
2.34467
2.34467
2.34467
2.34467
2.34467
2.34467
2.34467
2.34467
2.34467
2.34467
2.34467
2.34467
2.34467
2.34467
2.34467
2.34467
2.34467
2.34467
2.34467
2.34467
2.34467
2.34467
2.34467
2.34467
2.34467
2.34467
2.34467
2.34467
2.34467
2.34467
2.34467
2.34467
2.34467
2.34467
2.34467
2.34467
2.34467
2.34467
2.34467
2.34467
2.34467
2.34467
2.34467
2.34467
2.34467
2.34467
2.34467
2.34467
2.34467
2.34467
2.34467
2.34467
2.34467
2.34467
2.34467
2.34467
2.34467
2.34467
2.34467
2.34467
2.34467
2.34467
2.34467
2.34467
2.34467
2.34467
2.34467
2.34467
2.34467
2.34467
2.35192
2.35918
2.36643
2.37368
2.38923
2.40478
2.42033
2.43588
2.45101
2.46614
2.48127
2.49640
2.50300
2.50960
2.51620
2.52280
2.53226
2.54172
2.55118
2.56064
2.56294
2.56524
2.56754
2.56984
2.57340
2.57695
2.58051
2.58406
2.58605
2.58803
2.59002
2.59201
2.59310
2.59419
2.59529
2.59638
2.59770
2.59903
2.60035
2.60168
2.60198
2.60228
2.60258
2.60288
2.60336
2.60384
2.60431
2.60479
2.60511
2.60543
2.60576
2.60608
2.60621
2.60634
2.60648
2.60661
2.60682
2.60703
2.60723
2.60744
2.60751
2.60758
2.60765
2.60771
2.60779
2.60786
2.60794
2.60801
2.60810
2.60819
2.60829
2.60838
2.60843
2.60849
2.60854
2.60860
2.60869
2.60878
2.60887
2.60895
2.60906
2.60917
2.60927
2.60938
2.60952
2.60966
2.60980
2.60994
2.61016
2.61038
2.61060
2.61082
2.61096
2.61111
2.61125
2.61139
2.61155
2.61171
2.61187
2.61203
2.61228
2.61253
2.61278
2.61303
2.61351
2.61398
2.61446
2.61494
2.61570
2.61645
2.61721
2.61796
2.61912
2.62028
2.62144
2.62260
2.62436
2.62612
2.62787
2.62963
2.63237
2.63510
2.63783
2.64056
2.64443
2.64830
2.65217
2.65604
2.66190
2.66776
2.67362
2.67948
2.68739
2.69529
2.70319
2.71110
2.72212
2.73314
2.74416
2.75518
2.76919
2.78320
2.79721
2.81122
2.82714
2.84306
2.85898
2.87490
2.89615
2.91740
2.93864
2.95989
2.97563
2.99137
3.00710
3.02284
3.04252
3.06221
3.08189
3.10157
3.12095
3.14033
3.15971
3.17909
3.18673
3.19437
3.20201
3.20965
3.22075
3.23186
3.24296
3.25406
3.26366
3.27326
3.28286
3.29245
3.28968
3.28690
3.28413
3.28135
3.27680
3.27226
3.26771
3.26316
3.25554
3.24791
3.24029
3.23267
3.22849
3.22431
3.22013
3.21595
3.21015
3.20434
3.19854
3.19274
3.18284
3.17294
3.16304
3.15314
3.13941
3.12567
3.11193
3.09819
3.09776
3.09733
3.09689
3.09646
3.09577
3.09508
3.09439
3.09370
3.09260
3.09150
3.09040
3.08930
3.08826
3.08721
3.08616
3.08511
3.08550
3.08590
3.08629
3.08668
3.08731
3.08794
3.08857
3.08920
3.09018
3.09117
3.09216
3.09314
3.09385
3.09456
3.09526
3.09597
3.09544
3.09491
3.09437
3.09384
3.09298
3.09212
3.09126
3.09040
3.08903
3.08767
3.08630
3.08493
3.08207
3.07922
3.07636
3.07350
3.06826
3.06302
3.05778
3.05254
3.04367
3.03481
3.02594
3.01708
3.00022
2.98337
2.96651
2.94966
2.34467
2.34467
2.34467
2.34467
2.34467
2.34467
2.34467
2.34467
2.34467
2.34467
2.34467
2.34467
2.34467
2.34467
2.34467
2.34467
2.34467
2.34467
2.34467
2.34467
2.34467
2.34467
2.34467
2.34467
2.34467
2.34467
2.34467
2.34467
2.34467
2.34467
2.34467
2.34467
2.34467
2.34467
2.34467
2.34467
2.34467
2.34467
2.34467
2.34467
2.34467
2.34467
2.34467
2.34467
2.34467
2.34467
2.34467
2.34467
2.34467
2.34467
2.34467
2.34467
2.34467
2.34467
2.34467
2.34467
2.34467
2.34467
2.34467
2.34467
2.34467
2.34467
2.34467
2.34467
2.34467
2.34467
2.34467
2.34467
2.34467
2.34467
2.34467
2.34467
2.34467
2.34467
2.34467
2.34467
2.34467
2.34467
2.34467
2.34467
2.34467
2.34467
2.34467
2.34467
2.34467
2.34467
2.34467
2.34467
2.34467
2.34467
2.34467
2.34467
2.34467
2.34467
2.34467
2.34467
2.34467
2.35192
2.35918
2.36643
2.37368
2.38923
2.40478
2.42033
2.43588
2.45101
2.46614
2.48127
2.49640
2.50300
2.50960
2.51620
2.52280
2.53226
2.54172
2.55118
2.56064
2.56294
2.56524
2.56754
2.56984
2.57340
2.57695
2.58051
2.58406
2.58605
2.58803
2.59002
2.59201
2.59310
2.59419
2.59529
2.59638
2.59770
2.59903
2.60035
2.60168
2.60198
2.60228
2.60258
2.60288
2.60336
2.60384
2.60431
2.60479
2.60511
2.60543
2.60576
2.60608
2.60621
2.60634
2.60648
2.60661
2.60682
2.60703
2.60723
2.60744
2.60751
2.60758
2.60765
2.60771
2.60779
2.60786
2.60794
2.60801
2.60810
2.60819
2.60829
2.60838
2.60843
2.60849
2.60854
2.60860
2.60869
2.60878
2.60887
2.60895
2.60906
2.60917
2.60927
2.60938
2.60952
2.60966
2.60980
2.60994
2.61016
2.61038
2.61060
2.61082
2.61096
2.61111
2.61125
2.61139
2.61155
2.61171
2.61187
2.61203
2.61228
2.61253
2.61278
2.61303
2.61351
2.61398
2.61446
2.61494
2.61570
2.61645
2.61721
2.61796
2.61912
2.62028
2.62144
2.62260
2.62436
2.62612
2.62787
2.62963
2.63237
2.63510
2.63783
2.64056
2.64443
2.64830
2.65217
2.65604
2.66190
2.66776
2.67362
2.67948
2.68739
2.69529
2.70319
2.71110
2.72212
2.73314
2.74416
2.75518
2.76919
2.78320
2.79721
2.81122
2.82714
2.84306
2.85898
2.87490
2.89615
2.91740
2.93864
2.95989
2.97563
2.99137
3.00710
3.02284
3.04252
3.06221
3.08189
3.10157
3.12095
3.14033
3.15971
3.17909
3.18673
3.19437
3.20201
3.20965
3.22075
3.23186
3.24296
3.25406
3.26366
3.27326
3.28286
3.29245
3.28968
3.28690
3.28413
3.28135
3.27680
3.27226
3.26771
3.26316
3.25554
3.24791
3.24029
3.23267
3.22849
3.22431
3.22013
3.21595
3.21015
3.20434
3.19854
3.19274
3.18284
3.17294
3.16304
3.15314
3.13941
3.12567
3.11193
3.09819
3.09776
3.09733
3.09689
3.09646
3.09577
3.09508
3.09439
3.09370
3.09260
3.09150
3.09040
3.08930
3.08826
3.08721
3.08616
3.08511
3.08550
3.08590
3.08629
3.08668
3.08731
3.08794
3.08857
3.08920
3.09018
3.09117
3.09216
3.09314
3.09385
3.09456
3.09526
3.09597
3.09544
3.09491
3.09437
3.09384
3.09298
3.09212
3.09126
3.09040
3.08903
3.08767
3.08630
3.08493
3.08207
3.07922
3.07636
3.07350
3.06826
3.06302
3.05778
3.05254
3.04367
3.03481
3.02594
3.01708
3.00022
2.98337
2.96651
2.94966
2.34467
2.34467
2.34467
2.34467
2.34467
2.34467
2.34467
2.34467
2.34467
2.34467
2.34467
2.34467
2.34467
2.34467
2.34467
2.34467
2.34467
2.34467
2.34467
2.34467
2.34467
2.34467
2.34467
2.34467
2.34467
2.34467
2.34467
2.34467
2.34467
2.34467
2.34467
2.34467
2.34467
2.34467
2.34467
2.34467
2.34467
2.34467
2.34467
2.34467
2.34467
2.34467
2.34467
2.34467
2.34467
2.34467
2.34467
2.34467
2.34467
2.34467
2.34467
2.34467
2.34467
2.34467
2.34467
2.34467
2.34467
2.34467
2.34467
2.34467
2.34467
2.34467
2.34467
2.34467
2.34467
2.34467
2.34467
2.34467
2.34467
2.34467
2.34467
2.34467
2.34467
2.34467
2.34467
2.34467
2.34467
2.34467
2.34467
2.34467
2.34467
2.34467
2.34467
2.34467
2.34467
2.34467
2.34467
2.34467
2.34467
2.34467
2.34467
2.34467
2.34467
2.34467
2.34467
2.34467
2.34467
2.35192
2.35918
2.36643
2.37368
2.38923
2.40478
2.42033
2.43588
2.45101
2.46614
2.48127
2.49640
2.50300
2.50960
2.51620
2.52280
2.53226
2.54172
2.55118
2.56064
2.56294
2.56524
2.56754
2.56984
2.57340
2.57695
2.58051
2.58406
2.58605
2.58803
2.59002
2.59201
2.59310
2.59419
2.59529
2.59638
2.59770
2.59903
2.60035
2.60168
2.60198
2.60228
2.60258
2.60288
2.60336
2.60384
2.60431
2.60479
2.60511
2.60543
2.60576
2.60608
2.60621
2.60634
2.60648
2.60661
2.60682
2.60703
2.60723
2.60744
2.60751
2.60758
2.60765
2.60771
2.60779
2.60786
2.60794
2.60801
2.60810
2.60819
2.60829
2.60838
2.60843
2.60849
2.60854
2.60860
2.60869
2.60878
2.60887
2.60895
2.60906
2.60917
2.60927
2.60938
2.60952
2.60966
2.60980
2.60994
2.61016
2.61038
2.61060
2.61082
2.61096
2.61111
2.61125
2.61139
2.61155
2.61171
2.61187
2.61203
2.61228
2.61253
2.61278
2.61303
2.61351
2.61398
2.61446
2.61494
2.61570
2.61645
2.61721
2.61796
2.61912
2.62028
2.62144
2.62260
2.62436
2.62612
2.62787
2.62963
2.63237
2.63510
2.63783
2.64056
2.64443
2.64830
2.65217
2.65604
2.66190
2.66776
2.67362
2.67948
2.68739
2.69529
2.70319
2.71110
2.72212
2.73314
2.74416
2.75518
2.76919
2.78320
2.79721
2.81122
2.82714
2.84306
2.85898
2.87490
2.89615
2.91740
2.93864
2.95989
2.97563
2.99137
3.00710
3.02284
3.04252
3.06221
3.08189
3.10157
3.12095
3.14033
3.15971
3.17909
3.18673
3.19437
3.20201
3.20965
3.22075
3.23186
3.24296
3.25406
3.26366
3.27326
3.28286
3.29245
3.28968
3.28690
3.28413
3.28135
3.27680
3.27226
3.26771
3.26316
3.25554
3.24791
3.24029
3.23267
3.22849
3.22431
3.22013
3.21595
3.21015
3.20434
3.19854
3.19274
3.18284
3.17294
3.16304
3.15314
3.13941
3.12567
3.11193
3.09819
3.09776
3.09733
3.09689
3.09646
3.09577
3.09508
3.09439
3.09370
3.09260
3.09150
3.09040
3.08930
3.08826
3.08721
3.08616
3.08511
3.08550
3.08590
3.08629
3.08668
3.08731
3.08794
3.08857
3.08920
3.09018
3.09117
3.09216
3.09314
3.09385
3.09456
3.09526
3.09597
3.09544
3.09491
3.09437
3.09384
3.09298
3.09212
3.09126
3.09040
3.08903
3.08767
3.08630
3.08493
3.08207
3.07922
3.07636
3.07350
3.06826
3.06302
3.05778
3.05254
3.04367
3.03481
3.02594
3.01708
3.00022
2.98337
2.96651
2.94966
2.34467
2.34467
2.34467
2.34467
2.34467
2.34467
2.34467
2.34467
2.34467
2.34467
2.34467
2.34467
2.34467
2.34467
2.34467
2.34467
2.34467
2.34467
2.34467
2.34467
2.34467
2.34467
2.34467
2.34467
2.34467
2.34467
2.34467
2.34467
2.34467
2.34467
2.34467
2.34467
2.34467
2.34467
2.34467
2.34467
2.34467
2.34467
2.34467
2.34467
2.34467
2.34467
2.34467
2.34467
2.34467
2.34467
2.34467
2.34467
2.34467
2.34467
2.34467
2.34467
2.34467
2.34467
2.34467
2.34467
2.34467
2.34467
2.34467
2.34467
2.34467
2.34467
2.34467
2.34467
2.34467
2.34467
2.34467
2.34467
2.34467
2.34467
2.34467
2.34467
2.34467
2.34467
2.34467
2.34467
2.34467
2.34467
2.34467
2.34467
2.34467
2.34467
2.34467
2.34467
2.34467
2.34467
2.34467
2.34467
2.34467
2.34467
2.34467
2.34467
2.34467
2.34467
2.34467
2.34467
2.34467
2.35192
2.35918
2.36643
2.37368
2.38923
2.40478
2.42033
2.43588
2.45101
2.46614
2.48127
2.49640
2.50300
2.50960
2.51620
2.52280
2.53226
2.54172
2.55118
2.56064
2.56294
2.56524
2.56754
2.56984
2.57340
2.57695
2.58051
2.58406
2.58605
2.58803
2.59002
2.59201
2.59310
2.59419
2.59529
2.59638
2.59770
2.59903
2.60035
2.60168
2.60198
2.60228
2.60258
2.60288
2.60336
2.60384
2.60431
2.60479
2.60511
2.60543
2.60576
2.60608
2.60621
2.60634
2.60648
2.60661
2.60682
2.60703
2.60723
2.60744
2.60751
2.60758
2.60765
2.60771
2.60779
2.60786
2.60794
2.60801
2.60810
2.60819
2.60829
2.60838
2.60843
2.60849
2.60854
2.60860
2.60869
2.60878
2.60887
2.60895
2.60906
2.60917
2.60927
2.60938
2.60952
2.60966
2.60980
2.60994
2.61016
2.61038
2.61060
2.61082
2.61096
2.61111
2.61125
2.61139
2.61155
2.61171
2.61187
2.61203
2.61228
2.61253
2.61278
2.61303
2.61351
2.61398
2.61446
2.61494
2.61570
2.61645
2.61721
2.61796
2.61912
2.62028
2.62144
2.62260
2.62436
2.62612
2.62787
2.62963
2.63237
2.63510
2.63783
2.64056
2.64443
2.64830
2.65217
2.65604
2.66190
2.66776
2.67362
2.67948
2.68739
2.69529
2.70319
2.71110
2.72212
2.73314
2.74416
2.75518
2.76919
2.78320
2.79721
2.81122
2.82714
2.84306
2.85898
2.87490
2.89615
2.91740
2.93864
2.95989
2.97563
2.99137
3.00710
3.02284
3.04252
3.06221
3.08189
3.10157
3.12095
3.14033
3.15971
3.17909
3.18673
3.19437
3.20201
3.20965
3.22075
3.23186
3.24296
3.25406
3.26366
3.27326
3.28286
3.29245
3.28968
3.28690
3.28413
3.28135
3.27680
3.27226
3.26771
3.26316
3.25554
3.24791
3.24029
3.23267
3.22849
3.22431
3.22013
3.21595
3.21015
3.20434
3.19854
3.19274
3.18284
3.17294
3.16304
3.15314
3.13941
3.12567
3.11193
3.09819
3.09776
3.09733
3.09689
3.09646
3.09577
3.09508
3.09439
3.09370
3.09260
3.09150
3.09040
3.08930
3.08826
3.08721
3.08616
3.08511
3.08550
3.08590
3.08629
3.08668
3.08731
3.08794
3.08857
3.08920
3.09018
3.09117
3.09216
3.09314
3.09385
3.09456
3.09526
3.09597
3.09544
3.09491
3.09437
3.09384
3.09298
3.09212
3.09126
3.09040
3.08903
3.08767
3.08630
3.08493
3.08207
3.07922
3.07636
3.07350
3.06826
3.06302
3.05778
3.05254
3.04367
3.03481
3.02594
3.01708
3.00022
2.98337
2.96651
2.94966
2.34467
2.34467
2.34467
2.34467
2.34467
2.34467
2.34467
2.34467
2.34467
2.34467
2.34467
2.34467
2.34467
2.34467
2.34467
2.34467
2.34467
2.34467
2.34467
2.34467
2.34467
2.34467
2.34467
2.34467
2.34467
2.34467
2.34467
2.34467
2.34467
2.34467
2.34467
2.34467
2.34467
2.34467
2.34467
2.34467
2.34467
2.34467
2.34467
2.34467
2.34467
2.34467
2.34467
2.34467
2.34467
2.34467
2.34467
2.34467
2.34467
2.34467
2.34467
2.34467
2.34467
2.34467
2.34467
2.34467
2.34467
2.34467
2.34467
2.34467
2.34467
2.34467
2.34467
2.34467
2.34467
2.34467
2.34467
2.34467
2.34467
2.34467
2.34467
2.34467
2.34467
2.34467
2.34467
2.34467
2.34467
2.34467
2.34467
2.34467
2.34467
2.34467
2.34467
2.34467
2.34467
2.34467
2.34467
2.34467
2.34467
2.34467
2.34467
2.34467
2.34467
2.34467
2.34467
2.34467
2.34467
2.35192
2.35918
2.36643
2.37368
2.38923
2.40478
2.42033
2.43588
2.45101
2.46614
2.48127
2.49640
2.50300
2.50960
2.51620
2.52280
2.53226
2.54172
2.55118
2.56064
2.56294
2.56524
2.56754
2.56984
2.57340
2.57695
2.58051
2.58406
2.58605
2.58803
2.59002
2.59201
2.59310
2.59419
2.59529
2.59638
2.59770
2.59903
2.60035
2.60168
2.60198
2.60228
2.60258
2.60288
2.60336
2.60384
2.60431
2.60479
2.60511
2.60543
2.60576
2.60608
2.60621
2.60634
2.60648
2.60661
2.60682
2.60703
2.60723
2.60744
2.60751
2.60758
2.60765
2.60771
2.60779
2.60786
2.60794
2.60801
2.60810
2.60819
2.60829
2.60838
2.60843
2.60849
2.60854
2.60860
2.60869
2.60878
2.60887
2.60895
2.60906
2.60917
2.60927
2.60938
2.60952
2.60966
2.60980
2.60994
2.61016
2.61038
2.61060
2.61082
2.61096
2.61111
2.61125
2.61139
2.61155
2.61171
2.61187
2.61203
2.61228
2.61253
2.61278
2.61303
2.61351
2.61398
2.61446
2.61494
2.61570
2.61645
2.61721
2.61796
2.61912
2.62028
2.62144
2.62260
2.62436
2.62612
2.62787
2.62963
2.63237
2.63510
2.63783
2.64056
2.64443
2.64830
2.65217
2.65604
2.66190
2.66776
2.67362
2.67948
2.68739
2.69529
2.70319
2.71110
2.72212
2.73314
2.74416
2.75518
2.76919
2.78320
2.79721
2.81122
2.82714
2.84306
2.85898
2.87490
2.89615
2.91740
2.93864
2.95989
2.97563
2.99137
3.00710
3.02284
3.04252
3.06221
3.08189
3.10157
3.12095
3.14033
3.15971
3.17909
3.18673
3.19437
3.20201
3.20965
3.22075
3.23186
3.24296
3.25406
3.26366
3.27326
3.28286
3.29245
3.28968
3.28690
3.28413
3.28135
3.27680
3.27226
3.26771
3.26316
3.25554
3.24791
3.24029
3.23267
3.22849
3.22431
3.22013
3.21595
3.21015
3.20434
3.19854
3.19274
3.18284
3.17294
3.16304
3.15314
3.13941
3.12567
3.11193
3.09819
3.09776
3.09733
3.09689
3.09646
3.09577
3.09508
3.09439
3.09370
3.09260
3.09150
3.09040
3.08930
3.08826
3.08721
3.08616
3.08511
3.08550
3.08590
3.08629
3.08668
3.08731
3.08794
3.08857
3.08920
3.09018
3.09117
3.09216
3.09314
3.09385
3.09456
3.09526
3.09597
3.09544
3.09491
3.09437
3.09384
3.09298
3.09212
3.09126
3.09040
3.08903
3.08767
3.08630
3.08493
3.08207
3.07922
3.07636
3.07350
3.06826
3.06302
3.05778
3.05254
3.04367
3.03481
3.02594
3.01708
3.00022
2.98337
2.96651
2.94966
2.34467
2.34467
2.34467
2.34467
2.34467
2.34467
2.34467
2.34467
2.34467
2.34467
2.34467
2.34467
2.34467
2.34467
2.34467
2.34467
2.34467
2.34467
2.34467
2.34467
2.34467
2.34467
2.34467
2.34467
2.34467
2.34467
2.34467
2.34467
2.34467
2.34467
2.34467
2.34467
2.34467
2.34467
2.34467
2.34467
2.34467
2.34467
2.34467
2.34467
2.34467
2.34467
2.34467
2.34467
2.34467
2.34467
2.34467
2.34467
2.34467
2.34467
2.34467
2.34467
2.34467
2.34467
2.34467
2.34467
2.34467
2.34467
2.34467
2.34467
2.34467
2.34467
2.34467
2.34467
2.34467
2.34467
2.34467
2.34467
2.34467
2.34467
2.34467
2.34467
2.34467
2.34467
2.34467
2.34467
2.34467
2.34467
2.34467
2.34467
2.34467
2.34467
2.34467
2.34467
2.34467
2.34467
2.34467
2.34467
2.34467
2.34467
2.34467
2.34467
2.34467
2.34467
2.34467
2.34467
2.34467
2.35192
2.35918
2.36643
2.37368
2.38923
2.40478
2.42033
2.43588
2.45101
2.46614
2.48127
2.49640
2.50300
2.50960
2.51620
2.52280
2.53226
2.54172
2.55118
2.56064
2.56294
2.56524
2.56754
2.56984
2.57340
2.57695
2.58051
2.58406
2.58605
2.58803
2.59002
2.59201
2.59310
2.59419
2.59529
2.59638
2.59770
2.59903
2.60035
2.60168
2.60198
2.60228
2.60258
2.60288
2.60336
2.60384
2.60431
2.60479
2.60511
2.60543
2.60576
2.60608
2.60621
2.60634
2.60648
2.60661
2.60682
2.60703
2.60723
2.60744
2.60751
2.60758
2.60765
2.60771
2.60779
2.60786
2.60794
2.60801
2.60810
2.60819
2.60829
2.60838
2.60843
2.60849
2.60854
2.60860
2.60869
2.60878
2.60887
2.60895
2.60906
2.60917
2.60927
2.60938
2.60952
2.60966
2.60980
2.60994
2.61016
2.61038
2.61060
2.61082
2.61096
2.61111
2.61125
2.61139
2.61155
2.61171
2.61187
2.61203
2.61228
2.61253
2.61278
2.61303
2.61351
2.61398
2.61446
2.61494
2.61570
2.61645
2.61721
2.61796
2.61912
2.62028
2.62144
2.62260
2.62436
2.62612
2.62787
2.62963
2.63237
2.63510
2.63783
2.64056
2.64443
2.64830
2.65217
2.65604
2.66190
2.66776
2.67362
2.67948
2.68739
2.69529
2.70319
2.71110
2.72212
2.73314
2.74416
2.75518
2.76919
2.78320
2.79721
2.81122
2.82714
2.84306
2.85898
2.87490
2.89615
2.91740
2.93864
2.95989
2.97563
2.99137
3.00710
3.02284
3.04252
3.06221
3.08189
3.10157
3.12095
3.14033
3.15971
3.17909
3.18673
3.19437
3.20201
3.20965
3.22075
3.23186
3.24296
3.25406
3.26366
3.27326
3.28286
3.29245
3.28968
3.28690
3.28413
3.28135
3.27680
3.27226
3.26771
3.26316
3.25554
3.24791
3.24029
3.23267
3.22849
3.22431
3.22013
3.21595
3.21015
3.20434
3.19854
3.19274
3.18284
3.17294
3.16304
3.15314
3.13941
3.12567
3.11193
3.09819
3.09776
3.09733
3.09689
3.09646
3.09577
3.09508
3.09439
3.09370
3.09260
3.09150
3.09040
3.08930
3.08826
3.08721
3.08616
3.08511
3.08550
3.08590
3.08629
3.08668
3.08731
3.08794
3.08857
3.08920
3.09018
3.09117
3.09216
3.09314
3.09385
3.09456
3.09526
3.09597
3.09544
3.09491
3.09437
3.09384
3.09298
3.09212
3.09126
3.09040
3.08903
3.08767
3.08630
3.08493
3.08207
3.07922
3.07636
3.07350
3.06826
3.06302
3.05778
3.05254
3.04367
3.03481
3.02594
3.01708
3.00022
2.98337
2.96651
2.94966
2.34467
2.34467
2.34467
2.34467
2.34467
2.34467
2.34467
2.34467
2.34467
2.34467
2.34467
2.34467
2.34467
2.34467
2.34467
2.34467
2.34467
2.34467
2.34467
2.34467
2.34467
2.34467
2.34467
2.34467
2.34467
2.34467
2.34467
2.34467
2.34467
2.34467
2.34467
2.34467
2.34467
2.34467
2.34467
2.34467
2.34467
2.34467
2.34467
2.34467
2.34467
2.34467
2.34467
2.34467
2.34467
2.34467
2.34467
2.34467
2.34467
2.34467
2.34467
2.34467
2.34467
2.34467
2.34467
2.34467
2.34467
2.34467
2.34467
2.34467
2.34467
2.34467
2.34467
2.34467
2.34467
2.34467
2.34467
2.34467
2.34467
2.34467
2.34467
2.34467
2.34467
2.34467
2.34467
2.34467
2.34467
2.34467
2.34467
2.34467
2.34467
2.34467
2.34467
2.34467
2.34467
2.34467
2.34467
2.34467
2.34467
2.34467
2.34467
2.34467
2.34467
2.34467
2.34467
2.34467
2.34467
2.35192
2.35918
2.36643
2.37368
2.38923
2.40478
2.42033
2.43588
2.45101
2.46614
2.48127
2.49640
2.50300
2.50960
2.51620
2.52280
2.53226
2.54172
2.55118
2.56064
2.56294
2.56524
2.56754
2.56984
2.57340
2.57695
2.58051
2.58406
2.58605
2.58803
2.59002
2.59201
2.59310
2.59419
2.59529
2.59638
2.59770
2.59903
2.60035
2.60168
2.60198
2.60228
2.60258
2.60288
2.60336
2.60384
2.60431
2.60479
2.60511
2.60543
2.60576
2.60608
2.60621
2.60634
2.60648
2.60661
2.60682
2.60703
2.60723
2.60744
2.60751
2.60758
2.60765
2.60771
2.60779
2.60786
2.60794
2.60801
2.60810
2.60819
2.60829
2.60838
2.60843
2.60849
2.60854
2.60860
2.60869
2.60878
2.60887
2.60895
2.60906
2.60917
2.60927
2.60938
2.60952
2.60966
2.60980
2.60994
2.61016
2.61038
2.61060
2.61082
2.61096
2.61111
2.61125
2.61139
2.61155
2.61171
2.61187
2.61203
2.61228
2.61253
2.61278
2.61303
2.61351
2.61398
2.61446
2.61494
2.61570
2.61645
2.61721
2.61796
2.61912
2.62028
2.62144
2.62260
2.62436
2.62612
2.62787
2.62963
2.63237
2.63510
2.63783
2.64056
2.64443
2.64830
2.65217
2.65604
2.66190
2.66776
2.67362
2.67948
2.68739
2.69529
2.70319
2.71110
2.72212
2.73314
2.74416
2.75518
2.76919
2.78320
2.79721
2.81122
2.82714
2.84306
2.85898
2.87490
2.89615
2.91740
2.93864
2.95989
2.97563
2.99137
3.00710
3.02284
3.04252
3.06221
3.08189
3.10157
3.12095
3.14033
3.15971
3.17909
3.18673
3.19437
3.20201
3.20965
3.22075
3.23186
3.24296
3.25406
3.26366
3.27326
3.28286
3.29245
3.28968
3.28690
3.28413
3.28135
3.27680
3.27226
3.26771
3.26316
3.25554
3.24791
3.24029
3.23267
3.22849
3.22431
3.22013
3.21595
3.21015
3.20434
3.19854
3.19274
3.18284
3.17294
3.16304
3.15314
3.13941
3.12567
3.11193
3.09819
3.09776
3.09733
3.09689
3.09646
3.09577
3.09508
3.09439
3.09370
3.09260
3.09150
3.09040
3.08930
3.08826
3.08721
3.08616
3.08511
3.08550
3.08590
3.08629
3.08668
3.08731
3.08794
3.08857
3.08920
3.09018
3.09117
3.09216
3.09314
3.09385
3.09456
3.09526
3.09597
3.09544
3.09491
3.09437
3.09384
3.09298
3.09212
3.09126
3.09040
3.08903
3.08767
3.08630
3.08493
3.08207
3.07922
3.07636
3.07350
3.06826
3.06302
3.05778
3.05254
3.04367
3.03481
3.02594
3.01708
3.00022
2.98337
2.96651
2.94966
2.34467
2.34467
2.34467
2.34467
2.34467
2.34467
2.34467
2.34467
2.34467
2.34467
2.34467
2.34467
2.34467
2.34467
2.34467
2.34467
2.34467
2.34467
2.34467
2.34467
2.34467
2.34467
2.34467
2.34467
2.34467
2.34467
2.34467
2.34467
2.34467
2.34467
2.34467
2.34467
2.34467
2.34467
2.34467
2.34467
2.34467
2.34467
2.34467
2.34467
2.34467
2.34467
2.34467
2.34467
2.34467
2.34467
2.34467
2.34467
2.34467
2.34467
2.34467
2.34467
2.34467
2.34467
2.34467
2.34467
2.34467
2.34467
2.34467
2.34467
2.34467
2.34467
2.34467
2.34467
2.34467
2.34467
2.34467
2.34467
2.34467
2.34467
2.34467
2.34467
2.34467
2.34467
2.34467
2.34467
2.34467
2.34467
2.34467
2.34467
2.34467
2.34467
2.34467
2.34467
2.34467
2.34467
2.34467
2.34467
2.34467
2.34467
2.34467
2.34467
2.34467
2.34467
2.34467
2.34467
2.34467
2.35192
2.35918
2.36643
2.37368
2.38923
2.40478
2.42033
2.43588
2.45101
2.46614
2.48127
2.49640
2.50300
2.50960
2.51620
2.52280
2.53226
2.54172
2.55118
2.56064
2.56294
2.56524
2.56754
2.56984
2.57340
2.57695
2.58051
2.58406
2.58605
2.58803
2.59002
2.59201
2.59310
2.59419
2.59529
2.59638
2.59770
2.59903
2.60035
2.60168
2.60198
2.60228
2.60258
2.60288
2.60336
2.60384
2.60431
2.60479
2.60511
2.60543
2.60576
2.60608
2.60621
2.60634
2.60648
2.60661
2.60682
2.60703
2.60723
2.60744
2.60751
2.60758
2.60765
2.60771
2.60779
2.60786
2.60794
2.60801
2.60810
2.60819
2.60829
2.60838
2.60843
2.60849
2.60854
2.60860
2.60869
2.60878
2.60887
2.60895
2.60906
2.60917
2.60927
2.60938
2.60952
2.60966
2.60980
2.60994
2.61016
2.61038
2.61060
2.61082
2.61096
2.61111
2.61125
2.61139
2.61155
2.61171
2.61187
2.61203
2.61228
2.61253
2.61278
2.61303
2.61351
2.61398
2.61446
2.61494
2.61570
2.61645
2.61721
2.61796
2.61912
2.62028
2.62144
2.62260
2.62436
2.62612
2.62787
2.62963
2.63237
2.63510
2.63783
2.64056
2.64443
2.64830
2.65217
2.65604
2.66190
2.66776
2.67362
2.67948
2.68739
2.69529
2.70319
2.71110
2.72212
2.73314
2.74416
2.75518
2.76919
2.78320
2.79721
2.81122
2.82714
2.84306
2.85898
2.87490
2.89615
2.91740
2.93864
2.95989
2.97563
2.99137
3.00710
3.02284
3.04252
3.06221
3.08189
3.10157
3.12095
3.14033
3.15971
3.17909
3.18673
3.19437
3.20201
3.20965
3.22075
3.23186
3.24296
3.25406
3.26366
3.27326
3.28286
3.29245
3.28968
3.28690
3.28413
3.28135
3.27680
3.27226
3.26771
3.26316
3.25554
3.24791
3.24029
3.23267
3.22849
3.22431
3.22013
3.21595
3.21015
3.20434
3.19854
3.19274
3.18284
3.17294
3.16304
3.15314
3.13941
3.12567
3.11193
3.09819
3.09776
3.09733
3.09689
3.09646
3.09577
3.09508
3.09439
3.09370
3.09260
3.09150
3.09040
3.08930
3.08826
3.08721
3.08616
3.08511
3.08550
3.08590
3.08629
3.08668
3.08731
3.08794
3.08857
3.08920
3.09018
3.09117
3.09216
3.09314
3.09385
3.09456
3.09526
3.09597
3.09544
3.09491
3.09437
3.09384
3.09298
3.09212
3.09126
3.09040
3.08903
3.08767
3.08630
3.08493
3.08207
3.07922
3.07636
3.07350
3.06826
3.06302
3.05778
3.05254
3.04367
3.03481
3.02594
3.01708
3.00022
2.98337
2.96651
2.94966
2.34467
2.34467
2.34467
2.34467
2.34467
2.34467
2.34467
2.34467
2.34467
2.34467
2.34467
2.34467
2.34467
2.34467
2.34467
2.34467
2.34467
2.34467
2.34467
2.34467
2.34467
2.34467
2.34467
2.34467
2.34467
2.34467
2.34467
2.34467
2.34467
2.34467
2.34467
2.34467
2.34467
2.34467
2.34467
2.34467
2.34467
2.34467
2.34467
2.34467
2.34467
2.34467
2.34467
2.34467
2.34467
2.34467
2.34467
2.34467
2.34467
2.34467
2.34467
2.34467
2.34467
2.34467
2.34467
2.34467
2.34467
2.34467
2.34467
2.34467
2.34467
2.34467
2.34467
2.34467
2.34467
2.34467
2.34467
2.34467
2.34467
2.34467
2.34467
2.34467
2.34467
2.34467
2.34467
2.34467
2.34467
2.34467
2.34467
2.34467
2.34467
2.34467
2.34467
2.34467
2.34467
2.34467
2.34467
2.34467
2.34467
2.34467
2.34467
2.34467
2.34467
2.34467
2.34467
2.34467
2.34467
2.35192
2.35918
2.36643
2.37368
2.38923
2.40478
2.42033
2.43588
2.45101
2.46614
2.48127
2.49640
2.50300
2.50960
2.51620
2.52280
2.53226
2.54172
2.55118
2.56064
2.56294
2.56524
2.56754
2.56984
2.57340
2.57695
2.58051
2.58406
2.58605
2.58803
2.59002
2.59201
2.59310
2.59419
2.59529
2.59638
2.59770
2.59903
2.60035
2.60168
2.60198
2.60228
2.60258
2.60288
2.60336
2.60384
2.60431
2.60479
2.60511
2.60543
2.60576
2.60608
2.60621
2.60634
2.60648
2.60661
2.60682
2.60703
2.60723
2.60744
2.60751
2.60758
2.60765
2.60771
2.60779
2.60786
2.60794
2.60801
2.60810
2.60819
2.60829
2.60838
2.60843
2.60849
2.60854
2.60860
2.60869
2.60878
2.60887
2.60895
2.60906
2.60917
2.60927
2.60938
2.60952
2.60966
2.60980
2.60994
2.61016
2.61038
2.61060
2.61082
2.61096
2.61111
2.61125
2.61139
2.61155
2.61171
2.61187
2.61203
2.61228
2.61253
2.61278
2.61303
2.61351
2.61398
2.61446
2.61494
2.61570
2.61645
2.61721
2.61796
2.61912
2.62028
2.62144
2.62260
2.62436
2.62612
2.62787
2.62963
2.63237
2.63510
2.63783
2.64056
2.64443
2.64830
2.65217
2.65604
2.66190
2.66776
2.67362
2.67948
2.68739
2.69529
2.70319
2.71110
2.72212
2.73314
2.74416
2.75518
2.76919
2.78320
2.79721
2.81122
2.82714
2.84306
2.85898
2.87490
2.89615
2.91740
2.93864
2.95989
2.97563
2.99137
3.00710
3.02284
3.04252
3.06221
3.08189
3.10157
3.12095
3.14033
3.15971
3.17909
3.18673
3.19437
3.20201
3.20965
3.22075
3.23186
3.24296
3.25406
3.26366
3.27326
3.28286
3.29245
3.28968
3.28690
3.28413
3.28135
3.27680
3.27226
3.26771
3.26316
3.25554
3.24791
3.24029
3.23267
3.22849
3.22431
3.22013
3.21595
3.21015
3.20434
3.19854
3.19274
3.18284
3.17294
3.16304
3.15314
3.13941
3.12567
3.11193
3.09819
3.09776
3.09733
3.09689
3.09646
3.09577
3.09508
3.09439
3.09370
3.09260
3.09150
3.09040
3.08930
3.08826
3.08721
3.08616
3.08511
3.08550
3.08590
3.08629
3.08668
3.08731
3.08794
3.08857
3.08920
3.09018
3.09117
3.09216
3.09314
3.09385
3.09456
3.09526
3.09597
3.09544
3.09491
3.09437
3.09384
3.09298
3.09212
3.09126
3.09040
3.08903
3.08767
3.08630
3.08493
3.08207
3.07922
3.07636
3.07350
3.06826
3.06302
3.05778
3.05254
3.04367
3.03481
3.02594
3.01708
3.00022
2.98337
2.96651
2.94966
2.34467
2.34467
2.34467
2.34467
2.34467
2.34467
2.34467
2.34467
2.34467
2.34467
2.34467
2.34467
2.34467
2.34467
2.34467
2.34467
2.34467
2.34467
2.34467
2.34467
2.34467
2.34467
2.34467
2.34467
2.34467
2.34467
2.34467
2.34467
2.34467
2.34467
2.34467
2.34467
2.34467
2.34467
2.34467
2.34467
2.34467
2.34467
2.34467
2.34467
2.34467
2.34467
2.34467
2.34467
2.34467
2.34467
2.34467
2.34467
2.34467
2.34467
2.34467
2.34467
2.34467
2.34467
2.34467
2.34467
2.34467
2.34467
2.34467
2.34467
2.34467
2.34467
2.34467
2.34467
2.34467
2.34467
2.34467
2.34467
2.34467
2.34467
2.34467
2.34467
2.34467
2.34467
2.34467
2.34467
2.34467
2.34467
2.34467
2.34467
2.34467
2.34467
2.34467
2.34467
2.34467
2.34467
2.34467
2.34467
2.34467
2.34467
2.34467
2.34467
2.34467
2.34467
2.34467
2.34467
2.34467
2.35192
2.35918
2.36643
2.37368
2.38923
2.40478
2.42033
2.43588
2.45101
2.46614
2.48127
2.49640
2.50300
2.50960
2.51620
2.52280
2.53226
2.54172
2.55118
2.56064
2.56294
2.56524
2.56754
2.56984
2.57340
2.57695
2.58051
2.58406
2.58605
2.58803
2.59002
2.59201
2.59310
2.59419
2.59529
2.59638
2.59770
2.59903
2.60035
2.60168
2.60198
2.60228
2.60258
2.60288
2.60336
2.60384
2.60431
2.60479
2.60511
2.60543
2.60576
2.60608
2.60621
2.60634
2.60648
2.60661
2.60682
2.60703
2.60723
2.60744
2.60751
2.60758
2.60765
2.60771
2.60779
2.60786
2.60794
2.60801
2.60810
2.60819
2.60829
2.60838
2.60843
2.60849
2.60854
2.60860
2.60869
2.60878
2.60887
2.60895
2.60906
2.60917
2.60927
2.60938
2.60952
2.60966
2.60980
2.60994
2.61016
2.61038
2.61060
2.61082
2.61096
2.61111
2.61125
2.61139
2.61155
2.61171
2.61187
2.61203
2.61228
2.61253
2.61278
2.61303
2.61351
2.61398
2.61446
2.61494
2.61570
2.61645
2.61721
2.61796
2.61912
2.62028
2.62144
2.62260
2.62436
2.62612
2.62787
2.62963
2.63237
2.63510
2.63783
2.64056
2.64443
2.64830
2.65217
2.65604
2.66190
2.66776
2.67362
2.67948
2.68739
2.69529
2.70319
2.71110
2.72212
2.73314
2.74416
2.75518
2.76919
2.78320
2.79721
2.81122
2.82714
2.84306
2.85898
2.87490
2.89615
2.91740
2.93864
2.95989
2.97563
2.99137
3.00710
3.02284
3.04252
3.06221
3.08189
3.10157
3.12095
3.14033
3.15971
3.17909
3.18673
3.19437
3.20201
3.20965
3.22075
3.23186
3.24296
3.25406
3.26366
3.27326
3.28286
3.29245
3.28968
3.28690
3.28413
3.28135
3.27680
3.27226
3.26771
3.26316
3.25554
3.24791
3.24029
3.23267
3.22849
3.22431
3.22013
3.21595
3.21015
3.20434
3.19854
3.19274
3.18284
3.17294
3.16304
3.15314
3.13941
3.12567
3.11193
3.09819
3.09776
3.09733
3.09689
3.09646
3.09577
3.09508
3.09439
3.09370
3.09260
3.09150
3.09040
3.08930
3.08826
3.08721
3.08616
3.08511
3.08550
3.08590
3.08629
3.08668
3.08731
3.08794
3.08857
3.08920
3.09018
3.09117
3.09216
3.09314
3.09385
3.09456
3.09526
3.09597
3.09544
3.09491
3.09437
3.09384
3.09298
3.09212
3.09126
3.09040
3.08903
3.08767
3.08630
3.08493
3.08207
3.07922
3.07636
3.07350
3.06826
3.06302
3.05778
3.05254
3.04367
3.03481
3.02594
3.01708
3.00022
2.98337
2.96651
2.94966
2.34467
2.34467
2.34467
2.34467
2.34467
2.34467
2.34467
2.34467
2.34467
2.34467
2.34467
2.34467
2.34467
2.34467
2.34467
2.34467
2.34467
2.34467
2.34467
2.34467
2.34467
2.34467
2.34467
2.34467
2.34467
2.34467
2.34467
2.34467
2.34467
2.34467
2.34467
2.34467
2.34467
2.34467
2.34467
2.34467
2.34467
2.34467
2.34467
2.34467
2.34467
2.34467
2.34467
2.34467
2.34467
2.34467
2.34467
2.34467
2.34467
2.34467
2.34467
2.34467
2.34467
2.34467
2.34467
2.34467
2.34467
2.34467
2.34467
2.34467
2.34467
2.34467
2.34467
2.34467
2.34467
2.34467
2.34467
2.34467
2.34467
2.34467
2.34467
2.34467
2.34467
2.34467
2.34467
2.34467
2.34467
2.34467
2.34467
2.34467
2.34467
2.34467
2.34467
2.34467
2.34467
2.34467
2.34467
2.34467
2.34467
2.34467
2.34467
2.34467
2.34467
2.34467
2.34467
2.34467
2.34467
2.35192
2.35918
2.36643
2.37368
2.38923
2.40478
2.42033
2.43588
2.45101
2.46614
2.48127
2.49640
2.50300
2.50960
2.51620
2.52280
2.53226
2.54172
2.55118
2.56064
2.56294
2.56524
2.56754
2.56984
2.57340
2.57695
2.58051
2.58406
2.58605
2.58803
2.59002
2.59201
2.59310
2.59419
2.59529
2.59638
2.59770
2.59903
2.60035
2.60168
2.60198
2.60228
2.60258
2.60288
2.60336
2.60384
2.60431
2.60479
2.60511
2.60543
2.60576
2.60608
2.60621
2.60634
2.60648
2.60661
2.60682
2.60703
2.60723
2.60744
2.60751
2.60758
2.60765
2.60771
2.60779
2.60786
2.60794
2.60801
2.60810
2.60819
2.60829
2.60838
2.60843
2.60849
2.60854
2.60860
2.60869
2.60878
2.60887
2.60895
2.60906
2.60917
2.60927
2.60938
2.60952
2.60966
2.60980
2.60994
2.61016
2.61038
2.61060
2.61082
2.61096
2.61111
2.61125
2.61139
2.61155
2.61171
2.61187
2.61203
2.61228
2.61253
2.61278
2.61303
2.61351
2.61398
2.61446
2.61494
2.61570
2.61645
2.61721
2.61796
2.61912
2.62028
2.62144
2.62260
2.62436
2.62612
2.62787
2.62963
2.63237
2.63510
2.63783
2.64056
2.64443
2.64830
2.65217
2.65604
2.66190
2.66776
2.67362
2.67948
2.68739
2.69529
2.70319
2.71110
2.72212
2.73314
2.74416
2.75518
2.76919
2.78320
2.79721
2.81122
2.82714
2.84306
2.85898
2.87490
2.89615
2.91740
2.93864
2.95989
2.97563
2.99137
3.00710
3.02284
3.04252
3.06221
3.08189
3.10157
3.12095
3.14033
3.15971
3.17909
3.18673
3.19437
3.20201
3.20965
3.22075
3.23186
3.24296
3.25406
3.26366
3.27326
3.28286
3.29245
3.28968
3.28690
3.28413
3.28135
3.27680
3.27226
3.26771
3.26316
3.25554
3.24791
3.24029
3.23267
3.22849
3.22431
3.22013
3.21595
3.21015
3.20434
3.19854
3.19274
3.18284
3.17294
3.16304
3.15314
3.13941
3.12567
3.11193
3.09819
3.09776
3.09733
3.09689
3.09646
3.09577
3.09508
3.09439
3.09370
3.09260
3.09150
3.09040
3.08930
3.08826
3.08721
3.08616
3.08511
3.08550
3.08590
3.08629
3.08668
3.08731
3.08794
3.08857
3.08920
3.09018
3.09117
3.09216
3.09314
3.09385
3.09456
3.09526
3.09597
3.09544
3.09491
3.09437
3.09384
3.09298
3.09212
3.09126
3.09040
3.08903
3.08767
3.08630
3.08493
3.08207
3.07922
3.07636
3.07350
3.06826
3.06302
3.05778
3.05254
3.04367
3.03481
3.02594
3.01708
3.00022
2.98337
2.96651
2.94966
2.34467
2.34467
2.34467
2.34467
2.34467
2.34467
2.34467
2.34467
2.34467
2.34467
2.34467
2.34467
2.34467
2.34467
2.34467
2.34467
2.34467
2.34467
2.34467
2.34467
2.34467
2.34467
2.34467
2.34467
2.34467
2.34467
2.34467
2.34467
2.34467
2.34467
2.34467
2.34467
2.34467
2.34467
2.34467
2.34467
2.34467
2.34467
2.34467
2.34467
2.34467
2.34467
2.34467
2.34467
2.34467
2.34467
2.34467
2.34467
2.34467
2.34467
2.34467
2.34467
2.34467
2.34467
2.34467
2.34467
2.34467
2.34467
2.34467
2.34467
2.34467
2.34467
2.34467
2.34467
2.34467
2.34467
2.34467
2.34467
2.34467
2.34467
2.34467
2.34467
2.34467
2.34467
2.34467
2.34467
2.34467
2.34467
2.34467
2.34467
2.34467
2.34467
2.34467
2.34467
2.34467
2.34467
2.34467
2.34467
2.34467
2.34467
2.34467
2.34467
2.34467
2.34467
2.34467
2.34467
2.34467
2.35192
2.35918
2.36643
2.37368
2.38923
2.40478
2.42033
2.43588
2.45101
2.46614
2.48127
2.49640
2.50300
2.50960
2.51620
2.52280
2.53226
2.54172
2.55118
2.56064
2.56294
2.56524
2.56754
2.56984
2.57340
2.57695
2.58051
2.58406
2.58605
2.58803
2.59002
2.59201
2.59310
2.59419
2.59529
2.59638
2.59770
2.59903
2.60035
2.60168
2.60198
2.60228
2.60258
2.60288
2.60336
2.60384
2.60431
2.60479
2.60511
2.60543
2.60576
2.60608
2.60621
2.60634
2.60648
2.60661
2.60682
2.60703
2.60723
2.60744
2.60751
2.60758
2.60765
2.60771
2.60779
2.60786
2.60794
2.60801
2.60810
2.60819
2.60829
2.60838
2.60843
2.60849
2.60854
2.60860
2.60869
2.60878
2.60887
2.60895
2.60906
2.60917
2.60927
2.60938
2.60952
2.60966
2.60980
2.60994
2.61016
2.61038
2.61060
2.61082
2.61096
2.61111
2.61125
2.61139
2.61155
2.61171
2.61187
2.61203
2.61228
2.61253
2.61278
2.61303
2.61351
2.61398
2.61446
2.61494
2.61570
2.61645
2.61721
2.61796
2.61912
2.62028
2.62144
2.62260
2.62436
2.62612
2.62787
2.62963
2.63237
2.63510
2.63783
2.64056
2.64443
2.64830
2.65217
2.65604
2.66190
2.66776
2.67362
2.67948
2.68739
2.69529
2.70319
2.71110
2.72212
2.73314
2.74416
2.75518
2.76919
2.78320
2.79721
2.81122
2.82714
2.84306
2.85898
2.87490
2.89615
2.91740
2.93864
2.95989
2.97563
2.99137
3.00710
3.02284
3.04252
3.06221
3.08189
3.10157
3.12095
3.14033
3.15971
3.17909
3.18673
3.19437
3.20201
3.20965
3.22075
3.23186
3.24296
3.25406
3.26366
3.27326
3.28286
3.29245
3.28968
3.28690
3.28413
3.28135
3.27680
3.27226
3.26771
3.26316
3.25554
3.24791
3.24029
3.23267
3.22849
3.22431
3.22013
3.21595
3.21015
3.20434
3.19854
3.19274
3.18284
3.17294
3.16304
3.15314
3.13941
3.12567
3.11193
3.09819
3.09776
3.09733
3.09689
3.09646
3.09577
3.09508
3.09439
3.09370
3.09260
3.09150
3.09040
3.08930
3.08826
3.08721
3.08616
3.08511
3.08550
3.08590
3.08629
3.08668
3.08731
3.08794
3.08857
3.08920
3.09018
3.09117
3.09216
3.09314
3.09385
3.09456
3.09526
3.09597
3.09544
3.09491
3.09437
3.09384
3.09298
3.09212
3.09126
3.09040
3.08903
3.08767
3.08630
3.08493
3.08207
3.07922
3.07636
3.07350
3.06826
3.06302
3.05778
3.05254
3.04367
3.03481
3.02594
3.01708
3.00022
2.98337
2.96651
2.94966
2.34467
2.34467
2.34467
2.34467
2.34467
2.34467
2.34467
2.34467
2.34467
2.34467
2.34467
2.34467
2.34467
2.34467
2.34467
2.34467
2.34467
2.34467
2.34467
2.34467
2.34467
2.34467
2.34467
2.34467
2.34467
2.34467
2.34467
2.34467
2.34467
2.34467
2.34467
2.34467
2.34467
2.34467
2.34467
2.34467
2.34467
2.34467
2.34467
2.34467
2.34467
2.34467
2.34467
2.34467
2.34467
2.34467
2.34467
2.34467
2.34467
2.34467
2.34467
2.34467
2.34467
2.34467
2.34467
2.34467
2.34467
2.34467
2.34467
2.34467
2.34467
2.34467
2.34467
2.34467
2.34467
2.34467
2.34467
2.34467
2.34467
2.34467
2.34467
2.34467
2.34467
2.34467
2.34467
2.34467
2.34467
2.34467
2.34467
2.34467
2.34467
2.34467
2.34467
2.34467
2.34467
2.34467
2.34467
2.34467
2.34467
2.34467
2.34467
2.34467
2.34467
2.34467
2.34467
2.34467
2.34467
2.35192
2.35918
2.36643
2.37368
2.38923
2.40478
2.42033
2.43588
2.45101
2.46614
2.48127
2.49640
2.50300
2.50960
2.51620
2.52280
2.53226
2.54172
2.55118
2.56064
2.56294
2.56524
2.56754
2.56984
2.57340
2.57695
2.58051
2.58406
2.58605
2.58803
2.59002
2.59201
2.59310
2.59419
2.59529
2.59638
2.59770
2.59903
2.60035
2.60168
2.60198
2.60228
2.60258
2.60288
2.60336
2.60384
2.60431
2.60479
2.60511
2.60543
2.60576
2.60608
2.60621
2.60634
2.60648
2.60661
2.60682
2.60703
2.60723
2.60744
2.60751
2.60758
2.60765
2.60771
2.60779
2.60786
2.60794
2.60801
2.60810
2.60819
2.60829
2.60838
2.60843
2.60849
2.60854
2.60860
2.60869
2.60878
2.60887
2.60895
2.60906
2.60917
2.60927
2.60938
2.60952
2.60966
2.60980
2.60994
2.61016
2.61038
2.61060
2.61082
2.61096
2.61111
2.61125
2.61139
2.61155
2.61171
2.61187
2.61203
2.61228
2.61253
2.61278
2.61303
2.61351
2.61398
2.61446
2.61494
2.61570
2.61645
2.61721
2.61796
2.61912
2.62028
2.62144
2.62260
2.62436
2.62612
2.62787
2.62963
2.63237
2.63510
2.63783
2.64056
2.64443
2.64830
2.65217
2.65604
2.66190
2.66776
2.67362
2.67948
2.68739
2.69529
2.70319
2.71110
2.72212
2.73314
2.74416
2.75518
2.76919
2.78320
2.79721
2.81122
2.82714
2.84306
2.85898
2.87490
2.89615
2.91740
2.93864
2.95989
2.97563
2.99137
3.00710
3.02284
3.04252
3.06221
3.08189
3.10157
3.12095
3.14033
3.15971
3.17909
3.18673
3.19437
3.20201
3.20965
3.22075
3.23186
3.24296
3.25406
3.26366
3.27326
3.28286
3.29245
3.28968
3.28690
3.28413
3.28135
3.27680
3.27226
3.26771
3.26316
3.25554
3.24791
3.24029
3.23267
3.22849
3.22431
3.22013
3.21595
3.21015
3.20434
3.19854
3.19274
3.18284
3.17294
3.16304
3.15314
3.13941
3.12567
3.11193
3.09819
3.09776
3.09733
3.09689
3.09646
3.09577
3.09508
3.09439
3.09370
3.09260
3.09150
3.09040
3.08930
3.08826
3.08721
3.08616
3.08511
3.08550
3.08590
3.08629
3.08668
3.08731
3.08794
3.08857
3.08920
3.09018
3.09117
3.09216
3.09314
3.09385
3.09456
3.09526
3.09597
3.09544
3.09491
3.09437
3.09384
3.09298
3.09212
3.09126
3.09040
3.08903
3.08767
3.08630
3.08493
3.08207
3.07922
3.07636
3.07350
3.06826
3.06302
3.05778
3.05254
3.04367
3.03481
3.02594
3.01708
3.00022
2.98337
2.96651
2.94966
2.34467
2.34467
2.34467
2.34467
2.34467
2.34467
2.34467
2.34467
2.34467
2.34467
2.34467
2.34467
2.34467
2.34467
2.34467
2.34467
2.34467
2.34467
2.34467
2.34467
2.34467
2.34467
2.34467
2.34467
2.34467
2.34467
2.34467
2.34467
2.34467
2.34467
2.34467
2.34467
2.34467
2.34467
2.34467
2.34467
2.34467
2.34467
2.34467
2.34467
2.34467
2.34467
2.34467
2.34467
2.34467
2.34467
2.34467
2.34467
2.34467
2.34467
2.34467
2.34467
2.34467
2.34467
2.34467
2.34467
2.34467
2.34467
2.34467
2.34467
2.34467
2.34467
2.34467
2.34467
2.34467
2.34467
2.34467
2.34467
2.34467
2.34467
2.34467
2.34467
2.34467
2.34467
2.34467
2.34467
2.34467
2.34467
2.34467
2.34467
2.34467
2.34467
2.34467
2.34467
2.34467
2.34467
2.34467
2.34467
2.34467
2.34467
2.34467
2.34467
2.34467
2.34467
2.34467
2.34467
2.34467
2.35192
2.35918
2.36643
2.37368
2.38923
2.40478
2.42033
2.43588
2.45101
2.46614
2.48127
2.49640
2.50300
2.50960
2.51620
2.52280
2.53226
2.54172
2.55118
2.56064
2.56294
2.56524
2.56754
2.56984
2.57340
2.57695
2.58051
2.58406
2.58605
2.58803
2.59002
2.59201
2.59310
2.59419
2.59529
2.59638
2.59770
2.59903
2.60035
2.60168
2.60198
2.60228
2.60258
2.60288
2.60336
2.60384
2.60431
2.60479
2.60511
2.60543
2.60576
2.60608
2.60621
2.60634
2.60648
2.60661
2.60682
2.60703
2.60723
2.60744
2.60751
2.60758
2.60765
2.60771
2.60779
2.60786
2.60794
2.60801
2.60810
2.60819
2.60829
2.60838
2.60843
2.60849
2.60854
2.60860
2.60869
2.60878
2.60887
2.60895
2.60906
2.60917
2.60927
2.60938
2.60952
2.60966
2.60980
2.60994
2.61016
2.61038
2.61060
2.61082
2.61096
2.61111
2.61125
2.61139
2.61155
2.61171
2.61187
2.61203
2.61228
2.61253
2.61278
2.61303
2.61351
2.61398
2.61446
2.61494
2.61570
2.61645
2.61721
2.61796
2.61912
2.62028
2.62144
2.62260
2.62436
2.62612
2.62787
2.62963
2.63237
2.63510
2.63783
2.64056
2.64443
2.64830
2.65217
2.65604
2.66190
2.66776
2.67362
2.67948
2.68739
2.69529
2.70319
2.71110
2.72212
2.73314
2.74416
2.75518
2.76919
2.78320
2.79721
2.81122
2.82714
2.84306
2.85898
2.87490
2.89615
2.91740
2.93864
2.95989
2.97563
2.99137
3.00710
3.02284
3.04252
3.06221
3.08189
3.10157
3.12095
3.14033
3.15971
3.17909
3.18673
3.19437
3.20201
3.20965
3.22075
3.23186
3.24296
3.25406
3.26366
3.27326
3.28286
3.29245
3.28968
3.28690
3.28413
3.28135
3.27680
3.27226
3.26771
3.26316
3.25554
3.24791
3.24029
3.23267
3.22849
3.22431
3.22013
3.21595
3.21015
3.20434
3.19854
3.19274
3.18284
3.17294
3.16304
3.15314
3.13941
3.12567
3.11193
3.09819
3.09776
3.09733
3.09689
3.09646
3.09577
3.09508
3.09439
3.09370
3.09260
3.09150
3.09040
3.08930
3.08826
3.08721
3.08616
3.08511
3.08550
3.08590
3.08629
3.08668
3.08731
3.08794
3.08857
3.08920
3.09018
3.09117
3.09216
3.09314
3.09385
3.09456
3.09526
3.09597
3.09544
3.09491
3.09437
3.09384
3.09298
3.09212
3.09126
3.09040
3.08903
3.08767
3.08630
3.08493
3.08207
3.07922
3.07636
3.07350
3.06826
3.06302
3.05778
3.05254
3.04367
3.03481
3.02594
3.01708
3.00022
2.98337
2.96651
2.94966
2.34467
2.34467
2.34467
2.34467
2.34467
2.34467
2.34467
2.34467
2.34467
2.34467
2.34467
2.34467
2.34467
2.34467
2.34467
2.34467
2.34467
2.34467
2.34467
2.34467
2.34467
2.34467
2.34467
2.34467
2.34467
2.34467
2.34467
2.34467
2.34467
2.34467
2.34467
2.34467
2.34467
2.34467
2.34467
2.34467
2.34467
2.34467
2.34467
2.34467
2.34467
2.34467
2.34467
2.34467
2.34467
2.34467
2.34467
2.34467
2.34467
2.34467
2.34467
2.34467
2.34467
2.34467
2.34467
2.34467
2.34467
2.34467
2.34467
2.34467
2.34467
2.34467
2.34467
2.34467
2.34467
2.34467
2.34467
2.34467
2.34467
2.34467
2.34467
2.34467
2.34467
2.34467
2.34467
2.34467
2.34467
2.34467
2.34467
2.34467
2.34467
2.34467
2.34467
2.34467
2.34467
2.34467
2.34467
2.34467
2.34467
2.34467
2.34467
2.34467
2.34467
2.34467
2.34467
2.34467
2.34467
2.35192
2.35918
2.36643
2.37368
2.38923
2.40478
2.42033
2.43588
2.45101
2.46614
2.48127
2.49640
2.50300
2.50960
2.51620
2.52280
2.53226
2.54172
2.55118
2.56064
2.56294
2.56524
2.56754
2.56984
2.57340
2.57695
2.58051
2.58406
2.58605
2.58803
2.59002
2.59201
2.59310
2.59419
2.59529
2.59638
2.59770
2.59903
2.60035
2.60168
2.60198
2.60228
2.60258
2.60288
2.60336
2.60384
2.60431
2.60479
2.60511
2.60543
2.60576
2.60608
2.60621
2.60634
2.60648
2.60661
2.60682
2.60703
2.60723
2.60744
2.60751
2.60758
2.60765
2.60771
2.60779
2.60786
2.60794
2.60801
2.60810
2.60819
2.60829
2.60838
2.60843
2.60849
2.60854
2.60860
2.60869
2.60878
2.60887
2.60895
2.60906
2.60917
2.60927
2.60938
2.60952
2.60966
2.60980
2.60994
2.61016
2.61038
2.61060
2.61082
2.61096
2.61111
2.61125
2.61139
2.61155
2.61171
2.61187
2.61203
2.61228
2.61253
2.61278
2.61303
2.61351
2.61398
2.61446
2.61494
2.61570
2.61645
2.61721
2.61796
2.61912
2.62028
2.62144
2.62260
2.62436
2.62612
2.62787
2.62963
2.63237
2.63510
2.63783
2.64056
2.64443
2.64830
2.65217
2.65604
2.66190
2.66776
2.67362
2.67948
2.68739
2.69529
2.70319
2.71110
2.72212
2.73314
2.74416
2.75518
2.76919
2.78320
2.79721
2.81122
2.82714
2.84306
2.85898
2.87490
2.89615
2.91740
2.93864
2.95989
2.97563
2.99137
3.00710
3.02284
3.04252
3.06221
3.08189
3.10157
3.12095
3.14033
3.15971
3.17909
3.18673
3.19437
3.20201
3.20965
3.22075
3.23186
3.24296
3.25406
3.26366
3.27326
3.28286
3.29245
3.28968
3.28690
3.28413
3.28135
3.27680
3.27226
3.26771
3.26316
3.25554
3.24791
3.24029
3.23267
3.22849
3.22431
3.22013
3.21595
3.21015
3.20434
3.19854
3.19274
3.18284
3.17294
3.16304
3.15314
3.13941
3.12567
3.11193
3.09819
3.09776
3.09733
3.09689
3.09646
3.09577
3.09508
3.09439
3.09370
3.09260
3.09150
3.09040
3.08930
3.08826
3.08721
3.08616
3.08511
3.08550
3.08590
3.08629
3.08668
3.08731
3.08794
3.08857
3.08920
3.09018
3.09117
3.09216
3.09314
3.09385
3.09456
3.09526
3.09597
3.09544
3.09491
3.09437
3.09384
3.09298
3.09212
3.09126
3.09040
3.08903
3.08767
3.08630
3.08493
3.08207
3.07922
3.07636
3.07350
3.06826
3.06302
3.05778
3.05254
3.04367
3.03481
3.02594
3.01708
3.00022
2.98337
2.96651
2.94966
2.34467
2.34467
2.34467
2.34467
2.34467
2.34467
2.34467
2.34467
2.34467
2.34467
2.34467
2.34467
2.34467
2.34467
2.34467
2.34467
2.34467
2.34467
2.34467
2.34467
2.34467
2.34467
2.34467
2.34467
2.34467
2.34467
2.34467
2.34467
2.34467
2.34467
2.34467
2.34467
2.34467
2.34467
2.34467
2.34467
2.34467
2.34467
2.34467
2.34467
2.34467
2.34467
2.34467
2.34467
2.34467
2.34467
2.34467
2.34467
2.34467
2.34467
2.34467
2.34467
2.34467
2.34467
2.34467
2.34467
2.34467
2.34467
2.34467
2.34467
2.34467
2.34467
2.34467
2.34467
2.34467
2.34467
2.34467
2.34467
2.34467
2.34467
2.34467
2.34467
2.34467
2.34467
2.34467
2.34467
2.34467
2.34467
2.34467
2.34467
2.34467
2.34467
2.34467
2.34467
2.34467
2.34467
2.34467
2.34467
2.34467
2.34467
2.34467
2.34467
2.34467
2.34467
2.34467
2.34467
2.34467
2.35192
2.35918
2.36643
2.37368
2.38923
2.40478
2.42033
2.43588
2.45101
2.46614
2.48127
2.49640
2.50300
2.50960
2.51620
2.52280
2.53226
2.54172
2.55118
2.56064
2.56294
2.56524
2.56754
2.56984
2.57340
2.57695
2.58051
2.58406
2.58605
2.58803
2.59002
2.59201
2.59310
2.59419
2.59529
2.59638
2.59770
2.59903
2.60035
2.60168
2.60198
2.60228
2.60258
2.60288
2.60336
2.60384
2.60431
2.60479
2.60511
2.60543
2.60576
2.60608
2.60621
2.60634
2.60648
2.60661
2.60682
2.60703
2.60723
2.60744
2.60751
2.60758
2.60765
2.60771
2.60779
2.60786
2.60794
2.60801
2.60810
2.60819
2.60829
2.60838
2.60843
2.60849
2.60854
2.60860
2.60869
2.60878
2.60887
2.60895
2.60906
2.60917
2.60927
2.60938
2.60952
2.60966
2.60980
2.60994
2.61016
2.61038
2.61060
2.61082
2.61096
2.61111
2.61125
2.61139
2.61155
2.61171
2.61187
2.61203
2.61228
2.61253
2.61278
2.61303
2.61351
2.61398
2.61446
2.61494
2.61570
2.61645
2.61721
2.61796
2.61912
2.62028
2.62144
2.62260
2.62436
2.62612
2.62787
2.62963
2.63237
2.63510
2.63783
2.64056
2.64443
2.64830
2.65217
2.65604
2.66190
2.66776
2.67362
2.67948
2.68739
2.69529
2.70319
2.71110
2.72212
2.73314
2.74416
2.75518
2.76919
2.78320
2.79721
2.81122
2.82714
2.84306
2.85898
2.87490
2.89615
2.91740
2.93864
2.95989
2.97563
2.99137
3.00710
3.02284
3.04252
3.06221
3.08189
3.10157
3.12095
3.14033
3.15971
3.17909
3.18673
3.19437
3.20201
3.20965
3.22075
3.23186
3.24296
3.25406
3.26366
3.27326
3.28286
3.29245
3.28968
3.28690
3.28413
3.28135
3.27680
3.27226
3.26771
3.26316
3.25554
3.24791
3.24029
3.23267
3.22849
3.22431
3.22013
3.21595
3.21015
3.20434
3.19854
3.19274
3.18284
3.17294
3.16304
3.15314
3.13941
3.12567
3.11193
3.09819
3.09776
3.09733
3.09689
3.09646
3.09577
3.09508
3.09439
3.09370
3.09260
3.09150
3.09040
3.08930
3.08826
3.08721
3.08616
3.08511
3.08550
3.08590
3.08629
3.08668
3.08731
3.08794
3.08857
3.08920
3.09018
3.09117
3.09216
3.09314
3.09385
3.09456
3.09526
3.09597
3.09544
3.09491
3.09437
3.09384
3.09298
3.09212
3.09126
3.09040
3.08903
3.08767
3.08630
3.08493
3.08207
3.07922
3.07636
3.07350
3.06826
3.06302
3.05778
3.05254
3.04367
3.03481
3.02594
3.01708
3.00022
2.98337
2.96651
2.94966
2.18118
2.18118
2.18118
2.18118
2.18118
2.18118
2.18118
2.18118
2.18118
2.18118
2.18118
2.18118
2.18118
2.18118
2.18118
2.18118
2.18118
2.18118
2.18118
2.18118
2.18118
2.18118
2.18118
2.18118
2.18118
2.18118
2.18118
2.18118
2.18118
2.18118
2.18118
2.18118
2.18118
2.18118
2.18118
2.18118
2.18118
2.18118
2.18118
2.18118
2.18118
2.18118
2.18118
2.18118
2.18118
2.18118
2.18118
2.18118
2.18118
2.18118
2.18118
2.18118
2.18118
2.18118
2.18118
2.18118
2.18118
2.18118
2.18118
2.18118
2.18118
2.18118
2.18118
2.18118
2.18118
2.18118
2.18118
2.18118
2.18118
2.18118
2.18118
2.18118
2.18118
2.18118
2.18118
2.18118
2.18118
2.18118
2.18118
2.18118
2.18118
2.18118
2.18118
2.18118
2.18118
2.18118
2.18118
2.18118
2.18118
2.18118
2.18118
2.18118
2.18118
2.18118
2.18118
2.18118
2.18118
2.18869
2.19620
2.20372
2.21123
2.22913
2.24703
2.26494
2.28284
2.30105
2.31927
2.33748
2.35569
2.36687
2.37804
2.38921
2.40039
2.41453
2.42867
2.44281
2.45695
2.46460
2.47225
2.47989
2.48754
2.49666
2.50578
2.51489
2.52401
2.53100
2.53798
2.54497
2.55196
2.55824
2.56452
2.57081
2.57709
2.58290
2.58871
2.59452
2.60033
2.60441
2.60849
2.61257
2.61665
2.62114
2.62563
2.63013
2.63462
2.63693
2.63924
2.64155
2.64387
2.64674
2.64962
2.65250
2.65538
2.65675
2.65812
2.65949
2.66086
2.66213
2.66340
2.66467
2.66594
2.66695
2.66795
2.66895
2.66996
2.67045
2.67094
2.67143
2.67192
2.67256
2.67320
2.67383
2.67447
2.67466
2.67486
2.67505
2.67524
2.67552
2.67580
2.67607
2.67635
2.67662
2.67690
2.67717
2.67744
2.67768
2.67792
2.67816
2.67840
2.67860
2.67880
2.67900
2.67921
2.67938
2.67955
2.67972
2.67990
2.68013
2.68037
2.68061
2.68084
2.68129
2.68173
2.68217
2.68262
2.68328
2.68393
2.68459
2.68525
2.68626
2.68727
2.68828
2.68929
2.69082
2.69235
2.69388
2.69541
2.69777
2.70013
2.70250
2.70486
2.70821
2.71155
2.71490
2.71825
2.72332
2.72838
2.73345
2.73851
2.74532
2.75213
2.75895
2.76576
2.77526
2.78477
2.79428
2.80378
2.81589
2.82799
2.84009
2.85219
2.86598
2.87978
2.89357
2.90736
2.92581
2.94426
2.96270
2.98115
2.99489
3.00863
3.02237
3.03611
3.05338
3.07064
3.08791
3.10517
3.12213
3.13909
3.15604
3.17300
3.17985
3.18669
3.19354
3.20038
3.21028
3.22017
3.23006
3.23995
3.24803
3.25611
3.26419
3.27227
3.26967
3.26707
3.26448
3.26188
3.25792
3.25395
3.24999
3.24603
3.23964
3.23326
3.22688
3.22049
3.21714
3.21379
3.21044
3.20709
3.20254
3.19800
3.19346
3.18892
3.18113
3.17335
3.16556
3.15777
3.14704
3.13631
3.12558
3.11485
3.11529
3.11572
3.11616
3.11660
3.11649
3.11637
3.11625
3.11614
3.11592
3.11570
3.11548
3.11526
3.11545
3.11563
3.11582
3.11600
3.11652
3.11703
3.11755
3.11806
3.11883
3.11961
3.12038
3.12115
3.12235
3.12356
3.12476
3.12597
3.12696
3.12796
3.12895
3.12994
3.12945
3.12895
3.12845
3.12795
3.12715
3.12634
3.12554
3.12474
3.12346
3.12219
3.12091
3.11964
3.11682
3.11401
3.11120
3.10839
3.10316
3.09792
3.09269
3.08746
3.07860
3.06975
3.06090
3.05204
3.03516
3.01827
3.00138
2.98449
1.82274
1.82274
1.82274
1.82274
1.82274
1.82274
1.82274
1.82274
1.82274
1.82274
1.82274
1.82274
1.82274
1.82274
1.82274
1.82274
1.82274
1.82274
1.82274
1.82274
1.82274
1.82274
1.82274
1.82274
1.82274
1.82274
1.82274
1.82274
1.82274
1.82274
1.82274
1.82274
1.82274
1.82274
1.82274
1.82274
1.82274
1.82274
1.82274
1.82274
1.82274
1.82274
1.82274
1.82274
1.82274
1.82274
1.82274
1.82274
1.82274
1.82274
1.82274
1.82274
1.82274
1.82274
1.82274
1.82274
1.82274
1.82274
1.82274
1.82274
1.82274
1.82274
1.82274
1.82274
1.82274
1.82274
1.82274
1.82274
1.82274
1.82274
1.82274
1.82274
1.82274
1.82274
1.82274
1.82274
1.82274
1.82274
1.82274
1.82274
1.82274
1.82274
1.82274
1.82274
1.82274
1.82274
1.82274
1.82274
1.82274
1.82274
1.82274
1.82274
1.82274
1.82274
1.82274
1.82274
1.82274
1.83082
1.83890
1.84698
1.85506
1.87813
1.90119
1.92425
1.94731
1.97228
1.99725
2.02222
2.04719
2.06840
2.08961
2.11081
2.13202
2.15642
2.18083
2.20523
2.22964
2.24900
2.26837
2.28773
2.30710
2.32841
2.34973
2.37104
2.39236
2.41030
2.42825
2.44620
2.46415
2.48181
2.49948
2.51714
2.53481
2.55045
2.56609
2.58174
2.59738
2.60974
2.62210
2.63446
2.64682
2.66012
2.67342
2.68672
2.70002
2.70669
2.71337
2.72004
2.72671
2.73561
2.74451
2.75341
2.76230
2.76622
2.77013
2.77405
2.77796
2.78188
2.78579
2.78970
2.79362
2.79665
2.79969
2.80272
2.80576
2.80713
2.80850
2.80987
2.81125
2.81315
2.81506
2.81697
2.81888
2.81931
2.81973
2.82015
2.82058
2.82123
2.82188
2.82253
2.82318
2.82374
2.82431
2.82488
2.82545
2.82573
2.82601
2.82628
2.82656
2.82689
2.82722
2.82755
2.82788
2.82808
2.82828
2.82849
2.82869
2.82890
2.82910
2.82931
2.82952
2.82989
2.83026
2.83063
2.83100
2.83144
2.83188
2.83232
2.83276
2.83345
2.83413
2.83481
2.83550
2.83653
2.83755
2.83858
2.83961
2.84116
2.84272
2.84427
2.84582
2.84803
2.85023
2.85244
2.85464
2.85796
2.86129
2.86461
2.86793
2.87234
2.87676
2.88118
2.88559
2.89178
2.89797
2.90416
2.91035
2.91826
2.92618
2.93410
2.94202
2.95115
2.96027
2.96940
2.97853
2.99083
3.00314
3.01545
3.02776
3.03712
3.04649
3.05585
3.06521
3.07718
3.08914
3.10110
3.11306
3.12470
3.13635
3.14800
3.15964
3.16475
3.16986
3.17497
3.18007
3.18730
3.19453
3.20177
3.20900
3.21375
3.21850
3.22325
3.22800
3.22580
3.22360
3.22140
3.21920
3.21651
3.21383
3.21114
3.20846
3.20479
3.20113
3.19747
3.19381
3.19226
3.19072
3.18918
3.18764
3.18587
3.18410
3.18233
3.18056
3.17740
3.17424
3.17108
3.16792
3.16378
3.15964
3.15550
3.15136
3.15371
3.15606
3.15841
3.16077
3.16191
3.16305
3.16419
3.16532
3.16704
3.16875
3.17046
3.17218
3.17506
3.17795
3.18083
3.18372
3.18451
3.18529
3.18608
3.18687
3.18795
3.18903
3.19011
3.19119
3.19288
3.19457
3.19626
3.19794
3.19956
3.20118
3.20280
3.20442
3.20400
3.20358
3.20316
3.20273
3.20206
3.20138
3.20070
3.20002
3.19895
3.19787
3.19679
3.19572
3.19301
3.19030
3.18759
3.18489
3.17967
3.17445
3.16923
3.16401
3.15518
3.14636
3.13753
3.12870
3.11175
3.09479
3.07783
3.06087
1.46430
1.46430
1.46430
1.46430
1.46430
1.46430
1.46430
1.46430
1.46430
1.46430
1.46430
1.46430
1.46430
1.46430
1.46430
1.46430
1.46430
1.46430
1.46430
1.46430
1.46430
1.46430
1.46430
1.46430
1.46430
1.46430
1.46430
1.46430
1.46430
1.46430
1.46430
1.46430
1.46430
1.46430
1.46430
1.46430
1.46430
1.46430
1.46430
1.46430
1.46430
1.46430
1.46430
1.46430
1.46430
1.46430
1.46430
1.46430
1.46430
1.46430
1.46430
1.46430
1.46430
1.46430
1.46430
1.46430
1.46430
1.46430
1.46430
1.46430
1.46430
1.46430
1.46430
1.46430
1.46430
1.46430
1.46430
1.46430
1.46430
1.46430
1.46430
1.46430
1.46430
1.46430
1.46430
1.46430
1.46430
1.46430
1.46430
1.46430
1.46430
1.46430
1.46430
1.46430
1.46430
1.46430
1.46430
1.46430
1.46430
1.46430
1.46430
1.46430
1.46430
1.46430
1.46430
1.46430
1.46430
1.47295
1.48160
1.49025
1.49889
1.52712
1.55534
1.58357
1.61179
1.64352
1.67524
1.70697
1.73870
1.76994
1.80117
1.83241
1.86365
1.89832
1.93299
1.96765
2.00232
2.03341
2.06449
2.09557
2.12666
2.16017
2.19368
2.22719
2.26070
2.28961
2.31852
2.34743
2.37633
2.40538
2.43443
2.46348
2.49252
2.51800
2.54348
2.56895
2.59443
2.61507
2.63571
2.65636
2.67700
2.69911
2.72121
2.74332
2.76543
2.77646
2.78749
2.79852
2.80955
2.82447
2.83939
2.85431
2.86923
2.87569
2.88215
2.88861
2.89507
2.90162
2.90818
2.91473
2.92129
2.92636
2.93143
2.93650
2.94157
2.94382
2.94607
2.94832
2.95057
2.95375
2.95693
2.96011
2.96329
2.96395
2.96460
2.96526
2.96591
2.96693
2.96796
2.96898
2.97000
2.97087
2.97173
2.97259
2.97346
2.97377
2.97409
2.97441
2.97472
2.97518
2.97564
2.97610
2.97656
2.97679
2.97702
2.97725
2.97748
2.97766
2.97784
2.97802
2.97820
2.97850
2.97879
2.97908
2.97938
2.97960
2.97983
2.98005
2.98028
2.98064
2.98099
2.98135
2.98171
2.98223
2.98276
2.98329
2.98381
2.98456
2.98530
2.98605
2.98679
2.98785
2.98891
2.98997
2.99104
2.99261
2.99419
2.99577
2.99734
2.99936
3.00138
3.00341
3.00543
3.00830
3.01117
3.01404
3.01691
3.02064
3.02438
3.02811
3.03185
3.03631
3.04077
3.04523
3.04969
3.05586
3.06203
3.06820
3.07437
3.07936
3.08434
3.08933
3.09432
3.10097
3.10763
3.11429
3.12094
3.12728
3.13361
3.13995
3.14628
3.14965
3.15302
3.15639
3.15976
3.16433
3.16890
3.17347
3.17804
3.17947
3.18089
3.18231
3.18374
3.18193
3.18012
3.17832
3.17651
3.17511
3.17370
3.17229
3.17089
3.16994
3.16900
3.16806
3.16712
3.16739
3.16766
3.16792
3.16819
3.16919
3.17020
3.17120
3.17220
3.17367
3.17513
3.17660
3.17807
3.18052
3.18297
3.18542
3.18787
3.19214
3.19640
3.20066
3.20493
3.20733
3.20972
3.21212
3.21451
3.21816
3.22180
3.22544
3.22909
3.23467
3.24026
3.24585
3.25144
3.25250
3.25355
3.25461
3.25567
3.25706
3.25846
3.25985
3.26124
3.26341
3.26558
3.26775
3.26992
3.27216
3.27441
3.27666
3.27891
3.27856
3.27821
3.27786
3.27752
3.27697
3.27641
3.27586
3.27531
3.27443
3.27356
3.27268
3.27180
3.26920
3.26659
3.26399
3.26138
3.25618
3.25097
3.24576
3.24056
3.23176
3.22296
3.21416
3.20536
3.18834
3.17131
3.15428
3.13725
1.13213
1.13213
1.13213
1.13213
1.13213
1.13213
1.13213
1.13213
1.13213
1.13213
1.13213
1.13213
1.13213
1.13213
1.13213
1.13213
1.13213
1.13213
1.13213
1.13213
1.13213
1.13213
1.13213
1.13213
1.13213
1.13213
1.13213
1.13213
1.13213
1.13213
1.13213
1.13213
1.13213
1.13213
1.13213
1.13213
1.13213
1.13213
1.13213
1.13213
1.13213
1.13213
1.13213
1.13213
1.13213
1.13213
1.13213
1.13213
1.13213
1.13213
1.13213
1.13213
1.13213
1.13213
1.13213
1.13213
1.13213
1.13213
1.13213
1.13213
1.13213
1.13231
1.13249
1.13267
1.13285
1.13342
1.13399
1.13455
1.13512
1.13593
1.13673
1.13754
1.13834
1.13912
1.13991
1.14069
1.14147
1.14224
1.14301
1.14378
1.14455
1.14560
1.14665
1.14771
1.14876
1.15000
1.15123
1.15247
1.15371
1.15445
1.15519
1.15594
1.15668
1.15770
1.15872
1.15974
1.16077
1.17063
1.18050
1.19037
1.20024
1.23159
1.26294
1.29429
1.32565
1.36097
1.39629
1.43161
1.46693
1.50430
1.54166
1.57902
1.61638
1.65746
1.69854
1.73961
1.78069
1.81927
1.85784
1.89642
1.93500
1.97578
2.01657
2.05735
2.09814
2.13408
2.17002
2.20596
2.24190
2.27859
2.31527
2.35196
2.38864
2.42077
2.45290
2.48502
2.51715
2.54355
2.56995
2.59634
2.62274
2.65120
2.67966
2.70811
2.73657
2.75192
2.76726
2.78260
2.79795
2.81770
2.83745
2.85720
2.87695
2.88670
2.89645
2.90620
2.91594
2.92611
2.93627
2.94644
2.95660
2.96488
2.97315
2.98142
2.98969
2.99474
2.99979
3.00484
3.00989
3.01613
3.02237
3.02861
3.03485
3.03788
3.04092
3.04395
3.04699
3.05066
3.05433
3.05801
3.06168
3.06480
3.06792
3.07103
3.07415
3.07674
3.07934
3.08193
3.08452
3.08696
3.08939
3.09183
3.09427
3.09626
3.09826
3.10025
3.10225
3.10413
3.10602
3.10791
3.10979
3.11103
3.11227
3.11351
3.11475
3.11615
3.11755
3.11895
3.12035
3.12100
3.12166
3.12231
3.12297
3.12373
3.12449
3.12525
3.12601
3.12665
3.12729
3.12793
3.12857
3.12898
3.12939
3.12980
3.13021
3.13079
3.13138
3.13197
3.13255
3.13289
3.13324
3.13358
3.13392
3.13441
3.13490
3.13539
3.13588
3.13660
3.13732
3.13804
3.13876
3.13973
3.14070
3.14168
3.14265
3.14418
3.14571
3.14724
3.14877
3.15029
3.15181
3.15333
3.15485
3.15729
3.15974
3.16218
3.16463
3.16658
3.16853
3.17048
3.17243
3.17379
3.17514
3.17650
3.17785
3.17988
3.18190
3.18393
3.18595
3.18418
3.18241
3.18063
3.17886
3.17621
3.17355
3.17090
3.16824
3.16713
3.16602
3.16491
3.16380
3.16356
3.16333
3.16309
3.16285
3.16322
3.16360
3.16397
3.16435
3.16674
3.16913
3.17152
3.17391
3.17768
3.18145
3.18522
3.18899
3.19577
3.20255
3.20932
3.21610
3.22170
3.22729
3.23289
3.23849
3.24198
3.24547
3.24896
3.25246
3.25753
3.26260
3.26767
3.27274
3.28032
3.28791
3.29549
3.30307
3.30477
3.30646
3.30816
3.30985
3.31161
3.31336
3.31512
3.31687
3.31959
3.32231
3.32503
3.32775
3.33070
3.33365
3.33660
3.33955
3.33931
3.33908
3.33884
3.33861
3.33824
3.33787
3.33750
3.33712
3.33653
3.33594
3.33535
3.33476
3.33219
3.32961
3.32704
3.32446
3.31923
3.31399
3.30876
3.30352
3.29467
3.28582
3.27697
3.26812
3.25095
3.23379
3.21662
3.19945
0.86461
0.86461
0.86461
0.86461
0.86461
0.86461
0.86461
0.86461
0.86461
0.86461
0.86461
0.86461
0.86461
0.86461
0.86461
0.86461
0.86461
0.86461
0.86461
0.86461
0.86461
0.86461
0.86461
0.86461
0.86461
0.86461
0.86461
0.86461
0.86461
0.86461
0.86461
0.86461
0.86461
0.86461
0.86461
0.86461
0.86461
0.86461
0.86461
0.86461
0.86461
0.86461
0.86461
0.86461
0.86461
0.86461
0.86461
0.86461
0.86461
0.86461
0.86461
0.86461
0.86461
0.86461
0.86461
0.86461
0.86461
0.86461
0.86461
0.86461
0.86461
0.86542
0.86622
0.86703
0.86784
0.87037
0.87289
0.87542
0.87795
0.88154
0.88514
0.88873
0.89232
0.89581
0.89931
0.90280
0.90630
0.90973
0.91316
0.91658
0.92001
0.92471
0.92941
0.93410
0.93880
0.94432
0.94984
0.95536
0.96088
0.96420
0.96751
0.97082
0.97414
0.97870
0.98326
0.98782
0.99238
1.00508
1.01778
1.03048
1.04318
1.07265
1.10212
1.13159
1.16107
1.19220
1.22334
1.25447
1.28560
1.31947
1.35333
1.38720
1.42106
1.45906
1.49706
1.53506
1.57306
1.60872
1.64438
1.68004
1.71570
1.75165
1.78759
1.82354
1.85948
1.89279
1.92610
1.95940
1.99271
2.02781
2.06291
2.09801
2.13311
2.16405
2.19500
2.22594
2.25688
2.28282
2.30875
2.33469
2.36063
2.38939
2.41815
2.44691
2.47567
2.49521
2.51474
2.53428
2.55381
2.57547
2.59713
2.61879
2.64045
2.65532
2.67018
2.68505
2.69991
2.71607
2.73224
2.74840
2.76456
2.77892
2.79327
2.80762
2.82197
2.83455
2.84713
2.85970
2.87228
2.88597
2.89966
2.91335
2.92705
2.93775
2.94846
2.95917
2.96987
2.98181
2.99374
3.00567
3.01760
3.02780
3.03799
3.04818
3.05837
3.06875
3.07913
3.08951
3.09989
3.10885
3.11782
3.12678
3.13575
3.14378
3.15181
3.15984
3.16787
3.17573
3.18360
3.19146
3.19932
3.20402
3.20871
3.21341
3.21811
3.22410
3.23009
3.23608
3.24207
3.24457
3.24706
3.24956
3.25205
3.25485
3.25766
3.26046
3.26326
3.26553
3.26780
3.27007
3.27235
3.27332
3.27428
3.27525
3.27622
3.27767
3.27912
3.28057
3.28202
3.28245
3.28288
3.28331
3.28374
3.28416
3.28458
3.28500
3.28542
3.28599
3.28656
3.28714
3.28771
3.28810
3.28848
3.28887
3.28925
3.28984
3.29043
3.29102
3.29160
3.29189
3.29218
3.29247
3.29276
3.29368
3.29460
3.29552
3.29644
3.29629
3.29614
3.29598
3.29583
3.29449
3.29316
3.29182
3.29048
3.29024
3.29000
3.28976
3.28952
3.28488
3.28023
3.27559
3.27095
3.26438
3.25782
3.25125
3.24469
3.24146
3.23823
3.23500
3.23177
3.22727
3.22277
3.21827
3.21378
3.21006
3.20634
3.20263
3.19891
3.19928
3.19965
3.20003
3.20040
3.20075
3.20111
3.20147
3.20182
3.20735
3.21288
3.21841
3.22394
3.22944
3.23494
3.24044
3.24594
3.25014
3.25433
3.25853
3.26272
3.26798
3.27323
3.27849
3.28375
3.29159
3.29943
3.30727
3.31512
3.31835
3.32158
3.32481
3.32805
3.33029
3.33253
3.33477
3.33701
3.34045
3.34390
3.34734
3.35078
3.35461
3.35845
3.36228
3.36611
3.36608
3.36605
3.36602
3.36598
3.36593
3.36588
3.36583
3.36578
3.36569
3.36560
3.36551
3.36542
3.36269
3.35997
3.35724
3.35451
3.34914
3.34378
3.33841
3.33304
3.32394
3.31484
3.30575
3.29665
3.27918
3.26171
3.24424
3.22677
0.59710
0.59710
0.59710
0.59710
0.59710
0.59710
0.59710
0.59710
0.59710
0.59710
0.59710
0.59710
0.59710
0.59710
0.59710
0.59710
0.59710
0.59710
0.59710
0.59710
0.59710
0.59710
0.59710
0.59710
0.59710
0.59710
0.59710
0.59710
0.59710
0.59710
0.59710
0.59710
0.59710
0.59710
0.59710
0.59710
0.59710
0.59710
0.59710
0.59710
0.59710
0.59710
0.59710
0.59710
0.59710
0.59710
0.59710
0.59710
0.59710
0.59710
0.59710
0.59710
0.59710
0.59710
0.59710
0.59710
0.59710
0.59710
0.59710
0.59710
0.59710
0.59853
0.59996
0.60139
0.60282
0.60731
0.61180
0.61629
0.62078
0.62716
0.63354
0.63992
0.64630
0.65251
0.65871
0.66492
0.67112
0.67721
0.68330
0.68939
0.69548
0.70382
0.71216
0.72050
0.72884
0.73865
0.74845
0.75826
0.76806
0.77394
0.77983
0.78571
0.79159
0.79969
0.80779
0.81589
0.82399
0.83952
0.85505
0.87058
0.88611
0.91370
0.94130
0.96889
0.99649
1.02343
1.05038
1.07733
1.10428
1.13464
1.16501
1.19538
1.22574
1.26066
1.29558
1.33051
1.36543
1.39817
1.43092
1.46366
1.49641
1.52751
1.55862
1.58972
1.62083
1.65150
1.68217
1.71284
1.74351
1.77703
1.81055
1.84406
1.87758
1.90734
1.93710
1.96686
1.99662
2.02209
2.04756
2.07304
2.09851
2.12758
2.15664
2.18571
2.21477
2.23850
2.26223
2.28596
2.30968
2.33325
2.35682
2.38038
2.40395
2.42393
2.44391
2.46390
2.48388
2.50604
2.52820
2.55036
2.57252
2.59296
2.61339
2.63382
2.65425
2.67435
2.69446
2.71456
2.73467
2.75581
2.77695
2.79810
2.81924
2.83762
2.85600
2.87438
2.89276
2.91295
2.93314
2.95334
2.97353
2.99079
3.00806
3.02532
3.04259
3.06075
3.07892
3.09709
3.11526
3.13075
3.14624
3.16173
3.17723
3.19130
3.20536
3.21943
3.23350
3.24734
3.26117
3.27501
3.28884
3.29700
3.30516
3.31331
3.32147
3.33205
3.34263
3.35322
3.36380
3.36814
3.37247
3.37680
3.38114
3.38598
3.39082
3.39567
3.40051
3.40441
3.40832
3.41222
3.41613
3.41765
3.41918
3.42071
3.42224
3.42455
3.42686
3.42917
3.43149
3.43201
3.43253
3.43304
3.43356
3.43391
3.43426
3.43460
3.43495
3.43538
3.43581
3.43624
3.43667
3.43646
3.43626
3.43606
3.43586
3.43550
3.43515
3.43479
3.43443
3.43349
3.43255
3.43161
3.43067
3.43007
3.42946
3.42886
3.42826
3.42600
3.42374
3.42149
3.41923
3.41520
3.41117
3.40714
3.40311
3.40060
3.39809
3.39559
3.39308
3.38557
3.37806
3.37055
3.36304
3.35256
3.34209
3.33161
3.32113
3.31578
3.31043
3.30508
3.29973
3.29097
3.28222
3.27346
3.26470
3.25689
3.24909
3.24128
3.23347
3.23183
3.23018
3.22854
3.22689
3.22383
3.22077
3.21771
3.21465
3.21893
3.22322
3.22750
3.23178
3.23719
3.24259
3.24799
3.25339
3.25829
3.26319
3.26809
3.27299
3.27843
3.28387
3.28931
3.29475
3.30286
3.31096
3.31906
3.32716
3.33193
3.33670
3.34147
3.34624
3.34897
3.35170
3.35442
3.35715
3.36132
3.36548
3.36965
3.37381
3.37853
3.38324
3.38796
3.39267
3.39284
3.39302
3.39319
3.39336
3.39363
3.39390
3.39416
3.39443
3.39484
3.39526
3.39567
3.39608
3.39320
3.39032
3.38744
3.38456
3.37906
3.37356
3.36806
3.36256
3.35321
3.34387
3.33452
3.32518
3.30740
3.28963
3.27186
3.25408
0.32958
0.32958
0.32958
0.32958
0.32958
0.32958
0.32958
0.32958
0.32958
0.32958
0.32958
0.32958
0.32958
0.32958
0.32958
0.32958
0.32958
0.32958
0.32958
0.32958
0.32958
0.32958
0.32958
0.32958
0.32958
0.32958
0.32958
0.32958
0.32958
0.32958
0.32958
0.32958
0.32958
0.32958
0.32958
0.32958
0.32958
0.32958
0.32958
0.32958
0.32958
0.32958
0.32958
0.32958
0.32958
0.32958
0.32958
0.32958
0.32958
0.32958
0.32958
0.32958
0.32958
0.32958
0.32958
0.32958
0.32958
0.32958
0.32958
0.32958
0.32958
0.33163
0.33369
0.33575
0.33780
0.34425
0.35071
0.35716
0.36362
0.37278
0.38195
0.39111
0.40028
0.40920
0.41811
0.42703
0.43595
0.44470
0.45345
0.46219
0.47094
0.48293
0.49492
0.50690
0.51889
0.53297
0.54706
0.56115
0.57523
0.58369
0.59214
0.60060
0.60905
0.62069
0.63233
0.64396
0.65560
0.67396
0.69232
0.71068
0.72905
0.75476
0.78048
0.80619
0.83191
0.85467
0.87743
0.90019
0.92295
0.94981
0.97668
1.00355
1.03042
1.06226
1.09411
1.12595
1.15780
1.18762
1.21745
1.24728
1.27711
1.30338
1.32964
1.35591
1.38217
1.41021
1.43824
1.46628
1.49432
1.52625
1.55818
1.59012
1.62205
1.65062
1.67920
1.70777
1.73635
1.76136
1.78637
1.81139
1.83640
1.86577
1.89514
1.92451
1.95388
1.98180
2.00971
2.03763
2.06555
2.09102
2.11650
2.14197
2.16744
2.19254
2.21764
2.24275
2.26785
2.29600
2.32416
2.35232
2.38048
2.40699
2.43351
2.46002
2.48653
2.51416
2.54179
2.56942
2.59705
2.62565
2.65425
2.68284
2.71144
2.73749
2.76355
2.78960
2.81565
2.84410
2.87255
2.90100
2.92945
2.95379
2.97813
3.00247
3.02680
3.05276
3.07871
3.10467
3.13062
3.15265
3.17467
3.19669
3.21871
3.23881
3.25892
3.27902
3.29913
3.31894
3.33875
3.35856
3.37837
3.38998
3.40160
3.41321
3.42482
3.44000
3.45518
3.47035
3.48553
3.49170
3.49787
3.50405
3.51022
3.51710
3.52399
3.53087
3.53776
3.54330
3.54883
3.55437
3.55990
3.56199
3.56408
3.56616
3.56825
3.57143
3.57460
3.57778
3.58096
3.58156
3.58217
3.58278
3.58338
3.58366
3.58393
3.58421
3.58449
3.58477
3.58505
3.58534
3.58562
3.58483
3.58404
3.58325
3.58246
3.58116
3.57986
3.57856
3.57727
3.57509
3.57292
3.57075
3.56858
3.56645
3.56432
3.56220
3.56007
3.55571
3.55135
3.54699
3.54264
3.53591
3.52918
3.52246
3.51573
3.51096
3.50619
3.50142
3.49665
3.48627
3.47589
3.46551
3.45513
3.44074
3.42636
3.41197
3.39758
3.39011
3.38264
3.37517
3.36770
3.35468
3.34166
3.32864
3.31563
3.30373
3.29183
3.27993
3.26804
3.26437
3.26071
3.25705
3.25339
3.24691
3.24043
3.23395
3.22748
3.23051
3.23355
3.23659
3.23962
3.24493
3.25024
3.25554
3.26085
3.26645
3.27205
3.27765
3.28325
3.28888
3.29451
3.30013
3.30576
3.31412
3.32248
3.33084
3.33920
3.34551
3.35182
3.35812
3.36443
3.36765
3.37086
3.37408
3.37729
3.38218
3.38707
3.39196
3.39684
3.40244
3.40804
3.41364
3.41924
3.41961
3.41999
3.42036
3.42074
3.42132
3.42191
3.42250
3.42308
3.42400
3.42491
3.42583
3.42674
3.42371
3.42068
3.41765
3.41462
3.40898
3.40335
3.39771
3.39208
3.38248
3.37289
3.36330
3.35371
3.33563
3.31755
3.29948
3.28140
0.06206
0.06206
0.06206
0.06206
0.06206
0.06206
0.06206
0.06206
0.06206
0.06206
0.06206
0.06206
0.06206
0.06206
0.06206
0.06206
0.06206
0.06206
0.06206
0.06206
0.06206
0.06206
0.06206
0.06206
0.06206
0.06206
0.06206
0.06206
0.06206
0.06206
0.06206
0.06206
0.06206
0.06206
0.06206
0.06206
0.06206
0.06206
0.06206
0.06206
0.06206
0.06206
0.06206
0.06206
0.06206
0.06206
0.06206
0.06206
0.06206
0.06206
0.06206
0.06206
0.06206
0.06206
0.06206
0.06206
0.06206
0.06206
0.06206
0.06206
0.06206
0.06474
0.06742
0.07010
0.07278
0.08120
0.08962
0.09803
0.10645
0.11840
0.13035
0.14231
0.15426
0.16589
0.17751
0.18914
0.20077
0.21218
0.22359
0.23500
0.24641
0.26204
0.27767
0.29330
0.30893
0.32730
0.34567
0.36404
0.38241
0.39344
0.40446
0.41549
0.42651
0.44169
0.45686
0.47204
0.48721
0.50840
0.52960
0.55079
0.57198
0.59582
0.61965
0.64349
0.66733
0.68590
0.70447
0.72304
0.74162
0.76499
0.78836
0.81173
0.83510
0.86387
0.89263
0.92140
0.95016
0.97708
1.00399
1.03090
1.05782
1.07924
1.10067
1.12209
1.14351
1.16892
1.19432
1.21972
1.24512
1.27547
1.30582
1.33617
1.36652
1.39391
1.42130
1.44869
1.47608
1.50063
1.52518
1.54973
1.57428
1.60396
1.63363
1.66330
1.69298
1.72509
1.75720
1.78931
1.82142
1.84880
1.87618
1.90356
1.93094
1.96116
1.99138
2.02159
2.05181
2.08597
2.12013
2.15429
2.18844
2.22103
2.25363
2.28622
2.31881
2.35397
2.38912
2.42428
2.45944
2.49549
2.53154
2.56759
2.60364
2.63736
2.67109
2.70481
2.73854
2.77525
2.81196
2.84866
2.88537
2.91679
2.94820
2.97961
3.01102
3.04476
3.07851
3.11225
3.14599
3.17454
3.20309
3.23164
3.26019
3.28633
3.31247
3.33861
3.36476
3.39054
3.41632
3.44211
3.46789
3.48297
3.49804
3.51311
3.52818
3.54795
3.56772
3.58749
3.60726
3.61527
3.62328
3.63129
3.63930
3.64823
3.65716
3.66608
3.67501
3.68218
3.68935
3.69651
3.70368
3.70633
3.70897
3.71162
3.71427
3.71831
3.72234
3.72638
3.73042
3.73112
3.73181
3.73251
3.73320
3.73341
3.73361
3.73382
3.73402
3.73416
3.73430
3.73444
3.73458
3.73320
3.73182
3.73044
3.72906
3.72682
3.72458
3.72234
3.72010
3.71669
3.71329
3.70989
3.70649
3.70284
3.69919
3.69553
3.69188
3.68542
3.67896
3.67250
3.66604
3.65662
3.64720
3.63778
3.62836
3.62132
3.61429
3.60725
3.60022
3.58697
3.57372
3.56047
3.54722
3.52892
3.51062
3.49232
3.47402
3.46443
3.45484
3.44525
3.43566
3.41839
3.40111
3.38383
3.36655
3.35056
3.33458
3.31859
3.30260
3.29692
3.29124
3.28556
3.27988
3.26999
3.26009
3.25020
3.24030
3.24209
3.24388
3.24568
3.24747
3.25267
3.25788
3.26309
3.26830
3.27460
3.28091
3.28721
3.29352
3.29933
3.30514
3.31096
3.31677
3.32539
3.33401
3.34263
3.35124
3.35909
3.36693
3.37478
3.38263
3.38633
3.39003
3.39373
3.39743
3.40304
3.40865
3.41426
3.41987
3.42635
3.43284
3.43932
3.44580
3.44638
3.44696
3.44754
3.44812
3.44902
3.44993
3.45083
3.45173
3.45315
3.45457
3.45598
3.45740
3.45422
3.45103
3.44785
3.44467
3.43890
3.43313
3.42736
3.42159
3.41175
3.40191
3.39207
3.38223
3.36385
3.34547
3.32710
3.30872
0.02297
0.02297
0.02297
0.02297
0.02297
0.02297
0.02297
0.02297
0.02297
0.02297
0.02297
0.02297
0.02297
0.02297
0.02297
0.02297
0.02297
0.02297
0.02297
0.02297
0.02297
0.02297
0.02297
0.02297
0.02297
0.02297
0.02297
0.02297
0.02297
0.02297
0.02297
0.02297
0.02297
0.02297
0.02297
0.02297
0.02297
0.02297
0.02297
0.02297
0.02297
0.02297
0.02297
0.02297
0.02297
0.02297
0.02297
0.02297
0.02297
0.02297
0.02297
0.02297
0.02297
0.02297
0.02297
0.02297
0.02297
0.02297
0.02297
0.02297
0.02297
0.02600
0.02904
0.03207
0.03510
0.04489
0.05467
0.06446
0.07424
0.08810
0.10195
0.11580
0.12965
0.14293
0.15621
0.16948
0.18276
0.19611
0.20947
0.22282
0.23617
0.25375
0.27132
0.28889
0.30647
0.32721
0.34796
0.36871
0.38945
0.40211
0.41477
0.42743
0.44008
0.45728
0.47449
0.49169
0.50889
0.53113
0.55337
0.57561
0.59785
0.61928
0.64072
0.66215
0.68359
0.69877
0.71394
0.72912
0.74430
0.76392
0.78354
0.80316
0.82278
0.84782
0.87286
0.89790
0.92294
0.94617
0.96939
0.99261
1.01583
1.03262
1.04941
1.06621
1.08300
1.10500
1.12699
1.14899
1.17099
1.19809
1.22519
1.25230
1.27940
1.30402
1.32863
1.35325
1.37786
1.40036
1.42285
1.44535
1.46785
1.49556
1.52327
1.55098
1.57869
1.61116
1.64362
1.67609
1.70856
1.73516
1.76177
1.78838
1.81499
1.84634
1.87770
1.90905
1.94041
1.97595
2.01150
2.04705
2.08260
2.11674
2.15088
2.18502
2.21917
2.25664
2.29412
2.33159
2.36907
2.40734
2.44560
2.48387
2.52213
2.55838
2.59462
2.63086
2.66710
2.70648
2.74586
2.78525
2.82463
2.85835
2.89207
2.92579
2.95951
2.99587
3.03223
3.06859
3.10495
3.13566
3.16636
3.19707
3.22778
3.25594
3.28410
3.31226
3.34043
3.36823
3.39604
3.42385
3.45166
3.46793
3.48421
3.50048
3.51676
3.53815
3.55954
3.58093
3.60232
3.61109
3.61986
3.62863
3.63740
3.64722
3.65704
3.66686
3.67668
3.68464
3.69261
3.70058
3.70854
3.71177
3.71499
3.71821
3.72143
3.72616
3.73090
3.73563
3.74037
3.74144
3.74251
3.74358
3.74465
3.74535
3.74605
3.74675
3.74744
3.74799
3.74853
3.74907
3.74962
3.74867
3.74771
3.74676
3.74581
3.74394
3.74206
3.74019
3.73831
3.73519
3.73207
3.72894
3.72582
3.72260
3.71939
3.71617
3.71295
3.70665
3.70035
3.69405
3.68776
3.67859
3.66942
3.66025
3.65108
3.64477
3.63847
3.63217
3.62587
3.61263
3.59940
3.58617
3.57294
3.55470
3.53646
3.51822
3.49998
3.49130
3.48262
3.47394
3.46526
3.44679
3.42832
3.40984
3.39137
3.37435
3.35734
3.34032
3.32331
3.31740
3.31149
3.30558
3.29968
3.28845
3.27722
3.26598
3.25475
3.25581
3.25686
3.25792
3.25897
3.26405
3.26914
3.27422
3.27930
3.28580
3.29229
3.29878
3.30528
3.31107
3.31686
3.32265
3.32844
3.33700
3.34556
3.35412
3.36268
3.37119
3.37969
3.38820
3.39671
3.40082
3.40494
3.40905
3.41317
3.41927
3.42538
3.43149
3.43759
3.44433
3.45106
3.45779
3.46453
3.46545
3.46637
3.46728
3.46820
3.46947
3.47074
3.47202
3.47329
3.47481
3.47632
3.47784
3.47936
3.47612
3.47288
3.46965
3.46641
3.46060
3.45479
3.44899
3.44318
3.43314
3.42309
3.41304
3.40299
3.38437
3.36575
3.34713
3.32851
0.53956
0.53956
0.53956
0.53956
0.53956
0.53956
0.53956
0.53956
0.53956
0.53956
0.53956
0.53956
0.53956
0.53956
0.53956
0.53956
0.53956
0.53956
0.53956
0.53956
0.53956
0.53956
0.53956
0.53956
0.53956
0.53956
0.53956
0.53956
0.53956
0.53956
0.53956
0.53956
0.53956
0.53956
0.53956
0.53956
0.53956
0.53956
0.53956
0.53956
0.53956
0.53956
0.53956
0.53956
0.53956
0.53956
0.53956
0.53956
0.53956
0.53956
0.53956
0.53956
0.53956
0.53956
0.53956
0.53956
0.53956
0.53956
0.53956
0.53956
0.53956
0.54229
0.54501
0.54774
0.55047
0.56018
0.56989
0.57960
0.58931
0.60290
0.61650
0.63009
0.64368
0.65602
0.66836
0.68070
0.69304
0.70660
0.72015
0.73371
0.74727
0.76264
0.77802
0.79340
0.80877
0.82726
0.84574
0.86422
0.88271
0.89472
0.90672
0.91873
0.93074
0.94629
0.96184
0.97740
0.99295
1.01189
1.03084
1.04979
1.06873
1.08650
1.10426
1.12202
1.13978
1.15349
1.16720
1.18090
1.19461
1.20987
1.22513
1.24039
1.25565
1.27539
1.29513
1.31487
1.33461
1.35225
1.36990
1.38754
1.40518
1.41785
1.43051
1.44318
1.45584
1.47257
1.48929
1.50602
1.52274
1.54255
1.56236
1.58217
1.60198
1.61995
1.63792
1.65589
1.67386
1.69042
1.70699
1.72356
1.74012
1.76036
1.78059
1.80083
1.82106
1.84455
1.86804
1.89153
1.91503
1.93434
1.95365
1.97297
1.99228
2.01509
2.03790
2.06071
2.08353
2.10925
2.13498
2.16070
2.18643
2.21111
2.23579
2.26047
2.28515
2.31227
2.33939
2.36651
2.39363
2.42137
2.44912
2.47686
2.50461
2.53082
2.55703
2.58325
2.60946
2.63793
2.66640
2.69487
2.72334
2.74778
2.77221
2.79664
2.82107
2.84747
2.87388
2.90028
2.92669
2.94891
2.97114
2.99337
3.01560
3.03601
3.05643
3.07684
3.09726
3.11748
3.13770
3.15792
3.17814
3.19013
3.20212
3.21411
3.22610
3.24189
3.25768
3.27347
3.28926
3.29616
3.30305
3.30995
3.31684
3.32476
3.33267
3.34059
3.34850
3.35524
3.36198
3.36873
3.37547
3.37930
3.38314
3.38698
3.39081
3.39583
3.40086
3.40588
3.41090
3.41305
3.41520
3.41734
3.41949
3.42206
3.42462
3.42719
3.42975
3.43203
3.43431
3.43659
3.43887
3.44082
3.44277
3.44472
3.44667
3.44835
3.45003
3.45171
3.45339
3.45421
3.45503
3.45585
3.45667
3.45866
3.46065
3.46263
3.46462
3.46399
3.46336
3.46273
3.46210
3.46034
3.45859
3.45683
3.45507
3.45680
3.45852
3.46025
3.46198
3.45577
3.44957
3.44337
3.43716
3.42865
3.42014
3.41163
3.40312
3.40272
3.40233
3.40193
3.40153
3.38932
3.37711
3.36489
3.35268
3.34208
3.33149
3.32090
3.31030
3.30852
3.30674
3.30496
3.30318
3.29567
3.28816
3.28065
3.27314
3.27470
3.27626
3.27782
3.27938
3.28427
3.28916
3.29405
3.29895
3.30438
3.30981
3.31524
3.32067
3.32593
3.33119
3.33645
3.34171
3.34944
3.35717
3.36490
3.37263
3.37967
3.38671
3.39375
3.40079
3.40514
3.40950
3.41385
3.41820
3.42425
3.43030
3.43634
3.44239
3.44785
3.45330
3.45875
3.46421
3.46579
3.46738
3.46896
3.47055
3.47230
3.47406
3.47581
3.47757
3.47822
3.47886
3.47951
3.48016
3.47710
3.47405
3.47099
3.46793
3.46232
3.45671
3.45110
3.44549
3.43533
3.42517
3.41500
3.40484
3.38613
3.36742
3.34870
3.32999
1.05615
1.05615
1.05615
1.05615
1.05615
1.05615
1.05615
1.05615
1.05615
1.05615
1.05615
1.05615
1.05615
1.05615
1.05615
1.05615
1.05615
1.05615
1.05615
1.05615
1.05615
1.05615
1.05615
1.05615
1.05615
1.05615
1.05615
1.05615
1.05615
1.05615
1.05615
1.05615
1.05615
1.05615
1.05615
1.05615
1.05615
1.05615
1.05615
1.05615
1.05615
1.05615
1.05615
1.05615
1.05615
1.05615
1.05615
1.05615
1.05615
1.05615
1.05615
1.05615
1.05615
1.05615
1.05615
1.05615
1.05615
1.05615
1.05615
1.05615
1.05615
1.05857
1.06099
1.06341
1.06583
1.07547
1.08510
1.09474
1.10438
1.11771
1.13104
1.14438
1.15771
1.16911
1.18052
1.19192
1.20332
1.21708
1.23084
1.24460
1.25836
1.27154
1.28472
1.29790
1.31108
1.32730
1.34352
1.35974
1.37597
1.38732
1.39868
1.41004
1.42139
1.43530
1.44920
1.46310
1.47701
1.49266
1.50831
1.52396
1.53962
1.55371
1.56780
1.58189
1.59598
1.60822
1.62045
1.63269
1.64493
1.65583
1.66672
1.67762
1.68852
1.70296
1.71740
1.73184
1.74628
1.75834
1.77041
1.78247
1.79453
1.80307
1.81161
1.82015
1.82869
1.84014
1.85159
1.86304
1.87450
1.88701
1.89953
1.91204
1.92456
1.93588
1.94721
1.95853
1.96985
1.98049
1.99113
2.00176
2.01240
2.02516
2.03792
2.05067
2.06343
2.07795
2.09246
2.10698
2.12150
2.13352
2.14554
2.15756
2.16958
2.18384
2.19811
2.21238
2.22665
2.24255
2.25845
2.27436
2.29026
2.30548
2.32070
2.33592
2.35114
2.36790
2.38466
2.40142
2.41818
2.43541
2.45263
2.46986
2.48708
2.50327
2.51945
2.53563
2.55181
2.56938
2.58694
2.60450
2.62206
2.63720
2.65234
2.66749
2.68263
2.69908
2.71553
2.73197
2.74842
2.76217
2.77592
2.78967
2.80342
2.81609
2.82875
2.84142
2.85409
2.86672
2.87935
2.89199
2.90462
2.91233
2.92003
2.92774
2.93544
2.94563
2.95582
2.96601
2.97620
2.98122
2.98624
2.99126
2.99628
3.00229
3.00831
3.01432
3.02033
3.02585
3.03136
3.03687
3.04239
3.04684
3.05129
3.05574
3.06020
3.06550
3.07081
3.07612
3.08143
3.08465
3.08788
3.09111
3.09433
3.09876
3.10319
3.10762
3.11206
3.11607
3.12009
3.12410
3.12812
3.13297
3.13783
3.14268
3.14753
3.15277
3.15800
3.16323
3.16847
3.17323
3.17799
3.18275
3.18752
3.19471
3.20191
3.20910
3.21629
3.22133
3.22637
3.23141
3.23645
3.24210
3.24776
3.25341
3.25906
3.26882
3.27857
3.28833
3.29808
3.29891
3.29974
3.30056
3.30139
3.30261
3.30382
3.30504
3.30625
3.31414
3.32203
3.32992
3.33781
3.33185
3.32590
3.31994
3.31399
3.30982
3.30564
3.30147
3.29730
3.29965
3.30199
3.30434
3.30669
3.30290
3.29911
3.29532
3.29153
3.29360
3.29567
3.29773
3.29980
3.30450
3.30919
3.31389
3.31859
3.32296
3.32733
3.33170
3.33607
3.34080
3.34552
3.35025
3.35498
3.36188
3.36878
3.37568
3.38258
3.38816
3.39373
3.39930
3.40488
3.40946
3.41405
3.41864
3.42323
3.42922
3.43521
3.44120
3.44719
3.45136
3.45554
3.45971
3.46388
3.46614
3.46839
3.47064
3.47290
3.47513
3.47737
3.47961
3.48185
3.48163
3.48141
3.48118
3.48096
3.47808
3.47521
3.47233
3.46945
3.46404
3.45862
3.45321
3.44779
3.43752
3.42724
3.41697
3.40669
3.38789
3.36909
3.35028
3.33148
1.57274
1.57274
1.57274
1.57274
1.57274
1.57274
1.57274
1.57274
1.57274
1.57274
1.57274
1.57274
1.57274
1.57274
1.57274
1.57274
1.57274
1.57274
1.57274
1.57274
1.57274
1.57274
1.57274
1.57274
1.57274
1.57274
1.57274
1.57274
1.57274
1.57274
1.57274
1.57274
1.57274
1.57274
1.57274
1.57274
1.57274
1.57274
1.57274
1.57274
1.57274
1.57274
1.57274
1.57274
1.57274
1.57274
1.57274
1.57274
1.57274
1.57274
1.57274
1.57274
1.57274
1.57274
1.57274
1.57274
1.57274
1.57274
1.57274
1.57274
1.57274
1.57485
1.57697
1.57908
1.58119
1.59076
1.60032
1.60988
1.61945
1.63252
1.64559
1.65867
1.67174
1.68221
1.69267
1.70314
1.71360
1.72757
1.74153
1.75549
1.76945
1.78043
1.79142
1.80240
1.81339
1.82734
1.84130
1.85526
1.86922
1.87993
1.89064
1.90134
1.91205
1.92430
1.93656
1.94881
1.96106
1.97342
1.98578
1.99814
2.01050
2.02092
2.03134
2.04175
2.05217
2.06294
2.07371
2.08447
2.09524
2.10178
2.10832
2.11485
2.12139
2.13053
2.13967
2.14881
2.15795
2.16443
2.17092
2.17740
2.18388
2.18830
2.19271
2.19712
2.20153
2.20771
2.21389
2.22007
2.22625
2.23147
2.23669
2.24192
2.24714
2.25182
2.25649
2.26117
2.26585
2.27056
2.27526
2.27997
2.28468
2.28996
2.29524
2.30052
2.30580
2.31134
2.31688
2.32242
2.32797
2.33269
2.33742
2.34214
2.34687
2.35259
2.35832
2.36404
2.36976
2.37585
2.38193
2.38801
2.39409
2.39985
2.40561
2.41136
2.41712
2.42353
2.42993
2.43634
2.44274
2.44944
2.45615
2.46285
2.46956
2.47571
2.48186
2.48802
2.49417
2.50082
2.50747
2.51412
2.52077
2.52663
2.53248
2.53834
2.54419
2.55068
2.55717
2.56367
2.57016
2.57543
2.58070
2.58597
2.59125
2.59616
2.60108
2.60600
2.61092
2.61596
2.62101
2.62606
2.63110
2.63452
2.63794
2.64136
2.64478
2.64937
2.65396
2.65855
2.66314
2.66629
2.66943
2.67258
2.67572
2.67983
2.68394
2.68805
2.69216
2.69645
2.70073
2.70502
2.70931
2.71438
2.71944
2.72451
2.72958
2.73517
2.74077
2.74636
2.75196
2.75626
2.76056
2.76487
2.76917
2.77547
2.78177
2.78806
2.79436
2.80011
2.80586
2.81162
2.81737
2.82512
2.83288
2.84064
2.84839
2.85718
2.86597
2.87475
2.88354
2.89225
2.90095
2.90966
2.91837
2.93076
2.94316
2.95556
2.96796
2.97867
2.98938
3.00009
3.01080
3.02386
3.03693
3.04999
3.06306
3.08084
3.09862
3.11641
3.13419
3.14205
3.14991
3.15776
3.16562
3.17656
3.18750
3.19845
3.20939
3.22556
3.24173
3.25790
3.27408
3.27438
3.27469
3.27499
3.27530
3.27755
3.27980
3.28205
3.28430
3.29077
3.29724
3.30372
3.31019
3.31012
3.31006
3.30999
3.30993
3.31250
3.31507
3.31764
3.32021
3.32472
3.32922
3.33373
3.33823
3.34154
3.34485
3.34816
3.35147
3.35566
3.35986
3.36405
3.36825
3.37432
3.38039
3.38646
3.39253
3.39664
3.40075
3.40485
3.40896
3.41379
3.41861
3.42343
3.42826
3.43419
3.44013
3.44606
3.45199
3.45488
3.45778
3.46067
3.46356
3.46648
3.46940
3.47232
3.47524
3.47796
3.48069
3.48341
3.48613
3.48504
3.48395
3.48285
3.48176
3.47906
3.47637
3.47367
3.47097
3.46575
3.46054
3.45532
3.45010
3.43971
3.42932
3.41893
3.40855
3.38965
3.37075
3.35186
3.33296
1.94370
1.94370
1.94370
1.94370
1.94370
1.94370
1.94370
1.94370
1.94370
1.94370
1.94370
1.94370
1.94370
1.94370
1.94370
1.94370
1.94370
1.94370
1.94370
1.94370
1.94370
1.94370
1.94370
1.94370
1.94370
1.94370
1.94370
1.94370
1.94370
1.94370
1.94370
1.94370
1.94370
1.94370
1.94370
1.94370
1.94370
1.94370
1.94370
1.94370
1.94370
1.94370
1.94370
1.94370
1.94370
1.94370
1.94370
1.94370
1.94370
1.94370
1.94370
1.94370
1.94370
1.94370
1.94370
1.94370
1.94370
1.94370
1.94370
1.94370
1.94370
1.94542
1.94715
1.94888
1.95060
1.95911
1.96763
1.97614
1.98465
1.99622
2.00778
2.01935
2.03092
2.03982
2.04872
2.05763
2.06653
2.07919
2.09184
2.10450
2.11716
2.12594
2.13473
2.14352
2.15231
2.16377
2.17524
2.18670
2.19817
2.20767
2.21718
2.22668
2.23618
2.24663
2.25707
2.26751
2.27796
2.28783
2.29770
2.30757
2.31744
2.32536
2.33328
2.34120
2.34913
2.35872
2.36831
2.37790
2.38749
2.39168
2.39588
2.40007
2.40427
2.41034
2.41642
2.42249
2.42857
2.43203
2.43550
2.43896
2.44243
2.44458
2.44674
2.44890
2.45105
2.45420
2.45734
2.46048
2.46363
2.46456
2.46549
2.46643
2.46736
2.46817
2.46897
2.46978
2.47058
2.47162
2.47266
2.47370
2.47473
2.47544
2.47614
2.47684
2.47755
2.47778
2.47802
2.47826
2.47850
2.47889
2.47929
2.47969
2.48009
2.48085
2.48162
2.48238
2.48315
2.48376
2.48436
2.48497
2.48557
2.48621
2.48685
2.48749
2.48813
2.48862
2.48912
2.48961
2.49010
2.49088
2.49166
2.49244
2.49322
2.49381
2.49440
2.49498
2.49557
2.49565
2.49573
2.49581
2.49589
2.49600
2.49612
2.49623
2.49635
2.49652
2.49670
2.49687
2.49705
2.49710
2.49714
2.49719
2.49724
2.49739
2.49753
2.49767
2.49782
2.49803
2.49825
2.49847
2.49869
2.49897
2.49925
2.49953
2.49982
2.50098
2.50214
2.50330
2.50446
2.50630
2.50815
2.50999
2.51183
2.51453
2.51724
2.51994
2.52264
2.52586
2.52909
2.53232
2.53554
2.54058
2.54562
2.55066
2.55570
2.56115
2.56660
2.57204
2.57749
2.58236
2.58723
2.59209
2.59696
2.60421
2.61145
2.61870
2.62594
2.63243
2.63892
2.64540
2.65189
2.66100
2.67011
2.67922
2.68833
2.69903
2.70972
2.72041
2.73110
2.74190
2.75269
2.76349
2.77429
2.78898
2.80368
2.81838
2.83307
2.84690
2.86073
2.87456
2.88838
2.90547
2.92255
2.93963
2.95672
2.97832
2.99993
3.02154
3.04315
3.05592
3.06868
3.08145
3.09422
3.11098
3.12774
3.14449
3.16125
3.18136
3.20146
3.22157
3.24167
3.24706
3.25245
3.25784
3.26322
3.26978
3.27634
3.28289
3.28945
3.29784
3.30622
3.31461
3.32299
3.32556
3.32812
3.33069
3.33325
3.33630
3.33934
3.34239
3.34544
3.34958
3.35371
3.35785
3.36199
3.36473
3.36746
3.37020
3.37293
3.37673
3.38053
3.38433
3.38813
3.39333
3.39853
3.40372
3.40892
3.41214
3.41537
3.41859
3.42181
3.42662
3.43143
3.43624
3.44105
3.44649
3.45193
3.45736
3.46280
3.46498
3.46716
3.46934
3.47152
3.47474
3.47797
3.48119
3.48442
3.48702
3.48962
3.49222
3.49482
3.49325
3.49169
3.49013
3.48856
3.48596
3.48335
3.48074
3.47814
3.47296
3.46779
3.46261
3.45743
3.44705
3.43666
3.42627
3.41588
3.39762
3.37936
3.36111
3.34285
2.10929
2.10929
2.10929
2.10929
2.10929
2.10929
2.10929
2.10929
2.10929
2.10929
2.10929
2.10929
2.10929
2.10929
2.10929
2.10929
2.10929
2.10929
2.10929
2.10929
2.10929
2.10929
2.10929
2.10929
2.10929
2.10929
2.10929
2.10929
2.10929
2.10929
2.10929
2.10929
2.10929
2.10929
2.10929
2.10929
2.10929
2.10929
2.10929
2.10929
2.10929
2.10929
2.10929
2.10929
2.10929
2.10929
2.10929
2.10929
2.10929
2.10929
2.10929
2.10929
2.10929
2.10929
2.10929
2.10929
2.10929
2.10929
2.10929
2.10929
2.10929
2.11052
2.11175
2.11297
2.11420
2.12028
2.12636
2.13244
2.13853
2.14683
2.15513
2.16343
2.17173
2.17819
2.18465
2.19111
2.19757
2.20680
2.21602
2.22524
2.23447
2.24106
2.24765
2.25424
2.26083
2.26948
2.27813
2.28677
2.29542
2.30294
2.31046
2.31798
2.32550
2.33391
2.34232
2.35073
2.35913
2.36765
2.37616
2.38468
2.39319
2.40028
2.40736
2.41445
2.42153
2.43036
2.43919
2.44801
2.45684
2.46154
2.46624
2.47094
2.47564
2.48180
2.48796
2.49413
2.50029
2.50435
2.50840
2.51246
2.51652
2.51906
2.52160
2.52414
2.52668
2.52994
2.53320
2.53646
2.53972
2.54060
2.54148
2.54236
2.54324
2.54408
2.54493
2.54578
2.54662
2.54718
2.54774
2.54829
2.54885
2.54906
2.54928
2.54949
2.54970
2.54981
2.54992
2.55004
2.55015
2.55040
2.55065
2.55090
2.55115
2.55201
2.55288
2.55374
2.55461
2.55586
2.55712
2.55838
2.55963
2.56128
2.56292
2.56457
2.56622
2.56707
2.56792
2.56877
2.56963
2.57096
2.57229
2.57362
2.57496
2.57628
2.57759
2.57891
2.58023
2.57986
2.57948
2.57910
2.57873
2.57811
2.57750
2.57688
2.57627
2.57526
2.57424
2.57323
2.57222
2.57163
2.57105
2.57046
2.56988
2.56944
2.56900
2.56856
2.56812
2.56740
2.56668
2.56597
2.56525
2.56401
2.56277
2.56153
2.56029
2.56108
2.56187
2.56266
2.56345
2.56481
2.56616
2.56752
2.56887
2.57086
2.57284
2.57483
2.57682
2.57922
2.58162
2.58403
2.58643
2.59053
2.59464
2.59875
2.60285
2.60754
2.61222
2.61691
2.62160
2.62631
2.63102
2.63573
2.64044
2.64733
2.65423
2.66112
2.66802
2.67383
2.67964
2.68545
2.69126
2.69954
2.70783
2.71611
2.72440
2.73467
2.74494
2.75521
2.76547
2.77575
2.78603
2.79631
2.80658
2.81947
2.83236
2.84526
2.85815
2.87150
2.88485
2.89819
2.91154
2.92786
2.94418
2.96050
2.97682
2.99632
3.01582
3.03532
3.05483
3.06952
3.08421
3.09890
3.11359
3.13065
3.14771
3.16477
3.18182
3.19973
3.21763
3.23553
3.25344
3.26225
3.27106
3.27988
3.28869
3.29657
3.30445
3.31233
3.32020
3.32738
3.33456
3.34173
3.34891
3.35256
3.35622
3.35988
3.36354
3.36701
3.37049
3.37397
3.37745
3.38098
3.38450
3.38803
3.39155
3.39440
3.39725
3.40010
3.40294
3.40655
3.41015
3.41375
3.41736
3.42161
3.42587
3.43013
3.43438
3.43754
3.44070
3.44387
3.44703
3.45147
3.45591
3.46034
3.46478
3.46911
3.47344
3.47776
3.48209
3.48436
3.48662
3.48889
3.49115
3.49417
3.49719
3.50021
3.50323
3.50486
3.50648
3.50810
3.50972
3.50825
3.50677
3.50530
3.50382
3.50118
3.49854
3.49590
3.49325
3.48791
3.48256
3.47721
3.47186
3.46163
3.45140
3.44118
3.43095
3.41436
3.39776
3.38117
3.36458
2.27488
2.27488
2.27488
2.27488
2.27488
2.27488
2.27488
2.27488
2.27488
2.27488
2.27488
2.27488
2.27488
2.27488
2.27488
2.27488
2.27488
2.27488
2.27488
2.27488
2.27488
2.27488
2.27488
2.27488
2.27488
2.27488
2.27488
2.27488
2.27488
2.27488
2.27488
2.27488
2.27488
2.27488
2.27488
2.27488
2.27488
2.27488
2.27488
2.27488
2.27488
2.27488
2.27488
2.27488
2.27488
2.27488
2.27488
2.27488
2.27488
2.27488
2.27488
2.27488
2.27488
2.27488
2.27488
2.27488
2.27488
2.27488
2.27488
2.27488
2.27488
2.27561
2.27634
2.27707
2.27780
2.28145
2.28510
2.28875
2.29240
2.29744
2.30247
2.30751
2.31254
2.31656
2.32058
2.32460
2.32862
2.33441
2.34020
2.34599
2.35178
2.35617
2.36057
2.36496
2.36936
2.37519
2.38101
2.38684
2.39267
2.39821
2.40374
2.40928
2.41482
2.42119
2.42756
2.43394
2.44031
2.44747
2.45463
2.46179
2.46895
2.47519
2.48144
2.48769
2.49393
2.50200
2.51006
2.51813
2.52619
2.53140
2.53660
2.54181
2.54701
2.55326
2.55951
2.56576
2.57201
2.57666
2.58131
2.58596
2.59060
2.59353
2.59645
2.59938
2.60230
2.60568
2.60905
2.61243
2.61581
2.61663
2.61746
2.61829
2.61912
2.62000
2.62089
2.62178
2.62266
2.62274
2.62282
2.62289
2.62297
2.62269
2.62241
2.62213
2.62185
2.62184
2.62183
2.62181
2.62180
2.62190
2.62200
2.62211
2.62221
2.62317
2.62414
2.62510
2.62606
2.62797
2.62988
2.63179
2.63369
2.63635
2.63900
2.64165
2.64430
2.64551
2.64673
2.64794
2.64915
2.65104
2.65292
2.65481
2.65670
2.65874
2.66079
2.66284
2.66489
2.66406
2.66323
2.66240
2.66157
2.66022
2.65888
2.65753
2.65619
2.65399
2.65179
2.64959
2.64739
2.64617
2.64495
2.64373
2.64251
2.64149
2.64047
2.63945
2.63843
2.63678
2.63512
2.63346
2.63180
2.62904
2.62628
2.62352
2.62076
2.62118
2.62160
2.62203
2.62245
2.62331
2.62418
2.62504
2.62591
2.62718
2.62845
2.62973
2.63100
2.63258
2.63416
2.63574
2.63731
2.64048
2.64366
2.64683
2.65000
2.65393
2.65785
2.66178
2.66571
2.67026
2.67481
2.67936
2.68391
2.69046
2.69700
2.70355
2.71010
2.71523
2.72036
2.72549
2.73063
2.73809
2.74555
2.75301
2.76047
2.77031
2.78016
2.79000
2.79985
2.80961
2.81936
2.82912
2.83888
2.84996
2.86105
2.87213
2.88322
2.89609
2.90896
2.92183
2.93470
2.95026
2.96581
2.98136
2.99691
3.01431
3.03171
3.04911
3.06650
3.08312
3.09973
3.11635
3.13296
3.15032
3.16768
3.18504
3.20240
3.21810
3.23380
3.24950
3.26520
3.27744
3.28968
3.30192
3.31415
3.32335
3.33256
3.34176
3.35096
3.35692
3.36289
3.36886
3.37482
3.37957
3.38432
3.38907
3.39382
3.39773
3.40164
3.40555
3.40946
3.41237
3.41529
3.41820
3.42112
3.42408
3.42704
3.43000
3.43296
3.43636
3.43977
3.44317
3.44658
3.44989
3.45321
3.45653
3.45984
3.46294
3.46604
3.46914
3.47224
3.47631
3.48038
3.48445
3.48851
3.49173
3.49495
3.49816
3.50138
3.50373
3.50609
3.50844
3.51079
3.51361
3.51642
3.51923
3.52205
3.52269
3.52334
3.52398
3.52463
3.52324
3.52185
3.52047
3.51908
3.51640
3.51373
3.51105
3.50837
3.50285
3.49733
3.49181
3.48629
3.47622
3.46615
3.45608
3.44602
3.43109
3.41616
3.40124
3.38631
2.44047
2.44047
2.44047
2.44047
2.44047
2.44047
2.44047
2.44047
2.44047
2.44047
2.44047
2.44047
2.44047
2.44047
2.44047
2.44047
2.44047
2.44047
2.44047
2.44047
2.44047
2.44047
2.44047
2.44047
2.44047
2.44047
2.44047
2.44047
2.44047
2.44047
2.44047
2.44047
2.44047
2.44047
2.44047
2.44047
2.44047
2.44047
2.44047
2.44047
2.44047
2.44047
2.44047
2.44047
2.44047
2.44047
2.44047
2.44047
2.44047
2.44047
2.44047
2.44047
2.44047
2.44047
2.44047
2.44047
2.44047
2.44047
2.44047
2.44047
2.44047
2.44070
2.44093
2.44116
2.44139
2.44262
2.44384
2.44506
2.44628
2.44805
2.44982
2.45159
2.45336
2.45493
2.45651
2.45808
2.45966
2.46201
2.46437
2.46673
2.46909
2.47129
2.47349
2.47568
2.47788
2.48089
2.48390
2.48691
2.48992
2.49347
2.49703
2.50058
2.50414
2.50847
2.51281
2.51715
2.52149
2.52729
2.53309
2.53890
2.54470
2.55011
2.55552
2.56093
2.56634
2.57364
2.58094
2.58824
2.59555
2.60125
2.60696
2.61267
2.61838
2.62472
2.63106
2.63739
2.64373
2.64897
2.65421
2.65945
2.66469
2.66800
2.67131
2.67462
2.67793
2.68142
2.68491
2.68840
2.69190
2.69267
2.69345
2.69422
2.69500
2.69592
2.69685
2.69777
2.69870
2.69830
2.69789
2.69749
2.69709
2.69632
2.69555
2.69478
2.69401
2.69387
2.69373
2.69359
2.69345
2.69341
2.69336
2.69332
2.69327
2.69433
2.69539
2.69646
2.69752
2.70008
2.70263
2.70519
2.70775
2.71141
2.71507
2.71873
2.72239
2.72396
2.72553
2.72710
2.72867
2.73111
2.73355
2.73599
2.73843
2.74121
2.74399
2.74677
2.74955
2.74827
2.74698
2.74569
2.74441
2.74233
2.74026
2.73818
2.73611
2.73272
2.72933
2.72594
2.72255
2.72070
2.71885
2.71700
2.71515
2.71355
2.71195
2.71035
2.70874
2.70615
2.70355
2.70096
2.69836
2.69408
2.68980
2.68552
2.68124
2.68129
2.68134
2.68139
2.68144
2.68182
2.68219
2.68257
2.68294
2.68350
2.68406
2.68463
2.68519
2.68594
2.68669
2.68745
2.68820
2.69044
2.69267
2.69491
2.69715
2.70032
2.70348
2.70665
2.70981
2.71420
2.71860
2.72299
2.72738
2.73358
2.73978
2.74598
2.75218
2.75663
2.76108
2.76554
2.76999
2.77663
2.78326
2.78990
2.79653
2.80595
2.81538
2.82480
2.83422
2.84346
2.85270
2.86193
2.87117
2.88045
2.88973
2.89901
2.90829
2.92068
2.93308
2.94547
2.95786
2.97265
2.98744
3.00223
3.01701
3.03231
3.04760
3.06289
3.07818
3.09672
3.11526
3.13380
3.15234
3.16999
3.18765
3.20531
3.22297
3.23647
3.24997
3.26347
3.27697
3.29263
3.30829
3.32396
3.33962
3.35014
3.36066
3.37119
3.38171
3.38647
3.39122
3.39598
3.40074
3.40658
3.41242
3.41826
3.42411
3.42845
3.43279
3.43713
3.44147
3.44377
3.44608
3.44838
3.45068
3.45375
3.45682
3.45990
3.46297
3.46617
3.46938
3.47259
3.47580
3.47817
3.48055
3.48293
3.48530
3.48834
3.49138
3.49442
3.49746
3.50116
3.50485
3.50855
3.51225
3.51435
3.51646
3.51856
3.52067
3.52311
3.52555
3.52799
3.53043
3.53304
3.53564
3.53825
3.54086
3.54053
3.54019
3.53986
3.53953
3.53823
3.53693
3.53564
3.53434
3.53163
3.52891
3.52620
3.52349
3.51780
3.51210
3.50641
3.50071
3.49081
3.48090
3.47099
3.46108
3.44782
3.43456
3.42130
3.40804
2.60946
2.60946
2.60946
2.60946
2.60946
2.60946
2.60946
2.60946
2.60946
2.60946
2.60946
2.60946
2.60946
2.60946
2.60946
2.60946
2.60946
2.60946
2.60946
2.60946
2.60946
2.60946
2.60946
2.60946
2.60946
2.60946
2.60946
2.60946
2.60946
2.60946
2.60946
2.60946
2.60946
2.60946
2.60946
2.60946
2.60946
2.60946
2.60946
2.60946
2.60946
2.60946
2.60946
2.60946
2.60946
2.60946
2.60946
2.60946
2.60946
2.60946
2.60946
2.60946
2.60946
2.60946
2.60946
2.60946
2.60946
2.60946
2.60946
2.60946
2.60946
2.60946
2.60946
2.60946
2.60946
2.60954
2.60962
2.60970
2.60978
2.61038
2.61097
2.61156
2.61216
2.61313
2.61410
2.61507
2.61604
2.61704
2.61804
2.61904
2.62004
2.62138
2.62272
2.62407
2.62541
2.62708
2.62876
2.63043
2.63211
2.63446
2.63681
2.63916
2.64151
2.64448
2.64745
2.65042
2.65339
2.65776
2.66212
2.66648
2.67085
2.67510
2.67935
2.68360
2.68785
2.69366
2.69946
2.70527
2.71107
2.71606
2.72105
2.72604
2.73103
2.73637
2.74171
2.74705
2.75239
2.75704
2.76168
2.76633
2.77098
2.77395
2.77692
2.77989
2.78286
2.78592
2.78897
2.79203
2.79509
2.79585
2.79660
2.79735
2.79811
2.79907
2.80004
2.80100
2.80196
2.80165
2.80134
2.80102
2.80071
2.80013
2.79954
2.79896
2.79838
2.79850
2.79861
2.79873
2.79885
2.79900
2.79916
2.79931
2.79946
2.80067
2.80187
2.80308
2.80428
2.80668
2.80908
2.81147
2.81387
2.81732
2.82077
2.82422
2.82767
2.82877
2.82987
2.83098
2.83208
2.83376
2.83545
2.83713
2.83882
2.84067
2.84251
2.84436
2.84621
2.84379
2.84137
2.83894
2.83652
2.83333
2.83013
2.82694
2.82375
2.81945
2.81516
2.81087
2.80658
2.80319
2.79980
2.79641
2.79302
2.79104
2.78907
2.78710
2.78512
2.78192
2.77872
2.77551
2.77231
2.76740
2.76249
2.75759
2.75268
2.75247
2.75225
2.75204
2.75183
2.75177
2.75171
2.75166
2.75160
2.75151
2.75143
2.75134
2.75125
2.75162
2.75198
2.75234
2.75271
2.75429
2.75588
2.75746
2.75905
2.76152
2.76399
2.76647
2.76894
2.77273
2.77651
2.78030
2.78409
2.78939
2.79469
2.80000
2.80530
2.80919
2.81308
2.81697
2.82086
2.82675
2.83263
2.83852
2.84440
2.85291
2.86141
2.86992
2.87842
2.88672
2.89502
2.90332
2.91162
2.91989
2.92815
2.93641
2.94467
2.95659
2.96852
2.98044
2.99237
3.00618
3.01998
3.03379
3.04760
3.06092
3.07424
3.08757
3.10089
3.11909
3.13728
3.15548
3.17367
3.19131
3.20895
3.22659
3.24423
3.25670
3.26917
3.28164
3.29410
3.31051
3.32691
3.34332
3.35972
3.37186
3.38399
3.39613
3.40827
3.41478
3.42130
3.42782
3.43434
3.44105
3.44776
3.45447
3.46118
3.46703
3.47287
3.47872
3.48457
3.48912
3.49368
3.49824
3.50279
3.50550
3.50822
3.51093
3.51364
3.51640
3.51916
3.52192
3.52467
3.52656
3.52844
3.53032
3.53220
3.53471
3.53721
3.53971
3.54222
3.54498
3.54774
3.55049
3.55325
3.55431
3.55536
3.55641
3.55747
3.55932
3.56117
3.56302
3.56487
3.56690
3.56894
3.57097
3.57300
3.57227
3.57153
3.57080
3.57006
3.56884
3.56763
3.56641
3.56519
3.56253
3.55988
3.55722
3.55456
3.54913
3.54370
3.53826
3.53283
3.52383
3.51483
3.50582
3.49682
3.48515
3.47348
3.46181
3.45014
2.78134
2.78134
2.78134
2.78134
2.78134
2.78134
2.78134
2.78134
2.78134
2.78134
2.78134
2.78134
2.78134
2.78134
2.78134
2.78134
2.78134
2.78134
2.78134
2.78134
2.78134
2.78134
2.78134
2.78134
2.78134
2.78134
2.78134
2.78134
2.78134
2.78134
2.78134
2.78134
2.78134
2.78134
2.78134
2.78134
2.78134
2.78134
2.78134
2.78134
2.78134
2.78134
2.78134
2.78134
2.78134
2.78134
2.78134
2.78134
2.78134
2.78134
2.78134
2.78134
2.78134
2.78134
2.78134
2.78134
2.78134
2.78134
2.78134
2.78134
2.78134
2.78134
2.78134
2.78134
2.78134
2.78139
2.78144
2.78150
2.78155
2.78275
2.78396
2.78516
2.78637
2.78831
2.79025
2.79220
2.79414
2.79556
2.79698
2.79841
2.79983
2.80146
2.80309
2.80472
2.80635
2.80796
2.80958
2.81119
2.81280
2.81462
2.81643
2.81824
2.82005
2.82223
2.82441
2.82659
2.82877
2.83162
2.83447
2.83733
2.84018
2.84300
2.84581
2.84863
2.85145
2.85513
2.85881
2.86249
2.86618
2.86939
2.87261
2.87583
2.87905
2.88247
2.88588
2.88929
2.89270
2.89574
2.89878
2.90182
2.90485
2.90686
2.90888
2.91089
2.91290
2.91505
2.91721
2.91936
2.92152
2.92228
2.92303
2.92379
2.92455
2.92555
2.92656
2.92756
2.92856
2.92882
2.92909
2.92935
2.92961
2.92980
2.92999
2.93017
2.93036
2.93106
2.93177
2.93247
2.93317
2.93382
2.93446
2.93511
2.93575
2.93714
2.93853
2.93992
2.94132
2.94285
2.94439
2.94592
2.94746
2.94966
2.95186
2.95406
2.95626
2.95618
2.95610
2.95602
2.95595
2.95575
2.95556
2.95537
2.95518
2.95467
2.95417
2.95366
2.95315
2.94901
2.94486
2.94072
2.93658
2.93193
2.92729
2.92264
2.91800
2.91305
2.90809
2.90314
2.89819
2.89248
2.88678
2.88107
2.87537
2.87320
2.87103
2.86887
2.86670
2.86318
2.85965
2.85612
2.85260
2.84783
2.84306
2.83829
2.83352
2.83314
2.83275
2.83237
2.83198
2.83154
2.83110
2.83066
2.83022
2.82954
2.82886
2.82818
2.82750
2.82785
2.82820
2.82854
2.82889
2.83006
2.83124
2.83242
2.83359
2.83543
2.83726
2.83910
2.84093
2.84373
2.84654
2.84934
2.85214
2.85608
2.86002
2.86395
2.86789
2.87131
2.87474
2.87816
2.88158
2.88679
2.89199
2.89719
2.90240
2.90956
2.91672
2.92388
2.93104
2.93805
2.94506
2.95206
2.95907
2.96699
2.97490
2.98282
2.99074
3.00220
3.01367
3.02513
3.03660
3.04924
3.06188
3.07452
3.08717
3.09864
3.11011
3.12158
3.13305
3.14896
3.16487
3.18078
3.19669
3.21404
3.23139
3.24875
3.26610
3.27853
3.29097
3.30341
3.31584
3.33069
3.34554
3.36038
3.37523
3.38923
3.40323
3.41723
3.43123
3.44205
3.45288
3.46370
3.47452
3.48191
3.48930
3.49668
3.50407
3.51234
3.52062
3.52889
3.53717
3.54643
3.55569
3.56496
3.57422
3.57617
3.57812
3.58007
3.58202
3.58411
3.58621
3.58830
3.59040
3.59217
3.59393
3.59570
3.59747
3.59904
3.60060
3.60216
3.60372
3.60506
3.60639
3.60773
3.60906
3.60911
3.60916
3.60921
3.60926
3.60995
3.61063
3.61131
3.61200
3.61314
3.61428
3.61542
3.61656
3.61592
3.61528
3.61463
3.61399
3.61285
3.61170
3.61056
3.60941
3.60688
3.60436
3.60183
3.59931
3.59451
3.58971
3.58491
3.58010
3.57265
3.56519
3.55773
3.55028
3.54013
3.52998
3.51984
3.50969
2.95323
2.95323
2.95323
2.95323
2.95323
2.95323
2.95323
2.95323
2.95323
2.95323
2.95323
2.95323
2.95323
2.95323
2.95323
2.95323
2.95323
2.95323
2.95323
2.95323
2.95323
2.95323
2.95323
2.95323
2.95323
2.95323
2.95323
2.95323
2.95323
2.95323
2.95323
2.95323
2.95323
2.95323
2.95323
2.95323
2.95323
2.95323
2.95323
2.95323
2.95323
2.95323
2.95323
2.95323
2.95323
2.95323
2.95323
2.95323
2.95323
2.95323
2.95323
2.95323
2.95323
2.95323
2.95323
2.95323
2.95323
2.95323
2.95323
2.95323
2.95323
2.95323
2.95323
2.95323
2.95323
2.95325
2.95327
2.95329
2.95331
2.95513
2.95694
2.95876
2.96058
2.96349
2.96641
2.96933
2.97224
2.97408
2.97593
2.97777
2.97961
2.98153
2.98345
2.98537
2.98729
2.98884
2.99040
2.99195
2.99350
2.99477
2.99605
2.99732
2.99860
2.99999
3.00137
3.00276
3.00415
3.00549
3.00683
3.00817
3.00951
3.01089
3.01228
3.01366
3.01504
3.01660
3.01816
3.01972
3.02128
3.02273
3.02418
3.02563
3.02708
3.02856
3.03005
3.03153
3.03301
3.03444
3.03587
3.03730
3.03873
3.03978
3.04083
3.04189
3.04294
3.04419
3.04544
3.04669
3.04794
3.04870
3.04947
3.05023
3.05099
3.05203
3.05308
3.05412
3.05516
3.05600
3.05684
3.05768
3.05852
3.05947
3.06043
3.06138
3.06234
3.06363
3.06492
3.06621
3.06750
3.06863
3.06977
3.07090
3.07204
3.07362
3.07519
3.07677
3.07835
3.07902
3.07970
3.08037
3.08105
3.08199
3.08294
3.08389
3.08484
3.08359
3.08233
3.08107
3.07982
3.07775
3.07568
3.07361
3.07154
3.06868
3.06582
3.06296
3.06009
3.05423
3.04836
3.04250
3.03663
3.03054
3.02444
3.01835
3.01225
3.00664
3.00102
2.99541
2.98979
2.98178
2.97376
2.96574
2.95772
2.95536
2.95300
2.95064
2.94828
2.94443
2.94058
2.93673
2.93288
2.92825
2.92362
2.91900
2.91437
2.91381
2.91325
2.91269
2.91214
2.91131
2.91048
2.90966
2.90883
2.90756
2.90629
2.90502
2.90375
2.90408
2.90441
2.90474
2.90507
2.90584
2.90660
2.90737
2.90813
2.90933
2.91053
2.91173
2.91293
2.91474
2.91656
2.91837
2.92019
2.92276
2.92534
2.92791
2.93048
2.93344
2.93639
2.93935
2.94231
2.94683
2.95135
2.95587
2.96039
2.96621
2.97202
2.97784
2.98366
2.98937
2.99509
3.00080
3.00652
3.01409
3.02166
3.02923
3.03680
3.04781
3.05881
3.06982
3.08083
3.09230
3.10378
3.11526
3.12674
3.13635
3.14597
3.15559
3.16521
3.17884
3.19246
3.20609
3.21971
3.23677
3.25384
3.27090
3.28796
3.30036
3.31277
3.32518
3.33759
3.35087
3.36416
3.37745
3.39074
3.40660
3.42246
3.43833
3.45419
3.46932
3.48445
3.49958
3.51471
3.52277
3.53084
3.53890
3.54696
3.55766
3.56836
3.57906
3.58977
3.60374
3.61771
3.63168
3.64565
3.64684
3.64802
3.64921
3.65039
3.65182
3.65326
3.65469
3.65612
3.65777
3.65943
3.66109
3.66274
3.66337
3.66399
3.66461
3.66523
3.66514
3.66505
3.66496
3.66487
3.66392
3.66297
3.66201
3.66106
3.66058
3.66009
3.65961
3.65913
3.65938
3.65962
3.65987
3.66012
3.65957
3.65902
3.65847
3.65792
3.65685
3.65577
3.65470
3.65363
3.65123
3.64884
3.64644
3.64405
3.63988
3.63571
3.63155
3.62738
3.62147
3.61556
3.60964
3.60373
3.59511
3.58649
3.57786
3.56924
3.10161
3.10161
3.10161
3.10161
3.10161
3.10161
3.10161
3.10161
3.10161
3.10161
3.10161
3.10161
3.10161
3.10161
3.10161
3.10161
3.10161
3.10161
3.10161
3.10161
3.10161
3.10161
3.10161
3.10161
3.10161
3.10161
3.10161
3.10161
3.10161
3.10161
3.10161
3.10161
3.10161
3.10161
3.10161
3.10161
3.10161
3.10161
3.10161
3.10161
3.10161
3.10161
3.10161
3.10161
3.10161
3.10161
3.10161
3.10161
3.10161
3.10161
3.10161
3.10161
3.10161
3.10161
3.10161
3.10161
3.10161
3.10161
3.10161
3.10161
3.10161
3.10161
3.10161
3.10161
3.10161
3.10168
3.10175
3.10182
3.10189
3.10413
3.10638
3.10863
3.11088
3.11439
3.11791
3.12143
3.12494
3.12697
3.12900
3.13103
3.13305
3.13512
3.13718
3.13925
3.14131
3.14276
3.14420
3.14564
3.14709
3.14800
3.14891
3.14982
3.15074
3.15161
3.15248
3.15336
3.15423
3.15464
3.15505
3.15546
3.15587
3.15639
3.15691
3.15743
3.15795
3.15818
3.15841
3.15864
3.15888
3.15921
3.15955
3.15989
3.16022
3.16048
3.16073
3.16099
3.16124
3.16157
3.16190
3.16223
3.16256
3.16288
3.16319
3.16351
3.16383
3.16420
3.16457
3.16494
3.16531
3.16558
3.16586
3.16613
3.16641
3.16685
3.16729
3.16773
3.16817
3.16838
3.16860
3.16881
3.16903
3.16944
3.16985
3.17026
3.17067
3.17105
3.17143
3.17181
3.17219
3.17227
3.17234
3.17241
3.17248
3.17314
3.17380
3.17446
3.17511
3.17406
3.17301
3.17195
3.17090
3.17052
3.17014
3.16976
3.16938
3.16673
3.16408
3.16144
3.15879
3.15555
3.15231
3.14907
3.14583
3.14143
3.13704
3.13264
3.12824
3.12168
3.11513
3.10857
3.10201
3.09536
3.08870
3.08205
3.07539
3.06971
3.06402
3.05834
3.05265
3.04377
3.03490
3.02602
3.01715
3.01475
3.01236
3.00997
3.00758
3.00374
2.99989
2.99605
2.99221
2.98792
2.98364
2.97936
2.97507
2.97445
2.97382
2.97320
2.97257
2.97164
2.97070
2.96976
2.96883
2.96770
2.96658
2.96546
2.96434
2.96523
2.96612
2.96701
2.96790
2.96942
2.97093
2.97245
2.97396
2.97614
2.97832
2.98050
2.98268
2.98536
2.98803
2.99071
2.99339
2.99665
2.99991
3.00318
3.00644
3.01100
3.01557
3.02013
3.02470
3.03000
3.03531
3.04061
3.04592
3.05209
3.05826
3.06444
3.07061
3.07714
3.08367
3.09020
3.09673
3.10506
3.11338
3.12171
3.13003
3.14106
3.15209
3.16312
3.17415
3.18559
3.19703
3.20847
3.21991
3.22965
3.23939
3.24913
3.25887
3.27076
3.28264
3.29453
3.30641
3.32267
3.33893
3.35519
3.37145
3.38384
3.39622
3.40860
3.42099
3.43360
3.44621
3.45882
3.47144
3.48730
3.50316
3.51903
3.53489
3.55155
3.56821
3.58487
3.60152
3.60961
3.61769
3.62577
3.63386
3.64547
3.65707
3.66868
3.68029
3.69599
3.71170
3.72740
3.74310
3.74381
3.74451
3.74521
3.74591
3.74693
3.74794
3.74896
3.74997
3.75145
3.75293
3.75440
3.75588
3.75568
3.75549
3.75529
3.75510
3.75382
3.75254
3.75126
3.74998
3.74790
3.74582
3.74374
3.74166
3.74011
3.73855
3.73700
3.73545
3.73468
3.73391
3.73314
3.73237
3.73109
3.72981
3.72852
3.72724
3.72553
3.72382
3.72211
3.72040
3.71820
3.71599
3.71379
3.71159
3.70801
3.70442
3.70084
3.69725
3.69261
3.68796
3.68331
3.67866
3.67160
3.66453
3.65746
3.65039
3.21018
3.21018
3.21018
3.21018
3.21018
3.21018
3.21018
3.21018
3.21018
3.21018
3.21018
3.21018
3.21018
3.21018
3.21018
3.21018
3.21018
3.21018
3.21018
3.21018
3.21018
3.21018
3.21018
3.21018
3.21018
3.21018
3.21018
3.21018
3.21018
3.21018
3.21018
3.21018
3.21018
3.21018
3.21018
3.21018
3.21018
3.21018
3.21018
3.21018
3.21018
3.21018
3.21018
3.21018
3.21018
3.21018
3.21018
3.21018
3.21018
3.21018
3.21018
3.21018
3.21018
3.21018
3.21018
3.21018
3.21018
3.21018
3.21018
3.21018
3.21018
3.21018
3.21018
3.21018
3.21018
3.21044
3.21069
3.21095
3.21120
3.21357
3.21594
3.21830
3.22067
3.22416
3.22765
3.23115
3.23464
3.23645
3.23826
3.24007
3.24188
3.24384
3.24580
3.24776
3.24973
3.25099
3.25225
3.25351
3.25477
3.25562
3.25646
3.25730
3.25815
3.25898
3.25982
3.26065
3.26148
3.26194
3.26240
3.26286
3.26332
3.26394
3.26456
3.26519
3.26581
3.26607
3.26632
3.26658
3.26684
3.26717
3.26751
3.26784
3.26818
3.26838
3.26859
3.26880
3.26901
3.26910
3.26919
3.26929
3.26938
3.26934
3.26930
3.26926
3.26922
3.26874
3.26827
3.26780
3.26733
3.26628
3.26524
3.26419
3.26315
3.26191
3.26067
3.25943
3.25819
3.25574
3.25328
3.25083
3.24838
3.24602
3.24366
3.24129
3.23893
3.23588
3.23282
3.22977
3.22671
3.22309
3.21947
3.21584
3.21222
3.21009
3.20796
3.20583
3.20370
3.19945
3.19519
3.19094
3.18668
3.18484
3.18300
3.18116
3.17931
3.17492
3.17052
3.16612
3.16172
3.15851
3.15531
3.15210
3.14889
3.14434
3.13979
3.13524
3.13069
3.12518
3.11968
3.11417
3.10867
3.10296
3.09726
3.09155
3.08585
3.08109
3.07633
3.07157
3.06681
3.05955
3.05229
3.04502
3.03776
3.03561
3.03345
3.03130
3.02915
3.02587
3.02259
3.01931
3.01603
3.01244
3.00885
3.00526
3.00167
3.00116
3.00065
3.00013
2.99962
2.99903
2.99845
2.99786
2.99727
2.99756
2.99784
2.99812
2.99841
3.00084
3.00326
3.00569
3.00812
3.01235
3.01659
3.02082
3.02505
3.03095
3.03684
3.04274
3.04864
3.05530
3.06197
3.06863
3.07529
3.08273
3.09016
3.09760
3.10503
3.11472
3.12441
3.13409
3.14378
3.15235
3.16093
3.16950
3.17807
3.18748
3.19689
3.20630
3.21570
3.22662
3.23754
3.24846
3.25938
3.27032
3.28126
3.29220
3.30314
3.31500
3.32687
3.33874
3.35061
3.36392
3.37724
3.39055
3.40386
3.41707
3.43027
3.44348
3.45669
3.46775
3.47881
3.48988
3.50094
3.51554
3.53014
3.54473
3.55933
3.57170
3.58407
3.59644
3.60881
3.62225
3.63568
3.64911
3.66254
3.67525
3.68795
3.70066
3.71337
3.72685
3.74033
3.75382
3.76730
3.77430
3.78129
3.78829
3.79528
3.80522
3.81516
3.82510
3.83504
3.84744
3.85983
3.87223
3.88463
3.88532
3.88602
3.88671
3.88740
3.88842
3.88944
3.89046
3.89148
3.89266
3.89384
3.89502
3.89620
3.89540
3.89460
3.89380
3.89299
3.89092
3.88885
3.88679
3.88472
3.88129
3.87786
3.87444
3.87101
3.86857
3.86612
3.86368
3.86123
3.85923
3.85722
3.85522
3.85321
3.84980
3.84639
3.84298
3.83956
3.83601
3.83246
3.82890
3.82535
3.82345
3.82155
3.81965
3.81775
3.81466
3.81157
3.80849
3.80540
3.80154
3.79768
3.79383
3.78997
3.78451
3.77905
3.77359
3.76813
3.31876
3.31876
3.31876
3.31876
3.31876
3.31876
3.31876
3.31876
3.31876
3.31876
3.31876
3.31876
3.31876
3.31876
3.31876
3.31876
3.31876
3.31876
3.31876
3.31876
3.31876
3.31876
3.31876
3.31876
3.31876
3.31876
3.31876
3.31876
3.31876
3.31876
3.31876
3.31876
3.31876
3.31876
3.31876
3.31876
3.31876
3.31876
3.31876
3.31876
3.31876
3.31876
3.31876
3.31876
3.31876
3.31876
3.31876
3.31876
3.31876
3.31876
3.31876
3.31876
3.31876
3.31876
3.31876
3.31876
3.31876
3.31876
3.31876
3.31876
3.31876
3.31876
3.31876
3.31876
3.31876
3.31920
3.31964
3.32008
3.32051
3.32300
3.32549
3.32798
3.33047
3.33393
3.33740
3.34086
3.34433
3.34592
3.34751
3.34911
3.35070
3.35256
3.35442
3.35628
3.35815
3.35922
3.36030
3.36138
3.36246
3.36323
3.36401
3.36478
3.36556
3.36635
3.36715
3.36794
3.36874
3.36924
3.36975
3.37026
3.37077
3.37149
3.37222
3.37295
3.37367
3.37395
3.37424
3.37452
3.37480
3.37513
3.37547
3.37580
3.37613
3.37629
3.37645
3.37661
3.37678
3.37663
3.37649
3.37634
3.37620
3.37580
3.37540
3.37500
3.37460
3.37329
3.37197
3.37066
3.36935
3.36698
3.36461
3.36225
3.35988
3.35696
3.35404
3.35112
3.34820
3.34309
3.33797
3.33285
3.32773
3.32260
3.31747
3.31233
3.30720
3.30071
3.29421
3.28772
3.28123
3.27391
3.26660
3.25928
3.25196
3.24704
3.24213
3.23721
3.23229
3.22483
3.21738
3.20993
3.20247
3.19917
3.19586
3.19256
3.18925
3.18310
3.17696
3.17081
3.16466
3.16148
3.15830
3.15512
3.15194
3.14724
3.14254
3.13784
3.13314
3.12868
3.12423
3.11978
3.11532
3.11057
3.10581
3.10106
3.09630
3.09247
3.08864
3.08481
3.08097
3.07532
3.06967
3.06402
3.05837
3.05646
3.05454
3.05263
3.05071
3.04800
3.04528
3.04257
3.03986
3.03696
3.03406
3.03117
3.02827
3.02787
3.02747
3.02707
3.02667
3.02643
3.02620
3.02596
3.02572
3.02741
3.02910
3.03079
3.03248
3.03644
3.04041
3.04437
3.04834
3.05529
3.06224
3.06918
3.07613
3.08575
3.09536
3.10498
3.11460
3.12525
3.13590
3.14655
3.15720
3.16881
3.18042
3.19202
3.20363
3.21844
3.23325
3.24806
3.26287
3.27471
3.28655
3.29839
3.31023
3.32287
3.33552
3.34816
3.36080
3.37611
3.39141
3.40672
3.42203
3.43558
3.44913
3.46269
3.47624
3.48895
3.50166
3.51437
3.52707
3.54226
3.55744
3.57263
3.58781
3.60449
3.62116
3.63783
3.65451
3.66475
3.67499
3.68523
3.69547
3.70841
3.72134
3.73427
3.74721
3.75957
3.77192
3.78428
3.79664
3.81089
3.82514
3.83940
3.85365
3.86320
3.87275
3.88229
3.89184
3.90215
3.91246
3.92277
3.93308
3.93898
3.94489
3.95080
3.95670
3.96497
3.97324
3.98151
3.98979
3.99888
4.00797
4.01707
4.02616
4.02684
4.02753
4.02821
4.02889
4.02992
4.03094
4.03196
4.03298
4.03387
4.03475
4.03564
4.03653
4.03512
4.03371
4.03230
4.03089
4.02803
4.02517
4.02231
4.01945
4.01468
4.00991
4.00514
4.00036
3.99703
3.99369
3.99035
3.98701
3.98377
3.98053
3.97729
3.97405
3.96851
3.96297
3.95743
3.95189
3.94649
3.94110
3.93570
3.93030
3.92870
3.92710
3.92551
3.92391
3.92132
3.91872
3.91613
3.91354
3.91047
3.90741
3.90434
3.90128
3.89742
3.89357
3.88972
3.88586
3.42733
3.42733
3.42733
3.42733
3.42733
3.42733
3.42733
3.42733
3.42733
3.42733
3.42733
3.42733
3.42733
3.42733
3.42733
3.42733
3.42733
3.42733
3.42733
3.42733
3.42733
3.42733
3.42733
3.42733
3.42733
3.42733
3.42733
3.42733
3.42733
3.42733
3.42733
3.42733
3.42733
3.42733
3.42733
3.42733
3.42733
3.42733
3.42733
3.42733
3.42733
3.42733
3.42733
3.42733
3.42733
3.42733
3.42733
3.42733
3.42733
3.42733
3.42733
3.42733
3.42733
3.42733
3.42733
3.42733
3.42733
3.42733
3.42733
3.42733
3.42733
3.42733
3.42733
3.42733
3.42733
3.42796
3.42858
3.42920
3.42983
3.43244
3.43505
3.43765
3.44026
3.44370
3.44714
3.45058
3.45402
3.45540
3.45677
3.45815
3.45952
3.46128
3.46304
3.46480
3.46656
3.46746
3.46835
3.46925
3.47014
3.47085
3.47155
3.47226
3.47297
3.47372
3.47448
3.47523
3.47599
3.47655
3.47710
3.47766
3.47822
3.47905
3.47988
3.48071
3.48153
3.48184
3.48215
3.48246
3.48277
3.48309
3.48342
3.48375
3.48408
3.48420
3.48431
3.48443
3.48454
3.48416
3.48378
3.48340
3.48301
3.48226
3.48150
3.48075
3.47999
3.47784
3.47568
3.47352
3.47137
3.46768
3.46399
3.46030
3.45662
3.45202
3.44742
3.44282
3.43822
3.43044
3.42266
3.41487
3.40709
3.39918
3.39128
3.38337
3.37547
3.36554
3.35561
3.34568
3.33575
3.32474
3.31373
3.30271
3.29170
3.28400
3.27629
3.26858
3.26088
3.25022
3.23957
3.22891
3.21826
3.21349
3.20872
3.20395
3.19919
3.19129
3.18339
3.17549
3.16760
3.16444
3.16129
3.15814
3.15499
3.15014
3.14529
3.14044
3.13558
3.13218
3.12878
3.12538
3.12198
3.11817
3.11437
3.11056
3.10675
3.10385
3.10094
3.09804
3.09513
3.09110
3.08706
3.08302
3.07898
3.07731
3.07563
3.07395
3.07228
3.07013
3.06798
3.06583
3.06369
3.06148
3.05928
3.05707
3.05487
3.05458
3.05429
3.05401
3.05372
3.05383
3.05395
3.05406
3.05417
3.05727
3.06036
3.06345
3.06655
3.07205
3.07755
3.08306
3.08856
3.09822
3.10789
3.11755
3.12722
3.14055
3.15389
3.16722
3.18056
3.19519
3.20983
3.22447
3.23911
3.25489
3.27067
3.28644
3.30222
3.32215
3.34209
3.36202
3.38195
3.39706
3.41217
3.42728
3.44239
3.45826
3.47414
3.49002
3.50589
3.52559
3.54529
3.56498
3.58468
3.60084
3.61701
3.63318
3.64934
3.66289
3.67644
3.68999
3.70354
3.72059
3.73765
3.75471
3.77177
3.79190
3.81204
3.83218
3.85232
3.86174
3.87116
3.88058
3.89000
3.90127
3.91254
3.92381
3.93508
3.94743
3.95977
3.97212
3.98447
3.99954
4.01461
4.02968
4.04475
4.05115
4.05754
4.06393
4.07032
4.07745
4.08459
4.09172
4.09885
4.10367
4.10849
4.11331
4.11813
4.12473
4.13133
4.13793
4.14453
4.15032
4.15611
4.16190
4.16769
4.16836
4.16904
4.16971
4.17038
4.17141
4.17243
4.17346
4.17449
4.17508
4.17567
4.17626
4.17685
4.17483
4.17282
4.17080
4.16879
4.16514
4.16149
4.15783
4.15418
4.14807
4.14195
4.13584
4.12972
4.12549
4.12125
4.11702
4.11278
4.10831
4.10384
4.09937
4.09489
4.08722
4.07956
4.07189
4.06422
4.05698
4.04974
4.04249
4.03525
4.03396
4.03266
4.03136
4.03006
4.02797
4.02587
4.02378
4.02168
4.01941
4.01713
4.01486
4.01258
4.01034
4.00809
4.00584
4.00360
3.53590
3.53590
3.53590
3.53590
3.53590
3.53590
3.53590
3.53590
3.53590
3.53590
3.53590
3.53590
3.53590
3.53590
3.53590
3.53590
3.53590
3.53590
3.53590
3.53590
3.53590
3.53590
3.53590
3.53590
3.53590
3.53590
3.53590
3.53590
3.53590
3.53590
3.53590
3.53590
3.53590
3.53590
3.53590
3.53590
3.53590
3.53590
3.53590
3.53590
3.53590
3.53590
3.53590
3.53590
3.53590
3.53590
3.53590
3.53590
3.53590
3.53590
3.53590
3.53590
3.53590
3.53590
3.53590
3.53590
3.53590
3.53590
3.53590
3.53590
3.53590
3.53590
3.53590
3.53590
3.53590
3.53671
3.53752
3.53833
3.53914
3.54187
3.54460
3.54733
3.55006
3.55347
3.55689
3.56030
3.56372
3.56487
3.56603
3.56719
3.56834
3.57000
3.57166
3.57332
3.57498
3.57569
3.57640
3.57711
3.57782
3.57846
3.57910
3.57974
3.58038
3.58109
3.58181
3.58253
3.58324
3.58385
3.58446
3.58506
3.58567
3.58660
3.58753
3.58847
3.58940
3.58973
3.59006
3.59040
3.59073
3.59106
3.59138
3.59171
3.59203
3.59210
3.59217
3.59224
3.59231
3.59169
3.59107
3.59045
3.58983
3.58872
3.58761
3.58649
3.58538
3.58238
3.57938
3.57638
3.57339
3.56838
3.56337
3.55836
3.55335
3.54707
3.54080
3.53452
3.52824
3.51779
3.50734
3.49689
3.48644
3.47577
3.46509
3.45441
3.44373
3.43037
3.41700
3.40363
3.39026
3.37556
3.36085
3.34615
3.33144
3.32095
3.31045
3.29996
3.28946
3.27561
3.26175
3.24790
3.23404
3.22781
3.22158
3.21535
3.20912
3.19948
3.18983
3.18018
3.17053
3.16741
3.16429
3.16117
3.15805
3.15304
3.14804
3.14304
3.13803
3.13568
3.13333
3.13098
3.12864
3.12578
3.12292
3.12006
3.11721
3.11523
3.11325
3.11127
3.10930
3.10687
3.10445
3.10202
3.09960
3.09816
3.09672
3.09528
3.09384
3.09226
3.09068
3.08909
3.08751
3.08600
3.08449
3.08298
3.08147
3.08129
3.08112
3.08094
3.08077
3.08123
3.08170
3.08216
3.08262
3.08712
3.09162
3.09612
3.10062
3.10766
3.11470
3.12174
3.12878
3.14116
3.15354
3.16592
3.17830
3.19535
3.21241
3.22946
3.24651
3.26514
3.28377
3.30240
3.32102
3.34097
3.36092
3.38087
3.40081
3.42587
3.45092
3.47598
3.50103
3.51941
3.53779
3.55617
3.57455
3.59366
3.61277
3.63188
3.65099
3.67507
3.69916
3.72324
3.74733
3.76611
3.78489
3.80367
3.82245
3.83683
3.85122
3.86561
3.88000
3.89893
3.91786
3.93679
3.95572
3.97932
4.00293
4.02653
4.05014
4.05874
4.06734
4.07594
4.08453
4.09414
4.10375
4.11335
4.12296
4.13529
4.14763
4.15996
4.17229
4.18818
4.20408
4.21997
4.23586
4.23909
4.24233
4.24556
4.24880
4.25276
4.25671
4.26067
4.26463
4.26836
4.27209
4.27582
4.27955
4.28448
4.28942
4.29435
4.29928
4.30177
4.30425
4.30673
4.30922
4.30988
4.31054
4.31121
4.31187
4.31290
4.31393
4.31496
4.31599
4.31629
4.31658
4.31688
4.31717
4.31455
4.31193
4.30931
4.30669
4.30224
4.29780
4.29336
4.28892
4.28146
4.27400
4.26654
4.25907
4.25395
4.24882
4.24369
4.23856
4.23285
4.22715
4.22144
4.21573
4.20594
4.19614
4.18634
4.17654
4.16746
4.15837
4.14929
4.14021
4.13921
4.13821
4.13722
4.13622
4.13462
4.13302
4.13143
4.12983
4.12834
4.12686
4.12537
4.12389
4.12325
4.12261
4.12197
4.12133
3.47402
3.47402
3.47402
3.47402
3.47402
3.47402
3.47402
3.47402
3.47402
3.47402
3.47402
3.47402
3.47402
3.47402
3.47402
3.47402
3.47402
3.47402
3.47402
3.47402
3.47402
3.47402
3.47402
3.47402
3.47402
3.47402
3.47402
3.47402
3.47402
3.47402
3.47402
3.47402
3.47402
3.47402
3.47402
3.47402
3.47402
3.47402
3.47402
3.47402
3.47402
3.47402
3.47402
3.47402
3.47402
3.47402
3.47402
3.47402
3.47402
3.47402
3.47402
3.47402
3.47402
3.47402
3.47402
3.47402
3.47402
3.47402
3.47402
3.47402
3.47402
3.47402
3.47402
3.47402
3.47402
3.47486
3.47570
3.47653
3.47737
3.48150
3.48563
3.48975
3.49388
3.49948
3.50508
3.51067
3.51627
3.51909
3.52190
3.52471
3.52753
3.53058
3.53364
3.53670
3.53976
3.54169
3.54361
3.54554
3.54747
3.54877
3.55008
3.55138
3.55269
3.55416
3.55562
3.55709
3.55855
3.55943
3.56030
3.56117
3.56204
3.56336
3.56468
3.56600
3.56731
3.56773
3.56815
3.56857
3.56899
3.56945
3.56990
3.57036
3.57081
3.57091
3.57101
3.57111
3.57121
3.57059
3.56997
3.56934
3.56872
3.56758
3.56643
3.56529
3.56415
3.56104
3.55793
3.55481
3.55170
3.54653
3.54136
3.53620
3.53103
3.52454
3.51805
3.51156
3.50507
3.49433
3.48359
3.47285
3.46211
3.45112
3.44013
3.42914
3.41814
3.40446
3.39078
3.37710
3.36341
3.34844
3.33347
3.31850
3.30353
3.29292
3.28230
3.27169
3.26107
3.24742
3.23376
3.22010
3.20644
3.20043
3.19442
3.18841
3.18241
3.17333
3.16426
3.15519
3.14611
3.14385
3.14158
3.13931
3.13704
3.13286
3.12868
3.12450
3.12031
3.11926
3.11821
3.11716
3.11611
3.11430
3.11249
3.11068
3.10887
3.10795
3.10702
3.10609
3.10517
3.10403
3.10290
3.10176
3.10063
3.09969
3.09875
3.09780
3.09686
3.09593
3.09500
3.09406
3.09313
3.09240
3.09168
3.09095
3.09023
3.09047
3.09072
3.09097
3.09122
3.09234
3.09346
3.09458
3.09570
3.10124
3.10679
3.11234
3.11789
3.12606
3.13423
3.14241
3.15058
3.16458
3.17857
3.19257
3.20656
3.22568
3.24480
3.26392
3.28304
3.30423
3.32541
3.34660
3.36778
3.39063
3.41348
3.43633
3.45918
3.48772
3.51626
3.54481
3.57335
3.59513
3.61692
3.63871
3.66049
3.68334
3.70618
3.72902
3.75186
3.77978
3.80769
3.83561
3.86352
3.88571
3.90789
3.93008
3.95226
3.96981
3.98736
4.00491
4.02247
4.04265
4.06284
4.08303
4.10321
4.12905
4.15488
4.18072
4.20655
4.21682
4.22708
4.23735
4.24761
4.25606
4.26451
4.27296
4.28141
4.29358
4.30576
4.31793
4.33010
4.34639
4.36267
4.37895
4.39523
4.39711
4.39899
4.40087
4.40275
4.40487
4.40699
4.40911
4.41122
4.41449
4.41776
4.42103
4.42430
4.42857
4.43283
4.43710
4.44137
4.44185
4.44233
4.44280
4.44328
4.44404
4.44480
4.44556
4.44632
4.44750
4.44869
4.44988
4.45107
4.45134
4.45161
4.45188
4.45215
4.44906
4.44597
4.44288
4.43979
4.43471
4.42962
4.42453
4.41944
4.41087
4.40229
4.39371
4.38514
4.37936
4.37358
4.36780
4.36202
4.35570
4.34938
4.34305
4.33673
4.32589
4.31504
4.30420
4.29336
4.28347
4.27357
4.26368
4.25379
4.25310
4.25242
4.25173
4.25105
4.24996
4.24887
4.24778
4.24670
4.24591
4.24511
4.24432
4.24353
4.24403
4.24452
4.24502
4.24552
3.12649
3.12649
3.12649
3.12649
3.12649
3.12649
3.12649
3.12649
3.12649
3.12649
3.12649
3.12649
3.12649
3.12649
3.12649
3.12649
3.12649
3.12649
3.12649
3.12649
3.12649
3.12649
3.12649
3.12649
3.12649
3.12649
3.12649
3.12649
3.12649
3.12649
3.12649
3.12649
3.12649
3.12649
3.12649
3.12649
3.12649
3.12649
3.12649
3.12649
3.12649
3.12649
3.12649
3.12649
3.12649
3.12649
3.12649
3.12649
3.12649
3.12649
3.12649
3.12649
3.12649
3.12649
3.12649
3.12649
3.12649
3.12649
3.12649
3.12649
3.12649
3.12649
3.12649
3.12649
3.12649
3.12709
3.12768
3.12828
3.12888
3.13655
3.14422
3.15189
3.15957
3.17105
3.18253
3.19401
3.20549
3.21310
3.22071
3.22832
3.23594
3.24291
3.24988
3.25685
3.26382
3.26931
3.27480
3.28029
3.28579
3.28899
3.29219
3.29540
3.29860
3.30214
3.30567
3.30921
3.31275
3.31425
3.31575
3.31726
3.31876
3.32094
3.32311
3.32529
3.32746
3.32807
3.32868
3.32929
3.32990
3.33070
3.33151
3.33232
3.33313
3.33339
3.33365
3.33391
3.33416
3.33393
3.33369
3.33345
3.33321
3.33259
3.33196
3.33134
3.33072
3.32872
3.32672
3.32471
3.32271
3.31933
3.31594
3.31256
3.30917
3.30493
3.30070
3.29646
3.29222
3.28518
3.27813
3.27108
3.26403
3.25684
3.24965
3.24246
3.23527
3.22650
3.21774
3.20897
3.20021
3.19072
3.18122
3.17173
3.16224
3.15598
3.14972
3.14346
3.13720
3.12943
3.12166
3.11389
3.10612
3.10315
3.10019
3.09723
3.09426
3.08966
3.08506
3.08046
3.07586
3.07582
3.07579
3.07576
3.07573
3.07400
3.07227
3.07054
3.06881
3.06947
3.07013
3.07079
3.07145
3.07086
3.07026
3.06966
3.06906
3.06939
3.06972
3.07005
3.07039
3.07000
3.06962
3.06923
3.06885
3.06884
3.06883
3.06882
3.06882
3.06867
3.06852
3.06837
3.06823
3.06844
3.06866
3.06888
3.06909
3.07028
3.07147
3.07266
3.07385
3.07614
3.07843
3.08071
3.08300
3.08900
3.09500
3.10100
3.10700
3.11563
3.12426
3.13289
3.14153
3.15529
3.16905
3.18282
3.19658
3.21500
3.23342
3.25184
3.27025
3.29160
3.31294
3.33429
3.35563
3.37925
3.40288
3.42650
3.45012
3.47941
3.50870
3.53799
3.56728
3.59271
3.61814
3.64357
3.66900
3.69641
3.72382
3.75123
3.77863
3.80944
3.84026
3.87107
3.90188
3.92880
3.95571
3.98263
4.00954
4.03415
4.05875
4.08335
4.10796
4.12837
4.14879
4.16920
4.18962
4.21561
4.24160
4.26759
4.29358
4.30968
4.32578
4.34188
4.35798
4.36612
4.37427
4.38241
4.39055
4.40232
4.41409
4.42585
4.43762
4.45357
4.46952
4.48547
4.50142
4.50497
4.50852
4.51207
4.51562
4.51813
4.52064
4.52316
4.52567
4.52953
4.53339
4.53725
4.54111
4.54639
4.55167
4.55695
4.56223
4.56289
4.56354
4.56419
4.56484
4.56587
4.56690
4.56792
4.56895
4.57055
4.57216
4.57376
4.57537
4.57607
4.57677
4.57748
4.57818
4.57486
4.57153
4.56821
4.56488
4.55939
4.55390
4.54841
4.54292
4.53361
4.52430
4.51499
4.50568
4.49966
4.49365
4.48763
4.48161
4.47570
4.46980
4.46389
4.45798
4.44791
4.43784
4.42777
4.41770
4.40873
4.39977
4.39080
4.38184
4.38148
4.38112
4.38076
4.38040
4.37985
4.37929
4.37874
4.37819
4.37793
4.37767
4.37741
4.37715
4.37799
4.37883
4.37966
4.38050
2.77895
2.77895
2.77895
2.77895
2.77895
2.77895
2.77895
2.77895
2.77895
2.77895
2.77895
2.77895
2.77895
2.77895
2.77895
2.77895
2.77895
2.77895
2.77895
2.77895
2.77895
2.77895
2.77895
2.77895
2.77895
2.77895
2.77895
2.77895
2.77895
2.77895
2.77895
2.77895
2.77895
2.77895
2.77895
2.77895
2.77895
2.77895
2.77895
2.77895
2.77895
2.77895
2.77895
2.77895
2.77895
2.77895
2.77895
2.77895
2.77895
2.77895
2.77895
2.77895
2.77895
2.77895
2.77895
2.77895
2.77895
2.77895
2.77895
2.77895
2.77895
2.77895
2.77895
2.77895
2.77895
2.77931
2.77967
2.78003
2.78039
2.79160
2.80282
2.81404
2.82525
2.84261
2.85998
2.87734
2.89471
2.90712
2.91953
2.93194
2.94435
2.95523
2.96611
2.97700
2.98788
2.99694
3.00599
3.01505
3.02410
3.02920
3.03431
3.03941
3.04451
3.05012
3.05572
3.06133
3.06694
3.06907
3.07121
3.07335
3.07548
3.07851
3.08154
3.08458
3.08761
3.08841
3.08920
3.09000
3.09080
3.09196
3.09312
3.09428
3.09545
3.09586
3.09628
3.09670
3.09712
3.09726
3.09741
3.09756
3.09770
3.09760
3.09750
3.09739
3.09729
3.09640
3.09550
3.09461
3.09372
3.09212
3.09052
3.08892
3.08731
3.08533
3.08335
3.08136
3.07938
3.07602
3.07266
3.06930
3.06594
3.06255
3.05916
3.05578
3.05239
3.04854
3.04469
3.04085
3.03700
3.03299
3.02898
3.02497
3.02095
3.01905
3.01714
3.01524
3.01333
3.01145
3.00956
3.00768
3.00580
3.00588
3.00596
3.00604
3.00612
3.00599
3.00586
3.00573
3.00560
3.00780
3.01001
3.01222
3.01442
3.01514
3.01586
3.01658
3.01730
3.01967
3.02205
3.02442
3.02679
3.02741
3.02802
3.02863
3.02924
3.03083
3.03242
3.03402
3.03561
3.03597
3.03634
3.03670
3.03707
3.03799
3.03892
3.03984
3.04077
3.04141
3.04205
3.04269
3.04333
3.04448
3.04564
3.04680
3.04796
3.05009
3.05222
3.05436
3.05649
3.05994
3.06340
3.06685
3.07031
3.07676
3.08321
3.08966
3.09612
3.10520
3.11429
3.12338
3.13247
3.14600
3.15954
3.17307
3.18660
3.20432
3.22203
3.23975
3.25746
3.27897
3.30047
3.32198
3.34348
3.36788
3.39227
3.41667
3.44106
3.47110
3.50114
3.53118
3.56122
3.59029
3.61937
3.64844
3.67751
3.70949
3.74146
3.77343
3.80540
3.83911
3.87282
3.90653
3.94023
3.97188
4.00353
4.03518
4.06682
4.09848
4.13013
4.16179
4.19344
4.21409
4.23473
4.25538
4.27602
4.30217
4.32832
4.35446
4.38061
4.40254
4.42448
4.44641
4.46835
4.47618
4.48402
4.49186
4.49970
4.51106
4.52242
4.53378
4.54514
4.56076
4.57637
4.59199
4.60761
4.61283
4.61804
4.62326
4.62848
4.63139
4.63430
4.63721
4.64012
4.64457
4.64902
4.65347
4.65791
4.66421
4.67051
4.67680
4.68310
4.68393
4.68475
4.68558
4.68640
4.68770
4.68899
4.69029
4.69158
4.69361
4.69563
4.69765
4.69967
4.70080
4.70194
4.70307
4.70421
4.70065
4.69709
4.69353
4.68997
4.68407
4.67818
4.67229
4.66639
4.65635
4.64631
4.63627
4.62623
4.61997
4.61371
4.60746
4.60120
4.59571
4.59022
4.58473
4.57923
4.56994
4.56064
4.55134
4.54204
4.53400
4.52596
4.51793
4.50989
4.50986
4.50982
4.50979
4.50975
4.50973
4.50972
4.50970
4.50968
4.50995
4.51022
4.51050
4.51077
4.51195
4.51313
4.51431
4.51549
2.43142
2.43142
2.43142
2.43142
2.43142
2.43142
2.43142
2.43142
2.43142
2.43142
2.43142
2.43142
2.43142
2.43142
2.43142
2.43142
2.43142
2.43142
2.43142
2.43142
2.43142
2.43142
2.43142
2.43142
2.43142
2.43142
2.43142
2.43142
2.43142
2.43142
2.43142
2.43142
2.43142
2.43142
2.43142
2.43142
2.43142
2.43142
2.43142
2.43142
2.43142
2.43142
2.43142
2.43142
2.43142
2.43142
2.43142
2.43142
2.43142
2.43142
2.43142
2.43142
2.43142
2.43142
2.43142
2.43142
2.43142
2.43142
2.43142
2.43142
2.43142
2.43142
2.43142
2.43142
2.43142
2.43154
2.43166
2.43178
2.43190
2.44666
2.46142
2.47618
2.49093
2.51418
2.53743
2.56068
2.58392
2.60113
2.61834
2.63555
2.65276
2.66755
2.68235
2.69715
2.71194
2.72456
2.73718
2.74980
2.76242
2.76942
2.77642
2.78342
2.79042
2.79810
2.80578
2.81345
2.82113
2.82390
2.82667
2.82943
2.83220
2.83609
2.83998
2.84387
2.84775
2.84874
2.84973
2.85072
2.85171
2.85322
2.85473
2.85625
2.85776
2.85834
2.85891
2.85949
2.86007
2.86060
2.86113
2.86166
2.86219
2.86261
2.86303
2.86344
2.86386
2.86408
2.86429
2.86451
2.86473
2.86491
2.86509
2.86528
2.86546
2.86573
2.86600
2.86626
2.86653
2.86686
2.86720
2.86753
2.86786
2.86827
2.86868
2.86910
2.86951
2.87058
2.87165
2.87272
2.87379
2.87526
2.87673
2.87820
2.87967
2.88211
2.88456
2.88701
2.88946
2.89346
2.89747
2.90147
2.90548
2.90860
2.91173
2.91485
2.91798
2.92232
2.92666
2.93100
2.93534
2.93978
2.94422
2.94867
2.95311
2.95628
2.95945
2.96262
2.96579
2.96987
2.97396
2.97805
2.98213
2.98396
2.98578
2.98760
2.98943
2.99228
2.99513
2.99798
3.00083
3.00194
3.00306
3.00417
3.00529
3.00715
3.00901
3.01086
3.01272
3.01415
3.01557
3.01700
3.01843
3.02053
3.02262
3.02472
3.02682
3.02990
3.03297
3.03605
3.03913
3.04375
3.04837
3.05299
3.05761
3.06452
3.07142
3.07833
3.08523
3.09478
3.10432
3.11387
3.12341
3.13672
3.15002
3.16332
3.17663
3.19364
3.21065
3.22766
3.24468
3.26634
3.28800
3.30967
3.33133
3.35650
3.38167
3.40684
3.43201
3.46279
3.49358
3.52437
3.55516
3.58787
3.62059
3.65331
3.68602
3.72256
3.75910
3.79564
3.83217
3.86878
3.90538
3.94198
3.97859
4.01497
4.05135
4.08773
4.12410
4.16281
4.20152
4.24023
4.27893
4.29981
4.32068
4.34155
4.36242
4.38873
4.41503
4.44134
4.46764
4.49541
4.52318
4.55094
4.57871
4.58625
4.59378
4.60131
4.60884
4.61979
4.63075
4.64170
4.65265
4.66794
4.68323
4.69851
4.71380
4.72068
4.72757
4.73446
4.74134
4.74465
4.74795
4.75126
4.75457
4.75961
4.76464
4.76968
4.77472
4.78203
4.78934
4.79666
4.80397
4.80497
4.80596
4.80696
4.80796
4.80953
4.81109
4.81265
4.81422
4.81666
4.81910
4.82153
4.82397
4.82554
4.82710
4.82867
4.83024
4.82644
4.82264
4.81885
4.81505
4.80876
4.80246
4.79616
4.78987
4.77909
4.76832
4.75754
4.74677
4.74027
4.73378
4.72728
4.72079
4.71571
4.71064
4.70556
4.70049
4.69196
4.68343
4.67491
4.66638
4.65927
4.65216
4.64505
4.63794
4.63823
4.63852
4.63881
4.63910
4.63962
4.64014
4.64066
4.64117
4.64198
4.64278
4.64358
4.64439
4.64591
4.64743
4.64895
4.65047
2.46238
2.46238
2.46238
2.46238
2.46238
2.46238
2.46238
2.46238
2.46238
2.46238
2.46238
2.46238
2.46238
2.46238
2.46238
2.46238
2.46238
2.46238
2.46238
2.46238
2.46238
2.46238
2.46238
2.46238
2.46238
2.46238
2.46238
2.46238
2.46238
2.46238
2.46238
2.46238
2.46238
2.46238
2.46238
2.46238
2.46238
2.46238
2.46238
2.46238
2.46238
2.46238
2.46238
2.46238
2.46238
2.46238
2.46238
2.46238
2.46238
2.46238
2.46238
2.46238
2.46238
2.46238
2.46238
2.46238
2.46238
2.46238
2.46238
2.46238
2.46238
2.46238
2.46238
2.46238
2.46238
2.46238
2.46238
2.46238
2.46238
2.47636
2.49035
2.50433
2.51831
2.54068
2.56304
2.58540
2.60776
2.62472
2.64167
2.65863
2.67558
2.68976
2.70393
2.71810
2.73228
2.74449
2.75671
2.76893
2.78114
2.78775
2.79436
2.80097
2.80758
2.81473
2.82189
2.82904
2.83619
2.83844
2.84069
2.84293
2.84518
2.84822
2.85127
2.85431
2.85736
2.85740
2.85744
2.85749
2.85753
2.85764
2.85775
2.85786
2.85797
2.85662
2.85527
2.85392
2.85256
2.85087
2.84918
2.84748
2.84579
2.84253
2.83926
2.83599
2.83273
2.83034
2.82796
2.82557
2.82318
2.81778
2.81238
2.80698
2.80158
2.79954
2.79749
2.79545
2.79341
2.78883
2.78426
2.77968
2.77511
2.77288
2.77065
2.76842
2.76619
2.76460
2.76301
2.76142
2.75983
2.75974
2.75965
2.75957
2.75948
2.76218
2.76488
2.76758
2.77029
2.77576
2.78124
2.78672
2.79220
2.79897
2.80574
2.81251
2.81928
2.82857
2.83786
2.84715
2.85644
2.86649
2.87654
2.88659
2.89664
2.90642
2.91619
2.92597
2.93574
2.94575
2.95575
2.96576
2.97577
2.98372
2.99167
2.99962
3.00758
3.01691
3.02624
3.03557
3.04490
3.05024
3.05559
3.06094
3.06628
3.07321
3.08013
3.08705
3.09398
3.09917
3.10435
3.10954
3.11473
3.11974
3.12476
3.12977
3.13479
3.14078
3.14678
3.15277
3.15876
3.16444
3.17013
3.17581
3.18149
3.18936
3.19724
3.20512
3.21299
3.22183
3.23067
3.23951
3.24835
3.26035
3.27234
3.28434
3.29634
3.31092
3.32550
3.34008
3.35466
3.37354
3.39243
3.41132
3.43021
3.45233
3.47446
3.49658
3.51870
3.54564
3.57257
3.59950
3.62643
3.65648
3.68652
3.71656
3.74660
3.78055
3.81450
3.84845
3.88240
3.91623
3.95005
3.98387
4.01769
4.05267
4.08765
4.12263
4.15761
4.19635
4.23509
4.27382
4.31256
4.33375
4.35495
4.37614
4.39733
4.42393
4.45052
4.47712
4.50371
4.53361
4.56352
4.59342
4.62332
4.63332
4.64331
4.65331
4.66330
4.67703
4.69076
4.70449
4.71821
4.73328
4.74834
4.76340
4.77846
4.78743
4.79639
4.80536
4.81433
4.82057
4.82681
4.83305
4.83929
4.84492
4.85055
4.85619
4.86182
4.86914
4.87647
4.88379
4.89112
4.89313
4.89515
4.89716
4.89917
4.90148
4.90378
4.90608
4.90838
4.91075
4.91313
4.91550
4.91787
4.91959
4.92132
4.92304
4.92477
4.92182
4.91887
4.91592
4.91297
4.90719
4.90141
4.89563
4.88985
4.87992
4.87000
4.86007
4.85014
4.84369
4.83724
4.83079
4.82434
4.81965
4.81496
4.81028
4.80559
4.79854
4.79149
4.78444
4.77738
4.77150
4.76561
4.75973
4.75384
4.75415
4.75446
4.75477
4.75508
4.75600
4.75692
4.75785
4.75877
4.76009
4.76140
4.76272
4.76403
4.76567
4.76732
4.76896
4.77061
2.87593
2.87593
2.87593
2.87593
2.87593
2.87593
2.87593
2.87593
2.87593
2.87593
2.87593
2.87593
2.87593
2.87593
2.87593
2.87593
2.87593
2.87593
2.87593
2.87593
2.87593
2.87593
2.87593
2.87593
2.87593
2.87593
2.87593
2.87593
2.87593
2.87593
2.87593
2.87593
2.87593
2.87593
2.87593
2.87593
2.87593
2.87593
2.87593
2.87593
2.87593
2.87593
2.87593
2.87593
2.87593
2.87593
2.87593
2.87593
2.87593
2.87593
2.87593
2.87593
2.87593
2.87593
2.87593
2.87593
2.87593
2.87593
2.87593
2.87593
2.87593
2.87593
2.87593
2.87593
2.87593
2.87593
2.87593
2.87593
2.87593
2.88477
2.89361
2.90245
2.91129
2.92593
2.94057
2.95521
2.96984
2.98144
2.99303
3.00462
3.01622
3.02518
3.03415
3.04312
3.05209
3.05989
3.06769
3.07550
3.08330
3.08721
3.09111
3.09502
3.09893
3.10293
3.10693
3.11093
3.11493
3.11550
3.11606
3.11662
3.11718
3.11767
3.11815
3.11863
3.11911
3.11706
3.11501
3.11297
3.11092
3.10785
3.10478
3.10171
3.09864
3.09325
3.08786
3.08247
3.07708
3.07053
3.06397
3.05742
3.05086
3.03967
3.02847
3.01728
3.00608
2.99734
2.98859
2.97985
2.97110
2.95267
2.93424
2.91581
2.89738
2.88841
2.87944
2.87047
2.86150
2.84334
2.82517
2.80700
2.78884
2.77745
2.76606
2.75467
2.74328
2.73137
2.71946
2.70755
2.69564
2.68688
2.67813
2.66937
2.66062
2.65943
2.65824
2.65706
2.65587
2.65836
2.66085
2.66333
2.66582
2.67684
2.68787
2.69889
2.70991
2.72463
2.73936
2.75408
2.76881
2.78787
2.80693
2.82600
2.84506
2.86565
2.88623
2.90682
2.92740
2.94758
2.96775
2.98792
3.00810
3.02715
3.04621
3.06527
3.08432
3.10541
3.12650
3.14758
3.16867
3.18177
3.19486
3.20796
3.22105
3.23722
3.25339
3.26955
3.28572
3.29768
3.30963
3.32159
3.33354
3.34347
3.35340
3.36333
3.37326
3.38416
3.39507
3.40598
3.41688
3.42351
3.43015
3.43678
3.44341
3.45278
3.46216
3.47153
3.48090
3.48786
3.49481
3.50177
3.50872
3.51833
3.52793
3.53754
3.54715
3.55754
3.56794
3.57833
3.58873
3.60187
3.61502
3.62816
3.64130
3.65653
3.67175
3.68697
3.70219
3.72061
3.73904
3.75746
3.77589
3.79687
3.81784
3.83882
3.85980
3.88393
3.90807
3.93221
3.95635
3.98165
4.00695
4.03225
4.05755
4.08494
4.11232
4.13971
4.16709
4.19876
4.23043
4.26210
4.29377
4.31537
4.33698
4.35858
4.38019
4.40721
4.43423
4.46125
4.48828
4.51657
4.54487
4.57317
4.60147
4.61673
4.63198
4.64724
4.66249
4.68221
4.70193
4.72165
4.74137
4.75631
4.77125
4.78620
4.80114
4.81261
4.82407
4.83554
4.84700
4.85874
4.87048
4.88222
4.89397
4.90020
4.90643
4.91266
4.91889
4.92521
4.93154
4.93787
4.94419
4.94807
4.95195
4.95583
4.95971
4.96323
4.96674
4.97026
4.97377
4.97559
4.97740
4.97921
4.98103
4.98264
4.98425
4.98585
4.98746
4.98645
4.98544
4.98443
4.98341
4.97908
4.97475
4.97042
4.96608
4.95860
4.95112
4.94364
4.93616
4.93004
4.92392
4.91781
4.91169
4.90736
4.90303
4.89870
4.89436
4.88950
4.88464
4.87978
4.87492
4.87055
4.86619
4.86183
4.85747
4.85748
4.85750
4.85751
4.85753
4.85873
4.85993
4.86113
4.86233
4.86414
4.86594
4.86774
4.86955
4.87109
4.87264
4.87418
4.87572
3.28948
3.28948
3.28948
3.28948
3.28948
3.28948
3.28948
3.28948
3.28948
3.28948
3.28948
3.28948
3.28948
3.28948
3.28948
3.28948
3.28948
3.28948
3.28948
3.28948
3.28948
3.28948
3.28948
3.28948
3.28948
3.28948
3.28948
3.28948
3.28948
3.28948
3.28948
3.28948
3.28948
3.28948
3.28948
3.28948
3.28948
3.28948
3.28948
3.28948
3.28948
3.28948
3.28948
3.28948
3.28948
3.28948
3.28948
3.28948
3.28948
3.28948
3.28948
3.28948
3.28948
3.28948
3.28948
3.28948
3.28948
3.28948
3.28948
3.28948
3.28948
3.28948
3.28948
3.28948
3.28948
3.28948
3.28948
3.28948
3.28948
3.29318
3.29688
3.30058
3.30427
3.31119
3.31810
3.32501
3.33192
3.33816
3.34439
3.35062
3.35685
3.36061
3.36437
3.36814
3.37190
3.37529
3.37868
3.38206
3.38545
3.38666
3.38787
3.38907
3.39028
3.39113
3.39198
3.39282
3.39367
3.39255
3.39143
3.39031
3.38919
3.38711
3.38503
3.38294
3.38086
3.37672
3.37259
3.36845
3.36431
3.35806
3.35181
3.34557
3.33932
3.32989
3.32046
3.31103
3.30160
3.29019
3.27877
3.26735
3.25593
3.23681
3.21768
3.19856
3.17943
3.16433
3.14923
3.13412
3.11902
3.08756
3.05610
3.02464
2.99318
2.97729
2.96139
2.94550
2.92960
2.89784
2.86608
2.83432
2.80257
2.78202
2.76147
2.74093
2.72038
2.69815
2.67592
2.65368
2.63145
2.61403
2.59661
2.57918
2.56176
2.55668
2.55161
2.54653
2.54145
2.54095
2.54045
2.53995
2.53945
2.55472
2.56999
2.58527
2.60054
2.62070
2.64085
2.66101
2.68117
2.70925
2.73733
2.76541
2.79349
2.82488
2.85627
2.88767
2.91906
2.94940
2.97975
3.01009
3.04043
3.07059
3.10075
3.13091
3.16107
3.19391
3.22676
3.25960
3.29245
3.31329
3.33413
3.35498
3.37582
3.40123
3.42664
3.45205
3.47746
3.49619
3.51491
3.53363
3.55235
3.56720
3.58204
3.59688
3.61172
3.62754
3.64336
3.65918
3.67500
3.68258
3.69017
3.69775
3.70533
3.71620
3.72707
3.73794
3.74881
3.75388
3.75895
3.76402
3.76910
3.77631
3.78352
3.79074
3.79795
3.80417
3.81038
3.81659
3.82281
3.83020
3.83760
3.84500
3.85240
3.86072
3.86904
3.87736
3.88568
3.89559
3.90551
3.91543
3.92534
3.93726
3.94917
3.96108
3.97299
3.98732
4.00164
4.01597
4.03029
4.04707
4.06385
4.08063
4.09741
4.11720
4.13699
4.15678
4.17658
4.20117
4.22577
4.25037
4.27497
4.29699
4.31901
4.34103
4.36305
4.39050
4.41794
4.44539
4.47284
4.49953
4.52623
4.55292
4.57961
4.60013
4.62065
4.64117
4.66169
4.68740
4.71310
4.73881
4.76452
4.77935
4.79417
4.80900
4.82383
4.83779
4.85175
4.86571
4.87967
4.89691
4.91416
4.93140
4.94864
4.95547
4.96230
4.96913
4.97595
4.98128
4.98661
4.99194
4.99726
5.00301
5.00876
5.01451
5.02025
5.02498
5.02971
5.03443
5.03916
5.04042
5.04167
5.04293
5.04419
5.04568
5.04717
5.04867
5.05016
5.05108
5.05201
5.05294
5.05386
5.05098
5.04809
5.04520
5.04232
5.03728
5.03224
5.02721
5.02217
5.01639
5.01060
5.00482
4.99904
4.99506
4.99109
4.98711
4.98314
4.98047
4.97779
4.97512
4.97245
4.96961
4.96677
4.96393
4.96110
4.96082
4.96054
4.96026
4.95998
4.96146
4.96293
4.96441
4.96589
4.96818
4.97048
4.97277
4.97506
4.97651
4.97795
4.97940
4.98084
3.40619
3.40619
3.40619
3.40619
3.40619
3.40619
3.40619
3.40619
3.40619
3.40619
3.40619
3.40619
3.40619
3.40619
3.40619
3.40619
3.40619
3.40619
3.40619
3.40619
3.40619
3.40619
3.40619
3.40619
3.40619
3.40619
3.40619
3.40619
3.40619
3.40619
3.40619
3.40619
3.40619
3.40619
3.40619
3.40619
3.40619
3.40619
3.40619
3.40619
3.40619
3.40619
3.40619
3.40619
3.40619
3.40619
3.40619
3.40619
3.40619
3.40619
3.40619
3.40619
3.40619
3.40619
3.40619
3.40619
3.40619
3.40619
3.40619
3.40619
3.40619
3.40619
3.40619
3.40619
3.40619
3.40619
3.40619
3.40619
3.40619
3.40641
3.40663
3.40685
3.40708
3.40787
3.40866
3.40945
3.41024
3.41084
3.41144
3.41204
3.41264
3.41124
3.40983
3.40843
3.40703
3.40638
3.40573
3.40507
3.40442
3.40271
3.40100
3.39929
3.39758
3.39599
3.39439
3.39280
3.39121
3.38858
3.38595
3.38332
3.38069
3.37716
3.37364
3.37011
3.36659
3.36143
3.35626
3.35110
3.34594
3.33861
3.33128
3.32395
3.31662
3.30601
3.29540
3.28479
3.27418
3.26153
3.24889
3.23624
3.22360
3.20256
3.18153
3.16049
3.13946
3.12299
3.10653
3.09006
3.07360
3.03909
3.00458
2.97007
2.93556
2.91837
2.90119
2.88401
2.86683
2.83191
2.79699
2.76207
2.72715
2.70485
2.68254
2.66023
2.63793
2.61334
2.58874
2.56415
2.53956
2.52049
2.50143
2.48236
2.46329
2.45774
2.45219
2.44663
2.44108
2.44057
2.44005
2.43954
2.43903
2.45660
2.47418
2.49176
2.50934
2.53248
2.55562
2.57877
2.60191
2.63432
2.66673
2.69914
2.73155
2.76848
2.80541
2.84234
2.87927
2.91516
2.95105
2.98694
3.02283
3.05945
3.09608
3.13270
3.16933
3.20891
3.24850
3.28809
3.32767
3.35400
3.38033
3.40666
3.43299
3.46487
3.49674
3.52861
3.56049
3.58359
3.60670
3.62980
3.65291
3.67201
3.69110
3.71020
3.72930
3.74894
3.76857
3.78821
3.80784
3.81705
3.82625
3.83546
3.84466
3.85773
3.87080
3.88387
3.89694
3.90166
3.90639
3.91111
3.91584
3.92239
3.92895
3.93550
3.94205
3.94649
3.95093
3.95537
3.95981
3.96392
3.96803
3.97213
3.97624
3.98074
3.98523
3.98973
3.99422
3.99871
4.00320
4.00769
4.01218
4.01847
4.02475
4.03104
4.03733
4.04486
4.05239
4.05992
4.06745
4.07819
4.08892
4.09966
4.11040
4.12472
4.13904
4.15337
4.16769
4.18708
4.20646
4.22585
4.24524
4.26732
4.28940
4.31148
4.33355
4.36101
4.38847
4.41593
4.44339
4.46934
4.49530
4.52125
4.54721
4.57156
4.59591
4.62027
4.64462
4.67463
4.70464
4.73465
4.76466
4.78052
4.79638
4.81224
4.82811
4.84526
4.86242
4.87958
4.89673
4.91828
4.93982
4.96137
4.98291
4.99059
4.99827
5.00595
5.01363
5.01960
5.02557
5.03154
5.03751
5.04532
5.05312
5.06092
5.06873
5.07424
5.07976
5.08528
5.09079
5.09255
5.09431
5.09607
5.09783
5.10021
5.10259
5.10496
5.10734
5.10932
5.11130
5.11328
5.11526
5.11363
5.11200
5.11037
5.10874
5.10585
5.10296
5.10007
5.09718
5.09229
5.08741
5.08252
5.07763
5.07433
5.07103
5.06772
5.06442
5.06333
5.06224
5.06115
5.06006
5.05857
5.05708
5.05558
5.05409
5.05391
5.05373
5.05355
5.05336
5.05522
5.05707
5.05892
5.06077
5.06315
5.06553
5.06791
5.07030
5.07170
5.07311
5.07452
5.07592
2.92040
2.92040
2.92040
2.92040
2.92040
2.92040
2.92040
2.92040
2.92040
2.92040
2.92040
2.92040
2.92040
2.92040
2.92040
2.92040
2.92040
2.92040
2.92040
2.92040
2.92040
2.92040
2.92040
2.92040
2.92040
2.92040
2.92040
2.92040
2.92040
2.92040
2.92040
2.92040
2.92040
2.92040
2.92040
2.92040
2.92040
2.92040
2.92040
2.92040
2.92040
2.92040
2.92040
2.92040
2.92040
2.92040
2.92040
2.92040
2.92040
2.92040
2.92040
2.92040
2.92040
2.92040
2.92040
2.92040
2.92040
2.92040
2.92040
2.92040
2.92040
2.92040
2.92040
2.92040
2.92040
2.92040
2.92040
2.92040
2.92040
2.92052
2.92065
2.92078
2.92091
2.91883
2.91675
2.91467
2.91260
2.90701
2.90143
2.89584
2.89026
2.88379
2.87731
2.87084
2.86437
2.86042
2.85648
2.85253
2.84859
2.84353
2.83847
2.83341
2.82836
2.82576
2.82316
2.82057
2.81797
2.81419
2.81040
2.80662
2.80283
2.80014
2.79745
2.79477
2.79208
2.78805
2.78402
2.77999
2.77596
2.77181
2.76767
2.76352
2.75937
2.75337
2.74738
2.74138
2.73539
2.72889
2.72240
2.71591
2.70942
2.69869
2.68795
2.67722
2.66649
2.65880
2.65111
2.64343
2.63574
2.61843
2.60113
2.58382
2.56651
2.55950
2.55248
2.54547
2.53846
2.52155
2.50464
2.48772
2.47081
2.46176
2.45271
2.44366
2.43461
2.42382
2.41302
2.40222
2.39142
2.38497
2.37852
2.37207
2.36562
2.36652
2.36741
2.36831
2.36920
2.37472
2.38025
2.38577
2.39129
2.40722
2.42315
2.43908
2.45501
2.47617
2.49733
2.51849
2.53965
2.56689
2.59412
2.62135
2.64859
2.68035
2.71212
2.74388
2.77564
2.80770
2.83976
2.87181
2.90387
2.93755
2.97123
3.00491
3.03859
3.07474
3.11088
3.14703
3.18317
3.21040
3.23762
3.26485
3.29208
3.32477
3.35746
3.39016
3.42285
3.44549
3.46814
3.49078
3.51343
3.53545
3.55748
3.57950
3.60153
3.62275
3.64397
3.66519
3.68642
3.69861
3.71079
3.72298
3.73517
3.75186
3.76855
3.78524
3.80193
3.80944
3.81694
3.82445
3.83195
3.84135
3.85076
3.86016
3.86957
3.87713
3.88468
3.89224
3.89980
3.90560
3.91139
3.91719
3.92299
3.92991
3.93683
3.94375
3.95066
3.95598
3.96129
3.96660
3.97192
3.97956
3.98719
3.99483
4.00247
4.00934
4.01621
4.02307
4.02994
4.03966
4.04939
4.05912
4.06884
4.08201
4.09518
4.10835
4.12152
4.13947
4.15742
4.17537
4.19331
4.21473
4.23615
4.25757
4.27899
4.30561
4.33223
4.35885
4.38547
4.41245
4.43943
4.46641
4.49339
4.51868
4.54397
4.56925
4.59454
4.62543
4.65632
4.68721
4.71810
4.73733
4.75656
4.77579
4.79502
4.81680
4.83857
4.86034
4.88211
4.90552
4.92893
4.95234
4.97575
4.98480
4.99385
5.00291
5.01196
5.02190
5.03184
5.04179
5.05173
5.06197
5.07222
5.08246
5.09271
5.09816
5.10361
5.10906
5.11451
5.11892
5.12333
5.12775
5.13216
5.13745
5.14275
5.14804
5.15333
5.15457
5.15581
5.15706
5.15830
5.15754
5.15678
5.15602
5.15526
5.15390
5.15255
5.15119
5.14984
5.14700
5.14416
5.14131
5.13847
5.13648
5.13448
5.13248
5.13049
5.12976
5.12902
5.12829
5.12756
5.12705
5.12653
5.12602
5.12550
5.12622
5.12693
5.12764
5.12835
5.13077
5.13319
5.13561
5.13803
5.13969
5.14134
5.14300
5.14465
5.14614
5.14764
5.14913
5.15062
2.43460
2.43460
2.43460
2.43460
2.43460
2.43460
2.43460
2.43460
2.43460
2.43460
2.43460
2.43460
2.43460
2.43460
2.43460
2.43460
2.43460
2.43460
2.43460
2.43460
2.43460
2.43460
2.43460
2.43460
2.43460
2.43460
2.43460
2.43460
2.43460
2.43460
2.43460
2.43460
2.43460
2.43460
2.43460
2.43460
2.43460
2.43460
2.43460
2.43460
2.43460
2.43460
2.43460
2.43460
2.43460
2.43460
2.43460
2.43460
2.43460
2.43460
2.43460
2.43460
2.43460
2.43460
2.43460
2.43460
2.43460
2.43460
2.43460
2.43460
2.43460
2.43460
2.43460
2.43460
2.43460
2.43460
2.43460
2.43460
2.43460
2.43464
2.43467
2.43470
2.43474
2.42979
2.42484
2.41990
2.41495
2.40319
2.39142
2.37965
2.36788
2.35634
2.34479
2.33325
2.32171
2.31447
2.30723
2.30000
2.29276
2.28435
2.27595
2.26754
2.25913
2.25553
2.25193
2.24834
2.24474
2.23980
2.23486
2.22992
2.22497
2.22312
2.22127
2.21942
2.21756
2.21467
2.21178
2.20888
2.20599
2.20502
2.20405
2.20309
2.20212
2.20074
2.19935
2.19797
2.19659
2.19625
2.19592
2.19558
2.19524
2.19481
2.19438
2.19395
2.19352
2.19461
2.19570
2.19679
2.19789
2.19778
2.19768
2.19757
2.19747
2.20062
2.20377
2.20693
2.21008
2.21118
2.21228
2.21338
2.21447
2.21868
2.22289
2.22710
2.23130
2.23430
2.23729
2.24029
2.24328
2.24945
2.25562
2.26179
2.26795
2.27530
2.28264
2.28998
2.29733
2.30888
2.32044
2.33200
2.34355
2.35783
2.37212
2.38640
2.40068
2.41986
2.43904
2.45822
2.47740
2.49945
2.52151
2.54357
2.56563
2.59222
2.61882
2.64542
2.67202
2.70024
2.72846
2.75669
2.78491
2.81565
2.84638
2.87712
2.90786
2.94056
2.97326
3.00596
3.03867
3.06679
3.09492
3.12304
3.15117
3.18468
3.21819
3.25170
3.28521
3.30740
3.32958
3.35176
3.37395
3.39890
3.42385
3.44880
3.47376
3.49656
3.51937
3.54218
3.56499
3.58016
3.59533
3.61051
3.62568
3.64599
3.66630
3.68662
3.70693
3.71721
3.72749
3.73778
3.74806
3.76032
3.77257
3.78483
3.79708
3.80776
3.81843
3.82911
3.83978
3.84727
3.85476
3.86225
3.86974
3.87908
3.88842
3.89776
3.90711
3.91324
3.91938
3.92552
3.93166
3.94065
3.94964
3.95863
3.96762
3.97382
3.98002
3.98622
3.99243
4.00114
4.00986
4.01857
4.02729
4.03931
4.05132
4.06334
4.07536
4.09186
4.10837
4.12488
4.14139
4.16215
4.18291
4.20367
4.22443
4.25021
4.27599
4.30177
4.32755
4.35556
4.38357
4.41157
4.43958
4.46580
4.49202
4.51824
4.54445
4.57622
4.60799
4.63976
4.67153
4.69414
4.71674
4.73934
4.76194
4.78833
4.81471
4.84110
4.86748
4.89276
4.91804
4.94331
4.96859
4.97901
4.98944
4.99986
5.01029
5.02420
5.03811
5.05203
5.06594
5.07863
5.09131
5.10400
5.11668
5.12207
5.12745
5.13284
5.13822
5.14529
5.15236
5.15942
5.16649
5.17470
5.18291
5.19112
5.19932
5.19983
5.20033
5.20083
5.20133
5.20144
5.20155
5.20167
5.20178
5.20196
5.20214
5.20232
5.20250
5.20170
5.20091
5.20011
5.19931
5.19862
5.19793
5.19724
5.19655
5.19618
5.19581
5.19543
5.19506
5.19552
5.19599
5.19645
5.19692
5.19852
5.20013
5.20174
5.20334
5.20633
5.20932
5.21231
5.21530
5.21622
5.21715
5.21808
5.21901
5.22059
5.22216
5.22374
5.22532
2.23323
2.23323
2.23323
2.23323
2.23323
2.23323
2.23323
2.23323
2.23323
2.23323
2.23323
2.23323
2.23323
2.23323
2.23323
2.23323
2.23323
2.23323
2.23323
2.23323
2.23323
2.23323
2.23323
2.23323
2.23323
2.23323
2.23323
2.23323
2.23323
2.23323
2.23323
2.23323
2.23323
2.23323
2.23323
2.23323
2.23323
2.23323
2.23323
2.23323
2.23323
2.23323
2.23323
2.23323
2.23323
2.23323
2.23323
2.23323
2.23323
2.23323
2.23323
2.23323
2.23323
2.23323
2.23323
2.23323
2.23323
2.23323
2.23323
2.23323
2.23323
2.23323
2.23323
2.23323
2.23323
2.23323
2.23323
2.23323
2.23323
2.23323
2.23323
2.23323
2.23323
2.22926
2.22529
2.22132
2.21735
2.20884
2.20033
2.19182
2.18331
2.17579
2.16827
2.16075
2.15322
2.14814
2.14306
2.13797
2.13289
2.12743
2.12197
2.11651
2.11105
2.10927
2.10749
2.10571
2.10393
2.10157
2.09920
2.09684
2.09448
2.09486
2.09524
2.09561
2.09599
2.09614
2.09629
2.09643
2.09658
2.09877
2.10097
2.10316
2.10536
2.10791
2.11047
2.11302
2.11558
2.11949
2.12339
2.12730
2.13120
2.13574
2.14028
2.14482
2.14936
2.15506
2.16075
2.16644
2.17213
2.17795
2.18376
2.18958
2.19540
2.20246
2.20952
2.21658
2.22364
2.23001
2.23639
2.24276
2.24914
2.25712
2.26511
2.27310
2.28109
2.28792
2.29476
2.30159
2.30843
2.31769
2.32695
2.33622
2.34548
2.35394
2.36240
2.37086
2.37932
2.39103
2.40273
2.41443
2.42614
2.43792
2.44971
2.46149
2.47328
2.48850
2.50372
2.51895
2.53417
2.55107
2.56797
2.58487
2.60177
2.62188
2.64199
2.66209
2.68220
2.70479
2.72737
2.74996
2.77255
2.79786
2.82318
2.84849
2.87380
2.90191
2.93001
2.95811
2.98622
3.01297
3.03972
3.06648
3.09323
3.12542
3.15762
3.18981
3.22200
3.24582
3.26965
3.29347
3.31730
3.34502
3.37274
3.40046
3.42819
3.45343
3.47868
3.50393
3.52917
3.54886
3.56854
3.58823
3.60792
3.63228
3.65665
3.68101
3.70538
3.71857
3.73176
3.74495
3.75814
3.77433
3.79053
3.80672
3.82292
3.83596
3.84900
3.86203
3.87507
3.88420
3.89332
3.90245
3.91157
3.92317
3.93477
3.94637
3.95797
3.96451
3.97106
3.97760
3.98414
3.99376
4.00338
4.01301
4.02263
4.02872
4.03482
4.04092
4.04702
4.05450
4.06199
4.06947
4.07696
4.08698
4.09699
4.10701
4.11703
4.13012
4.14320
4.15628
4.16937
4.18646
4.20354
4.22063
4.23772
4.25889
4.28006
4.30122
4.32239
4.34689
4.37138
4.39587
4.42037
4.44422
4.46807
4.49193
4.51578
4.54508
4.57438
4.60367
4.63297
4.65642
4.67987
4.70331
4.72676
4.75397
4.78118
4.80839
4.83559
4.86159
4.88759
4.91359
4.93959
4.95234
4.96510
4.97785
4.99061
5.00806
5.02552
5.04297
5.06043
5.07449
5.08855
5.10261
5.11666
5.12369
5.13072
5.13774
5.14477
5.15495
5.16513
5.17532
5.18550
5.19416
5.20282
5.21149
5.22015
5.22160
5.22306
5.22452
5.22597
5.22821
5.23044
5.23268
5.23491
5.23663
5.23834
5.24006
5.24177
5.24233
5.24290
5.24346
5.24402
5.24484
5.24566
5.24648
5.24730
5.24800
5.24870
5.24940
5.25010
5.25130
5.25250
5.25370
5.25491
5.25731
5.25972
5.26212
5.26452
5.26744
5.27035
5.27326
5.27617
5.27706
5.27794
5.27883
5.27972
5.28122
5.28273
5.28423
5.28573
2.16900
2.16900
2.16900
2.16900
2.16900
2.16900
2.16900
2.16900
2.16900
2.16900
2.16900
2.16900
2.16900
2.16900
2.16900
2.16900
2.16900
2.16900
2.16900
2.16900
2.16900
2.16900
2.16900
2.16900
2.16900
2.16900
2.16900
2.16900
2.16900
2.16900
2.16900
2.16900
2.16900
2.16900
2.16900
2.16900
2.16900
2.16900
2.16900
2.16900
2.16900
2.16900
2.16900
2.16900
2.16900
2.16900
2.16900
2.16900
2.16900
2.16900
2.16900
2.16900
2.16900
2.16900
2.16900
2.16900
2.16900
2.16900
2.16900
2.16900
2.16900
2.16900
2.16900
2.16900
2.16900
2.16900
2.16900
2.16900
2.16900
2.16900
2.16900
2.16900
2.16900
2.16805
2.16710
2.16614
2.16519
2.16500
2.16482
2.16463
2.16444
2.16587
2.16729
2.16871
2.17014
2.17013
2.17012
2.17012
2.17011
2.17100
2.17189
2.17278
2.17367
2.17522
2.17677
2.17831
2.17986
2.18207
2.18428
2.18650
2.18871
2.19203
2.19535
2.19868
2.20200
2.20614
2.21029
2.21444
2.21859
2.22386
2.22913
2.23440
2.23967
2.24569
2.25171
2.25774
2.26376
2.27077
2.27778
2.28480
2.29181
2.29837
2.30493
2.31149
2.31805
2.32600
2.33395
2.34189
2.34984
2.35553
2.36121
2.36690
2.37258
2.38018
2.38777
2.39536
2.40295
2.40789
2.41283
2.41777
2.42271
2.42953
2.43635
2.44317
2.44999
2.45556
2.46113
2.46669
2.47226
2.47980
2.48735
2.49489
2.50244
2.50950
2.51656
2.52362
2.53068
2.53981
2.54895
2.55808
2.56721
2.57648
2.58575
2.59502
2.60428
2.61499
2.62570
2.63642
2.64713
2.65940
2.67168
2.68396
2.69624
2.70967
2.72310
2.73654
2.74997
2.76647
2.78298
2.79948
2.81598
2.83498
2.85397
2.87297
2.89196
2.91519
2.93842
2.96165
2.98488
3.00920
3.03353
3.05785
3.08217
3.11202
3.14187
3.17171
3.20156
3.22800
3.25444
3.28088
3.30731
3.33756
3.36781
3.39806
3.42831
3.45624
3.48417
3.51210
3.54003
3.56475
3.58947
3.61419
3.63890
3.66728
3.69566
3.72404
3.75242
3.76827
3.78411
3.79996
3.81581
3.83615
3.85649
3.87684
3.89718
3.91186
3.92654
3.94122
3.95590
3.96633
3.97675
3.98718
3.99760
4.01104
4.02447
4.03790
4.05133
4.05793
4.06453
4.07113
4.07773
4.08743
4.09714
4.10684
4.11655
4.12288
4.12920
4.13553
4.14186
4.14810
4.15435
4.16059
4.16683
4.17466
4.18249
4.19032
4.19814
4.20715
4.21615
4.22515
4.23416
4.24638
4.25860
4.27083
4.28305
4.29793
4.31280
4.32767
4.34255
4.36139
4.38023
4.39908
4.41792
4.43779
4.45766
4.47753
4.49739
4.52255
4.54771
4.57286
4.59802
4.62101
4.64399
4.66698
4.68996
4.71603
4.74209
4.76815
4.79421
4.82034
4.84646
4.87258
4.89870
4.91429
4.92988
4.94548
4.96107
4.98184
5.00261
5.02339
5.04416
5.05903
5.07389
5.08876
5.10363
5.11320
5.12277
5.13234
5.14192
5.15546
5.16900
5.18254
5.19608
5.20390
5.21171
5.21952
5.22734
5.23064
5.23395
5.23726
5.24057
5.24559
5.25060
5.25562
5.26063
5.26388
5.26712
5.27036
5.27360
5.27516
5.27671
5.27826
5.27982
5.28225
5.28469
5.28712
5.28956
5.29171
5.29386
5.29601
5.29816
5.29997
5.30178
5.30359
5.30541
5.30856
5.31171
5.31487
5.31802
5.32053
5.32304
5.32554
5.32805
5.32927
5.33049
5.33171
5.33293
5.33428
5.33563
5.33698
5.33833
2.14230
2.14230
2.14230
2.14230
2.14230
2.14230
2.14230
2.14230
2.14230
2.14230
2.14230
2.14230
2.14230
2.14230
2.14230
2.14230
2.14230
2.14230
2.14230
2.14230
2.14230
2.14230
2.14230
2.14230
2.14230
2.14230
2.14230
2.14230
2.14230
2.14230
2.14230
2.14230
2.14230
2.14230
2.14230
2.14230
2.14230
2.14230
2.14230
2.14230
2.14230
2.14230
2.14230
2.14230
2.14230
2.14230
2.14230
2.14230
2.14230
2.14230
2.14230
2.14230
2.14230
2.14230
2.14230
2.14230
2.14230
2.14230
2.14230
2.14230
2.14230
2.14230
2.14230
2.14230
2.14230
2.14230
2.14230
2.14230
2.14230
2.14230
2.14230
2.14230
2.14230
2.14327
2.14423
2.14520
2.14617
2.15115
2.15613
2.16111
2.16609
2.17306
2.18002
2.18698
2.19395
2.19719
2.20044
2.20369
2.20693
2.21163
2.21633
2.22103
2.22574
2.22915
2.23256
2.23598
2.23939
2.24408
2.24876
2.25344
2.25813
2.26273
2.26734
2.27194
2.27655
2.28246
2.28838
2.29429
2.30021
2.30641
2.31261
2.31881
2.32501
2.33209
2.33917
2.34625
2.35333
2.36087
2.36841
2.37595
2.38349
2.39000
2.39652
2.40304
2.40956
2.41739
2.42521
2.43303
2.44086
2.44528
2.44971
2.45413
2.45856
2.46537
2.47217
2.47898
2.48579
2.48909
2.49239
2.49569
2.49899
2.50461
2.51023
2.51585
2.52147
2.52600
2.53054
2.53508
2.53961
2.54596
2.55231
2.55865
2.56500
2.57130
2.57760
2.58391
2.59021
2.59770
2.60519
2.61268
2.62017
2.62803
2.63590
2.64377
2.65163
2.65951
2.66738
2.67525
2.68313
2.69253
2.70194
2.71135
2.72076
2.72996
2.73916
2.74836
2.75755
2.77006
2.78257
2.79508
2.80759
2.82228
2.83698
2.85167
2.86636
2.88590
2.90545
2.92499
2.94453
2.96674
2.98895
3.01116
3.03337
3.06081
3.08825
3.11569
3.14313
3.17081
3.19849
3.22616
3.25384
3.28501
3.31618
3.34735
3.37852
3.40816
3.43781
3.46745
3.49710
3.52522
3.55335
3.58148
3.60961
3.64089
3.67216
3.70344
3.73471
3.75370
3.77269
3.79167
3.81066
3.83487
3.85907
3.88328
3.90749
3.92491
3.94232
3.95974
3.97715
3.99043
4.00371
4.01699
4.03027
4.04669
4.06310
4.07952
4.09593
4.10452
4.11311
4.12171
4.13030
4.14217
4.15403
4.16590
4.17777
4.18555
4.19333
4.20112
4.20890
4.21578
4.22266
4.22954
4.23642
4.24424
4.25205
4.25986
4.26768
4.27454
4.28139
4.28825
4.29511
4.30482
4.31453
4.32424
4.33396
4.34460
4.35525
4.36589
4.37654
4.39117
4.40579
4.42042
4.43505
4.45161
4.46817
4.48473
4.50129
4.52241
4.54354
4.56466
4.58578
4.60740
4.62903
4.65065
4.67227
4.69625
4.72023
4.74421
4.76818
4.79335
4.81852
4.84368
4.86885
4.88589
4.90293
4.91998
4.93702
4.95933
4.98163
5.00394
5.02625
5.04169
5.05714
5.07259
5.08803
5.09954
5.11105
5.12256
5.13407
5.15014
5.16621
5.18227
5.19834
5.20580
5.21325
5.22071
5.22817
5.23332
5.23848
5.24363
5.24879
5.25628
5.26377
5.27126
5.27875
5.28322
5.28768
5.29214
5.29660
5.29947
5.30233
5.30519
5.30805
5.31221
5.31636
5.32051
5.32466
5.32786
5.33105
5.33425
5.33744
5.34001
5.34257
5.34514
5.34770
5.35159
5.35548
5.35937
5.36326
5.36550
5.36773
5.36997
5.37220
5.37383
5.37546
5.37709
5.37872
5.37985
5.38098
5.38211
5.38324
2.19637
2.19637
2.19637
2.19637
2.19637
2.19637
2.19637
2.19637
2.19637
2.19637
2.19637
2.19637
2.19637
2.19637
2.19637
2.19637
2.19637
2.19637
2.19637
2.19637
2.19637
2.19637
2.19637
2.19637
2.19637
2.19637
2.19637
2.19637
2.19637
2.19637
2.19637
2.19637
2.19637
2.19637
2.19637
2.19637
2.19637
2.19637
2.19637
2.19637
2.19637
2.19637
2.19637
2.19637
2.19637
2.19637
2.19637
2.19637
2.19637
2.19637
2.19637
2.19637
2.19637
2.19637
2.19637
2.19637
2.19637
2.19637
2.19637
2.19637
2.19637
2.19637
2.19637
2.19637
2.19637
2.19637
2.19637
2.19637
2.19637
2.19637
2.19637
2.19637
2.19637
2.19706
2.19776
2.19845
2.19914
2.20292
2.20671
2.21050
2.21429
2.21986
2.22542
2.23099
2.23656
2.23940
2.24224
2.24508
2.24791
2.25128
2.25465
2.25802
2.26139
2.26377
2.26616
2.26855
2.27093
2.27390
2.27686
2.27982
2.28279
2.28546
2.28812
2.29079
2.29346
2.29683
2.30019
2.30356
2.30693
2.30997
2.31301
2.31606
2.31910
2.32270
2.32630
2.32990
2.33350
2.33670
2.33990
2.34311
2.34631
2.34893
2.35156
2.35418
2.35681
2.36005
2.36330
2.36654
2.36978
2.37079
2.37180
2.37281
2.37382
2.37738
2.38094
2.38449
2.38805
2.38919
2.39032
2.39146
2.39259
2.39681
2.40103
2.40525
2.40947
2.41315
2.41683
2.42052
2.42420
2.42996
2.43572
2.44148
2.44724
2.45356
2.45989
2.46621
2.47254
2.47958
2.48662
2.49366
2.50070
2.50874
2.51678
2.52482
2.53286
2.54054
2.54823
2.55592
2.56361
2.57293
2.58225
2.59158
2.60090
2.61012
2.61934
2.62857
2.63779
2.64987
2.66196
2.67404
2.68612
2.70020
2.71427
2.72835
2.74243
2.76041
2.77840
2.79639
2.81437
2.83521
2.85605
2.87690
2.89774
2.92282
2.94790
2.97299
2.99807
3.02472
3.05137
3.07802
3.10466
3.13404
3.16341
3.19279
3.22217
3.25205
3.28193
3.31181
3.34169
3.37052
3.39935
3.42817
3.45700
3.48939
3.52178
3.55417
3.58656
3.61008
3.63359
3.65711
3.68063
3.70864
3.73665
3.76467
3.79268
3.81540
3.83813
3.86085
3.88357
3.90317
3.92277
3.94238
3.96198
3.98411
4.00624
4.02837
4.05050
4.06509
4.07968
4.09427
4.10886
4.12725
4.14564
4.16404
4.18243
4.19407
4.20571
4.21734
4.22898
4.24012
4.25127
4.26241
4.27355
4.28539
4.29723
4.30908
4.32092
4.32900
4.33709
4.34518
4.35326
4.36467
4.37607
4.38747
4.39887
4.40906
4.41926
4.42945
4.43965
4.45263
4.46561
4.47859
4.49157
4.50609
4.52060
4.53512
4.54963
4.56687
4.58412
4.60137
4.61861
4.63709
4.65556
4.67404
4.69251
4.71253
4.73254
4.75256
4.77257
4.79465
4.81674
4.83882
4.86090
4.87665
4.89240
4.90815
4.92390
4.94419
4.96449
4.98479
5.00509
5.02065
5.03620
5.05176
5.06732
5.07956
5.09180
5.10404
5.11629
5.13323
5.15018
5.16712
5.18406
5.19213
5.20020
5.20826
5.21633
5.22333
5.23033
5.23733
5.24433
5.25370
5.26307
5.27244
5.28182
5.28688
5.29195
5.29702
5.30209
5.30690
5.31171
5.31652
5.32133
5.32742
5.33350
5.33958
5.34567
5.34909
5.35252
5.35595
5.35937
5.36298
5.36659
5.37019
5.37380
5.37840
5.38300
5.38760
5.39221
5.39442
5.39664
5.39886
5.40108
5.40328
5.40548
5.40768
5.40988
5.41065
5.41143
5.41221
5.41299
2.25019
2.25019
2.25019
2.25019
2.25019
2.25019
2.25019
2.25019
2.25019
2.25019
2.25019
2.25019
2.25019
2.25019
2.25019
2.25019
2.25019
2.25019
2.25019
2.25019
2.25019
2.25019
2.25019
2.25019
2.25019
2.25019
2.25019
2.25019
2.25019
2.25019
2.25019
2.25019
2.25019
2.25019
2.25019
2.25019
2.25019
2.25019
2.25019
2.25019
2.25019
2.25019
2.25019
2.25019
2.25019
2.25019
2.25019
2.25019
2.25019
2.25019
2.25019
2.25019
2.25019
2.25019
2.25019
2.25019
2.25019
2.25019
2.25019
2.25019
2.25019
2.25019
2.25019
2.25019
2.25019
2.25019
2.25019
2.25019
2.25019
2.25019
2.25019
2.25019
2.25019
2.25061
2.25102
2.25144
2.25186
2.25445
2.25705
2.25964
2.26223
2.26641
2.27058
2.27476
2.27893
2.28137
2.28382
2.28626
2.28870
2.29075
2.29280
2.29484
2.29689
2.29827
2.29965
2.30103
2.30241
2.30368
2.30495
2.30622
2.30749
2.30826
2.30903
2.30981
2.31058
2.31146
2.31233
2.31321
2.31408
2.31404
2.31399
2.31394
2.31390
2.31410
2.31431
2.31452
2.31473
2.31368
2.31264
2.31160
2.31055
2.30937
2.30818
2.30699
2.30580
2.30456
2.30331
2.30207
2.30083
2.29846
2.29608
2.29371
2.29134
2.29170
2.29207
2.29243
2.29280
2.29176
2.29072
2.28967
2.28863
2.29145
2.29427
2.29709
2.29991
2.30269
2.30548
2.30826
2.31104
2.31616
2.32127
2.32638
2.33149
2.33776
2.34404
2.35031
2.35658
2.36307
2.36955
2.37604
2.38252
2.39063
2.39873
2.40683
2.41494
2.42235
2.42976
2.43718
2.44459
2.45373
2.46286
2.47200
2.48113
2.49034
2.49954
2.50874
2.51794
2.52955
2.54116
2.55277
2.56438
2.57787
2.59136
2.60484
2.61833
2.63480
2.65127
2.66774
2.68421
2.70378
2.72335
2.74293
2.76250
2.78532
2.80814
2.83096
2.85378
2.87950
2.90521
2.93093
2.95665
2.98430
3.01195
3.03960
3.06724
3.09738
3.12752
3.15766
3.18780
3.21731
3.24682
3.27632
3.30583
3.33930
3.37277
3.40624
3.43971
3.46767
3.49563
3.52358
3.55154
3.58330
3.61506
3.64682
3.67857
3.70653
3.73449
3.76244
3.79040
3.81625
3.84210
3.86795
3.89380
3.92161
3.94942
3.97723
4.00504
4.02557
4.04610
4.06664
4.08717
4.11205
4.13693
4.16181
4.18669
4.20217
4.21765
4.23313
4.24861
4.26397
4.27934
4.29471
4.31008
4.32593
4.34178
4.35763
4.37348
4.38277
4.39206
4.40136
4.41065
4.42371
4.43677
4.44983
4.46289
4.47265
4.48241
4.49217
4.50193
4.51327
4.52462
4.53596
4.54731
4.55982
4.57233
4.58483
4.59734
4.61075
4.62416
4.63757
4.65098
4.66635
4.68171
4.69707
4.71244
4.72853
4.74462
4.76071
4.77679
4.79581
4.81482
4.83383
4.85285
4.86732
4.88179
4.89626
4.91074
4.92904
4.94734
4.96565
4.98395
4.99961
5.01527
5.03093
5.04660
5.05957
5.07254
5.08551
5.09849
5.11631
5.13412
5.15194
5.16976
5.17844
5.18711
5.19579
5.20446
5.21330
5.22214
5.23097
5.23981
5.25106
5.26232
5.27357
5.28483
5.29050
5.29616
5.30183
5.30750
5.31425
5.32101
5.32776
5.33451
5.34253
5.35055
5.35856
5.36658
5.37024
5.37389
5.37755
5.38121
5.38585
5.39050
5.39515
5.39979
5.40511
5.41042
5.41574
5.42105
5.42326
5.42546
5.42767
5.42987
5.43264
5.43541
5.43818
5.44095
5.44138
5.44180
5.44223
5.44266
2.30375
2.30375
2.30375
2.30375
2.30375
2.30375
2.30375
2.30375
2.30375
2.30375
2.30375
2.30375
2.30375
2.30375
2.30375
2.30375
2.30375
2.30375
2.30375
2.30375
2.30375
2.30375
2.30375
2.30375
2.30375
2.30375
2.30375
2.30375
2.30375
2.30375
2.30375
2.30375
2.30375
2.30375
2.30375
2.30375
2.30375
2.30375
2.30375
2.30375
2.30375
2.30375
2.30375
2.30375
2.30375
2.30375
2.30375
2.30375
2.30375
2.30375
2.30375
2.30375
2.30375
2.30375
2.30375
2.30375
2.30375
2.30375
2.30375
2.30375
2.30375
2.30375
2.30375
2.30375
2.30375
2.30375
2.30375
2.30375
2.30375
2.30375
2.30375
2.30375
2.30375
2.30389
2.30404
2.30419
2.30433
2.30573
2.30713
2.30853
2.30993
2.31271
2.31549
2.31827
2.32105
2.32311
2.32517
2.32723
2.32930
2.33003
2.33077
2.33151
2.33225
2.33264
2.33303
2.33342
2.33381
2.33342
2.33302
2.33263
2.33223
2.33115
2.33007
2.32899
2.32790
2.32635
2.32479
2.32323
2.32167
2.31860
2.31553
2.31247
2.30940
2.30630
2.30320
2.30011
2.29701
2.29182
2.28662
2.28142
2.27623
2.27131
2.26638
2.26146
2.25654
2.25090
2.24527
2.23963
2.23400
2.22827
2.22255
2.21682
2.21110
2.20833
2.20557
2.20280
2.20003
2.19680
2.19357
2.19034
2.18710
2.18852
2.18994
2.19136
2.19278
2.19462
2.19647
2.19831
2.20016
2.20456
2.20896
2.21336
2.21776
2.22390
2.23005
2.23619
2.24234
2.24817
2.25399
2.25982
2.26565
2.27370
2.28176
2.28982
2.29788
2.30493
2.31197
2.31902
2.32607
2.33492
2.34377
2.35262
2.36147
2.37061
2.37974
2.38887
2.39801
2.40910
2.42019
2.43128
2.44236
2.45529
2.46822
2.48115
2.49407
2.50907
2.52406
2.53906
2.55405
2.57245
2.59085
2.60925
2.62765
2.64831
2.66896
2.68961
2.71027
2.73515
2.76003
2.78492
2.80980
2.83579
2.86178
2.88776
2.91375
2.94417
2.97459
3.00500
3.03542
3.06559
3.09576
3.12593
3.15610
3.19061
3.22512
3.25963
3.29414
3.32646
3.35878
3.39109
3.42341
3.45885
3.49429
3.52973
3.56517
3.59828
3.63140
3.66451
3.69763
3.72966
3.76168
3.79371
3.82573
3.85918
3.89264
3.92609
3.95954
3.98597
4.01239
4.03882
4.06524
4.09657
4.12790
4.15922
4.19055
4.20985
4.22916
4.24846
4.26777
4.28733
4.30689
4.32646
4.34602
4.36585
4.38569
4.40552
4.42536
4.43584
4.44631
4.45679
4.46727
4.48196
4.49665
4.51134
4.52603
4.53537
4.54470
4.55404
4.56338
4.57310
4.58282
4.59254
4.60226
4.61280
4.62334
4.63388
4.64442
4.65404
4.66366
4.67328
4.68289
4.69518
4.70748
4.71977
4.73206
4.74426
4.75646
4.76866
4.78085
4.79681
4.81276
4.82872
4.84467
4.85789
4.87111
4.88432
4.89754
4.91386
4.93018
4.94650
4.96283
4.97859
4.99435
5.01011
5.02588
5.03957
5.05327
5.06697
5.08067
5.09936
5.11805
5.13674
5.15543
5.16471
5.17399
5.18328
5.19256
5.20322
5.21389
5.22456
5.23523
5.24837
5.26151
5.27465
5.28779
5.29405
5.30031
5.30657
5.31283
5.32153
5.33022
5.33891
5.34760
5.35755
5.36750
5.37745
5.38740
5.39129
5.39517
5.39906
5.40295
5.40863
5.41432
5.42000
5.42569
5.43172
5.43775
5.44378
5.44981
5.45200
5.45419
5.45638
5.45858
5.46191
5.46525
5.46859
5.47193
5.47202
5.47210
5.47219
5.47228
2.32835
2.32835
2.32835
2.32835
2.32835
2.32835
2.32835
2.32835
2.32835
2.32835
2.32835
2.32835
2.32835
2.32835
2.32835
2.32835
2.32835
2.32835
2.32835
2.32835
2.32835
2.32835
2.32835
2.32835
2.32835
2.32835
2.32835
2.32835
2.32835
2.32835
2.32835
2.32835
2.32835
2.32835
2.32835
2.32835
2.32835
2.32835
2.32835
2.32835
2.32835
2.32835
2.32835
2.32835
2.32835
2.32835
2.32835
2.32835
2.32835
2.32835
2.32835
2.32835
2.32835
2.32835
2.32835
2.32835
2.32835
2.32835
2.32835
2.32835
2.32835
2.32835
2.32835
2.32835
2.32835
2.32835
2.32835
2.32835
2.32835
2.32835
2.32835
2.32835
2.32835
2.32835
2.32835
2.32835
2.32835
2.32900
2.32964
2.33029
2.33093
2.33228
2.33363
2.33498
2.33633
2.33727
2.33821
2.33914
2.34008
2.33947
2.33885
2.33823
2.33762
2.33661
2.33560
2.33459
2.33357
2.33148
2.32939
2.32730
2.32521
2.32223
2.31926
2.31629
2.31331
2.30944
2.30556
2.30169
2.29781
2.29255
2.28728
2.28202
2.27675
2.27094
2.26514
2.25933
2.25352
2.24659
2.23966
2.23273
2.22580
2.21903
2.21225
2.20548
2.19870
2.19239
2.18608
2.17976
2.17345
2.16779
2.16212
2.15646
2.15080
2.14831
2.14582
2.14333
2.14085
2.13894
2.13704
2.13514
2.13323
2.13558
2.13792
2.14027
2.14261
2.14587
2.14913
2.15239
2.15565
2.16108
2.16651
2.17195
2.17738
2.18456
2.19173
2.19891
2.20608
2.21276
2.21944
2.22611
2.23279
2.24118
2.24957
2.25795
2.26634
2.27399
2.28164
2.28929
2.29694
2.30533
2.31372
2.32211
2.33050
2.33967
2.34884
2.35801
2.36718
2.37718
2.38719
2.39719
2.40719
2.41916
2.43112
2.44308
2.45504
2.46822
2.48140
2.49458
2.50776
2.52437
2.54097
2.55757
2.57418
2.59216
2.61015
2.62813
2.64612
2.66860
2.69108
2.71356
2.73604
2.75907
2.78210
2.80514
2.82817
2.85597
2.88377
2.91157
2.93937
2.96752
2.99567
3.02381
3.05196
3.08428
3.11661
3.14893
3.18126
3.21395
3.24665
3.27935
3.31204
3.34763
3.38322
3.41881
3.45440
3.48951
3.52463
3.55975
3.59487
3.62970
3.66453
3.69936
3.73418
3.77071
3.80724
3.84377
3.88030
3.91090
3.94150
3.97210
4.00270
4.03819
4.07367
4.10915
4.14464
4.16814
4.19163
4.21513
4.23862
4.26235
4.28607
4.30980
4.33352
4.35743
4.38134
4.40525
4.42916
4.44256
4.45595
4.46935
4.48275
4.50075
4.51875
4.53675
4.55474
4.56543
4.57612
4.58681
4.59750
4.60806
4.61863
4.62920
4.63976
4.65091
4.66205
4.67319
4.68434
4.69233
4.70032
4.70831
4.71630
4.72754
4.73878
4.75002
4.76125
4.77113
4.78101
4.79088
4.80076
4.81424
4.82773
4.84121
4.85469
4.86678
4.87886
4.89094
4.90302
4.91718
4.93135
4.94552
4.95968
4.97479
4.98989
5.00499
5.02009
5.03284
5.04558
5.05832
5.07107
5.08850
5.10593
5.12335
5.14078
5.15037
5.15996
5.16956
5.17915
5.19097
5.20279
5.21461
5.22644
5.24087
5.25530
5.26974
5.28417
5.29109
5.29801
5.30494
5.31186
5.32205
5.33223
5.34242
5.35261
5.36373
5.37485
5.38597
5.39709
5.40144
5.40580
5.41015
5.41451
5.42124
5.42797
5.43470
5.44142
5.44787
5.45431
5.46075
5.46719
5.46963
5.47206
5.47450
5.47693
5.48090
5.48486
5.48883
5.49279
5.49261
5.49243
5.49225
5.49206
2.31742
2.31742
2.31742
2.31742
2.31742
2.31742
2.31742
2.31742
2.31742
2.31742
2.31742
2.31742
2.31742
2.31742
2.31742
2.31742
2.31742
2.31742
2.31742
2.31742
2.31742
2.31742
2.31742
2.31742
2.31742
2.31742
2.31742
2.31742
2.31742
2.31742
2.31742
2.31742
2.31742
2.31742
2.31742
2.31742
2.31742
2.31742
2.31742
2.31742
2.31742
2.31742
2.31742
2.31742
2.31742
2.31742
2.31742
2.31742
2.31742
2.31742
2.31742
2.31742
2.31742
2.31742
2.31742
2.31742
2.31742
2.31742
2.31742
2.31742
2.31742
2.31742
2.31742
2.31742
2.31742
2.31742
2.31742
2.31742
2.31742
2.31742
2.31742
2.31742
2.31742
2.31742
2.31742
2.31742
2.31742
2.31782
2.31823
2.31864
2.31905
2.31895
2.31884
2.31874
2.31863
2.31757
2.31651
2.31545
2.31439
2.31237
2.31035
2.30832
2.30630
2.30338
2.30047
2.29755
2.29463
2.29078
2.28693
2.28308
2.27923
2.27428
2.26932
2.26436
2.25940
2.25328
2.24715
2.24103
2.23490
2.22834
2.22178
2.21522
2.20867
2.20075
2.19283
2.18491
2.17699
2.17112
2.16526
2.15940
2.15354
2.14709
2.14065
2.13421
2.12777
2.12518
2.12260
2.12001
2.11743
2.11595
2.11448
2.11301
2.11154
2.11342
2.11530
2.11718
2.11906
2.12278
2.12651
2.13023
2.13396
2.14006
2.14616
2.15227
2.15837
2.16592
2.17348
2.18103
2.18858
2.19722
2.20585
2.21448
2.22311
2.23277
2.24243
2.25209
2.26175
2.27119
2.28063
2.29007
2.29951
2.30878
2.31805
2.32732
2.33659
2.34608
2.35557
2.36506
2.37455
2.38235
2.39015
2.39795
2.40575
2.41510
2.42444
2.43379
2.44313
2.45138
2.45963
2.46788
2.47613
2.48654
2.49695
2.50735
2.51776
2.52861
2.53947
2.55032
2.56117
2.57502
2.58887
2.60272
2.61657
2.63112
2.64568
2.66024
2.67480
2.69283
2.71087
2.72890
2.74694
2.76539
2.78384
2.80229
2.82075
2.84248
2.86421
2.88594
2.90767
2.93065
2.95363
2.97660
2.99958
3.02600
3.05242
3.07885
3.10527
3.13376
3.16225
3.19074
3.21923
3.25092
3.28262
3.31431
3.34600
3.37950
3.41300
3.44650
3.48000
3.51374
3.54748
3.58122
3.61496
3.65158
3.68821
3.72483
3.76145
3.79422
3.82700
3.85978
3.89256
3.92951
3.96646
4.00341
4.04036
4.06846
4.09656
4.12466
4.15275
4.18060
4.20844
4.23628
4.26412
4.29220
4.32027
4.34835
4.37643
4.39480
4.41317
4.43155
4.44992
4.47322
4.49653
4.51983
4.54313
4.55726
4.57138
4.58551
4.59963
4.61397
4.62831
4.64264
4.65698
4.67174
4.68650
4.70127
4.71603
4.72494
4.73385
4.74276
4.75167
4.76422
4.77676
4.78931
4.80186
4.81126
4.82067
4.83008
4.83948
4.85119
4.86290
4.87461
4.88632
4.89740
4.90848
4.91957
4.93065
4.94245
4.95424
4.96604
4.97784
4.99139
5.00494
5.01849
5.03204
5.04183
5.05163
5.06143
5.07123
5.08487
5.09851
5.11215
5.12579
5.13533
5.14487
5.15441
5.16396
5.17613
5.18831
5.20049
5.21266
5.22768
5.24271
5.25773
5.27275
5.28041
5.28807
5.29573
5.30339
5.31456
5.32572
5.33689
5.34805
5.35943
5.37080
5.38218
5.39355
5.39866
5.40378
5.40889
5.41400
5.42178
5.42956
5.43734
5.44511
5.45161
5.45810
5.46460
5.47110
5.47407
5.47705
5.48003
5.48301
5.48766
5.49232
5.49698
5.50163
5.50127
5.50091
5.50055
5.50019
2.30474
2.30474
2.30474
2.30474
2.30474
2.30474
2.30474
2.30474
2.30474
2.30474
2.30474
2.30474
2.30474
2.30474
2.30474
2.30474
2.30474
2.30474
2.30474
2.30474
2.30474
2.30474
2.30474
2.30474
2.30474
2.30474
2.30474
2.30474
2.30474
2.30474
2.30474
2.30474
2.30474
2.30474
2.30474
2.30474
2.30474
2.30474
2.30474
2.30474
2.30474
2.30474
2.30474
2.30474
2.30474
2.30474
2.30474
2.30474
2.30474
2.30474
2.30474
2.30474
2.30474
2.30474
2.30474
2.30474
2.30474
2.30474
2.30474
2.30474
2.30474
2.30474
2.30474
2.30474
2.30474
2.30474
2.30474
2.30474
2.30474
2.30474
2.30474
2.30474
2.30474
2.30474
2.30474
2.30474
2.30474
2.30491
2.30508
2.30526
2.30543
2.30389
2.30235
2.30081
2.29927
2.29625
2.29322
2.29020
2.28718
2.28376
2.28035
2.27694
2.27353
2.26871
2.26390
2.25909
2.25428
2.24867
2.24307
2.23746
2.23185
2.22489
2.21793
2.21097
2.20401
2.19561
2.18721
2.17881
2.17041
2.16253
2.15465
2.14678
2.13890
2.12882
2.11875
2.10868
2.09860
2.09382
2.08903
2.08425
2.07947
2.07337
2.06727
2.06118
2.05508
2.05631
2.05754
2.05877
2.06000
2.06284
2.06569
2.06853
2.07138
2.07773
2.08407
2.09042
2.09677
2.10625
2.11574
2.12522
2.13470
2.14463
2.15457
2.16450
2.17444
2.18634
2.19824
2.21015
2.22205
2.23392
2.24579
2.25767
2.26954
2.28168
2.29383
2.30598
2.31813
2.33035
2.34257
2.35480
2.36702
2.37717
2.38733
2.39748
2.40764
2.41897
2.43031
2.44164
2.45297
2.46017
2.46737
2.47457
2.48177
2.49126
2.50075
2.51024
2.51973
2.52616
2.53260
2.53903
2.54547
2.55422
2.56296
2.57170
2.58045
2.58887
2.59729
2.60571
2.61413
2.62506
2.63599
2.64693
2.65786
2.66889
2.67992
2.69095
2.70198
2.71545
2.72893
2.74241
2.75588
2.76973
2.78358
2.79742
2.81127
2.82695
2.84264
2.85832
2.87401
2.89187
2.90974
2.92760
2.94547
2.96612
2.98677
3.00741
3.02806
3.05246
3.07686
3.10125
3.12565
3.15360
3.18154
3.20949
3.23744
3.26942
3.30140
3.33338
3.36537
3.39811
3.43085
3.46360
3.49634
3.53310
3.56987
3.60663
3.64340
3.67836
3.71332
3.74828
3.78324
3.82166
3.86007
3.89849
3.93690
3.96955
4.00221
4.03486
4.06751
4.09941
4.13132
4.16322
4.19513
4.22733
4.25953
4.29173
4.32394
4.34724
4.37054
4.39384
4.41713
4.44570
4.47426
4.50282
4.53138
4.54893
4.56647
4.58402
4.60157
4.61965
4.63773
4.65581
4.67389
4.69227
4.71064
4.72902
4.74740
4.75722
4.76704
4.77687
4.78669
4.80054
4.81438
4.82823
4.84208
4.85103
4.85999
4.86894
4.87789
4.88784
4.89779
4.90773
4.91768
4.92777
4.93787
4.94796
4.95806
4.96750
4.97694
4.98639
4.99583
5.00784
5.01985
5.03185
5.04386
5.05073
5.05760
5.06447
5.07134
5.08120
5.09107
5.10094
5.11081
5.12029
5.12978
5.13926
5.14875
5.16128
5.17380
5.18633
5.19886
5.21447
5.23008
5.24569
5.26130
5.26970
5.27810
5.28650
5.29490
5.30703
5.31917
5.33131
5.34345
5.35508
5.36672
5.37835
5.38999
5.39585
5.40172
5.40759
5.41346
5.42228
5.43111
5.43993
5.44876
5.45531
5.46186
5.46841
5.47497
5.47849
5.48201
5.48553
5.48905
5.49440
5.49975
5.50510
5.51045
5.50991
5.50937
5.50883
5.50829
2.25226
2.25226
2.25226
2.25226
2.25226
2.25226
2.25226
2.25226
2.25226
2.25226
2.25226
2.25226
2.25226
2.25226
2.25226
2.25226
2.25226
2.25226
2.25226
2.25226
2.25226
2.25226
2.25226
2.25226
2.25226
2.25226
2.25226
2.25226
2.25226
2.25226
2.25226
2.25226
2.25226
2.25226
2.25226
2.25226
2.25226
2.25226
2.25226
2.25226
2.25226
2.25226
2.25226
2.25226
2.25226
2.25226
2.25226
2.25226
2.25226
2.25226
2.25226
2.25226
2.25226
2.25226
2.25226
2.25226
2.25226
2.25226
2.25226
2.25226
2.25226
2.25226
2.25226
2.25226
2.25226
2.25226
2.25226
2.25226
2.25226
2.25226
2.25226
2.25226
2.25226
2.25226
2.25226
2.25226
2.25226
2.25226
2.25226
2.25226
2.25226
2.24997
2.24769
2.24541
2.24313
2.23915
2.23518
2.23121
2.22724
2.22327
2.21930
2.21533
2.21135
2.20593
2.20050
2.19507
2.18964
2.18360
2.17756
2.17152
2.16548
2.15810
2.15071
2.14332
2.13593
2.12712
2.11830
2.10949
2.10068
2.09306
2.08544
2.07782
2.07020
2.06019
2.05018
2.04016
2.03015
2.02740
2.02466
2.02191
2.01916
2.01520
2.01124
2.00728
2.00332
2.00874
2.01417
2.01960
2.02503
2.03292
2.04081
2.04870
2.05659
2.06790
2.07920
2.09051
2.10182
2.11680
2.13177
2.14675
2.16173
2.17599
2.19026
2.20453
2.21880
2.23418
2.24957
2.26496
2.28034
2.29547
2.31059
2.32572
2.34085
2.35438
2.36792
2.38146
2.39499
2.40925
2.42351
2.43777
2.45203
2.46245
2.47286
2.48328
2.49369
2.50592
2.51815
2.53038
2.54261
2.54921
2.55581
2.56241
2.56901
2.57800
2.58700
2.59599
2.60499
2.60981
2.61463
2.61946
2.62428
2.63091
2.63755
2.64418
2.65082
2.65660
2.66238
2.66817
2.67395
2.68139
2.68882
2.69626
2.70370
2.71078
2.71785
2.72493
2.73201
2.74071
2.74942
2.75813
2.76684
2.77575
2.78466
2.79357
2.80248
2.81264
2.82279
2.83295
2.84310
2.85583
2.86856
2.88128
2.89401
2.90943
2.92485
2.94027
2.95568
2.97588
2.99607
3.01626
3.03645
3.06062
3.08479
3.10896
3.13312
3.16289
3.19266
3.22242
3.25219
3.28349
3.31480
3.34610
3.37740
3.41357
3.44974
3.48590
3.52207
3.55844
3.59481
3.63118
3.66755
3.70702
3.74649
3.78596
3.82543
3.86197
3.89850
3.93503
3.97156
4.00692
4.04229
4.07765
4.11302
4.14903
4.18504
4.22105
4.25707
4.28483
4.31260
4.34037
4.36814
4.40115
4.43417
4.46718
4.50020
4.52144
4.54267
4.56391
4.58515
4.60687
4.62858
4.65030
4.67202
4.69399
4.71596
4.73793
4.75990
4.77125
4.78260
4.79394
4.80529
4.82108
4.83686
4.85264
4.86843
4.87778
4.88714
4.89649
4.90585
4.91508
4.92431
4.93355
4.94278
4.95285
4.96292
4.97300
4.98307
4.99080
4.99853
5.00626
5.01399
5.02489
5.03578
5.04668
5.05758
5.06234
5.06711
5.07188
5.07664
5.08333
5.09002
5.09671
5.10340
5.11232
5.12124
5.13015
5.13907
5.15139
5.16372
5.17604
5.18837
5.20400
5.21963
5.23526
5.25090
5.25972
5.26855
5.27738
5.28621
5.29882
5.31143
5.32404
5.33665
5.34841
5.36017
5.37193
5.38369
5.39015
5.39661
5.40308
5.40954
5.41918
5.42882
5.43847
5.44811
5.45474
5.46137
5.46800
5.47463
5.47867
5.48271
5.48674
5.49078
5.49672
5.50267
5.50861
5.51456
5.51396
5.51336
5.51276
5.51216
2.09855
2.09855
2.09855
2.09855
2.09855
2.09855
2.09855
2.09855
2.09855
2.09855
2.09855
2.09855
2.09855
2.09855
2.09855
2.09855
2.09855
2.09855
2.09855
2.09855
2.09855
2.09855
2.09855
2.09855
2.09855
2.09855
2.09855
2.09855
2.09855
2.09855
2.09855
2.09855
2.09855
2.09855
2.09855
2.09855
2.09855
2.09855
2.09855
2.09855
2.09855
2.09855
2.09855
2.09855
2.09855
2.09855
2.09855
2.09855
2.09855
2.09855
2.09855
2.09855
2.09855
2.09855
2.09855
2.09855
2.09855
2.09855
2.09855
2.09855
2.09855
2.09855
2.09855
2.09855
2.09855
2.09855
2.09855
2.09855
2.09855
2.09855
2.09855
2.09855
2.09855
2.09855
2.09855
2.09855
2.09855
2.09855
2.09855
2.09855
2.09855
2.09718
2.09580
2.09442
2.09305
2.09056
2.08807
2.08558
2.08308
2.08060
2.07812
2.07564
2.07316
2.07028
2.06739
2.06451
2.06163
2.05851
2.05538
2.05226
2.04913
2.04533
2.04152
2.03772
2.03391
2.02948
2.02505
2.02061
2.01618
2.01294
2.00970
2.00646
2.00322
1.99906
1.99490
1.99074
1.98658
1.98843
1.99029
1.99214
1.99400
1.99681
1.99962
2.00242
2.00523
2.01580
2.02637
2.03694
2.04751
2.06208
2.07664
2.09121
2.10578
2.12311
2.14043
2.15776
2.17509
2.19463
2.21418
2.23373
2.25327
2.27296
2.29266
2.31235
2.33204
2.34864
2.36524
2.38185
2.39845
2.41679
2.43513
2.45347
2.47181
2.48403
2.49625
2.50847
2.52069
2.53511
2.54954
2.56397
2.57839
2.58756
2.59672
2.60589
2.61505
2.62588
2.63670
2.64753
2.65836
2.66445
2.67053
2.67662
2.68270
2.68977
2.69683
2.70390
2.71096
2.71487
2.71879
2.72270
2.72661
2.73039
2.73417
2.73795
2.74173
2.74472
2.74771
2.75070
2.75369
2.75673
2.75976
2.76279
2.76583
2.76824
2.77066
2.77308
2.77550
2.77931
2.78311
2.78691
2.79071
2.79401
2.79731
2.80060
2.80390
2.80978
2.81566
2.82155
2.82743
2.83480
2.84217
2.84954
2.85691
2.86805
2.87919
2.89034
2.90148
2.91681
2.93214
2.94747
2.96280
2.98260
3.00240
3.02220
3.04200
3.06742
3.09284
3.11825
3.14367
3.17208
3.20050
3.22891
3.25732
3.29084
3.32435
3.35786
3.39137
3.42712
3.46288
3.49864
3.53440
3.57389
3.61337
3.65286
3.69235
3.73119
3.77003
3.80887
3.84770
3.88517
3.92264
3.96011
3.99757
4.03671
4.07584
4.11497
4.15410
4.18534
4.21658
4.24782
4.27906
4.31466
4.35026
4.38586
4.42146
4.44709
4.47272
4.49835
4.52398
4.54911
4.57424
4.59937
4.62449
4.65003
4.67558
4.70112
4.72666
4.74104
4.75542
4.76980
4.78417
4.80347
4.82277
4.84206
4.86136
4.87318
4.88499
4.89681
4.90863
4.91970
4.93078
4.94185
4.95292
4.96533
4.97773
4.99014
5.00255
5.01011
5.01768
5.02525
5.03281
5.04363
5.05445
5.06527
5.07609
5.08076
5.08544
5.09011
5.09479
5.09972
5.10466
5.10960
5.11453
5.12166
5.12878
5.13591
5.14303
5.15378
5.16452
5.17527
5.18602
5.20028
5.21454
5.22880
5.24306
5.25157
5.26008
5.26859
5.27710
5.28895
5.30080
5.31265
5.32450
5.33606
5.34761
5.35917
5.37072
5.37739
5.38405
5.39071
5.39737
5.40728
5.41718
5.42708
5.43698
5.44374
5.45049
5.45725
5.46400
5.46850
5.47299
5.47748
5.48198
5.48827
5.49455
5.50084
5.50712
5.50675
5.50638
5.50601
5.50564
1.93421
1.93421
1.93421
1.93421
1.93421
1.93421
1.93421
1.93421
1.93421
1.93421
1.93421
1.93421
1.93421
1.93421
1.93421
1.93421
1.93421
1.93421
1.93421
1.93421
1.93421
1.93421
1.93421
1.93421
1.93421
1.93421
1.93421
1.93421
1.93421
1.93421
1.93421
1.93421
1.93421
1.93421
1.93421
1.93421
1.93421
1.93421
1.93421
1.93421
1.93421
1.93421
1.93421
1.93421
1.93421
1.93421
1.93421
1.93421
1.93421
1.93421
1.93421
1.93421
1.93421
1.93421
1.93421
1.93421
1.93421
1.93421
1.93421
1.93421
1.93421
1.93421
1.93421
1.93421
1.93421
1.93421
1.93421
1.93421
1.93421
1.93421
1.93421
1.93421
1.93421
1.93421
1.93421
1.93421
1.93421
1.93421
1.93421
1.93421
1.93421
1.93373
1.93324
1.93276
1.93228
1.93128
1.93027
1.92927
1.92827
1.92733
1.92640
1.92546
1.92452
1.92426
1.92400
1.92374
1.92347
1.92340
1.92332
1.92324
1.92317
1.92310
1.92303
1.92296
1.92289
1.92309
1.92328
1.92347
1.92367
1.92508
1.92649
1.92790
1.92931
1.93139
1.93347
1.93555
1.93762
1.94444
1.95125
1.95806
1.96488
1.97487
1.98486
1.99485
2.00484
2.02082
2.03680
2.05278
2.06876
2.09017
2.11158
2.13299
2.15439
2.17784
2.20130
2.22475
2.24820
2.27229
2.29639
2.32049
2.34459
2.36972
2.39485
2.41998
2.44511
2.46290
2.48070
2.49849
2.51628
2.53784
2.55941
2.58097
2.60253
2.61345
2.62436
2.63528
2.64620
2.66081
2.67543
2.69004
2.70465
2.71262
2.72059
2.72856
2.73653
2.74601
2.75548
2.76496
2.77443
2.78010
2.78576
2.79142
2.79708
2.80232
2.80755
2.81279
2.81803
2.82117
2.82431
2.82746
2.83060
2.83172
2.83284
2.83396
2.83508
2.83547
2.83587
2.83626
2.83666
2.83555
2.83445
2.83335
2.83224
2.83021
2.82818
2.82615
2.82412
2.82324
2.82235
2.82147
2.82058
2.81839
2.81619
2.81399
2.81180
2.81346
2.81512
2.81678
2.81844
2.82040
2.82236
2.82431
2.82627
2.83298
2.83969
2.84639
2.85310
2.86332
2.87355
2.88377
2.89399
2.90913
2.92427
2.93940
2.95454
2.97530
2.99607
3.01684
3.03760
3.06286
3.08811
3.11336
3.13862
3.16927
3.19992
3.23057
3.26122
3.29623
3.33124
3.36626
3.40127
3.44071
3.48015
3.51959
3.55902
3.60014
3.64125
3.68236
3.72347
3.76307
3.80266
3.84225
3.88185
3.92410
3.96636
4.00861
4.05087
4.08561
4.12036
4.15511
4.18986
4.22807
4.26629
4.30450
4.34272
4.37274
4.40275
4.43277
4.46279
4.49133
4.51986
4.54840
4.57694
4.60605
4.63516
4.66427
4.69338
4.71078
4.72818
4.74558
4.76298
4.78577
4.80857
4.83136
4.85416
4.86844
4.88272
4.89700
4.91129
4.92419
4.93710
4.95000
4.96291
4.97765
4.99239
5.00713
5.02188
5.02928
5.03668
5.04408
5.05148
5.06222
5.07295
5.08368
5.09441
5.09901
5.10361
5.10821
5.11281
5.11600
5.11919
5.12238
5.12557
5.13091
5.13625
5.14158
5.14692
5.15610
5.16528
5.17446
5.18363
5.19652
5.20940
5.22228
5.23517
5.24337
5.25157
5.25977
5.26798
5.27907
5.29016
5.30126
5.31235
5.32370
5.33505
5.34640
5.35775
5.36461
5.37147
5.37834
5.38520
5.39536
5.40552
5.41569
5.42585
5.43273
5.43961
5.44649
5.45337
5.45832
5.46327
5.46822
5.47317
5.47980
5.48643
5.49306
5.49969
5.49955
5.49941
5.49927
5.49912
1.81115
1.81115
1.81115
1.81115
1.81115
1.81115
1.81115
1.81115
1.81115
1.81115
1.81115
1.81115
1.81115
1.81115
1.81115
1.81115
1.81115
1.81115
1.81115
1.81115
1.81115
1.81115
1.81115
1.81115
1.81115
1.81115
1.81115
1.81115
1.81115
1.81115
1.81115
1.81115
1.81115
1.81115
1.81115
1.81115
1.81115
1.81115
1.81115
1.81115
1.81115
1.81115
1.81115
1.81115
1.81115
1.81115
1.81115
1.81115
1.81115
1.81115
1.81115
1.81115
1.81115
1.81115
1.81115
1.81115
1.81115
1.81115
1.81115
1.81115
1.81115
1.81115
1.81115
1.81115
1.81115
1.81115
1.81115
1.81115
1.81115
1.81115
1.81115
1.81115
1.81115
1.81115
1.81115
1.81115
1.81115
1.81115
1.81115
1.81115
1.81115
1.81106
1.81098
1.81089
1.81081
1.81225
1.81369
1.81513
1.81657
1.81892
1.82127
1.82363
1.82598
1.82972
1.83347
1.83721
1.84095
1.84609
1.85123
1.85637
1.86151
1.86652
1.87154
1.87655
1.88156
1.88742
1.89328
1.89914
1.90500
1.91160
1.91820
1.92481
1.93141
1.93852
1.94563
1.95274
1.95985
1.97046
1.98106
1.99166
2.00227
2.01498
2.02769
2.04040
2.05311
2.07039
2.08767
2.10495
2.12223
2.14227
2.16230
2.18234
2.20237
2.22456
2.24675
2.26894
2.29113
2.31138
2.33163
2.35189
2.37214
2.39382
2.41549
2.43717
2.45884
2.47296
2.48707
2.50119
2.51530
2.53260
2.54989
2.56719
2.58448
2.59237
2.60025
2.60814
2.61602
2.62678
2.63755
2.64831
2.65907
2.66447
2.66987
2.67528
2.68068
2.68699
2.69331
2.69962
2.70594
2.70961
2.71329
2.71696
2.72064
2.72363
2.72661
2.72960
2.73259
2.73417
2.73575
2.73733
2.73891
2.73868
2.73844
2.73821
2.73797
2.73702
2.73607
2.73512
2.73416
2.73210
2.73003
2.72796
2.72590
2.72304
2.72017
2.71731
2.71445
2.71312
2.71178
2.71045
2.70911
2.70717
2.70523
2.70329
2.70135
2.70358
2.70581
2.70803
2.71026
2.71352
2.71678
2.72004
2.72330
2.73127
2.73925
2.74723
2.75520
2.76641
2.77762
2.78883
2.80004
2.81603
2.83202
2.84802
2.86401
2.88428
2.90456
2.92484
2.94511
2.97044
2.99576
3.02109
3.04642
3.07533
3.10424
3.13316
3.16207
3.19623
3.23039
3.26454
3.29870
3.33659
3.37448
3.41236
3.45025
3.49113
3.53200
3.57288
3.61375
3.65336
3.69298
3.73259
3.77220
3.81465
3.85710
3.89955
3.94200
3.97862
4.01524
4.05187
4.08849
4.12727
4.16604
4.20482
4.24360
4.27683
4.31006
4.34329
4.37652
4.40705
4.43758
4.46811
4.49863
4.53087
4.56310
4.59534
4.62757
4.64806
4.66854
4.68902
4.70951
4.73552
4.76153
4.78754
4.81355
4.83111
4.84866
4.86621
4.88376
4.89934
4.91491
4.93048
4.94606
4.96410
4.98214
5.00018
5.01822
5.02649
5.03476
5.04302
5.05129
5.06318
5.07508
5.08698
5.09887
5.10466
5.11044
5.11623
5.12202
5.12470
5.12739
5.13008
5.13277
5.13743
5.14209
5.14675
5.15141
5.15930
5.16719
5.17507
5.18296
5.19439
5.20582
5.21725
5.22867
5.23650
5.24433
5.25216
5.25999
5.26991
5.27983
5.28976
5.29968
5.31047
5.32126
5.33205
5.34284
5.34956
5.35628
5.36299
5.36971
5.37966
5.38961
5.39956
5.40951
5.41652
5.42353
5.43055
5.43756
5.44282
5.44809
5.45336
5.45862
5.46559
5.47255
5.47952
5.48648
5.48654
5.48659
5.48664
5.48669
1.71878
1.71878
1.71878
1.71878
1.71878
1.71878
1.71878
1.71878
1.71878
1.71878
1.71878
1.71878
1.71878
1.71878
1.71878
1.71878
1.71878
1.71878
1.71878
1.71878
1.71878
1.71878
1.71878
1.71878
1.71878
1.71878
1.71878
1.71878
1.71878
1.71878
1.71878
1.71878
1.71878
1.71878
1.71878
1.71878
1.71878
1.71878
1.71878
1.71878
1.71878
1.71878
1.71878
1.71878
1.71878
1.71878
1.71878
1.71878
1.71878
1.71878
1.71878
1.71878
1.71878
1.71878
1.71878
1.71878
1.71878
1.71878
1.71878
1.71878
1.71878
1.71878
1.71878
1.71878
1.71878
1.71878
1.71878
1.71878
1.71878
1.71878
1.71878
1.71878
1.71878
1.71878
1.71878
1.71878
1.71878
1.71878
1.71878
1.71878
1.71878
1.71877
1.71875
1.71874
1.71872
1.72318
1.72764
1.73209
1.73655
1.74324
1.74993
1.75661
1.76330
1.77187
1.78043
1.78900
1.79756
1.80917
1.82079
1.83240
1.84401
1.85486
1.86570
1.87655
1.88739
1.89938
1.91137
1.92336
1.93535
1.94729
1.95923
1.97117
1.98311
1.99417
2.00523
2.01629
2.02735
2.04069
2.05404
2.06738
2.08073
2.09294
2.10515
2.11735
2.12956
2.14529
2.16102
2.17675
2.19247
2.20570
2.21893
2.23216
2.24539
2.26153
2.27768
2.29383
2.30998
2.32102
2.33206
2.34310
2.35413
2.36668
2.37922
2.39176
2.40430
2.41167
2.41904
2.42640
2.43377
2.44201
2.45025
2.45849
2.46673
2.47049
2.47424
2.47800
2.48175
2.48606
2.49037
2.49469
2.49900
2.50091
2.50283
2.50474
2.50666
2.50861
2.51056
2.51251
2.51446
2.51508
2.51570
2.51632
2.51694
2.51736
2.51777
2.51819
2.51860
2.51803
2.51746
2.51689
2.51632
2.51551
2.51470
2.51389
2.51308
2.51153
2.50999
2.50844
2.50690
2.50586
2.50481
2.50377
2.50273
2.50138
2.50004
2.49869
2.49735
2.49830
2.49925
2.50020
2.50115
2.50327
2.50539
2.50751
2.50963
2.51562
2.52160
2.52758
2.53356
2.54263
2.55169
2.56076
2.56982
2.58295
2.59608
2.60920
2.62233
2.63870
2.65506
2.67143
2.68779
2.70846
2.72913
2.74980
2.77046
2.79316
2.81586
2.83856
2.86125
2.88895
2.91664
2.94433
2.97202
3.00006
3.02811
3.05615
3.08419
3.11751
3.15084
3.18416
3.21749
3.25288
3.28828
3.32367
3.35907
3.39808
3.43710
3.47611
3.51512
3.55335
3.59157
3.62979
3.66802
3.70874
3.74946
3.79017
3.83089
3.86827
3.90564
3.94301
3.98039
4.01835
4.05631
4.09427
4.13223
4.16787
4.20351
4.23914
4.27478
4.30636
4.33794
4.36953
4.40111
4.43613
4.47115
4.50618
4.54120
4.56481
4.58841
4.61202
4.63562
4.66466
4.69370
4.72274
4.75178
4.77311
4.79443
4.81576
4.83708
4.85585
4.87462
4.89339
4.91216
4.93411
4.95606
4.97802
4.99997
5.00975
5.01953
5.02931
5.03909
5.05295
5.06680
5.08066
5.09451
5.10228
5.11005
5.11783
5.12560
5.12857
5.13154
5.13451
5.13748
5.14217
5.14687
5.15156
5.15625
5.16303
5.16981
5.17658
5.18336
5.19329
5.20322
5.21315
5.22309
5.23050
5.23791
5.24532
5.25273
5.26121
5.26970
5.27819
5.28667
5.29668
5.30669
5.31670
5.32671
5.33306
5.33941
5.34576
5.35212
5.36155
5.37099
5.38043
5.38986
5.39701
5.40417
5.41132
5.41847
5.42396
5.42945
5.43494
5.44043
5.44772
5.45502
5.46231
5.46960
5.46983
5.47005
5.47028
5.47050
1.65866
1.65866
1.65866
1.65866
1.65866
1.65866
1.65866
1.65866
1.65866
1.65866
1.65866
1.65866
1.65866
1.65866
1.65866
1.65866
1.65866
1.65866
1.65866
1.65866
1.65866
1.65866
1.65866
1.65866
1.65866
1.65866
1.65866
1.65866
1.65866
1.65866
1.65866
1.65866
1.65866
1.65866
1.65866
1.65866
1.65866
1.65866
1.65866
1.65866
1.65866
1.65866
1.65866
1.65866
1.65866
1.65866
1.65866
1.65866
1.65866
1.65866
1.65866
1.65866
1.65866
1.65866
1.65866
1.65866
1.65866
1.65866
1.65866
1.65866
1.65866
1.65866
1.65866
1.65866
1.65866
1.65866
1.65866
1.65866
1.65866
1.65866
1.65866
1.65866
1.65866
1.65866
1.65866
1.65866
1.65866
1.65866
1.65866
1.65866
1.65866
1.65868
1.65870
1.65872
1.65874
1.66444
1.67014
1.67584
1.68154
1.69004
1.69853
1.70703
1.71552
1.72619
1.73685
1.74752
1.75818
1.77293
1.78768
1.80243
1.81717
1.83117
1.84517
1.85917
1.87316
1.88837
1.90358
1.91878
1.93399
1.94911
1.96422
1.97934
1.99446
2.00748
2.02050
2.03353
2.04655
2.06132
2.07610
2.09087
2.10564
2.11697
2.12829
2.13962
2.15094
2.16514
2.17934
2.19354
2.20774
2.21600
2.22427
2.23253
2.24079
2.25213
2.26346
2.27480
2.28613
2.29081
2.29549
2.30017
2.30485
2.31056
2.31628
2.32199
2.32771
2.33038
2.33306
2.33574
2.33842
2.34012
2.34183
2.34353
2.34523
2.34609
2.34694
2.34780
2.34865
2.34832
2.34798
2.34765
2.34731
2.34664
2.34597
2.34531
2.34464
2.34330
2.34197
2.34063
2.33930
2.33740
2.33550
2.33360
2.33170
2.33004
2.32838
2.32673
2.32507
2.32258
2.32010
2.31761
2.31512
2.31382
2.31253
2.31123
2.30993
2.30822
2.30650
2.30479
2.30308
2.30305
2.30302
2.30299
2.30296
2.30339
2.30383
2.30426
2.30470
2.30773
2.31076
2.31379
2.31682
2.32211
2.32740
2.33269
2.33799
2.34667
2.35535
2.36403
2.37272
2.38534
2.39796
2.41058
2.42321
2.43940
2.45560
2.47180
2.48799
2.50713
2.52628
2.54542
2.56456
2.58778
2.61101
2.63423
2.65745
2.68133
2.70521
2.72909
2.75297
2.78179
2.81062
2.83945
2.86828
2.89564
2.92300
2.95036
2.97772
3.01013
3.04255
3.07496
3.10738
3.14074
3.17410
3.20746
3.24082
3.27788
3.31495
3.35202
3.38909
3.42608
3.46307
3.50006
3.53705
3.57597
3.61489
3.65381
3.69274
3.73086
3.76897
3.80709
3.84521
3.88318
3.92115
3.95912
3.99709
4.03541
4.07373
4.11205
4.15037
4.18422
4.21806
4.25190
4.28575
4.32389
4.36203
4.40017
4.43831
4.46590
4.49348
4.52106
4.54865
4.58087
4.61310
4.64533
4.67755
4.70303
4.72851
4.75398
4.77946
4.80139
4.82332
4.84525
4.86718
4.89306
4.91895
4.94483
4.97071
4.98163
4.99254
5.00345
5.01437
5.02955
5.04473
5.05991
5.07509
5.08497
5.09485
5.10473
5.11461
5.11893
5.12325
5.12758
5.13190
5.13819
5.14449
5.15078
5.15707
5.16306
5.16905
5.17504
5.18102
5.18978
5.19854
5.20730
5.21606
5.22319
5.23032
5.23746
5.24459
5.25174
5.25889
5.26604
5.27319
5.28239
5.29160
5.30080
5.31001
5.31594
5.32186
5.32779
5.33372
5.34255
5.35138
5.36022
5.36905
5.37629
5.38352
5.39076
5.39800
5.40364
5.40928
5.41492
5.42056
5.42816
5.43575
5.44335
5.45095
5.45129
5.45164
5.45199
5.45234
1.67759
1.67759
1.67759
1.67759
1.67759
1.67759
1.67759
1.67759
1.67759
1.67759
1.67759
1.67759
1.67759
1.67759
1.67759
1.67759
1.67759
1.67759
1.67759
1.67759
1.67759
1.67759
1.67759
1.67759
1.67759
1.67759
1.67759
1.67759
1.67759
1.67759
1.67759
1.67759
1.67759
1.67759
1.67759
1.67759
1.67759
1.67759
1.67759
1.67759
1.67759
1.67759
1.67759
1.67759
1.67759
1.67759
1.67759
1.67759
1.67759
1.67759
1.67759
1.67759
1.67759
1.67759
1.67759
1.67759
1.67759
1.67759
1.67759
1.67759
1.67759
1.67759
1.67759
1.67759
1.67759
1.67759
1.67759
1.67759
1.67759
1.67759
1.67759
1.67759
1.67759
1.67759
1.67759
1.67759
1.67759
1.67759
1.67759
1.67759
1.67759
1.67760
1.67760
1.67761
1.67762
1.68032
1.68301
1.68571
1.68841
1.69263
1.69684
1.70106
1.70528
1.71147
1.71765
1.72383
1.73002
1.73988
1.74974
1.75961
1.76947
1.78013
1.79079
1.80144
1.81210
1.82355
1.83501
1.84646
1.85792
1.87106
1.88421
1.89736
1.91050
1.92087
1.93123
1.94160
1.95197
1.96517
1.97838
1.99159
2.00479
2.01467
2.02454
2.03441
2.04428
2.05712
2.06997
2.08281
2.09566
2.10368
2.11171
2.11973
2.12776
2.13721
2.14667
2.15612
2.16557
2.17089
2.17620
2.18152
2.18683
2.19131
2.19578
2.20026
2.20473
2.20772
2.21070
2.21369
2.21668
2.21804
2.21940
2.22077
2.22213
2.22314
2.22415
2.22516
2.22616
2.22568
2.22520
2.22472
2.22423
2.22337
2.22250
2.22163
2.22077
2.21894
2.21712
2.21529
2.21347
2.21057
2.20767
2.20477
2.20187
2.19950
2.19713
2.19476
2.19239
2.18878
2.18517
2.18155
2.17794
2.17639
2.17485
2.17330
2.17175
2.17089
2.17003
2.16917
2.16831
2.16916
2.17000
2.17084
2.17169
2.17423
2.17678
2.17933
2.18187
2.18621
2.19054
2.19488
2.19921
2.20500
2.21080
2.21659
2.22238
2.23084
2.23930
2.24776
2.25622
2.26645
2.27668
2.28691
2.29713
2.31097
2.32480
2.33864
2.35247
2.36819
2.38390
2.39962
2.41534
2.43558
2.45582
2.47606
2.49630
2.51804
2.53978
2.56153
2.58327
2.60994
2.63662
2.66330
2.68998
2.71696
2.74394
2.77092
2.79790
2.82910
2.86029
2.89149
2.92269
2.95515
2.98761
3.02007
3.05253
3.08753
3.12253
3.15753
3.19253
3.22879
3.26506
3.30133
3.33760
3.37470
3.41181
3.44892
3.48603
3.52504
3.56405
3.60306
3.64207
3.68220
3.72233
3.76246
3.80259
3.84439
3.88620
3.92800
3.96981
4.00895
4.04809
4.08723
4.12637
4.16855
4.21074
4.25292
4.29511
4.32875
4.36240
4.39605
4.42969
4.46552
4.50135
4.53718
4.57301
4.60358
4.63414
4.66471
4.69527
4.72029
4.74531
4.77034
4.79536
4.82520
4.85505
4.88490
4.91474
4.92589
4.93703
4.94818
4.95932
4.97431
4.98930
5.00429
5.01927
5.03154
5.04380
5.05606
5.06833
5.07660
5.08488
5.09315
5.10142
5.11311
5.12479
5.13648
5.14816
5.15415
5.16015
5.16614
5.17213
5.18048
5.18884
5.19720
5.20555
5.21276
5.21996
5.22716
5.23437
5.24041
5.24645
5.25249
5.25853
5.26688
5.27523
5.28358
5.29192
5.29729
5.30265
5.30801
5.31337
5.32137
5.32937
5.33737
5.34537
5.35257
5.35976
5.36696
5.37416
5.37977
5.38538
5.39099
5.39661
5.40444
5.41228
5.42012
5.42795
5.42830
5.42865
5.42901
5.42936
1.69408
1.69408
1.69408
1.69408
1.69408
1.69408
1.69408
1.69408
1.69408
1.69408
1.69408
1.69408
1.69408
1.69408
1.69408
1.69408
1.69408
1.69408
1.69408
1.69408
1.69408
1.69408
1.69408
1.69408
1.69408
1.69408
1.69408
1.69408
1.69408
1.69408
1.69408
1.69408
1.69408
1.69408
1.69408
1.69408
1.69408
1.69408
1.69408
1.69408
1.69408
1.69408
1.69408
1.69408
1.69408
1.69408
1.69408
1.69408
1.69408
1.69408
1.69408
1.69408
1.69408
1.69408
1.69408
1.69408
1.69408
1.69408
1.69408
1.69408
1.69408
1.69408
1.69408
1.69408
1.69408
1.69408
1.69408
1.69408
1.69408
1.69408
1.69408
1.69408
1.69408
1.69408
1.69408
1.69408
1.69408
1.69408
1.69408
1.69408
1.69408
1.69408
1.69408
1.69408
1.69408
1.69457
1.69506
1.69555
1.69604
1.69755
1.69905
1.70056
1.70207
1.70543
1.70879
1.71215
1.71551
1.72189
1.72827
1.73465
1.74103
1.74956
1.75810
1.76663
1.77517
1.78386
1.79256
1.80126
1.80995
1.82173
1.83351
1.84529
1.85707
1.86549
1.87391
1.88234
1.89076
1.90247
1.91417
1.92588
1.93758
1.94601
1.95444
1.96287
1.97130
1.98187
1.99243
2.00300
2.01356
2.02063
2.02769
2.03475
2.04182
2.04849
2.05516
2.06183
2.06850
2.07319
2.07788
2.08257
2.08726
2.08971
2.09215
2.09459
2.09704
2.09889
2.10074
2.10259
2.10444
2.10453
2.10463
2.10472
2.10482
2.10429
2.10377
2.10324
2.10271
2.10129
2.09986
2.09843
2.09700
2.09481
2.09262
2.09043
2.08824
2.08566
2.08308
2.08049
2.07791
2.07447
2.07103
2.06758
2.06414
2.06183
2.05951
2.05720
2.05488
2.05211
2.04935
2.04658
2.04381
2.04380
2.04380
2.04379
2.04378
2.04574
2.04769
2.04964
2.05160
2.05553
2.05947
2.06341
2.06734
2.07362
2.07990
2.08618
2.09246
2.10047
2.10849
2.11650
2.12451
2.13241
2.14031
2.14821
2.15612
2.16664
2.17717
2.18770
2.19823
2.20773
2.21723
2.22673
2.23624
2.24930
2.26236
2.27543
2.28849
2.30176
2.31502
2.32829
2.34156
2.35896
2.37635
2.39375
2.41115
2.43022
2.44930
2.46837
2.48744
2.51052
2.53359
2.55667
2.57974
2.60452
2.62930
2.65407
2.67885
2.70673
2.73462
2.76250
2.79039
2.82016
2.84994
2.87972
2.90950
2.94108
2.97266
3.00424
3.03582
3.07011
3.10440
3.13870
3.17299
3.20756
3.24213
3.27670
3.31127
3.34994
3.38862
3.42729
3.46596
3.50689
3.54781
3.58873
3.62965
3.67339
3.71713
3.76088
3.80462
3.84747
3.89032
3.93318
3.97603
4.02097
4.06591
4.11086
4.15580
4.19448
4.23316
4.27184
4.31052
4.34921
4.38790
4.42659
4.46528
4.50052
4.53575
4.57099
4.60623
4.63406
4.66190
4.68973
4.71757
4.75081
4.78406
4.81730
4.85055
4.86306
4.87557
4.88808
4.90059
4.91608
4.93156
4.94705
4.96254
4.97741
4.99227
5.00714
5.02201
5.03369
5.04537
5.05705
5.06873
5.08499
5.10124
5.11750
5.13376
5.14020
5.14665
5.15309
5.15953
5.16770
5.17587
5.18403
5.19220
5.19972
5.20724
5.21476
5.22228
5.22736
5.23244
5.23752
5.24260
5.25014
5.25768
5.26522
5.27276
5.27767
5.28258
5.28750
5.29241
5.29961
5.30680
5.31400
5.32120
5.32834
5.33547
5.34261
5.34975
5.35528
5.36081
5.36634
5.37187
5.37986
5.38784
5.39582
5.40381
5.40420
5.40459
5.40497
5.40536
1.70370
1.70370
1.70370
1.70370
1.70370
1.70370
1.70370
1.70370
1.70370
1.70370
1.70370
1.70370
1.70370
1.70370
1.70370
1.70370
1.70370
1.70370
1.70370
1.70370
1.70370
1.70370
1.70370
1.70370
1.70370
1.70370
1.70370
1.70370
1.70370
1.70370
1.70370
1.70370
1.70370
1.70370
1.70370
1.70370
1.70370
1.70370
1.70370
1.70370
1.70370
1.70370
1.70370
1.70370
1.70370
1.70370
1.70370
1.70370
1.70370
1.70370
1.70370
1.70370
1.70370
1.70370
1.70370
1.70370
1.70370
1.70370
1.70370
1.70370
1.70370
1.70370
1.70370
1.70370
1.70370
1.70370
1.70370
1.70370
1.70370
1.70370
1.70370
1.70370
1.70370
1.70370
1.70370
1.70370
1.70370
1.70370
1.70370
1.70370
1.70370
1.70370
1.70370
1.70370
1.70370
1.70453
1.70536
1.70620
1.70703
1.71077
1.71452
1.71826
1.72201
1.72787
1.73372
1.73958
1.74544
1.75288
1.76033
1.76777
1.77521
1.78573
1.79625
1.80676
1.81728
1.82668
1.83609
1.84549
1.85489
1.86766
1.88043
1.89320
1.90597
1.91528
1.92460
1.93391
1.94322
1.95432
1.96541
1.97651
1.98761
1.99529
2.00298
2.01066
2.01835
2.02455
2.03076
2.03696
2.04317
2.04743
2.05170
2.05596
2.06023
2.06187
2.06350
2.06514
2.06677
2.06707
2.06736
2.06765
2.06795
2.06602
2.06410
2.06218
2.06026
2.05638
2.05251
2.04864
2.04476
2.04050
2.03624
2.03197
2.02771
2.02007
2.01243
2.00479
1.99715
1.99196
1.98677
1.98158
1.97638
1.96885
1.96132
1.95379
1.94626
1.94174
1.93722
1.93270
1.92819
1.92501
1.92182
1.91864
1.91546
1.91517
1.91489
1.91461
1.91433
1.91782
1.92131
1.92481
1.92830
1.93493
1.94155
1.94818
1.95481
1.96509
1.97537
1.98566
1.99594
2.00943
2.02291
2.03640
2.04988
2.06471
2.07954
2.09437
2.10920
2.12795
2.14669
2.16544
2.18418
2.19913
2.21408
2.22902
2.24397
2.26338
2.28279
2.30221
2.32162
2.33543
2.34924
2.36305
2.37686
2.39376
2.41065
2.42755
2.44444
2.45814
2.47184
2.48553
2.49923
2.51408
2.52893
2.54378
2.55863
2.57342
2.58820
2.60299
2.61777
2.63288
2.64798
2.66308
2.67819
2.69530
2.71241
2.72953
2.74664
2.76494
2.78325
2.80155
2.81985
2.84150
2.86316
2.88481
2.90647
2.93051
2.95454
2.97858
3.00262
3.03099
3.05937
3.08774
3.11612
3.14582
3.17553
3.20524
3.23494
3.26944
3.30393
3.33842
3.37292
3.41036
3.44781
3.48526
3.52270
3.56361
3.60452
3.64542
3.68633
3.72801
3.76969
3.81137
3.85306
3.89680
3.94054
3.98429
4.02803
4.06860
4.10916
4.14973
4.19030
4.22959
4.26889
4.30818
4.34747
4.38612
4.42477
4.46341
4.50206
4.53189
4.56171
4.59154
4.62137
4.65637
4.69137
4.72637
4.76137
4.77863
4.79588
4.81314
4.83039
4.84850
4.86662
4.88473
4.90284
4.92102
4.93921
4.95739
4.97557
4.98901
5.00244
5.01587
5.02931
5.04767
5.06604
5.08440
5.10277
5.11099
5.11921
5.12742
5.13564
5.14428
5.15291
5.16154
5.17017
5.17875
5.18732
5.19590
5.20448
5.20905
5.21363
5.21821
5.22279
5.22966
5.23654
5.24341
5.25029
5.25511
5.25993
5.26475
5.26957
5.27605
5.28253
5.28901
5.29549
5.30250
5.30950
5.31651
5.32351
5.32881
5.33411
5.33941
5.34472
5.35255
5.36038
5.36822
5.37605
5.37659
5.37714
5.37768
5.37823
1.67992
1.67992
1.67992
1.67992
1.67992
1.67992
1.67992
1.67992
1.67992
1.67992
1.67992
1.67992
1.67992
1.67992
1.67992
1.67992
1.67992
1.67992
1.67992
1.67992
1.67992
1.67992
1.67992
1.67992
1.67992
1.67992
1.67992
1.67992
1.67992
1.67992
1.67992
1.67992
1.67992
1.67992
1.67992
1.67992
1.67992
1.67992
1.67992
1.67992
1.67992
1.67992
1.67992
1.67992
1.67992
1.67992
1.67992
1.67992
1.67992
1.67992
1.67992
1.67992
1.67992
1.67992
1.67992
1.67992
1.67992
1.67992
1.67992
1.67992
1.67992
1.67992
1.67992
1.67992
1.67992
1.67992
1.67992
1.67992
1.67992
1.67992
1.67992
1.67992
1.67992
1.67992
1.67992
1.67992
1.67992
1.67992
1.67992
1.67992
1.67992
1.67992
1.67992
1.67992
1.67992
1.68084
1.68176
1.68267
1.68359
1.68805
1.69251
1.69696
1.70142
1.70781
1.71420
1.72059
1.72698
1.73428
1.74159
1.74889
1.75620
1.76746
1.77872
1.78998
1.80125
1.81115
1.82106
1.83097
1.84088
1.85403
1.86718
1.88033
1.89348
1.90397
1.91446
1.92494
1.93543
1.94643
1.95743
1.96843
1.97943
1.98784
1.99625
2.00467
2.01308
2.01784
2.02260
2.02736
2.03212
2.03631
2.04050
2.04469
2.04888
2.04897
2.04906
2.04916
2.04925
2.04833
2.04741
2.04649
2.04558
2.04241
2.03925
2.03609
2.03292
2.02682
2.02072
2.01462
2.00852
2.00270
1.99689
1.99107
1.98525
1.97444
1.96364
1.95283
1.94202
1.93500
1.92797
1.92095
1.91392
1.90365
1.89339
1.88312
1.87285
1.86653
1.86021
1.85389
1.84757
1.84402
1.84047
1.83692
1.83337
1.83265
1.83194
1.83123
1.83052
1.83621
1.84191
1.84761
1.85331
1.86207
1.87083
1.87959
1.88835
1.90218
1.91601
1.92983
1.94366
1.96199
1.98032
1.99866
2.01699
2.03662
2.05624
2.07587
2.09550
2.12056
2.14563
2.17069
2.19576
2.21570
2.23564
2.25558
2.27552
2.30014
2.32477
2.34939
2.37402
2.39159
2.40916
2.42673
2.44430
2.46310
2.48190
2.50071
2.51951
2.53426
2.54901
2.56376
2.57851
2.59135
2.60419
2.61703
2.62987
2.64201
2.65415
2.66629
2.67843
2.68837
2.69830
2.70824
2.71817
2.72999
2.74180
2.75362
2.76543
2.77734
2.78925
2.80116
2.81308
2.82891
2.84474
2.86057
2.87640
2.89504
2.91368
2.93232
2.95096
2.97488
2.99880
3.02273
3.04665
3.07282
3.09899
3.12516
3.15132
3.18251
3.21369
3.24488
3.27607
3.31084
3.34561
3.38039
3.41516
3.45367
3.49218
3.53068
3.56919
3.60978
3.65037
3.69095
3.73154
3.77413
3.81672
3.85931
3.90190
3.94362
3.98533
4.02705
4.06877
4.10847
4.14818
4.18788
4.22758
4.26835
4.30912
4.34988
4.39065
4.42252
4.45438
4.48624
4.51811
4.55434
4.59057
4.62681
4.66304
4.68487
4.70669
4.72852
4.75034
4.77069
4.79105
4.81140
4.83176
4.85314
4.87452
4.89590
4.91729
4.93254
4.94779
4.96305
4.97830
4.99858
5.01887
5.03915
5.05943
5.06993
5.08043
5.09092
5.10142
5.11076
5.12011
5.12945
5.13879
5.14892
5.15905
5.16918
5.17932
5.18372
5.18813
5.19254
5.19694
5.20353
5.21012
5.21671
5.22329
5.22831
5.23332
5.23833
5.24335
5.24929
5.25524
5.26119
5.26714
5.27413
5.28113
5.28812
5.29512
5.30001
5.30490
5.30978
5.31467
5.32202
5.32937
5.33672
5.34407
5.34459
5.34511
5.34563
5.34615
1.60906
1.60906
1.60906
1.60906
1.60906
1.60906
1.60906
1.60906
1.60906
1.60906
1.60906
1.60906
1.60906
1.60906
1.60906
1.60906
1.60906
1.60906
1.60906
1.60906
1.60906
1.60906
1.60906
1.60906
1.60906
1.60906
1.60906
1.60906
1.60906
1.60906
1.60906
1.60906
1.60906
1.60906
1.60906
1.60906
1.60906
1.60906
1.60906
1.60906
1.60906
1.60906
1.60906
1.60906
1.60906
1.60906
1.60906
1.60906
1.60906
1.60906
1.60906
1.60906
1.60906
1.60906
1.60906
1.60906
1.60906
1.60906
1.60906
1.60906
1.60906
1.60906
1.60906
1.60906
1.60906
1.60906
1.60906
1.60906
1.60906
1.60906
1.60906
1.60906
1.60906
1.60906
1.60906
1.60906
1.60906
1.60906
1.60906
1.60906
1.60906
1.60906
1.60906
1.60906
1.60906
1.60971
1.61036
1.61101
1.61167
1.61468
1.61770
1.62072
1.62374
1.62789
1.63203
1.63617
1.64032
1.64578
1.65125
1.65671
1.66217
1.67245
1.68272
1.69299
1.70326
1.71338
1.72349
1.73361
1.74372
1.75641
1.76909
1.78178
1.79446
1.80652
1.81857
1.83063
1.84268
1.85432
1.86596
1.87760
1.88924
1.90046
1.91168
1.92291
1.93413
1.94158
1.94903
1.95648
1.96392
1.97191
1.97989
1.98787
1.99585
1.99936
2.00287
2.00637
2.00988
2.01231
2.01473
2.01716
2.01959
2.01967
2.01974
2.01982
2.01990
2.01660
2.01330
2.01000
2.00670
2.00338
2.00005
1.99673
1.99341
1.98509
1.97677
1.96845
1.96013
1.95404
1.94796
1.94187
1.93579
1.92647
1.91716
1.90785
1.89853
1.89050
1.88248
1.87445
1.86642
1.86150
1.85659
1.85167
1.84676
1.84196
1.83717
1.83237
1.82758
1.82969
1.83180
1.83391
1.83602
1.84048
1.84494
1.84940
1.85386
1.86457
1.87527
1.88597
1.89668
1.91328
1.92989
1.94650
1.96311
1.98234
2.00158
2.02081
2.04004
2.06524
2.09045
2.11565
2.14085
2.16288
2.18491
2.20694
2.22897
2.25358
2.27818
2.30279
2.32739
2.34782
2.36824
2.38866
2.40909
2.42693
2.44477
2.46260
2.48044
2.49687
2.51331
2.52974
2.54617
2.55750
2.56882
2.58015
2.59148
2.60299
2.61450
2.62600
2.63751
2.64600
2.65448
2.66296
2.67145
2.68108
2.69072
2.70036
2.70999
2.71997
2.72995
2.73993
2.74991
2.76322
2.77652
2.78982
2.80313
2.81957
2.83601
2.85245
2.86889
2.89069
2.91248
2.93427
2.95607
2.98079
3.00551
3.03023
3.05495
3.08427
3.11360
3.14292
3.17225
3.20564
3.23904
3.27243
3.30583
3.34268
3.37953
3.41638
3.45323
3.49290
3.53256
3.57223
3.61189
3.65344
3.69498
3.73652
3.77806
3.81990
3.86174
3.90358
3.94543
3.98527
4.02511
4.06496
4.10480
4.14587
4.18693
4.22800
4.26906
4.30303
4.33700
4.37097
4.40494
4.44167
4.47840
4.51512
4.55185
4.57800
4.60415
4.63029
4.65644
4.67850
4.70056
4.72262
4.74468
4.76909
4.79350
4.81790
4.84231
4.85949
4.87666
4.89383
4.91101
4.93294
4.95487
4.97681
4.99874
5.01223
5.02571
5.03919
5.05267
5.06307
5.07346
5.08386
5.09425
5.10663
5.11901
5.13139
5.14376
5.14847
5.15318
5.15789
5.16260
5.16944
5.17628
5.18312
5.18996
5.19556
5.20116
5.20676
5.21235
5.21802
5.22369
5.22936
5.23503
5.24219
5.24935
5.25651
5.26367
5.26789
5.27211
5.27634
5.28056
5.28697
5.29338
5.29979
5.30620
5.30643
5.30666
5.30689
5.30712
1.53820
1.53820
1.53820
1.53820
1.53820
1.53820
1.53820
1.53820
1.53820
1.53820
1.53820
1.53820
1.53820
1.53820
1.53820
1.53820
1.53820
1.53820
1.53820
1.53820
1.53820
1.53820
1.53820
1.53820
1.53820
1.53820
1.53820
1.53820
1.53820
1.53820
1.53820
1.53820
1.53820
1.53820
1.53820
1.53820
1.53820
1.53820
1.53820
1.53820
1.53820
1.53820
1.53820
1.53820
1.53820
1.53820
1.53820
1.53820
1.53820
1.53820
1.53820
1.53820
1.53820
1.53820
1.53820
1.53820
1.53820
1.53820
1.53820
1.53820
1.53820
1.53820
1.53820
1.53820
1.53820
1.53820
1.53820
1.53820
1.53820
1.53820
1.53820
1.53820
1.53820
1.53820
1.53820
1.53820
1.53820
1.53820
1.53820
1.53820
1.53820
1.53820
1.53820
1.53820
1.53820
1.53859
1.53897
1.53936
1.53974
1.54132
1.54290
1.54449
1.54607
1.54797
1.54986
1.55176
1.55366
1.55728
1.56090
1.56453
1.56815
1.57743
1.58671
1.59599
1.60527
1.61560
1.62592
1.63624
1.64656
1.65878
1.67100
1.68321
1.69543
1.70905
1.72267
1.73630
1.74992
1.76219
1.77447
1.78675
1.79903
1.81305
1.82708
1.84111
1.85514
1.86527
1.87541
1.88555
1.89569
1.90746
1.91923
1.93099
1.94276
1.94969
1.95661
1.96354
1.97046
1.97623
1.98199
1.98775
1.99352
1.99684
2.00015
2.00347
2.00679
2.00628
2.00577
2.00526
2.00474
2.00390
2.00306
2.00222
2.00138
1.99551
1.98965
1.98379
1.97792
1.97275
1.96757
1.96239
1.95721
1.94879
1.94037
1.93194
1.92352
1.91372
1.90391
1.89411
1.88430
1.87792
1.87154
1.86516
1.85878
1.84982
1.84086
1.83189
1.82293
1.82140
1.81987
1.81834
1.81681
1.81698
1.81714
1.81730
1.81746
1.82513
1.83279
1.84046
1.84813
1.86314
1.87816
1.89318
1.90820
1.92720
1.94620
1.96519
1.98419
2.00964
2.03509
2.06054
2.08599
2.11021
2.13444
2.15866
2.18289
2.20750
2.23212
2.25673
2.28135
2.30467
2.32799
2.35130
2.37462
2.39147
2.40831
2.42516
2.44200
2.46011
2.47823
2.49634
2.51445
2.52424
2.53403
2.54381
2.55360
2.56446
2.57531
2.58617
2.59702
2.60405
2.61109
2.61812
2.62515
2.63260
2.64005
2.64751
2.65496
2.66304
2.67113
2.67922
2.68730
2.69812
2.70893
2.71975
2.73056
2.74486
2.75916
2.77345
2.78775
2.80746
2.82718
2.84689
2.86660
2.88990
2.91320
2.93650
2.95980
2.98727
3.01475
3.04222
3.06969
3.10171
3.13373
3.16574
3.19776
3.23293
3.26809
3.30326
3.33842
3.37714
3.41586
3.45457
3.49329
3.53373
3.57418
3.61463
3.65507
3.69700
3.73892
3.78084
3.82277
3.86272
3.90267
3.94262
3.98257
4.02389
4.06521
4.10653
4.14785
4.18391
4.21998
4.25604
4.29210
4.32930
4.36651
4.40371
4.44091
4.47136
4.50181
4.53226
4.56270
4.58646
4.61021
4.63397
4.65772
4.68514
4.71255
4.73997
4.76739
4.78648
4.80558
4.82468
4.84377
4.86735
4.89093
4.91452
4.93810
4.95456
4.97102
4.98748
5.00394
5.01539
5.02684
5.03828
5.04973
5.06434
5.07895
5.09356
5.10817
5.11320
5.11822
5.12325
5.12827
5.13536
5.14245
5.14954
5.15663
5.16282
5.16900
5.17519
5.18137
5.18677
5.19216
5.19755
5.20294
5.21026
5.21758
5.22490
5.23222
5.23579
5.23936
5.24292
5.24649
5.25196
5.25743
5.26290
5.26837
5.26831
5.26826
5.26820
5.26814
1.46734
1.46734
1.46734
1.46734
1.46734
1.46734
1.46734
1.46734
1.46734
1.46734
1.46734
1.46734
1.46734
1.46734
1.46734
1.46734
1.46734
1.46734
1.46734
1.46734
1.46734
1.46734
1.46734
1.46734
1.46734
1.46734
1.46734
1.46734
1.46734
1.46734
1.46734
1.46734
1.46734
1.46734
1.46734
1.46734
1.46734
1.46734
1.46734
1.46734
1.46734
1.46734
1.46734
1.46734
1.46734
1.46734
1.46734
1.46734
1.46734
1.46734
1.46734
1.46734
1.46734
1.46734
1.46734
1.46734
1.46734
1.46734
1.46734
1.46734
1.46734
1.46734
1.46734
1.46734
1.46734
1.46734
1.46734
1.46734
1.46734
1.46734
1.46734
1.46734
1.46734
1.46734
1.46734
1.46734
1.46734
1.46734
1.46734
1.46734
1.46734
1.46734
1.46734
1.46734
1.46734
1.46746
1.46758
1.46770
1.46782
1.46797
1.46811
1.46825
1.46840
1.46805
1.46771
1.46736
1.46701
1.46879
1.47057
1.47234
1.47412
1.48241
1.49070
1.49899
1.50728
1.51781
1.52834
1.53886
1.54939
1.56114
1.57289
1.58464
1.59639
1.61158
1.62676
1.64195
1.65714
1.67005
1.68297
1.69588
1.70880
1.72562
1.74245
1.75927
1.77610
1.78893
1.80176
1.81459
1.82742
1.84297
1.85852
1.87407
1.88961
1.89996
1.91030
1.92065
1.93099
1.94009
1.94918
1.95828
1.96737
1.97393
1.98048
1.98704
1.99359
1.99586
1.99812
2.00039
2.00266
2.00428
2.00591
2.00753
2.00916
2.00572
2.00228
1.99885
1.99541
1.99111
1.98681
1.98251
1.97821
1.97061
1.96301
1.95541
1.94781
1.93616
1.92451
1.91286
1.90121
1.89327
1.88532
1.87737
1.86943
1.85622
1.84301
1.82980
1.81659
1.81136
1.80613
1.80091
1.79568
1.79155
1.78741
1.78328
1.77915
1.78386
1.78858
1.79330
1.79801
1.81157
1.82513
1.83870
1.85226
1.87118
1.89010
1.90902
1.92795
1.95375
1.97956
2.00537
2.03118
2.05770
2.08423
2.11075
2.13727
2.16192
2.18657
2.21122
2.23587
2.26213
2.28839
2.31465
2.34090
2.35673
2.37255
2.38837
2.40419
2.42398
2.44377
2.46357
2.48336
2.49158
2.49980
2.50802
2.51624
2.52642
2.53660
2.54678
2.55696
2.56254
2.56812
2.57370
2.57929
2.58455
2.58981
2.59507
2.60032
2.60656
2.61279
2.61902
2.62525
2.63362
2.64198
2.65034
2.65871
2.67091
2.68312
2.69532
2.70753
2.72521
2.74289
2.76057
2.77826
2.80016
2.82207
2.84397
2.86588
2.89151
2.91714
2.94277
2.96840
2.99904
3.02969
3.06033
3.09097
3.12442
3.15787
3.19132
3.22476
3.26250
3.30024
3.33798
3.37572
3.41503
3.45433
3.49364
3.53295
3.57491
3.61687
3.65883
3.70079
3.74081
3.78084
3.82087
3.86090
3.90243
3.94396
3.98549
4.02702
4.06516
4.10330
4.14144
4.17957
4.21724
4.25490
4.29256
4.33023
4.36495
4.39968
4.43441
4.46914
4.49457
4.52001
4.54545
4.57089
4.60129
4.63169
4.66210
4.69250
4.71352
4.73455
4.75558
4.77660
4.80182
4.82705
4.85227
4.87749
4.89693
4.91637
4.93581
4.95525
4.96774
4.98023
4.99272
5.00521
5.02205
5.03888
5.05571
5.07254
5.07789
5.08324
5.08859
5.09394
5.10129
5.10863
5.11597
5.12331
5.13008
5.13686
5.14363
5.15040
5.15552
5.16064
5.16575
5.17087
5.17835
5.18583
5.19331
5.20079
5.20371
5.20662
5.20953
5.21245
5.21698
5.22152
5.22605
5.23058
5.23024
5.22990
5.22956
5.22921
1.37868
1.37868
1.37868
1.37868
1.37868
1.37868
1.37868
1.37868
1.37868
1.37868
1.37868
1.37868
1.37868
1.37868
1.37868
1.37868
1.37868
1.37868
1.37868
1.37868
1.37868
1.37868
1.37868
1.37868
1.37868
1.37868
1.37868
1.37868
1.37868
1.37868
1.37868
1.37868
1.37868
1.37868
1.37868
1.37868
1.37868
1.37868
1.37868
1.37868
1.37868
1.37868
1.37868
1.37868
1.37868
1.37868
1.37868
1.37868
1.37868
1.37868
1.37868
1.37868
1.37868
1.37868
1.37868
1.37868
1.37868
1.37868
1.37868
1.37868
1.37868
1.37868
1.37868
1.37868
1.37868
1.37868
1.37868
1.37868
1.37868
1.37868
1.37868
1.37868
1.37868
1.37868
1.37868
1.37868
1.37868
1.37868
1.37868
1.37868
1.37868
1.37868
1.37868
1.37868
1.37868
1.37868
1.37868
1.37868
1.37868
1.37825
1.37782
1.37739
1.37696
1.37631
1.37566
1.37501
1.37436
1.37592
1.37747
1.37902
1.38058
1.38822
1.39585
1.40349
1.41113
1.42160
1.43206
1.44253
1.45300
1.46440
1.47580
1.48721
1.49861
1.51402
1.52942
1.54483
1.56024
1.57361
1.58698
1.60036
1.61373
1.63116
1.64860
1.66603
1.68347
1.69790
1.71232
1.72675
1.74118
1.75761
1.77404
1.79047
1.80690
1.81948
1.83205
1.84463
1.85721
1.86743
1.87765
1.88786
1.89808
1.90678
1.91548
1.92417
1.93287
1.93672
1.94057
1.94442
1.94827
1.95171
1.95515
1.95859
1.96203
1.96079
1.95956
1.95832
1.95708
1.95447
1.95186
1.94925
1.94664
1.94123
1.93581
1.93040
1.92499
1.91516
1.90534
1.89552
1.88570
1.87912
1.87255
1.86598
1.85940
1.84737
1.83534
1.82331
1.81128
1.80628
1.80127
1.79627
1.79127
1.78688
1.78249
1.77810
1.77371
1.77750
1.78130
1.78509
1.78889
1.80039
1.81190
1.82340
1.83491
1.85169
1.86848
1.88526
1.90204
1.92440
1.94676
1.96912
1.99147
2.01533
2.03919
2.06305
2.08691
2.10800
2.12909
2.15018
2.17127
2.19474
2.21822
2.24169
2.26516
2.27841
2.29166
2.30491
2.31815
2.33579
2.35343
2.37107
2.38871
2.39576
2.40281
2.40987
2.41692
2.42643
2.43594
2.44545
2.45496
2.46088
2.46680
2.47271
2.47863
2.48446
2.49029
2.49612
2.50195
2.50954
2.51713
2.52472
2.53230
2.54133
2.55036
2.55938
2.56841
2.58169
2.59497
2.60826
2.62154
2.63939
2.65724
2.67509
2.69294
2.71532
2.73770
2.76008
2.78246
2.80780
2.83315
2.85849
2.88384
2.91403
2.94422
2.97441
3.00460
3.03701
3.06941
3.10182
3.13422
3.17056
3.20689
3.24323
3.27956
3.31742
3.35529
3.39315
3.43101
3.47127
3.51153
3.55179
3.59205
3.63139
3.67072
3.71006
3.74939
3.78978
3.83016
3.87055
3.91094
3.94999
3.98905
4.02810
4.06716
4.10470
4.14224
4.17977
4.21731
4.25453
4.29175
4.32896
4.36618
4.39341
4.42065
4.44788
4.47511
4.50709
4.53907
4.57104
4.60302
4.62653
4.65004
4.67355
4.69706
4.72341
4.74977
4.77613
4.80248
4.82518
4.84788
4.87058
4.89328
4.90681
4.92033
4.93386
4.94738
4.96587
4.98435
5.00284
5.02133
5.02839
5.03545
5.04251
5.04957
5.05767
5.06577
5.07387
5.08198
5.09019
5.09841
5.10663
5.11485
5.12003
5.12521
5.13039
5.13557
5.14340
5.15123
5.15906
5.16688
5.16999
5.17309
5.17620
5.17930
5.18337
5.18743
5.19149
5.19555
5.19551
5.19547
5.19542
5.19538
1.27478
1.27478
1.27478
1.27478
1.27478
1.27478
1.27478
1.27478
1.27478
1.27478
1.27478
1.27478
1.27478
1.27478
1.27478
1.27478
1.27478
1.27478
1.27478
1.27478
1.27478
1.27478
1.27478
1.27478
1.27478
1.27478
1.27478
1.27478
1.27478
1.27478
1.27478
1.27478
1.27478
1.27478
1.27478
1.27478
1.27478
1.27478
1.27478
1.27478
1.27478
1.27478
1.27478
1.27478
1.27478
1.27478
1.27478
1.27478
1.27478
1.27478
1.27478
1.27478
1.27478
1.27478
1.27478
1.27478
1.27478
1.27478
1.27478
1.27478
1.27478
1.27478
1.27478
1.27478
1.27478
1.27478
1.27478
1.27478
1.27478
1.27478
1.27478
1.27478
1.27478
1.27478
1.27478
1.27478
1.27478
1.27478
1.27478
1.27478
1.27478
1.27478
1.27478
1.27478
1.27478
1.27478
1.27478
1.27478
1.27478
1.27452
1.27425
1.27399
1.27372
1.27443
1.27514
1.27585
1.27656
1.27928
1.28201
1.28474
1.28747
1.29474
1.30201
1.30928
1.31656
1.32674
1.33692
1.34710
1.35728
1.36844
1.37960
1.39076
1.40192
1.41639
1.43087
1.44535
1.45982
1.47350
1.48718
1.50085
1.51453
1.53070
1.54688
1.56305
1.57923
1.59431
1.60939
1.62448
1.63956
1.65439
1.66922
1.68405
1.69888
1.71267
1.72647
1.74027
1.75407
1.76352
1.77297
1.78242
1.79186
1.80177
1.81167
1.82157
1.83147
1.83589
1.84031
1.84473
1.84915
1.85385
1.85856
1.86326
1.86796
1.86874
1.86953
1.87032
1.87110
1.87090
1.87069
1.87049
1.87028
1.86825
1.86622
1.86420
1.86217
1.85735
1.85254
1.84772
1.84291
1.84027
1.83763
1.83499
1.83235
1.82616
1.81996
1.81377
1.80757
1.80613
1.80468
1.80323
1.80178
1.80046
1.79913
1.79781
1.79648
1.80086
1.80524
1.80962
1.81401
1.82263
1.83125
1.83986
1.84848
1.86103
1.87357
1.88612
1.89866
1.91404
1.92942
1.94480
1.96018
1.97690
1.99362
2.01034
2.02706
2.04141
2.05575
2.07010
2.08444
2.10013
2.11582
2.13151
2.14720
2.15658
2.16595
2.17533
2.18470
2.19692
2.20914
2.22135
2.23357
2.23990
2.24624
2.25257
2.25890
2.26786
2.27682
2.28578
2.29473
2.30266
2.31058
2.31851
2.32643
2.33534
2.34425
2.35317
2.36208
2.37392
2.38577
2.39762
2.40946
2.42194
2.43442
2.44690
2.45937
2.47658
2.49378
2.51098
2.52819
2.54820
2.56820
2.58821
2.60822
2.63279
2.65735
2.68192
2.70649
2.73298
2.75948
2.78597
2.81247
2.84309
2.87371
2.90433
2.93495
2.96700
2.99904
3.03108
3.06312
3.09774
3.13237
3.16699
3.20162
3.23784
3.27407
3.31029
3.34652
3.38361
3.42071
3.45781
3.49490
3.53291
3.57091
3.60891
3.64691
3.68500
3.72309
3.76117
3.79926
3.83821
3.87717
3.91613
3.95509
3.99199
4.02889
4.06580
4.10270
4.14085
4.17900
4.21715
4.25530
4.28443
4.31355
4.34268
4.37180
4.40415
4.43650
4.46884
4.50119
4.52764
4.55409
4.58055
4.60700
4.63405
4.66111
4.68816
4.71522
4.74142
4.76761
4.79381
4.82000
4.83455
4.84909
4.86364
4.87818
4.89784
4.91751
4.93717
4.95683
4.96678
4.97672
4.98667
4.99661
5.00591
5.01520
5.02449
5.03378
5.04418
5.05457
5.06496
5.07536
5.08089
5.08643
5.09197
5.09750
5.10584
5.11417
5.12251
5.13085
5.13486
5.13888
5.14290
5.14692
5.15091
5.15489
5.15888
5.16287
5.16362
5.16438
5.16514
5.16590
1.17089
1.17089
1.17089
1.17089
1.17089
1.17089
1.17089
1.17089
1.17089
1.17089
1.17089
1.17089
1.17089
1.17089
1.17089
1.17089
1.17089
1.17089
1.17089
1.17089
1.17089
1.17089
1.17089
1.17089
1.17089
1.17089
1.17089
1.17089
1.17089
1.17089
1.17089
1.17089
1.17089
1.17089
1.17089
1.17089
1.17089
1.17089
1.17089
1.17089
1.17089
1.17089
1.17089
1.17089
1.17089
1.17089
1.17089
1.17089
1.17089
1.17089
1.17089
1.17089
1.17089
1.17089
1.17089
1.17089
1.17089
1.17089
1.17089
1.17089
1.17089
1.17089
1.17089
1.17089
1.17089
1.17089
1.17089
1.17089
1.17089
1.17089
1.17089
1.17089
1.17089
1.17089
1.17089
1.17089
1.17089
1.17089
1.17089
1.17089
1.17089
1.17089
1.17089
1.17089
1.17089
1.17089
1.17089
1.17089
1.17089
1.17078
1.17068
1.17058
1.17048
1.17254
1.17461
1.17668
1.17874
1.18265
1.18655
1.19045
1.19436
1.20126
1.20817
1.21508
1.22199
1.23188
1.24178
1.25167
1.26157
1.27248
1.28340
1.29432
1.30523
1.31877
1.33231
1.34586
1.35940
1.37338
1.38736
1.40135
1.41533
1.43025
1.44516
1.46008
1.47499
1.49073
1.50647
1.52220
1.53794
1.55117
1.56440
1.57763
1.59086
1.60588
1.62089
1.63591
1.65092
1.65961
1.66829
1.67697
1.68565
1.69675
1.70785
1.71895
1.73005
1.73505
1.74004
1.74504
1.75003
1.75599
1.76195
1.76791
1.77387
1.77668
1.77949
1.78230
1.78511
1.78730
1.78950
1.79169
1.79389
1.79524
1.79659
1.79794
1.79929
1.79947
1.79964
1.79982
1.80000
1.80127
1.80254
1.80381
1.80508
1.80467
1.80426
1.80384
1.80343
1.80545
1.80746
1.80948
1.81150
1.81307
1.81463
1.81620
1.81777
1.82250
1.82723
1.83197
1.83670
1.84213
1.84756
1.85299
1.85843
1.86643
1.87443
1.88243
1.89043
1.89859
1.90674
1.91489
1.92305
1.93242
1.94180
1.95117
1.96055
1.96804
1.97553
1.98302
1.99051
1.99833
2.00614
2.01396
2.02177
2.02729
2.03281
2.03833
2.04385
2.05067
2.05749
2.06431
2.07113
2.07685
2.08257
2.08829
2.09401
2.10255
2.11108
2.11962
2.12816
2.13827
2.14839
2.15850
2.16862
2.18079
2.19297
2.20514
2.21732
2.23365
2.24998
2.26631
2.28264
2.29875
2.31486
2.33097
2.34708
2.36842
2.38976
2.41110
2.43244
2.45478
2.47712
2.49946
2.52179
2.54872
2.57565
2.60258
2.62951
2.65730
2.68509
2.71288
2.74067
2.77183
2.80300
2.83416
2.86533
2.89712
2.92890
2.96069
2.99248
3.02544
3.05841
3.09137
3.12434
3.15898
3.19363
3.22827
3.26292
3.29684
3.33077
3.36470
3.39862
3.43529
3.47195
3.50862
3.54529
3.58104
3.61680
3.65255
3.68831
3.72713
3.76595
3.80477
3.84360
3.87984
3.91608
3.95232
3.98857
4.02761
4.06665
4.10569
4.14473
4.17574
4.20675
4.23776
4.26878
4.30148
4.33418
4.36688
4.39958
4.42896
4.45835
4.48773
4.51711
4.54486
4.57260
4.60035
4.62810
4.65778
4.68746
4.71714
4.74682
4.76238
4.77794
4.79350
4.80906
4.82989
4.85072
4.87155
4.89239
4.90521
4.91804
4.93086
4.94369
4.95417
4.96465
4.97513
4.98561
4.99818
5.01075
5.02332
5.03589
5.04178
5.04767
5.05355
5.05944
5.06828
5.07712
5.08596
5.09480
5.09974
5.10468
5.10962
5.11455
5.11846
5.12238
5.12629
5.13020
5.13176
5.13331
5.13487
5.13643
1.03557
1.03557
1.03557
1.03557
1.03557
1.03557
1.03557
1.03557
1.03557
1.03557
1.03557
1.03557
1.03557
1.03557
1.03557
1.03557
1.03557
1.03557
1.03557
1.03557
1.03557
1.03557
1.03557
1.03557
1.03557
1.03557
1.03557
1.03557
1.03557
1.03557
1.03557
1.03557
1.03557
1.03557
1.03557
1.03557
1.03557
1.03557
1.03557
1.03557
1.03557
1.03557
1.03557
1.03557
1.03557
1.03557
1.03557
1.03557
1.03557
1.03557
1.03557
1.03557
1.03557
1.03557
1.03557
1.03557
1.03557
1.03557
1.03557
1.03557
1.03557
1.03557
1.03557
1.03557
1.03557
1.03557
1.03557
1.03557
1.03557
1.03557
1.03557
1.03557
1.03557
1.03557
1.03557
1.03557
1.03557
1.03557
1.03557
1.03557
1.03557
1.03557
1.03557
1.03557
1.03557
1.03557
1.03557
1.03557
1.03557
1.03557
1.03557
1.03557
1.03557
1.03828
1.04099
1.04370
1.04640
1.05105
1.05569
1.06033
1.06497
1.07167
1.07836
1.08506
1.09176
1.10146
1.11117
1.12088
1.13058
1.14156
1.15253
1.16350
1.17448
1.18728
1.20009
1.21290
1.22571
1.23969
1.25367
1.26764
1.28162
1.29542
1.30921
1.32301
1.33680
1.35225
1.36771
1.38316
1.39861
1.41055
1.42248
1.43441
1.44634
1.46157
1.47679
1.49201
1.50724
1.51568
1.52413
1.53258
1.54102
1.55302
1.56502
1.57701
1.58901
1.59537
1.60173
1.60810
1.61446
1.62213
1.62980
1.63747
1.64514
1.65076
1.65638
1.66199
1.66761
1.67258
1.67754
1.68250
1.68746
1.69247
1.69747
1.70247
1.70748
1.71203
1.71657
1.72112
1.72567
1.73059
1.73550
1.74042
1.74533
1.74964
1.75395
1.75826
1.76257
1.76753
1.77249
1.77745
1.78241
1.78663
1.79084
1.79506
1.79928
1.80443
1.80958
1.81474
1.81989
1.82378
1.82766
1.83155
1.83544
1.84034
1.84524
1.85015
1.85505
1.85870
1.86236
1.86601
1.86967
1.87422
1.87877
1.88332
1.88787
1.89111
1.89435
1.89759
1.90083
1.90397
1.90710
1.91024
1.91337
1.91701
1.92065
1.92430
1.92794
1.93202
1.93610
1.94018
1.94426
1.95035
1.95644
1.96253
1.96863
1.97753
1.98643
1.99533
2.00423
2.01611
2.02798
2.03986
2.05174
2.06631
2.08089
2.09546
2.11004
2.12901
2.14799
2.16697
2.18594
2.20447
2.22300
2.24153
2.26005
2.28341
2.30677
2.33013
2.35349
2.37704
2.40060
2.42415
2.44771
2.47526
2.50281
2.53037
2.55792
2.58594
2.61396
2.64199
2.67001
2.70068
2.73135
2.76202
2.79269
2.82372
2.85475
2.88578
2.91681
2.94821
2.97961
3.01101
3.04241
3.07562
3.10883
3.14204
3.17525
3.20702
3.23880
3.27058
3.30236
3.33784
3.37332
3.40879
3.44427
3.47854
3.51281
3.54709
3.58136
3.61964
3.65792
3.69620
3.73448
3.77040
3.80632
3.84224
3.87817
3.91712
3.95608
3.99504
4.03399
4.06650
4.09900
4.13151
4.16402
4.19703
4.23005
4.26307
4.29608
4.32778
4.35947
4.39117
4.42286
4.45140
4.47993
4.50846
4.53699
4.56891
4.60082
4.63274
4.66466
4.68198
4.69930
4.71663
4.73395
4.75572
4.77748
4.79925
4.82101
4.83679
4.85257
4.86835
4.88413
4.89576
4.90739
4.91902
4.93065
4.94516
4.95968
4.97419
4.98870
4.99560
5.00250
5.00940
5.01630
5.02573
5.03515
5.04458
5.05400
5.06028
5.06656
5.07283
5.07911
5.08302
5.08693
5.09083
5.09474
5.09717
5.09961
5.10204
5.10447
0.84704
0.84704
0.84704
0.84704
0.84704
0.84704
0.84704
0.84704
0.84704
0.84704
0.84704
0.84704
0.84704
0.84704
0.84704
0.84704
0.84704
0.84704
0.84704
0.84704
0.84704
0.84704
0.84704
0.84704
0.84704
0.84704
0.84704
0.84704
0.84704
0.84704
0.84704
0.84704
0.84704
0.84704
0.84704
0.84704
0.84704
0.84704
0.84704
0.84704
0.84704
0.84704
0.84704
0.84704
0.84704
0.84704
0.84704
0.84704
0.84704
0.84704
0.84704
0.84704
0.84704
0.84704
0.84704
0.84704
0.84704
0.84704
0.84704
0.84704
0.84704
0.84704
0.84704
0.84704
0.84704
0.84704
0.84704
0.84704
0.84704
0.84704
0.84704
0.84704
0.84704
0.84704
0.84704
0.84704
0.84704
0.84704
0.84704
0.84704
0.84704
0.84704
0.84704
0.84704
0.84704
0.84704
0.84704
0.84704
0.84704
0.84704
0.84704
0.84704
0.84704
0.84918
0.85133
0.85347
0.85561
0.86025
0.86488
0.86951
0.87415
0.88089
0.88764
0.89438
0.90112
0.91081
0.92049
0.93018
0.93986
0.95140
0.96294
0.97448
0.98601
0.99844
1.01086
1.02328
1.03570
1.04914
1.06257
1.07601
1.08944
1.10236
1.11527
1.12819
1.14110
1.15468
1.16826
1.18183
1.19541
1.20655
1.21769
1.22884
1.23998
1.25370
1.26742
1.28114
1.29486
1.30397
1.31308
1.32219
1.33130
1.34370
1.35609
1.36848
1.38088
1.38994
1.39901
1.40807
1.41714
1.42729
1.43745
1.44760
1.45775
1.46751
1.47726
1.48702
1.49677
1.50513
1.51349
1.52185
1.53021
1.53934
1.54848
1.55761
1.56674
1.57463
1.58251
1.59039
1.59827
1.60642
1.61456
1.62271
1.63085
1.63818
1.64551
1.65284
1.66017
1.66730
1.67443
1.68155
1.68868
1.69538
1.70208
1.70877
1.71547
1.72148
1.72749
1.73350
1.73951
1.74506
1.75060
1.75614
1.76168
1.76634
1.77100
1.77567
1.78033
1.78444
1.78855
1.79266
1.79676
1.80104
1.80531
1.80959
1.81386
1.81740
1.82094
1.82448
1.82802
1.83200
1.83597
1.83994
1.84392
1.84899
1.85406
1.85914
1.86421
1.86999
1.87576
1.88154
1.88732
1.89527
1.90322
1.91117
1.91912
1.92951
1.93989
1.95028
1.96067
1.97330
1.98592
1.99855
2.01117
2.02642
2.04167
2.05692
2.07218
2.09036
2.10855
2.12673
2.14492
2.16358
2.18225
2.20091
2.21958
2.24108
2.26258
2.28408
2.30558
2.32827
2.35096
2.37366
2.39635
2.42138
2.44641
2.47145
2.49648
2.52278
2.54909
2.57539
2.60169
2.62998
2.65827
2.68655
2.71484
2.74414
2.77345
2.80275
2.83206
2.86202
2.89199
2.92195
2.95192
2.98388
3.01585
3.04782
3.07978
3.11118
3.14258
3.17398
3.20538
3.23994
3.27449
3.30905
3.34360
3.37789
3.41218
3.44646
3.48075
3.51784
3.55493
3.59202
3.62911
3.66532
3.70153
3.73774
3.77395
3.81122
3.84849
3.88576
3.92304
3.95636
3.98968
4.02300
4.05632
4.08958
4.12285
4.15612
4.18938
4.22234
4.25529
4.28825
4.32121
4.35069
4.38018
4.40966
4.43915
4.47118
4.50321
4.53524
4.56727
4.58764
4.60800
4.62837
4.64874
4.67103
4.69333
4.71562
4.73792
4.75677
4.77562
4.79446
4.81331
4.82604
4.83877
4.85150
4.86423
4.88028
4.89633
4.91238
4.92844
4.93747
4.94649
4.95552
4.96455
4.97470
4.98486
4.99501
5.00516
5.01348
5.02180
5.03013
5.03845
5.04247
5.04650
5.05053
5.05455
5.05798
5.06141
5.06484
5.06827
0.65851
0.65851
0.65851
0.65851
0.65851
0.65851
0.65851
0.65851
0.65851
0.65851
0.65851
0.65851
0.65851
0.65851
0.65851
0.65851
0.65851
0.65851
0.65851
0.65851
0.65851
0.65851
0.65851
0.65851
0.65851
0.65851
0.65851
0.65851
0.65851
0.65851
0.65851
0.65851
0.65851
0.65851
0.65851
0.65851
0.65851
0.65851
0.65851
0.65851
0.65851
0.65851
0.65851
0.65851
0.65851
0.65851
0.65851
0.65851
0.65851
0.65851
0.65851
0.65851
0.65851
0.65851
0.65851
0.65851
0.65851
0.65851
0.65851
0.65851
0.65851
0.65851
0.65851
0.65851
0.65851
0.65851
0.65851
0.65851
0.65851
0.65851
0.65851
0.65851
0.65851
0.65851
0.65851
0.65851
0.65851
0.65851
0.65851
0.65851
0.65851
0.65851
0.65851
0.65851
0.65851
0.65851
0.65851
0.65851
0.65851
0.65851
0.65851
0.65851
0.65851
0.66009
0.66167
0.66325
0.66482
0.66945
0.67407
0.67870
0.68332
0.69011
0.69691
0.70370
0.71049
0.72015
0.72981
0.73948
0.74914
0.76124
0.77334
0.78544
0.79754
0.80958
0.82162
0.83366
0.84569
0.85858
0.87147
0.88436
0.89725
0.90929
0.92132
0.93336
0.94539
0.95709
0.96879
0.98049
0.99218
1.00253
1.01289
1.02324
1.03359
1.04581
1.05802
1.07024
1.08246
1.09223
1.10201
1.11178
1.12155
1.13434
1.14713
1.15992
1.17272
1.18448
1.19625
1.20801
1.21978
1.23242
1.24506
1.25770
1.27034
1.28423
1.29812
1.31200
1.32589
1.33765
1.34941
1.36117
1.37293
1.38619
1.39945
1.41271
1.42597
1.43720
1.44842
1.45964
1.47086
1.48223
1.49361
1.50498
1.51635
1.52670
1.53706
1.54741
1.55776
1.56705
1.57635
1.58564
1.59494
1.60412
1.61330
1.62248
1.63166
1.63853
1.64539
1.65226
1.65912
1.66631
1.67351
1.68070
1.68789
1.69231
1.69673
1.70114
1.70556
1.71011
1.71467
1.71922
1.72377
1.72776
1.73174
1.73573
1.73971
1.74353
1.74736
1.75118
1.75501
1.75979
1.76458
1.76937
1.77416
1.78064
1.78712
1.79360
1.80007
1.80751
1.81494
1.82238
1.82982
1.83958
1.84935
1.85911
1.86888
1.88071
1.89255
1.90438
1.91622
1.92954
1.94287
1.95620
1.96953
1.98544
2.00135
2.01726
2.03317
2.05055
2.06792
2.08529
2.10267
2.12151
2.14035
2.15919
2.17803
2.19769
2.21735
2.23701
2.25667
2.27857
2.30046
2.32235
2.34425
2.36680
2.38936
2.41192
2.43447
2.45912
2.48377
2.50842
2.53307
2.55903
2.58499
2.61095
2.63691
2.66454
2.69217
2.71980
2.74743
2.77601
2.80459
2.83317
2.86175
2.89251
2.92327
2.95403
2.98479
3.01585
3.04692
3.07799
3.10905
3.14270
3.17635
3.21000
3.24365
3.27798
3.31231
3.34663
3.38096
3.41685
3.45274
3.48863
3.52451
3.56101
3.59750
3.63400
3.67049
3.70606
3.74162
3.77719
3.81276
3.84686
3.88096
3.91506
3.94917
3.98266
4.01615
4.04964
4.08313
4.11731
4.15150
4.18568
4.21987
4.25030
4.28073
4.31116
4.34159
4.37371
4.40583
4.43795
4.47007
4.49347
4.51688
4.54029
4.56369
4.58651
4.60933
4.63215
4.65496
4.67686
4.69876
4.72066
4.74255
4.75638
4.77021
4.78404
4.79788
4.81545
4.83303
4.85061
4.86818
4.87935
4.89051
4.90167
4.91284
4.92371
4.93459
4.94546
4.95634
4.96671
4.97707
4.98744
4.99781
5.00195
5.00610
5.01024
5.01438
5.01880
5.02322
5.02764
5.03206
0.46998
0.46998
0.46998
0.46998
0.46998
0.46998
0.46998
0.46998
0.46998
0.46998
0.46998
0.46998
0.46998
0.46998
0.46998
0.46998
0.46998
0.46998
0.46998
0.46998
0.46998
0.46998
0.46998
0.46998
0.46998
0.46998
0.46998
0.46998
0.46998
0.46998
0.46998
0.46998
0.46998
0.46998
0.46998
0.46998
0.46998
0.46998
0.46998
0.46998
0.46998
0.46998
0.46998
0.46998
0.46998
0.46998
0.46998
0.46998
0.46998
0.46998
0.46998
0.46998
0.46998
0.46998
0.46998
0.46998
0.46998
0.46998
0.46998
0.46998
0.46998
0.46998
0.46998
0.46998
0.46998
0.46998
0.46998
0.46998
0.46998
0.46998
0.46998
0.46998
0.46998
0.46998
0.46998
0.46998
0.46998
0.46998
0.46998
0.46998
0.46998
0.46998
0.46998
0.46998
0.46998
0.46998
0.46998
0.46998
0.46998
0.46998
0.46998
0.46998
0.46998
0.47099
0.47201
0.47302
0.47403
0.47865
0.48327
0.48788
0.49250
0.49934
0.50617
0.51301
0.51985
0.52949
0.53913
0.54877
0.55841
0.57108
0.58374
0.59640
0.60907
0.62072
0.63237
0.64402
0.65567
0.66802
0.68036
0.69271
0.70505
0.71621
0.72736
0.73852
0.74967
0.75949
0.76930
0.77912
0.78893
0.79850
0.80806
0.81762
0.82718
0.83789
0.84860
0.85931
0.87002
0.88046
0.89090
0.90133
0.91177
0.92496
0.93815
0.95134
0.96452
0.97899
0.99345
1.00792
1.02238
1.03751
1.05263
1.06776
1.08289
1.10091
1.11893
1.13695
1.15497
1.17013
1.18529
1.20045
1.21561
1.23300
1.25039
1.26778
1.28517
1.29973
1.31430
1.32886
1.34342
1.35802
1.37263
1.38723
1.40183
1.41521
1.42859
1.44196
1.45534
1.46680
1.47826
1.48972
1.50119
1.51285
1.52452
1.53618
1.54785
1.55557
1.56328
1.57100
1.57871
1.58755
1.59640
1.60524
1.61408
1.61825
1.62241
1.62657
1.63074
1.63573
1.64071
1.64570
1.65069
1.65437
1.65806
1.66174
1.66542
1.66951
1.67360
1.67769
1.68178
1.68737
1.69295
1.69853
1.70411
1.71196
1.71982
1.72767
1.73552
1.74458
1.75364
1.76270
1.77176
1.78330
1.79483
1.80637
1.81790
1.83115
1.84439
1.85763
1.87087
1.88485
1.89884
1.91282
1.92680
1.94336
1.95992
1.97648
1.99304
2.00958
2.02611
2.04265
2.05919
2.07824
2.09730
2.11635
2.13540
2.15324
2.17108
2.18893
2.20677
2.22792
2.24908
2.27024
2.29139
2.31152
2.33165
2.35178
2.37191
2.39497
2.41803
2.44109
2.46415
2.48784
2.51153
2.53521
2.55890
2.58491
2.61092
2.63693
2.66293
2.69018
2.71743
2.74467
2.77192
2.80150
2.83109
2.86067
2.89026
2.92104
2.95181
2.98259
3.01337
3.04613
3.07889
3.11165
3.14441
3.17881
3.21320
3.24760
3.28200
3.31667
3.35135
3.38602
3.42070
3.45747
3.49425
3.53102
3.56780
3.60164
3.63547
3.66931
3.70315
3.73800
3.77286
3.80771
3.84256
3.87625
3.90995
3.94364
3.97733
4.01271
4.04809
4.08346
4.11884
4.15021
4.18158
4.21295
4.24432
4.27650
4.30869
4.34087
4.37305
4.39949
4.42593
4.45237
4.47881
4.50215
4.52548
4.54881
4.57215
4.59707
4.62200
4.64693
4.67185
4.68679
4.70172
4.71666
4.73159
4.75068
4.76977
4.78886
4.80794
4.82125
4.83455
4.84785
4.86115
4.87275
4.88435
4.89595
4.90754
4.91996
4.93237
4.94478
4.95719
4.96145
4.96571
4.96998
4.97424
4.97964
4.98504
4.99045
4.99585
0.28145
0.28145
0.28145
0.28145
0.28145
0.28145
0.28145
0.28145
0.28145
0.28145
0.28145
0.28145
0.28145
0.28145
0.28145
0.28145
0.28145
0.28145
0.28145
0.28145
0.28145
0.28145
0.28145
0.28145
0.28145
0.28145
0.28145
0.28145
0.28145
0.28145
0.28145
0.28145
0.28145
0.28145
0.28145
0.28145
0.28145
0.28145
0.28145
0.28145
0.28145
0.28145
0.28145
0.28145
0.28145
0.28145
0.28145
0.28145
0.28145
0.28145
0.28145
0.28145
0.28145
0.28145
0.28145
0.28145
0.28145
0.28145
0.28145
0.28145
0.28145
0.28145
0.28145
0.28145
0.28145
0.28145
0.28145
0.28145
0.28145
0.28145
0.28145
0.28145
0.28145
0.28145
0.28145
0.28145
0.28145
0.28145
0.28145
0.28145
0.28145
0.28145
0.28145
0.28145
0.28145
0.28145
0.28145
0.28145
0.28145
0.28145
0.28145
0.28145
0.28145
0.28190
0.28235
0.28279
0.28324
0.28785
0.29246
0.29706
0.30167
0.30856
0.31544
0.32232
0.32920
0.33882
0.34844
0.35807
0.36769
0.38091
0.39413
0.40736
0.42058
0.43185
0.44312
0.45438
0.46565
0.47745
0.48924
0.50104
0.51283
0.52311
0.53339
0.54367
0.55394
0.56187
0.56980
0.57773
0.58566
0.59444
0.60321
0.61198
0.62075
0.62995
0.63915
0.64835
0.65755
0.66865
0.67975
0.69086
0.70196
0.71555
0.72913
0.74272
0.75630
0.77346
0.79062
0.80778
0.82495
0.84256
0.86017
0.87779
0.89540
0.91755
0.93970
0.96185
0.98401
1.00257
1.02113
1.03970
1.05826
1.07978
1.10130
1.12281
1.14433
1.16224
1.18015
1.19806
1.21597
1.23380
1.25163
1.26946
1.28729
1.30369
1.32010
1.33651
1.35291
1.36654
1.38017
1.39379
1.40742
1.42158
1.43573
1.44988
1.46403
1.47260
1.48116
1.48972
1.49828
1.50878
1.51927
1.52976
1.54025
1.54416
1.54806
1.55196
1.55587
1.56128
1.56669
1.57211
1.57752
1.58089
1.58426
1.58763
1.59100
1.59534
1.59968
1.60402
1.60836
1.61471
1.62106
1.62741
1.63376
1.64296
1.65216
1.66136
1.67055
1.68120
1.69186
1.70251
1.71316
1.72642
1.73968
1.75294
1.76620
1.78081
1.79542
1.81003
1.82464
1.83922
1.85381
1.86840
1.88299
1.90018
1.91737
1.93457
1.95176
1.96744
1.98313
1.99881
2.01449
2.03379
2.05309
2.07239
2.09170
2.10774
2.12378
2.13982
2.15586
2.17635
2.19683
2.21731
2.23780
2.25554
2.27329
2.29103
2.30878
2.33032
2.35186
2.37339
2.39493
2.41640
2.43787
2.45934
2.48081
2.50524
2.52968
2.55412
2.57856
2.60452
2.63049
2.65645
2.68242
2.71086
2.73931
2.76775
2.79620
2.82673
2.85727
2.88780
2.91834
2.95022
2.98211
3.01400
3.04589
3.08038
3.11487
3.14936
3.18385
3.21731
3.25076
3.28421
3.31766
3.35471
3.39177
3.42882
3.46587
3.49796
3.53005
3.56213
3.59422
3.62979
3.66536
3.70094
3.73651
3.77037
3.80424
3.83811
3.87198
3.90852
3.94506
3.98160
4.01814
4.05044
4.08274
4.11504
4.14734
4.17956
4.21177
4.24399
4.27620
4.30568
4.33515
4.36463
4.39411
4.41795
4.44179
4.46563
4.48947
4.51740
4.54534
4.57327
4.60121
4.61725
4.63329
4.64933
4.66537
4.68596
4.70654
4.72713
4.74772
4.76316
4.77861
4.79406
4.80951
4.82182
4.83414
4.84645
4.85877
4.87323
4.88768
4.90214
4.91660
4.92098
4.92536
4.92973
4.93411
4.94049
4.94687
4.95325
4.95963
0.11110
0.11110
0.11110
0.11110
0.11110
0.11110
0.11110
0.11110
0.11110
0.11110
0.11110
0.11110
0.11110
0.11110
0.11110
0.11110
0.11110
0.11110
0.11110
0.11110
0.11110
0.11110
0.11110
0.11110
0.11110
0.11110
0.11110
0.11110
0.11110
0.11110
0.11110
0.11110
0.11110
0.11110
0.11110
0.11110
0.11110
0.11110
0.11110
0.11110
0.11110
0.11110
0.11110
0.11110
0.11110
0.11110
0.11110
0.11110
0.11110
0.11110
0.11110
0.11110
0.11110
0.11110
0.11110
0.11110
0.11110
0.11110
0.11110
0.11110
0.11110
0.11110
0.11110
0.11110
0.11110
0.11110
0.11110
0.11110
0.11110
0.11110
0.11110
0.11110
0.11110
0.11110
0.11110
0.11110
0.11110
0.11110
0.11110
0.11110
0.11110
0.11110
0.11110
0.11110
0.11110
0.11110
0.11110
0.11110
0.11110
0.11110
0.11110
0.11110
0.11110
0.11118
0.11127
0.11135
0.11144
0.11572
0.12000
0.12428
0.12856
0.13534
0.14212
0.14889
0.15567
0.16504
0.17442
0.18379
0.19317
0.20567
0.21817
0.23067
0.24318
0.25351
0.26384
0.27417
0.28450
0.29515
0.30580
0.31646
0.32711
0.33635
0.34560
0.35484
0.36409
0.37079
0.37749
0.38419
0.39089
0.39923
0.40757
0.41592
0.42426
0.43289
0.44153
0.45016
0.45879
0.47079
0.48278
0.49478
0.50678
0.52114
0.53551
0.54987
0.56423
0.58335
0.60247
0.62158
0.64070
0.66039
0.68008
0.69978
0.71947
0.74402
0.76856
0.79311
0.81765
0.83895
0.86025
0.88155
0.90285
0.92637
0.94990
0.97342
0.99695
1.01731
1.03767
1.05804
1.07840
1.09748
1.11656
1.13563
1.15471
1.17268
1.19065
1.20862
1.22659
1.24093
1.25527
1.26961
1.28395
1.29885
1.31376
1.32867
1.34357
1.35245
1.36132
1.37020
1.37907
1.39013
1.40119
1.41225
1.42332
1.42758
1.43184
1.43611
1.44037
1.44666
1.45295
1.45925
1.46554
1.46990
1.47427
1.47864
1.48300
1.48868
1.49435
1.50003
1.50570
1.51395
1.52221
1.53046
1.53871
1.54947
1.56024
1.57101
1.58177
1.59452
1.60727
1.62002
1.63277
1.64744
1.66211
1.67677
1.69144
1.70752
1.72359
1.73967
1.75575
1.77099
1.78623
1.80147
1.81671
1.83447
1.85222
1.86998
1.88773
1.90311
1.91850
1.93388
1.94926
1.96844
1.98762
2.00680
2.02598
2.04118
2.05637
2.07156
2.08676
2.10645
2.12615
2.14584
2.16553
2.18214
2.19874
2.21534
2.23194
2.25240
2.27287
2.29334
2.31381
2.33433
2.35485
2.37537
2.39589
2.41940
2.44290
2.46641
2.48991
2.51549
2.54108
2.56666
2.59224
2.62005
2.64786
2.67566
2.70347
2.73408
2.76469
2.79530
2.82591
2.85723
2.88854
2.91986
2.95117
2.98558
3.02000
3.05442
3.08883
3.12150
3.15417
3.18683
3.21950
3.25627
3.29304
3.32982
3.36659
3.39785
3.42912
3.46038
3.49164
3.52723
3.56281
3.59839
3.63397
3.66809
3.70220
3.73631
3.77043
3.80721
3.84400
3.88079
3.91758
3.95089
3.98420
4.01750
4.05081
4.08284
4.11488
4.14691
4.17894
4.21060
4.24226
4.27392
4.30558
4.33022
4.35486
4.37950
4.40414
4.43394
4.46374
4.49354
4.52333
4.54122
4.55911
4.57700
4.59489
4.61660
4.63831
4.66003
4.68174
4.69971
4.71768
4.73565
4.75362
4.76651
4.77940
4.79229
4.80518
4.82126
4.83735
4.85343
4.86952
4.87469
4.87987
4.88504
4.89021
4.89728
4.90434
4.91140
4.91846
-0.02878
-0.02878
-0.02878
-0.02878
-0.02878
-0.02878
-0.02878
-0.02878
-0.02878
-0.02878
-0.02878
-0.02878
-0.02878
-0.02878
-0.02878
-0.02878
-0.02878
-0.02878
-0.02878
-0.02878
-0.02878
-0.02878
-0.02878
-0.02878
-0.02878
-0.02878
-0.02878
-0.02878
-0.02878
-0.02878
-0.02878
-0.02878
-0.02878
-0.02878
-0.02878
-0.02878
-0.02878
-0.02878
-0.02878
-0.02878
-0.02878
-0.02878
-0.02878
-0.02878
-0.02878
-0.02878
-0.02878
-0.02878
-0.02878
-0.02878
-0.02878
-0.02878
-0.02878
-0.02878
-0.02878
-0.02878
-0.02878
-0.02878
-0.02878
-0.02878
-0.02878
-0.02878
-0.02878
-0.02878
-0.02878
-0.02878
-0.02878
-0.02878
-0.02878
-0.02878
-0.02878
-0.02878
-0.02878
-0.02878
-0.02878
-0.02878
-0.02878
-0.02878
-0.02878
-0.02878
-0.02878
-0.02878
-0.02878
-0.02878
-0.02878
-0.02878
-0.02878
-0.02878
-0.02878
-0.02878
-0.02878
-0.02878
-0.02878
-0.02872
-0.02866
-0.02860
-0.02854
-0.02512
-0.02169
-0.01827
-0.01485
-0.00843
-0.00201
0.00440
0.01082
0.01957
0.02833
0.03708
0.04583
0.05546
0.06510
0.07474
0.08437
0.09284
0.10130
0.10977
0.11823
0.12675
0.13526
0.14378
0.15229
0.16025
0.16820
0.17615
0.18410
0.19067
0.19724
0.20381
0.21038
0.21890
0.22742
0.23594
0.24446
0.25411
0.26376
0.27341
0.28306
0.29633
0.30960
0.32288
0.33615
0.35192
0.36770
0.38347
0.39925
0.41908
0.43891
0.45874
0.47857
0.49966
0.52074
0.54183
0.56291
0.58694
0.61097
0.63501
0.65904
0.68194
0.70485
0.72775
0.75065
0.77263
0.79461
0.81659
0.83856
0.85987
0.88118
0.90249
0.92380
0.94080
0.95781
0.97481
0.99182
1.00888
1.02595
1.04302
1.06008
1.07269
1.08530
1.09791
1.11052
1.12327
1.13601
1.14876
1.16151
1.16980
1.17809
1.18639
1.19468
1.20451
1.21434
1.22417
1.23400
1.23968
1.24536
1.25104
1.25672
1.26467
1.27262
1.28057
1.28852
1.29611
1.30370
1.31129
1.31887
1.32773
1.33659
1.34544
1.35430
1.36639
1.37848
1.39057
1.40266
1.41541
1.42815
1.44090
1.45365
1.46940
1.48515
1.50090
1.51665
1.53225
1.54785
1.56345
1.57905
1.59681
1.61456
1.63232
1.65007
1.66610
1.68212
1.69814
1.71417
1.73235
1.75054
1.76872
1.78691
1.80292
1.81894
1.83496
1.85098
1.86933
1.88767
1.90601
1.92435
1.94025
1.95614
1.97203
1.98793
2.00652
2.02511
2.04369
2.06228
2.07974
2.09720
2.11465
2.13211
2.15217
2.17223
2.19229
2.21235
2.23400
2.25564
2.27729
2.29893
2.32253
2.34613
2.36973
2.39333
2.42001
2.44669
2.47338
2.50006
2.52807
2.55608
2.58409
2.61210
2.64331
2.67452
2.70573
2.73694
2.76819
2.79945
2.83070
2.86196
2.89600
2.93004
2.96409
2.99813
3.03080
3.06346
3.09613
3.12879
3.16436
3.19992
3.23549
3.27105
3.30309
3.33513
3.36717
3.39921
3.43365
3.46810
3.50254
3.53698
3.57149
3.60601
3.64052
3.67504
3.71057
3.74611
3.78164
3.81718
3.85162
3.88606
3.92050
3.95495
3.98645
4.01796
4.04947
4.08098
4.11339
4.14580
4.17821
4.21062
4.23655
4.26249
4.28842
4.31435
4.34411
4.37387
4.40363
4.43339
4.45436
4.47532
4.49629
4.51726
4.53949
4.56172
4.58395
4.60618
4.62730
4.64841
4.66953
4.69064
4.70386
4.71708
4.73030
4.74352
4.76053
4.77753
4.79453
4.81153
4.81865
4.82576
4.83287
4.83999
4.84724
4.85449
4.86174
4.86899
-0.16865
-0.16865
-0.16865
-0.16865
-0.16865
-0.16865
-0.16865
-0.16865
-0.16865
-0.16865
-0.16865
-0.16865
-0.16865
-0.16865
-0.16865
-0.16865
-0.16865
-0.16865
-0.16865
-0.16865
-0.16865
-0.16865
-0.16865
-0.16865
-0.16865
-0.16865
-0.16865
-0.16865
-0.16865
-0.16865
-0.16865
-0.16865
-0.16865
-0.16865
-0.16865
-0.16865
-0.16865
-0.16865
-0.16865
-0.16865
-0.16865
-0.16865
-0.16865
-0.16865
-0.16865
-0.16865
-0.16865
-0.16865
-0.16865
-0.16865
-0.16865
-0.16865
-0.16865
-0.16865
-0.16865
-0.16865
-0.16865
-0.16865
-0.16865
-0.16865
-0.16865
-0.16865
-0.16865
-0.16865
-0.16865
-0.16865
-0.16865
-0.16865
-0.16865
-0.16865
-0.16865
-0.16865
-0.16865
-0.16865
-0.16865
-0.16865
-0.16865
-0.16865
-0.16865
-0.16865
-0.16865
-0.16865
-0.16865
-0.16865
-0.16865
-0.16865
-0.16865
-0.16865
-0.16865
-0.16865
-0.16865
-0.16865
-0.16865
-0.16862
-0.16858
-0.16855
-0.16851
-0.16595
-0.16338
-0.16082
-0.15825
-0.15220
-0.14614
-0.14008
-0.13402
-0.12589
-0.11776
-0.10963
-0.10150
-0.09473
-0.08796
-0.08119
-0.07442
-0.06782
-0.06122
-0.05462
-0.04802
-0.04164
-0.03526
-0.02888
-0.02250
-0.01584
-0.00918
-0.00252
0.00413
0.01057
0.01701
0.02345
0.02989
0.03858
0.04727
0.05597
0.06466
0.07533
0.08599
0.09666
0.10732
0.12187
0.13641
0.15096
0.16551
0.18269
0.19987
0.21705
0.23424
0.25478
0.27532
0.29587
0.31641
0.33888
0.36135
0.38382
0.40630
0.42981
0.45332
0.47683
0.50034
0.52485
0.54935
0.57386
0.59836
0.61879
0.63921
0.65963
0.68006
0.70230
0.72454
0.74679
0.76903
0.78396
0.79889
0.81381
0.82874
0.84489
0.86104
0.87718
0.89333
0.90421
0.91509
0.92597
0.93684
0.94742
0.95799
0.96857
0.97915
0.98686
0.99457
1.00229
1.01000
1.01860
1.02720
1.03580
1.04440
1.05151
1.05862
1.06573
1.07283
1.08246
1.09209
1.10172
1.11135
1.12217
1.13299
1.14382
1.15464
1.16669
1.17874
1.19079
1.20284
1.21878
1.23472
1.25067
1.26661
1.28134
1.29607
1.31081
1.32554
1.34429
1.36304
1.38179
1.40053
1.41707
1.43360
1.45013
1.46666
1.48608
1.50549
1.52491
1.54433
1.56111
1.57790
1.59468
1.61147
1.63004
1.64862
1.66720
1.68578
1.70239
1.71901
1.73562
1.75224
1.76968
1.78713
1.80457
1.82201
1.83857
1.85513
1.87168
1.88824
1.90567
1.92310
1.94053
1.95796
1.97626
1.99455
2.01285
2.03115
2.05080
2.07045
2.09010
2.10975
2.13254
2.15533
2.17813
2.20092
2.22466
2.24839
2.27213
2.29587
2.32371
2.35156
2.37941
2.40726
2.43554
2.46382
2.49210
2.52039
2.55226
2.58414
2.61601
2.64789
2.67914
2.71039
2.74165
2.77290
2.80661
2.84032
2.87403
2.90773
2.94045
2.97316
3.00588
3.03859
3.07295
3.10731
3.14166
3.17602
3.20886
3.24170
3.27454
3.30738
3.34068
3.37397
3.40727
3.44057
3.47548
3.51040
3.54532
3.58023
3.61450
3.64876
3.68303
3.71729
3.75284
3.78839
3.82394
3.85949
3.89047
3.92145
3.95243
3.98341
4.01653
4.04966
4.08279
4.11591
4.14314
4.17036
4.19758
4.22481
4.25451
4.28422
4.31393
4.34363
4.36767
4.39170
4.41573
4.43976
4.46251
4.48525
4.50799
4.53073
4.55498
4.57923
4.60347
4.62772
4.64127
4.65482
4.66837
4.68192
4.69983
4.71773
4.73564
4.75354
4.76261
4.77167
4.78073
4.78980
4.79724
4.80468
4.81212
4.81956
-0.30852
-0.30852
-0.30852
-0.30852
-0.30852
-0.30852
-0.30852
-0.30852
-0.30852
-0.30852
-0.30852
-0.30852
-0.30852
-0.30852
-0.30852
-0.30852
-0.30852
-0.30852
-0.30852
-0.30852
-0.30852
-0.30852
-0.30852
-0.30852
-0.30852
-0.30852
-0.30852
-0.30852
-0.30852
-0.30852
-0.30852
-0.30852
-0.30852
-0.30852
-0.30852
-0.30852
-0.30852
-0.30852
-0.30852
-0.30852
-0.30852
-0.30852
-0.30852
-0.30852
-0.30852
-0.30852
-0.30852
-0.30852
-0.30852
-0.30852
-0.30852
-0.30852
-0.30852
-0.30852
-0.30852
-0.30852
-0.30852
-0.30852
-0.30852
-0.30852
-0.30852
-0.30852
-0.30852
-0.30852
-0.30852
-0.30852
-0.30852
-0.30852
-0.30852
-0.30852
-0.30852
-0.30852
-0.30852
-0.30852
-0.30852
-0.30852
-0.30852
-0.30852
-0.30852
-0.30852
-0.30852
-0.30852
-0.30852
-0.30852
-0.30852
-0.30852
-0.30852
-0.30852
-0.30852
-0.30852
-0.30852
-0.30852
-0.30852
-0.30851
-0.30850
-0.30849
-0.30848
-0.30677
-0.30507
-0.30336
-0.30166
-0.29596
-0.29026
-0.28456
-0.27886
-0.27134
-0.26383
-0.25632
-0.24881
-0.24490
-0.24100
-0.23709
-0.23319
-0.22846
-0.22372
-0.21899
-0.21426
-0.21001
-0.20576
-0.20152
-0.19727
-0.19191
-0.18655
-0.18119
-0.17582
-0.16951
-0.16321
-0.15690
-0.15059
-0.14172
-0.13286
-0.12399
-0.11513
-0.10345
-0.09177
-0.08009
-0.06841
-0.05260
-0.03678
-0.02097
-0.00515
0.01344
0.03202
0.05061
0.06920
0.09045
0.11170
0.13295
0.15420
0.17805
0.20191
0.22577
0.24962
0.27261
0.29560
0.31858
0.34157
0.36767
0.39377
0.41987
0.44597
0.46484
0.48370
0.50257
0.52143
0.54460
0.56776
0.59093
0.61410
0.62694
0.63979
0.65263
0.66547
0.68069
0.69591
0.71113
0.72634
0.73549
0.74463
0.75377
0.76291
0.77131
0.77970
0.78810
0.79649
0.80363
0.81077
0.81790
0.82504
0.83241
0.83979
0.84716
0.85453
0.86308
0.87163
0.88017
0.88872
0.90004
0.91136
0.92268
0.93400
0.94808
0.96216
0.97624
0.99031
1.00557
1.02082
1.03607
1.05132
1.07113
1.09094
1.11075
1.13055
1.14728
1.16400
1.18072
1.19744
1.21918
1.24093
1.26268
1.28442
1.30188
1.31934
1.33680
1.35426
1.37533
1.39639
1.41745
1.43851
1.45604
1.47356
1.49109
1.50861
1.52754
1.54648
1.56541
1.58435
1.60152
1.61869
1.63585
1.65302
1.66951
1.68599
1.70248
1.71896
1.73615
1.75333
1.77051
1.78769
1.80391
1.82013
1.83635
1.85256
1.87169
1.89081
1.90994
1.92906
1.94829
1.96752
1.98675
2.00598
2.02995
2.05392
2.07788
2.10185
2.12577
2.14969
2.17361
2.19753
2.22661
2.25568
2.28476
2.31383
2.34245
2.37108
2.39970
2.42832
2.46093
2.49354
2.52615
2.55876
2.59007
2.62138
2.65269
2.68400
2.71741
2.75082
2.78423
2.81765
2.85046
2.88327
2.91608
2.94889
2.98204
3.01520
3.04835
3.08150
3.11517
3.14883
3.18250
3.21617
3.24831
3.28045
3.31258
3.34472
3.38005
3.41537
3.45070
3.48602
3.51899
3.55197
3.58495
3.61792
3.65455
3.69118
3.72781
3.76444
3.79488
3.82533
3.85577
3.88621
3.92002
3.95383
3.98765
4.02146
4.04997
4.07848
4.10699
4.13550
4.16514
4.19478
4.22442
4.25406
4.28115
4.30823
4.33532
4.36240
4.38565
4.40890
4.43215
4.45539
4.48276
4.51013
4.53750
4.56487
4.57875
4.59262
4.60650
4.62038
4.63917
4.65796
4.67676
4.69555
4.70657
4.71760
4.72862
4.73965
4.74728
4.75491
4.76253
4.77016
-0.41993
-0.41993
-0.41993
-0.41993
-0.41993
-0.41993
-0.41993
-0.41993
-0.41993
-0.41993
-0.41993
-0.41993
-0.41993
-0.41993
-0.41993
-0.41993
-0.41993
-0.41993
-0.41993
-0.41993
-0.41993
-0.41993
-0.41993
-0.41993
-0.41993
-0.41993
-0.41993
-0.41993
-0.41993
-0.41993
-0.41993
-0.41993
-0.41993
-0.41993
-0.41993
-0.41993
-0.41993
-0.41993
-0.41993
-0.41993
-0.41993
-0.41993
-0.41993
-0.41993
-0.41993
-0.41993
-0.41993
-0.41993
-0.41993
-0.41993
-0.41993
-0.41993
-0.41993
-0.41993
-0.41993
-0.41993
-0.41993
-0.41993
-0.41993
-0.41993
-0.41993
-0.41993
-0.41993
-0.41993
-0.41993
-0.41993
-0.41993
-0.41993
-0.41993
-0.41993
-0.41993
-0.41993
-0.41993
-0.41993
-0.41993
-0.41993
-0.41993
-0.41993
-0.41993
-0.41993
-0.41993
-0.41993
-0.41993
-0.41993
-0.41993
-0.41993
-0.41993
-0.41993
-0.41993
-0.41993
-0.41993
-0.41993
-0.41993
-0.41993
-0.41993
-0.41993
-0.41993
-0.41886
-0.41779
-0.41671
-0.41564
-0.40988
-0.40413
-0.39837
-0.39262
-0.38445
-0.37629
-0.36812
-0.35996
-0.35621
-0.35247
-0.34872
-0.34498
-0.34063
-0.33628
-0.33193
-0.32758
-0.32386
-0.32014
-0.31642
-0.31270
-0.30851
-0.30432
-0.30013
-0.29594
-0.29046
-0.28498
-0.27949
-0.27401
-0.26673
-0.25945
-0.25217
-0.24489
-0.23504
-0.22518
-0.21533
-0.20548
-0.19176
-0.17805
-0.16434
-0.15062
-0.13461
-0.11860
-0.10259
-0.08658
-0.06807
-0.04957
-0.03107
-0.01257
0.00872
0.03001
0.05130
0.07259
0.09271
0.11283
0.13295
0.15307
0.17721
0.20135
0.22548
0.24962
0.26665
0.28368
0.30070
0.31773
0.33982
0.36191
0.38400
0.40609
0.41858
0.43107
0.44356
0.45605
0.47099
0.48593
0.50087
0.51581
0.52586
0.53591
0.54596
0.55601
0.56468
0.57334
0.58201
0.59068
0.59980
0.60892
0.61804
0.62717
0.63552
0.64388
0.65224
0.66060
0.67191
0.68322
0.69453
0.70584
0.71922
0.73260
0.74598
0.75935
0.77631
0.79326
0.81022
0.82717
0.84495
0.86272
0.88050
0.89827
0.92048
0.94269
0.96489
0.98710
1.00614
1.02517
1.04421
1.06324
1.08708
1.11092
1.13475
1.15859
1.17842
1.19825
1.21807
1.23790
1.26102
1.28415
1.30727
1.33039
1.35076
1.37114
1.39151
1.41189
1.43272
1.45356
1.47440
1.49524
1.51548
1.53571
1.55595
1.57619
1.59415
1.61211
1.63007
1.64803
1.66799
1.68796
1.70793
1.72790
1.74519
1.76249
1.77978
1.79708
1.81804
1.83899
1.85995
1.88090
1.90052
1.92014
1.93977
1.95939
1.98336
2.00733
2.03131
2.05528
2.07855
2.10182
2.12509
2.14837
2.17563
2.20290
2.23016
2.25742
2.28442
2.31141
2.33840
2.36540
2.39571
2.42603
2.45635
2.48667
2.51643
2.54618
2.57594
2.60569
2.63742
2.66914
2.70087
2.73259
2.76489
2.79719
2.82949
2.86179
2.89353
2.92528
2.95702
2.98876
3.02253
3.05630
3.09007
3.12384
3.15533
3.18681
3.21830
3.24979
3.28506
3.32033
3.35560
3.39087
3.42336
3.45585
3.48833
3.52082
3.55744
3.59406
3.63068
3.66730
3.69813
3.72897
3.75981
3.79065
3.82439
3.85814
3.89189
3.92563
3.95573
3.98582
4.01591
4.04601
4.07548
4.10496
4.13443
4.16391
4.19337
4.22284
4.25231
4.28178
4.30566
4.32953
4.35341
4.37729
4.40627
4.43525
4.46422
4.49320
4.50874
4.52429
4.53983
4.55538
4.57462
4.59386
4.61310
4.63234
4.64575
4.65916
4.67257
4.68597
4.69375
4.70153
4.70931
4.71709
-0.50258
-0.50258
-0.50258
-0.50258
-0.50258
-0.50258
-0.50258
-0.50258
-0.50258
-0.50258
-0.50258
-0.50258
-0.50258
-0.50258
-0.50258
-0.50258
-0.50258
-0.50258
-0.50258
-0.50258
-0.50258
-0.50258
-0.50258
-0.50258
-0.50258
-0.50258
-0.50258
-0.50258
-0.50258
-0.50258
-0.50258
-0.50258
-0.50258
-0.50258
-0.50258
-0.50258
-0.50258
-0.50258
-0.50258
-0.50258
-0.50258
-0.50258
-0.50258
-0.50258
-0.50258
-0.50258
-0.50258
-0.50258
-0.50258
-0.50258
-0.50258
-0.50258
-0.50258
-0.50258
-0.50258
-0.50258
-0.50258
-0.50258
-0.50258
-0.50258
-0.50258
-0.50258
-0.50258
-0.50258
-0.50258
-0.50258
-0.50258
-0.50258
-0.50258
-0.50258
-0.50258
-0.50258
-0.50258
-0.50258
-0.50258
-0.50258
-0.50258
-0.50258
-0.50258
-0.50258
-0.50258
-0.50258
-0.50258
-0.50258
-0.50258
-0.50258
-0.50258
-0.50258
-0.50258
-0.50258
-0.50258
-0.50258
-0.50258
-0.50258
-0.50258
-0.50258
-0.50258
-0.50190
-0.50123
-0.50056
-0.49989
-0.49366
-0.48743
-0.48120
-0.47497
-0.46487
-0.45477
-0.44466
-0.43456
-0.42824
-0.42192
-0.41560
-0.40928
-0.40381
-0.39835
-0.39289
-0.38742
-0.38260
-0.37778
-0.37296
-0.36813
-0.36500
-0.36186
-0.35872
-0.35559
-0.35163
-0.34768
-0.34373
-0.33977
-0.33586
-0.33194
-0.32802
-0.32411
-0.31895
-0.31379
-0.30864
-0.30348
-0.29528
-0.28708
-0.27888
-0.27068
-0.26127
-0.25186
-0.24245
-0.23304
-0.22078
-0.20852
-0.19626
-0.18400
-0.16928
-0.15455
-0.13983
-0.12510
-0.11022
-0.09534
-0.08046
-0.06558
-0.04700
-0.02842
-0.00985
0.00873
0.02363
0.03853
0.05344
0.06834
0.08732
0.10631
0.12529
0.14428
0.15815
0.17203
0.18591
0.19978
0.21510
0.23043
0.24575
0.26107
0.27469
0.28832
0.30194
0.31557
0.32698
0.33840
0.34982
0.36124
0.37494
0.38864
0.40234
0.41604
0.42764
0.43923
0.45082
0.46241
0.47785
0.49329
0.50872
0.52416
0.53999
0.55583
0.57166
0.58749
0.60698
0.62646
0.64595
0.66543
0.68508
0.70473
0.72437
0.74402
0.76719
0.79036
0.81352
0.83669
0.85841
0.88012
0.90184
0.92356
0.94862
0.97368
0.99875
1.02381
1.04752
1.07122
1.09493
1.11864
1.14431
1.16997
1.19564
1.22130
1.24674
1.27218
1.29762
1.32306
1.34745
1.37184
1.39623
1.42063
1.44657
1.47251
1.49845
1.52439
1.54638
1.56837
1.59036
1.61236
1.63738
1.66241
1.68743
1.71245
1.73324
1.75402
1.77480
1.79558
1.81946
1.84333
1.86721
1.89109
1.91201
1.93293
1.95384
1.97476
1.99763
2.02049
2.04336
2.06623
2.08807
2.10992
2.13177
2.15362
2.17605
2.19849
2.22093
2.24337
2.26676
2.29016
2.31356
2.33695
2.36193
2.38691
2.41189
2.43687
2.46340
2.48993
2.51645
2.54298
2.57155
2.60013
2.62870
2.65728
2.68834
2.71941
2.75047
2.78154
2.81154
2.84154
2.87155
2.90155
2.93457
2.96759
3.00061
3.03363
3.06483
3.09604
3.12724
3.15844
3.19308
3.22772
3.26236
3.29699
3.32967
3.36235
3.39503
3.42771
3.46311
3.49852
3.53392
3.56933
3.60142
3.63352
3.66562
3.69772
3.73057
3.76342
3.79626
3.82911
3.86104
3.89296
3.92489
3.95682
3.98597
4.01513
4.04428
4.07344
4.10459
4.13575
4.16690
4.19805
4.22266
4.24726
4.27186
4.29646
4.32551
4.35457
4.38362
4.41267
4.43122
4.44977
4.46832
4.48687
4.50611
4.52534
4.54458
4.56381
4.58004
4.59627
4.61249
4.62872
4.63660
4.64447
4.65235
4.66022
-0.58522
-0.58522
-0.58522
-0.58522
-0.58522
-0.58522
-0.58522
-0.58522
-0.58522
-0.58522
-0.58522
-0.58522
-0.58522
-0.58522
-0.58522
-0.58522
-0.58522
-0.58522
-0.58522
-0.58522
-0.58522
-0.58522
-0.58522
-0.58522
-0.58522
-0.58522
-0.58522
-0.58522
-0.58522
-0.58522
-0.58522
-0.58522
-0.58522
-0.58522
-0.58522
-0.58522
-0.58522
-0.58522
-0.58522
-0.58522
-0.58522
-0.58522
-0.58522
-0.58522
-0.58522
-0.58522
-0.58522
-0.58522
-0.58522
-0.58522
-0.58522
-0.58522
-0.58522
-0.58522
-0.58522
-0.58522
-0.58522
-0.58522
-0.58522
-0.58522
-0.58522
-0.58522
-0.58522
-0.58522
-0.58522
-0.58522
-0.58522
-0.58522
-0.58522
-0.58522
-0.58522
-0.58522
-0.58522
-0.58522
-0.58522
-0.58522
-0.58522
-0.58522
-0.58522
-0.58522
-0.58522
-0.58522
-0.58522
-0.58522
-0.58522
-0.58522
-0.58522
-0.58522
-0.58522
-0.58522
-0.58522
-0.58522
-0.58522
-0.58522
-0.58522
-0.58522
-0.58522
-0.58495
-0.58468
-0.58441
-0.58414
-0.57744
-0.57074
-0.56403
-0.55733
-0.54529
-0.53325
-0.52120
-0.50916
-0.50027
-0.49137
-0.48247
-0.47358
-0.46700
-0.46042
-0.45384
-0.44727
-0.44134
-0.43542
-0.42949
-0.42357
-0.42149
-0.41940
-0.41732
-0.41523
-0.41281
-0.41038
-0.40796
-0.40553
-0.40498
-0.40443
-0.40388
-0.40332
-0.40286
-0.40240
-0.40195
-0.40149
-0.39880
-0.39611
-0.39342
-0.39073
-0.38792
-0.38512
-0.38231
-0.37950
-0.37349
-0.36747
-0.36145
-0.35544
-0.34728
-0.33912
-0.33096
-0.32280
-0.31315
-0.30351
-0.29387
-0.28423
-0.27121
-0.25819
-0.24518
-0.23216
-0.21939
-0.20661
-0.19383
-0.18105
-0.16518
-0.14930
-0.13342
-0.11754
-0.10227
-0.08701
-0.07175
-0.05648
-0.04078
-0.02508
-0.00938
0.00632
0.02352
0.04072
0.05792
0.07512
0.08929
0.10346
0.11763
0.13180
0.15008
0.16836
0.18664
0.20492
0.21975
0.23457
0.24940
0.26423
0.28379
0.30335
0.32291
0.34248
0.36076
0.37905
0.39734
0.41562
0.43764
0.45966
0.48168
0.50370
0.52521
0.54673
0.56825
0.58977
0.61390
0.63802
0.66215
0.68628
0.71068
0.73508
0.75947
0.78387
0.81016
0.83645
0.86274
0.88903
0.91662
0.94420
0.97179
0.99938
1.02759
1.05580
1.08401
1.11222
1.14272
1.17322
1.20373
1.23423
1.26218
1.29012
1.31807
1.34601
1.37766
1.40930
1.44094
1.47258
1.49861
1.52463
1.55066
1.57669
1.60677
1.63685
1.66693
1.69701
1.72128
1.74555
1.76981
1.79408
1.82088
1.84768
1.87448
1.90128
1.92349
1.94571
1.96792
1.99013
2.01189
2.03365
2.05541
2.07717
2.09760
2.11802
2.13844
2.15887
2.17648
2.19409
2.21170
2.22931
2.24911
2.26891
2.28871
2.30851
2.32815
2.34779
2.36743
2.38707
2.41037
2.43367
2.45697
2.48027
2.50569
2.53111
2.55654
2.58196
2.61179
2.64163
2.67146
2.70129
2.72955
2.75781
2.78607
2.81433
2.84660
2.87887
2.91114
2.94342
2.97434
3.00526
3.03618
3.06710
3.10111
3.13511
3.16911
3.20312
3.23598
3.26885
3.30172
3.33459
3.36878
3.40297
3.43716
3.47135
3.50471
3.53807
3.57143
3.60479
3.63674
3.66869
3.70064
3.73259
3.76635
3.80011
3.83387
3.86762
3.89646
3.92530
3.95414
3.98298
4.01581
4.04865
4.08149
4.11433
4.13965
4.16498
4.19031
4.21564
4.24476
4.27388
4.30301
4.33213
4.35369
4.37525
4.39681
4.41836
4.43759
4.45682
4.47605
4.49528
4.51433
4.53337
4.55242
4.57147
4.57944
4.58741
4.59539
4.60336
-0.63606
-0.63606
-0.63606
-0.63606
-0.63606
-0.63606
-0.63606
-0.63606
-0.63606
-0.63606
-0.63606
-0.63606
-0.63606
-0.63606
-0.63606
-0.63606
-0.63606
-0.63606
-0.63606
-0.63606
-0.63606
-0.63606
-0.63606
-0.63606
-0.63606
-0.63606
-0.63606
-0.63606
-0.63606
-0.63606
-0.63606
-0.63606
-0.63606
-0.63606
-0.63606
-0.63606
-0.63606
-0.63606
-0.63606
-0.63606
-0.63606
-0.63606
-0.63606
-0.63606
-0.63606
-0.63606
-0.63606
-0.63606
-0.63606
-0.63606
-0.63606
-0.63606
-0.63606
-0.63606
-0.63606
-0.63606
-0.63606
-0.63606
-0.63606
-0.63606
-0.63606
-0.63606
-0.63606
-0.63606
-0.63606
-0.63606
-0.63606
-0.63606
-0.63606
-0.63606
-0.63606
-0.63606
-0.63606
-0.63606
-0.63606
-0.63606
-0.63606
-0.63606
-0.63606
-0.63606
-0.63606
-0.63606
-0.63606
-0.63606
-0.63606
-0.63606
-0.63606
-0.63606
-0.63606
-0.63606
-0.63606
-0.63606
-0.63606
-0.63606
-0.63606
-0.63606
-0.63606
-0.63606
-0.63606
-0.63606
-0.63606
-0.62951
-0.62295
-0.61640
-0.60984
-0.59811
-0.58638
-0.57465
-0.56292
-0.55467
-0.54642
-0.53817
-0.52992
-0.52475
-0.51959
-0.51443
-0.50926
-0.50470
-0.50014
-0.49558
-0.49102
-0.49176
-0.49251
-0.49325
-0.49400
-0.49396
-0.49392
-0.49388
-0.49383
-0.49720
-0.50056
-0.50392
-0.50728
-0.51017
-0.51306
-0.51595
-0.51883
-0.52032
-0.52180
-0.52328
-0.52476
-0.52595
-0.52714
-0.52834
-0.52953
-0.52734
-0.52515
-0.52296
-0.52077
-0.51668
-0.51259
-0.50849
-0.50440
-0.49785
-0.49130
-0.48475
-0.47821
-0.46865
-0.45909
-0.44953
-0.43998
-0.42826
-0.41655
-0.40484
-0.39312
-0.37904
-0.36496
-0.35087
-0.33679
-0.32032
-0.30385
-0.28737
-0.27090
-0.25457
-0.23823
-0.22190
-0.20556
-0.18590
-0.16624
-0.14657
-0.12691
-0.11041
-0.09391
-0.07742
-0.06092
-0.03972
-0.01852
0.00268
0.02388
0.04135
0.05882
0.07629
0.09376
0.11604
0.13833
0.16061
0.18289
0.20332
0.22374
0.24417
0.26459
0.28838
0.31217
0.33596
0.35975
0.38296
0.40618
0.42940
0.45261
0.47731
0.50200
0.52670
0.55139
0.57749
0.60358
0.62968
0.65578
0.68254
0.70931
0.73608
0.76285
0.79238
0.82190
0.85143
0.88095
0.91042
0.93988
0.96935
0.99881
1.03206
1.06532
1.09857
1.13182
1.16205
1.19229
1.22252
1.25275
1.28789
1.32304
1.35819
1.39333
1.42251
1.45170
1.48088
1.51006
1.54352
1.57699
1.61045
1.64391
1.67127
1.69862
1.72597
1.75333
1.78238
1.81142
1.84047
1.86952
1.89348
1.91745
1.94141
1.96538
1.98707
2.00877
2.03046
2.05216
2.07245
2.09275
2.11305
2.13335
2.14867
2.16400
2.17932
2.19465
2.21260
2.23055
2.24850
2.26645
2.28319
2.29993
2.31668
2.33342
2.35455
2.37569
2.39682
2.41795
2.44139
2.46483
2.48826
2.51170
2.54022
2.56875
2.59728
2.62580
2.65292
2.68003
2.70715
2.73427
2.76552
2.79678
2.82804
2.85930
2.88995
2.92059
2.95124
2.98188
3.01502
3.04817
3.08131
3.11446
3.14729
3.18012
3.21295
3.24578
3.27889
3.31200
3.34512
3.37823
3.41221
3.44618
3.48016
3.51413
3.54549
3.57684
3.60820
3.63956
3.67426
3.70897
3.74367
3.77837
3.80732
3.83627
3.86522
3.89417
3.92790
3.96162
3.99535
4.02908
4.05553
4.08198
4.10842
4.13487
4.16386
4.19285
4.22184
4.25083
4.27493
4.29904
4.32315
4.34726
4.36672
4.38619
4.40565
4.42512
4.44617
4.46723
4.48828
4.50934
4.51811
4.52687
4.53564
4.54441
-0.62238
-0.62238
-0.62238
-0.62238
-0.62238
-0.62238
-0.62238
-0.62238
-0.62238
-0.62238
-0.62238
-0.62238
-0.62238
-0.62238
-0.62238
-0.62238
-0.62238
-0.62238
-0.62238
-0.62238
-0.62238
-0.62238
-0.62238
-0.62238
-0.62238
-0.62238
-0.62238
-0.62238
-0.62238
-0.62238
-0.62238
-0.62238
-0.62238
-0.62238
-0.62238
-0.62238
-0.62238
-0.62238
-0.62238
-0.62238
-0.62238
-0.62238
-0.62238
-0.62238
-0.62238
-0.62238
-0.62238
-0.62238
-0.62238
-0.62238
-0.62238
-0.62238
-0.62238
-0.62238
-0.62238
-0.62238
-0.62238
-0.62238
-0.62238
-0.62238
-0.62238
-0.62238
-0.62238
-0.62238
-0.62238
-0.62238
-0.62238
-0.62238
-0.62238
-0.62238
-0.62238
-0.62238
-0.62238
-0.62238
-0.62238
-0.62238
-0.62238
-0.62238
-0.62238
-0.62238
-0.62238
-0.62238
-0.62238
-0.62238
-0.62238
-0.62238
-0.62238
-0.62238
-0.62238
-0.62238
-0.62238
-0.62238
-0.62238
-0.62238
-0.62238
-0.62238
-0.62238
-0.62238
-0.62238
-0.62238
-0.62238
-0.61722
-0.61207
-0.60692
-0.60177
-0.59492
-0.58807
-0.58123
-0.57438
-0.57331
-0.57224
-0.57117
-0.57009
-0.57148
-0.57286
-0.57425
-0.57563
-0.57743
-0.57923
-0.58103
-0.58283
-0.59002
-0.59720
-0.60439
-0.61158
-0.61566
-0.61973
-0.62381
-0.62789
-0.63628
-0.64468
-0.65307
-0.66146
-0.66496
-0.66845
-0.67195
-0.67544
-0.67837
-0.68130
-0.68423
-0.68716
-0.68707
-0.68697
-0.68688
-0.68679
-0.68352
-0.68026
-0.67700
-0.67374
-0.66864
-0.66354
-0.65844
-0.65335
-0.64554
-0.63773
-0.62992
-0.62211
-0.61175
-0.60138
-0.59102
-0.58066
-0.56785
-0.55505
-0.54224
-0.52943
-0.51449
-0.49955
-0.48461
-0.46967
-0.45235
-0.43502
-0.41770
-0.40038
-0.38290
-0.36542
-0.34794
-0.33046
-0.31059
-0.29072
-0.27085
-0.25098
-0.23300
-0.21503
-0.19706
-0.17908
-0.15834
-0.13759
-0.11684
-0.09610
-0.07719
-0.05828
-0.03937
-0.02046
0.00170
0.02385
0.04601
0.06817
0.09008
0.11200
0.13392
0.15584
0.17985
0.20387
0.22789
0.25191
0.27647
0.30103
0.32559
0.35015
0.37461
0.39908
0.42354
0.44800
0.47380
0.49960
0.52540
0.55120
0.57694
0.60267
0.62840
0.65414
0.68166
0.70918
0.73670
0.76422
0.79233
0.82043
0.84853
0.87664
0.90794
0.93924
0.97054
1.00184
1.03179
1.06173
1.09168
1.12162
1.15581
1.19000
1.22419
1.25838
1.28893
1.31949
1.35005
1.38060
1.41404
1.44748
1.48092
1.51436
1.54400
1.57364
1.60328
1.63292
1.66285
1.69277
1.72270
1.75262
1.77926
1.80589
1.83253
1.85916
1.88291
1.90665
1.93040
1.95415
1.97696
1.99976
2.02257
2.04537
2.06357
2.08177
2.09996
2.11816
2.13781
2.15745
2.17710
2.19675
2.21555
2.23436
2.25316
2.27196
2.29308
2.31420
2.33532
2.35644
2.38026
2.40407
2.42788
2.45170
2.47877
2.50584
2.53291
2.55998
2.58716
2.61434
2.64153
2.66871
2.69842
2.72813
2.75785
2.78756
2.81794
2.84832
2.87871
2.90909
2.94091
2.97274
3.00456
3.03639
3.06871
3.10104
3.13336
3.16569
3.19800
3.23032
3.26263
3.29494
3.32822
3.36150
3.39478
3.42806
3.45945
3.49084
3.52222
3.55361
3.58746
3.62131
3.65515
3.68900
3.71893
3.74886
3.77879
3.80873
3.84173
3.87473
3.90774
3.94074
3.96912
3.99749
4.02586
4.05424
4.08267
4.11109
4.13952
4.16795
4.19368
4.21942
4.24515
4.27089
4.29107
4.31126
4.33145
4.35163
4.37305
4.39448
4.41590
4.43732
4.44829
4.45927
4.47024
4.48121
-0.60869
-0.60869
-0.60869
-0.60869
-0.60869
-0.60869
-0.60869
-0.60869
-0.60869
-0.60869
-0.60869
-0.60869
-0.60869
-0.60869
-0.60869
-0.60869
-0.60869
-0.60869
-0.60869
-0.60869
-0.60869
-0.60869
-0.60869
-0.60869
-0.60869
-0.60869
-0.60869
-0.60869
-0.60869
-0.60869
-0.60869
-0.60869
-0.60869
-0.60869
-0.60869
-0.60869
-0.60869
-0.60869
-0.60869
-0.60869
-0.60869
-0.60869
-0.60869
-0.60869
-0.60869
-0.60869
-0.60869
-0.60869
-0.60869
-0.60869
-0.60869
-0.60869
-0.60869
-0.60869
-0.60869
-0.60869
-0.60869
-0.60869
-0.60869
-0.60869
-0.60869
-0.60869
-0.60869
-0.60869
-0.60869
-0.60869
-0.60869
-0.60869
-0.60869
-0.60869
-0.60869
-0.60869
-0.60869
-0.60869
-0.60869
-0.60869
-0.60869
-0.60869
-0.60869
-0.60869
-0.60869
-0.60869
-0.60869
-0.60869
-0.60869
-0.60869
-0.60869
-0.60869
-0.60869
-0.60869
-0.60869
-0.60869
-0.60869
-0.60869
-0.60869
-0.60869
-0.60869
-0.60869
-0.60869
-0.60869
-0.60869
-0.60494
-0.60119
-0.59745
-0.59370
-0.59173
-0.58977
-0.58780
-0.58584
-0.59194
-0.59805
-0.60416
-0.61027
-0.61820
-0.62614
-0.63407
-0.64200
-0.65016
-0.65832
-0.66648
-0.67464
-0.68827
-0.70190
-0.71553
-0.72916
-0.73736
-0.74555
-0.75375
-0.76194
-0.77537
-0.78880
-0.80222
-0.81565
-0.81975
-0.82385
-0.82795
-0.83205
-0.83642
-0.84080
-0.84518
-0.84956
-0.84818
-0.84680
-0.84542
-0.84405
-0.83971
-0.83537
-0.83103
-0.82670
-0.82060
-0.81450
-0.80839
-0.80229
-0.79322
-0.78415
-0.77508
-0.76601
-0.75484
-0.74368
-0.73251
-0.72135
-0.70744
-0.69354
-0.67964
-0.66574
-0.64994
-0.63414
-0.61834
-0.60255
-0.58437
-0.56620
-0.54803
-0.52986
-0.51123
-0.49260
-0.47398
-0.45535
-0.43528
-0.41520
-0.39512
-0.37505
-0.35560
-0.33615
-0.31670
-0.29725
-0.27696
-0.25666
-0.23637
-0.21608
-0.19573
-0.17538
-0.15503
-0.13468
-0.11265
-0.09062
-0.06859
-0.04656
-0.02315
0.00026
0.02367
0.04708
0.07133
0.09558
0.11982
0.14407
0.16998
0.19588
0.22179
0.24770
0.27192
0.29615
0.32038
0.34461
0.37011
0.39562
0.42112
0.44662
0.47133
0.49603
0.52073
0.54543
0.57094
0.59646
0.62198
0.64749
0.67424
0.70098
0.72772
0.75446
0.78381
0.81316
0.84251
0.87186
0.90152
0.93118
0.96084
0.99050
1.02373
1.05696
1.09019
1.12342
1.15535
1.18728
1.21921
1.25114
1.28456
1.31798
1.35140
1.38482
1.41674
1.44867
1.48059
1.51252
1.54332
1.57412
1.60493
1.63573
1.66503
1.69434
1.72364
1.75294
1.77874
1.80454
1.83034
1.85614
1.88146
1.90677
1.93209
1.95740
1.97847
1.99953
2.02060
2.04167
2.06301
2.08436
2.10570
2.12705
2.14791
2.16878
2.18964
2.21051
2.23161
2.25272
2.27382
2.29493
2.31912
2.34331
2.36751
2.39170
2.41731
2.44292
2.46854
2.49415
2.52140
2.54865
2.57590
2.60315
2.63132
2.65948
2.68765
2.71582
2.74594
2.77606
2.80617
2.83629
2.86680
2.89731
2.92781
2.95832
2.99014
3.02196
3.05378
3.08560
3.11712
3.14863
3.18014
3.21165
3.24424
3.27682
3.30941
3.34199
3.37341
3.40483
3.43624
3.46766
3.50065
3.53365
3.56664
3.59963
3.63054
3.66146
3.69237
3.72328
3.75556
3.78784
3.82012
3.85240
3.88270
3.91300
3.94330
3.97360
4.00147
4.02934
4.05720
4.08507
4.11243
4.13979
4.16715
4.19451
4.21542
4.23633
4.25724
4.27815
4.29994
4.32172
4.34351
4.36530
4.37848
4.39166
4.40484
4.41802
-0.59500
-0.59500
-0.59500
-0.59500
-0.59500
-0.59500
-0.59500
-0.59500
-0.59500
-0.59500
-0.59500
-0.59500
-0.59500
-0.59500
-0.59500
-0.59500
-0.59500
-0.59500
-0.59500
-0.59500
-0.59500
-0.59500
-0.59500
-0.59500
-0.59500
-0.59500
-0.59500
-0.59500
-0.59500
-0.59500
-0.59500
-0.59500
-0.59500
-0.59500
-0.59500
-0.59500
-0.59500
-0.59500
-0.59500
-0.59500
-0.59500
-0.59500
-0.59500
-0.59500
-0.59500
-0.59500
-0.59500
-0.59500
-0.59500
-0.59500
-0.59500
-0.59500
-0.59500
-0.59500
-0.59500
-0.59500
-0.59500
-0.59500
-0.59500
-0.59500
-0.59500
-0.59500
-0.59500
-0.59500
-0.59500
-0.59500
-0.59500
-0.59500
-0.59500
-0.59500
-0.59500
-0.59500
-0.59500
-0.59500
-0.59500
-0.59500
-0.59500
-0.59500
-0.59500
-0.59500
-0.59500
-0.59500
-0.59500
-0.59500
-0.59500
-0.59500
-0.59500
-0.59500
-0.59500
-0.59500
-0.59500
-0.59500
-0.59500
-0.59500
-0.59500
-0.59500
-0.59500
-0.59500
-0.59500
-0.59500
-0.59500
-0.59266
-0.59031
-0.58797
-0.58563
-0.58855
-0.59146
-0.59438
-0.59729
-0.61058
-0.62387
-0.63716
-0.65045
-0.66493
-0.67941
-0.69389
-0.70837
-0.72289
-0.73741
-0.75193
-0.76646
-0.78653
-0.80660
-0.82667
-0.84675
-0.85906
-0.87137
-0.88368
-0.89600
-0.91445
-0.93291
-0.95137
-0.96983
-0.97454
-0.97924
-0.98395
-0.98865
-0.99448
-1.00030
-1.00613
-1.01195
-1.00929
-1.00663
-1.00397
-1.00130
-0.99589
-0.99048
-0.98507
-0.97966
-0.97255
-0.96545
-0.95834
-0.95124
-0.94091
-0.93058
-0.92024
-0.90991
-0.89794
-0.88597
-0.87400
-0.86203
-0.84703
-0.83204
-0.81704
-0.80205
-0.78539
-0.76873
-0.75208
-0.73542
-0.71640
-0.69738
-0.67836
-0.65933
-0.63956
-0.61979
-0.60002
-0.58025
-0.55996
-0.53968
-0.51940
-0.49911
-0.47819
-0.45726
-0.43634
-0.41541
-0.39557
-0.37574
-0.35590
-0.33606
-0.31427
-0.29248
-0.27069
-0.24890
-0.22700
-0.20509
-0.18319
-0.16129
-0.13639
-0.11148
-0.08658
-0.06167
-0.03720
-0.01272
0.01176
0.03623
0.06348
0.09074
0.11799
0.14524
0.16923
0.19323
0.21722
0.24122
0.26643
0.29163
0.31684
0.34205
0.36572
0.38938
0.41305
0.43672
0.46023
0.48374
0.50725
0.53076
0.55615
0.58153
0.60691
0.63229
0.65969
0.68708
0.71448
0.74188
0.77125
0.80063
0.83000
0.85938
0.89165
0.92392
0.95619
0.98846
1.02177
1.05508
1.08838
1.12169
1.15508
1.18848
1.22187
1.25527
1.28948
1.32369
1.35790
1.39211
1.42379
1.45547
1.48715
1.51883
1.55081
1.58278
1.61475
1.64673
1.67458
1.70243
1.73028
1.75814
1.78596
1.81378
1.84160
1.86943
1.89336
1.91730
1.94124
1.96517
1.98822
2.01126
2.03431
2.05735
2.08028
2.10320
2.12613
2.14905
2.17014
2.19123
2.21233
2.23342
2.25799
2.28256
2.30713
2.33170
2.35585
2.38001
2.40417
2.42833
2.45564
2.48296
2.51028
2.53759
2.56422
2.59084
2.61746
2.64408
2.67393
2.70379
2.73364
2.76350
2.79269
2.82187
2.85106
2.88025
2.91156
2.94288
2.97420
3.00552
3.03623
3.06694
3.09765
3.12836
3.16025
3.19214
3.22403
3.25592
3.28737
3.31882
3.35027
3.38171
3.41385
3.44599
3.47812
3.51026
3.54215
3.57405
3.60594
3.63784
3.66940
3.70095
3.73251
3.76407
3.79629
3.82852
3.86074
3.89297
3.92027
3.94758
3.97489
4.00220
4.03118
4.06017
4.08915
4.11814
4.13977
4.16140
4.18303
4.20467
4.22682
4.24897
4.27113
4.29328
4.30866
4.32405
4.33944
4.35482
-0.58131
-0.58131
-0.58131
-0.58131
-0.58131
-0.58131
-0.58131
-0.58131
-0.58131
-0.58131
-0.58131
-0.58131
-0.58131
-0.58131
-0.58131
-0.58131
-0.58131
-0.58131
-0.58131
-0.58131
-0.58131
-0.58131
-0.58131
-0.58131
-0.58131
-0.58131
-0.58131
-0.58131
-0.58131
-0.58131
-0.58131
-0.58131
-0.58131
-0.58131
-0.58131
-0.58131
-0.58131
-0.58131
-0.58131
-0.58131
-0.58131
-0.58131
-0.58131
-0.58131
-0.58131
-0.58131
-0.58131
-0.58131
-0.58131
-0.58131
-0.58131
-0.58131
-0.58131
-0.58131
-0.58131
-0.58131
-0.58131
-0.58131
-0.58131
-0.58131
-0.58131
-0.58131
-0.58131
-0.58131
-0.58131
-0.58131
-0.58131
-0.58131
-0.58131
-0.58131
-0.58131
-0.58131
-0.58131
-0.58131
-0.58131
-0.58131
-0.58131
-0.58131
-0.58131
-0.58131
-0.58131
-0.58131
-0.58131
-0.58131
-0.58131
-0.58131
-0.58131
-0.58131
-0.58131
-0.58131
-0.58131
-0.58131
-0.58131
-0.58131
-0.58131
-0.58131
-0.58131
-0.58131
-0.58131
-0.58131
-0.58131
-0.58037
-0.57943
-0.57850
-0.57756
-0.58536
-0.59316
-0.60095
-0.60875
-0.62922
-0.64969
-0.67016
-0.69063
-0.71166
-0.73268
-0.75371
-0.77474
-0.79562
-0.81651
-0.83739
-0.85827
-0.88478
-0.91130
-0.93781
-0.96433
-0.98076
-0.99719
-1.01362
-1.03005
-1.05354
-1.07703
-1.10052
-1.12401
-1.12933
-1.13464
-1.13995
-1.14526
-1.15253
-1.15980
-1.16708
-1.17435
-1.17040
-1.16646
-1.16251
-1.15856
-1.15208
-1.14559
-1.13911
-1.13262
-1.12451
-1.11640
-1.10830
-1.10019
-1.08859
-1.07700
-1.06541
-1.05381
-1.04104
-1.02826
-1.01549
-1.00271
-0.98662
-0.97053
-0.95444
-0.93835
-0.92084
-0.90333
-0.88581
-0.86830
-0.84843
-0.82856
-0.80868
-0.78881
-0.76789
-0.74698
-0.72606
-0.70514
-0.68465
-0.66416
-0.64367
-0.62318
-0.60078
-0.57838
-0.55598
-0.53358
-0.51419
-0.49481
-0.47542
-0.45604
-0.43281
-0.40958
-0.38635
-0.36311
-0.34134
-0.31957
-0.29779
-0.27602
-0.24962
-0.22322
-0.19683
-0.17043
-0.14572
-0.12102
-0.09631
-0.07161
-0.04301
-0.01441
0.01418
0.04278
0.06654
0.09030
0.11406
0.13783
0.16274
0.18765
0.21256
0.23747
0.26011
0.28274
0.30537
0.32800
0.34951
0.37102
0.39253
0.41403
0.43805
0.46208
0.48610
0.51012
0.53556
0.56101
0.58645
0.61190
0.64098
0.67007
0.69916
0.72825
0.75957
0.79088
0.82219
0.85351
0.88819
0.92287
0.95755
0.99223
1.02560
1.05898
1.09235
1.12572
1.16222
1.19871
1.23521
1.27171
1.30426
1.33682
1.36938
1.40194
1.43658
1.47122
1.50587
1.54051
1.57042
1.60032
1.63023
1.66013
1.69046
1.72079
1.75112
1.78145
1.80826
1.83507
1.86187
1.88868
1.91342
1.93817
1.96291
1.98765
2.01264
2.03762
2.06261
2.08759
2.10867
2.12975
2.15083
2.17191
2.19685
2.22180
2.24675
2.27170
2.29440
2.31710
2.33980
2.36250
2.38988
2.41727
2.44465
2.47204
2.49711
2.52219
2.54726
2.57233
2.60193
2.63152
2.66111
2.69071
2.71857
2.74644
2.77431
2.80218
2.83299
2.86380
2.89462
2.92543
2.95534
2.98525
3.01516
3.04507
3.07627
3.10746
3.13866
3.16985
3.20133
3.23281
3.26429
3.29577
3.32705
3.35833
3.38961
3.42089
3.45377
3.48664
3.51952
3.55239
3.58323
3.61406
3.64490
3.67573
3.70988
3.74403
3.77818
3.81233
3.83908
3.86583
3.89257
3.91932
3.94993
3.98054
4.01115
4.04176
4.06412
4.08647
4.10883
4.13119
4.15370
4.17622
4.19874
4.22126
4.23885
4.25644
4.27403
4.29163
-0.54101
-0.54101
-0.54101
-0.54101
-0.54101
-0.54101
-0.54101
-0.54101
-0.54101
-0.54101
-0.54101
-0.54101
-0.54101
-0.54101
-0.54101
-0.54101
-0.54101
-0.54101
-0.54101
-0.54101
-0.54101
-0.54101
-0.54101
-0.54101
-0.54101
-0.54101
-0.54101
-0.54101
-0.54101
-0.54101
-0.54101
-0.54101
-0.54101
-0.54101
-0.54101
-0.54101
-0.54101
-0.54101
-0.54101
-0.54101
-0.54101
-0.54101
-0.54101
-0.54101
-0.54101
-0.54101
-0.54101
-0.54101
-0.54101
-0.54101
-0.54101
-0.54101
-0.54101
-0.54101
-0.54101
-0.54101
-0.54101
-0.54101
-0.54101
-0.54101
-0.54101
-0.54101
-0.54101
-0.54101
-0.54101
-0.54101
-0.54101
-0.54101
-0.54101
-0.54101
-0.54101
-0.54101
-0.54101
-0.54101
-0.54101
-0.54101
-0.54101
-0.54101
-0.54101
-0.54101
-0.54101
-0.54101
-0.54101
-0.54101
-0.54101
-0.54101
-0.54101
-0.54101
-0.54101
-0.54101
-0.54101
-0.54101
-0.54101
-0.54101
-0.54101
-0.54101
-0.54101
-0.54101
-0.54101
-0.54101
-0.54101
-0.54101
-0.54101
-0.54101
-0.54101
-0.55109
-0.56118
-0.57127
-0.58135
-0.60399
-0.62663
-0.64927
-0.67191
-0.69445
-0.71699
-0.73953
-0.76207
-0.78453
-0.80700
-0.82946
-0.85192
-0.87941
-0.90690
-0.93440
-0.96189
-0.97886
-0.99584
-1.01282
-1.02980
-1.05373
-1.07766
-1.10159
-1.12553
-1.13016
-1.13480
-1.13943
-1.14406
-1.15103
-1.15801
-1.16498
-1.17195
-1.16697
-1.16199
-1.15701
-1.15203
-1.14506
-1.13810
-1.13113
-1.12417
-1.11571
-1.10726
-1.09881
-1.09036
-1.07908
-1.06780
-1.05652
-1.04524
-1.03322
-1.02121
-1.00919
-0.99717
-0.98247
-0.96776
-0.95306
-0.93835
-0.92299
-0.90763
-0.89227
-0.87691
-0.85945
-0.84198
-0.82452
-0.80706
-0.78931
-0.77157
-0.75382
-0.73607
-0.71920
-0.70232
-0.68545
-0.66858
-0.64960
-0.63062
-0.61164
-0.59266
-0.57781
-0.56297
-0.54813
-0.53329
-0.51273
-0.49216
-0.47159
-0.45103
-0.43294
-0.41485
-0.39676
-0.37867
-0.35339
-0.32810
-0.30282
-0.27754
-0.25429
-0.23105
-0.20781
-0.18457
-0.15601
-0.12745
-0.09889
-0.07034
-0.04668
-0.02303
0.00062
0.02428
0.04897
0.07365
0.09834
0.12303
0.14567
0.16830
0.19094
0.21358
0.23443
0.25529
0.27614
0.29700
0.32088
0.34477
0.36865
0.39253
0.41729
0.44205
0.46680
0.49156
0.52085
0.55014
0.57943
0.60872
0.63967
0.67062
0.70157
0.73252
0.76798
0.80345
0.83892
0.87439
0.90790
0.94141
0.97493
1.00844
1.04594
1.08343
1.12093
1.15843
1.19175
1.22507
1.25839
1.29172
1.32753
1.36335
1.39917
1.43499
1.46655
1.49810
1.52966
1.56122
1.59300
1.62477
1.65654
1.68831
1.71750
1.74668
1.77587
1.80505
1.83126
1.85746
1.88367
1.90987
1.93676
1.96365
1.99054
2.01743
2.03914
2.06085
2.08256
2.10427
2.12973
2.15519
2.18065
2.20611
2.22840
2.25069
2.27299
2.29528
2.32265
2.35002
2.37739
2.40476
2.42927
2.45378
2.47829
2.50280
2.53200
2.56119
2.59039
2.61958
2.64696
2.67433
2.70171
2.72908
2.75919
2.78931
2.81942
2.84953
2.87912
2.90870
2.93828
2.96787
2.99827
3.02867
3.05907
3.08947
3.12094
3.15241
3.18388
3.21535
3.24580
3.27625
3.30669
3.33714
3.37033
3.40352
3.43671
3.46990
3.50021
3.53052
3.56083
3.59114
3.62615
3.66116
3.69617
3.73118
3.75799
3.78480
3.81160
3.83841
3.86969
3.90097
3.93226
3.96354
3.98711
4.01068
4.03426
4.05783
4.08032
4.10281
4.12531
4.14780
4.16739
4.18697
4.20656
4.22615
-0.44727
-0.44727
-0.44727
-0.44727
-0.44727
-0.44727
-0.44727
-0.44727
-0.44727
-0.44727
-0.44727
-0.44727
-0.44727
-0.44727
-0.44727
-0.44727
-0.44727
-0.44727
-0.44727
-0.44727
-0.44727
-0.44727
-0.44727
-0.44727
-0.44727
-0.44727
-0.44727
-0.44727
-0.44727
-0.44727
-0.44727
-0.44727
-0.44727
-0.44727
-0.44727
-0.44727
-0.44727
-0.44727
-0.44727
-0.44727
-0.44727
-0.44727
-0.44727
-0.44727
-0.44727
-0.44727
-0.44727
-0.44727
-0.44727
-0.44727
-0.44727
-0.44727
-0.44727
-0.44727
-0.44727
-0.44727
-0.44727
-0.44727
-0.44727
-0.44727
-0.44727
-0.44727
-0.44727
-0.44727
-0.44727
-0.44727
-0.44727
-0.44727
-0.44727
-0.44727
-0.44727
-0.44727
-0.44727
-0.44727
-0.44727
-0.44727
-0.44727
-0.44727
-0.44727
-0.44727
-0.44727
-0.44727
-0.44727
-0.44727
-0.44727
-0.44727
-0.44727
-0.44727
-0.44727
-0.44727
-0.44727
-0.44727
-0.44727
-0.44727
-0.44727
-0.44727
-0.44727
-0.44727
-0.44727
-0.44727
-0.44727
-0.44727
-0.44727
-0.44727
-0.44727
-0.45444
-0.46161
-0.46879
-0.47596
-0.49071
-0.50546
-0.52021
-0.53496
-0.54890
-0.56284
-0.57679
-0.59073
-0.60518
-0.61963
-0.63408
-0.64853
-0.66603
-0.68352
-0.70101
-0.71851
-0.72886
-0.73922
-0.74958
-0.75993
-0.77509
-0.79026
-0.80542
-0.82058
-0.82196
-0.82334
-0.82472
-0.82610
-0.82926
-0.83242
-0.83558
-0.83874
-0.83323
-0.82772
-0.82221
-0.81670
-0.81045
-0.80420
-0.79795
-0.79169
-0.78422
-0.77675
-0.76927
-0.76180
-0.75400
-0.74620
-0.73840
-0.73060
-0.72248
-0.71436
-0.70624
-0.69812
-0.68977
-0.68142
-0.67307
-0.66472
-0.65756
-0.65040
-0.64324
-0.63608
-0.62757
-0.61905
-0.61053
-0.60201
-0.59611
-0.59020
-0.58430
-0.57839
-0.57280
-0.56721
-0.56162
-0.55603
-0.55031
-0.54458
-0.53885
-0.53312
-0.53104
-0.52895
-0.52686
-0.52477
-0.51512
-0.50546
-0.49580
-0.48614
-0.47888
-0.47161
-0.46435
-0.45709
-0.43815
-0.41921
-0.40027
-0.38133
-0.36295
-0.34457
-0.32619
-0.30781
-0.28207
-0.25633
-0.23059
-0.20485
-0.18105
-0.15726
-0.13346
-0.10966
-0.08505
-0.06044
-0.03583
-0.01122
0.01350
0.03823
0.06295
0.08767
0.11060
0.13352
0.15644
0.17936
0.20555
0.23175
0.25795
0.28415
0.31076
0.33737
0.36399
0.39060
0.42106
0.45153
0.48200
0.51246
0.54423
0.57601
0.60778
0.63955
0.67463
0.70972
0.74481
0.77989
0.81386
0.84783
0.88179
0.91576
0.95169
0.98761
1.02354
1.05946
1.09332
1.12718
1.16104
1.19489
1.22888
1.26287
1.29686
1.33084
1.36326
1.39568
1.42809
1.46051
1.49158
1.52265
1.55373
1.58480
1.61537
1.64595
1.67652
1.70710
1.73429
1.76149
1.78869
1.81589
1.84437
1.87284
1.90132
1.92980
1.95344
1.97707
2.00070
2.02434
2.05058
2.07682
2.10306
2.12930
2.15329
2.17728
2.20126
2.22525
2.25244
2.27963
2.30682
2.33402
2.35994
2.38586
2.41178
2.43770
2.46623
2.49475
2.52328
2.55181
2.58035
2.60889
2.63743
2.66596
2.69498
2.72400
2.75302
2.78204
2.81225
2.84246
2.87266
2.90287
2.93227
2.96168
2.99108
3.02049
3.05187
3.08326
3.11465
3.14604
3.17570
3.20536
3.23503
3.26469
3.29685
3.32901
3.36117
3.39333
3.42351
3.45370
3.48388
3.51406
3.54779
3.58153
3.61526
3.64899
3.67711
3.70523
3.73334
3.76146
3.79149
3.82153
3.85157
3.88160
3.90738
3.93316
3.95894
3.98472
4.00641
4.02809
4.04977
4.07145
4.09261
4.11377
4.13493
4.15609
-0.35354
-0.35354
-0.35354
-0.35354
-0.35354
-0.35354
-0.35354
-0.35354
-0.35354
-0.35354
-0.35354
-0.35354
-0.35354
-0.35354
-0.35354
-0.35354
-0.35354
-0.35354
-0.35354
-0.35354
-0.35354
-0.35354
-0.35354
-0.35354
-0.35354
-0.35354
-0.35354
-0.35354
-0.35354
-0.35354
-0.35354
-0.35354
-0.35354
-0.35354
-0.35354
-0.35354
-0.35354
-0.35354
-0.35354
-0.35354
-0.35354
-0.35354
-0.35354
-0.35354
-0.35354
-0.35354
-0.35354
-0.35354
-0.35354
-0.35354
-0.35354
-0.35354
-0.35354
-0.35354
-0.35354
-0.35354
-0.35354
-0.35354
-0.35354
-0.35354
-0.35354
-0.35354
-0.35354
-0.35354
-0.35354
-0.35354
-0.35354
-0.35354
-0.35354
-0.35354
-0.35354
-0.35354
-0.35354
-0.35354
-0.35354
-0.35354
-0.35354
-0.35354
-0.35354
-0.35354
-0.35354
-0.35354
-0.35354
-0.35354
-0.35354
-0.35354
-0.35354
-0.35354
-0.35354
-0.35354
-0.35354
-0.35354
-0.35354
-0.35354
-0.35354
-0.35354
-0.35354
-0.35354
-0.35354
-0.35354
-0.35354
-0.35354
-0.35354
-0.35354
-0.35354
-0.35779
-0.36205
-0.36631
-0.37056
-0.37743
-0.38429
-0.39115
-0.39801
-0.40336
-0.40870
-0.41405
-0.41939
-0.42583
-0.43227
-0.43870
-0.44514
-0.45264
-0.46013
-0.46763
-0.47513
-0.47887
-0.48260
-0.48634
-0.49007
-0.49646
-0.50285
-0.50924
-0.51563
-0.51375
-0.51188
-0.51000
-0.50813
-0.50748
-0.50683
-0.50618
-0.50553
-0.49949
-0.49345
-0.48741
-0.48136
-0.47583
-0.47029
-0.46476
-0.45922
-0.45273
-0.44623
-0.43974
-0.43324
-0.42892
-0.42460
-0.42028
-0.41596
-0.41173
-0.40751
-0.40328
-0.39906
-0.39706
-0.39507
-0.39308
-0.39109
-0.39213
-0.39317
-0.39421
-0.39526
-0.39568
-0.39611
-0.39654
-0.39697
-0.40290
-0.40884
-0.41477
-0.42071
-0.42640
-0.43210
-0.43780
-0.44349
-0.45102
-0.45854
-0.46607
-0.47359
-0.48426
-0.49492
-0.50559
-0.51626
-0.51751
-0.51876
-0.52000
-0.52125
-0.52482
-0.52838
-0.53194
-0.53551
-0.52291
-0.51032
-0.49772
-0.48513
-0.47161
-0.45809
-0.44457
-0.43106
-0.40813
-0.38521
-0.36229
-0.33936
-0.31542
-0.29148
-0.26755
-0.24361
-0.21907
-0.19454
-0.17000
-0.14547
-0.11866
-0.09185
-0.06504
-0.03823
-0.01324
0.01174
0.03673
0.06171
0.09023
0.11874
0.14725
0.17576
0.20423
0.23270
0.26117
0.28964
0.32128
0.35292
0.38456
0.41620
0.44880
0.48139
0.51399
0.54658
0.58128
0.61599
0.65069
0.68539
0.71981
0.75424
0.78866
0.82308
0.85744
0.89179
0.92615
0.96050
0.99489
1.02929
1.06368
1.09807
1.13023
1.16239
1.19454
1.22670
1.25997
1.29325
1.32652
1.35980
1.39017
1.42054
1.45091
1.48129
1.51325
1.54521
1.57718
1.60914
1.63733
1.66552
1.69371
1.72190
1.75197
1.78203
1.81210
1.84217
1.86773
1.89329
1.91884
1.94440
1.97142
1.99845
2.02547
2.05249
2.07818
2.10386
2.12954
2.15523
2.18224
2.20925
2.23626
2.26327
2.29061
2.31794
2.34527
2.37260
2.40046
2.42832
2.45617
2.48403
2.51374
2.54344
2.57314
2.60285
2.63078
2.65870
2.68663
2.71456
2.74538
2.77621
2.80704
2.83787
2.86628
2.89469
2.92310
2.95151
2.98281
3.01412
3.04542
3.07673
3.10560
3.13448
3.16336
3.19223
3.22337
3.25450
3.28563
3.31676
3.34682
3.37687
3.40693
3.43698
3.46944
3.50189
3.53435
3.56681
3.59623
3.62565
3.65508
3.68450
3.71329
3.74209
3.77088
3.79967
3.82766
3.85564
3.88363
3.91162
3.93249
3.95336
3.97423
3.99510
4.01783
4.04056
4.06330
4.08603
-0.25980
-0.25980
-0.25980
-0.25980
-0.25980
-0.25980
-0.25980
-0.25980
-0.25980
-0.25980
-0.25980
-0.25980
-0.25980
-0.25980
-0.25980
-0.25980
-0.25980
-0.25980
-0.25980
-0.25980
-0.25980
-0.25980
-0.25980
-0.25980
-0.25980
-0.25980
-0.25980
-0.25980
-0.25980
-0.25980
-0.25980
-0.25980
-0.25980
-0.25980
-0.25980
-0.25980
-0.25980
-0.25980
-0.25980
-0.25980
-0.25980
-0.25980
-0.25980
-0.25980
-0.25980
-0.25980
-0.25980
-0.25980
-0.25980
-0.25980
-0.25980
-0.25980
-0.25980
-0.25980
-0.25980
-0.25980
-0.25980
-0.25980
-0.25980
-0.25980
-0.25980
-0.25980
-0.25980
-0.25980
-0.25980
-0.25980
-0.25980
-0.25980
-0.25980
-0.25980
-0.25980
-0.25980
-0.25980
-0.25980
-0.25980
-0.25980
-0.25980
-0.25980
-0.25980
-0.25980
-0.25980
-0.25980
-0.25980
-0.25980
-0.25980
-0.25980
-0.25980
-0.25980
-0.25980
-0.25980
-0.25980
-0.25980
-0.25980
-0.25980
-0.25980
-0.25980
-0.25980
-0.25980
-0.25980
-0.25980
-0.25980
-0.25980
-0.25980
-0.25980
-0.25980
-0.26114
-0.26249
-0.26383
-0.26517
-0.26414
-0.26312
-0.26209
-0.26106
-0.25781
-0.25456
-0.25131
-0.24805
-0.24648
-0.24490
-0.24332
-0.24175
-0.23925
-0.23675
-0.23425
-0.23175
-0.22887
-0.22598
-0.22310
-0.22021
-0.21783
-0.21544
-0.21306
-0.21068
-0.20555
-0.20042
-0.19529
-0.19016
-0.18571
-0.18125
-0.17679
-0.17233
-0.16575
-0.15918
-0.15261
-0.14603
-0.14121
-0.13639
-0.13157
-0.12675
-0.12123
-0.11572
-0.11020
-0.10469
-0.10384
-0.10300
-0.10216
-0.10131
-0.10098
-0.10065
-0.10033
-0.10000
-0.10436
-0.10873
-0.11309
-0.11746
-0.12670
-0.13594
-0.14518
-0.15443
-0.16380
-0.17317
-0.18255
-0.19192
-0.20970
-0.22747
-0.24525
-0.26302
-0.28001
-0.29699
-0.31397
-0.33095
-0.35173
-0.37250
-0.39328
-0.41406
-0.43748
-0.46090
-0.48432
-0.50774
-0.51990
-0.53205
-0.54421
-0.55636
-0.57075
-0.58514
-0.59953
-0.61392
-0.60767
-0.60142
-0.59517
-0.58892
-0.58027
-0.57161
-0.56295
-0.55430
-0.53419
-0.51409
-0.49398
-0.47388
-0.44979
-0.42571
-0.40163
-0.37755
-0.35309
-0.32863
-0.30418
-0.27972
-0.25082
-0.22192
-0.19303
-0.16413
-0.13708
-0.11003
-0.08298
-0.05593
-0.02510
0.00572
0.03655
0.06738
0.09770
0.12802
0.15835
0.18867
0.22149
0.25431
0.28713
0.31995
0.35336
0.38678
0.42020
0.45361
0.48793
0.52225
0.55657
0.59089
0.62577
0.66065
0.69552
0.73040
0.76319
0.79597
0.82875
0.86153
0.89646
0.93139
0.96632
1.00125
1.03158
1.06190
1.09223
1.12256
1.15669
1.19082
1.22495
1.25908
1.28876
1.31843
1.34810
1.37777
1.41113
1.44448
1.47783
1.51119
1.54037
1.56955
1.59873
1.62791
1.65957
1.69122
1.72288
1.75454
1.78202
1.80951
1.83699
1.86447
1.89227
1.92008
1.94788
1.97569
2.00306
2.03044
2.05782
2.08520
2.11204
2.13887
2.16570
2.19253
2.22128
2.25002
2.27876
2.30750
2.33469
2.36188
2.38907
2.41626
2.44713
2.47800
2.50886
2.53973
2.56657
2.59340
2.62023
2.64707
2.67852
2.70997
2.74142
2.77288
2.80029
2.82770
2.85512
2.88253
2.91375
2.94497
2.97619
3.00741
3.03551
3.06360
3.09169
3.11978
3.14988
3.17998
3.21009
3.24019
3.27012
3.30005
3.32997
3.35990
3.39108
3.42226
3.45344
3.48462
3.51535
3.54608
3.57682
3.60755
3.63510
3.66264
3.69019
3.71774
3.74793
3.77813
3.80832
3.83851
3.85857
3.87864
3.89870
3.91876
3.94306
3.96736
3.99166
4.01597
-0.23291
-0.23291
-0.23291
-0.23291
-0.23291
-0.23291
-0.23291
-0.23291
-0.23291
-0.23291
-0.23291
-0.23291
-0.23291
-0.23291
-0.23291
-0.23291
-0.23291
-0.23291
-0.23291
-0.23291
-0.23291
-0.23291
-0.23291
-0.23291
-0.23291
-0.23291
-0.23291
-0.23291
-0.23291
-0.23291
-0.23291
-0.23291
-0.23291
-0.23291
-0.23291
-0.23291
-0.23291
-0.23291
-0.23291
-0.23291
-0.23291
-0.23291
-0.23291
-0.23291
-0.23291
-0.23291
-0.23291
-0.23291
-0.23291
-0.23291
-0.23291
-0.23291
-0.23291
-0.23291
-0.23291
-0.23291
-0.23291
-0.23291
-0.23291
-0.23291
-0.23291
-0.23291
-0.23291
-0.23291
-0.23291
-0.23291
-0.23291
-0.23291
-0.23291
-0.23291
-0.23291
-0.23291
-0.23291
-0.23291
-0.23291
-0.23291
-0.23291
-0.23291
-0.23291
-0.23291
-0.23291
-0.23291
-0.23291
-0.23291
-0.23291
-0.23291
-0.23291
-0.23291
-0.23291
-0.23291
-0.23291
-0.23291
-0.23291
-0.23291
-0.23291
-0.23291
-0.23291
-0.23291
-0.23291
-0.23291
-0.23291
-0.23291
-0.23291
-0.23291
-0.23291
-0.23270
-0.23249
-0.23229
-0.23208
-0.22744
-0.22281
-0.21818
-0.21354
-0.20651
-0.19947
-0.19244
-0.18541
-0.17955
-0.17370
-0.16785
-0.16200
-0.15301
-0.14402
-0.13503
-0.12604
-0.11768
-0.10931
-0.10094
-0.09258
-0.08386
-0.07515
-0.06643
-0.05772
-0.04842
-0.03913
-0.02983
-0.02054
-0.01345
-0.00636
0.00074
0.00783
0.01565
0.02347
0.03129
0.03911
0.04363
0.04815
0.05267
0.05719
0.06184
0.06648
0.07113
0.07578
0.07477
0.07376
0.07275
0.07174
0.06942
0.06711
0.06479
0.06248
0.05458
0.04668
0.03877
0.03087
0.01724
0.00361
-0.01002
-0.02365
-0.03864
-0.05364
-0.06863
-0.08362
-0.10664
-0.12966
-0.15269
-0.17571
-0.19955
-0.22340
-0.24724
-0.27108
-0.29660
-0.32213
-0.34765
-0.37317
-0.40202
-0.43087
-0.45972
-0.48857
-0.50480
-0.52104
-0.53727
-0.55351
-0.57161
-0.58970
-0.60780
-0.62589
-0.62381
-0.62172
-0.61963
-0.61754
-0.61250
-0.60746
-0.60242
-0.59737
-0.58152
-0.56567
-0.54982
-0.53397
-0.51326
-0.49255
-0.47184
-0.45113
-0.42988
-0.40864
-0.38740
-0.36616
-0.33940
-0.31264
-0.28588
-0.25912
-0.23335
-0.20757
-0.18180
-0.15602
-0.12579
-0.09555
-0.06532
-0.03509
-0.00471
0.02567
0.05605
0.08643
0.11914
0.15185
0.18456
0.21727
0.25111
0.28494
0.31877
0.35260
0.38647
0.42034
0.45422
0.48809
0.52342
0.55876
0.59410
0.62943
0.66175
0.69407
0.72640
0.75872
0.79418
0.82964
0.86510
0.90056
0.93088
0.96119
0.99150
1.02182
1.05671
1.09160
1.12650
1.16139
1.19172
1.22206
1.25240
1.28273
1.31684
1.35094
1.38505
1.41915
1.44975
1.48036
1.51097
1.54157
1.57363
1.60568
1.63773
1.66979
1.69915
1.72851
1.75787
1.78723
1.81522
1.84321
1.87119
1.89918
1.92803
1.95687
1.98572
2.01456
2.04153
2.06850
2.09546
2.12243
2.15232
2.18221
2.21210
2.24200
2.26911
2.29622
2.32334
2.35045
2.38176
2.41307
2.44438
2.47569
2.50233
2.52897
2.55561
2.58225
2.61347
2.64469
2.67591
2.70714
2.73441
2.76169
2.78897
2.81625
2.84682
2.87739
2.90797
2.93854
2.96669
2.99484
3.02299
3.05114
3.08018
3.10921
3.13824
3.16727
3.19737
3.22747
3.25757
3.28767
3.31746
3.34724
3.37703
3.40682
3.43810
3.46939
3.50067
3.53195
3.55871
3.58547
3.61222
3.63898
3.66988
3.70078
3.73168
3.76258
3.78296
3.80334
3.82372
3.84410
3.86875
3.89341
3.91807
3.94272
-0.28573
-0.28573
-0.28573
-0.28573
-0.28573
-0.28573
-0.28573
-0.28573
-0.28573
-0.28573
-0.28573
-0.28573
-0.28573
-0.28573
-0.28573
-0.28573
-0.28573
-0.28573
-0.28573
-0.28573
-0.28573
-0.28573
-0.28573
-0.28573
-0.28573
-0.28573
-0.28573
-0.28573
-0.28573
-0.28573
-0.28573
-0.28573
-0.28573
-0.28573
-0.28573
-0.28573
-0.28573
-0.28573
-0.28573
-0.28573
-0.28573
-0.28573
-0.28573
-0.28573
-0.28573
-0.28573
-0.28573
-0.28573
-0.28573
-0.28573
-0.28573
-0.28573
-0.28573
-0.28573
-0.28573
-0.28573
-0.28573
-0.28573
-0.28573
-0.28573
-0.28573
-0.28573
-0.28573
-0.28573
-0.28573
-0.28573
-0.28573
-0.28573
-0.28573
-0.28573
-0.28573
-0.28573
-0.28573
-0.28573
-0.28573
-0.28573
-0.28573
-0.28573
-0.28573
-0.28573
-0.28573
-0.28573
-0.28573
-0.28573
-0.28573
-0.28573
-0.28573
-0.28573
-0.28573
-0.28573
-0.28573
-0.28573
-0.28573
-0.28573
-0.28573
-0.28573
-0.28573
-0.28573
-0.28573
-0.28573
-0.28573
-0.28573
-0.28573
-0.28573
-0.28573
-0.28559
-0.28546
-0.28533
-0.28520
-0.28206
-0.27893
-0.27579
-0.27266
-0.26758
-0.26251
-0.25744
-0.25236
-0.24669
-0.24103
-0.23536
-0.22969
-0.21839
-0.20709
-0.19579
-0.18449
-0.17200
-0.15952
-0.14703
-0.13454
-0.12240
-0.11027
-0.09813
-0.08599
-0.07145
-0.05690
-0.04235
-0.02781
-0.01948
-0.01116
-0.00284
0.00548
0.01541
0.02533
0.03525
0.04517
0.04988
0.05459
0.05930
0.06401
0.06792
0.07183
0.07575
0.07966
0.07873
0.07780
0.07687
0.07594
0.07248
0.06901
0.06555
0.06209
0.05401
0.04593
0.03786
0.02978
0.01631
0.00283
-0.01064
-0.02411
-0.04075
-0.05739
-0.07403
-0.09066
-0.11108
-0.13149
-0.15190
-0.17231
-0.19774
-0.22316
-0.24859
-0.27402
-0.29414
-0.31427
-0.33440
-0.35453
-0.38007
-0.40561
-0.43115
-0.45668
-0.46886
-0.48104
-0.49321
-0.50538
-0.51870
-0.53201
-0.54532
-0.55864
-0.55811
-0.55758
-0.55705
-0.55652
-0.55361
-0.55069
-0.54777
-0.54485
-0.53497
-0.52509
-0.51521
-0.50533
-0.49218
-0.47903
-0.46588
-0.45273
-0.43844
-0.42415
-0.40987
-0.39558
-0.37600
-0.35642
-0.33683
-0.31725
-0.29673
-0.27622
-0.25570
-0.23518
-0.20901
-0.18284
-0.15666
-0.13049
-0.10220
-0.07391
-0.04562
-0.01732
0.01374
0.04481
0.07588
0.10695
0.14071
0.17447
0.20823
0.24200
0.27534
0.30869
0.34204
0.37539
0.41119
0.44698
0.48277
0.51857
0.55175
0.58494
0.61812
0.65131
0.68730
0.72328
0.75927
0.79526
0.82773
0.86020
0.89267
0.92514
0.96068
0.99621
1.03175
1.06729
1.09992
1.13254
1.16517
1.19780
1.23189
1.26598
1.30008
1.33417
1.36672
1.39926
1.43181
1.46436
1.49538
1.52641
1.55744
1.58846
1.61965
1.65084
1.68203
1.71322
1.74067
1.76813
1.79558
1.82304
1.85308
1.88312
1.91316
1.94320
1.97067
1.99814
2.02562
2.05309
2.08382
2.11454
2.14527
2.17600
2.20375
2.23149
2.25924
2.28699
2.31787
2.34876
2.37964
2.41052
2.43805
2.46557
2.49309
2.52062
2.55059
2.58056
2.61054
2.64051
2.66868
2.69685
2.72501
2.75318
2.78243
2.81168
2.84093
2.87018
2.89940
2.92862
2.95784
2.98707
3.01497
3.04288
3.07079
3.09869
3.12933
3.15996
3.19059
3.22122
3.24948
3.27773
3.30599
3.33425
3.36518
3.39612
3.42705
3.45798
3.48449
3.51099
3.53750
3.56401
3.59382
3.62364
3.65345
3.68326
3.70531
3.72736
3.74940
3.77145
3.79501
3.81857
3.84213
3.86569
-0.33854
-0.33854
-0.33854
-0.33854
-0.33854
-0.33854
-0.33854
-0.33854
-0.33854
-0.33854
-0.33854
-0.33854
-0.33854
-0.33854
-0.33854
-0.33854
-0.33854
-0.33854
-0.33854
-0.33854
-0.33854
-0.33854
-0.33854
-0.33854
-0.33854
-0.33854
-0.33854
-0.33854
-0.33854
-0.33854
-0.33854
-0.33854
-0.33854
-0.33854
-0.33854
-0.33854
-0.33854
-0.33854
-0.33854
-0.33854
-0.33854
-0.33854
-0.33854
-0.33854
-0.33854
-0.33854
-0.33854
-0.33854
-0.33854
-0.33854
-0.33854
-0.33854
-0.33854
-0.33854
-0.33854
-0.33854
-0.33854
-0.33854
-0.33854
-0.33854
-0.33854
-0.33854
-0.33854
-0.33854
-0.33854
-0.33854
-0.33854
-0.33854
-0.33854
-0.33854
-0.33854
-0.33854
-0.33854
-0.33854
-0.33854
-0.33854
-0.33854
-0.33854
-0.33854
-0.33854
-0.33854
-0.33854
-0.33854
-0.33854
-0.33854
-0.33854
-0.33854
-0.33854
-0.33854
-0.33854
-0.33854
-0.33854
-0.33854
-0.33854
-0.33854
-0.33854
-0.33854
-0.33854
-0.33854
-0.33854
-0.33854
-0.33854
-0.33854
-0.33854
-0.33854
-0.33849
-0.33843
-0.33838
-0.33832
-0.33669
-0.33505
-0.33341
-0.33177
-0.32866
-0.32555
-0.32243
-0.31932
-0.31383
-0.30835
-0.30286
-0.29738
-0.28377
-0.27016
-0.25655
-0.24294
-0.22633
-0.20972
-0.19312
-0.17651
-0.16095
-0.14539
-0.12983
-0.11427
-0.09447
-0.07467
-0.05487
-0.03507
-0.02552
-0.01597
-0.00641
0.00314
0.01516
0.02718
0.03920
0.05122
0.05613
0.06103
0.06594
0.07084
0.07401
0.07719
0.08036
0.08353
0.08269
0.08184
0.08100
0.08015
0.07554
0.07092
0.06631
0.06169
0.05344
0.04519
0.03694
0.02869
0.01538
0.00206
-0.01126
-0.02458
-0.04286
-0.06114
-0.07943
-0.09771
-0.11551
-0.13331
-0.15111
-0.16891
-0.19592
-0.22293
-0.24994
-0.27695
-0.29168
-0.30642
-0.32115
-0.33588
-0.35811
-0.38034
-0.40257
-0.42480
-0.43292
-0.44103
-0.44915
-0.45726
-0.46579
-0.47432
-0.48285
-0.49138
-0.49241
-0.49344
-0.49448
-0.49551
-0.49471
-0.49392
-0.49312
-0.49233
-0.48842
-0.48451
-0.48060
-0.47669
-0.47110
-0.46550
-0.45991
-0.45432
-0.44700
-0.43967
-0.43234
-0.42501
-0.41260
-0.40020
-0.38779
-0.37538
-0.36012
-0.34486
-0.32960
-0.31434
-0.29223
-0.27012
-0.24801
-0.22590
-0.19969
-0.17349
-0.14729
-0.12108
-0.09166
-0.06223
-0.03280
-0.00337
0.03032
0.06401
0.09770
0.13139
0.16422
0.19704
0.22987
0.26270
0.29895
0.33520
0.37145
0.40771
0.44175
0.47580
0.50985
0.54390
0.58041
0.61693
0.65344
0.68996
0.72458
0.75921
0.79383
0.82846
0.86464
0.90082
0.93701
0.97319
1.00811
1.04303
1.07794
1.11286
1.14694
1.18103
1.21511
1.24919
1.28368
1.31817
1.35266
1.38714
1.41714
1.44714
1.47714
1.50714
1.54016
1.57317
1.60618
1.63920
1.66612
1.69305
1.71997
1.74690
1.77813
1.80936
1.84059
1.87183
1.89981
1.92779
1.95577
1.98375
2.01531
2.04688
2.07844
2.11000
2.13838
2.16677
2.19515
2.22353
2.25399
2.28445
2.31491
2.34536
2.37377
2.40217
2.43058
2.45898
2.48771
2.51643
2.54516
2.57389
2.60294
2.63200
2.66106
2.69011
2.71804
2.74597
2.77390
2.80183
2.83212
2.86241
2.89270
2.92299
2.94977
2.97655
3.00334
3.03012
3.06128
3.09244
3.12361
3.15477
3.18150
3.20823
3.23495
3.26168
3.29226
3.32285
3.35343
3.38401
3.41027
3.43652
3.46278
3.48903
3.51776
3.54649
3.57522
3.60395
3.62766
3.65138
3.67509
3.69880
3.72126
3.74373
3.76619
3.78865
-0.53669
-0.53669
-0.53669
-0.53669
-0.53669
-0.53669
-0.53669
-0.53669
-0.53669
-0.53669
-0.53669
-0.53669
-0.53669
-0.53669
-0.53669
-0.53669
-0.53669
-0.53669
-0.53669
-0.53669
-0.53669
-0.53669
-0.53669
-0.53669
-0.53669
-0.53669
-0.53669
-0.53669
-0.53669
-0.53669
-0.53669
-0.53669
-0.53669
-0.53669
-0.53669
-0.53669
-0.53669
-0.53669
-0.53669
-0.53669
-0.53669
-0.53669
-0.53669
-0.53669
-0.53669
-0.53669
-0.53669
-0.53669
-0.53669
-0.53669
-0.53669
-0.53669
-0.53669
-0.53669
-0.53669
-0.53669
-0.53669
-0.53669
-0.53669
-0.53669
-0.53669
-0.53669
-0.53669
-0.53669
-0.53669
-0.53669
-0.53669
-0.53669
-0.53669
-0.53669
-0.53669
-0.53669
-0.53669
-0.53669
-0.53669
-0.53669
-0.53669
-0.53669
-0.53669
-0.53669
-0.53669
-0.53669
-0.53669
-0.53669
-0.53669
-0.53669
-0.53669
-0.53669
-0.53669
-0.53669
-0.53669
-0.53669
-0.53669
-0.53669
-0.53669
-0.53669
-0.53669
-0.53669
-0.53669
-0.53669
-0.53669
-0.53669
-0.53669
-0.53669
-0.53669
-0.53669
-0.53669
-0.53669
-0.53669
-0.53618
-0.53567
-0.53516
-0.53465
-0.53057
-0.52650
-0.52242
-0.51834
-0.51032
-0.50230
-0.49428
-0.48626
-0.46980
-0.45334
-0.43687
-0.42041
-0.39976
-0.37912
-0.35848
-0.33783
-0.31921
-0.30058
-0.28196
-0.26333
-0.23991
-0.21650
-0.19308
-0.16967
-0.15826
-0.14685
-0.13544
-0.12404
-0.11052
-0.09701
-0.08350
-0.06999
-0.06389
-0.05779
-0.05169
-0.04560
-0.04222
-0.03884
-0.03545
-0.03207
-0.03140
-0.03074
-0.03007
-0.02940
-0.03312
-0.03685
-0.04058
-0.04430
-0.05019
-0.05608
-0.06197
-0.06786
-0.07823
-0.08860
-0.09897
-0.10935
-0.12482
-0.14030
-0.15578
-0.17126
-0.18394
-0.19663
-0.20931
-0.22200
-0.24534
-0.26867
-0.29201
-0.31535
-0.32372
-0.33208
-0.34045
-0.34881
-0.36548
-0.38214
-0.39880
-0.41546
-0.41934
-0.42321
-0.42709
-0.43096
-0.43566
-0.44036
-0.44505
-0.44975
-0.45190
-0.45405
-0.45621
-0.45836
-0.45959
-0.46082
-0.46205
-0.46328
-0.46448
-0.46568
-0.46688
-0.46808
-0.46775
-0.46741
-0.46707
-0.46673
-0.46438
-0.46203
-0.45968
-0.45733
-0.44968
-0.44203
-0.43438
-0.42673
-0.41476
-0.40279
-0.39082
-0.37885
-0.36002
-0.34119
-0.32237
-0.30354
-0.27948
-0.25541
-0.23135
-0.20728
-0.17999
-0.15269
-0.12540
-0.09810
-0.06585
-0.03359
-0.00133
0.03092
0.06253
0.09414
0.12575
0.15735
0.19292
0.22850
0.26407
0.29964
0.33399
0.36834
0.40269
0.43704
0.47357
0.51010
0.54662
0.58315
0.61948
0.65582
0.69216
0.72850
0.76492
0.80134
0.83776
0.87418
0.91100
0.94781
0.98463
1.02144
1.05553
1.08961
1.12370
1.15778
1.19383
1.22988
1.26592
1.30197
1.33168
1.36140
1.39112
1.42083
1.45520
1.48956
1.52393
1.55830
1.58547
1.61264
1.63981
1.66698
1.69895
1.73093
1.76291
1.79488
1.82367
1.85246
1.88125
1.91003
1.94203
1.97404
2.00604
2.03804
2.06744
2.09685
2.12626
2.15566
2.18592
2.21618
2.24644
2.27670
2.30649
2.33629
2.36609
2.39589
2.42367
2.45145
2.47924
2.50702
2.53703
2.56704
2.59705
2.62707
2.65401
2.68096
2.70791
2.73486
2.76575
2.79665
2.82754
2.85844
2.88457
2.91070
2.93683
2.96296
2.99416
3.02537
3.05657
3.08777
3.11368
3.13959
3.16550
3.19141
3.22133
3.25125
3.28116
3.31108
3.33744
3.36379
3.39015
3.41651
3.44397
3.47144
3.49891
3.52638
3.55168
3.57698
3.60227
3.62757
3.64891
3.67024
3.69158
3.71292
-1.09263
-1.09263
-1.09263
-1.09263
-1.09263
-1.09263
-1.09263
-1.09263
-1.09263
-1.09263
-1.09263
-1.09263
-1.09263
-1.09263
-1.09263
-1.09263
-1.09263
-1.09263
-1.09263
-1.09263
-1.09263
-1.09263
-1.09263
-1.09263
-1.09263
-1.09263
-1.09263
-1.09263
-1.09263
-1.09263
-1.09263
-1.09263
-1.09263
-1.09263
-1.09263
-1.09263
-1.09263
-1.09263
-1.09263
-1.09263
-1.09263
-1.09263
-1.09263
-1.09263
-1.09263
-1.09263
-1.09263
-1.09263
-1.09263
-1.09263
-1.09263
-1.09263
-1.09263
-1.09263
-1.09263
-1.09263
-1.09263
-1.09263
-1.09263
-1.09263
-1.09263
-1.09263
-1.09263
-1.09263
-1.09263
-1.09263
-1.09263
-1.09263
-1.09263
-1.09263
-1.09263
-1.09263
-1.09263
-1.09263
-1.09263
-1.09263
-1.09263
-1.09263
-1.09263
-1.09263
-1.09263
-1.09263
-1.09263
-1.09263
-1.09263
-1.09263
-1.09263
-1.09263
-1.09263
-1.09263
-1.09263
-1.09263
-1.09263
-1.09263
-1.09263
-1.09263
-1.09263
-1.09263
-1.09263
-1.09263
-1.09263
-1.09263
-1.09263
-1.09263
-1.09263
-1.09263
-1.09263
-1.09263
-1.09263
-1.09234
-1.09204
-1.09174
-1.09145
-1.07920
-1.06696
-1.05472
-1.04247
-1.02523
-1.00799
-0.99075
-0.97351
-0.95285
-0.93219
-0.91153
-0.89087
-0.86641
-0.84194
-0.81748
-0.79301
-0.77219
-0.75138
-0.73056
-0.70975
-0.68674
-0.66374
-0.64073
-0.61772
-0.60292
-0.58812
-0.57332
-0.55852
-0.54502
-0.53152
-0.51801
-0.50451
-0.49475
-0.48499
-0.47523
-0.46548
-0.45956
-0.45365
-0.44774
-0.44182
-0.43612
-0.43041
-0.42470
-0.41900
-0.41682
-0.41464
-0.41246
-0.41028
-0.40757
-0.40486
-0.40215
-0.39944
-0.39999
-0.40055
-0.40111
-0.40167
-0.40338
-0.40509
-0.40680
-0.40851
-0.40991
-0.41132
-0.41273
-0.41414
-0.42086
-0.42759
-0.43432
-0.44105
-0.44066
-0.44027
-0.43988
-0.43949
-0.44502
-0.45055
-0.45608
-0.46161
-0.46081
-0.46000
-0.45920
-0.45839
-0.46159
-0.46480
-0.46800
-0.47120
-0.47340
-0.47559
-0.47779
-0.47998
-0.48299
-0.48600
-0.48901
-0.49202
-0.49622
-0.50042
-0.50461
-0.50881
-0.50805
-0.50729
-0.50652
-0.50576
-0.50351
-0.50127
-0.49902
-0.49677
-0.48792
-0.47907
-0.47021
-0.46136
-0.44784
-0.43432
-0.42080
-0.40728
-0.38983
-0.37237
-0.35492
-0.33747
-0.31566
-0.29386
-0.27205
-0.25025
-0.22630
-0.20235
-0.17840
-0.15445
-0.12698
-0.09951
-0.07204
-0.04457
-0.01590
0.01277
0.04144
0.07011
0.10219
0.13428
0.16636
0.19845
0.23172
0.26500
0.29828
0.33156
0.36682
0.40208
0.43735
0.47261
0.50958
0.54654
0.58350
0.62047
0.65612
0.69178
0.72744
0.76310
0.80083
0.83857
0.87631
0.91405
0.94817
0.98230
1.01643
1.05055
1.08721
1.12387
1.16053
1.19719
1.22845
1.25972
1.29098
1.32225
1.35680
1.39135
1.42590
1.46045
1.48977
1.51910
1.54843
1.57775
1.60937
1.64098
1.67260
1.70422
1.73455
1.76488
1.79520
1.82553
1.85700
1.88846
1.91992
1.95139
1.98278
2.01416
2.04555
2.07694
2.10756
2.13817
2.16878
2.19939
2.23184
2.26429
2.29674
2.32918
2.35678
2.38437
2.41197
2.43956
2.47069
2.50181
2.53294
2.56407
2.59087
2.61768
2.64449
2.67130
2.70166
2.73202
2.76238
2.79274
2.81938
2.84602
2.87266
2.89929
2.92932
2.95935
2.98938
3.01941
3.04626
3.07311
3.09996
3.12681
3.15529
3.18376
3.21224
3.24072
3.26804
3.29536
3.32268
3.35000
3.37578
3.40155
3.42733
3.45310
3.47978
3.50647
3.53315
3.55983
3.57997
3.60010
3.62024
3.64038
-1.64857
-1.64857
-1.64857
-1.64857
-1.64857
-1.64857
-1.64857
-1.64857
-1.64857
-1.64857
-1.64857
-1.64857
-1.64857
-1.64857
-1.64857
-1.64857
-1.64857
-1.64857
-1.64857
-1.64857
-1.64857
-1.64857
-1.64857
-1.64857
-1.64857
-1.64857
-1.64857
-1.64857
-1.64857
-1.64857
-1.64857
-1.64857
-1.64857
-1.64857
-1.64857
-1.64857
-1.64857
-1.64857
-1.64857
-1.64857
-1.64857
-1.64857
-1.64857
-1.64857
-1.64857
-1.64857
-1.64857
-1.64857
-1.64857
-1.64857
-1.64857
-1.64857
-1.64857
-1.64857
-1.64857
-1.64857
-1.64857
-1.64857
-1.64857
-1.64857
-1.64857
-1.64857
-1.64857
-1.64857
-1.64857
-1.64857
-1.64857
-1.64857
-1.64857
-1.64857
-1.64857
-1.64857
-1.64857
-1.64857
-1.64857
-1.64857
-1.64857
-1.64857
-1.64857
-1.64857
-1.64857
-1.64857
-1.64857
-1.64857
-1.64857
-1.64857
-1.64857
-1.64857
-1.64857
-1.64857
-1.64857
-1.64857
-1.64857
-1.64857
-1.64857
-1.64857
-1.64857
-1.64857
-1.64857
-1.64857
-1.64857
-1.64857
-1.64857
-1.64857
-1.64857
-1.64857
-1.64857
-1.64857
-1.64857
-1.64849
-1.64841
-1.64832
-1.64824
-1.62783
-1.60742
-1.58702
-1.56661
-1.54014
-1.51368
-1.48722
-1.46075
-1.43590
-1.41104
-1.38619
-1.36134
-1.33305
-1.30476
-1.27647
-1.24819
-1.22518
-1.20217
-1.17917
-1.15616
-1.13357
-1.11097
-1.08838
-1.06578
-1.04759
-1.02940
-1.01121
-0.99301
-0.97952
-0.96602
-0.95253
-0.93903
-0.92561
-0.91219
-0.89877
-0.88536
-0.87691
-0.86847
-0.86002
-0.85157
-0.84083
-0.83008
-0.81934
-0.80859
-0.80051
-0.79242
-0.78434
-0.77625
-0.76494
-0.75363
-0.74232
-0.73101
-0.72176
-0.71250
-0.70325
-0.69400
-0.68194
-0.66988
-0.65782
-0.64576
-0.63589
-0.62602
-0.61615
-0.60628
-0.59639
-0.58651
-0.57663
-0.56675
-0.55760
-0.54846
-0.53932
-0.53017
-0.52457
-0.51897
-0.51336
-0.50776
-0.50228
-0.49679
-0.49131
-0.48582
-0.48753
-0.48924
-0.49095
-0.49266
-0.49489
-0.49713
-0.49937
-0.50160
-0.50639
-0.51118
-0.51598
-0.52077
-0.52796
-0.53515
-0.54235
-0.54954
-0.54835
-0.54717
-0.54598
-0.54479
-0.54265
-0.54050
-0.53836
-0.53621
-0.52616
-0.51610
-0.50605
-0.49599
-0.48092
-0.46585
-0.45078
-0.43571
-0.41963
-0.40355
-0.38747
-0.37139
-0.35185
-0.33230
-0.31276
-0.29321
-0.27261
-0.25200
-0.23140
-0.21079
-0.18811
-0.16543
-0.14275
-0.12007
-0.09434
-0.06860
-0.04287
-0.01714
0.01146
0.04006
0.06866
0.09726
0.12946
0.16166
0.19386
0.22607
0.26007
0.29407
0.32808
0.36208
0.39967
0.43726
0.47485
0.51244
0.54733
0.58222
0.61711
0.65201
0.69067
0.72933
0.76799
0.80665
0.84082
0.87499
0.90915
0.94332
0.98059
1.01787
1.05514
1.09241
1.12523
1.15804
1.19085
1.22366
1.25840
1.29313
1.32786
1.36259
1.39408
1.42556
1.45705
1.48853
1.51978
1.55104
1.58230
1.61355
1.64542
1.67729
1.70916
1.74104
1.77196
1.80288
1.83381
1.86473
1.89811
1.93148
1.96485
1.99822
2.02919
2.06016
2.09112
2.12209
2.15719
2.19229
2.22738
2.26248
2.28989
2.31729
2.34470
2.37210
2.40434
2.43658
2.46882
2.50106
2.52774
2.55441
2.58108
2.60775
2.63757
2.66740
2.69722
2.72705
2.75419
2.78133
2.80848
2.83562
2.86448
2.89334
2.92220
2.95106
2.97884
3.00663
3.03441
3.06220
3.08924
3.11628
3.14332
3.17035
3.19864
3.22693
3.25521
3.28350
3.30758
3.33166
3.35574
3.37982
3.40789
3.43595
3.46402
3.49209
3.51103
3.52996
3.54890
3.56783
-2.30607
-2.30607
-2.30607
-2.30607
-2.30607
-2.30607
-2.30607
-2.30607
-2.30607
-2.30607
-2.30607
-2.30607
-2.30607
-2.30607
-2.30607
-2.30607
-2.30607
-2.30607
-2.30607
-2.30607
-2.30607
-2.30607
-2.30607
-2.30607
-2.30607
-2.30607
-2.30607
-2.30607
-2.30607
-2.30607
-2.30607
-2.30607
-2.30607
-2.30607
-2.30607
-2.30607
-2.30607
-2.30607
-2.30607
-2.30607
-2.30607
-2.30607
-2.30607
-2.30607
-2.30607
-2.30607
-2.30607
-2.30607
-2.30607
-2.30607
-2.30607
-2.30607
-2.30607
-2.30607
-2.30607
-2.30607
-2.30607
-2.30607
-2.30607
-2.30607
-2.30607
-2.30607
-2.30607
-2.30607
-2.30607
-2.30607
-2.30607
-2.30607
-2.30607
-2.30607
-2.30607
-2.30607
-2.30607
-2.30607
-2.30607
-2.30607
-2.30607
-2.30607
-2.30607
-2.30607
-2.30607
-2.30607
-2.30607
-2.30607
-2.30607
-2.30607
-2.30607
-2.30607
-2.30607
-2.30607
-2.30607
-2.30607
-2.30607
-2.30607
-2.30607
-2.30607
-2.30607
-2.30607
-2.30607
-2.30607
-2.30607
-2.30607
-2.30607
-2.30607
-2.30607
-2.30607
-2.30607
-2.30607
-2.30607
-2.30607
-2.30607
-2.30607
-2.30607
-2.28390
-2.26172
-2.23954
-2.21736
-2.18522
-2.15308
-2.12094
-2.08880
-2.05797
-2.02713
-1.99630
-1.96546
-1.93108
-1.89669
-1.86230
-1.82791
-1.79751
-1.76711
-1.73671
-1.70631
-1.67643
-1.64655
-1.61667
-1.58679
-1.55914
-1.53150
-1.50386
-1.47622
-1.45402
-1.43182
-1.40962
-1.38742
-1.36391
-1.34039
-1.31688
-1.29337
-1.27574
-1.25812
-1.24049
-1.22287
-1.20238
-1.18189
-1.16140
-1.14091
-1.12439
-1.10786
-1.09134
-1.07481
-1.05530
-1.03578
-1.01626
-0.99675
-0.97981
-0.96288
-0.94594
-0.92901
-0.91015
-0.89129
-0.87244
-0.85358
-0.83687
-0.82015
-0.80343
-0.78671
-0.76976
-0.75280
-0.73584
-0.71889
-0.70366
-0.68842
-0.67319
-0.65796
-0.64539
-0.63283
-0.62026
-0.60769
-0.59557
-0.58345
-0.57134
-0.55922
-0.55522
-0.55122
-0.54722
-0.54322
-0.53865
-0.53408
-0.52950
-0.52493
-0.52474
-0.52456
-0.52438
-0.52420
-0.52563
-0.52706
-0.52850
-0.52993
-0.52544
-0.52095
-0.51646
-0.51197
-0.50737
-0.50277
-0.49817
-0.49357
-0.48292
-0.47227
-0.46163
-0.45098
-0.43715
-0.42332
-0.40949
-0.39566
-0.38134
-0.36702
-0.35270
-0.33837
-0.32169
-0.30502
-0.28834
-0.27166
-0.25351
-0.23536
-0.21721
-0.19906
-0.17978
-0.16049
-0.14120
-0.12192
-0.09848
-0.07505
-0.05161
-0.02817
-0.00317
0.02184
0.04685
0.07186
0.10159
0.13132
0.16104
0.19077
0.22148
0.25219
0.28290
0.31361
0.34849
0.38337
0.41825
0.45313
0.48566
0.51819
0.55072
0.58326
0.61960
0.65595
0.69230
0.72864
0.76185
0.79505
0.82825
0.86145
0.89725
0.93304
0.96883
1.00462
1.03800
1.07138
1.10476
1.13814
1.17185
1.20556
1.23928
1.27299
1.30593
1.33887
1.37181
1.40476
1.43519
1.46562
1.49605
1.52649
1.55933
1.59217
1.62501
1.65785
1.68824
1.71863
1.74902
1.77940
1.81348
1.84756
1.88164
1.91572
1.94715
1.97857
2.01000
2.04143
2.07730
2.11317
2.14904
2.18492
2.21366
2.24241
2.27115
2.29990
2.33252
2.36514
2.39776
2.43038
2.45839
2.48641
2.51442
2.54243
2.57174
2.60104
2.63035
2.65965
2.68800
2.71634
2.74469
2.77303
2.80079
2.82855
2.85631
2.88406
2.91306
2.94205
2.97105
3.00004
3.02569
3.05134
3.07699
3.10263
3.13137
3.16010
3.18884
3.21757
3.24071
3.26386
3.28700
3.31014
3.33783
3.36551
3.39320
3.42089
3.44016
3.45944
3.47871
3.49799
-3.02824
-3.02824
-3.02824
-3.02824
-3.02824
-3.02824
-3.02824
-3.02824
-3.02824
-3.02824
-3.02824
-3.02824
-3.02824
-3.02824
-3.02824
-3.02824
-3.02824
-3.02824
-3.02824
-3.02824
-3.02824
-3.02824
-3.02824
-3.02824
-3.02824
-3.02824
-3.02824
-3.02824
-3.02824
-3.02824
-3.02824
-3.02824
-3.02824
-3.02824
-3.02824
-3.02824
-3.02824
-3.02824
-3.02824
-3.02824
-3.02824
-3.02824
-3.02824
-3.02824
-3.02824
-3.02824
-3.02824
-3.02824
-3.02824
-3.02824
-3.02824
-3.02824
-3.02824
-3.02824
-3.02824
-3.02824
-3.02824
-3.02824
-3.02824
-3.02824
-3.02824
-3.02824
-3.02824
-3.02824
-3.02824
-3.02824
-3.02824
-3.02824
-3.02824
-3.02824
-3.02824
-3.02824
-3.02824
-3.02824
-3.02824
-3.02824
-3.02824
-3.02824
-3.02824
-3.02824
-3.02824
-3.02824
-3.02824
-3.02824
-3.02824
-3.02824
-3.02824
-3.02824
-3.02824
-3.02824
-3.02824
-3.02824
-3.02824
-3.02824
-3.02824
-3.02824
-3.02824
-3.02824
-3.02824
-3.02824
-3.02824
-3.02824
-3.02824
-3.02824
-3.02824
-3.02824
-3.02824
-3.02824
-3.02824
-3.02824
-3.02824
-3.02824
-3.02824
-3.00836
-2.98849
-2.96861
-2.94874
-2.91318
-2.87762
-2.84206
-2.80650
-2.76855
-2.73060
-2.69265
-2.65469
-2.61275
-2.57082
-2.52888
-2.48694
-2.44583
-2.40472
-2.36362
-2.32251
-2.28044
-2.23837
-2.19631
-2.15424
-2.11329
-2.07234
-2.03139
-1.99044
-1.95399
-1.91753
-1.88108
-1.84463
-1.80693
-1.76923
-1.73152
-1.69382
-1.66278
-1.63175
-1.60071
-1.56968
-1.53645
-1.50322
-1.46999
-1.43677
-1.41019
-1.38361
-1.35703
-1.33045
-1.30298
-1.27551
-1.24804
-1.22057
-1.19731
-1.17405
-1.15079
-1.12752
-1.10631
-1.08510
-1.06389
-1.04268
-1.02193
-1.00119
-0.98044
-0.95969
-0.94174
-0.92378
-0.90582
-0.88786
-0.86824
-0.84862
-0.82899
-0.80937
-0.79250
-0.77562
-0.75875
-0.74187
-0.72187
-0.70187
-0.68187
-0.66187
-0.64948
-0.63710
-0.62472
-0.61233
-0.59658
-0.58083
-0.56508
-0.54933
-0.53988
-0.53043
-0.52097
-0.51152
-0.50161
-0.49171
-0.48181
-0.47190
-0.46228
-0.45266
-0.44303
-0.43341
-0.42472
-0.41604
-0.40735
-0.39867
-0.38781
-0.37696
-0.36611
-0.35526
-0.34445
-0.33364
-0.32283
-0.31202
-0.29970
-0.28738
-0.27506
-0.26273
-0.24931
-0.23588
-0.22245
-0.20903
-0.19277
-0.17651
-0.16025
-0.14400
-0.12722
-0.11043
-0.09365
-0.07687
-0.05533
-0.03378
-0.01224
0.00931
0.03066
0.05202
0.07337
0.09472
0.12108
0.14744
0.17381
0.20017
0.22628
0.25240
0.27852
0.30464
0.33469
0.36474
0.39479
0.42484
0.45400
0.48315
0.51231
0.54146
0.57343
0.60540
0.63737
0.66934
0.70094
0.73254
0.76414
0.79574
0.82871
0.86169
0.89467
0.92764
0.96097
0.99429
1.02761
1.06093
1.09285
1.12478
1.15671
1.18863
1.22259
1.25654
1.29050
1.32445
1.35377
1.38308
1.41240
1.44171
1.47516
1.50861
1.54205
1.57550
1.60535
1.63521
1.66506
1.69492
1.72889
1.76286
1.79683
1.83080
1.86276
1.89472
1.92667
1.95863
1.99408
2.02953
2.06498
2.10043
2.13149
2.16255
2.19360
2.22466
2.25720
2.28973
2.32227
2.35481
2.38510
2.41539
2.44569
2.47598
2.50478
2.53358
2.56238
2.59119
2.62117
2.65116
2.68114
2.71113
2.73783
2.76453
2.79124
2.81794
2.84832
2.87869
2.90907
2.93944
2.96373
2.98802
3.01231
3.03659
3.06545
3.09430
3.12315
3.15201
3.17470
3.19739
3.22007
3.24276
3.26894
3.29512
3.32130
3.34748
3.36808
3.38867
3.40927
3.42986
-3.48197
-3.48197
-3.48197
-3.48197
-3.48197
-3.48197
-3.48197
-3.48197
-3.48197
-3.48197
-3.48197
-3.48197
-3.48197
-3.48197
-3.48197
-3.48197
-3.48197
-3.48197
-3.48197
-3.48197
-3.48197
-3.48197
-3.48197
-3.48197
-3.48197
-3.48197
-3.48197
-3.48197
-3.48197
-3.48197
-3.48197
-3.48197
-3.48197
-3.48197
-3.48197
-3.48197
-3.48197
-3.48197
-3.48197
-3.48197
-3.48197
-3.48197
-3.48197
-3.48197
-3.48197
-3.48197
-3.48197
-3.48197
-3.48197
-3.48197
-3.48197
-3.48197
-3.48197
-3.48197
-3.48197
-3.48197
-3.48197
-3.48197
-3.48197
-3.48197
-3.48197
-3.48197
-3.48197
-3.48197
-3.48197
-3.48197
-3.48197
-3.48197
-3.48197
-3.48197
-3.48197
-3.48197
-3.48197
-3.48197
-3.48197
-3.48197
-3.48197
-3.48197
-3.48197
-3.48197
-3.48197
-3.48197
-3.48197
-3.48197
-3.48197
-3.48197
-3.48197
-3.48197
-3.48197
-3.48197
-3.48197
-3.48197
-3.48197
-3.48197
-3.48197
-3.48197
-3.48197
-3.48197
-3.48197
-3.48197
-3.48197
-3.48197
-3.48197
-3.48197
-3.48197
-3.48197
-3.48197
-3.48197
-3.48197
-3.48197
-3.48197
-3.48197
-3.48197
-3.46549
-3.44901
-3.43253
-3.41605
-3.37744
-3.33882
-3.30021
-3.26160
-3.21833
-3.17507
-3.13180
-3.08853
-3.04317
-2.99782
-2.95246
-2.90711
-2.85994
-2.81278
-2.76561
-2.71845
-2.67131
-2.62417
-2.57703
-2.52990
-2.48282
-2.43575
-2.38867
-2.34160
-2.29905
-2.25650
-2.21395
-2.17140
-2.12834
-2.08529
-2.04224
-1.99918
-1.96229
-1.92540
-1.88850
-1.85161
-1.81342
-1.77523
-1.73704
-1.69885
-1.66698
-1.63511
-1.60323
-1.57136
-1.53846
-1.50555
-1.47265
-1.43975
-1.41065
-1.38156
-1.35246
-1.32337
-1.29733
-1.27130
-1.24526
-1.21923
-1.19233
-1.16544
-1.13854
-1.11165
-1.09004
-1.06843
-1.04682
-1.02521
-0.99971
-0.97420
-0.94870
-0.92319
-0.90213
-0.88108
-0.86002
-0.83896
-0.81301
-0.78706
-0.76110
-0.73515
-0.71679
-0.69842
-0.68006
-0.66170
-0.63957
-0.61744
-0.59531
-0.57318
-0.55778
-0.54238
-0.52698
-0.51158
-0.49522
-0.47886
-0.46250
-0.44614
-0.43348
-0.42081
-0.40814
-0.39548
-0.38413
-0.37279
-0.36145
-0.35011
-0.33874
-0.32738
-0.31602
-0.30466
-0.29544
-0.28622
-0.27700
-0.26778
-0.25597
-0.24415
-0.23234
-0.22053
-0.20883
-0.19712
-0.18542
-0.17372
-0.15813
-0.14254
-0.12695
-0.11135
-0.09583
-0.08030
-0.06478
-0.04925
-0.02882
-0.00838
0.01205
0.03249
0.05150
0.07052
0.08953
0.10855
0.13205
0.15555
0.17905
0.20256
0.22528
0.24800
0.27072
0.29344
0.31920
0.34496
0.37072
0.39648
0.42288
0.44928
0.47568
0.50208
0.53012
0.55817
0.58621
0.61426
0.64441
0.67457
0.70472
0.73488
0.76506
0.79524
0.82543
0.85561
0.88856
0.92151
0.95446
0.98741
1.01761
1.04781
1.07801
1.10821
1.14247
1.17673
1.21098
1.24524
1.27386
1.30248
1.33109
1.35971
1.39324
1.42677
1.46030
1.49384
1.52359
1.55334
1.58309
1.61284
1.64650
1.68016
1.71382
1.74748
1.77999
1.81250
1.84501
1.87752
1.91228
1.94703
1.98178
2.01653
2.04959
2.08264
2.11570
2.14875
2.18106
2.21337
2.24568
2.27799
2.31052
2.34305
2.37558
2.40811
2.43646
2.46480
2.49315
2.52150
2.55293
2.58437
2.61581
2.64725
2.67334
2.69943
2.72552
2.75161
2.78277
2.81393
2.84509
2.87625
2.89993
2.92360
2.94728
2.97095
2.99945
3.02795
3.05644
3.08494
3.10770
3.13047
3.15323
3.17600
3.20075
3.22550
3.25025
3.27500
3.29696
3.31891
3.34087
3.36282
-3.28270
-3.28270
-3.28270
-3.28270
-3.28270
-3.28270
-3.28270
-3.28270
-3.28270
-3.28270
-3.28270
-3.28270
-3.28270
-3.28270
-3.28270
-3.28270
-3.28270
-3.28270
-3.28270
-3.28270
-3.28270
-3.28270
-3.28270
-3.28270
-3.28270
-3.28270
-3.28270
-3.28270
-3.28270
-3.28270
-3.28270
-3.28270
-3.28270
-3.28270
-3.28270
-3.28270
-3.28270
-3.28270
-3.28270
-3.28270
-3.28270
-3.28270
-3.28270
-3.28270
-3.28270
-3.28270
-3.28270
-3.28270
-3.28270
-3.28270
-3.28270
-3.28270
-3.28270
-3.28270
-3.28270
-3.28270
-3.28270
-3.28270
-3.28270
-3.28270
-3.28270
-3.28270
-3.28270
-3.28270
-3.28270
-3.28270
-3.28270
-3.28270
-3.28270
-3.28270
-3.28270
-3.28270
-3.28270
-3.28270
-3.28270
-3.28270
-3.28270
-3.28270
-3.28270
-3.28270
-3.28270
-3.28270
-3.28270
-3.28270
-3.28270
-3.28270
-3.28270
-3.28270
-3.28270
-3.28270
-3.28270
-3.28270
-3.28270
-3.28270
-3.28270
-3.28270
-3.28270
-3.28270
-3.28270
-3.28270
-3.28270
-3.28270
-3.28270
-3.28270
-3.28270
-3.28270
-3.28270
-3.28270
-3.28270
-3.28270
-3.28270
-3.28270
-3.28270
-3.27226
-3.26182
-3.25139
-3.24095
-3.20018
-3.15942
-3.11865
-3.07789
-3.03368
-2.98948
-2.94527
-2.90107
-2.86236
-2.82364
-2.78493
-2.74621
-2.70429
-2.66237
-2.62045
-2.57853
-2.54364
-2.50876
-2.47387
-2.43898
-2.40326
-2.36754
-2.33181
-2.29609
-2.26726
-2.23844
-2.20962
-2.18080
-2.15391
-2.12701
-2.10011
-2.07322
-2.04884
-2.02447
-2.00010
-1.97572
-1.95149
-1.92726
-1.90303
-1.87880
-1.85321
-1.82762
-1.80203
-1.77643
-1.74423
-1.71203
-1.67982
-1.64762
-1.61389
-1.58017
-1.54644
-1.51271
-1.47585
-1.43899
-1.40213
-1.36526
-1.32705
-1.28885
-1.25064
-1.21243
-1.18073
-1.14904
-1.11735
-1.08565
-1.05063
-1.01560
-0.98057
-0.94554
-0.92062
-0.89569
-0.87076
-0.84584
-0.81862
-0.79141
-0.76419
-0.73698
-0.71849
-0.70001
-0.68153
-0.66304
-0.64620
-0.62935
-0.61251
-0.59566
-0.58240
-0.56914
-0.55588
-0.54262
-0.53169
-0.52075
-0.50982
-0.49889
-0.48826
-0.47763
-0.46700
-0.45637
-0.44585
-0.43533
-0.42481
-0.41428
-0.40168
-0.38907
-0.37647
-0.36386
-0.35275
-0.34164
-0.33053
-0.31942
-0.30448
-0.28953
-0.27459
-0.25965
-0.24596
-0.23226
-0.21857
-0.20488
-0.18698
-0.16908
-0.15117
-0.13327
-0.11596
-0.09865
-0.08134
-0.06403
-0.04280
-0.02157
-0.00035
0.02088
0.04076
0.06063
0.08051
0.10039
0.12226
0.14414
0.16602
0.18790
0.21013
0.23235
0.25458
0.27681
0.29958
0.32235
0.34513
0.36790
0.39307
0.41824
0.44340
0.46857
0.49379
0.51900
0.54422
0.56943
0.59854
0.62764
0.65675
0.68585
0.71329
0.74072
0.76816
0.79559
0.82742
0.85924
0.89106
0.92289
0.95151
0.98013
1.00876
1.03738
1.07020
1.10303
1.13585
1.16868
1.19762
1.22656
1.25550
1.28444
1.31679
1.34914
1.38149
1.41384
1.44454
1.47524
1.50594
1.53664
1.56949
1.60234
1.63518
1.66803
1.70115
1.73428
1.76740
1.80053
1.83391
1.86729
1.90067
1.93405
1.96834
2.00263
2.03691
2.07120
2.10294
2.13468
2.16641
2.19815
2.23281
2.26747
2.30212
2.33678
2.36479
2.39281
2.42082
2.44884
2.48127
2.51370
2.54613
2.57856
2.60512
2.63167
2.65822
2.68477
2.71526
2.74576
2.77626
2.80676
2.83164
2.85653
2.88141
2.90629
2.93327
2.96025
2.98723
3.01421
3.03834
3.06247
3.08659
3.11072
3.13424
3.15776
3.18127
3.20479
3.22820
3.25160
3.27500
3.29840
-3.29064
-3.29064
-3.29064
-3.29064
-3.29064
-3.29064
-3.29064
-3.29064
-3.29064
-3.29064
-3.29064
-3.29064
-3.29064
-3.29064
-3.29064
-3.29064
-3.29064
-3.29064
-3.29064
-3.29064
-3.29064
-3.29064
-3.29064
-3.29064
-3.29064
-3.29064
-3.29064
-3.29064
-3.29064
-3.29064
-3.29064
-3.29064
-3.29064
-3.29064
-3.29064
-3.29064
-3.29064
-3.29064
-3.29064
-3.29064
-3.29064
-3.29064
-3.29064
-3.29064
-3.29064
-3.29064
-3.29064
-3.29064
-3.29064
-3.29064
-3.29064
-3.29064
-3.29064
-3.29064
-3.29064
-3.29064
-3.29064
-3.29064
-3.29064
-3.29064
-3.29064
-3.29064
-3.29064
-3.29064
-3.29064
-3.29064
-3.29064
-3.29064
-3.29064
-3.29064
-3.29064
-3.29064
-3.29064
-3.29064
-3.29064
-3.29064
-3.29064
-3.29064
-3.29064
-3.29064
-3.29064
-3.29064
-3.29064
-3.29064
-3.29064
-3.29064
-3.29064
-3.29064
-3.29064
-3.29064
-3.29064
-3.29064
-3.29064
-3.29064
-3.29064
-3.29064
-3.29064
-3.29064
-3.29064
-3.29064
-3.29064
-3.29064
-3.29064
-3.29064
-3.29064
-3.29064
-3.29064
-3.29064
-3.29064
-3.29064
-3.29064
-3.29064
-3.29064
-3.28555
-3.28046
-3.27538
-3.27029
-3.22825
-3.18622
-3.14418
-3.10215
-3.05659
-3.01103
-2.96548
-2.91992
-2.88421
-2.84850
-2.81279
-2.77708
-2.73769
-2.69829
-2.65890
-2.61950
-2.59102
-2.56254
-2.53406
-2.50559
-2.47594
-2.44630
-2.41666
-2.38702
-2.36510
-2.34318
-2.32126
-2.29934
-2.28124
-2.26314
-2.24504
-2.22695
-2.20847
-2.19000
-2.17153
-2.15306
-2.13695
-2.12085
-2.10475
-2.08864
-2.06568
-2.04272
-2.01976
-1.99680
-1.96631
-1.93583
-1.90535
-1.87487
-1.83897
-1.80307
-1.76717
-1.73127
-1.68957
-1.64788
-1.60618
-1.56449
-1.52109
-1.47769
-1.43429
-1.39088
-1.35367
-1.31645
-1.27923
-1.24202
-1.20185
-1.16168
-1.12151
-1.08134
-1.05314
-1.02493
-0.99672
-0.96851
-0.93966
-0.91080
-0.88195
-0.85309
-0.83229
-0.81148
-0.79068
-0.76987
-0.75441
-0.73894
-0.72348
-0.70801
-0.69312
-0.67823
-0.66333
-0.64844
-0.63879
-0.62914
-0.61948
-0.60983
-0.59750
-0.58518
-0.57285
-0.56052
-0.54870
-0.53687
-0.52505
-0.51323
-0.49767
-0.48210
-0.46654
-0.45098
-0.43708
-0.42318
-0.40927
-0.39537
-0.37711
-0.35886
-0.34060
-0.32234
-0.30616
-0.28997
-0.27379
-0.25761
-0.23757
-0.21754
-0.19750
-0.17747
-0.15811
-0.13874
-0.11938
-0.10002
-0.07803
-0.05604
-0.03404
-0.01205
0.00926
0.03056
0.05187
0.07318
0.09427
0.11535
0.13643
0.15751
0.18030
0.20309
0.22588
0.24867
0.26947
0.29026
0.31106
0.33185
0.35663
0.38141
0.40618
0.43096
0.45400
0.47704
0.50008
0.52312
0.55126
0.57940
0.60754
0.63567
0.66106
0.68645
0.71183
0.73722
0.76784
0.79846
0.82908
0.85970
0.88724
0.91478
0.94233
0.96987
1.00126
1.03265
1.06404
1.09543
1.12476
1.15409
1.18342
1.21275
1.24381
1.27488
1.30594
1.33701
1.36848
1.39995
1.43142
1.46289
1.49459
1.52630
1.55801
1.58971
1.62329
1.65687
1.69045
1.72403
1.75611
1.78818
1.82025
1.85233
1.88757
1.92282
1.95807
1.99331
2.02460
2.05589
2.08718
2.11847
2.15452
2.19056
2.22661
2.26266
2.29088
2.31910
2.34732
2.37554
2.40861
2.44168
2.47475
2.50783
2.53522
2.56262
2.59001
2.61741
2.64726
2.67711
2.70696
2.73682
2.76311
2.78941
2.81570
2.84200
2.86759
2.89317
2.91876
2.94435
2.96989
2.99543
3.02097
3.04651
3.06873
3.09095
3.11317
3.13540
3.16000
3.18460
3.20920
3.23381
-3.93641
-3.93641
-3.93641
-3.93641
-3.93641
-3.93641
-3.93641
-3.93641
-3.93641
-3.93641
-3.93641
-3.93641
-3.93641
-3.93641
-3.93641
-3.93641
-3.93641
-3.93641
-3.93641
-3.93641
-3.93641
-3.93641
-3.93641
-3.93641
-3.93641
-3.93641
-3.93641
-3.93641
-3.93641
-3.93641
-3.93641
-3.93641
-3.93641
-3.93641
-3.93641
-3.93641
-3.93641
-3.93641
-3.93641
-3.93641
-3.93641
-3.93641
-3.93641
-3.93641
-3.93641
-3.93641
-3.93641
-3.93641
-3.93641
-3.93641
-3.93641
-3.93641
-3.93641
-3.93641
-3.93641
-3.93641
-3.93641
-3.93641
-3.93641
-3.93641
-3.93641
-3.93641
-3.93641
-3.93641
-3.93641
-3.93641
-3.93641
-3.93641
-3.93641
-3.93641
-3.93641
-3.93641
-3.93641
-3.93641
-3.93641
-3.93641
-3.93641
-3.93641
-3.93641
-3.93641
-3.93641
-3.93641
-3.93641
-3.93641
-3.93641
-3.93641
-3.93641
-3.93641
-3.93641
-3.93641
-3.93641
-3.93641
-3.93641
-3.93641
-3.93641
-3.93641
-3.93641
-3.93641
-3.93641
-3.93641
-3.93641
-3.93641
-3.93641
-3.93641
-3.93641
-3.93641
-3.93641
-3.93641
-3.93641
-3.93641
-3.93641
-3.93641
-3.93641
-3.93453
-3.93265
-3.93077
-3.92889
-3.88831
-3.84772
-3.80713
-3.76655
-3.71836
-3.67018
-3.62200
-3.57382
-3.52991
-3.48600
-3.44209
-3.39818
-3.35295
-3.30771
-3.26248
-3.21724
-3.17718
-3.13713
-3.09707
-3.05701
-3.01724
-2.97747
-2.93769
-2.89792
-2.86188
-2.82584
-2.78980
-2.75376
-2.72182
-2.68987
-2.65792
-2.62597
-2.59303
-2.56009
-2.52715
-2.49421
-2.46829
-2.44236
-2.41643
-2.39051
-2.35894
-2.32737
-2.29579
-2.26422
-2.23861
-2.21299
-2.18738
-2.16177
-2.13125
-2.10074
-2.07023
-2.03971
-2.01164
-1.98357
-1.95550
-1.92743
-1.89768
-1.86793
-1.83817
-1.80842
-1.77972
-1.75102
-1.72233
-1.69363
-1.66181
-1.62998
-1.59816
-1.56634
-1.53666
-1.50698
-1.47731
-1.44763
-1.41597
-1.38431
-1.35265
-1.32100
-1.29109
-1.26118
-1.23127
-1.20137
-1.17528
-1.14919
-1.12310
-1.09701
-1.06886
-1.04071
-1.01256
-0.98441
-0.96329
-0.94217
-0.92104
-0.89992
-0.87439
-0.84886
-0.82333
-0.79780
-0.77815
-0.75849
-0.73884
-0.71918
-0.69540
-0.67161
-0.64782
-0.62404
-0.60457
-0.58510
-0.56563
-0.54616
-0.52402
-0.50188
-0.47974
-0.45760
-0.43737
-0.41714
-0.39691
-0.37668
-0.35508
-0.33347
-0.31187
-0.29027
-0.26803
-0.24579
-0.22355
-0.20131
-0.17864
-0.15597
-0.13330
-0.11063
-0.08613
-0.06163
-0.03713
-0.01263
0.01020
0.03303
0.05586
0.07869
0.10531
0.13192
0.15854
0.18515
0.20706
0.22897
0.25089
0.27280
0.29978
0.32676
0.35374
0.38072
0.40360
0.42648
0.44936
0.47225
0.49967
0.52710
0.55453
0.58196
0.60744
0.63293
0.65841
0.68390
0.71308
0.74226
0.77144
0.80062
0.82861
0.85661
0.88460
0.91259
0.94253
0.97248
1.00242
1.03236
1.06229
1.09222
1.12215
1.15207
1.18154
1.21101
1.24048
1.26994
1.30162
1.33330
1.36497
1.39665
1.42621
1.45577
1.48532
1.51488
1.54844
1.58199
1.61555
1.64910
1.68006
1.71101
1.74196
1.77292
1.80829
1.84365
1.87902
1.91439
1.94561
1.97682
2.00804
2.03926
2.07443
2.10960
2.14477
2.17995
2.21003
2.24012
2.27020
2.30029
2.33290
2.36552
2.39814
2.43075
2.46018
2.48961
2.51904
2.54846
2.57772
2.60697
2.63622
2.66548
2.69382
2.72217
2.75051
2.77886
2.80343
2.82800
2.85257
2.87714
2.90425
2.93135
2.95846
2.98556
3.00630
3.02704
3.04778
3.06851
3.09355
3.11858
3.14362
3.16865
-4.49996
-4.49996
-4.49996
-4.49996
-4.49996
-4.49996
-4.49996
-4.49996
-4.49996
-4.49996
-4.49996
-4.49996
-4.49996
-4.49996
-4.49996
-4.49996
-4.49996
-4.49996
-4.49996
-4.49996
-4.49996
-4.49996
-4.49996
-4.49996
-4.49996
-4.49996
-4.49996
-4.49996
-4.49996
-4.49996
-4.49996
-4.49996
-4.49996
-4.49996
-4.49996
-4.49996
-4.49996
-4.49996
-4.49996
-4.49996
-4.49996
-4.49996
-4.49996
-4.49996
-4.49996
-4.49996
-4.49996
-4.49996
-4.49996
-4.49996
-4.49996
-4.49996
-4.49996
-4.49996
-4.49996
-4.49996
-4.49996
-4.49996
-4.49996
-4.49996
-4.49996
-4.49996
-4.49996
-4.49996
-4.49996
-4.49996
-4.49996
-4.49996
-4.49996
-4.49996
-4.49996
-4.49996
-4.49996
-4.49996
-4.49996
-4.49996
-4.49996
-4.49996
-4.49996
-4.49996
-4.49996
-4.49996
-4.49996
-4.49996
-4.49996
-4.49996
-4.49996
-4.49996
-4.49996
-4.49996
-4.49996
-4.49996
-4.49996
-4.49996
-4.49996
-4.49996
-4.49996
-4.49996
-4.49996
-4.49996
-4.49996
-4.49996
-4.49996
-4.49996
-4.49996
-4.49996
-4.49996
-4.49996
-4.49996
-4.49996
-4.49996
-4.49996
-4.49996
-4.49996
-4.49996
-4.49996
-4.49996
-4.46411
-4.42826
-4.39241
-4.35656
-4.30724
-4.25791
-4.20859
-4.15926
-4.11069
-4.06212
-4.01355
-3.96498
-3.91671
-3.86843
-3.82016
-3.77189
-3.72509
-3.67829
-3.63150
-3.58470
-3.53912
-3.49355
-3.44797
-3.40239
-3.35797
-3.31355
-3.26913
-3.22471
-3.18400
-3.14330
-3.10260
-3.06189
-3.01990
-2.97791
-2.93591
-2.89392
-2.86062
-2.82732
-2.79402
-2.76072
-2.72304
-2.68537
-2.64769
-2.61002
-2.58463
-2.55925
-2.53386
-2.50848
-2.47905
-2.44962
-2.42019
-2.39076
-2.36770
-2.34465
-2.32159
-2.29853
-2.27410
-2.24966
-2.22522
-2.20079
-2.17449
-2.14819
-2.12189
-2.09560
-2.06650
-2.03741
-2.00831
-1.97922
-1.94682
-1.91441
-1.88201
-1.84961
-1.81483
-1.78005
-1.74527
-1.71049
-1.67393
-1.63737
-1.60081
-1.56426
-1.53040
-1.49654
-1.46268
-1.42882
-1.39176
-1.35470
-1.31764
-1.28058
-1.25077
-1.22096
-1.19116
-1.16135
-1.12682
-1.09229
-1.05775
-1.02322
-0.99672
-0.97021
-0.94371
-0.91721
-0.88720
-0.85720
-0.82719
-0.79719
-0.77216
-0.74713
-0.72210
-0.69707
-0.67141
-0.64576
-0.62011
-0.59446
-0.56998
-0.54551
-0.52103
-0.49656
-0.47303
-0.44950
-0.42597
-0.40244
-0.37735
-0.35226
-0.32716
-0.30207
-0.27830
-0.25452
-0.23075
-0.20697
-0.18018
-0.15338
-0.12658
-0.09978
-0.07540
-0.05102
-0.02664
-0.00226
0.02644
0.05515
0.08386
0.11257
0.13581
0.15906
0.18230
0.20555
0.23360
0.26164
0.28969
0.31774
0.34130
0.36486
0.38842
0.41198
0.43892
0.46585
0.49279
0.51972
0.54594
0.57215
0.59837
0.62458
0.65276
0.68094
0.70911
0.73729
0.76597
0.79465
0.82332
0.85200
0.88099
0.90997
0.93896
0.96794
0.99835
1.02875
1.05915
1.08956
1.11812
1.14669
1.17525
1.20382
1.23543
1.26704
1.29865
1.33026
1.35873
1.38721
1.41568
1.44416
1.47725
1.51034
1.54343
1.57652
1.60698
1.63744
1.66791
1.69837
1.73327
1.76818
1.80309
1.83799
1.86950
1.90100
1.93250
1.96400
1.99810
2.03220
2.06629
2.10039
2.13194
2.16349
2.19504
2.22658
2.25854
2.29050
2.32246
2.35442
2.38534
2.41625
2.44717
2.47808
2.50697
2.53587
2.56476
2.59366
2.62339
2.65313
2.68287
2.71260
2.73694
2.76128
2.78562
2.80995
2.83779
2.86562
2.89345
2.92128
2.94174
2.96221
2.98267
3.00314
3.02795
3.05276
3.07757
3.10239
-4.94757
-4.94757
-4.94757
-4.94757
-4.94757
-4.94757
-4.94757
-4.94757
-4.94757
-4.94757
-4.94757
-4.94757
-4.94757
-4.94757
-4.94757
-4.94757
-4.94757
-4.94757
-4.94757
-4.94757
-4.94757
-4.94757
-4.94757
-4.94757
-4.94757
-4.94757
-4.94757
-4.94757
-4.94757
-4.94757
-4.94757
-4.94757
-4.94757
-4.94757
-4.94757
-4.94757
-4.94757
-4.94757
-4.94757
-4.94757
-4.94757
-4.94757
-4.94757
-4.94757
-4.94757
-4.94757
-4.94757
-4.94757
-4.94757
-4.94757
-4.94757
-4.94757
-4.94757
-4.94757
-4.94757
-4.94757
-4.94757
-4.94757
-4.94757
-4.94757
-4.94757
-4.94757
-4.94757
-4.94757
-4.94757
-4.94757
-4.94757
-4.94757
-4.94757
-4.94757
-4.94757
-4.94757
-4.94757
-4.94757
-4.94757
-4.94757
-4.94757
-4.94757
-4.94757
-4.94757
-4.94757
-4.94757
-4.94757
-4.94757
-4.94757
-4.94757
-4.94757
-4.94757
-4.94757
-4.94757
-4.94757
-4.94757
-4.94757
-4.94757
-4.94757
-4.94757
-4.94757
-4.94757
-4.94757
-4.94757
-4.94757
-4.94757
-4.94757
-4.94757
-4.94757
-4.94757
-4.94757
-4.94757
-4.94757
-4.94757
-4.94757
-4.94757
-4.94757
-4.94757
-4.94757
-4.94757
-4.94757
-4.92111
-4.89464
-4.86817
-4.84170
-4.79332
-4.74493
-4.69655
-4.64817
-4.59993
-4.55168
-4.50344
-4.45520
-4.40784
-4.36048
-4.31312
-4.26576
-4.21905
-4.17234
-4.12562
-4.07891
-4.03363
-3.98835
-3.94307
-3.89780
-3.85308
-3.80836
-3.76365
-3.71893
-3.67667
-3.63440
-3.59213
-3.54986
-3.50645
-3.46303
-3.41962
-3.37621
-3.33898
-3.30175
-3.26452
-3.22730
-3.18706
-3.14681
-3.10657
-3.06633
-3.03463
-3.00293
-2.97123
-2.93953
-2.90512
-2.87071
-2.83630
-2.80189
-2.77170
-2.74151
-2.71132
-2.68113
-2.65027
-2.61940
-2.58854
-2.55767
-2.52514
-2.49262
-2.46009
-2.42756
-2.39327
-2.35898
-2.32468
-2.29039
-2.25350
-2.21661
-2.17972
-2.14283
-2.10448
-2.06613
-2.02777
-1.98942
-1.94967
-1.90991
-1.87016
-1.83040
-1.79280
-1.75520
-1.71761
-1.68001
-1.64016
-1.60031
-1.56046
-1.52061
-1.48605
-1.45149
-1.41693
-1.38237
-1.34475
-1.30714
-1.26952
-1.23191
-1.19994
-1.16798
-1.13601
-1.10405
-1.07065
-1.03726
-1.00386
-0.97047
-0.93989
-0.90931
-0.87873
-0.84815
-0.81950
-0.79086
-0.76221
-0.73357
-0.70457
-0.67557
-0.64657
-0.61757
-0.59161
-0.56565
-0.53969
-0.51373
-0.48582
-0.45791
-0.42999
-0.40208
-0.37660
-0.35112
-0.32564
-0.30016
-0.27232
-0.24448
-0.21665
-0.18881
-0.16317
-0.13752
-0.11188
-0.08624
-0.05787
-0.02951
-0.00115
0.02721
0.05209
0.07697
0.10186
0.12674
0.15425
0.18176
0.20927
0.23678
0.26221
0.28763
0.31305
0.33848
0.36522
0.39197
0.41871
0.44546
0.47330
0.50113
0.52897
0.55681
0.58460
0.61239
0.64018
0.66796
0.69766
0.72736
0.75705
0.78675
0.81546
0.84418
0.87290
0.90161
0.93232
0.96303
0.99374
1.02444
1.05309
1.08173
1.11038
1.13902
1.17018
1.20134
1.23249
1.26365
1.29254
1.32144
1.35033
1.37923
1.41123
1.44324
1.47525
1.50726
1.53811
1.56896
1.59982
1.63067
1.66429
1.69792
1.73154
1.76516
1.79745
1.82974
1.86203
1.89432
1.92706
1.95981
1.99255
2.02529
2.05773
2.09018
2.12262
2.15507
2.18608
2.21710
2.24812
2.27914
2.31077
2.34240
2.37404
2.40567
2.43454
2.46342
2.49229
2.52117
2.55137
2.58157
2.61176
2.64196
2.66717
2.69238
2.71759
2.74279
2.77017
2.79755
2.82493
2.85230
2.87420
2.89609
2.91798
2.93988
2.96355
2.98722
3.01089
3.03456
-5.39519
-5.39519
-5.39519
-5.39519
-5.39519
-5.39519
-5.39519
-5.39519
-5.39519
-5.39519
-5.39519
-5.39519
-5.39519
-5.39519
-5.39519
-5.39519
-5.39519
-5.39519
-5.39519
-5.39519
-5.39519
-5.39519
-5.39519
-5.39519
-5.39519
-5.39519
-5.39519
-5.39519
-5.39519
-5.39519
-5.39519
-5.39519
-5.39519
-5.39519
-5.39519
-5.39519
-5.39519
-5.39519
-5.39519
-5.39519
-5.39519
-5.39519
-5.39519
-5.39519
-5.39519
-5.39519
-5.39519
-5.39519
-5.39519
-5.39519
-5.39519
-5.39519
-5.39519
-5.39519
-5.39519
-5.39519
-5.39519
-5.39519
-5.39519
-5.39519
-5.39519
-5.39519
-5.39519
-5.39519
-5.39519
-5.39519
-5.39519
-5.39519
-5.39519
-5.39519
-5.39519
-5.39519
-5.39519
-5.39519
-5.39519
-5.39519
-5.39519
-5.39519
-5.39519
-5.39519
-5.39519
-5.39519
-5.39519
-5.39519
-5.39519
-5.39519
-5.39519
-5.39519
-5.39519
-5.39519
-5.39519
-5.39519
-5.39519
-5.39519
-5.39519
-5.39519
-5.39519
-5.39519
-5.39519
-5.39519
-5.39519
-5.39519
-5.39519
-5.39519
-5.39519
-5.39519
-5.39519
-5.39519
-5.39519
-5.39519
-5.39519
-5.39519
-5.39519
-5.39519
-5.39519
-5.39519
-5.39519
-5.37810
-5.36101
-5.34392
-5.32683
-5.27939
-5.23196
-5.18452
-5.13708
-5.08916
-5.04125
-4.99333
-4.94542
-4.89897
-4.85253
-4.80609
-4.75964
-4.71301
-4.66638
-4.61975
-4.57311
-4.52813
-4.48316
-4.43818
-4.39320
-4.34819
-4.30318
-4.25817
-4.21316
-4.16933
-4.12549
-4.08166
-4.03782
-3.99299
-3.94816
-3.90333
-3.85849
-3.81734
-3.77618
-3.73503
-3.69387
-3.65107
-3.60826
-3.56545
-3.52264
-3.48463
-3.44661
-3.40860
-3.37058
-3.33119
-3.29180
-3.25240
-3.21301
-3.17569
-3.13837
-3.10105
-3.06373
-3.02644
-2.98914
-2.95185
-2.91455
-2.87580
-2.83704
-2.79829
-2.75953
-2.72004
-2.68055
-2.64106
-2.60157
-2.56019
-2.51881
-2.47743
-2.43605
-2.39413
-2.35220
-2.31028
-2.26835
-2.22540
-2.18245
-2.13950
-2.09654
-2.05521
-2.01387
-1.97254
-1.93120
-1.88856
-1.84592
-1.80328
-1.76064
-1.72132
-1.68201
-1.64270
-1.60338
-1.56269
-1.52199
-1.48130
-1.44060
-1.40317
-1.36574
-1.32831
-1.29089
-1.25410
-1.21732
-1.18053
-1.14375
-1.10762
-1.07149
-1.03536
-0.99923
-0.96759
-0.93595
-0.90432
-0.87268
-0.83915
-0.80563
-0.77210
-0.73857
-0.71019
-0.68180
-0.65341
-0.62503
-0.59429
-0.56356
-0.53282
-0.50208
-0.47490
-0.44771
-0.42053
-0.39334
-0.36447
-0.33559
-0.30672
-0.27784
-0.25093
-0.22403
-0.19712
-0.17021
-0.14219
-0.11418
-0.08616
-0.05814
-0.03162
-0.00511
0.02141
0.04792
0.07490
0.10187
0.12885
0.15582
0.18311
0.21040
0.23768
0.26497
0.29153
0.31808
0.34464
0.37120
0.40066
0.43012
0.45958
0.48904
0.51644
0.54384
0.57124
0.59864
0.62935
0.66006
0.69078
0.72149
0.74994
0.77839
0.80684
0.83528
0.86629
0.89731
0.92832
0.95933
0.98806
1.01678
1.04551
1.07423
1.10493
1.13563
1.16633
1.19703
1.22635
1.25566
1.28498
1.31430
1.34522
1.37614
1.40707
1.43799
1.46924
1.50048
1.53173
1.56298
1.59531
1.62765
1.65999
1.69232
1.72540
1.75849
1.79157
1.82465
1.85603
1.88741
1.91880
1.95018
1.98352
2.01686
2.05021
2.08355
2.11363
2.14370
2.17378
2.20386
2.23621
2.26856
2.30091
2.33325
2.36211
2.39097
2.41982
2.44868
2.47934
2.51000
2.54066
2.57132
2.59740
2.62348
2.64956
2.67563
2.70256
2.72948
2.75640
2.78332
2.80665
2.82997
2.85329
2.87662
2.89915
2.92168
2.94421
2.96674
-5.84281
-5.84281
-5.84281
-5.84281
-5.84281
-5.84281
-5.84281
-5.84281
-5.84281
-5.84281
-5.84281
-5.84281
-5.84281
-5.84281
-5.84281
-5.84281
-5.84281
-5.84281
-5.84281
-5.84281
-5.84281
-5.84281
-5.84281
-5.84281
-5.84281
-5.84281
-5.84281
-5.84281
-5.84281
-5.84281
-5.84281
-5.84281
-5.84281
-5.84281
-5.84281
-5.84281
-5.84281
-5.84281
-5.84281
-5.84281
-5.84281
-5.84281
-5.84281
-5.84281
-5.84281
-5.84281
-5.84281
-5.84281
-5.84281
-5.84281
-5.84281
-5.84281
-5.84281
-5.84281
-5.84281
-5.84281
-5.84281
-5.84281
-5.84281
-5.84281
-5.84281
-5.84281
-5.84281
-5.84281
-5.84281
-5.84281
-5.84281
-5.84281
-5.84281
-5.84281
-5.84281
-5.84281
-5.84281
-5.84281
-5.84281
-5.84281
-5.84281
-5.84281
-5.84281
-5.84281
-5.84281
-5.84281
-5.84281
-5.84281
-5.84281
-5.84281
-5.84281
-5.84281
-5.84281
-5.84281
-5.84281
-5.84281
-5.84281
-5.84281
-5.84281
-5.84281
-5.84281
-5.84281
-5.84281
-5.84281
-5.84281
-5.84281
-5.84281
-5.84281
-5.84281
-5.84281
-5.84281
-5.84281
-5.84281
-5.84281
-5.84281
-5.84281
-5.84281
-5.84281
-5.84281
-5.84281
-5.84281
-5.83510
-5.82739
-5.81968
-5.81197
-5.76547
-5.71898
-5.67248
-5.62599
-5.57840
-5.53081
-5.48322
-5.43564
-5.39011
-5.34458
-5.29905
-5.25352
-5.20697
-5.16042
-5.11387
-5.06732
-5.02264
-4.97796
-4.93328
-4.88860
-4.84330
-4.79799
-4.75269
-4.70739
-4.66199
-4.61659
-4.57119
-4.52579
-4.47954
-4.43328
-4.38703
-4.34078
-4.29570
-4.25062
-4.20553
-4.16045
-4.11508
-4.06970
-4.02433
-3.97896
-3.93463
-3.89030
-3.84596
-3.80163
-3.75726
-3.71289
-3.66851
-3.62414
-3.57969
-3.53524
-3.49078
-3.44633
-3.40261
-3.35888
-3.31516
-3.27143
-3.22645
-3.18147
-3.13648
-3.09150
-3.04681
-3.00212
-2.95743
-2.91274
-2.86687
-2.82100
-2.77514
-2.72927
-2.68377
-2.63828
-2.59278
-2.54729
-2.50114
-2.45499
-2.40884
-2.36269
-2.31761
-2.27254
-2.22746
-2.18239
-2.13696
-2.09153
-2.04610
-2.00066
-1.95660
-1.91253
-1.86846
-1.82440
-1.78062
-1.73685
-1.69307
-1.64929
-1.60640
-1.56351
-1.52062
-1.47773
-1.43755
-1.39738
-1.35720
-1.31703
-1.27535
-1.23367
-1.19199
-1.15031
-1.11568
-1.08105
-1.04642
-1.01179
-0.97374
-0.93569
-0.89764
-0.85958
-0.82877
-0.79795
-0.76714
-0.73632
-0.70276
-0.66921
-0.63565
-0.60209
-0.57320
-0.54431
-0.51542
-0.48653
-0.45661
-0.42670
-0.39679
-0.36687
-0.33870
-0.31053
-0.28235
-0.25418
-0.22651
-0.19884
-0.17117
-0.14350
-0.11534
-0.08719
-0.05904
-0.03089
-0.00445
0.02199
0.04843
0.07487
0.10402
0.13317
0.16232
0.19147
0.21783
0.24420
0.27057
0.29693
0.32802
0.35910
0.39019
0.42127
0.44828
0.47529
0.50230
0.52931
0.56104
0.59277
0.62451
0.65624
0.68442
0.71260
0.74077
0.76895
0.80027
0.83159
0.86290
0.89422
0.92302
0.95183
0.98063
1.00944
1.03968
1.06993
1.10017
1.13042
1.16016
1.18989
1.21963
1.24936
1.27920
1.30904
1.33888
1.36872
1.40036
1.43200
1.46364
1.49528
1.52633
1.55738
1.58844
1.61949
1.65336
1.68723
1.72110
1.75497
1.78500
1.81502
1.84505
1.87508
1.90932
1.94355
1.97779
2.01203
2.04117
2.07030
2.09944
2.12858
2.16165
2.19471
2.22778
2.26084
2.28968
2.31852
2.34735
2.37619
2.40731
2.43844
2.46956
2.50068
2.52763
2.55458
2.58152
2.60847
2.63494
2.66141
2.68788
2.71435
2.73910
2.76385
2.78861
2.81336
2.83475
2.85614
2.87753
2.89892
-6.13888
-6.13888
-6.13888
-6.13888
-6.13888
-6.13888
-6.13888
-6.13888
-6.13888
-6.13888
-6.13888
-6.13888
-6.13888
-6.13888
-6.13888
-6.13888
-6.13888
-6.13888
-6.13888
-6.13888
-6.13888
-6.13888
-6.13888
-6.13888
-6.13888
-6.13888
-6.13888
-6.13888
-6.13888
-6.13888
-6.13888
-6.13888
-6.13888
-6.13888
-6.13888
-6.13888
-6.13888
-6.13888
-6.13888
-6.13888
-6.13888
-6.13888
-6.13888
-6.13888
-6.13888
-6.13888
-6.13888
-6.13888
-6.13888
-6.13888
-6.13888
-6.13888
-6.13888
-6.13888
-6.13888
-6.13888
-6.13888
-6.13888
-6.13888
-6.13888
-6.13888
-6.13888
-6.13888
-6.13888
-6.13888
-6.13888
-6.13888
-6.13888
-6.13888
-6.13888
-6.13888
-6.13888
-6.13888
-6.13888
-6.13888
-6.13888
-6.13888
-6.13888
-6.13888
-6.13888
-6.13888
-6.13888
-6.13888
-6.13888
-6.13888
-6.13888
-6.13888
-6.13888
-6.13888
-6.13888
-6.13888
-6.13888
-6.13888
-6.13888
-6.13888
-6.13888
-6.13888
-6.13888
-6.13888
-6.13888
-6.13888
-6.13888
-6.13888
-6.13888
-6.13888
-6.13888
-6.13888
-6.13888
-6.13888
-6.13888
-6.13888
-6.13888
-6.13888
-6.13888
-6.13888
-6.13888
-6.13888
-6.13607
-6.13326
-6.13045
-6.12764
-6.08609
-6.04454
-6.00298
-5.96143
-5.91475
-5.86808
-5.82141
-5.77473
-5.72978
-5.68484
-5.63989
-5.59495
-5.54886
-5.50277
-5.45668
-5.41060
-5.36590
-5.32120
-5.27650
-5.23180
-5.18660
-5.14141
-5.09621
-5.05101
-5.00490
-4.95879
-4.91268
-4.86657
-4.81993
-4.77329
-4.72666
-4.68002
-4.63313
-4.58624
-4.53935
-4.49246
-4.44605
-4.39963
-4.35322
-4.30680
-4.25965
-4.21249
-4.16533
-4.11818
-4.07149
-4.02481
-3.97812
-3.93144
-3.88376
-3.83609
-3.78841
-3.74074
-3.69431
-3.64787
-3.60144
-3.55500
-3.50785
-3.46071
-3.41356
-3.36641
-3.31984
-3.27327
-3.22669
-3.18012
-3.13315
-3.08617
-3.03920
-2.99222
-2.94554
-2.89887
-2.85219
-2.80552
-2.75861
-2.71171
-2.66481
-2.61791
-2.57131
-2.52472
-2.47812
-2.43153
-2.38526
-2.33899
-2.29273
-2.24646
-2.20026
-2.15406
-2.10786
-2.06166
-2.01649
-1.97131
-1.92614
-1.88096
-1.83542
-1.78987
-1.74433
-1.69879
-1.65636
-1.61394
-1.57152
-1.52910
-1.48452
-1.43994
-1.39536
-1.35078
-1.31310
-1.27541
-1.23773
-1.20004
-1.15901
-1.11797
-1.07694
-1.03590
-1.00164
-0.96737
-0.93310
-0.89883
-0.86245
-0.82606
-0.78968
-0.75330
-0.72097
-0.68864
-0.65631
-0.62398
-0.59184
-0.55971
-0.52757
-0.49544
-0.46415
-0.43286
-0.40157
-0.37028
-0.34119
-0.31210
-0.28301
-0.25392
-0.22314
-0.19236
-0.16157
-0.13079
-0.10331
-0.07582
-0.04834
-0.02086
0.01005
0.04095
0.07186
0.10276
0.13004
0.15732
0.18460
0.21187
0.24367
0.27547
0.30727
0.33906
0.36679
0.39451
0.42224
0.44996
0.48187
0.51377
0.54567
0.57758
0.60652
0.63547
0.66441
0.69336
0.72464
0.75593
0.78721
0.81850
0.84839
0.87828
0.90817
0.93806
0.96794
0.99783
1.02772
1.05760
1.08830
1.11900
1.14969
1.18039
1.20960
1.23881
1.26802
1.29724
1.32918
1.36112
1.39306
1.42500
1.45546
1.48592
1.51638
1.54684
1.58084
1.61484
1.64884
1.68284
1.71264
1.74244
1.77224
1.80205
1.83621
1.87037
1.90453
1.93869
1.96804
1.99739
2.02675
2.05610
2.08893
2.12176
2.15459
2.18742
2.21693
2.24645
2.27596
2.30548
2.33608
2.36668
2.39728
2.42788
2.45610
2.48431
2.51253
2.54074
2.56662
2.59250
2.61839
2.64427
2.67037
2.69648
2.72258
2.74869
2.76964
2.79059
2.81155
2.83250
-6.30506
-6.30506
-6.30506
-6.30506
-6.30506
-6.30506
-6.30506
-6.30506
-6.30506
-6.30506
-6.30506
-6.30506
-6.30506
-6.30506
-6.30506
-6.30506
-6.30506
-6.30506
-6.30506
-6.30506
-6.30506
-6.30506
-6.30506
-6.30506
-6.30506
-6.30506
-6.30506
-6.30506
-6.30506
-6.30506
-6.30506
-6.30506
-6.30506
-6.30506
-6.30506
-6.30506
-6.30506
-6.30506
-6.30506
-6.30506
-6.30506
-6.30506
-6.30506
-6.30506
-6.30506
-6.30506
-6.30506
-6.30506
-6.30506
-6.30506
-6.30506
-6.30506
-6.30506
-6.30506
-6.30506
-6.30506
-6.30506
-6.30506
-6.30506
-6.30506
-6.30506
-6.30506
-6.30506
-6.30506
-6.30506
-6.30506
-6.30506
-6.30506
-6.30506
-6.30506
-6.30506
-6.30506
-6.30506
-6.30506
-6.30506
-6.30506
-6.30506
-6.30506
-6.30506
-6.30506
-6.30506
-6.30506
-6.30506
-6.30506
-6.30506
-6.30506
-6.30506
-6.30506
-6.30506
-6.30506
-6.30506
-6.30506
-6.30506
-6.30506
-6.30506
-6.30506
-6.30506
-6.30506
-6.30506
-6.30506
-6.30506
-6.30506
-6.30506
-6.30506
-6.30506
-6.30506
-6.30506
-6.30506
-6.30506
-6.30506
-6.30506
-6.30506
-6.30506
-6.30506
-6.30506
-6.30506
-6.30506
-6.30332
-6.30158
-6.29984
-6.29810
-6.26492
-6.23173
-6.19854
-6.16535
-6.12009
-6.07483
-6.02958
-5.98432
-5.93967
-5.89502
-5.85038
-5.80573
-5.76043
-5.71513
-5.66983
-5.62453
-5.57954
-5.53455
-5.48957
-5.44458
-5.39982
-5.35507
-5.31032
-5.26557
-5.21948
-5.17339
-5.12730
-5.08121
-5.03508
-4.98895
-4.94281
-4.89668
-4.84980
-4.80291
-4.75603
-4.70914
-4.66300
-4.61685
-4.57071
-4.52456
-4.47757
-4.43058
-4.38359
-4.33659
-4.28988
-4.24318
-4.19647
-4.14976
-4.10221
-4.05467
-4.00712
-3.95957
-3.91362
-3.86766
-3.82170
-3.77574
-3.72991
-3.68408
-3.63825
-3.59243
-3.54681
-3.50120
-3.45559
-3.40997
-3.36479
-3.31960
-3.27442
-3.22924
-3.18343
-3.13762
-3.09181
-3.04600
-3.00045
-2.95489
-2.90933
-2.86377
-2.81755
-2.77133
-2.72512
-2.67890
-2.63348
-2.58805
-2.54263
-2.49721
-2.45112
-2.40503
-2.35894
-2.31286
-2.26773
-2.22259
-2.17746
-2.13233
-2.08654
-2.04075
-1.99496
-1.94917
-1.90548
-1.86179
-1.81810
-1.77442
-1.72921
-1.68400
-1.63879
-1.59357
-1.55278
-1.51199
-1.47120
-1.43040
-1.38771
-1.34501
-1.30232
-1.25963
-1.22103
-1.18243
-1.14383
-1.10523
-1.06602
-1.02680
-0.98759
-0.94838
-0.91113
-0.87387
-0.83662
-0.79937
-0.76400
-0.72862
-0.69325
-0.65788
-0.62188
-0.58589
-0.54990
-0.51390
-0.48189
-0.44987
-0.41785
-0.38584
-0.35157
-0.31731
-0.28304
-0.24877
-0.21889
-0.18900
-0.15911
-0.12923
-0.09666
-0.06410
-0.03154
0.00103
0.03016
0.05929
0.08843
0.11756
0.14929
0.18102
0.21275
0.24448
0.27387
0.30325
0.33264
0.36202
0.39338
0.42473
0.45608
0.48743
0.51803
0.54862
0.57922
0.60981
0.64078
0.67175
0.70272
0.73369
0.76553
0.79736
0.82920
0.86104
0.89064
0.92025
0.94986
0.97947
1.01159
1.04371
1.07582
1.10794
1.13692
1.16589
1.19487
1.22385
1.25601
1.28817
1.32033
1.35250
1.38296
1.41343
1.44390
1.47436
1.50792
1.54148
1.57504
1.60860
1.63915
1.66969
1.70024
1.73079
1.76404
1.79729
1.83054
1.86379
1.89434
1.92490
1.95546
1.98601
2.01779
2.04957
2.08135
2.11313
2.14392
2.17471
2.20550
2.23629
2.26552
2.29476
2.32399
2.35323
2.38305
2.41288
2.44270
2.47252
2.49770
2.52288
2.54807
2.57325
2.60064
2.62802
2.65541
2.68280
2.70392
2.72504
2.74616
2.76728
-6.47125
-6.47125
-6.47125
-6.47125
-6.47125
-6.47125
-6.47125
-6.47125
-6.47125
-6.47125
-6.47125
-6.47125
-6.47125
-6.47125
-6.47125
-6.47125
-6.47125
-6.47125
-6.47125
-6.47125
-6.47125
-6.47125
-6.47125
-6.47125
-6.47125
-6.47125
-6.47125
-6.47125
-6.47125
-6.47125
-6.47125
-6.47125
-6.47125
-6.47125
-6.47125
-6.47125
-6.47125
-6.47125
-6.47125
-6.47125
-6.47125
-6.47125
-6.47125
-6.47125
-6.47125
-6.47125
-6.47125
-6.47125
-6.47125
-6.47125
-6.47125
-6.47125
-6.47125
-6.47125
-6.47125
-6.47125
-6.47125
-6.47125
-6.47125
-6.47125
-6.47125
-6.47125
-6.47125
-6.47125
-6.47125
-6.47125
-6.47125
-6.47125
-6.47125
-6.47125
-6.47125
-6.47125
-6.47125
-6.47125
-6.47125
-6.47125
-6.47125
-6.47125
-6.47125
-6.47125
-6.47125
-6.47125
-6.47125
-6.47125
-6.47125
-6.47125
-6.47125
-6.47125
-6.47125
-6.47125
-6.47125
-6.47125
-6.47125
-6.47125
-6.47125
-6.47125
-6.47125
-6.47125
-6.47125
-6.47125
-6.47125
-6.47125
-6.47125
-6.47125
-6.47125
-6.47125
-6.47125
-6.47125
-6.47125
-6.47125
-6.47125
-6.47125
-6.47125
-6.47125
-6.47125
-6.47125
-6.47125
-6.47058
-6.46991
-6.46924
-6.46856
-6.44374
-6.41892
-6.39409
-6.36927
-6.32543
-6.28159
-6.23775
-6.19391
-6.14956
-6.10521
-6.06086
-6.01651
-5.97200
-5.92749
-5.88298
-5.83847
-5.79319
-5.74791
-5.70263
-5.65735
-5.61304
-5.56874
-5.52443
-5.48012
-5.43406
-5.38799
-5.34193
-5.29586
-5.25023
-5.20460
-5.15897
-5.11334
-5.06646
-5.01958
-4.97271
-4.92583
-4.87995
-4.83407
-4.78819
-4.74232
-4.69549
-4.64866
-4.60184
-4.55501
-4.50828
-4.46154
-4.41481
-4.36808
-4.32066
-4.27324
-4.22582
-4.17841
-4.13292
-4.08744
-4.04196
-3.99648
-3.95197
-3.90746
-3.86295
-3.81844
-3.77379
-3.72913
-3.68448
-3.63982
-3.59643
-3.55304
-3.50964
-3.46625
-3.42131
-3.37637
-3.33143
-3.28649
-3.24228
-3.19806
-3.15385
-3.10963
-3.06379
-3.01795
-2.97211
-2.92627
-2.88169
-2.83711
-2.79253
-2.74795
-2.70197
-2.65600
-2.61002
-2.56405
-2.51896
-2.47387
-2.42879
-2.38370
-2.33766
-2.29162
-2.24559
-2.19955
-2.15460
-2.10964
-2.06469
-2.01973
-1.97389
-1.92805
-1.88221
-1.83637
-1.79247
-1.74857
-1.70467
-1.66076
-1.61641
-1.57206
-1.52770
-1.48335
-1.44042
-1.39749
-1.35456
-1.31163
-1.26959
-1.22754
-1.18550
-1.14346
-1.10128
-1.05911
-1.01693
-0.97476
-0.93615
-0.89754
-0.85893
-0.82032
-0.77962
-0.73892
-0.69823
-0.65753
-0.62258
-0.58764
-0.55270
-0.51775
-0.48000
-0.44225
-0.40450
-0.36675
-0.33447
-0.30218
-0.26989
-0.23760
-0.20338
-0.16915
-0.13493
-0.10071
-0.06972
-0.03873
-0.00774
0.02325
0.05491
0.08658
0.11824
0.14990
0.18095
0.21199
0.24304
0.27409
0.30489
0.33568
0.36648
0.39728
0.42953
0.46178
0.49403
0.52627
0.55693
0.58758
0.61823
0.64888
0.68267
0.71645
0.75023
0.78402
0.81335
0.84268
0.87201
0.90134
0.93488
0.96842
1.00196
1.03550
1.06424
1.09298
1.12172
1.15046
1.18284
1.21523
1.24761
1.28000
1.31047
1.34094
1.37141
1.40188
1.43500
1.46812
1.50124
1.53436
1.56566
1.59695
1.62824
1.65953
1.69187
1.72421
1.75655
1.78889
1.82065
1.85241
1.88417
1.91593
1.94666
1.97738
2.00811
2.03884
2.07090
2.10297
2.13503
2.16709
2.19497
2.22284
2.25071
2.27858
2.31001
2.34144
2.37287
2.40430
2.42878
2.45326
2.47775
2.50223
2.53090
2.55957
2.58824
2.61691
2.63820
2.65949
2.68078
2.70207
-6.62770
-6.62770
-6.62770
-6.62770
-6.62770
-6.62770
-6.62770
-6.62770
-6.62770
-6.62770
-6.62770
-6.62770
-6.62770
-6.62770
-6.62770
-6.62770
-6.62770
-6.62770
-6.62770
-6.62770
-6.62770
-6.62770
-6.62770
-6.62770
-6.62770
-6.62770
-6.62770
-6.62770
-6.62770
-6.62770
-6.62770
-6.62770
-6.62770
-6.62770
-6.62770
-6.62770
-6.62770
-6.62770
-6.62770
-6.62770
-6.62770
-6.62770
-6.62770
-6.62770
-6.62770
-6.62770
-6.62770
-6.62770
-6.62770
-6.62770
-6.62770
-6.62770
-6.62770
-6.62770
-6.62770
-6.62770
-6.62770
-6.62770
-6.62770
-6.62770
-6.62770
-6.62770
-6.62770
-6.62770
-6.62770
-6.62770
-6.62770
-6.62770
-6.62770
-6.62770
-6.62770
-6.62770
-6.62770
-6.62770
-6.62770
-6.62770
-6.62770
-6.62770
-6.62770
-6.62770
-6.62770
-6.62770
-6.62770
-6.62770
-6.62770
-6.62770
-6.62770
-6.62770
-6.62770
-6.62770
-6.62770
-6.62770
-6.62770
-6.62770
-6.62770
-6.62770
-6.62770
-6.62770
-6.62770
-6.62770
-6.62770
-6.62770
-6.62770
-6.62770
-6.62770
-6.62770
-6.62770
-6.62770
-6.62770
-6.62770
-6.62770
-6.62770
-6.62770
-6.62770
-6.62770
-6.62770
-6.62770
-6.62770
-6.62770
-6.62770
-6.62770
-6.61085
-6.59400
-6.57715
-6.56029
-6.51962
-6.47895
-6.43827
-6.39760
-6.35505
-6.31251
-6.26996
-6.22741
-6.18438
-6.14134
-6.09831
-6.05528
-6.01046
-5.96565
-5.92084
-5.87602
-5.83207
-5.78812
-5.74417
-5.70022
-5.65423
-5.60825
-5.56227
-5.51629
-5.47097
-5.42565
-5.38034
-5.33502
-5.28837
-5.24172
-5.19507
-5.14841
-5.10268
-5.05694
-5.01121
-4.96547
-4.91894
-4.87242
-4.82589
-4.77936
-4.73264
-4.68593
-4.63922
-4.59250
-4.54546
-4.49842
-4.45137
-4.40433
-4.35891
-4.31350
-4.26808
-4.22267
-4.17827
-4.13388
-4.08948
-4.04509
-4.00031
-3.95553
-3.91075
-3.86598
-3.82308
-3.78019
-3.73730
-3.69441
-3.64962
-3.60483
-3.56004
-3.51524
-3.47147
-3.42771
-3.38394
-3.34017
-3.29445
-3.24872
-3.20300
-3.15727
-3.11293
-3.06859
-3.02425
-2.97991
-2.93403
-2.88814
-2.84226
-2.79637
-2.75121
-2.70605
-2.66090
-2.61574
-2.56987
-2.52401
-2.47815
-2.43229
-2.38656
-2.34084
-2.29512
-2.24940
-2.20345
-2.15751
-2.11157
-2.06562
-2.01973
-1.97384
-1.92794
-1.88205
-1.83679
-1.79153
-1.74627
-1.70101
-1.65529
-1.60958
-1.56386
-1.51815
-1.47411
-1.43007
-1.38604
-1.34200
-1.29658
-1.25115
-1.20573
-1.16030
-1.11902
-1.07774
-1.03645
-0.99517
-0.95127
-0.90737
-0.86347
-0.81957
-0.78166
-0.74375
-0.70584
-0.66794
-0.62743
-0.58692
-0.54641
-0.50590
-0.47064
-0.43539
-0.40013
-0.36487
-0.32875
-0.29263
-0.25651
-0.22039
-0.18666
-0.15292
-0.11918
-0.08545
-0.05305
-0.02066
0.01173
0.04412
0.07746
0.11080
0.14413
0.17747
0.20839
0.23932
0.27024
0.30116
0.33501
0.36885
0.40269
0.43654
0.46731
0.49809
0.52887
0.55965
0.59459
0.62953
0.66447
0.69941
0.72912
0.75883
0.78854
0.81825
0.85254
0.88683
0.92112
0.95541
0.98476
1.01410
1.04344
1.07279
1.10529
1.13778
1.17028
1.20278
1.23389
1.26499
1.29610
1.32721
1.35988
1.39256
1.42523
1.45791
1.49028
1.52266
1.55504
1.58742
1.61887
1.65031
1.68176
1.71321
1.74602
1.77884
1.81166
1.84448
1.87447
1.90446
1.93445
1.96444
1.99734
2.03025
2.06315
2.09606
2.12335
2.15064
2.17793
2.20522
2.23734
2.26946
2.30158
2.33370
2.35831
2.38292
2.40752
2.43213
2.46116
2.49019
2.51922
2.54825
2.57041
2.59257
2.61473
2.63689
-6.76767
-6.76767
-6.76767
-6.76767
-6.76767
-6.76767
-6.76767
-6.76767
-6.76767
-6.76767
-6.76767
-6.76767
-6.76767
-6.76767
-6.76767
-6.76767
-6.76767
-6.76767
-6.76767
-6.76767
-6.76767
-6.76767
-6.76767
-6.76767
-6.76767
-6.76767
-6.76767
-6.76767
-6.76767
-6.76767
-6.76767
-6.76767
-6.76767
-6.76767
-6.76767
-6.76767
-6.76767
-6.76767
-6.76767
-6.76767
-6.76767
-6.76767
-6.76767
-6.76767
-6.76767
-6.76767
-6.76767
-6.76767
-6.76767
-6.76767
-6.76767
-6.76767
-6.76767
-6.76767
-6.76767
-6.76767
-6.76767
-6.76767
-6.76767
-6.76767
-6.76767
-6.76767
-6.76767
-6.76767
-6.76767
-6.76767
-6.76767
-6.76767
-6.76767
-6.76767
-6.76767
-6.76767
-6.76767
-6.76767
-6.76767
-6.76767
-6.76767
-6.76767
-6.76767
-6.76767
-6.76767
-6.76767
-6.76767
-6.76767
-6.76767
-6.76767
-6.76767
-6.76767
-6.76767
-6.76767
-6.76767
-6.76767
-6.76767
-6.76767
-6.76767
-6.76767
-6.76767
-6.76767
-6.76767
-6.76767
-6.76767
-6.76767
-6.76767
-6.76767
-6.76767
-6.76767
-6.76767
-6.76767
-6.76767
-6.76767
-6.76767
-6.76767
-6.76767
-6.76767
-6.76767
-6.76767
-6.76767
-6.76767
-6.76767
-6.76767
-6.76767
-6.75812
-6.74858
-6.73903
-6.72948
-6.69494
-6.66040
-6.62586
-6.59132
-6.55311
-6.51491
-6.47670
-6.43850
-6.39811
-6.35772
-6.31734
-6.27695
-6.23388
-6.19081
-6.14775
-6.10468
-6.06093
-6.01718
-5.97343
-5.92968
-5.88389
-5.83810
-5.79230
-5.74651
-5.70118
-5.65585
-5.61053
-5.56520
-5.51915
-5.47310
-5.42705
-5.38100
-5.33519
-5.28938
-5.24358
-5.19777
-5.15177
-5.10576
-5.05976
-5.01376
-4.96713
-4.92051
-4.87388
-4.82725
-4.78100
-4.73476
-4.68851
-4.64227
-4.59622
-4.55018
-4.50413
-4.45809
-4.41177
-4.36545
-4.31913
-4.27281
-4.22607
-4.17934
-4.13260
-4.08587
-4.04129
-3.99672
-3.95215
-3.90757
-3.86171
-3.81584
-3.76998
-3.72411
-3.67927
-3.63444
-3.58960
-3.54476
-3.49871
-3.45265
-3.40660
-3.36054
-3.31543
-3.27031
-3.22520
-3.18008
-3.13424
-3.08841
-3.04257
-2.99674
-2.95131
-2.90589
-2.86046
-2.81504
-2.77006
-2.72509
-2.68011
-2.63514
-2.58949
-2.54385
-2.49820
-2.45256
-2.40740
-2.36225
-2.31709
-2.27194
-2.22595
-2.17996
-2.13397
-2.08797
-2.04308
-1.99818
-1.95329
-1.90839
-1.86251
-1.81663
-1.77074
-1.72486
-1.68025
-1.63564
-1.59102
-1.54641
-1.50057
-1.45473
-1.40889
-1.36305
-1.32005
-1.27705
-1.23404
-1.19104
-1.14648
-1.10192
-1.05736
-1.01280
-0.97186
-0.93093
-0.89000
-0.84906
-0.80702
-0.76498
-0.72293
-0.68089
-0.64170
-0.60252
-0.56334
-0.52415
-0.48573
-0.44731
-0.40889
-0.37047
-0.33248
-0.29449
-0.25650
-0.21851
-0.18403
-0.14956
-0.11508
-0.08061
-0.04392
-0.00723
0.02946
0.06615
0.09834
0.13054
0.16274
0.19494
0.23028
0.26562
0.30096
0.33630
0.36796
0.39961
0.43127
0.46292
0.49768
0.53244
0.56720
0.60196
0.63316
0.66437
0.69558
0.72678
0.76069
0.79459
0.82849
0.86239
0.89376
0.92513
0.95650
0.98787
1.02030
1.05272
1.08515
1.11758
1.15039
1.18319
1.21600
1.24881
1.28103
1.31325
1.34546
1.37768
1.41173
1.44578
1.47983
1.51388
1.54446
1.57504
1.60562
1.63620
1.66983
1.70345
1.73708
1.77071
1.80049
1.83027
1.86006
1.88984
1.92286
1.95587
1.98889
2.02190
2.04994
2.07797
2.10601
2.13404
2.16530
2.19657
2.22783
2.25909
2.28522
2.31134
2.33746
2.36358
2.39141
2.41923
2.44705
2.47488
2.49911
2.52334
2.54756
2.57179
-6.90764
-6.90764
-6.90764
-6.90764
-6.90764
-6.90764
-6.90764
-6.90764
-6.90764
-6.90764
-6.90764
-6.90764
-6.90764
-6.90764
-6.90764
-6.90764
-6.90764
-6.90764
-6.90764
-6.90764
-6.90764
-6.90764
-6.90764
-6.90764
-6.90764
-6.90764
-6.90764
-6.90764
-6.90764
-6.90764
-6.90764
-6.90764
-6.90764
-6.90764
-6.90764
-6.90764
-6.90764
-6.90764
-6.90764
-6.90764
-6.90764
-6.90764
-6.90764
-6.90764
-6.90764
-6.90764
-6.90764
-6.90764
-6.90764
-6.90764
-6.90764
-6.90764
-6.90764
-6.90764
-6.90764
-6.90764
-6.90764
-6.90764
-6.90764
-6.90764
-6.90764
-6.90764
-6.90764
-6.90764
-6.90764
-6.90764
-6.90764
-6.90764
-6.90764
-6.90764
-6.90764
-6.90764
-6.90764
-6.90764
-6.90764
-6.90764
-6.90764
-6.90764
-6.90764
-6.90764
-6.90764
-6.90764
-6.90764
-6.90764
-6.90764
-6.90764
-6.90764
-6.90764
-6.90764
-6.90764
-6.90764
-6.90764
-6.90764
-6.90764
-6.90764
-6.90764
-6.90764
-6.90764
-6.90764
-6.90764
-6.90764
-6.90764
-6.90764
-6.90764
-6.90764
-6.90764
-6.90764
-6.90764
-6.90764
-6.90764
-6.90764
-6.90764
-6.90764
-6.90764
-6.90764
-6.90764
-6.90764
-6.90764
-6.90764
-6.90764
-6.90764
-6.90539
-6.90315
-6.90091
-6.89867
-6.87026
-6.84185
-6.81344
-6.78503
-6.75117
-6.71731
-6.68345
-6.64959
-6.61185
-6.57410
-6.53636
-6.49862
-6.45730
-6.41598
-6.37466
-6.33334
-6.28979
-6.24625
-6.20270
-6.15915
-6.11355
-6.06794
-6.02234
-5.97673
-5.93139
-5.88605
-5.84072
-5.79538
-5.74993
-5.70448
-5.65903
-5.61358
-5.56770
-5.52182
-5.47594
-5.43007
-5.38459
-5.33911
-5.29364
-5.24816
-5.20162
-5.15508
-5.10854
-5.06200
-5.01655
-4.97110
-4.92565
-4.88020
-4.83353
-4.78685
-4.74018
-4.69351
-4.64526
-4.59702
-4.54877
-4.50052
-4.45183
-4.40314
-4.35445
-4.30576
-4.25950
-4.21325
-4.16699
-4.12073
-4.07379
-4.02685
-3.97992
-3.93298
-3.88707
-3.84117
-3.79526
-3.74936
-3.70297
-3.65658
-3.61020
-3.56381
-3.51792
-3.47203
-3.42614
-3.38025
-3.33446
-3.28867
-3.24289
-3.19710
-3.15141
-3.10572
-3.06003
-3.01434
-2.97025
-2.92616
-2.88208
-2.83799
-2.79242
-2.74685
-2.70129
-2.65572
-2.61136
-2.56699
-2.52262
-2.47826
-2.43217
-2.38608
-2.33999
-2.29390
-2.24937
-2.20484
-2.16031
-2.11578
-2.06973
-2.02368
-1.97762
-1.93157
-1.88638
-1.84120
-1.79601
-1.75082
-1.70456
-1.65831
-1.61205
-1.56579
-1.52107
-1.47635
-1.43163
-1.38691
-1.34169
-1.29647
-1.25125
-1.20602
-1.16206
-1.11811
-1.07415
-1.03019
-0.98661
-0.94303
-0.89946
-0.85588
-0.81277
-0.76965
-0.72654
-0.68343
-0.64271
-0.60199
-0.56127
-0.52055
-0.47831
-0.43606
-0.39381
-0.35157
-0.31501
-0.27845
-0.24190
-0.20534
-0.16530
-0.12526
-0.08522
-0.04518
-0.01170
0.02177
0.05524
0.08871
0.12555
0.16239
0.19923
0.23607
0.26860
0.30113
0.33366
0.36619
0.40077
0.43535
0.46993
0.50450
0.53721
0.56991
0.60261
0.63532
0.66883
0.70234
0.73586
0.76937
0.80277
0.83616
0.86956
0.90296
0.93531
0.96767
1.00002
1.03237
1.06688
1.10139
1.13590
1.17041
1.20217
1.23394
1.26570
1.29746
1.33318
1.36890
1.40462
1.44033
1.47005
1.49976
1.52948
1.55919
1.59363
1.62807
1.66251
1.69694
1.72652
1.75609
1.78567
1.81524
1.84837
1.88150
1.91462
1.94775
1.97653
2.00530
2.03408
2.06286
2.09327
2.12367
2.15408
2.18448
2.21212
2.23976
2.26740
2.29503
2.32165
2.34827
2.37489
2.40151
2.42780
2.45410
2.48039
2.50669
-7.15450
-7.15450
-7.15450
-7.15450
-7.15450
-7.15450
-7.15450
-7.15450
-7.15450
-7.15450
-7.15450
-7.15450
-7.15450
-7.15450
-7.15450
-7.15450
-7.15450
-7.15450
-7.15450
-7.15450
-7.15450
-7.15450
-7.15450
-7.15450
-7.15450
-7.15450
-7.15450
-7.15450
-7.15450
-7.15450
-7.15450
-7.15450
-7.15450
-7.15450
-7.15450
-7.15450
-7.15450
-7.15450
-7.15450
-7.15450
-7.15450
-7.15450
-7.15450
-7.15450
-7.15450
-7.15450
-7.15450
-7.15450
-7.15450
-7.15450
-7.15450
-7.15450
-7.15450
-7.15450
-7.15450
-7.15450
-7.15450
-7.15450
-7.15450
-7.15450
-7.15450
-7.15450
-7.15450
-7.15450
-7.15450
-7.15450
-7.15450
-7.15450
-7.15450
-7.15450
-7.15450
-7.15450
-7.15450
-7.15450
-7.15450
-7.15450
-7.15450
-7.15450
-7.15450
-7.15450
-7.15450
-7.15450
-7.15450
-7.15450
-7.15450
-7.15450
-7.15450
-7.15450
-7.15450
-7.15450
-7.15450
-7.15450
-7.15450
-7.15450
-7.15450
-7.15450
-7.15450
-7.15450
-7.15450
-7.15450
-7.15450
-7.15450
-7.15450
-7.15450
-7.15450
-7.15450
-7.15450
-7.15450
-7.15450
-7.15450
-7.15450
-7.15450
-7.15450
-7.15450
-7.15450
-7.15450
-7.15450
-7.15450
-7.15450
-7.15450
-7.15450
-7.15450
-7.15450
-7.15450
-7.15450
-7.12571
-7.09692
-7.06813
-7.03934
-6.99911
-6.95888
-6.91864
-6.87841
-6.83736
-6.79631
-6.75527
-6.71422
-6.67231
-6.63041
-6.58851
-6.54660
-6.50232
-6.45804
-6.41376
-6.36948
-6.32360
-6.27771
-6.23183
-6.18595
-6.13989
-6.09384
-6.04778
-6.00173
-5.95649
-5.91124
-5.86599
-5.82075
-5.77456
-5.72837
-5.68219
-5.63600
-5.59014
-5.54428
-5.49842
-5.45256
-5.40559
-5.35861
-5.31164
-5.26467
-5.21966
-5.17465
-5.12964
-5.08463
-5.03838
-4.99213
-4.94588
-4.89962
-4.85226
-4.80490
-4.75753
-4.71017
-4.66250
-4.61483
-4.56717
-4.51950
-4.47300
-4.42650
-4.38000
-4.33350
-4.28626
-4.23902
-4.19178
-4.14453
-4.09801
-4.05149
-4.00497
-3.95845
-3.91264
-3.86682
-3.82100
-3.77519
-3.72904
-3.68289
-3.63674
-3.59059
-3.54452
-3.49846
-3.45239
-3.40633
-3.35992
-3.31351
-3.26710
-3.22069
-3.17600
-3.13130
-3.08660
-3.04190
-2.99575
-2.94959
-2.90343
-2.85728
-2.81218
-2.76708
-2.72199
-2.67689
-2.63025
-2.58361
-2.53696
-2.49032
-2.44506
-2.39980
-2.35454
-2.30927
-2.26289
-2.21650
-2.17012
-2.12373
-2.07777
-2.03181
-1.98584
-1.93988
-1.89331
-1.84673
-1.80016
-1.75358
-1.70761
-1.66164
-1.61567
-1.56970
-1.52394
-1.47819
-1.43243
-1.38667
-1.34093
-1.29519
-1.24944
-1.20370
-1.15917
-1.11465
-1.07012
-1.02560
-0.98045
-0.93531
-0.89016
-0.84502
-0.80265
-0.76028
-0.71791
-0.67554
-0.63134
-0.58715
-0.54295
-0.49876
-0.45985
-0.42095
-0.38204
-0.34314
-0.30145
-0.25977
-0.21809
-0.17641
-0.14044
-0.10447
-0.06851
-0.03254
0.00531
0.04315
0.08100
0.11884
0.15355
0.18826
0.22297
0.25768
0.29235
0.32702
0.36169
0.39637
0.43101
0.46566
0.50031
0.53495
0.56821
0.60147
0.63474
0.66800
0.70311
0.73822
0.77333
0.80844
0.84082
0.87319
0.90557
0.93795
0.97351
1.00906
1.04461
1.08017
1.11244
1.14470
1.17697
1.20924
1.24553
1.28182
1.31811
1.35440
1.38516
1.41592
1.44668
1.47744
1.51198
1.54651
1.58105
1.61558
1.64632
1.67706
1.70780
1.73855
1.77127
1.80400
1.83673
1.86946
1.89976
1.93006
1.96035
1.99065
2.02026
2.04987
2.07948
2.10909
2.13856
2.16802
2.19749
2.22695
2.25246
2.27796
2.30346
2.32896
2.35660
2.38425
2.41189
2.43953
-7.44864
-7.44864
-7.44864
-7.44864
-7.44864
-7.44864
-7.44864
-7.44864
-7.44864
-7.44864
-7.44864
-7.44864
-7.44864
-7.44864
-7.44864
-7.44864
-7.44864
-7.44864
-7.44864
-7.44864
-7.44864
-7.44864
-7.44864
-7.44864
-7.44864
-7.44864
-7.44864
-7.44864
-7.44864
-7.44864
-7.44864
-7.44864
-7.44864
-7.44864
-7.44864
-7.44864
-7.44864
-7.44864
-7.44864
-7.44864
-7.44864
-7.44864
-7.44864
-7.44864
-7.44864
-7.44864
-7.44864
-7.44864
-7.44864
-7.44864
-7.44864
-7.44864
-7.44864
-7.44864
-7.44864
-7.44864
-7.44864
-7.44864
-7.44864
-7.44864
-7.44864
-7.44864
-7.44864
-7.44864
-7.44864
-7.44864
-7.44864
-7.44864
-7.44864
-7.44864
-7.44864
-7.44864
-7.44864
-7.44864
-7.44864
-7.44864
-7.44864
-7.44864
-7.44864
-7.44864
-7.44864
-7.44864
-7.44864
-7.44864
-7.44864
-7.44864
-7.44864
-7.44864
-7.44864
-7.44864
-7.44864
-7.44864
-7.44864
-7.44864
-7.44864
-7.44864
-7.44864
-7.44864
-7.44864
-7.44864
-7.44864
-7.44864
-7.44864
-7.44864
-7.44864
-7.44864
-7.44864
-7.44864
-7.44864
-7.44864
-7.44864
-7.44864
-7.44864
-7.44864
-7.44864
-7.44864
-7.44864
-7.44864
-7.44864
-7.44864
-7.44864
-7.44864
-7.44864
-7.44864
-7.44864
-7.41659
-7.38455
-7.35250
-7.32045
-7.26911
-7.21776
-7.16642
-7.11507
-7.06809
-7.02110
-6.97412
-6.92713
-6.88361
-6.84010
-6.79658
-6.75306
-6.70763
-6.66221
-6.61678
-6.57135
-6.52498
-6.47861
-6.43224
-6.38587
-6.33879
-6.29171
-6.24463
-6.19755
-6.15233
-6.10711
-6.06190
-6.01668
-5.97008
-5.92348
-5.87688
-5.83028
-5.78363
-5.73698
-5.69033
-5.64369
-5.59605
-5.54842
-5.50079
-5.45316
-5.40843
-5.36370
-5.31897
-5.27424
-5.22888
-5.18351
-5.13815
-5.09279
-5.04754
-5.00230
-4.95706
-4.91182
-4.86649
-4.82117
-4.77584
-4.73052
-4.68442
-4.63831
-4.59221
-4.54611
-4.49890
-4.45169
-4.40449
-4.35728
-4.31034
-4.26341
-4.21648
-4.16954
-4.12469
-4.07985
-4.03500
-3.99015
-3.94397
-3.89779
-3.85161
-3.80543
-3.75894
-3.71245
-3.66596
-3.61947
-3.57215
-3.52482
-3.47749
-3.43016
-3.38419
-3.33822
-3.29225
-3.24629
-3.19924
-3.15220
-3.10516
-3.05812
-3.01162
-2.96512
-2.91862
-2.87212
-2.82473
-2.77734
-2.72994
-2.68255
-2.63607
-2.58959
-2.54310
-2.49662
-2.44983
-2.40304
-2.35625
-2.30946
-2.26263
-2.21580
-2.16898
-2.12215
-2.07530
-2.02846
-1.98161
-1.93476
-1.88775
-1.84073
-1.79371
-1.74670
-1.70046
-1.65423
-1.60800
-1.56176
-1.51478
-1.46780
-1.42082
-1.37384
-1.32863
-1.28341
-1.23820
-1.19299
-1.14665
-1.10031
-1.05397
-1.00763
-0.96389
-0.92016
-0.87642
-0.83269
-0.78757
-0.74244
-0.69732
-0.65220
-0.61082
-0.56945
-0.52808
-0.48671
-0.44414
-0.40157
-0.35901
-0.31644
-0.27744
-0.23844
-0.19943
-0.16043
-0.12180
-0.08316
-0.04453
-0.00589
0.03157
0.06903
0.10649
0.14395
0.17884
0.21373
0.24862
0.28351
0.32029
0.35708
0.39387
0.43066
0.46372
0.49679
0.52986
0.56293
0.59961
0.63630
0.67298
0.70967
0.74212
0.77456
0.80701
0.83946
0.87577
0.91207
0.94838
0.98469
1.01789
1.05108
1.08428
1.11748
1.15386
1.19024
1.22662
1.26299
1.29564
1.32829
1.36094
1.39359
1.42791
1.46222
1.49654
1.53086
1.56337
1.59589
1.62841
1.66092
1.69303
1.72514
1.75724
1.78935
1.82151
1.85367
1.88583
1.91798
1.94683
1.97567
2.00452
2.03336
2.06479
2.09622
2.12765
2.15908
2.18351
2.20793
2.23236
2.25678
2.28545
2.31412
2.34279
2.37146
-7.64245
-7.64245
-7.64245
-7.64245
-7.64245
-7.64245
-7.64245
-7.64245
-7.64245
-7.64245
-7.64245
-7.64245
-7.64245
-7.64245
-7.64245
-7.64245
-7.64245
-7.64245
-7.64245
-7.64245
-7.64245
-7.64245
-7.64245
-7.64245
-7.64245
-7.64245
-7.64245
-7.64245
-7.64245
-7.64245
-7.64245
-7.64245
-7.64245
-7.64245
-7.64245
-7.64245
-7.64245
-7.64245
-7.64245
-7.64245
-7.64245
-7.64245
-7.64245
-7.64245
-7.64245
-7.64245
-7.64245
-7.64245
-7.64245
-7.64245
-7.64245
-7.64245
-7.64245
-7.64245
-7.64245
-7.64245
-7.64245
-7.64245
-7.64245
-7.64245
-7.64245
-7.64245
-7.64245
-7.64245
-7.64245
-7.64245
-7.64245
-7.64245
-7.64245
-7.64245
-7.64245
-7.64245
-7.64245
-7.64245
-7.64245
-7.64245
-7.64245
-7.64245
-7.64245
-7.64245
-7.64245
-7.64245
-7.64245
-7.64245
-7.64245
-7.64245
-7.64245
-7.64245
-7.64245
-7.64245
-7.64245
-7.64245
-7.64245
-7.64245
-7.64245
-7.64245
-7.64245
-7.64245
-7.64245
-7.64245
-7.64245
-7.64245
-7.64245
-7.64245
-7.64245
-7.64245
-7.64245
-7.64245
-7.64245
-7.64245
-7.64245
-7.64245
-7.64245
-7.64245
-7.64245
-7.64245
-7.64245
-7.64245
-7.64245
-7.64245
-7.64245
-7.64245
-7.64245
-7.64245
-7.64245
-7.61356
-7.58466
-7.55577
-7.52687
-7.47230
-7.41772
-7.36315
-7.30857
-7.25954
-7.21050
-7.16146
-7.11242
-7.06938
-7.02633
-6.98329
-6.94024
-6.89515
-6.85006
-6.80497
-6.75987
-6.71331
-6.66674
-6.62017
-6.57360
-6.52583
-6.47807
-6.43031
-6.38254
-6.33707
-6.29159
-6.24612
-6.20064
-6.15376
-6.10688
-6.06000
-6.01311
-5.96642
-5.91973
-5.87304
-5.82634
-5.77915
-5.73196
-5.68477
-5.63758
-5.59269
-5.54779
-5.50290
-5.45801
-5.41240
-5.36680
-5.32120
-5.27560
-5.23088
-5.18617
-5.14146
-5.09675
-5.05318
-5.00962
-4.96605
-4.92248
-4.87681
-4.83114
-4.78547
-4.73980
-4.69350
-4.64719
-4.60089
-4.55458
-4.50784
-4.46109
-4.41434
-4.36759
-4.32283
-4.27808
-4.23332
-4.18856
-4.14199
-4.09542
-4.04886
-4.00229
-3.95577
-3.90924
-3.86272
-3.81620
-3.76877
-3.72134
-3.67391
-3.62648
-3.57979
-3.53310
-3.48641
-3.43971
-3.39222
-3.34472
-3.29722
-3.24972
-3.20235
-3.15497
-3.10760
-3.06022
-3.01257
-2.96492
-2.91727
-2.86962
-2.82228
-2.77495
-2.72762
-2.68028
-2.63315
-2.58602
-2.53889
-2.49175
-2.44420
-2.39664
-2.34908
-2.30152
-2.25460
-2.20767
-2.16074
-2.11381
-2.06616
-2.01850
-1.97084
-1.92318
-1.87687
-1.83055
-1.78424
-1.73793
-1.69047
-1.64301
-1.59555
-1.54809
-1.50254
-1.45699
-1.41144
-1.36589
-1.31910
-1.27231
-1.22552
-1.17874
-1.13403
-1.08932
-1.04461
-0.99990
-0.95436
-0.90882
-0.86328
-0.81774
-0.77438
-0.73102
-0.68766
-0.64431
-0.60108
-0.55786
-0.51464
-0.47142
-0.42970
-0.38799
-0.34628
-0.30456
-0.26493
-0.22530
-0.18567
-0.14603
-0.10587
-0.06570
-0.02554
0.01463
0.05059
0.08655
0.12250
0.15846
0.19742
0.23638
0.27534
0.31430
0.34830
0.38231
0.41632
0.45032
0.48845
0.52658
0.56471
0.60283
0.63628
0.66972
0.70317
0.73662
0.77353
0.81044
0.84735
0.88427
0.91878
0.95328
0.98779
1.02230
1.05873
1.09517
1.13160
1.16804
1.20266
1.23729
1.27192
1.30655
1.34073
1.37491
1.40909
1.44328
1.47774
1.51220
1.54666
1.58112
1.61271
1.64431
1.67591
1.70751
1.74133
1.77516
1.80898
1.84280
1.87126
1.89971
1.92817
1.95662
1.98924
2.02185
2.05446
2.08708
2.11146
2.13585
2.16023
2.18461
2.21371
2.24280
2.27190
2.30099
-7.66814
-7.66814
-7.66814
-7.66814
-7.66814
-7.66814
-7.66814
-7.66814
-7.66814
-7.66814
-7.66814
-7.66814
-7.66814
-7.66814
-7.66814
-7.66814
-7.66814
-7.66814
-7.66814
-7.66814
-7.66814
-7.66814
-7.66814
-7.66814
-7.66814
-7.66814
-7.66814
-7.66814
-7.66814
-7.66814
-7.66814
-7.66814
-7.66814
-7.66814
-7.66814
-7.66814
-7.66814
-7.66814
-7.66814
-7.66814
-7.66814
-7.66814
-7.66814
-7.66814
-7.66814
-7.66814
-7.66814
-7.66814
-7.66814
-7.66814
-7.66814
-7.66814
-7.66814
-7.66814
-7.66814
-7.66814
-7.66814
-7.66814
-7.66814
-7.66814
-7.66814
-7.66814
-7.66814
-7.66814
-7.66814
-7.66814
-7.66814
-7.66814
-7.66814
-7.66814
-7.66814
-7.66814
-7.66814
-7.66814
-7.66814
-7.66814
-7.66814
-7.66814
-7.66814
-7.66814
-7.66814
-7.66814
-7.66814
-7.66814
-7.66814
-7.66814
-7.66814
-7.66814
-7.66814
-7.66814
-7.66814
-7.66814
-7.66814
-7.66814
-7.66814
-7.66814
-7.66814
-7.66814
-7.66814
-7.66814
-7.66814
-7.66814
-7.66814
-7.66814
-7.66814
-7.66814
-7.66814
-7.66814
-7.66814
-7.66814
-7.66814
-7.66814
-7.66814
-7.66814
-7.66814
-7.66814
-7.66814
-7.66814
-7.66814
-7.66814
-7.66814
-7.66814
-7.66814
-7.66814
-7.66814
-7.65314
-7.63813
-7.62312
-7.60811
-7.56352
-7.51893
-7.47434
-7.42975
-7.38516
-7.34058
-7.29599
-7.25141
-7.21234
-7.17326
-7.13419
-7.09512
-7.05285
-7.01058
-6.96830
-6.92603
-6.87974
-6.83345
-6.78716
-6.74087
-6.69300
-6.64513
-6.59727
-6.54940
-6.50318
-6.45697
-6.41076
-6.36455
-6.31761
-6.27067
-6.22373
-6.17679
-6.13129
-6.08580
-6.04030
-5.99480
-5.94990
-5.90500
-5.86009
-5.81519
-5.76939
-5.72359
-5.67779
-5.63199
-5.58426
-5.53652
-5.48879
-5.44105
-5.39421
-5.34737
-5.30052
-5.25368
-5.21089
-5.16809
-5.12529
-5.08249
-5.03733
-4.99216
-4.94699
-4.90182
-4.85787
-4.81392
-4.76996
-4.72601
-4.68046
-4.63490
-4.58935
-4.54379
-4.49765
-4.45151
-4.40537
-4.35923
-4.31167
-4.26412
-4.21656
-4.16901
-4.12311
-4.07720
-4.03130
-3.98540
-3.93924
-3.89308
-3.84692
-3.80076
-3.75426
-3.70777
-3.66128
-3.61479
-3.56755
-3.52031
-3.47308
-3.42584
-3.37847
-3.33110
-3.28374
-3.23637
-3.18928
-3.14220
-3.09512
-3.04803
-3.00047
-2.95291
-2.90534
-2.85778
-2.81041
-2.76304
-2.71567
-2.66831
-2.62024
-2.57218
-2.52411
-2.47605
-2.42936
-2.38267
-2.33599
-2.28930
-2.24167
-2.19405
-2.14643
-2.09880
-2.05307
-2.00735
-1.96162
-1.91589
-1.86923
-1.82256
-1.77590
-1.72923
-1.68393
-1.63863
-1.59333
-1.54803
-1.50205
-1.45606
-1.41008
-1.36410
-1.31907
-1.27404
-1.22901
-1.18398
-1.13888
-1.09377
-1.04866
-1.00356
-0.95902
-0.91449
-0.86995
-0.82542
-0.78192
-0.73842
-0.69493
-0.65143
-0.60755
-0.56367
-0.51979
-0.47591
-0.43493
-0.39394
-0.35296
-0.31198
-0.26919
-0.22640
-0.18361
-0.14082
-0.10237
-0.06391
-0.02546
0.01300
0.05418
0.09536
0.13654
0.17773
0.21457
0.25141
0.28825
0.32510
0.36444
0.40379
0.44313
0.48248
0.51848
0.55448
0.59048
0.62648
0.66376
0.70103
0.73830
0.77557
0.81203
0.84848
0.88493
0.92138
0.95782
0.99426
1.03069
1.06713
1.10389
1.14065
1.17740
1.21416
1.24835
1.28253
1.31671
1.35090
1.38759
1.42428
1.46097
1.49765
1.52893
1.56021
1.59149
1.62278
1.65793
1.69309
1.72824
1.76340
1.79210
1.82080
1.84950
1.87820
1.91069
1.94318
1.97567
2.00816
2.03424
2.06032
2.08640
2.11248
2.14098
2.16949
2.19799
2.22650
-7.59113
-7.59113
-7.59113
-7.59113
-7.59113
-7.59113
-7.59113
-7.59113
-7.59113
-7.59113
-7.59113
-7.59113
-7.59113
-7.59113
-7.59113
-7.59113
-7.59113
-7.59113
-7.59113
-7.59113
-7.59113
-7.59113
-7.59113
-7.59113
-7.59113
-7.59113
-7.59113
-7.59113
-7.59113
-7.59113
-7.59113
-7.59113
-7.59113
-7.59113
-7.59113
-7.59113
-7.59113
-7.59113
-7.59113
-7.59113
-7.59113
-7.59113
-7.59113
-7.59113
-7.59113
-7.59113
-7.59113
-7.59113
-7.59113
-7.59113
-7.59113
-7.59113
-7.59113
-7.59113
-7.59113
-7.59113
-7.59113
-7.59113
-7.59113
-7.59113
-7.59113
-7.59113
-7.59113
-7.59113
-7.59113
-7.59113
-7.59113
-7.59113
-7.59113
-7.59113
-7.59113
-7.59113
-7.59113
-7.59113
-7.59113
-7.59113
-7.59113
-7.59113
-7.59113
-7.59113
-7.59113
-7.59113
-7.59113
-7.59113
-7.59113
-7.59113
-7.59113
-7.59113
-7.59113
-7.59113
-7.59113
-7.59113
-7.59113
-7.59113
-7.59113
-7.59113
-7.59113
-7.59113
-7.59113
-7.59113
-7.59113
-7.59113
-7.59113
-7.59113
-7.59113
-7.59113
-7.59113
-7.59113
-7.59113
-7.59113
-7.59113
-7.59113
-7.59113
-7.59113
-7.59113
-7.59113
-7.59113
-7.59113
-7.59113
-7.59113
-7.59113
-7.59113
-7.59113
-7.59113
-7.59113
-7.58647
-7.58182
-7.57716
-7.57251
-7.54004
-7.50757
-7.47510
-7.44263
-7.40616
-7.36969
-7.33322
-7.29675
-7.26444
-7.23213
-7.19983
-7.16752
-7.13152
-7.09553
-7.05953
-7.02354
-6.98222
-6.94090
-6.89959
-6.85827
-6.81481
-6.77136
-6.72790
-6.68444
-6.64095
-6.59745
-6.55395
-6.51046
-6.46571
-6.42097
-6.37622
-6.33148
-6.28789
-6.24430
-6.20071
-6.15712
-6.11439
-6.07166
-6.02893
-5.98620
-5.94039
-5.89458
-5.84877
-5.80297
-5.75480
-5.70664
-5.65848
-5.61032
-5.56251
-5.51470
-5.46689
-5.41908
-5.37605
-5.33302
-5.29000
-5.24697
-5.20165
-5.15633
-5.11101
-5.06570
-5.02258
-4.97947
-4.93635
-4.89323
-4.84812
-4.80300
-4.75788
-4.71276
-4.66564
-4.61852
-4.57140
-4.52427
-4.47614
-4.42800
-4.37987
-4.33173
-4.28604
-4.24035
-4.19466
-4.14897
-4.10397
-4.05897
-4.01397
-3.96898
-3.92277
-3.87657
-3.83036
-3.78415
-3.73740
-3.69064
-3.64388
-3.59713
-3.54983
-3.50254
-3.45525
-3.40795
-3.36159
-3.31522
-3.26885
-3.22248
-3.17500
-3.12751
-3.08003
-3.03254
-2.98518
-2.93782
-2.89045
-2.84309
-2.79484
-2.74659
-2.69834
-2.65009
-2.60343
-2.55676
-2.51010
-2.46343
-2.41582
-2.36821
-2.32060
-2.27300
-2.22732
-2.18165
-2.13598
-2.09030
-2.04406
-1.99781
-1.95156
-1.90531
-1.85985
-1.81439
-1.76893
-1.72347
-1.67799
-1.63251
-1.58703
-1.54156
-1.49603
-1.45051
-1.40498
-1.35945
-1.31473
-1.27000
-1.22527
-1.18054
-1.13504
-1.08955
-1.04405
-0.99856
-0.95484
-0.91112
-0.86741
-0.82369
-0.77830
-0.73291
-0.68752
-0.64213
-0.59990
-0.55768
-0.51545
-0.47322
-0.42862
-0.38402
-0.33942
-0.29481
-0.25407
-0.21332
-0.17258
-0.13183
-0.08898
-0.04612
-0.00327
0.03959
0.07913
0.11867
0.15821
0.19775
0.23822
0.27869
0.31917
0.35964
0.39823
0.43682
0.47541
0.51400
0.55176
0.58952
0.62728
0.66504
0.70354
0.74205
0.78055
0.81906
0.85551
0.89196
0.92842
0.96487
1.00348
1.04208
1.08069
1.11930
1.15367
1.18805
1.22242
1.25680
1.29502
1.33324
1.37146
1.40968
1.44134
1.47300
1.50467
1.53633
1.57233
1.60834
1.64435
1.68035
1.70996
1.73957
1.76918
1.79878
1.83107
1.86335
1.89563
1.92791
1.95590
1.98388
2.01186
2.03984
2.06777
2.09571
2.12364
2.15158
-7.30332
-7.30332
-7.30332
-7.30332
-7.30332
-7.30332
-7.30332
-7.30332
-7.30332
-7.30332
-7.30332
-7.30332
-7.30332
-7.30332
-7.30332
-7.30332
-7.30332
-7.30332
-7.30332
-7.30332
-7.30332
-7.30332
-7.30332
-7.30332
-7.30332
-7.30332
-7.30332
-7.30332
-7.30332
-7.30332
-7.30332
-7.30332
-7.30332
-7.30332
-7.30332
-7.30332
-7.30332
-7.30332
-7.30332
-7.30332
-7.30332
-7.30332
-7.30332
-7.30332
-7.30332
-7.30332
-7.30332
-7.30332
-7.30332
-7.30332
-7.30332
-7.30332
-7.30332
-7.30332
-7.30332
-7.30332
-7.30332
-7.30332
-7.30332
-7.30332
-7.30332
-7.30332
-7.30332
-7.30332
-7.30332
-7.30332
-7.30332
-7.30332
-7.30332
-7.30332
-7.30332
-7.30332
-7.30332
-7.30332
-7.30332
-7.30332
-7.30332
-7.30332
-7.30332
-7.30332
-7.30332
-7.30332
-7.30332
-7.30332
-7.30332
-7.30332
-7.30332
-7.30332
-7.30332
-7.30332
-7.30332
-7.30332
-7.30332
-7.30332
-7.30332
-7.30332
-7.30332
-7.30332
-7.30332
-7.30332
-7.30332
-7.30332
-7.30332
-7.30332
-7.30332
-7.30332
-7.30332
-7.30332
-7.30332
-7.30332
-7.30332
-7.30332
-7.30332
-7.30332
-7.30332
-7.30332
-7.30332
-7.30332
-7.30332
-7.30332
-7.30332
-7.30332
-7.30332
-7.30332
-7.30332
-7.30176
-7.30020
-7.29865
-7.29709
-7.28113
-7.26517
-7.24921
-7.23325
-7.21241
-7.19157
-7.17073
-7.14990
-7.13008
-7.11027
-7.09046
-7.07064
-7.04802
-7.02539
-7.00277
-6.98015
-6.95343
-6.92672
-6.90001
-6.87329
-6.84352
-6.81375
-6.78398
-6.75421
-6.72051
-6.68681
-6.65311
-6.61941
-6.58149
-6.54358
-6.50566
-6.46774
-6.42752
-6.38729
-6.34707
-6.30684
-6.26604
-6.22525
-6.18445
-6.14366
-6.09969
-6.05572
-6.01174
-5.96777
-5.92268
-5.87758
-5.83249
-5.78740
-5.74101
-5.69462
-5.64824
-5.60185
-5.55654
-5.51123
-5.46591
-5.42060
-5.37380
-5.32699
-5.28018
-5.23338
-5.18799
-5.14260
-5.09721
-5.05183
-5.00560
-4.95937
-4.91314
-4.86691
-4.81962
-4.77234
-4.72505
-4.67777
-4.62989
-4.58201
-4.53414
-4.48626
-4.43994
-4.39362
-4.34729
-4.30097
-4.25692
-4.21287
-4.16883
-4.12478
-4.07904
-4.03330
-3.98756
-3.94181
-3.89599
-3.85016
-3.80433
-3.75850
-3.71142
-3.66434
-3.61726
-3.57019
-3.52484
-3.47949
-3.43414
-3.38879
-3.34202
-3.29525
-3.24847
-3.20170
-3.15484
-3.10798
-3.06112
-3.01425
-2.96648
-2.91871
-2.87094
-2.82316
-2.77607
-2.72898
-2.68188
-2.63479
-2.58716
-2.53953
-2.49189
-2.44426
-2.39755
-2.35084
-2.30413
-2.25741
-2.21081
-2.16421
-2.11761
-2.07101
-2.02454
-1.97808
-1.93161
-1.88514
-1.83955
-1.79397
-1.74838
-1.70279
-1.65641
-1.61002
-1.56364
-1.51726
-1.47279
-1.42832
-1.38385
-1.33938
-1.29337
-1.24736
-1.20135
-1.15534
-1.11151
-1.06768
-1.02385
-0.98001
-0.93447
-0.88893
-0.84339
-0.79784
-0.75459
-0.71133
-0.66807
-0.62481
-0.58006
-0.53531
-0.49055
-0.44580
-0.40319
-0.36058
-0.31797
-0.27536
-0.23196
-0.18856
-0.14517
-0.10177
-0.05981
-0.01785
0.02410
0.06606
0.10747
0.14888
0.19028
0.23169
0.27294
0.31419
0.35544
0.39669
0.43519
0.47370
0.51221
0.55071
0.59150
0.63229
0.67308
0.71387
0.75036
0.78684
0.82333
0.85981
0.89970
0.93959
0.97948
1.01936
1.05431
1.08926
1.12421
1.15916
1.19748
1.23580
1.27412
1.31244
1.34592
1.37940
1.41288
1.44636
1.48224
1.51811
1.55398
1.58985
1.62172
1.65360
1.68547
1.71735
1.74925
1.78115
1.81305
1.84495
1.87526
1.90557
1.93588
1.96618
1.99358
2.02098
2.04837
2.07577
-6.95877
-6.95877
-6.95877
-6.95877
-6.95877
-6.95877
-6.95877
-6.95877
-6.95877
-6.95877
-6.95877
-6.95877
-6.95877
-6.95877
-6.95877
-6.95877
-6.95877
-6.95877
-6.95877
-6.95877
-6.95877
-6.95877
-6.95877
-6.95877
-6.95877
-6.95877
-6.95877
-6.95877
-6.95877
-6.95877
-6.95877
-6.95877
-6.95877
-6.95877
-6.95877
-6.95877
-6.95877
-6.95877
-6.95877
-6.95877
-6.95877
-6.95877
-6.95877
-6.95877
-6.95877
-6.95877
-6.95877
-6.95877
-6.95877
-6.95877
-6.95877
-6.95877
-6.95877
-6.95877
-6.95877
-6.95877
-6.95877
-6.95877
-6.95877
-6.95877
-6.95877
-6.95877
-6.95877
-6.95877
-6.95877
-6.95877
-6.95877
-6.95877
-6.95877
-6.95877
-6.95877
-6.95877
-6.95877
-6.95877
-6.95877
-6.95877
-6.95877
-6.95877
-6.95877
-6.95877
-6.95877
-6.95877
-6.95877
-6.95877
-6.95877
-6.95877
-6.95877
-6.95877
-6.95877
-6.95877
-6.95877
-6.95877
-6.95877
-6.95877
-6.95877
-6.95877
-6.95877
-6.95877
-6.95877
-6.95877
-6.95877
-6.95877
-6.95877
-6.95877
-6.95877
-6.95877
-6.95877
-6.95877
-6.95877
-6.95877
-6.95877
-6.95877
-6.95877
-6.95877
-6.95877
-6.95877
-6.95877
-6.95877
-6.95877
-6.95877
-6.95877
-6.95877
-6.95877
-6.95877
-6.95877
-6.95877
-6.95877
-6.95877
-6.95877
-6.95190
-6.94503
-6.93816
-6.93129
-6.91830
-6.90531
-6.89232
-6.87932
-6.86590
-6.85247
-6.83904
-6.82561
-6.81225
-6.79888
-6.78552
-6.77215
-6.75573
-6.73931
-6.72289
-6.70647
-6.68869
-6.67092
-6.65314
-6.63536
-6.61262
-6.58987
-6.56713
-6.54438
-6.51789
-6.49139
-6.46490
-6.43840
-6.40802
-6.37764
-6.34726
-6.31687
-6.28488
-6.25288
-6.22088
-6.18888
-6.15327
-6.11765
-6.08204
-6.04643
-6.00946
-5.97249
-5.93552
-5.89855
-5.85874
-5.81893
-5.77913
-5.73932
-5.69753
-5.65573
-5.61394
-5.57215
-5.52831
-5.48448
-5.44064
-5.39680
-5.35220
-5.30759
-5.26299
-5.21838
-5.17229
-5.12619
-5.08010
-5.03400
-4.98710
-4.94019
-4.89328
-4.84638
-4.79962
-4.75286
-4.70610
-4.65934
-4.61279
-4.56624
-4.51968
-4.47313
-4.42850
-4.38386
-4.33923
-4.29460
-4.24831
-4.20201
-4.15572
-4.10943
-4.06363
-4.01782
-3.97202
-3.92621
-3.87908
-3.83194
-3.78480
-3.73766
-3.69221
-3.64677
-3.60132
-3.55588
-3.50923
-3.46259
-3.41594
-3.36930
-3.32263
-3.27596
-3.22930
-3.18263
-3.13539
-3.08816
-3.04092
-2.99369
-2.94647
-2.89926
-2.85204
-2.80482
-2.75753
-2.71025
-2.66296
-2.61567
-2.56840
-2.52112
-2.47384
-2.42656
-2.37998
-2.33339
-2.28681
-2.24023
-2.19311
-2.14598
-2.09886
-2.05173
-2.00589
-1.96005
-1.91422
-1.86838
-1.82137
-1.77436
-1.72735
-1.68033
-1.63547
-1.59061
-1.54574
-1.50088
-1.45443
-1.40798
-1.36153
-1.31508
-1.27070
-1.22631
-1.18193
-1.13754
-1.09189
-1.04625
-1.00060
-0.95496
-0.91073
-0.86651
-0.82228
-0.77806
-0.73327
-0.68848
-0.64369
-0.59890
-0.55482
-0.51074
-0.46667
-0.42259
-0.37885
-0.33512
-0.29138
-0.24764
-0.20377
-0.15989
-0.11601
-0.07214
-0.02999
0.01216
0.05431
0.09646
0.13982
0.18318
0.22655
0.26991
0.30952
0.34913
0.38874
0.42835
0.47080
0.51325
0.55570
0.59814
0.63576
0.67337
0.71099
0.74860
0.78944
0.83028
0.87112
0.91196
0.94834
0.98472
1.02110
1.05748
1.09598
1.13447
1.17296
1.21146
1.24693
1.28241
1.31789
1.35336
1.38910
1.42484
1.46058
1.49632
1.53054
1.56475
1.59897
1.63319
1.66486
1.69652
1.72818
1.75984
1.79264
1.82545
1.85825
1.89106
1.91803
1.94501
1.97198
1.99896
-6.55688
-6.55688
-6.55688
-6.55688
-6.55688
-6.55688
-6.55688
-6.55688
-6.55688
-6.55688
-6.55688
-6.55688
-6.55688
-6.55688
-6.55688
-6.55688
-6.55688
-6.55688
-6.55688
-6.55688
-6.55688
-6.55688
-6.55688
-6.55688
-6.55688
-6.55688
-6.55688
-6.55688
-6.55688
-6.55688
-6.55688
-6.55688
-6.55688
-6.55688
-6.55688
-6.55688
-6.55688
-6.55688
-6.55688
-6.55688
-6.55688
-6.55688
-6.55688
-6.55688
-6.55688
-6.55688
-6.55688
-6.55688
-6.55688
-6.55688
-6.55688
-6.55688
-6.55688
-6.55688
-6.55688
-6.55688
-6.55688
-6.55688
-6.55688
-6.55688
-6.55688
-6.55688
-6.55688
-6.55688
-6.55688
-6.55688
-6.55688
-6.55688
-6.55688
-6.55688
-6.55688
-6.55688
-6.55688
-6.55688
-6.55688
-6.55688
-6.55688
-6.55688
-6.55688
-6.55688
-6.55688
-6.55688
-6.55688
-6.55688
-6.55688
-6.55688
-6.55688
-6.55688
-6.55688
-6.55688
-6.55688
-6.55688
-6.55688
-6.55688
-6.55688
-6.55688
-6.55688
-6.55688
-6.55688
-6.55688
-6.55688
-6.55688
-6.55688
-6.55688
-6.55688
-6.55688
-6.55688
-6.55688
-6.55688
-6.55688
-6.55688
-6.55688
-6.55688
-6.55688
-6.55688
-6.55688
-6.55688
-6.55688
-6.55688
-6.55688
-6.55688
-6.55688
-6.55688
-6.55688
-6.55688
-6.55688
-6.55688
-6.55688
-6.55688
-6.55160
-6.54631
-6.54103
-6.53574
-6.52273
-6.50972
-6.49671
-6.48370
-6.47048
-6.45726
-6.44404
-6.43081
-6.42256
-6.41430
-6.40604
-6.39779
-6.38730
-6.37682
-6.36633
-6.35585
-6.34835
-6.34085
-6.33336
-6.32586
-6.31525
-6.30463
-6.29401
-6.28340
-6.27297
-6.26253
-6.25210
-6.24167
-6.22768
-6.21370
-6.19971
-6.18572
-6.16945
-6.15318
-6.13691
-6.12064
-6.09998
-6.07933
-6.05867
-6.03801
-6.01428
-5.99054
-5.96681
-5.94307
-5.91505
-5.88703
-5.85901
-5.83099
-5.79859
-5.76618
-5.73378
-5.70137
-5.66501
-5.62865
-5.59229
-5.55593
-5.51520
-5.47446
-5.43373
-5.39300
-5.34829
-5.30359
-5.25889
-5.21419
-5.16820
-5.12222
-5.07624
-5.03025
-4.98549
-4.94072
-4.89595
-4.85119
-4.80480
-4.75842
-4.71204
-4.66566
-4.61889
-4.57213
-4.52536
-4.47859
-4.43072
-4.38285
-4.33498
-4.28711
-4.24042
-4.19372
-4.14703
-4.10033
-4.05286
-4.00538
-3.95791
-3.91043
-3.86377
-3.81710
-3.77044
-3.72377
-3.67666
-3.62954
-3.58242
-3.53531
-3.48853
-3.44174
-3.39496
-3.34818
-3.30154
-3.25491
-3.20828
-3.16164
-3.11461
-3.06758
-3.02054
-2.97351
-2.92694
-2.88037
-2.83380
-2.78723
-2.73986
-2.69249
-2.64512
-2.59775
-2.55157
-2.50538
-2.45920
-2.41301
-2.36558
-2.31815
-2.27072
-2.22328
-2.17706
-2.13083
-2.08460
-2.03837
-1.99096
-1.94355
-1.89614
-1.84873
-1.80281
-1.75690
-1.71098
-1.66507
-1.61826
-1.57145
-1.52464
-1.47783
-1.43244
-1.38705
-1.34166
-1.29628
-1.25058
-1.20488
-1.15919
-1.11349
-1.06836
-1.02323
-0.97810
-0.93297
-0.88826
-0.84355
-0.79884
-0.75413
-0.70899
-0.66385
-0.61871
-0.57357
-0.52970
-0.48583
-0.44196
-0.39809
-0.35280
-0.30751
-0.26221
-0.21692
-0.17422
-0.13153
-0.08883
-0.04614
-0.00121
0.04371
0.08864
0.13356
0.17464
0.21571
0.25679
0.29786
0.34134
0.38481
0.42829
0.47176
0.51161
0.55146
0.59131
0.63116
0.67263
0.71409
0.75556
0.79703
0.83570
0.87437
0.91305
0.95172
0.99046
1.02920
1.06794
1.10668
1.14433
1.18198
1.21963
1.25729
1.29290
1.32850
1.36411
1.39972
1.43637
1.47301
1.50966
1.54630
1.57786
1.60942
1.64098
1.67254
1.70802
1.74350
1.77898
1.81445
1.84112
1.86779
1.89445
1.92112
-6.44021
-6.44021
-6.44021
-6.44021
-6.44021
-6.44021
-6.44021
-6.44021
-6.44021
-6.44021
-6.44021
-6.44021
-6.44021
-6.44021
-6.44021
-6.44021
-6.44021
-6.44021
-6.44021
-6.44021
-6.44021
-6.44021
-6.44021
-6.44021
-6.44021
-6.44021
-6.44021
-6.44021
-6.44021
-6.44021
-6.44021
-6.44021
-6.44021
-6.44021
-6.44021
-6.44021
-6.44021
-6.44021
-6.44021
-6.44021
-6.44021
-6.44021
-6.44021
-6.44021
-6.44021
-6.44021
-6.44021
-6.44021
-6.44021
-6.44021
-6.44021
-6.44021
-6.44021
-6.44021
-6.44021
-6.44021
-6.44021
-6.44021
-6.44021
-6.44021
-6.44021
-6.44021
-6.44021
-6.44021
-6.44021
-6.44021
-6.44021
-6.44021
-6.44021
-6.44021
-6.44021
-6.44021
-6.44021
-6.44021
-6.44021
-6.44021
-6.44021
-6.44021
-6.44021
-6.44021
-6.44021
-6.44021
-6.44021
-6.44021
-6.44021
-6.44021
-6.44021
-6.44021
-6.44021
-6.44021
-6.44021
-6.44021
-6.44021
-6.44021
-6.44021
-6.44021
-6.44021
-6.44021
-6.44021
-6.44021
-6.44021
-6.44021
-6.44021
-6.44021
-6.44021
-6.44021
-6.44021
-6.44021
-6.44021
-6.44021
-6.44021
-6.44021
-6.44021
-6.44021
-6.44021
-6.44021
-6.44021
-6.44021
-6.44021
-6.44021
-6.44021
-6.44021
-6.44021
-6.44021
-6.44021
-6.44021
-6.44021
-6.44021
-6.44021
-6.43559
-6.43097
-6.42635
-6.42172
-6.40335
-6.38498
-6.36661
-6.34824
-6.32708
-6.30592
-6.28475
-6.26359
-6.25035
-6.23711
-6.22387
-6.21063
-6.19338
-6.17613
-6.15888
-6.14164
-6.13115
-6.12066
-6.11017
-6.09967
-6.08639
-6.07310
-6.05981
-6.04652
-6.03671
-6.02690
-6.01709
-6.00729
-5.99637
-5.98545
-5.97453
-5.96362
-5.95228
-5.94095
-5.92962
-5.91829
-5.90580
-5.89331
-5.88081
-5.86832
-5.85337
-5.83842
-5.82347
-5.80851
-5.79125
-5.77398
-5.75672
-5.73945
-5.71811
-5.69677
-5.67544
-5.65410
-5.62985
-5.60561
-5.58136
-5.55711
-5.52774
-5.49837
-5.46900
-5.43963
-5.40524
-5.37086
-5.33647
-5.30209
-5.26401
-5.22594
-5.18786
-5.14979
-5.11058
-5.07138
-5.03217
-4.99297
-4.95066
-4.90834
-4.86603
-4.82372
-4.77748
-4.73124
-4.68500
-4.63876
-4.59058
-4.54240
-4.49422
-4.44603
-4.39933
-4.35263
-4.30593
-4.25923
-4.21256
-4.16589
-4.11922
-4.07255
-4.02548
-3.97841
-3.93133
-3.88426
-3.83664
-3.78901
-3.74139
-3.69376
-3.64617
-3.59858
-3.55099
-3.50339
-3.45667
-3.40994
-3.36322
-3.31650
-3.26895
-3.22140
-3.17385
-3.12631
-3.08023
-3.03416
-2.98808
-2.94201
-2.89471
-2.84741
-2.80011
-2.75281
-2.70608
-2.65935
-2.61262
-2.56589
-2.51810
-2.47031
-2.42253
-2.37474
-2.32808
-2.28143
-2.23477
-2.18812
-2.14077
-2.09342
-2.04607
-1.99873
-1.95209
-1.90545
-1.85882
-1.81218
-1.76518
-1.71817
-1.67117
-1.62417
-1.57770
-1.53123
-1.48476
-1.43828
-1.39215
-1.34601
-1.29987
-1.25373
-1.20742
-1.16110
-1.11479
-1.06848
-1.02355
-0.97863
-0.93370
-0.88877
-0.84263
-0.79649
-0.75035
-0.70421
-0.66027
-0.61632
-0.57238
-0.52843
-0.48270
-0.43697
-0.39124
-0.34551
-0.30224
-0.25897
-0.21570
-0.17242
-0.12736
-0.08229
-0.03722
0.00784
0.05007
0.09230
0.13453
0.17676
0.22025
0.26374
0.30724
0.35073
0.39216
0.43360
0.47503
0.51646
0.55802
0.59958
0.64114
0.68271
0.72335
0.76399
0.80464
0.84528
0.88427
0.92326
0.96226
1.00125
1.04111
1.08098
1.12084
1.16070
1.19608
1.23146
1.26684
1.30222
1.34060
1.37898
1.41736
1.45574
1.48760
1.51946
1.55132
1.58317
1.61923
1.65528
1.69134
1.72739
1.75581
1.78423
1.81265
1.84107
-6.45134
-6.45134
-6.45134
-6.45134
-6.45134
-6.45134
-6.45134
-6.45134
-6.45134
-6.45134
-6.45134
-6.45134
-6.45134
-6.45134
-6.45134
-6.45134
-6.45134
-6.45134
-6.45134
-6.45134
-6.45134
-6.45134
-6.45134
-6.45134
-6.45134
-6.45134
-6.45134
-6.45134
-6.45134
-6.45134
-6.45134
-6.45134
-6.45134
-6.45134
-6.45134
-6.45134
-6.45134
-6.45134
-6.45134
-6.45134
-6.45134
-6.45134
-6.45134
-6.45134
-6.45134
-6.45134
-6.45134
-6.45134
-6.45134
-6.45134
-6.45134
-6.45134
-6.45134
-6.45134
-6.45134
-6.45134
-6.45134
-6.45134
-6.45134
-6.45134
-6.45134
-6.45134
-6.45134
-6.45134
-6.45134
-6.45134
-6.45134
-6.45134
-6.45134
-6.45134
-6.45134
-6.45134
-6.45134
-6.45134
-6.45134
-6.45134
-6.45134
-6.45134
-6.45134
-6.45134
-6.45134
-6.45134
-6.45134
-6.45134
-6.45134
-6.45134
-6.45134
-6.45134
-6.45134
-6.45134
-6.45134
-6.45134
-6.45134
-6.45134
-6.45134
-6.45134
-6.45134
-6.45134
-6.45134
-6.45134
-6.45134
-6.45134
-6.45134
-6.45134
-6.45134
-6.45134
-6.45134
-6.45134
-6.45134
-6.45134
-6.45134
-6.45134
-6.45134
-6.45134
-6.45134
-6.45134
-6.45134
-6.45134
-6.45134
-6.45134
-6.45134
-6.45134
-6.45134
-6.45134
-6.45134
-6.45134
-6.45134
-6.45134
-6.45134
-6.44758
-6.44381
-6.44005
-6.43629
-6.41227
-6.38826
-6.36424
-6.34022
-6.31020
-6.28018
-6.25016
-6.22013
-6.19881
-6.17748
-6.15616
-6.13483
-6.10870
-6.08257
-6.05644
-6.03031
-6.01251
-5.99470
-5.97690
-5.95909
-5.93920
-5.91931
-5.89942
-5.87953
-5.86458
-5.84963
-5.83468
-5.81973
-5.80645
-5.79318
-5.77990
-5.76662
-5.75384
-5.74106
-5.72829
-5.71551
-5.70554
-5.69558
-5.68561
-5.67565
-5.66345
-5.65125
-5.63905
-5.62685
-5.61529
-5.60373
-5.59216
-5.58060
-5.56555
-5.55049
-5.53543
-5.52037
-5.50449
-5.48860
-5.47271
-5.45682
-5.43635
-5.41587
-5.39539
-5.37491
-5.34994
-5.32497
-5.30000
-5.27503
-5.24563
-5.21622
-5.18682
-5.15742
-5.12516
-5.09289
-5.06062
-5.02836
-4.99287
-4.95739
-4.92190
-4.88642
-4.84490
-4.80338
-4.76186
-4.72035
-4.67654
-4.63273
-4.58892
-4.54511
-4.50215
-4.45919
-4.41623
-4.37327
-4.33011
-4.28695
-4.24379
-4.20063
-4.15566
-4.11070
-4.06573
-4.02077
-3.97467
-3.92858
-3.88248
-3.83638
-3.78951
-3.74264
-3.69577
-3.64890
-3.60274
-3.55658
-3.51043
-3.46427
-3.41679
-3.36931
-3.32182
-3.27434
-3.22871
-3.18308
-3.13745
-3.09182
-3.04483
-2.99784
-2.95084
-2.90385
-2.85672
-2.80958
-2.76245
-2.71532
-2.66740
-2.61949
-2.57158
-2.52366
-2.47663
-2.42960
-2.38257
-2.33554
-2.28845
-2.24135
-2.19425
-2.14716
-2.10004
-2.05292
-2.00579
-1.95867
-1.91169
-1.86471
-1.81772
-1.77074
-1.72351
-1.67628
-1.62905
-1.58182
-1.53534
-1.48886
-1.44237
-1.39589
-1.34872
-1.30156
-1.25439
-1.20723
-1.16193
-1.11664
-1.07134
-1.02605
-0.97922
-0.93239
-0.88556
-0.83874
-0.79443
-0.75013
-0.70583
-0.66152
-0.61558
-0.56963
-0.52368
-0.47773
-0.43374
-0.38974
-0.34574
-0.30174
-0.25672
-0.21169
-0.16667
-0.12164
-0.07826
-0.03488
0.00850
0.05188
0.09539
0.13889
0.18240
0.22590
0.26879
0.31168
0.35456
0.39745
0.43927
0.48108
0.52289
0.56471
0.60709
0.64946
0.69184
0.73421
0.77379
0.81337
0.85294
0.89252
0.93417
0.97583
1.01749
1.05914
1.09498
1.13082
1.16666
1.20250
1.24205
1.28159
1.32113
1.36067
1.39352
1.42636
1.45921
1.49206
1.52816
1.56427
1.60037
1.63647
1.66713
1.69778
1.72844
1.75909
-6.61294
-6.61294
-6.61294
-6.61294
-6.61294
-6.61294
-6.61294
-6.61294
-6.61294
-6.61294
-6.61294
-6.61294
-6.61294
-6.61294
-6.61294
-6.61294
-6.61294
-6.61294
-6.61294
-6.61294
-6.61294
-6.61294
-6.61294
-6.61294
-6.61294
-6.61294
-6.61294
-6.61294
-6.61294
-6.61294
-6.61294
-6.61294
-6.61294
-6.61294
-6.61294
-6.61294
-6.61294
-6.61294
-6.61294
-6.61294
-6.61294
-6.61294
-6.61294
-6.61294
-6.61294
-6.61294
-6.61294
-6.61294
-6.61294
-6.61294
-6.61294
-6.61294
-6.61294
-6.61294
-6.61294
-6.61294
-6.61294
-6.61294
-6.61294
-6.61294
-6.61294
-6.61294
-6.61294
-6.61294
-6.61294
-6.61294
-6.61294
-6.61294
-6.61294
-6.61294
-6.61294
-6.61294
-6.61294
-6.61294
-6.61294
-6.61294
-6.61294
-6.61294
-6.61294
-6.61294
-6.61294
-6.61294
-6.61294
-6.61294
-6.61294
-6.61294
-6.61294
-6.61294
-6.61294
-6.61294
-6.61294
-6.61294
-6.61294
-6.61294
-6.61294
-6.61294
-6.61294
-6.61294
-6.61294
-6.61294
-6.61294
-6.61294
-6.61294
-6.61294
-6.61294
-6.61294
-6.61294
-6.61294
-6.61294
-6.61294
-6.61294
-6.61294
-6.61294
-6.61294
-6.61294
-6.61294
-6.61294
-6.61294
-6.61294
-6.61294
-6.61294
-6.61294
-6.61294
-6.61294
-6.61294
-6.61294
-6.61294
-6.61294
-6.61294
-6.61078
-6.60862
-6.60646
-6.60430
-6.57609
-6.54789
-6.51968
-6.49148
-6.45385
-6.41623
-6.37861
-6.34099
-6.30913
-6.27727
-6.24541
-6.21355
-6.17909
-6.14463
-6.11017
-6.07571
-6.04689
-6.01808
-5.98926
-5.96044
-5.93163
-5.90281
-5.87400
-5.84519
-5.81930
-5.79341
-5.76752
-5.74163
-5.72005
-5.69847
-5.67689
-5.65531
-5.63226
-5.60921
-5.58616
-5.56311
-5.54681
-5.53051
-5.51421
-5.49791
-5.47793
-5.45794
-5.43796
-5.41798
-5.40227
-5.38656
-5.37085
-5.35514
-5.33601
-5.31688
-5.29775
-5.27861
-5.26169
-5.24476
-5.22783
-5.21091
-5.19145
-5.17199
-5.15253
-5.13307
-5.11227
-5.09147
-5.07067
-5.04987
-5.02803
-5.00619
-4.98435
-4.96252
-4.93862
-4.91472
-4.89082
-4.86693
-4.84238
-4.81784
-4.79330
-4.76875
-4.73944
-4.71013
-4.68082
-4.65150
-4.62110
-4.59069
-4.56028
-4.52987
-4.49794
-4.46600
-4.43406
-4.40212
-4.36751
-4.33291
-4.29830
-4.26369
-4.22562
-4.18755
-4.14948
-4.11140
-4.07099
-4.03059
-3.99018
-3.94977
-3.90699
-3.86420
-3.82142
-3.77864
-3.73465
-3.69066
-3.64667
-3.60268
-3.55671
-3.51074
-3.46477
-3.41880
-3.37360
-3.32840
-3.28319
-3.23799
-3.19172
-3.14545
-3.09918
-3.05291
-3.00602
-2.95914
-2.91226
-2.86538
-2.81781
-2.77024
-2.72268
-2.67511
-2.62783
-2.58056
-2.53328
-2.48601
-2.43936
-2.39272
-2.34607
-2.29943
-2.25218
-2.20493
-2.15769
-2.11044
-2.06385
-2.01725
-1.97066
-1.92407
-1.87676
-1.82946
-1.78216
-1.73486
-1.68838
-1.64189
-1.59541
-1.54893
-1.50168
-1.45444
-1.40719
-1.35994
-1.31408
-1.26823
-1.22237
-1.17652
-1.12961
-1.08271
-1.03580
-0.98890
-0.94364
-0.89839
-0.85313
-0.80788
-0.76178
-0.71569
-0.66959
-0.62350
-0.57848
-0.53347
-0.48845
-0.44343
-0.39828
-0.35313
-0.30799
-0.26284
-0.21818
-0.17352
-0.12886
-0.08421
-0.04033
0.00355
0.04742
0.09130
0.13564
0.17998
0.22432
0.26866
0.31125
0.35384
0.39643
0.43902
0.48277
0.52652
0.57027
0.61402
0.65484
0.69567
0.73649
0.77732
0.81991
0.86249
0.90508
0.94767
0.98541
1.02315
1.06089
1.09864
1.13844
1.17824
1.21804
1.25784
1.29293
1.32802
1.36310
1.39819
1.43407
1.46995
1.50583
1.54171
1.57480
1.60789
1.64098
1.67407
-6.77453
-6.77453
-6.77453
-6.77453
-6.77453
-6.77453
-6.77453
-6.77453
-6.77453
-6.77453
-6.77453
-6.77453
-6.77453
-6.77453
-6.77453
-6.77453
-6.77453
-6.77453
-6.77453
-6.77453
-6.77453
-6.77453
-6.77453
-6.77453
-6.77453
-6.77453
-6.77453
-6.77453
-6.77453
-6.77453
-6.77453
-6.77453
-6.77453
-6.77453
-6.77453
-6.77453
-6.77453
-6.77453
-6.77453
-6.77453
-6.77453
-6.77453
-6.77453
-6.77453
-6.77453
-6.77453
-6.77453
-6.77453
-6.77453
-6.77453
-6.77453
-6.77453
-6.77453
-6.77453
-6.77453
-6.77453
-6.77453
-6.77453
-6.77453
-6.77453
-6.77453
-6.77453
-6.77453
-6.77453
-6.77453
-6.77453
-6.77453
-6.77453
-6.77453
-6.77453
-6.77453
-6.77453
-6.77453
-6.77453
-6.77453
-6.77453
-6.77453
-6.77453
-6.77453
-6.77453
-6.77453
-6.77453
-6.77453
-6.77453
-6.77453
-6.77453
-6.77453
-6.77453
-6.77453
-6.77453
-6.77453
-6.77453
-6.77453
-6.77453
-6.77453
-6.77453
-6.77453
-6.77453
-6.77453
-6.77453
-6.77453
-6.77453
-6.77453
-6.77453
-6.77453
-6.77453
-6.77453
-6.77453
-6.77453
-6.77453
-6.77453
-6.77453
-6.77453
-6.77453
-6.77453
-6.77453
-6.77453
-6.77453
-6.77453
-6.77453
-6.77453
-6.77453
-6.77453
-6.77453
-6.77453
-6.77453
-6.77453
-6.77453
-6.77453
-6.77398
-6.77342
-6.77286
-6.77230
-6.73991
-6.70752
-6.67512
-6.64273
-6.59751
-6.55229
-6.50706
-6.46184
-6.41945
-6.37706
-6.33467
-6.29228
-6.24949
-6.20669
-6.16390
-6.12111
-6.08128
-6.04145
-6.00162
-5.96179
-5.92405
-5.88632
-5.84858
-5.81085
-5.77402
-5.73718
-5.70035
-5.66352
-5.63364
-5.60376
-5.57388
-5.54400
-5.51068
-5.47735
-5.44403
-5.41070
-5.38807
-5.36544
-5.34281
-5.32018
-5.29241
-5.26464
-5.23687
-5.20911
-5.18925
-5.16939
-5.14954
-5.12969
-5.10648
-5.08327
-5.06006
-5.03685
-5.01889
-5.00092
-4.98296
-4.96499
-4.94655
-4.92812
-4.90968
-4.89124
-4.87461
-4.85797
-4.84134
-4.82471
-4.81043
-4.79616
-4.78188
-4.76761
-4.75208
-4.73655
-4.72102
-4.70549
-4.69189
-4.67829
-4.66469
-4.65109
-4.63398
-4.61687
-4.59977
-4.58266
-4.56565
-4.54865
-4.53164
-4.51464
-4.49372
-4.47280
-4.45189
-4.43097
-4.40492
-4.37886
-4.35281
-4.32675
-4.29557
-4.26440
-4.23322
-4.20204
-4.16732
-4.13260
-4.09787
-4.06315
-4.02446
-3.98577
-3.94707
-3.90838
-3.86656
-3.82473
-3.78291
-3.74109
-3.69663
-3.65217
-3.60772
-3.56326
-3.51848
-3.47371
-3.42893
-3.38416
-3.33861
-3.29306
-3.24751
-3.20196
-3.15533
-3.10870
-3.06207
-3.01544
-2.96822
-2.92100
-2.87378
-2.82655
-2.77903
-2.73151
-2.68399
-2.63647
-2.59028
-2.54409
-2.49790
-2.45170
-2.40433
-2.35695
-2.30958
-2.26220
-2.21600
-2.16980
-2.12360
-2.07739
-2.03002
-1.98264
-1.93527
-1.88789
-1.84141
-1.79493
-1.74845
-1.70198
-1.65465
-1.60731
-1.55998
-1.51265
-1.46624
-1.41982
-1.37341
-1.32699
-1.28001
-1.23302
-1.18604
-1.13906
-1.09285
-1.04665
-1.00044
-0.95423
-0.90799
-0.86175
-0.81551
-0.76926
-0.72323
-0.67719
-0.63116
-0.58512
-0.53985
-0.49458
-0.44930
-0.40403
-0.35810
-0.31217
-0.26623
-0.22030
-0.17605
-0.13180
-0.08755
-0.04330
0.00249
0.04828
0.09407
0.13986
0.18322
0.22659
0.26996
0.31332
0.35845
0.40357
0.44869
0.49382
0.53590
0.57797
0.62005
0.66212
0.70564
0.74916
0.79267
0.83619
0.87584
0.91548
0.95512
0.99477
1.03483
1.07489
1.11496
1.15502
1.19234
1.22967
1.26700
1.30432
1.33998
1.37563
1.41129
1.44694
1.48247
1.51800
1.55352
1.58905
-6.96808
-6.96808
-6.96808
-6.96808
-6.96808
-6.96808
-6.96808
-6.96808
-6.96808
-6.96808
-6.96808
-6.96808
-6.96808
-6.96808
-6.96808
-6.96808
-6.96808
-6.96808
-6.96808
-6.96808
-6.96808
-6.96808
-6.96808
-6.96808
-6.96808
-6.96808
-6.96808
-6.96808
-6.96808
-6.96808
-6.96808
-6.96808
-6.96808
-6.96808
-6.96808
-6.96808
-6.96808
-6.96808
-6.96808
-6.96808
-6.96808
-6.96808
-6.96808
-6.96808
-6.96808
-6.96808
-6.96808
-6.96808
-6.96808
-6.96808
-6.96808
-6.96808
-6.96808
-6.96808
-6.96808
-6.96808
-6.96808
-6.96808
-6.96808
-6.96808
-6.96808
-6.96808
-6.96808
-6.96808
-6.96808
-6.96808
-6.96808
-6.96808
-6.96808
-6.96808
-6.96808
-6.96808
-6.96808
-6.96808
-6.96808
-6.96808
-6.96808
-6.96808
-6.96808
-6.96808
-6.96808
-6.96808
-6.96808
-6.96808
-6.96808
-6.96808
-6.96808
-6.96808
-6.96808
-6.96808
-6.96808
-6.96808
-6.96808
-6.96808
-6.96808
-6.96808
-6.96808
-6.96808
-6.96808
-6.96808
-6.96808
-6.96808
-6.96808
-6.96808
-6.96808
-6.96808
-6.96808
-6.96808
-6.96808
-6.96808
-6.96808
-6.96808
-6.96808
-6.96808
-6.96808
-6.96808
-6.96808
-6.96808
-6.96808
-6.96808
-6.96808
-6.96808
-6.96808
-6.96808
-6.96808
-6.96808
-6.96808
-6.96808
-6.96808
-6.96808
-6.96808
-6.96808
-6.96808
-6.93978
-6.91147
-6.88317
-6.85486
-6.80655
-6.75824
-6.70993
-6.66162
-6.61461
-6.56761
-6.52060
-6.47359
-6.42716
-6.38072
-6.33429
-6.28786
-6.24271
-6.19757
-6.15242
-6.10728
-6.06476
-6.02224
-5.97973
-5.93721
-5.89455
-5.85190
-5.80924
-5.76658
-5.73018
-5.69378
-5.65738
-5.62099
-5.58139
-5.54180
-5.50221
-5.46261
-5.43218
-5.40175
-5.37131
-5.34088
-5.30635
-5.27181
-5.23728
-5.20275
-5.17528
-5.14781
-5.12035
-5.09288
-5.06347
-5.03407
-5.00467
-4.97526
-4.95059
-4.92593
-4.90126
-4.87659
-4.85379
-4.83098
-4.80818
-4.78538
-4.76386
-4.74235
-4.72083
-4.69932
-4.68357
-4.66782
-4.65207
-4.63632
-4.61831
-4.60030
-4.58229
-4.56428
-4.55141
-4.53855
-4.52569
-4.51282
-4.49660
-4.48038
-4.46416
-4.44793
-4.43399
-4.42004
-4.40610
-4.39215
-4.37456
-4.35696
-4.33937
-4.32177
-4.30068
-4.27959
-4.25850
-4.23741
-4.21272
-4.18802
-4.16332
-4.13863
-4.11084
-4.08306
-4.05528
-4.02750
-3.99698
-3.96646
-3.93594
-3.90542
-3.87096
-3.83650
-3.80203
-3.76757
-3.73009
-3.69261
-3.65513
-3.61764
-3.57811
-3.53859
-3.49906
-3.45953
-3.41882
-3.37811
-3.33741
-3.29670
-3.25361
-3.21051
-3.16742
-3.12432
-3.07950
-3.03467
-2.98985
-2.94502
-2.89886
-2.85270
-2.80653
-2.76037
-2.71503
-2.66969
-2.62435
-2.57900
-2.53219
-2.48537
-2.43856
-2.39174
-2.34573
-2.29973
-2.25372
-2.20771
-2.16055
-2.11338
-2.06621
-2.01904
-1.97243
-1.92581
-1.87920
-1.83259
-1.78536
-1.73813
-1.69090
-1.64367
-1.59681
-1.54994
-1.50307
-1.45621
-1.40924
-1.36227
-1.31530
-1.26833
-1.22141
-1.17449
-1.12757
-1.08065
-1.03432
-0.98798
-0.94165
-0.89532
-0.84857
-0.80183
-0.75508
-0.70834
-0.66285
-0.61737
-0.57189
-0.52641
-0.47987
-0.43334
-0.38680
-0.34026
-0.29567
-0.25108
-0.20649
-0.16190
-0.11577
-0.06964
-0.02351
0.02262
0.06652
0.11041
0.15430
0.19819
0.24342
0.28866
0.33389
0.37912
0.42209
0.46505
0.50801
0.55098
0.59450
0.63802
0.68154
0.72506
0.76631
0.80755
0.84880
0.89004
0.93011
0.97018
1.01024
1.05031
1.08979
1.12928
1.16876
1.20824
1.24385
1.27945
1.31505
1.35065
1.38798
1.42530
1.46263
1.49996
-7.17866
-7.17866
-7.17866
-7.17866
-7.17866
-7.17866
-7.17866
-7.17866
-7.17866
-7.17866
-7.17866
-7.17866
-7.17866
-7.17866
-7.17866
-7.17866
-7.17866
-7.17866
-7.17866
-7.17866
-7.17866
-7.17866
-7.17866
-7.17866
-7.17866
-7.17866
-7.17866
-7.17866
-7.17866
-7.17866
-7.17866
-7.17866
-7.17866
-7.17866
-7.17866
-7.17866
-7.17866
-7.17866
-7.17866
-7.17866
-7.17866
-7.17866
-7.17866
-7.17866
-7.17866
-7.17866
-7.17866
-7.17866
-7.17866
-7.17866
-7.17866
-7.17866
-7.17866
-7.17866
-7.17866
-7.17866
-7.17866
-7.17866
-7.17866
-7.17866
-7.17866
-7.17866
-7.17866
-7.17866
-7.17866
-7.17866
-7.17866
-7.17866
-7.17866
-7.17866
-7.17866
-7.17866
-7.17866
-7.17866
-7.17866
-7.17866
-7.17866
-7.17866
-7.17866
-7.17866
-7.17866
-7.17866
-7.17866
-7.17866
-7.17866
-7.17866
-7.17866
-7.17866
-7.17866
-7.17866
-7.17866
-7.17866
-7.17866
-7.17866
-7.17866
-7.17866
-7.17866
-7.17866
-7.17866
-7.17866
-7.17866
-7.17866
-7.17866
-7.17866
-7.17866
-7.17866
-7.17866
-7.17866
-7.17866
-7.17866
-7.17866
-7.17866
-7.17866
-7.17866
-7.17866
-7.17866
-7.17866
-7.17866
-7.17866
-7.17866
-7.17866
-7.17866
-7.17866
-7.17866
-7.17866
-7.17866
-7.17866
-7.17866
-7.17866
-7.17866
-7.17866
-7.17866
-7.17866
-7.15886
-7.13906
-7.11926
-7.09946
-7.05047
-7.00147
-6.95248
-6.90349
-6.85502
-6.80655
-6.75809
-6.70962
-6.66204
-6.61447
-6.56689
-6.51931
-6.47189
-6.42447
-6.37705
-6.32963
-6.28454
-6.23945
-6.19436
-6.14927
-6.10352
-6.05777
-6.01202
-5.96627
-5.92429
-5.88232
-5.84035
-5.79838
-5.75466
-5.71093
-5.66721
-5.62348
-5.58446
-5.54544
-5.50642
-5.46740
-5.42665
-5.38590
-5.34514
-5.30439
-5.26746
-5.23053
-5.19361
-5.15668
-5.11995
-5.08322
-5.04649
-5.00976
-4.97537
-4.94097
-4.90658
-4.87219
-4.84215
-4.81211
-4.78207
-4.75203
-4.72080
-4.68958
-4.65836
-4.62714
-4.60509
-4.58305
-4.56101
-4.53897
-4.51269
-4.48641
-4.46013
-4.43385
-4.41628
-4.39871
-4.38114
-4.36357
-4.34220
-4.32082
-4.29945
-4.27808
-4.26167
-4.24527
-4.22887
-4.21247
-4.19409
-4.17571
-4.15734
-4.13896
-4.12092
-4.10288
-4.08484
-4.06680
-4.04836
-4.02993
-4.01149
-3.99306
-3.97288
-3.95271
-3.93254
-3.91237
-3.89221
-3.87204
-3.85187
-3.83170
-3.80737
-3.78303
-3.75870
-3.73436
-3.70677
-3.67918
-3.65159
-3.62399
-3.59228
-3.56057
-3.52886
-3.49715
-3.46348
-3.42981
-3.39614
-3.36247
-3.32466
-3.28686
-3.24905
-3.21124
-3.16991
-3.12857
-3.08723
-3.04589
-3.00195
-2.95800
-2.91406
-2.87011
-2.82583
-2.78155
-2.73727
-2.69299
-2.64710
-2.60121
-2.55532
-2.50943
-2.46351
-2.41760
-2.37168
-2.32576
-2.27895
-2.23214
-2.18533
-2.13851
-2.09169
-2.04487
-1.99805
-1.95123
-1.90420
-1.85718
-1.81015
-1.76312
-1.71586
-1.66860
-1.62135
-1.57409
-1.52718
-1.48027
-1.43336
-1.38645
-1.33895
-1.29144
-1.24394
-1.19643
-1.15004
-1.10365
-1.05725
-1.01086
-0.96357
-0.91628
-0.86899
-0.82170
-0.77596
-0.73023
-0.68449
-0.63876
-0.59198
-0.54519
-0.49841
-0.45163
-0.40671
-0.36179
-0.31687
-0.27196
-0.22608
-0.18020
-0.13432
-0.08845
-0.04416
0.00012
0.04441
0.08870
0.13336
0.17803
0.22269
0.26736
0.31102
0.35468
0.39834
0.44200
0.48503
0.52806
0.57109
0.61412
0.65681
0.69949
0.74218
0.78486
0.82480
0.86473
0.90467
0.94460
0.98620
1.02779
1.06939
1.11098
1.14662
1.18227
1.21791
1.25355
1.29233
1.33112
1.36991
1.40869
-7.40754
-7.40754
-7.40754
-7.40754
-7.40754
-7.40754
-7.40754
-7.40754
-7.40754
-7.40754
-7.40754
-7.40754
-7.40754
-7.40754
-7.40754
-7.40754
-7.40754
-7.40754
-7.40754
-7.40754
-7.40754
-7.40754
-7.40754
-7.40754
-7.40754
-7.40754
-7.40754
-7.40754
-7.40754
-7.40754
-7.40754
-7.40754
-7.40754
-7.40754
-7.40754
-7.40754
-7.40754
-7.40754
-7.40754
-7.40754
-7.40754
-7.40754
-7.40754
-7.40754
-7.40754
-7.40754
-7.40754
-7.40754
-7.40754
-7.40754
-7.40754
-7.40754
-7.40754
-7.40754
-7.40754
-7.40754
-7.40754
-7.40754
-7.40754
-7.40754
-7.40754
-7.40754
-7.40754
-7.40754
-7.40754
-7.40754
-7.40754
-7.40754
-7.40754
-7.40754
-7.40754
-7.40754
-7.40754
-7.40754
-7.40754
-7.40754
-7.40754
-7.40754
-7.40754
-7.40754
-7.40754
-7.40754
-7.40754
-7.40754
-7.40754
-7.40754
-7.40754
-7.40754
-7.40754
-7.40754
-7.40754
-7.40754
-7.40754
-7.40754
-7.40754
-7.40754
-7.40754
-7.40754
-7.40754
-7.40754
-7.40754
-7.40754
-7.40754
-7.40754
-7.40754
-7.40754
-7.40754
-7.40754
-7.40754
-7.40754
-7.40754
-7.40754
-7.40754
-7.40754
-7.40754
-7.40754
-7.40754
-7.40754
-7.40754
-7.40754
-7.40754
-7.40754
-7.40754
-7.40754
-7.40754
-7.40754
-7.40754
-7.40754
-7.40754
-7.40754
-7.40754
-7.40754
-7.40754
-7.39571
-7.38388
-7.37205
-7.36022
-7.31147
-7.26272
-7.21397
-7.16522
-7.11569
-7.06615
-7.01662
-6.96709
-6.91848
-6.86988
-6.82127
-6.77266
-6.72355
-6.67444
-6.62534
-6.57623
-6.52891
-6.48159
-6.43427
-6.38695
-6.33878
-6.29062
-6.24245
-6.19429
-6.14794
-6.10159
-6.05524
-6.00890
-5.96192
-5.91494
-5.86796
-5.82098
-5.77547
-5.72995
-5.68444
-5.63892
-5.59338
-5.54783
-5.50228
-5.45673
-5.41253
-5.36832
-5.32411
-5.27990
-5.23731
-5.19472
-5.15213
-5.10954
-5.06742
-5.02530
-4.98319
-4.94107
-4.90434
-4.86760
-4.83087
-4.79413
-4.75487
-4.71561
-4.67635
-4.63708
-4.60784
-4.57859
-4.54934
-4.52009
-4.48610
-4.45211
-4.41812
-4.38413
-4.35992
-4.33570
-4.31149
-4.28727
-4.25978
-4.23229
-4.20480
-4.17732
-4.15585
-4.13438
-4.11291
-4.09145
-4.07001
-4.04857
-4.02713
-4.00570
-3.98648
-3.96727
-3.94806
-3.92884
-3.91252
-3.89620
-3.87988
-3.86356
-3.84570
-3.82783
-3.80997
-3.79210
-3.77766
-3.76322
-3.74879
-3.73435
-3.71537
-3.69640
-3.67743
-3.65845
-3.63813
-3.61780
-3.59747
-3.57714
-3.55181
-3.52648
-3.50115
-3.47582
-3.44895
-3.42209
-3.39522
-3.36836
-3.33696
-3.30555
-3.27415
-3.24275
-3.20702
-3.17130
-3.13557
-3.09985
-3.06085
-3.02185
-2.98285
-2.94385
-2.90316
-2.86247
-2.82179
-2.78110
-2.73840
-2.69571
-2.65301
-2.61032
-2.56632
-2.52232
-2.47832
-2.43431
-2.38915
-2.34398
-2.29882
-2.25365
-2.20756
-2.16148
-2.11539
-2.06930
-2.02303
-1.97677
-1.93050
-1.88423
-1.83707
-1.78990
-1.74274
-1.69557
-1.64892
-1.60227
-1.55563
-1.50898
-1.46126
-1.41354
-1.36582
-1.31810
-1.27165
-1.22520
-1.17874
-1.13229
-1.08472
-1.03715
-0.98958
-0.94201
-0.89596
-0.84990
-0.80384
-0.75779
-0.71085
-0.66392
-0.61699
-0.57006
-0.52463
-0.47920
-0.43378
-0.38835
-0.34257
-0.29680
-0.25102
-0.20525
-0.16031
-0.11537
-0.07043
-0.02549
0.01892
0.06333
0.10775
0.15216
0.19671
0.24126
0.28581
0.33036
0.37323
0.41611
0.45898
0.50185
0.54582
0.58980
0.63377
0.67774
0.71790
0.75806
0.79822
0.83838
0.88141
0.92445
0.96749
1.01053
1.04685
1.08318
1.11950
1.15582
1.19557
1.23533
1.27508
1.31483
-7.67314
-7.67314
-7.67314
-7.67314
-7.67314
-7.67314
-7.67314
-7.67314
-7.67314
-7.67314
-7.67314
-7.67314
-7.67314
-7.67314
-7.67314
-7.67314
-7.67314
-7.67314
-7.67314
-7.67314
-7.67314
-7.67314
-7.67314
-7.67314
-7.67314
-7.67314
-7.67314
-7.67314
-7.67314
-7.67314
-7.67314
-7.67314
-7.67314
-7.67314
-7.67314
-7.67314
-7.67314
-7.67314
-7.67314
-7.67314
-7.67314
-7.67314
-7.67314
-7.67314
-7.67314
-7.67314
-7.67314
-7.67314
-7.67314
-7.67314
-7.67314
-7.67314
-7.67314
-7.67314
-7.67314
-7.67314
-7.67314
-7.67314
-7.67314
-7.67314
-7.67314
-7.67314
-7.67314
-7.67314
-7.67314
-7.67314
-7.67314
-7.67314
-7.67314
-7.67314
-7.67314
-7.67314
-7.67314
-7.67314
-7.67314
-7.67314
-7.67314
-7.67314
-7.67314
-7.67314
-7.67314
-7.67314
-7.67314
-7.67314
-7.67314
-7.67314
-7.67314
-7.67314
-7.67314
-7.67314
-7.67314
-7.67314
-7.67314
-7.67314
-7.67314
-7.67314
-7.67314
-7.67314
-7.67314
-7.67314
-7.67314
-7.67314
-7.67314
-7.67314
-7.67314
-7.67314
-7.67314
-7.67314
-7.67314
-7.67314
-7.67314
-7.67314
-7.67314
-7.67314
-7.67314
-7.67314
-7.67314
-7.67314
-7.67314
-7.67314
-7.67314
-7.67314
-7.67314
-7.67314
-7.67314
-7.67314
-7.67314
-7.67314
-7.67314
-7.67314
-7.67314
-7.67314
-7.67314
-7.66822
-7.66329
-7.65837
-7.65344
-7.60679
-7.56013
-7.51348
-7.46682
-7.41702
-7.36721
-7.31741
-7.26760
-7.21819
-7.16878
-7.11936
-7.06995
-7.02033
-6.97071
-6.92109
-6.87146
-6.82261
-6.77375
-6.72490
-6.67604
-6.62683
-6.57762
-6.52842
-6.47921
-6.43088
-6.38256
-6.33423
-6.28590
-6.23743
-6.18895
-6.14048
-6.09201
-6.04420
-5.99639
-5.94859
-5.90078
-5.85330
-5.80581
-5.75833
-5.71085
-5.66374
-5.61664
-5.56953
-5.52243
-5.47691
-5.43139
-5.38587
-5.34035
-5.29453
-5.24871
-5.20288
-5.15706
-5.11472
-5.07239
-5.03005
-4.98771
-4.94376
-4.89980
-4.85585
-4.81189
-4.77361
-4.73532
-4.69704
-4.65876
-4.61818
-4.57760
-4.53702
-4.49644
-4.46168
-4.42693
-4.39217
-4.35742
-4.32188
-4.28634
-4.25080
-4.21526
-4.18349
-4.15171
-4.11993
-4.08816
-4.05909
-4.03003
-4.00097
-3.97191
-3.94304
-3.91417
-3.88530
-3.85644
-3.83391
-3.81139
-3.78886
-3.76633
-3.74013
-3.71392
-3.68771
-3.66150
-3.64351
-3.62553
-3.60755
-3.58957
-3.56638
-3.54320
-3.52001
-3.49683
-3.47850
-3.46016
-3.44183
-3.42350
-3.40167
-3.37983
-3.35800
-3.33616
-3.31563
-3.29510
-3.27457
-3.25404
-3.23129
-3.20853
-3.18578
-3.16302
-3.13717
-3.11132
-3.08547
-3.05962
-3.03104
-3.00246
-2.97388
-2.94531
-2.91330
-2.88129
-2.84928
-2.81727
-2.78233
-2.74739
-2.71245
-2.67751
-2.63908
-2.60065
-2.56222
-2.52379
-2.48287
-2.44194
-2.40102
-2.36009
-2.31662
-2.27314
-2.22967
-2.18620
-2.14182
-2.09745
-2.05307
-2.00870
-1.96260
-1.91649
-1.87039
-1.82429
-1.77830
-1.73231
-1.68632
-1.64033
-1.59314
-1.54595
-1.49876
-1.45157
-1.40507
-1.35857
-1.31206
-1.26556
-1.21824
-1.17093
-1.12361
-1.07629
-1.02978
-0.98326
-0.93674
-0.89022
-0.84334
-0.79645
-0.74957
-0.70268
-0.65638
-0.61007
-0.56376
-0.51745
-0.47148
-0.42550
-0.37952
-0.33355
-0.28744
-0.24133
-0.19522
-0.14911
-0.10431
-0.05952
-0.01473
0.03007
0.07590
0.12174
0.16757
0.21340
0.25678
0.30016
0.34354
0.38691
0.43187
0.47682
0.52178
0.56673
0.60783
0.64893
0.69003
0.73112
0.77426
0.81740
0.86053
0.90367
0.94197
0.98026
1.01856
1.05686
1.09658
1.13630
1.17602
1.21575
-7.92713
-7.92713
-7.92713
-7.92713
-7.92713
-7.92713
-7.92713
-7.92713
-7.92713
-7.92713
-7.92713
-7.92713
-7.92713
-7.92713
-7.92713
-7.92713
-7.92713
-7.92713
-7.92713
-7.92713
-7.92713
-7.92713
-7.92713
-7.92713
-7.92713
-7.92713
-7.92713
-7.92713
-7.92713
-7.92713
-7.92713
-7.92713
-7.92713
-7.92713
-7.92713
-7.92713
-7.92713
-7.92713
-7.92713
-7.92713
-7.92713
-7.92713
-7.92713
-7.92713
-7.92713
-7.92713
-7.92713
-7.92713
-7.92713
-7.92713
-7.92713
-7.92713
-7.92713
-7.92713
-7.92713
-7.92713
-7.92713
-7.92713
-7.92713
-7.92713
-7.92713
-7.92713
-7.92713
-7.92713
-7.92713
-7.92713
-7.92713
-7.92713
-7.92713
-7.92713
-7.92713
-7.92713
-7.92713
-7.92713
-7.92713
-7.92713
-7.92713
-7.92713
-7.92713
-7.92713
-7.92713
-7.92713
-7.92713
-7.92713
-7.92713
-7.92713
-7.92713
-7.92713
-7.92713
-7.92713
-7.92713
-7.92713
-7.92713
-7.92713
-7.92713
-7.92713
-7.92713
-7.92713
-7.92713
-7.92713
-7.92713
-7.92713
-7.92713
-7.92713
-7.92713
-7.92713
-7.92713
-7.92713
-7.92713
-7.92713
-7.92713
-7.92713
-7.92713
-7.92713
-7.92713
-7.92713
-7.92713
-7.92713
-7.92713
-7.92713
-7.92713
-7.92713
-7.92713
-7.92713
-7.92713
-7.92713
-7.92713
-7.92713
-7.92713
-7.92713
-7.92713
-7.92713
-7.92713
-7.92713
-7.92713
-7.92713
-7.92713
-7.88466
-7.84219
-7.79971
-7.75724
-7.70724
-7.65723
-7.60723
-7.55723
-7.50724
-7.45724
-7.40725
-7.35725
-7.30726
-7.25726
-7.20726
-7.15726
-7.10730
-7.05734
-7.00737
-6.95741
-6.90745
-6.85749
-6.80753
-6.75757
-6.70779
-6.65801
-6.60823
-6.55845
-6.50882
-6.45918
-6.40955
-6.35991
-6.31037
-6.26083
-6.21128
-6.16174
-6.11271
-6.06368
-6.01464
-5.96561
-5.91632
-5.86702
-5.81773
-5.76843
-5.72050
-5.67256
-5.62462
-5.57669
-5.52803
-5.47936
-5.43070
-5.38204
-5.33523
-5.28843
-5.24162
-5.19481
-5.14721
-5.09960
-5.05199
-5.00438
-4.95899
-4.91361
-4.86822
-4.82283
-4.77705
-4.73127
-4.68548
-4.63970
-4.59646
-4.55323
-4.50999
-4.46675
-4.42460
-4.38245
-4.34030
-4.29814
-4.25764
-4.21714
-4.17664
-4.13614
-4.10012
-4.06409
-4.02807
-3.99204
-3.95465
-3.91726
-3.87986
-3.84247
-3.81332
-3.78417
-3.75502
-3.72588
-3.69204
-3.65820
-3.62436
-3.59053
-3.56747
-3.54441
-3.52135
-3.49829
-3.47040
-3.44252
-3.41463
-3.38675
-3.36735
-3.34795
-3.32854
-3.30914
-3.28814
-3.26715
-3.24615
-3.22515
-3.20705
-3.18895
-3.17085
-3.15274
-3.13514
-3.11754
-3.09993
-3.08233
-3.06237
-3.04242
-3.02246
-3.00251
-2.98195
-2.96139
-2.94084
-2.92028
-2.89492
-2.86957
-2.84421
-2.81885
-2.79148
-2.76411
-2.73674
-2.70937
-2.67692
-2.64448
-2.61204
-2.57960
-2.54408
-2.50856
-2.47304
-2.43752
-2.39814
-2.35877
-2.31939
-2.28001
-2.23880
-2.19760
-2.15639
-2.11519
-2.07136
-2.02753
-1.98370
-1.93988
-1.89535
-1.85082
-1.80629
-1.76176
-1.71571
-1.66967
-1.62363
-1.57759
-1.53144
-1.48529
-1.43914
-1.39299
-1.34618
-1.29937
-1.25256
-1.20575
-1.15897
-1.11219
-1.06541
-1.01863
-0.97189
-0.92515
-0.87842
-0.83168
-0.78466
-0.73765
-0.69063
-0.64362
-0.59749
-0.55137
-0.50525
-0.45912
-0.41210
-0.36508
-0.31806
-0.27104
-0.22584
-0.18063
-0.13543
-0.09022
-0.04346
0.00329
0.05005
0.09681
0.14081
0.18480
0.22880
0.27280
0.31845
0.36411
0.40977
0.45542
0.49757
0.53971
0.58185
0.62399
0.66717
0.71036
0.75354
0.79672
0.83693
0.87714
0.91735
0.95756
0.99727
1.03697
1.07668
1.11638
-8.15217
-8.15217
-8.15217
-8.15217
-8.15217
-8.15217
-8.15217
-8.15217
-8.15217
-8.15217
-8.15217
-8.15217
-8.15217
-8.15217
-8.15217
-8.15217
-8.15217
-8.15217
-8.15217
-8.15217
-8.15217
-8.15217
-8.15217
-8.15217
-8.15217
-8.15217
-8.15217
-8.15217
-8.15217
-8.15217
-8.15217
-8.15217
-8.15217
-8.15217
-8.15217
-8.15217
-8.15217
-8.15217
-8.15217
-8.15217
-8.15217
-8.15217
-8.15217
-8.15217
-8.15217
-8.15217
-8.15217
-8.15217
-8.15217
-8.15217
-8.15217
-8.15217
-8.15217
-8.15217
-8.15217
-8.15217
-8.15217
-8.15217
-8.15217
-8.15217
-8.15217
-8.15217
-8.15217
-8.15217
-8.15217
-8.15217
-8.15217
-8.15217
-8.15217
-8.15217
-8.15217
-8.15217
-8.15217
-8.15217
-8.15217
-8.15217
-8.15217
-8.15217
-8.15217
-8.15217
-8.15217
-8.15217
-8.15217
-8.15217
-8.15217
-8.15217
-8.15217
-8.15217
-8.15217
-8.15217
-8.15217
-8.15217
-8.15217
-8.15217
-8.15217
-8.15217
-8.15217
-8.15217
-8.15217
-8.15217
-8.15217
-8.15217
-8.15217
-8.15217
-8.15217
-8.15217
-8.15217
-8.15217
-8.15217
-8.15217
-8.15217
-8.15217
-8.15217
-8.15217
-8.15217
-8.15217
-8.15217
-8.15217
-8.15217
-8.15217
-8.15217
-8.15217
-8.15217
-8.15217
-8.15217
-8.15217
-8.15217
-8.15217
-8.15217
-8.15217
-8.15217
-8.15217
-8.15217
-8.15217
-8.15217
-8.15217
-8.15217
-8.11908
-8.08598
-8.05288
-8.01978
-7.96977
-7.91977
-7.86976
-7.81975
-7.76974
-7.71972
-7.66970
-7.61968
-7.56965
-7.51962
-7.46958
-7.41955
-7.36955
-7.31954
-7.26953
-7.21953
-7.16954
-7.11956
-7.06958
-7.01959
-6.96967
-6.91975
-6.86982
-6.81990
-6.76994
-6.71997
-6.67001
-6.62005
-6.57015
-6.52026
-6.47037
-6.42047
-6.37085
-6.32123
-6.27161
-6.22199
-6.17227
-6.12255
-6.07284
-6.02312
-5.97403
-5.92495
-5.87587
-5.82679
-5.77744
-5.72810
-5.67875
-5.62941
-5.58096
-5.53251
-5.48406
-5.43561
-5.38694
-5.33827
-5.28960
-5.24094
-5.19325
-5.14557
-5.09788
-5.05020
-5.00267
-4.95515
-4.90762
-4.86010
-4.81351
-4.76691
-4.72032
-4.67373
-4.62854
-4.58335
-4.53817
-4.49298
-4.44771
-4.40243
-4.35716
-4.31189
-4.27054
-4.22919
-4.18785
-4.14650
-4.10340
-4.06030
-4.01720
-3.97410
-3.93729
-3.90048
-3.86366
-3.82685
-3.78717
-3.74749
-3.70780
-3.66812
-3.63617
-3.60422
-3.57227
-3.54031
-3.50651
-3.47271
-3.43891
-3.40511
-3.37699
-3.34888
-3.32076
-3.29265
-3.26587
-3.23909
-3.21231
-3.18552
-3.16011
-3.13471
-3.10930
-3.08389
-3.06272
-3.04155
-3.02038
-2.99922
-2.97525
-2.95128
-2.92731
-2.90333
-2.88482
-2.86631
-2.84779
-2.82928
-2.80552
-2.78175
-2.75798
-2.73421
-2.71396
-2.69371
-2.67346
-2.65320
-2.62778
-2.60236
-2.57694
-2.55152
-2.52431
-2.49710
-2.46989
-2.44268
-2.41109
-2.37949
-2.34789
-2.31630
-2.28145
-2.24659
-2.21174
-2.17689
-2.13835
-2.09981
-2.06128
-2.02274
-1.98167
-1.94061
-1.89954
-1.85848
-1.81511
-1.77175
-1.72839
-1.68502
-1.64023
-1.59545
-1.55066
-1.50588
-1.46020
-1.41453
-1.36885
-1.32318
-1.27664
-1.23009
-1.18355
-1.13700
-1.09066
-1.04431
-0.99797
-0.95162
-0.90433
-0.85704
-0.80975
-0.76247
-0.71632
-0.67018
-0.62404
-0.57790
-0.53062
-0.48335
-0.43607
-0.38879
-0.34309
-0.29740
-0.25171
-0.20601
-0.15923
-0.11244
-0.06566
-0.01888
0.02602
0.07092
0.11581
0.16071
0.20637
0.25204
0.29770
0.34336
0.38682
0.43027
0.47372
0.51717
0.56026
0.60335
0.64644
0.68953
0.73151
0.77349
0.81547
0.85744
0.89716
0.93688
0.97660
1.01632
-8.37337
-8.37337
-8.37337
-8.37337
-8.37337
-8.37337
-8.37337
-8.37337
-8.37337
-8.37337
-8.37337
-8.37337
-8.37337
-8.37337
-8.37337
-8.37337
-8.37337
-8.37337
-8.37337
-8.37337
-8.37337
-8.37337
-8.37337
-8.37337
-8.37337
-8.37337
-8.37337
-8.37337
-8.37337
-8.37337
-8.37337
-8.37337
-8.37337
-8.37337
-8.37337
-8.37337
-8.37337
-8.37337
-8.37337
-8.37337
-8.37337
-8.37337
-8.37337
-8.37337
-8.37337
-8.37337
-8.37337
-8.37337
-8.37337
-8.37337
-8.37337
-8.37337
-8.37337
-8.37337
-8.37337
-8.37337
-8.37337
-8.37337
-8.37337
-8.37337
-8.37337
-8.37337
-8.37337
-8.37337
-8.37337
-8.37337
-8.37337
-8.37337
-8.37337
-8.37337
-8.37337
-8.37337
-8.37337
-8.37337
-8.37337
-8.37337
-8.37337
-8.37337
-8.37337
-8.37337
-8.37337
-8.37337
-8.37337
-8.37337
-8.37337
-8.37337
-8.37337
-8.37337
-8.37337
-8.37337
-8.37337
-8.37337
-8.37337
-8.37337
-8.37337
-8.37337
-8.37337
-8.37337
-8.37337
-8.37337
-8.37337
-8.37337
-8.37337
-8.37337
-8.37337
-8.37337
-8.37337
-8.37337
-8.37337
-8.37337
-8.37337
-8.37337
-8.37337
-8.37337
-8.37337
-8.37337
-8.37337
-8.37337
-8.37337
-8.37337
-8.37337
-8.37337
-8.37337
-8.37337
-8.37337
-8.37337
-8.37337
-8.37337
-8.37337
-8.37337
-8.37337
-8.37337
-8.37337
-8.37337
-8.37337
-8.37337
-8.37337
-8.34967
-8.32597
-8.30227
-8.27857
-8.22862
-8.17868
-8.12874
-8.07880
-8.02881
-7.97883
-7.92884
-7.87886
-7.82882
-7.77878
-7.72873
-7.67869
-7.62867
-7.57865
-7.52863
-7.47860
-7.42849
-7.37839
-7.32828
-7.27817
-7.22809
-7.17802
-7.12794
-7.07786
-7.02765
-6.97744
-6.92723
-6.87703
-6.82688
-6.77674
-6.72660
-6.67646
-6.62643
-6.57640
-6.52637
-6.47634
-6.42632
-6.37631
-6.32629
-6.27627
-6.22647
-6.17667
-6.12688
-6.07708
-6.02731
-5.97753
-5.92776
-5.87799
-5.82849
-5.77900
-5.72950
-5.68001
-5.63062
-5.58123
-5.53185
-5.48246
-5.43327
-5.38409
-5.33491
-5.28572
-5.23691
-5.18809
-5.13927
-5.09045
-5.04164
-4.99283
-4.94403
-4.89522
-4.84777
-4.80032
-4.75288
-4.70543
-4.65717
-4.60890
-4.56064
-4.51238
-4.46698
-4.42159
-4.37619
-4.33079
-4.28392
-4.23705
-4.19018
-4.14331
-4.10061
-4.05790
-4.01520
-3.97250
-3.92853
-3.88457
-3.84060
-3.79664
-3.75726
-3.71788
-3.67851
-3.63913
-3.59994
-3.56074
-3.52155
-3.48236
-3.44621
-3.41006
-3.37392
-3.33777
-3.30510
-3.27243
-3.23975
-3.20708
-3.17400
-3.14091
-3.10783
-3.07475
-3.04892
-3.02309
-2.99726
-2.97143
-2.94209
-2.91276
-2.88342
-2.85408
-2.83373
-2.81338
-2.79303
-2.77268
-2.74751
-2.72234
-2.69716
-2.67199
-2.65339
-2.63478
-2.61618
-2.59758
-2.57522
-2.55285
-2.53049
-2.50813
-2.48554
-2.46295
-2.44036
-2.41776
-2.39237
-2.36698
-2.34159
-2.31619
-2.28712
-2.25805
-2.22898
-2.19990
-2.16779
-2.13568
-2.10357
-2.07146
-2.03539
-1.99933
-1.96326
-1.92720
-1.88847
-1.84973
-1.81100
-1.77227
-1.73058
-1.68889
-1.64720
-1.60551
-1.56236
-1.51922
-1.47607
-1.43292
-1.38778
-1.34264
-1.29751
-1.25237
-1.20711
-1.16186
-1.11660
-1.07134
-1.02455
-0.97776
-0.93097
-0.88418
-0.83825
-0.79233
-0.74640
-0.70048
-0.65336
-0.60624
-0.55912
-0.51200
-0.46589
-0.41978
-0.37366
-0.32755
-0.28077
-0.23400
-0.18723
-0.14045
-0.09463
-0.04881
-0.00300
0.04282
0.08868
0.13454
0.18040
0.22626
0.27116
0.31605
0.36095
0.40585
0.44912
0.49240
0.53567
0.57895
0.62269
0.66644
0.71018
0.75392
0.79401
0.83410
0.87419
0.91428
-8.58997
-8.58997
-8.58997
-8.58997
-8.58997
-8.58997
-8.58997
-8.58997
-8.58997
-8.58997
-8.58997
-8.58997
-8.58997
-8.58997
-8.58997
-8.58997
-8.58997
-8.58997
-8.58997
-8.58997
-8.58997
-8.58997
-8.58997
-8.58997
-8.58997
-8.58997
-8.58997
-8.58997
-8.58997
-8.58997
-8.58997
-8.58997
-8.58997
-8.58997
-8.58997
-8.58997
-8.58997
-8.58997
-8.58997
-8.58997
-8.58997
-8.58997
-8.58997
-8.58997
-8.58997
-8.58997
-8.58997
-8.58997
-8.58997
-8.58997
-8.58997
-8.58997
-8.58997
-8.58997
-8.58997
-8.58997
-8.58997
-8.58997
-8.58997
-8.58997
-8.58997
-8.58997
-8.58997
-8.58997
-8.58997
-8.58997
-8.58997
-8.58997
-8.58997
-8.58997
-8.58997
-8.58997
-8.58997
-8.58997
-8.58997
-8.58997
-8.58997
-8.58997
-8.58997
-8.58997
-8.58997
-8.58997
-8.58997
-8.58997
-8.58997
-8.58997
-8.58997
-8.58997
-8.58997
-8.58997
-8.58997
-8.58997
-8.58997
-8.58997
-8.58997
-8.58997
-8.58997
-8.58997
-8.58997
-8.58997
-8.58997
-8.58997
-8.58997
-8.58997
-8.58997
-8.58997
-8.58997
-8.58997
-8.58997
-8.58997
-8.58997
-8.58997
-8.58997
-8.58997
-8.58997
-8.58997
-8.58997
-8.58997
-8.58997
-8.58997
-8.58997
-8.58997
-8.58997
-8.58997
-8.58997
-8.58997
-8.58997
-8.58997
-8.58997
-8.58997
-8.58997
-8.58997
-8.58997
-8.58997
-8.58997
-8.58997
-8.58997
-8.57570
-8.56142
-8.54714
-8.53287
-8.48307
-8.43328
-8.38349
-8.33369
-8.28381
-8.23393
-8.18404
-8.13416
-8.08414
-8.03412
-7.98411
-7.93409
-7.88408
-7.83407
-7.78405
-7.73404
-7.68369
-7.63335
-7.58300
-7.53265
-7.48240
-7.43215
-7.38190
-7.33165
-7.28130
-7.23095
-7.18059
-7.13024
-7.07997
-7.02970
-6.97943
-6.92916
-6.87894
-6.82872
-6.77850
-6.72828
-6.67811
-6.62794
-6.57776
-6.52759
-6.47759
-6.42760
-6.37760
-6.32760
-6.27770
-6.22781
-6.17791
-6.12802
-6.07819
-6.02837
-5.97854
-5.92872
-5.87902
-5.82931
-5.77961
-5.72990
-5.68017
-5.63044
-5.58071
-5.53098
-5.48140
-5.43182
-5.38224
-5.33266
-5.28300
-5.23334
-5.18368
-5.13402
-5.08523
-5.03645
-4.98767
-4.93889
-4.88976
-4.84064
-4.79151
-4.74239
-4.69446
-4.64653
-4.59860
-4.55067
-4.50233
-4.45399
-4.40565
-4.35732
-4.31084
-4.26436
-4.21788
-4.17141
-4.12502
-4.07864
-4.03225
-3.98587
-3.94082
-3.89577
-3.85072
-3.80566
-3.76170
-3.71774
-3.67378
-3.62982
-3.58646
-3.54309
-3.49973
-3.45636
-3.41767
-3.37898
-3.34029
-3.30160
-3.26040
-3.21920
-3.17801
-3.13681
-3.10501
-3.07322
-3.04142
-3.00962
-2.97330
-2.93699
-2.90067
-2.86435
-2.83754
-2.81073
-2.78392
-2.75710
-2.72695
-2.69679
-2.66664
-2.63648
-2.61301
-2.58953
-2.56606
-2.54259
-2.51856
-2.49454
-2.47052
-2.44650
-2.42412
-2.40174
-2.37936
-2.35698
-2.33591
-2.31484
-2.29377
-2.27269
-2.24872
-2.22474
-2.20076
-2.17679
-2.15246
-2.12813
-2.10380
-2.07947
-2.05023
-2.02099
-1.99175
-1.96251
-1.93075
-1.89899
-1.86723
-1.83547
-1.79894
-1.76241
-1.72588
-1.68935
-1.65039
-1.61142
-1.57245
-1.53349
-1.49116
-1.44883
-1.40649
-1.36416
-1.32082
-1.27748
-1.23414
-1.19080
-1.14543
-1.10005
-1.05468
-1.00931
-0.96387
-0.91844
-0.87301
-0.82758
-0.78111
-0.73465
-0.68819
-0.64173
-0.59528
-0.54884
-0.50239
-0.45594
-0.40922
-0.36249
-0.31577
-0.26904
-0.22228
-0.17552
-0.12875
-0.08199
-0.03571
0.01058
0.05686
0.10314
0.14964
0.19614
0.24264
0.28915
0.33294
0.37673
0.42052
0.46431
0.50982
0.55533
0.60084
0.64635
0.68723
0.72811
0.76899
0.80988
-8.78375
-8.78375
-8.78375
-8.78375
-8.78375
-8.78375
-8.78375
-8.78375
-8.78375
-8.78375
-8.78375
-8.78375
-8.78375
-8.78375
-8.78375
-8.78375
-8.78375
-8.78375
-8.78375
-8.78375
-8.78375
-8.78375
-8.78375
-8.78375
-8.78375
-8.78375
-8.78375
-8.78375
-8.78375
-8.78375
-8.78375
-8.78375
-8.78375
-8.78375
-8.78375
-8.78375
-8.78375
-8.78375
-8.78375
-8.78375
-8.78375
-8.78375
-8.78375
-8.78375
-8.78375
-8.78375
-8.78375
-8.78375
-8.78375
-8.78375
-8.78375
-8.78375
-8.78375
-8.78375
-8.78375
-8.78375
-8.78375
-8.78375
-8.78375
-8.78375
-8.78375
-8.78375
-8.78375
-8.78375
-8.78375
-8.78375
-8.78375
-8.78375
-8.78375
-8.78375
-8.78375
-8.78375
-8.78375
-8.78375
-8.78375
-8.78375
-8.78375
-8.78375
-8.78375
-8.78375
-8.78375
-8.78375
-8.78375
-8.78375
-8.78375
-8.78375
-8.78375
-8.78375
-8.78375
-8.78375
-8.78375
-8.78375
-8.78375
-8.78375
-8.78375
-8.78375
-8.78375
-8.78375
-8.78375
-8.78375
-8.78375
-8.78375
-8.78375
-8.78375
-8.78375
-8.78375
-8.78375
-8.78375
-8.78375
-8.78375
-8.78375
-8.78375
-8.78375
-8.78375
-8.78375
-8.78375
-8.78375
-8.78375
-8.78375
-8.78375
-8.78375
-8.78375
-8.78375
-8.78375
-8.78375
-8.78375
-8.78375
-8.78375
-8.78375
-8.78375
-8.78375
-8.78375
-8.78375
-8.78375
-8.78375
-8.78375
-8.78375
-8.77792
-8.77209
-8.76625
-8.76042
-8.71140
-8.66238
-8.61336
-8.56434
-8.51439
-8.46443
-8.41447
-8.36452
-8.31439
-8.26426
-8.21413
-8.16400
-8.11389
-8.06378
-8.01368
-7.96357
-7.91328
-7.86299
-7.81269
-7.76240
-7.71218
-7.66197
-7.61175
-7.56153
-7.51127
-7.46100
-7.41073
-7.36047
-7.31024
-7.26001
-7.20978
-7.15956
-7.10938
-7.05921
-7.00904
-6.95886
-6.90875
-6.85863
-6.80852
-6.75840
-6.70836
-6.65831
-6.60827
-6.55822
-6.50817
-6.45811
-6.40806
-6.35800
-6.30800
-6.25799
-6.20798
-6.15798
-6.10805
-6.05812
-6.00819
-5.95826
-5.90831
-5.85836
-5.80841
-5.75846
-5.70869
-5.65892
-5.60916
-5.55939
-5.50956
-5.45974
-5.40991
-5.36008
-5.31056
-5.26104
-5.21151
-5.16199
-5.11232
-5.06265
-5.01298
-4.96331
-4.91413
-4.86496
-4.81579
-4.76661
-4.71741
-4.66821
-4.61900
-4.56980
-4.52134
-4.47289
-4.42443
-4.37598
-4.32795
-4.27992
-4.23190
-4.18387
-4.13607
-4.08828
-4.04048
-3.99268
-3.94621
-3.89973
-3.85325
-3.80677
-3.75994
-3.71311
-3.66628
-3.61944
-3.57666
-3.53388
-3.49110
-3.44831
-3.40347
-3.35863
-3.31378
-3.26894
-3.23106
-3.19319
-3.15531
-3.11743
-3.07688
-3.03633
-2.99578
-2.95523
-2.92188
-2.88853
-2.85518
-2.82183
-2.78782
-2.75380
-2.71979
-2.68578
-2.65622
-2.62667
-2.59712
-2.56757
-2.54069
-2.51380
-2.48692
-2.46004
-2.43327
-2.40651
-2.37975
-2.35299
-2.33129
-2.30959
-2.28790
-2.26620
-2.24057
-2.21495
-2.18932
-2.16369
-2.14233
-2.12098
-2.09962
-2.07827
-2.05151
-2.02475
-1.99800
-1.97124
-1.94434
-1.91745
-1.89055
-1.86365
-1.83187
-1.80009
-1.76832
-1.73654
-1.70203
-1.66752
-1.63301
-1.59851
-1.56015
-1.52180
-1.48344
-1.44508
-1.40449
-1.36390
-1.32330
-1.28271
-1.23961
-1.19651
-1.15341
-1.11031
-1.06603
-1.02175
-0.97747
-0.93319
-0.88783
-0.84248
-0.79712
-0.75177
-0.70556
-0.65935
-0.61314
-0.56693
-0.52065
-0.47437
-0.42809
-0.38180
-0.33472
-0.28764
-0.24056
-0.19348
-0.14731
-0.10114
-0.05497
-0.00880
0.03828
0.08537
0.13245
0.17953
0.22380
0.26806
0.31232
0.35659
0.40247
0.44835
0.49423
0.54010
0.58221
0.62432
0.66642
0.70853
-8.97071
-8.97071
-8.97071
-8.97071
-8.97071
-8.97071
-8.97071
-8.97071
-8.97071
-8.97071
-8.97071
-8.97071
-8.97071
-8.97071
-8.97071
-8.97071
-8.97071
-8.97071
-8.97071
-8.97071
-8.97071
-8.97071
-8.97071
-8.97071
-8.97071
-8.97071
-8.97071
-8.97071
-8.97071
-8.97071
-8.97071
-8.97071
-8.97071
-8.97071
-8.97071
-8.97071
-8.97071
-8.97071
-8.97071
-8.97071
-8.97071
-8.97071
-8.97071
-8.97071
-8.97071
-8.97071
-8.97071
-8.97071
-8.97071
-8.97071
-8.97071
-8.97071
-8.97071
-8.97071
-8.97071
-8.97071
-8.97071
-8.97071
-8.97071
-8.97071
-8.97071
-8.97071
-8.97071
-8.97071
-8.97071
-8.97071
-8.97071
-8.97071
-8.97071
-8.97071
-8.97071
-8.97071
-8.97071
-8.97071
-8.97071
-8.97071
-8.97071
-8.97071
-8.97071
-8.97071
-8.97071
-8.97071
-8.97071
-8.97071
-8.97071
-8.97071
-8.97071
-8.97071
-8.97071
-8.97071
-8.97071
-8.97071
-8.97071
-8.97071
-8.97071
-8.97071
-8.97071
-8.97071
-8.97071
-8.97071
-8.97071
-8.97071
-8.97071
-8.97071
-8.97071
-8.97071
-8.97071
-8.97071
-8.97071
-8.97071
-8.97071
-8.97071
-8.97071
-8.97071
-8.97071
-8.97071
-8.97071
-8.97071
-8.97071
-8.97071
-8.97071
-8.97071
-8.97071
-8.97071
-8.97071
-8.97071
-8.97071
-8.97071
-8.97071
-8.97071
-8.97071
-8.97071
-8.97071
-8.97071
-8.97071
-8.97071
-8.97071
-8.97071
-8.97071
-8.97071
-8.97071
-8.92502
-8.87933
-8.83364
-8.78795
-8.73786
-8.68778
-8.63770
-8.58762
-8.53742
-8.48722
-8.43701
-8.38681
-8.33666
-8.28651
-8.23636
-8.18620
-8.13602
-8.08583
-8.03565
-7.98546
-7.93528
-7.88511
-7.83493
-7.78475
-7.73457
-7.68438
-7.63419
-7.58401
-7.53376
-7.48352
-7.43328
-7.38303
-7.33289
-7.28274
-7.23260
-7.18245
-7.13241
-7.08236
-7.03231
-6.98226
-6.93221
-6.88216
-6.83211
-6.78206
-6.73188
-6.68170
-6.63152
-6.58134
-6.53122
-6.48110
-6.43098
-6.38086
-6.33080
-6.28074
-6.23067
-6.18061
-6.13057
-6.08054
-6.03050
-5.98047
-5.93062
-5.88077
-5.83092
-5.78107
-5.73119
-5.68132
-5.63145
-5.58157
-5.53159
-5.48161
-5.43163
-5.38165
-5.33161
-5.28157
-5.23153
-5.18149
-5.13161
-5.08173
-5.03185
-4.98197
-4.93223
-4.88249
-4.83275
-4.78301
-4.73339
-4.68378
-4.63416
-4.58454
-4.53534
-4.48613
-4.43693
-4.38772
-4.33837
-4.28901
-4.23965
-4.19029
-4.14211
-4.09392
-4.04573
-3.99754
-3.94873
-3.89991
-3.85109
-3.80227
-3.75618
-3.71008
-3.66398
-3.61788
-3.57075
-3.52361
-3.47648
-3.42934
-3.38604
-3.34274
-3.29944
-3.25614
-3.21234
-3.16854
-3.12475
-3.08095
-3.04138
-3.00182
-2.96225
-2.92268
-2.88487
-2.84706
-2.80924
-2.77143
-2.73541
-2.69938
-2.66336
-2.62734
-2.59676
-2.56618
-2.53560
-2.50502
-2.47235
-2.43967
-2.40700
-2.37433
-2.35010
-2.32587
-2.30164
-2.27742
-2.24825
-2.21909
-2.18993
-2.16077
-2.13953
-2.11830
-2.09707
-2.07584
-2.04966
-2.02347
-1.99729
-1.97111
-1.94710
-1.92309
-1.89908
-1.87507
-1.84728
-1.81949
-1.79171
-1.76392
-1.73352
-1.70311
-1.67271
-1.64230
-1.60850
-1.57469
-1.54088
-1.50707
-1.46985
-1.43262
-1.39540
-1.35817
-1.31822
-1.27828
-1.23833
-1.19838
-1.15597
-1.11355
-1.07114
-1.02873
-0.98500
-0.94127
-0.89754
-0.85382
-0.80836
-0.76290
-0.71744
-0.67197
-0.62636
-0.58075
-0.53514
-0.48952
-0.44251
-0.39550
-0.34849
-0.30148
-0.25546
-0.20943
-0.16341
-0.11739
-0.07013
-0.02287
0.02439
0.07165
0.11648
0.16131
0.20614
0.25098
0.29686
0.34274
0.38862
0.43450
0.47785
0.52121
0.56456
0.60791
-9.15490
-9.15490
-9.15490
-9.15490
-9.15490
-9.15490
-9.15490
-9.15490
-9.15490
-9.15490
-9.15490
-9.15490
-9.15490
-9.15490
-9.15490
-9.15490
-9.15490
-9.15490
-9.15490
-9.15490
-9.15490
-9.15490
-9.15490
-9.15490
-9.15490
-9.15490
-9.15490
-9.15490
-9.15490
-9.15490
-9.15490
-9.15490
-9.15490
-9.15490
-9.15490
-9.15490
-9.15490
-9.15490
-9.15490
-9.15490
-9.15490
-9.15490
-9.15490
-9.15490
-9.15490
-9.15490
-9.15490
-9.15490
-9.15490
-9.15490
-9.15490
-9.15490
-9.15490
-9.15490
-9.15490
-9.15490
-9.15490
-9.15490
-9.15490
-9.15490
-9.15490
-9.15490
-9.15490
-9.15490
-9.15490
-9.15490
-9.15490
-9.15490
-9.15490
-9.15490
-9.15490
-9.15490
-9.15490
-9.15490
-9.15490
-9.15490
-9.15490
-9.15490
-9.15490
-9.15490
-9.15490
-9.15490
-9.15490
-9.15490
-9.15490
-9.15490
-9.15490
-9.15490
-9.15490
-9.15490
-9.15490
-9.15490
-9.15490
-9.15490
-9.15490
-9.15490
-9.15490
-9.15490
-9.15490
-9.15490
-9.15490
-9.15490
-9.15490
-9.15490
-9.15490
-9.15490
-9.15490
-9.15490
-9.15490
-9.15490
-9.15490
-9.15490
-9.15490
-9.15490
-9.15490
-9.15490
-9.15490
-9.15490
-9.15490
-9.15490
-9.15490
-9.15490
-9.15490
-9.15490
-9.15490
-9.15490
-9.15490
-9.15490
-9.15490
-9.15490
-9.15490
-9.15490
-9.15490
-9.15490
-9.15490
-9.15490
-9.15490
-9.15490
-9.15490
-9.15490
-9.15490
-9.11844
-9.08199
-9.04553
-9.00908
-8.95885
-8.90863
-8.85840
-8.80818
-8.75809
-8.70799
-8.65790
-8.60781
-8.55780
-8.50779
-8.45777
-8.40776
-8.35763
-8.30750
-8.25737
-8.20724
-8.15699
-8.10674
-8.05650
-8.00625
-7.95599
-7.90573
-7.85547
-7.80521
-7.75470
-7.70420
-7.65369
-7.60318
-7.55286
-7.50255
-7.45224
-7.40192
-7.35184
-7.30176
-7.25169
-7.20161
-7.15156
-7.10150
-7.05145
-7.00140
-6.95120
-6.90100
-6.85079
-6.80059
-6.75044
-6.70029
-6.65014
-6.59999
-6.54997
-6.49994
-6.44992
-6.39989
-6.34990
-6.29991
-6.24992
-6.19992
-6.14990
-6.09987
-6.04985
-5.99982
-5.94977
-5.89972
-5.84967
-5.79962
-5.74951
-5.69941
-5.64931
-5.59921
-5.54903
-5.49886
-5.44869
-5.39852
-5.34847
-5.29841
-5.24836
-5.19830
-5.14847
-5.09863
-5.04879
-4.99896
-4.94908
-4.89920
-4.84932
-4.79945
-4.74974
-4.70003
-4.65032
-4.60061
-4.55081
-4.50101
-4.45120
-4.40140
-4.35212
-4.30283
-4.25354
-4.20426
-4.15479
-4.10533
-4.05587
-4.00640
-3.95772
-3.90903
-3.86035
-3.81167
-3.76283
-3.71400
-3.66517
-3.61634
-3.56930
-3.52226
-3.47522
-3.42819
-3.38187
-3.33555
-3.28923
-3.24291
-3.19798
-3.15304
-3.10811
-3.06317
-3.02101
-2.97885
-2.93669
-2.89453
-2.85181
-2.80909
-2.76637
-2.72365
-2.68806
-2.65246
-2.61687
-2.58127
-2.54175
-2.50223
-2.46271
-2.42319
-2.39477
-2.36635
-2.33793
-2.30951
-2.27632
-2.24313
-2.20994
-2.17675
-2.15157
-2.12639
-2.10121
-2.07603
-2.04840
-2.02077
-1.99313
-1.96550
-1.94080
-1.91609
-1.89138
-1.86668
-1.84127
-1.81587
-1.79047
-1.76506
-1.73771
-1.71037
-1.68302
-1.65567
-1.62711
-1.59855
-1.56998
-1.54142
-1.50858
-1.47574
-1.44290
-1.41006
-1.37489
-1.33973
-1.30456
-1.26939
-1.23021
-1.19103
-1.15184
-1.11266
-1.07157
-1.03048
-0.98939
-0.94830
-0.90449
-0.86068
-0.81687
-0.77306
-0.72843
-0.68380
-0.63917
-0.59455
-0.54817
-0.50179
-0.45541
-0.40904
-0.36292
-0.31681
-0.27070
-0.22459
-0.17753
-0.13047
-0.08341
-0.03635
0.00932
0.05498
0.10064
0.14631
0.19214
0.23798
0.28382
0.32965
0.37405
0.41844
0.46283
0.50722
-9.87027
-9.87027
-9.87027
-9.87027
-9.87027
-9.87027
-9.87027
-9.87027
-9.87027
-9.87027
-9.87027
-9.87027
-9.87027
-9.87027
-9.87027
-9.87027
-9.87027
-9.87027
-9.87027
-9.87027
-9.87027
-9.87027
-9.87027
-9.87027
-9.87027
-9.87027
-9.87027
-9.87027
-9.87027
-9.87027
-9.87027
-9.87027
-9.87027
-9.87027
-9.87027
-9.87027
-9.87027
-9.87027
-9.87027
-9.87027
-9.87027
-9.87027
-9.87027
-9.87027
-9.87027
-9.87027
-9.87027
-9.87027
-9.87027
-9.87027
-9.87027
-9.87027
-9.87027
-9.87027
-9.87027
-9.87027
-9.87027
-9.87027
-9.87027
-9.87027
-9.87027
-9.87027
-9.87027
-9.87027
-9.87027
-9.87027
-9.87027
-9.87027
-9.87027
-9.87027
-9.87027
-9.87027
-9.87027
-9.87027
-9.87027
-9.87027
-9.87027
-9.87027
-9.87027
-9.87027
-9.87027
-9.87027
-9.87027
-9.87027
-9.87027
-9.87027
-9.87027
-9.87027
-9.87027
-9.87027
-9.87027
-9.87027
-9.87027
-9.87027
-9.87027
-9.87027
-9.87027
-9.87027
-9.87027
-9.87027
-9.87027
-9.87027
-9.87027
-9.87027
-9.87027
-9.87027
-9.87027
-9.87027
-9.87027
-9.87027
-9.87027
-9.87027
-9.87027
-9.87027
-9.87027
-9.87027
-9.87027
-9.87027
-9.87027
-9.87027
-9.87027
-9.87027
-9.87027
-9.87027
-9.87027
-9.87027
-9.87027
-9.87027
-9.87027
-9.87027
-9.87027
-9.87027
-9.87027
-9.87027
-9.87027
-9.87027
-9.87027
-9.87027
-9.87027
-9.87027
-9.87027
-9.77489
-9.67951
-9.58413
-9.48875
-9.38919
-9.28962
-9.19006
-9.09050
-9.02485
-8.95921
-8.89356
-8.82792
-8.77778
-8.72765
-8.67752
-8.62739
-8.57723
-8.52707
-8.47692
-8.42676
-8.37642
-8.32607
-8.27573
-8.22538
-8.17513
-8.12489
-8.07464
-8.02439
-7.97394
-7.92349
-7.87304
-7.82259
-7.77230
-7.72201
-7.67172
-7.62143
-7.57130
-7.52117
-7.47104
-7.42091
-7.37084
-7.32076
-7.27069
-7.22062
-7.17053
-7.12045
-7.07036
-7.02027
-6.97022
-6.92017
-6.87011
-6.82006
-6.76997
-6.71989
-6.66980
-6.61971
-6.56959
-6.51946
-6.46934
-6.41921
-6.36911
-6.31900
-6.26889
-6.21879
-6.16868
-6.11858
-6.06847
-6.01837
-5.96829
-5.91821
-5.86813
-5.81805
-5.76800
-5.71795
-5.66790
-5.61785
-5.56784
-5.51782
-5.46781
-5.41780
-5.36770
-5.31761
-5.26752
-5.21742
-5.16736
-5.11729
-5.06722
-5.01715
-4.96709
-4.91704
-4.86698
-4.81692
-4.76687
-4.71681
-4.66675
-4.61669
-4.56687
-4.51706
-4.46724
-4.41742
-4.36761
-4.31779
-4.26797
-4.21815
-4.16835
-4.11854
-4.06874
-4.01893
-3.96899
-3.91904
-3.86909
-3.81915
-3.77010
-3.72106
-3.67201
-3.62296
-3.57498
-3.52700
-3.47901
-3.43103
-3.38320
-3.33538
-3.28756
-3.23973
-3.19472
-3.14971
-3.10469
-3.05968
-3.01346
-2.96725
-2.92103
-2.87482
-2.83411
-2.79341
-2.75271
-2.71200
-2.66877
-2.62554
-2.58231
-2.53908
-2.50353
-2.46797
-2.43241
-2.39685
-2.35929
-2.32173
-2.28417
-2.24661
-2.21487
-2.18312
-2.15138
-2.11964
-2.08856
-2.05748
-2.02640
-1.99532
-1.96590
-1.93648
-1.90706
-1.87764
-1.85119
-1.82474
-1.79829
-1.77184
-1.74281
-1.71379
-1.68477
-1.65575
-1.62966
-1.60357
-1.57748
-1.55139
-1.52024
-1.48909
-1.45794
-1.42679
-1.39620
-1.36560
-1.33501
-1.30442
-1.26882
-1.23321
-1.19761
-1.16201
-1.12457
-1.08712
-1.04967
-1.01223
-0.97131
-0.93038
-0.88946
-0.84854
-0.80604
-0.76354
-0.72103
-0.67853
-0.63398
-0.58943
-0.54489
-0.50034
-0.45526
-0.41018
-0.36511
-0.32003
-0.27404
-0.22806
-0.18208
-0.13609
-0.09042
-0.04476
0.00091
0.04658
0.09182
0.13706
0.18230
0.22754
0.27278
0.31802
0.36326
0.40850
-10.35955
-10.35955
-10.35955
-10.35955
-10.35955
-10.35955
-10.35955
-10.35955
-10.35955
-10.35955
-10.35955
-10.35955
-10.35955
-10.35955
-10.35955
-10.35955
-10.35955
-10.35955
-10.35955
-10.35955
-10.35955
-10.35955
-10.35955
-10.35955
-10.35955
-10.35955
-10.35955
-10.35955
-10.35955
-10.35955
-10.35955
-10.35955
-10.35955
-10.35955
-10.35955
-10.35955
-10.35955
-10.35955
-10.35955
-10.35955
-10.35955
-10.35955
-10.35955
-10.35955
-10.35955
-10.35955
-10.35955
-10.35955
-10.35955
-10.35955
-10.35955
-10.35955
-10.35955
-10.35955
-10.35955
-10.35955
-10.35955
-10.35955
-10.35955
-10.35955
-10.35955
-10.35955
-10.35955
-10.35955
-10.35955
-10.35955
-10.35955
-10.35955
-10.35955
-10.35955
-10.35955
-10.35955
-10.35955
-10.35955
-10.35955
-10.35955
-10.35955
-10.35955
-10.35955
-10.35955
-10.35955
-10.35955
-10.35955
-10.35955
-10.35955
-10.35955
-10.35955
-10.35955
-10.35955
-10.35955
-10.35955
-10.35955
-10.35955
-10.35955
-10.35955
-10.35955
-10.35955
-10.35955
-10.35955
-10.35955
-10.35955
-10.35955
-10.35955
-10.35955
-10.35955
-10.35955
-10.35955
-10.35955
-10.35955
-10.35955
-10.35955
-10.35955
-10.35955
-10.35955
-10.35955
-10.35955
-10.35955
-10.35955
-10.35955
-10.35955
-10.35955
-10.35955
-10.35955
-10.35955
-10.35955
-10.35955
-10.35955
-10.35955
-10.35955
-10.35955
-10.35955
-10.35955
-10.35955
-10.35955
-10.35955
-10.35955
-10.35955
-10.35955
-10.35955
-10.35955
-10.35955
-10.26902
-10.17849
-10.08797
-9.99744
-9.87913
-9.76082
-9.64251
-9.52420
-9.45084
-9.37749
-9.30414
-9.23079
-9.17974
-9.12870
-9.07765
-9.02660
-8.97629
-8.92597
-8.87566
-8.82534
-8.74571
-8.66608
-8.58645
-8.50682
-8.44255
-8.37828
-8.31401
-8.24975
-8.19577
-8.14179
-8.08781
-8.03383
-7.98350
-7.93316
-7.88282
-7.83249
-7.78227
-7.73204
-7.68182
-7.63160
-7.58142
-7.53124
-7.48106
-7.43088
-7.38078
-7.33069
-7.28060
-7.23050
-7.18047
-7.13044
-7.08040
-7.03037
-6.98027
-6.93017
-6.88007
-6.82997
-6.77981
-6.72965
-6.67949
-6.62933
-6.57922
-6.52910
-6.47899
-6.42887
-6.37873
-6.32860
-6.27846
-6.22833
-6.17824
-6.12816
-6.07807
-6.02799
-5.97796
-5.92793
-5.87790
-5.82787
-5.77785
-5.72783
-5.67781
-5.62779
-5.57756
-5.52733
-5.47710
-5.42687
-5.37666
-5.32645
-5.27624
-5.22603
-5.17582
-5.12560
-5.07539
-5.02517
-4.97500
-4.92482
-4.87465
-4.82447
-4.77442
-4.72436
-4.67430
-4.62424
-4.57416
-4.52408
-4.47401
-4.42393
-4.37372
-4.32352
-4.27331
-4.22310
-4.17256
-4.12201
-4.07147
-4.02093
-3.97093
-3.92093
-3.87093
-3.82093
-3.77180
-3.72268
-3.67356
-3.62443
-3.57518
-3.52592
-3.47667
-3.42742
-3.38047
-3.33352
-3.28657
-3.23962
-3.19170
-3.14378
-3.09586
-3.04795
-3.00370
-2.95945
-2.91520
-2.87095
-2.82544
-2.77994
-2.73443
-2.68893
-2.64806
-2.60719
-2.56632
-2.52545
-2.48444
-2.44343
-2.40243
-2.36142
-2.32387
-2.28631
-2.24876
-2.21120
-2.17635
-2.14151
-2.10666
-2.07182
-2.03703
-2.00224
-1.96745
-1.93266
-1.90342
-1.87419
-1.84495
-1.81572
-1.78341
-1.75110
-1.71878
-1.68647
-1.65952
-1.63257
-1.60562
-1.57867
-1.54728
-1.51589
-1.48451
-1.45312
-1.42388
-1.39465
-1.36542
-1.33618
-1.30295
-1.26971
-1.23648
-1.20324
-1.16835
-1.13346
-1.09857
-1.06368
-1.02597
-0.98825
-0.95054
-0.91283
-0.87274
-0.83266
-0.79257
-0.75248
-0.71045
-0.66842
-0.62638
-0.58435
-0.54076
-0.49716
-0.45357
-0.40998
-0.36544
-0.32090
-0.27637
-0.23183
-0.18652
-0.14120
-0.09588
-0.05056
-0.00593
0.03870
0.08334
0.12797
0.17353
0.21909
0.26464
0.31020
-10.66663
-10.66663
-10.66663
-10.66663
-10.66663
-10.66663
-10.66663
-10.66663
-10.66663
-10.66663
-10.66663
-10.66663
-10.66663
-10.66663
-10.66663
-10.66663
-10.66663
-10.66663
-10.66663
-10.66663
-10.66663
-10.66663
-10.66663
-10.66663
-10.66663
-10.66663
-10.66663
-10.66663
-10.66663
-10.66663
-10.66663
-10.66663
-10.66663
-10.66663
-10.66663
-10.66663
-10.66663
-10.66663
-10.66663
-10.66663
-10.66663
-10.66663
-10.66663
-10.66663
-10.66663
-10.66663
-10.66663
-10.66663
-10.66663
-10.66663
-10.66663
-10.66663
-10.66663
-10.66663
-10.66663
-10.66663
-10.66663
-10.66663
-10.66663
-10.66663
-10.66663
-10.66663
-10.66663
-10.66663
-10.66663
-10.66663
-10.66663
-10.66663
-10.66663
-10.66663
-10.66663
-10.66663
-10.66663
-10.66663
-10.66663
-10.66663
-10.66663
-10.66663
-10.66663
-10.66663
-10.66663
-10.66663
-10.66663
-10.66663
-10.66663
-10.66663
-10.66663
-10.66663
-10.66663
-10.66663
-10.66663
-10.66663
-10.66663
-10.66663
-10.66663
-10.66663
-10.66663
-10.66663
-10.66663
-10.66663
-10.66663
-10.66663
-10.66663
-10.66663
-10.66663
-10.66663
-10.66663
-10.66663
-10.66663
-10.66663
-10.66663
-10.66663
-10.66663
-10.66663
-10.66663
-10.66663
-10.66663
-10.66663
-10.66663
-10.66663
-10.66663
-10.66663
-10.66663
-10.66663
-10.66663
-10.66663
-10.66663
-10.66663
-10.66663
-10.66663
-10.66663
-10.66663
-10.66663
-10.66663
-10.66663
-10.66663
-10.66663
-10.66663
-10.66663
-10.66663
-10.66663
-10.62647
-10.58630
-10.54614
-10.50597
-10.39194
-10.27790
-10.16387
-10.04983
-9.97490
-9.89996
-9.82503
-9.75009
-9.69764
-9.64519
-9.59275
-9.54030
-9.48975
-9.43920
-9.38865
-9.33810
-9.21060
-9.08310
-8.95560
-8.82810
-8.74087
-8.65364
-8.56641
-8.47918
-8.41937
-8.35955
-8.29974
-8.23992
-8.18948
-8.13905
-8.08861
-8.03817
-7.98783
-7.93748
-7.88714
-7.83679
-7.78646
-7.73612
-7.68578
-7.63544
-7.58525
-7.53506
-7.48487
-7.43468
-7.38461
-7.33454
-7.28447
-7.23440
-7.18432
-7.13425
-7.08417
-7.03410
-6.98398
-6.93386
-6.88374
-6.83362
-6.78354
-6.73345
-6.68337
-6.63328
-6.58312
-6.53296
-6.48280
-6.43264
-6.38252
-6.33241
-6.28230
-6.23218
-6.18209
-6.13199
-6.08190
-6.03180
-5.98173
-5.93166
-5.88158
-5.83151
-5.78123
-5.73095
-5.68067
-5.63039
-5.58006
-5.52974
-5.47941
-5.42908
-5.37883
-5.32857
-5.27831
-5.22805
-5.17783
-5.12761
-5.07739
-5.02718
-4.97702
-4.92686
-4.87671
-4.82655
-4.77625
-4.72595
-4.67565
-4.62535
-4.57510
-4.52484
-4.47459
-4.42433
-4.37348
-4.32262
-4.27176
-4.22091
-4.17050
-4.12010
-4.06969
-4.01929
-3.96929
-3.91930
-3.86931
-3.81931
-3.76938
-3.71945
-3.66952
-3.61959
-3.57117
-3.52276
-3.47435
-3.42594
-3.37723
-3.32853
-3.27982
-3.23112
-3.18432
-3.13752
-3.09072
-3.04392
-2.99683
-2.94974
-2.90264
-2.85555
-2.81074
-2.76594
-2.72113
-2.67633
-2.63249
-2.58865
-2.54481
-2.50097
-2.45827
-2.41557
-2.37287
-2.33017
-2.29150
-2.25283
-2.21416
-2.17549
-2.13520
-2.09490
-2.05461
-2.01432
-1.98145
-1.94857
-1.91569
-1.88282
-1.84653
-1.81024
-1.77395
-1.73767
-1.70793
-1.67820
-1.64847
-1.61873
-1.58607
-1.55341
-1.52075
-1.48808
-1.45818
-1.42827
-1.39837
-1.36847
-1.33680
-1.30513
-1.27346
-1.24179
-1.20869
-1.17559
-1.14249
-1.10939
-1.07500
-1.04062
-1.00623
-0.97185
-0.93427
-0.89670
-0.85913
-0.82155
-0.78239
-0.74323
-0.70406
-0.66490
-0.62299
-0.58109
-0.53918
-0.49727
-0.45436
-0.41145
-0.36853
-0.32562
-0.28082
-0.23602
-0.19122
-0.14642
-0.10236
-0.05830
-0.01424
0.02983
0.07538
0.12093
0.16648
0.21203
-10.90381
-10.90381
-10.90381
-10.90381
-10.90381
-10.90381
-10.90381
-10.90381
-10.90381
-10.90381
-10.90381
-10.90381
-10.90381
-10.90381
-10.90381
-10.90381
-10.90381
-10.90381
-10.90381
-10.90381
-10.90381
-10.90381
-10.90381
-10.90381
-10.90381
-10.90381
-10.90381
-10.90381
-10.90381
-10.90381
-10.90381
-10.90381
-10.90381
-10.90381
-10.90381
-10.90381
-10.90381
-10.90381
-10.90381
-10.90381
-10.90381
-10.90381
-10.90381
-10.90381
-10.90381
-10.90381
-10.90381
-10.90381
-10.90381
-10.90381
-10.90381
-10.90381
-10.90381
-10.90381
-10.90381
-10.90381
-10.90381
-10.90381
-10.90381
-10.90381
-10.90381
-10.90381
-10.90381
-10.90381
-10.90381
-10.90381
-10.90381
-10.90381
-10.90381
-10.90381
-10.90381
-10.90381
-10.90381
-10.90381
-10.90381
-10.90381
-10.90381
-10.90381
-10.90381
-10.90381
-10.90381
-10.90381
-10.90381
-10.90381
-10.90381
-10.90381
-10.90381
-10.90381
-10.90381
-10.90381
-10.90381
-10.90381
-10.90381
-10.90381
-10.90381
-10.90381
-10.90381
-10.90381
-10.90381
-10.90381
-10.90381
-10.90381
-10.90381
-10.90381
-10.90381
-10.90381
-10.90381
-10.90381
-10.90381
-10.90381
-10.90381
-10.90381
-10.90381
-10.90381
-10.90381
-10.90381
-10.90381
-10.90381
-10.90381
-10.90381
-10.90381
-10.90381
-10.90381
-10.90381
-10.90381
-10.90381
-10.90381
-10.90381
-10.90381
-10.90381
-10.90381
-10.90381
-10.90381
-10.90381
-10.90381
-10.90381
-10.90381
-10.90381
-10.90381
-10.90381
-10.90381
-10.89998
-10.89614
-10.89231
-10.88847
-10.78841
-10.68836
-10.58830
-10.48824
-10.41562
-10.34300
-10.27038
-10.19776
-10.14470
-10.09165
-10.03860
-9.98555
-9.93493
-9.88431
-9.83370
-9.78308
-9.63522
-9.48735
-9.33949
-9.19162
-9.09118
-8.99075
-8.89031
-8.78987
-8.72155
-8.65322
-8.58490
-8.51657
-8.45237
-8.38817
-8.32397
-8.25976
-8.20450
-8.14925
-8.09399
-8.03873
-7.98803
-7.93734
-7.88665
-7.83596
-7.78562
-7.73528
-7.68494
-7.63460
-7.58443
-7.53427
-7.48411
-7.43395
-7.38384
-7.33374
-7.28364
-7.23353
-7.18345
-7.13336
-7.08327
-7.03318
-6.98313
-6.93308
-6.88303
-6.83298
-6.78282
-6.73267
-6.68251
-6.63236
-6.58224
-6.53211
-6.48199
-6.43187
-6.38174
-6.33160
-6.28146
-6.23133
-6.18119
-6.13106
-6.08093
-6.03080
-5.98050
-5.93021
-5.87991
-5.82961
-5.77924
-5.72886
-5.67849
-5.62811
-5.57784
-5.52758
-5.47731
-5.42704
-5.37676
-5.32648
-5.27619
-5.22591
-5.17567
-5.12543
-5.07518
-5.02494
-4.97448
-4.92403
-4.87357
-4.82311
-4.77281
-4.72251
-4.67221
-4.62191
-4.57078
-4.51965
-4.46853
-4.41740
-4.36658
-4.31577
-4.26495
-4.21413
-4.16343
-4.11272
-4.06202
-4.01131
-3.96080
-3.91028
-3.85976
-3.80925
-3.75965
-3.71005
-3.66046
-3.61086
-3.56153
-3.51219
-3.46286
-3.41353
-3.36476
-3.31598
-3.26721
-3.21844
-3.17006
-3.12169
-3.07331
-3.02493
-2.97706
-2.92918
-2.88131
-2.83343
-2.78721
-2.74098
-2.69476
-2.64853
-2.60182
-2.55510
-2.50839
-2.46168
-2.41947
-2.37727
-2.33506
-2.29286
-2.24819
-2.20353
-2.15887
-2.11421
-2.07739
-2.04057
-2.00375
-1.96693
-1.92705
-1.88718
-1.84730
-1.80743
-1.77420
-1.74097
-1.70774
-1.67451
-1.64011
-1.60571
-1.57131
-1.53691
-1.50517
-1.47344
-1.44171
-1.40997
-1.37898
-1.34798
-1.31698
-1.28598
-1.25331
-1.22063
-1.18796
-1.15529
-1.12349
-1.09170
-1.05991
-1.02812
-0.99237
-0.95662
-0.92087
-0.88512
-0.84862
-0.81212
-0.77561
-0.73911
-0.69901
-0.65891
-0.61880
-0.57870
-0.53755
-0.49640
-0.45525
-0.41410
-0.37028
-0.32645
-0.28263
-0.23881
-0.19545
-0.15209
-0.10873
-0.06537
-0.02018
0.02501
0.07020
0.11539
-10.97094
-10.97094
-10.97094
-10.97094
-10.97094
-10.97094
-10.97094
-10.97094
-10.97094
-10.97094
-10.97094
-10.97094
-10.97094
-10.97094
-10.97094
-10.97094
-10.97094
-10.97094
-10.97094
-10.97094
-10.97094
-10.97094
-10.97094
-10.97094
-10.97094
-10.97094
-10.97094
-10.97094
-10.97094
-10.97094
-10.97094
-10.97094
-10.97094
-10.97094
-10.97094
-10.97094
-10.97094
-10.97094
-10.97094
-10.97094
-10.97094
-10.97094
-10.97094
-10.97094
-10.97094
-10.97094
-10.97094
-10.97094
-10.97094
-10.97094
-10.97094
-10.97094
-10.97094
-10.97094
-10.97094
-10.97094
-10.97094
-10.97094
-10.97094
-10.97094
-10.97094
-10.97094
-10.97094
-10.97094
-10.97094
-10.97094
-10.97094
-10.97094
-10.97094
-10.97094
-10.97094
-10.97094
-10.97094
-10.97094
-10.97094
-10.97094
-10.97094
-10.97094
-10.97094
-10.97094
-10.97094
-10.97094
-10.97094
-10.97094
-10.97094
-10.97094
-10.97094
-10.97094
-10.97094
-10.97094
-10.97094
-10.97094
-10.97094
-10.97094
-10.97094
-10.97094
-10.97094
-10.97094
-10.97094
-10.97094
-10.97094
-10.97094
-10.97094
-10.97094
-10.97094
-10.97094
-10.97094
-10.97094
-10.97094
-10.97094
-10.97094
-10.97094
-10.97094
-10.97094
-10.97094
-10.97094
-10.97094
-10.97094
-10.97094
-10.97094
-10.97094
-10.97094
-10.97094
-10.97094
-10.97094
-10.97094
-10.97094
-10.97094
-10.97094
-10.97094
-10.97094
-10.97094
-10.97094
-10.97094
-10.97094
-10.97094
-10.97094
-10.97094
-10.97094
-10.97094
-10.97094
-10.96929
-10.96764
-10.96599
-10.96434
-10.90187
-10.83940
-10.77692
-10.71445
-10.65362
-10.59280
-10.53197
-10.47114
-10.41943
-10.36771
-10.31600
-10.26428
-10.21402
-10.16375
-10.11348
-10.06322
-9.96189
-9.86056
-9.75922
-9.65789
-9.56797
-9.47805
-9.38813
-9.29821
-9.21488
-9.13155
-9.04822
-8.96489
-8.85368
-8.74247
-8.63126
-8.52004
-8.44821
-8.37638
-8.30455
-8.23272
-8.18119
-8.12966
-8.07813
-8.02660
-7.97599
-7.92539
-7.87478
-7.82417
-7.77378
-7.72338
-7.67299
-7.62259
-7.57234
-7.52208
-7.47182
-7.42157
-7.37148
-7.32140
-7.27132
-7.22123
-7.17123
-7.12122
-7.07121
-7.02121
-6.97113
-6.92105
-6.87098
-6.82090
-6.77083
-6.72076
-6.67069
-6.62062
-6.57050
-6.52038
-6.47025
-6.42013
-6.36992
-6.31972
-6.26952
-6.21931
-6.16909
-6.11886
-6.06863
-6.01840
-5.96814
-5.91787
-5.86760
-5.81733
-5.76715
-5.71697
-5.66680
-5.61662
-5.56621
-5.51580
-5.46539
-5.41498
-5.36469
-5.31439
-5.26409
-5.21380
-5.16333
-5.11287
-5.06241
-5.01195
-4.96161
-4.91128
-4.86094
-4.81061
-4.75931
-4.70800
-4.65670
-4.60540
-4.55416
-4.50291
-4.45167
-4.40043
-4.34940
-4.29836
-4.24733
-4.19629
-4.14542
-4.09455
-4.04367
-3.99280
-3.94270
-3.89260
-3.84249
-3.79239
-3.74282
-3.69325
-3.64368
-3.59410
-3.54475
-3.49540
-3.44605
-3.39670
-3.34778
-3.29886
-3.24995
-3.20103
-3.15219
-3.10335
-3.05451
-3.00567
-2.95815
-2.91063
-2.86311
-2.81559
-2.76761
-2.71963
-2.67165
-2.62367
-2.57864
-2.53361
-2.48858
-2.44356
-2.39727
-2.35098
-2.30470
-2.25841
-2.21691
-2.17541
-2.13392
-2.09242
-2.04990
-2.00739
-1.96487
-1.92236
-1.88390
-1.84544
-1.80698
-1.76852
-1.73125
-1.69398
-1.65672
-1.61945
-1.58307
-1.54668
-1.51030
-1.47392
-1.44141
-1.40890
-1.37639
-1.34388
-1.30833
-1.27278
-1.23722
-1.20167
-1.17068
-1.13969
-1.10870
-1.07771
-1.04210
-1.00649
-0.97089
-0.93528
-0.90094
-0.86661
-0.83227
-0.79793
-0.75991
-0.72189
-0.68387
-0.64584
-0.60680
-0.56775
-0.52871
-0.48966
-0.44794
-0.40623
-0.36451
-0.32279
-0.28044
-0.23808
-0.19573
-0.15338
-0.10941
-0.06544
-0.02146
0.02251
-11.03412
-11.03412
-11.03412
-11.03412
-11.03412
-11.03412
-11.03412
-11.03412
-11.03412
-11.03412
-11.03412
-11.03412
-11.03412
-11.03412
-11.03412
-11.03412
-11.03412
-11.03412
-11.03412
-11.03412
-11.03412
-11.03412
-11.03412
-11.03412
-11.03412
-11.03412
-11.03412
-11.03412
-11.03412
-11.03412
-11.03412
-11.03412
-11.03412
-11.03412
-11.03412
-11.03412
-11.03412
-11.03412
-11.03412
-11.03412
-11.03412
-11.03412
-11.03412
-11.03412
-11.03412
-11.03412
-11.03412
-11.03412
-11.03412
-11.03412
-11.03412
-11.03412
-11.03412
-11.03412
-11.03412
-11.03412
-11.03412
-11.03412
-11.03412
-11.03412
-11.03412
-11.03412
-11.03412
-11.03412
-11.03412
-11.03412
-11.03412
-11.03412
-11.03412
-11.03412
-11.03412
-11.03412
-11.03412
-11.03412
-11.03412
-11.03412
-11.03412
-11.03412
-11.03412
-11.03412
-11.03412
-11.03412
-11.03412
-11.03412
-11.03412
-11.03412
-11.03412
-11.03412
-11.03412
-11.03412
-11.03412
-11.03412
-11.03412
-11.03412
-11.03412
-11.03412
-11.03412
-11.03412
-11.03412
-11.03412
-11.03412
-11.03412
-11.03412
-11.03412
-11.03412
-11.03412
-11.03412
-11.03412
-11.03412
-11.03412
-11.03412
-11.03412
-11.03412
-11.03412
-11.03412
-11.03412
-11.03412
-11.03412
-11.03412
-11.03412
-11.03412
-11.03412
-11.03412
-11.03412
-11.03412
-11.03412
-11.03412
-11.03412
-11.03412
-11.03412
-11.03412
-11.03412
-11.03412
-11.03412
-11.03412
-11.03412
-11.03412
-11.03412
-11.03412
-11.03412
-11.03412
-11.03412
-11.03412
-11.03412
-11.03412
-11.00256
-10.97100
-10.93944
-10.90788
-10.85621
-10.80455
-10.75288
-10.70121
-10.65057
-10.59992
-10.54928
-10.49863
-10.44844
-10.39824
-10.34804
-10.29784
-10.23368
-10.16952
-10.10536
-10.04120
-9.96350
-9.88580
-9.80810
-9.73040
-9.64172
-9.55305
-9.46437
-9.37570
-9.23885
-9.10201
-8.96516
-8.82831
-8.74638
-8.66445
-8.58253
-8.50060
-8.43754
-8.37448
-8.31141
-8.24835
-8.19097
-8.13358
-8.07620
-8.01881
-7.96636
-7.91390
-7.86145
-7.80899
-7.75862
-7.70826
-7.65789
-7.60752
-7.55741
-7.50730
-7.45720
-7.40709
-7.35706
-7.30704
-7.25701
-7.20698
-7.15694
-7.10690
-7.05686
-7.00681
-6.95678
-6.90675
-6.85672
-6.80669
-6.75659
-6.70649
-6.65639
-6.60629
-6.55602
-6.50576
-6.45549
-6.40523
-6.35505
-6.30487
-6.25469
-6.20451
-6.15432
-6.10414
-6.05395
-6.00377
-5.95365
-5.90354
-5.85342
-5.80331
-5.75281
-5.70232
-5.65182
-5.60133
-5.55097
-5.50061
-5.45026
-5.39990
-5.34943
-5.29897
-5.24851
-5.19804
-5.14767
-5.09730
-5.04693
-4.99656
-4.94518
-4.89380
-4.84242
-4.79104
-4.73937
-4.68770
-4.63603
-4.58436
-4.53304
-4.48171
-4.43039
-4.37907
-4.32781
-4.27655
-4.22529
-4.17403
-4.12344
-4.07286
-4.02227
-3.97168
-3.92190
-3.87211
-3.82233
-3.77254
-3.72273
-3.67292
-3.62312
-3.57331
-3.52393
-3.47455
-3.42517
-3.37579
-3.32619
-3.27659
-3.22699
-3.17739
-3.12876
-3.08012
-3.03149
-2.98285
-2.93384
-2.88483
-2.83581
-2.78680
-2.73937
-2.69194
-2.64451
-2.59708
-2.54939
-2.50171
-2.45402
-2.40633
-2.36083
-2.31532
-2.26981
-2.22430
-2.17943
-2.13456
-2.08969
-2.04481
-2.00166
-1.95851
-1.91536
-1.87221
-1.83217
-1.79214
-1.75210
-1.71207
-1.67136
-1.63065
-1.58994
-1.54923
-1.51475
-1.48027
-1.44578
-1.41130
-1.37298
-1.33465
-1.29633
-1.25800
-1.22677
-1.19553
-1.16430
-1.13306
-1.09727
-1.06149
-1.02570
-0.98992
-0.95681
-0.92370
-0.89059
-0.85748
-0.82118
-0.78488
-0.74858
-0.71228
-0.67489
-0.63751
-0.60013
-0.56275
-0.52308
-0.48342
-0.44375
-0.40408
-0.36273
-0.32138
-0.28002
-0.23867
-0.19602
-0.15337
-0.11073
-0.06808
-11.08511
-11.08511
-11.08511
-11.08511
-11.08511
-11.08511
-11.08511
-11.08511
-11.08511
-11.08511
-11.08511
-11.08511
-11.08511
-11.08511
-11.08511
-11.08511
-11.08511
-11.08511
-11.08511
-11.08511
-11.08511
-11.08511
-11.08511
-11.08511
-11.08511
-11.08511
-11.08511
-11.08511
-11.08511
-11.08511
-11.08511
-11.08511
-11.08511
-11.08511
-11.08511
-11.08511
-11.08511
-11.08511
-11.08511
-11.08511
-11.08511
-11.08511
-11.08511
-11.08511
-11.08511
-11.08511
-11.08511
-11.08511
-11.08511
-11.08511
-11.08511
-11.08511
-11.08511
-11.08511
-11.08511
-11.08511
-11.08511
-11.08511
-11.08511
-11.08511
-11.08511
-11.08511
-11.08511
-11.08511
-11.08511
-11.08511
-11.08511
-11.08511
-11.08511
-11.08511
-11.08511
-11.08511
-11.08511
-11.08511
-11.08511
-11.08511
-11.08511
-11.08511
-11.08511
-11.08511
-11.08511
-11.08511
-11.08511
-11.08511
-11.08511
-11.08511
-11.08511
-11.08511
-11.08511
-11.08511
-11.08511
-11.08511
-11.08511
-11.08511
-11.08511
-11.08511
-11.08511
-11.08511
-11.08511
-11.08511
-11.08511
-11.08511
-11.08511
-11.08511
-11.08511
-11.08511
-11.08511
-11.08511
-11.08511
-11.08511
-11.08511
-11.08511
-11.08511
-11.08511
-11.08511
-11.08511
-11.08511
-11.08511
-11.08511
-11.08511
-11.08511
-11.08511
-11.08511
-11.08511
-11.08511
-11.08511
-11.08511
-11.08511
-11.08511
-11.08511
-11.08511
-11.08511
-11.08511
-11.08511
-11.08511
-11.08511
-11.08511
-11.08511
-11.08511
-11.08511
-11.08511
-11.08511
-11.08511
-11.08511
-11.08511
-11.06393
-11.04275
-11.02157
-11.00039
-10.94978
-10.89916
-10.84855
-10.79794
-10.74754
-10.69715
-10.64675
-10.59636
-10.54536
-10.49436
-10.44336
-10.39236
-10.33656
-10.28075
-10.22495
-10.16915
-10.10890
-10.04866
-9.98842
-9.92818
-9.86390
-9.79963
-9.73536
-9.67108
-9.57439
-9.47769
-9.38099
-9.28429
-9.21220
-9.14011
-9.06801
-8.99592
-8.88840
-8.78089
-8.67337
-8.56585
-8.48164
-8.39744
-8.31323
-8.22902
-8.16888
-8.10875
-8.04861
-7.98847
-7.93812
-7.88778
-7.83743
-7.78709
-7.73686
-7.68663
-7.63641
-7.58618
-7.53594
-7.48570
-7.43546
-7.38522
-7.33507
-7.28492
-7.23477
-7.18462
-7.13459
-7.08456
-7.03453
-6.98450
-6.93445
-6.88441
-6.83436
-6.78431
-6.73402
-6.68373
-6.63344
-6.58315
-6.53295
-6.48275
-6.43256
-6.38236
-6.33217
-6.28199
-6.23180
-6.18162
-6.13150
-6.08137
-6.03125
-5.98113
-5.93067
-5.88020
-5.82974
-5.77928
-5.72884
-5.67840
-5.62797
-5.57753
-5.52707
-5.47662
-5.42616
-5.37570
-5.32528
-5.27486
-5.22444
-5.17402
-5.12287
-5.07173
-5.02059
-4.96945
-4.91733
-4.86522
-4.81310
-4.76099
-4.70951
-4.65802
-4.60654
-4.55506
-4.50332
-4.45158
-4.39985
-4.34811
-4.29710
-4.24609
-4.19508
-4.14407
-4.09415
-4.04424
-3.99432
-3.94440
-3.89452
-3.84463
-3.79475
-3.74487
-3.69525
-3.64564
-3.59602
-3.54641
-3.49670
-3.44698
-3.39727
-3.34756
-3.29835
-3.24914
-3.19993
-3.15072
-3.10140
-3.05207
-3.00274
-2.95342
-2.90489
-2.85636
-2.80783
-2.75930
-2.71091
-2.66251
-2.61412
-2.56572
-2.51826
-2.47079
-2.42333
-2.37587
-2.32951
-2.28315
-2.23679
-2.19043
-2.14425
-2.09807
-2.05189
-2.00571
-1.96321
-1.92071
-1.87821
-1.83571
-1.79167
-1.74762
-1.70358
-1.65953
-1.62165
-1.58377
-1.54589
-1.50801
-1.46726
-1.42651
-1.38575
-1.34500
-1.31029
-1.27557
-1.24086
-1.20614
-1.16919
-1.13223
-1.09528
-1.05833
-1.02356
-0.98880
-0.95403
-0.91927
-0.88358
-0.84789
-0.81220
-0.77651
-0.73943
-0.70235
-0.66527
-0.62819
-0.59042
-0.55266
-0.51490
-0.47714
-0.43674
-0.39634
-0.35594
-0.31554
-0.27456
-0.23358
-0.19260
-0.15162
-11.11495
-11.11495
-11.11495
-11.11495
-11.11495
-11.11495
-11.11495
-11.11495
-11.11495
-11.11495
-11.11495
-11.11495
-11.11495
-11.11495
-11.11495
-11.11495
-11.11495
-11.11495
-11.11495
-11.11495
-11.11495
-11.11495
-11.11495
-11.11495
-11.11495
-11.11495
-11.11495
-11.11495
-11.11495
-11.11495
-11.11495
-11.11495
-11.11495
-11.11495
-11.11495
-11.11495
-11.11495
-11.11495
-11.11495
-11.11495
-11.11495
-11.11495
-11.11495
-11.11495
-11.11495
-11.11495
-11.11495
-11.11495
-11.11495
-11.11495
-11.11495
-11.11495
-11.11495
-11.11495
-11.11495
-11.11495
-11.11495
-11.11495
-11.11495
-11.11495
-11.11495
-11.11495
-11.11495
-11.11495
-11.11495
-11.11495
-11.11495
-11.11495
-11.11495
-11.11495
-11.11495
-11.11495
-11.11495
-11.11495
-11.11495
-11.11495
-11.11495
-11.11495
-11.11495
-11.11495
-11.11495
-11.11495
-11.11495
-11.11495
-11.11495
-11.11495
-11.11495
-11.11495
-11.11495
-11.11495
-11.11495
-11.11495
-11.11495
-11.11495
-11.11495
-11.11495
-11.11495
-11.11495
-11.11495
-11.11495
-11.11495
-11.11495
-11.11495
-11.11495
-11.11495
-11.11495
-11.11495
-11.11495
-11.11495
-11.11495
-11.11495
-11.11495
-11.11495
-11.11495
-11.11495
-11.11495
-11.11495
-11.11495
-11.11495
-11.11495
-11.11495
-11.11495
-11.11495
-11.11495
-11.11495
-11.11495
-11.11495
-11.11495
-11.11495
-11.11495
-11.11495
-11.11495
-11.11495
-11.11495
-11.11495
-11.11495
-11.11495
-11.11495
-11.11495
-11.11495
-11.11495
-11.11495
-11.11495
-11.11495
-11.11495
-11.09984
-11.08474
-11.06963
-11.05452
-11.00452
-10.95453
-10.90453
-10.85453
-10.80428
-10.75403
-10.70378
-10.65353
-10.60206
-10.55060
-10.49913
-10.44766
-10.39675
-10.34583
-10.29492
-10.24401
-10.19398
-10.14395
-10.09392
-10.04390
-9.99390
-9.94390
-9.89391
-9.84391
-9.77070
-9.69749
-9.62429
-9.55108
-9.48474
-9.41840
-9.35207
-9.28573
-9.15220
-9.01867
-8.88514
-8.75161
-8.65171
-8.55181
-8.45192
-8.35202
-8.28738
-8.22275
-8.15811
-8.09348
-8.04315
-7.99281
-7.94248
-7.89215
-7.84185
-7.79156
-7.74126
-7.69097
-7.64060
-7.59023
-7.53986
-7.48950
-7.43929
-7.38907
-7.33886
-7.28865
-7.23862
-7.18859
-7.13857
-7.08854
-7.03852
-6.98850
-6.93849
-6.88847
-6.83817
-6.78786
-6.73756
-6.68725
-6.63704
-6.58683
-6.53662
-6.48641
-6.43623
-6.38605
-6.33586
-6.28568
-6.23555
-6.18542
-6.13530
-6.08517
-6.03472
-5.98428
-5.93384
-5.88339
-5.83291
-5.78243
-5.73194
-5.68146
-5.63100
-5.58055
-5.53010
-5.47965
-5.42920
-5.37875
-5.32830
-5.27785
-5.22684
-5.17584
-5.12483
-5.07383
-5.02146
-4.96908
-4.91670
-4.86433
-4.81275
-4.76118
-4.70961
-4.65803
-4.60601
-4.55399
-4.50198
-4.44996
-4.39870
-4.34745
-4.29619
-4.24494
-4.19494
-4.14494
-4.09495
-4.04495
-3.99502
-3.94510
-3.89517
-3.84524
-3.79549
-3.74574
-3.69599
-3.64624
-3.59646
-3.54668
-3.49690
-3.44711
-3.39757
-3.34803
-3.29848
-3.24894
-3.19943
-3.14992
-3.10041
-3.05091
-3.00173
-2.95256
-2.90339
-2.85422
-2.80541
-2.75660
-2.70779
-2.65898
-2.61037
-2.56176
-2.51315
-2.46454
-2.41731
-2.37008
-2.32285
-2.27562
-2.22767
-2.17972
-2.13177
-2.08382
-2.03988
-1.99594
-1.95199
-1.90805
-1.86206
-1.81606
-1.77006
-1.72407
-1.68420
-1.64433
-1.60446
-1.56459
-1.52242
-1.48025
-1.43808
-1.39591
-1.35915
-1.32240
-1.28565
-1.24890
-1.21126
-1.17363
-1.13599
-1.09835
-1.06262
-1.02689
-0.99115
-0.95542
-0.92009
-0.88476
-0.84942
-0.81409
-0.77719
-0.74028
-0.70338
-0.66647
-0.62983
-0.59318
-0.55653
-0.51988
-0.48004
-0.44020
-0.40036
-0.36052
-0.32052
-0.28051
-0.24050
-0.20049
-11.11495
-11.11495
-11.11495
-11.11495
-11.11495
-11.11495
-11.11495
-11.11495
-11.11495
-11.11495
-11.11495
-11.11495
-11.11495
-11.11495
-11.11495
-11.11495
-11.11495
-11.11495
-11.11495
-11.11495
-11.11495
-11.11495
-11.11495
-11.11495
-11.11495
-11.11495
-11.11495
-11.11495
-11.11495
-11.11495
-11.11495
-11.11495
-11.11495
-11.11495
-11.11495
-11.11495
-11.11495
-11.11495
-11.11495
-11.11495
-11.11495
-11.11495
-11.11495
-11.11495
-11.11495
-11.11495
-11.11495
-11.11495
-11.11495
-11.11495
-11.11495
-11.11495
-11.11495
-11.11495
-11.11495
-11.11495
-11.11495
-11.11495
-11.11495
-11.11495
-11.11495
-11.11495
-11.11495
-11.11495
-11.11495
-11.11495
-11.11495
-11.11495
-11.11495
-11.11495
-11.11495
-11.11495
-11.11495
-11.11495
-11.11495
-11.11495
-11.11495
-11.11495
-11.11495
-11.11495
-11.11495
-11.11495
-11.11495
-11.11495
-11.11495
-11.11495
-11.11495
-11.11495
-11.11495
-11.11495
-11.11495
-11.11495
-11.11495
-11.11495
-11.11495
-11.11495
-11.11495
-11.11495
-11.11495
-11.11495
-11.11495
-11.11495
-11.11495
-11.11495
-11.11495
-11.11495
-11.11495
-11.11495
-11.11495
-11.11495
-11.11495
-11.11495
-11.11495
-11.11495
-11.11495
-11.11495
-11.11495
-11.11495
-11.11495
-11.11495
-11.11495
-11.11495
-11.11495
-11.11495
-11.11495
-11.11495
-11.11495
-11.11495
-11.11495
-11.11495
-11.11495
-11.11495
-11.11495
-11.11495
-11.11495
-11.11495
-11.11495
-11.11495
-11.11495
-11.11495
-11.11495
-11.11495
-11.11495
-11.11495
-11.11495
-11.09984
-11.08474
-11.06963
-11.05452
-11.00452
-10.95453
-10.90453
-10.85453
-10.80428
-10.75403
-10.70378
-10.65353
-10.60206
-10.55060
-10.49913
-10.44766
-10.39675
-10.34583
-10.29492
-10.24401
-10.19398
-10.14395
-10.09392
-10.04390
-9.99390
-9.94390
-9.89391
-9.84391
-9.77070
-9.69749
-9.62429
-9.55108
-9.48474
-9.41840
-9.35207
-9.28573
-9.15220
-9.01867
-8.88514
-8.75161
-8.65171
-8.55181
-8.45192
-8.35202
-8.28738
-8.22275
-8.15811
-8.09348
-8.04315
-7.99281
-7.94248
-7.89215
-7.84185
-7.79156
-7.74126
-7.69097
-7.64060
-7.59023
-7.53986
-7.48950
-7.43929
-7.38907
-7.33886
-7.28865
-7.23862
-7.18859
-7.13857
-7.08854
-7.03852
-6.98850
-6.93849
-6.88847
-6.83817
-6.78786
-6.73756
-6.68725
-6.63704
-6.58683
-6.53662
-6.48641
-6.43623
-6.38605
-6.33586
-6.28568
-6.23555
-6.18542
-6.13530
-6.08517
-6.03472
-5.98428
-5.93384
-5.88339
-5.83291
-5.78243
-5.73194
-5.68146
-5.63100
-5.58055
-5.53010
-5.47965
-5.42920
-5.37875
-5.32830
-5.27785
-5.22684
-5.17584
-5.12483
-5.07383
-5.02146
-4.96908
-4.91670
-4.86433
-4.81275
-4.76118
-4.70961
-4.65803
-4.60601
-4.55399
-4.50198
-4.44996
-4.39870
-4.34745
-4.29619
-4.24494
-4.19494
-4.14494
-4.09495
-4.04495
-3.99502
-3.94510
-3.89517
-3.84524
-3.79549
-3.74574
-3.69599
-3.64624
-3.59646
-3.54668
-3.49690
-3.44711
-3.39757
-3.34803
-3.29848
-3.24894
-3.19943
-3.14992
-3.10041
-3.05091
-3.00173
-2.95256
-2.90339
-2.85422
-2.80541
-2.75660
-2.70779
-2.65898
-2.61037
-2.56176
-2.51315
-2.46454
-2.41731
-2.37008
-2.32285
-2.27562
-2.22767
-2.17972
-2.13177
-2.08382
-2.03988
-1.99594
-1.95199
-1.90805
-1.86206
-1.81606
-1.77006
-1.72407
-1.68420
-1.64433
-1.60446
-1.56459
-1.52242
-1.48025
-1.43808
-1.39591
-1.35915
-1.32240
-1.28565
-1.24890
-1.21126
-1.17363
-1.13599
-1.09835
-1.06262
-1.02689
-0.99115
-0.95542
-0.92009
-0.88476
-0.84942
-0.81409
-0.77719
-0.74028
-0.70338
-0.66647
-0.62983
-0.59318
-0.55653
-0.51988
-0.48004
-0.44020
-0.40036
-0.36052
-0.32052
-0.28051
-0.24050
-0.20049
-11.11495
-11.11495
-11.11495
-11.11495
-11.11495
-11.11495
-11.11495
-11.11495
-11.11495
-11.11495
-11.11495
-11.11495
-11.11495
-11.11495
-11.11495
-11.11495
-11.11495
-11.11495
-11.11495
-11.11495
-11.11495
-11.11495
-11.11495
-11.11495
-11.11495
-11.11495
-11.11495
-11.11495
-11.11495
-11.11495
-11.11495
-11.11495
-11.11495
-11.11495
-11.11495
-11.11495
-11.11495
-11.11495
-11.11495
-11.11495
-11.11495
-11.11495
-11.11495
-11.11495
-11.11495
-11.11495
-11.11495
-11.11495
-11.11495
-11.11495
-11.11495
-11.11495
-11.11495
-11.11495
-11.11495
-11.11495
-11.11495
-11.11495
-11.11495
-11.11495
-11.11495
-11.11495
-11.11495
-11.11495
-11.11495
-11.11495
-11.11495
-11.11495
-11.11495
-11.11495
-11.11495
-11.11495
-11.11495
-11.11495
-11.11495
-11.11495
-11.11495
-11.11495
-11.11495
-11.11495
-11.11495
-11.11495
-11.11495
-11.11495
-11.11495
-11.11495
-11.11495
-11.11495
-11.11495
-11.11495
-11.11495
-11.11495
-11.11495
-11.11495
-11.11495
-11.11495
-11.11495
-11.11495
-11.11495
-11.11495
-11.11495
-11.11495
-11.11495
-11.11495
-11.11495
-11.11495
-11.11495
-11.11495
-11.11495
-11.11495
-11.11495
-11.11495
-11.11495
-11.11495
-11.11495
-11.11495
-11.11495
-11.11495
-11.11495
-11.11495
-11.11495
-11.11495
-11.11495
-11.11495
-11.11495
-11.11495
-11.11495
-11.11495
-11.11495
-11.11495
-11.11495
-11.11495
-11.11495
-11.11495
-11.11495
-11.11495
-11.11495
-11.11495
-11.11495
-11.11495
-11.11495
-11.11495
-11.11495
-11.11495
-11.11495
-11.09984
-11.08474
-11.06963
-11.05452
-11.00452
-10.95453
-10.90453
-10.85453
-10.80428
-10.75403
-10.70378
-10.65353
-10.60206
-10.55060
-10.49913
-10.44766
-10.39675
-10.34583
-10.29492
-10.24401
-10.19398
-10.14395
-10.09392
-10.04390
-9.99390
-9.94390
-9.89391
-9.84391
-9.77070
-9.69749
-9.62429
-9.55108
-9.48474
-9.41840
-9.35207
-9.28573
-9.15220
-9.01867
-8.88514
-8.75161
-8.65171
-8.55181
-8.45192
-8.35202
-8.28738
-8.22275
-8.15811
-8.09348
-8.04315
-7.99281
-7.94248
-7.89215
-7.84185
-7.79156
-7.74126
-7.69097
-7.64060
-7.59023
-7.53986
-7.48950
-7.43929
-7.38907
-7.33886
-7.28865
-7.23862
-7.18859
-7.13857
-7.08854
-7.03852
-6.98850
-6.93849
-6.88847
-6.83817
-6.78786
-6.73756
-6.68725
-6.63704
-6.58683
-6.53662
-6.48641
-6.43623
-6.38605
-6.33586
-6.28568
-6.23555
-6.18542
-6.13530
-6.08517
-6.03472
-5.98428
-5.93384
-5.88339
-5.83291
-5.78243
-5.73194
-5.68146
-5.63100
-5.58055
-5.53010
-5.47965
-5.42920
-5.37875
-5.32830
-5.27785
-5.22684
-5.17584
-5.12483
-5.07383
-5.02146
-4.96908
-4.91670
-4.86433
-4.81275
-4.76118
-4.70961
-4.65803
-4.60601
-4.55399
-4.50198
-4.44996
-4.39870
-4.34745
-4.29619
-4.24494
-4.19494
-4.14494
-4.09495
-4.04495
-3.99502
-3.94510
-3.89517
-3.84524
-3.79549
-3.74574
-3.69599
-3.64624
-3.59646
-3.54668
-3.49690
-3.44711
-3.39757
-3.34803
-3.29848
-3.24894
-3.19943
-3.14992
-3.10041
-3.05091
-3.00173
-2.95256
-2.90339
-2.85422
-2.80541
-2.75660
-2.70779
-2.65898
-2.61037
-2.56176
-2.51315
-2.46454
-2.41731
-2.37008
-2.32285
-2.27562
-2.22767
-2.17972
-2.13177
-2.08382
-2.03988
-1.99594
-1.95199
-1.90805
-1.86206
-1.81606
-1.77006
-1.72407
-1.68420
-1.64433
-1.60446
-1.56459
-1.52242
-1.48025
-1.43808
-1.39591
-1.35915
-1.32240
-1.28565
-1.24890
-1.21126
-1.17363
-1.13599
-1.09835
-1.06262
-1.02689
-0.99115
-0.95542
-0.92009
-0.88476
-0.84942
-0.81409
-0.77719
-0.74028
-0.70338
-0.66647
-0.62983
-0.59318
-0.55653
-0.51988
-0.48004
-0.44020
-0.40036
-0.36052
-0.32052
-0.28051
-0.24050
-0.20049
-11.11495
-11.11495
-11.11495
-11.11495
-11.11495
-11.11495
-11.11495
-11.11495
-11.11495
-11.11495
-11.11495
-11.11495
-11.11495
-11.11495
-11.11495
-11.11495
-11.11495
-11.11495
-11.11495
-11.11495
-11.11495
-11.11495
-11.11495
-11.11495
-11.11495
-11.11495
-11.11495
-11.11495
-11.11495
-11.11495
-11.11495
-11.11495
-11.11495
-11.11495
-11.11495
-11.11495
-11.11495
-11.11495
-11.11495
-11.11495
-11.11495
-11.11495
-11.11495
-11.11495
-11.11495
-11.11495
-11.11495
-11.11495
-11.11495
-11.11495
-11.11495
-11.11495
-11.11495
-11.11495
-11.11495
-11.11495
-11.11495
-11.11495
-11.11495
-11.11495
-11.11495
-11.11495
-11.11495
-11.11495
-11.11495
-11.11495
-11.11495
-11.11495
-11.11495
-11.11495
-11.11495
-11.11495
-11.11495
-11.11495
-11.11495
-11.11495
-11.11495
-11.11495
-11.11495
-11.11495
-11.11495
-11.11495
-11.11495
-11.11495
-11.11495
-11.11495
-11.11495
-11.11495
-11.11495
-11.11495
-11.11495
-11.11495
-11.11495
-11.11495
-11.11495
-11.11495
-11.11495
-11.11495
-11.11495
-11.11495
-11.11495
-11.11495
-11.11495
-11.11495
-11.11495
-11.11495
-11.11495
-11.11495
-11.11495
-11.11495
-11.11495
-11.11495
-11.11495
-11.11495
-11.11495
-11.11495
-11.11495
-11.11495
-11.11495
-11.11495
-11.11495
-11.11495
-11.11495
-11.11495
-11.11495
-11.11495
-11.11495
-11.11495
-11.11495
-11.11495
-11.11495
-11.11495
-11.11495
-11.11495
-11.11495
-11.11495
-11.11495
-11.11495
-11.11495
-11.11495
-11.11495
-11.11495
-11.11495
-11.11495
-11.11495
-11.09984
-11.08474
-11.06963
-11.05452
-11.00452
-10.95453
-10.90453
-10.85453
-10.80428
-10.75403
-10.70378
-10.65353
-10.60206
-10.55060
-10.49913
-10.44766
-10.39675
-10.34583
-10.29492
-10.24401
-10.19398
-10.14395
-10.09392
-10.04390
-9.99390
-9.94390
-9.89391
-9.84391
-9.77070
-9.69749
-9.62429
-9.55108
-9.48474
-9.41840
-9.35207
-9.28573
-9.15220
-9.01867
-8.88514
-8.75161
-8.65171
-8.55181
-8.45192
-8.35202
-8.28738
-8.22275
-8.15811
-8.09348
-8.04315
-7.99281
-7.94248
-7.89215
-7.84185
-7.79156
-7.74126
-7.69097
-7.64060
-7.59023
-7.53986
-7.48950
-7.43929
-7.38907
-7.33886
-7.28865
-7.23862
-7.18859
-7.13857
-7.08854
-7.03852
-6.98850
-6.93849
-6.88847
-6.83817
-6.78786
-6.73756
-6.68725
-6.63704
-6.58683
-6.53662
-6.48641
-6.43623
-6.38605
-6.33586
-6.28568
-6.23555
-6.18542
-6.13530
-6.08517
-6.03472
-5.98428
-5.93384
-5.88339
-5.83291
-5.78243
-5.73194
-5.68146
-5.63100
-5.58055
-5.53010
-5.47965
-5.42920
-5.37875
-5.32830
-5.27785
-5.22684
-5.17584
-5.12483
-5.07383
-5.02146
-4.96908
-4.91670
-4.86433
-4.81275
-4.76118
-4.70961
-4.65803
-4.60601
-4.55399
-4.50198
-4.44996
-4.39870
-4.34745
-4.29619
-4.24494
-4.19494
-4.14494
-4.09495
-4.04495
-3.99502
-3.94510
-3.89517
-3.84524
-3.79549
-3.74574
-3.69599
-3.64624
-3.59646
-3.54668
-3.49690
-3.44711
-3.39757
-3.34803
-3.29848
-3.24894
-3.19943
-3.14992
-3.10041
-3.05091
-3.00173
-2.95256
-2.90339
-2.85422
-2.80541
-2.75660
-2.70779
-2.65898
-2.61037
-2.56176
-2.51315
-2.46454
-2.41731
-2.37008
-2.32285
-2.27562
-2.22767
-2.17972
-2.13177
-2.08382
-2.03988
-1.99594
-1.95199
-1.90805
-1.86206
-1.81606
-1.77006
-1.72407
-1.68420
-1.64433
-1.60446
-1.56459
-1.52242
-1.48025
-1.43808
-1.39591
-1.35915
-1.32240
-1.28565
-1.24890
-1.21126
-1.17363
-1.13599
-1.09835
-1.06262
-1.02689
-0.99115
-0.95542
-0.92009
-0.88476
-0.84942
-0.81409
-0.77719
-0.74028
-0.70338
-0.66647
-0.62983
-0.59318
-0.55653
-0.51988
-0.48004
-0.44020
-0.40036
-0.36052
-0.32052
-0.28051
-0.24050
-0.20049
-11.11495
-11.11495
-11.11495
-11.11495
-11.11495
-11.11495
-11.11495
-11.11495
-11.11495
-11.11495
-11.11495
-11.11495
-11.11495
-11.11495
-11.11495
-11.11495
-11.11495
-11.11495
-11.11495
-11.11495
-11.11495
-11.11495
-11.11495
-11.11495
-11.11495
-11.11495
-11.11495
-11.11495
-11.11495
-11.11495
-11.11495
-11.11495
-11.11495
-11.11495
-11.11495
-11.11495
-11.11495
-11.11495
-11.11495
-11.11495
-11.11495
-11.11495
-11.11495
-11.11495
-11.11495
-11.11495
-11.11495
-11.11495
-11.11495
-11.11495
-11.11495
-11.11495
-11.11495
-11.11495
-11.11495
-11.11495
-11.11495
-11.11495
-11.11495
-11.11495
-11.11495
-11.11495
-11.11495
-11.11495
-11.11495
-11.11495
-11.11495
-11.11495
-11.11495
-11.11495
-11.11495
-11.11495
-11.11495
-11.11495
-11.11495
-11.11495
-11.11495
-11.11495
-11.11495
-11.11495
-11.11495
-11.11495
-11.11495
-11.11495
-11.11495
-11.11495
-11.11495
-11.11495
-11.11495
-11.11495
-11.11495
-11.11495
-11.11495
-11.11495
-11.11495
-11.11495
-11.11495
-11.11495
-11.11495
-11.11495
-11.11495
-11.11495
-11.11495
-11.11495
-11.11495
-11.11495
-11.11495
-11.11495
-11.11495
-11.11495
-11.11495
-11.11495
-11.11495
-11.11495
-11.11495
-11.11495
-11.11495
-11.11495
-11.11495
-11.11495
-11.11495
-11.11495
-11.11495
-11.11495
-11.11495
-11.11495
-11.11495
-11.11495
-11.11495
-11.11495
-11.11495
-11.11495
-11.11495
-11.11495
-11.11495
-11.11495
-11.11495
-11.11495
-11.11495
-11.11495
-11.11495
-11.11495
-11.11495
-11.11495
-11.11495
-11.09984
-11.08474
-11.06963
-11.05452
-11.00452
-10.95453
-10.90453
-10.85453
-10.80428
-10.75403
-10.70378
-10.65353
-10.60206
-10.55060
-10.49913
-10.44766
-10.39675
-10.34583
-10.29492
-10.24401
-10.19398
-10.14395
-10.09392
-10.04390
-9.99390
-9.94390
-9.89391
-9.84391
-9.77070
-9.69749
-9.62429
-9.55108
-9.48474
-9.41840
-9.35207
-9.28573
-9.15220
-9.01867
-8.88514
-8.75161
-8.65171
-8.55181
-8.45192
-8.35202
-8.28738
-8.22275
-8.15811
-8.09348
-8.04315
-7.99281
-7.94248
-7.89215
-7.84185
-7.79156
-7.74126
-7.69097
-7.64060
-7.59023
-7.53986
-7.48950
-7.43929
-7.38907
-7.33886
-7.28865
-7.23862
-7.18859
-7.13857
-7.08854
-7.03852
-6.98850
-6.93849
-6.88847
-6.83817
-6.78786
-6.73756
-6.68725
-6.63704
-6.58683
-6.53662
-6.48641
-6.43623
-6.38605
-6.33586
-6.28568
-6.23555
-6.18542
-6.13530
-6.08517
-6.03472
-5.98428
-5.93384
-5.88339
-5.83291
-5.78243
-5.73194
-5.68146
-5.63100
-5.58055
-5.53010
-5.47965
-5.42920
-5.37875
-5.32830
-5.27785
-5.22684
-5.17584
-5.12483
-5.07383
-5.02146
-4.96908
-4.91670
-4.86433
-4.81275
-4.76118
-4.70961
-4.65803
-4.60601
-4.55399
-4.50198
-4.44996
-4.39870
-4.34745
-4.29619
-4.24494
-4.19494
-4.14494
-4.09495
-4.04495
-3.99502
-3.94510
-3.89517
-3.84524
-3.79549
-3.74574
-3.69599
-3.64624
-3.59646
-3.54668
-3.49690
-3.44711
-3.39757
-3.34803
-3.29848
-3.24894
-3.19943
-3.14992
-3.10041
-3.05091
-3.00173
-2.95256
-2.90339
-2.85422
-2.80541
-2.75660
-2.70779
-2.65898
-2.61037
-2.56176
-2.51315
-2.46454
-2.41731
-2.37008
-2.32285
-2.27562
-2.22767
-2.17972
-2.13177
-2.08382
-2.03988
-1.99594
-1.95199
-1.90805
-1.86206
-1.81606
-1.77006
-1.72407
-1.68420
-1.64433
-1.60446
-1.56459
-1.52242
-1.48025
-1.43808
-1.39591
-1.35915
-1.32240
-1.28565
-1.24890
-1.21126
-1.17363
-1.13599
-1.09835
-1.06262
-1.02689
-0.99115
-0.95542
-0.92009
-0.88476
-0.84942
-0.81409
-0.77719
-0.74028
-0.70338
-0.66647
-0.62983
-0.59318
-0.55653
-0.51988
-0.48004
-0.44020
-0.40036
-0.36052
-0.32052
-0.28051
-0.24050
-0.20049
-11.11495
-11.11495
-11.11495
-11.11495
-11.11495
-11.11495
-11.11495
-11.11495
-11.11495
-11.11495
-11.11495
-11.11495
-11.11495
-11.11495
-11.11495
-11.11495
-11.11495
-11.11495
-11.11495
-11.11495
-11.11495
-11.11495
-11.11495
-11.11495
-11.11495
-11.11495
-11.11495
-11.11495
-11.11495
-11.11495
-11.11495
-11.11495
-11.11495
-11.11495
-11.11495
-11.11495
-11.11495
-11.11495
-11.11495
-11.11495
-11.11495
-11.11495
-11.11495
-11.11495
-11.11495
-11.11495
-11.11495
-11.11495
-11.11495
-11.11495
-11.11495
-11.11495
-11.11495
-11.11495
-11.11495
-11.11495
-11.11495
-11.11495
-11.11495
-11.11495
-11.11495
-11.11495
-11.11495
-11.11495
-11.11495
-11.11495
-11.11495
-11.11495
-11.11495
-11.11495
-11.11495
-11.11495
-11.11495
-11.11495
-11.11495
-11.11495
-11.11495
-11.11495
-11.11495
-11.11495
-11.11495
-11.11495
-11.11495
-11.11495
-11.11495
-11.11495
-11.11495
-11.11495
-11.11495
-11.11495
-11.11495
-11.11495
-11.11495
-11.11495
-11.11495
-11.11495
-11.11495
-11.11495
-11.11495
-11.11495
-11.11495
-11.11495
-11.11495
-11.11495
-11.11495
-11.11495
-11.11495
-11.11495
-11.11495
-11.11495
-11.11495
-11.11495
-11.11495
-11.11495
-11.11495
-11.11495
-11.11495
-11.11495
-11.11495
-11.11495
-11.11495
-11.11495
-11.11495
-11.11495
-11.11495
-11.11495
-11.11495
-11.11495
-11.11495
-11.11495
-11.11495
-11.11495
-11.11495
-11.11495
-11.11495
-11.11495
-11.11495
-11.11495
-11.11495
-11.11495
-11.11495
-11.11495
-11.11495
-11.11495
-11.11495
-11.09984
-11.08474
-11.06963
-11.05452
-11.00452
-10.95453
-10.90453
-10.85453
-10.80428
-10.75403
-10.70378
-10.65353
-10.60206
-10.55060
-10.49913
-10.44766
-10.39675
-10.34583
-10.29492
-10.24401
-10.19398
-10.14395
-10.09392
-10.04390
-9.99390
-9.94390
-9.89391
-9.84391
-9.77070
-9.69749
-9.62429
-9.55108
-9.48474
-9.41840
-9.35207
-9.28573
-9.15220
-9.01867
-8.88514
-8.75161
-8.65171
-8.55181
-8.45192
-8.35202
-8.28738
-8.22275
-8.15811
-8.09348
-8.04315
-7.99281
-7.94248
-7.89215
-7.84185
-7.79156
-7.74126
-7.69097
-7.64060
-7.59023
-7.53986
-7.48950
-7.43929
-7.38907
-7.33886
-7.28865
-7.23862
-7.18859
-7.13857
-7.08854
-7.03852
-6.98850
-6.93849
-6.88847
-6.83817
-6.78786
-6.73756
-6.68725
-6.63704
-6.58683
-6.53662
-6.48641
-6.43623
-6.38605
-6.33586
-6.28568
-6.23555
-6.18542
-6.13530
-6.08517
-6.03472
-5.98428
-5.93384
-5.88339
-5.83291
-5.78243
-5.73194
-5.68146
-5.63100
-5.58055
-5.53010
-5.47965
-5.42920
-5.37875
-5.32830
-5.27785
-5.22684
-5.17584
-5.12483
-5.07383
-5.02146
-4.96908
-4.91670
-4.86433
-4.81275
-4.76118
-4.70961
-4.65803
-4.60601
-4.55399
-4.50198
-4.44996
-4.39870
-4.34745
-4.29619
-4.24494
-4.19494
-4.14494
-4.09495
-4.04495
-3.99502
-3.94510
-3.89517
-3.84524
-3.79549
-3.74574
-3.69599
-3.64624
-3.59646
-3.54668
-3.49690
-3.44711
-3.39757
-3.34803
-3.29848
-3.24894
-3.19943
-3.14992
-3.10041
-3.05091
-3.00173
-2.95256
-2.90339
-2.85422
-2.80541
-2.75660
-2.70779
-2.65898
-2.61037
-2.56176
-2.51315
-2.46454
-2.41731
-2.37008
-2.32285
-2.27562
-2.22767
-2.17972
-2.13177
-2.08382
-2.03988
-1.99594
-1.95199
-1.90805
-1.86206
-1.81606
-1.77006
-1.72407
-1.68420
-1.64433
-1.60446
-1.56459
-1.52242
-1.48025
-1.43808
-1.39591
-1.35915
-1.32240
-1.28565
-1.24890
-1.21126
-1.17363
-1.13599
-1.09835
-1.06262
-1.02689
-0.99115
-0.95542
-0.92009
-0.88476
-0.84942
-0.81409
-0.77719
-0.74028
-0.70338
-0.66647
-0.62983
-0.59318
-0.55653
-0.51988
-0.48004
-0.44020
-0.40036
-0.36052
-0.32052
-0.28051
-0.24050
-0.20049
-11.11495
-11.11495
-11.11495
-11.11495
-11.11495
-11.11495
-11.11495
-11.11495
-11.11495
-11.11495
-11.11495
-11.11495
-11.11495
-11.11495
-11.11495
-11.11495
-11.11495
-11.11495
-11.11495
-11.11495
-11.11495
-11.11495
-11.11495
-11.11495
-11.11495
-11.11495
-11.11495
-11.11495
-11.11495
-11.11495
-11.11495
-11.11495
-11.11495
-11.11495
-11.11495
-11.11495
-11.11495
-11.11495
-11.11495
-11.11495
-11.11495
-11.11495
-11.11495
-11.11495
-11.11495
-11.11495
-11.11495
-11.11495
-11.11495
-11.11495
-11.11495
-11.11495
-11.11495
-11.11495
-11.11495
-11.11495
-11.11495
-11.11495
-11.11495
-11.11495
-11.11495
-11.11495
-11.11495
-11.11495
-11.11495
-11.11495
-11.11495
-11.11495
-11.11495
-11.11495
-11.11495
-11.11495
-11.11495
-11.11495
-11.11495
-11.11495
-11.11495
-11.11495
-11.11495
-11.11495
-11.11495
-11.11495
-11.11495
-11.11495
-11.11495
-11.11495
-11.11495
-11.11495
-11.11495
-11.11495
-11.11495
-11.11495
-11.11495
-11.11495
-11.11495
-11.11495
-11.11495
-11.11495
-11.11495
-11.11495
-11.11495
-11.11495
-11.11495
-11.11495
-11.11495
-11.11495
-11.11495
-11.11495
-11.11495
-11.11495
-11.11495
-11.11495
-11.11495
-11.11495
-11.11495
-11.11495
-11.11495
-11.11495
-11.11495
-11.11495
-11.11495
-11.11495
-11.11495
-11.11495
-11.11495
-11.11495
-11.11495
-11.11495
-11.11495
-11.11495
-11.11495
-11.11495
-11.11495
-11.11495
-11.11495
-11.11495
-11.11495
-11.11495
-11.11495
-11.11495
-11.11495
-11.11495
-11.11495
-11.11495
-11.11495
-11.09984
-11.08474
-11.06963
-11.05452
-11.00452
-10.95453
-10.90453
-10.85453
-10.80428
-10.75403
-10.70378
-10.65353
-10.60206
-10.55060
-10.49913
-10.44766
-10.39675
-10.34583
-10.29492
-10.24401
-10.19398
-10.14395
-10.09392
-10.04390
-9.99390
-9.94390
-9.89391
-9.84391
-9.77070
-9.69749
-9.62429
-9.55108
-9.48474
-9.41840
-9.35207
-9.28573
-9.15220
-9.01867
-8.88514
-8.75161
-8.65171
-8.55181
-8.45192
-8.35202
-8.28738
-8.22275
-8.15811
-8.09348
-8.04315
-7.99281
-7.94248
-7.89215
-7.84185
-7.79156
-7.74126
-7.69097
-7.64060
-7.59023
-7.53986
-7.48950
-7.43929
-7.38907
-7.33886
-7.28865
-7.23862
-7.18859
-7.13857
-7.08854
-7.03852
-6.98850
-6.93849
-6.88847
-6.83817
-6.78786
-6.73756
-6.68725
-6.63704
-6.58683
-6.53662
-6.48641
-6.43623
-6.38605
-6.33586
-6.28568
-6.23555
-6.18542
-6.13530
-6.08517
-6.03472
-5.98428
-5.93384
-5.88339
-5.83291
-5.78243
-5.73194
-5.68146
-5.63100
-5.58055
-5.53010
-5.47965
-5.42920
-5.37875
-5.32830
-5.27785
-5.22684
-5.17584
-5.12483
-5.07383
-5.02146
-4.96908
-4.91670
-4.86433
-4.81275
-4.76118
-4.70961
-4.65803
-4.60601
-4.55399
-4.50198
-4.44996
-4.39870
-4.34745
-4.29619
-4.24494
-4.19494
-4.14494
-4.09495
-4.04495
-3.99502
-3.94510
-3.89517
-3.84524
-3.79549
-3.74574
-3.69599
-3.64624
-3.59646
-3.54668
-3.49690
-3.44711
-3.39757
-3.34803
-3.29848
-3.24894
-3.19943
-3.14992
-3.10041
-3.05091
-3.00173
-2.95256
-2.90339
-2.85422
-2.80541
-2.75660
-2.70779
-2.65898
-2.61037
-2.56176
-2.51315
-2.46454
-2.41731
-2.37008
-2.32285
-2.27562
-2.22767
-2.17972
-2.13177
-2.08382
-2.03988
-1.99594
-1.95199
-1.90805
-1.86206
-1.81606
-1.77006
-1.72407
-1.68420
-1.64433
-1.60446
-1.56459
-1.52242
-1.48025
-1.43808
-1.39591
-1.35915
-1.32240
-1.28565
-1.24890
-1.21126
-1.17363
-1.13599
-1.09835
-1.06262
-1.02689
-0.99115
-0.95542
-0.92009
-0.88476
-0.84942
-0.81409
-0.77719
-0.74028
-0.70338
-0.66647
-0.62983
-0.59318
-0.55653
-0.51988
-0.48004
-0.44020
-0.40036
-0.36052
-0.32052
-0.28051
-0.24050
-0.20049
-11.11495
-11.11495
-11.11495
-11.11495
-11.11495
-11.11495
-11.11495
-11.11495
-11.11495
-11.11495
-11.11495
-11.11495
-11.11495
-11.11495
-11.11495
-11.11495
-11.11495
-11.11495
-11.11495
-11.11495
-11.11495
-11.11495
-11.11495
-11.11495
-11.11495
-11.11495
-11.11495
-11.11495
-11.11495
-11.11495
-11.11495
-11.11495
-11.11495
-11.11495
-11.11495
-11.11495
-11.11495
-11.11495
-11.11495
-11.11495
-11.11495
-11.11495
-11.11495
-11.11495
-11.11495
-11.11495
-11.11495
-11.11495
-11.11495
-11.11495
-11.11495
-11.11495
-11.11495
-11.11495
-11.11495
-11.11495
-11.11495
-11.11495
-11.11495
-11.11495
-11.11495
-11.11495
-11.11495
-11.11495
-11.11495
-11.11495
-11.11495
-11.11495
-11.11495
-11.11495
-11.11495
-11.11495
-11.11495
-11.11495
-11.11495
-11.11495
-11.11495
-11.11495
-11.11495
-11.11495
-11.11495
-11.11495
-11.11495
-11.11495
-11.11495
-11.11495
-11.11495
-11.11495
-11.11495
-11.11495
-11.11495
-11.11495
-11.11495
-11.11495
-11.11495
-11.11495
-11.11495
-11.11495
-11.11495
-11.11495
-11.11495
-11.11495
-11.11495
-11.11495
-11.11495
-11.11495
-11.11495
-11.11495
-11.11495
-11.11495
-11.11495
-11.11495
-11.11495
-11.11495
-11.11495
-11.11495
-11.11495
-11.11495
-11.11495
-11.11495
-11.11495
-11.11495
-11.11495
-11.11495
-11.11495
-11.11495
-11.11495
-11.11495
-11.11495
-11.11495
-11.11495
-11.11495
-11.11495
-11.11495
-11.11495
-11.11495
-11.11495
-11.11495
-11.11495
-11.11495
-11.11495
-11.11495
-11.11495
-11.11495
-11.11495
-11.09984
-11.08474
-11.06963
-11.05452
-11.00452
-10.95453
-10.90453
-10.85453
-10.80428
-10.75403
-10.70378
-10.65353
-10.60206
-10.55060
-10.49913
-10.44766
-10.39675
-10.34583
-10.29492
-10.24401
-10.19398
-10.14395
-10.09392
-10.04390
-9.99390
-9.94390
-9.89391
-9.84391
-9.77070
-9.69749
-9.62429
-9.55108
-9.48474
-9.41840
-9.35207
-9.28573
-9.15220
-9.01867
-8.88514
-8.75161
-8.65171
-8.55181
-8.45192
-8.35202
-8.28738
-8.22275
-8.15811
-8.09348
-8.04315
-7.99281
-7.94248
-7.89215
-7.84185
-7.79156
-7.74126
-7.69097
-7.64060
-7.59023
-7.53986
-7.48950
-7.43929
-7.38907
-7.33886
-7.28865
-7.23862
-7.18859
-7.13857
-7.08854
-7.03852
-6.98850
-6.93849
-6.88847
-6.83817
-6.78786
-6.73756
-6.68725
-6.63704
-6.58683
-6.53662
-6.48641
-6.43623
-6.38605
-6.33586
-6.28568
-6.23555
-6.18542
-6.13530
-6.08517
-6.03472
-5.98428
-5.93384
-5.88339
-5.83291
-5.78243
-5.73194
-5.68146
-5.63100
-5.58055
-5.53010
-5.47965
-5.42920
-5.37875
-5.32830
-5.27785
-5.22684
-5.17584
-5.12483
-5.07383
-5.02146
-4.96908
-4.91670
-4.86433
-4.81275
-4.76118
-4.70961
-4.65803
-4.60601
-4.55399
-4.50198
-4.44996
-4.39870
-4.34745
-4.29619
-4.24494
-4.19494
-4.14494
-4.09495
-4.04495
-3.99502
-3.94510
-3.89517
-3.84524
-3.79549
-3.74574
-3.69599
-3.64624
-3.59646
-3.54668
-3.49690
-3.44711
-3.39757
-3.34803
-3.29848
-3.24894
-3.19943
-3.14992
-3.10041
-3.05091
-3.00173
-2.95256
-2.90339
-2.85422
-2.80541
-2.75660
-2.70779
-2.65898
-2.61037
-2.56176
-2.51315
-2.46454
-2.41731
-2.37008
-2.32285
-2.27562
-2.22767
-2.17972
-2.13177
-2.08382
-2.03988
-1.99594
-1.95199
-1.90805
-1.86206
-1.81606
-1.77006
-1.72407
-1.68420
-1.64433
-1.60446
-1.56459
-1.52242
-1.48025
-1.43808
-1.39591
-1.35915
-1.32240
-1.28565
-1.24890
-1.21126
-1.17363
-1.13599
-1.09835
-1.06262
-1.02689
-0.99115
-0.95542
-0.92009
-0.88476
-0.84942
-0.81409
-0.77719
-0.74028
-0.70338
-0.66647
-0.62983
-0.59318
-0.55653
-0.51988
-0.48004
-0.44020
-0.40036
-0.36052
-0.32052
-0.28051
-0.24050
-0.20049
-11.11495
-11.11495
-11.11495
-11.11495
-11.11495
-11.11495
-11.11495
-11.11495
-11.11495
-11.11495
-11.11495
-11.11495
-11.11495
-11.11495
-11.11495
-11.11495
-11.11495
-11.11495
-11.11495
-11.11495
-11.11495
-11.11495
-11.11495
-11.11495
-11.11495
-11.11495
-11.11495
-11.11495
-11.11495
-11.11495
-11.11495
-11.11495
-11.11495
-11.11495
-11.11495
-11.11495
-11.11495
-11.11495
-11.11495
-11.11495
-11.11495
-11.11495
-11.11495
-11.11495
-11.11495
-11.11495
-11.11495
-11.11495
-11.11495
-11.11495
-11.11495
-11.11495
-11.11495
-11.11495
-11.11495
-11.11495
-11.11495
-11.11495
-11.11495
-11.11495
-11.11495
-11.11495
-11.11495
-11.11495
-11.11495
-11.11495
-11.11495
-11.11495
-11.11495
-11.11495
-11.11495
-11.11495
-11.11495
-11.11495
-11.11495
-11.11495
-11.11495
-11.11495
-11.11495
-11.11495
-11.11495
-11.11495
-11.11495
-11.11495
-11.11495
-11.11495
-11.11495
-11.11495
-11.11495
-11.11495
-11.11495
-11.11495
-11.11495
-11.11495
-11.11495
-11.11495
-11.11495
-11.11495
-11.11495
-11.11495
-11.11495
-11.11495
-11.11495
-11.11495
-11.11495
-11.11495
-11.11495
-11.11495
-11.11495
-11.11495
-11.11495
-11.11495
-11.11495
-11.11495
-11.11495
-11.11495
-11.11495
-11.11495
-11.11495
-11.11495
-11.11495
-11.11495
-11.11495
-11.11495
-11.11495
-11.11495
-11.11495
-11.11495
-11.11495
-11.11495
-11.11495
-11.11495
-11.11495
-11.11495
-11.11495
-11.11495
-11.11495
-11.11495
-11.11495
-11.11495
-11.11495
-11.11495
-11.11495
-11.11495
-11.11495
-11.09984
-11.08474
-11.06963
-11.05452
-11.00452
-10.95453
-10.90453
-10.85453
-10.80428
-10.75403
-10.70378
-10.65353
-10.60206
-10.55060
-10.49913
-10.44766
-10.39675
-10.34583
-10.29492
-10.24401
-10.19398
-10.14395
-10.09392
-10.04390
-9.99390
-9.94390
-9.89391
-9.84391
-9.77070
-9.69749
-9.62429
-9.55108
-9.48474
-9.41840
-9.35207
-9.28573
-9.15220
-9.01867
-8.88514
-8.75161
-8.65171
-8.55181
-8.45192
-8.35202
-8.28738
-8.22275
-8.15811
-8.09348
-8.04315
-7.99281
-7.94248
-7.89215
-7.84185
-7.79156
-7.74126
-7.69097
-7.64060
-7.59023
-7.53986
-7.48950
-7.43929
-7.38907
-7.33886
-7.28865
-7.23862
-7.18859
-7.13857
-7.08854
-7.03852
-6.98850
-6.93849
-6.88847
-6.83817
-6.78786
-6.73756
-6.68725
-6.63704
-6.58683
-6.53662
-6.48641
-6.43623
-6.38605
-6.33586
-6.28568
-6.23555
-6.18542
-6.13530
-6.08517
-6.03472
-5.98428
-5.93384
-5.88339
-5.83291
-5.78243
-5.73194
-5.68146
-5.63100
-5.58055
-5.53010
-5.47965
-5.42920
-5.37875
-5.32830
-5.27785
-5.22684
-5.17584
-5.12483
-5.07383
-5.02146
-4.96908
-4.91670
-4.86433
-4.81275
-4.76118
-4.70961
-4.65803
-4.60601
-4.55399
-4.50198
-4.44996
-4.39870
-4.34745
-4.29619
-4.24494
-4.19494
-4.14494
-4.09495
-4.04495
-3.99502
-3.94510
-3.89517
-3.84524
-3.79549
-3.74574
-3.69599
-3.64624
-3.59646
-3.54668
-3.49690
-3.44711
-3.39757
-3.34803
-3.29848
-3.24894
-3.19943
-3.14992
-3.10041
-3.05091
-3.00173
-2.95256
-2.90339
-2.85422
-2.80541
-2.75660
-2.70779
-2.65898
-2.61037
-2.56176
-2.51315
-2.46454
-2.41731
-2.37008
-2.32285
-2.27562
-2.22767
-2.17972
-2.13177
-2.08382
-2.03988
-1.99594
-1.95199
-1.90805
-1.86206
-1.81606
-1.77006
-1.72407
-1.68420
-1.64433
-1.60446
-1.56459
-1.52242
-1.48025
-1.43808
-1.39591
-1.35915
-1.32240
-1.28565
-1.24890
-1.21126
-1.17363
-1.13599
-1.09835
-1.06262
-1.02689
-0.99115
-0.95542
-0.92009
-0.88476
-0.84942
-0.81409
-0.77719
-0.74028
-0.70338
-0.66647
-0.62983
-0.59318
-0.55653
-0.51988
-0.48004
-0.44020
-0.40036
-0.36052
-0.32052
-0.28051
-0.24050
-0.20049
-11.11495
-11.11495
-11.11495
-11.11495
-11.11495
-11.11495
-11.11495
-11.11495
-11.11495
-11.11495
-11.11495
-11.11495
-11.11495
-11.11495
-11.11495
-11.11495
-11.11495
-11.11495
-11.11495
-11.11495
-11.11495
-11.11495
-11.11495
-11.11495
-11.11495
-11.11495
-11.11495
-11.11495
-11.11495
-11.11495
-11.11495
-11.11495
-11.11495
-11.11495
-11.11495
-11.11495
-11.11495
-11.11495
-11.11495
-11.11495
-11.11495
-11.11495
-11.11495
-11.11495
-11.11495
-11.11495
-11.11495
-11.11495
-11.11495
-11.11495
-11.11495
-11.11495
-11.11495
-11.11495
-11.11495
-11.11495
-11.11495
-11.11495
-11.11495
-11.11495
-11.11495
-11.11495
-11.11495
-11.11495
-11.11495
-11.11495
-11.11495
-11.11495
-11.11495
-11.11495
-11.11495
-11.11495
-11.11495
-11.11495
-11.11495
-11.11495
-11.11495
-11.11495
-11.11495
-11.11495
-11.11495
-11.11495
-11.11495
-11.11495
-11.11495
-11.11495
-11.11495
-11.11495
-11.11495
-11.11495
-11.11495
-11.11495
-11.11495
-11.11495
-11.11495
-11.11495
-11.11495
-11.11495
-11.11495
-11.11495
-11.11495
-11.11495
-11.11495
-11.11495
-11.11495
-11.11495
-11.11495
-11.11495
-11.11495
-11.11495
-11.11495
-11.11495
-11.11495
-11.11495
-11.11495
-11.11495
-11.11495
-11.11495
-11.11495
-11.11495
-11.11495
-11.11495
-11.11495
-11.11495
-11.11495
-11.11495
-11.11495
-11.11495
-11.11495
-11.11495
-11.11495
-11.11495
-11.11495
-11.11495
-11.11495
-11.11495
-11.11495
-11.11495
-11.11495
-11.11495
-11.11495
-11.11495
-11.11495
-11.11495
-11.11495
-11.09984
-11.08474
-11.06963
-11.05452
-11.00452
-10.95453
-10.90453
-10.85453
-10.80428
-10.75403
-10.70378
-10.65353
-10.60206
-10.55060
-10.49913
-10.44766
-10.39675
-10.34583
-10.29492
-10.24401
-10.19398
-10.14395
-10.09392
-10.04390
-9.99390
-9.94390
-9.89391
-9.84391
-9.77070
-9.69749
-9.62429
-9.55108
-9.48474
-9.41840
-9.35207
-9.28573
-9.15220
-9.01867
-8.88514
-8.75161
-8.65171
-8.55181
-8.45192
-8.35202
-8.28738
-8.22275
-8.15811
-8.09348
-8.04315
-7.99281
-7.94248
-7.89215
-7.84185
-7.79156
-7.74126
-7.69097
-7.64060
-7.59023
-7.53986
-7.48950
-7.43929
-7.38907
-7.33886
-7.28865
-7.23862
-7.18859
-7.13857
-7.08854
-7.03852
-6.98850
-6.93849
-6.88847
-6.83817
-6.78786
-6.73756
-6.68725
-6.63704
-6.58683
-6.53662
-6.48641
-6.43623
-6.38605
-6.33586
-6.28568
-6.23555
-6.18542
-6.13530
-6.08517
-6.03472
-5.98428
-5.93384
-5.88339
-5.83291
-5.78243
-5.73194
-5.68146
-5.63100
-5.58055
-5.53010
-5.47965
-5.42920
-5.37875
-5.32830
-5.27785
-5.22684
-5.17584
-5.12483
-5.07383
-5.02146
-4.96908
-4.91670
-4.86433
-4.81275
-4.76118
-4.70961
-4.65803
-4.60601
-4.55399
-4.50198
-4.44996
-4.39870
-4.34745
-4.29619
-4.24494
-4.19494
-4.14494
-4.09495
-4.04495
-3.99502
-3.94510
-3.89517
-3.84524
-3.79549
-3.74574
-3.69599
-3.64624
-3.59646
-3.54668
-3.49690
-3.44711
-3.39757
-3.34803
-3.29848
-3.24894
-3.19943
-3.14992
-3.10041
-3.05091
-3.00173
-2.95256
-2.90339
-2.85422
-2.80541
-2.75660
-2.70779
-2.65898
-2.61037
-2.56176
-2.51315
-2.46454
-2.41731
-2.37008
-2.32285
-2.27562
-2.22767
-2.17972
-2.13177
-2.08382
-2.03988
-1.99594
-1.95199
-1.90805
-1.86206
-1.81606
-1.77006
-1.72407
-1.68420
-1.64433
-1.60446
-1.56459
-1.52242
-1.48025
-1.43808
-1.39591
-1.35915
-1.32240
-1.28565
-1.24890
-1.21126
-1.17363
-1.13599
-1.09835
-1.06262
-1.02689
-0.99115
-0.95542
-0.92009
-0.88476
-0.84942
-0.81409
-0.77719
-0.74028
-0.70338
-0.66647
-0.62983
-0.59318
-0.55653
-0.51988
-0.48004
-0.44020
-0.40036
-0.36052
-0.32052
-0.28051
-0.24050
-0.20049
-11.11495
-11.11495
-11.11495
-11.11495
-11.11495
-11.11495
-11.11495
-11.11495
-11.11495
-11.11495
-11.11495
-11.11495
-11.11495
-11.11495
-11.11495
-11.11495
-11.11495
-11.11495
-11.11495
-11.11495
-11.11495
-11.11495
-11.11495
-11.11495
-11.11495
-11.11495
-11.11495
-11.11495
-11.11495
-11.11495
-11.11495
-11.11495
-11.11495
-11.11495
-11.11495
-11.11495
-11.11495
-11.11495
-11.11495
-11.11495
-11.11495
-11.11495
-11.11495
-11.11495
-11.11495
-11.11495
-11.11495
-11.11495
-11.11495
-11.11495
-11.11495
-11.11495
-11.11495
-11.11495
-11.11495
-11.11495
-11.11495
-11.11495
-11.11495
-11.11495
-11.11495
-11.11495
-11.11495
-11.11495
-11.11495
-11.11495
-11.11495
-11.11495
-11.11495
-11.11495
-11.11495
-11.11495
-11.11495
-11.11495
-11.11495
-11.11495
-11.11495
-11.11495
-11.11495
-11.11495
-11.11495
-11.11495
-11.11495
-11.11495
-11.11495
-11.11495
-11.11495
-11.11495
-11.11495
-11.11495
-11.11495
-11.11495
-11.11495
-11.11495
-11.11495
-11.11495
-11.11495
-11.11495
-11.11495
-11.11495
-11.11495
-11.11495
-11.11495
-11.11495
-11.11495
-11.11495
-11.11495
-11.11495
-11.11495
-11.11495
-11.11495
-11.11495
-11.11495
-11.11495
-11.11495
-11.11495
-11.11495
-11.11495
-11.11495
-11.11495
-11.11495
-11.11495
-11.11495
-11.11495
-11.11495
-11.11495
-11.11495
-11.11495
-11.11495
-11.11495
-11.11495
-11.11495
-11.11495
-11.11495
-11.11495
-11.11495
-11.11495
-11.11495
-11.11495
-11.11495
-11.11495
-11.11495
-11.11495
-11.11495
-11.11495
-11.09984
-11.08474
-11.06963
-11.05452
-11.00452
-10.95453
-10.90453
-10.85453
-10.80428
-10.75403
-10.70378
-10.65353
-10.60206
-10.55060
-10.49913
-10.44766
-10.39675
-10.34583
-10.29492
-10.24401
-10.19398
-10.14395
-10.09392
-10.04390
-9.99390
-9.94390
-9.89391
-9.84391
-9.77070
-9.69749
-9.62429
-9.55108
-9.48474
-9.41840
-9.35207
-9.28573
-9.15220
-9.01867
-8.88514
-8.75161
-8.65171
-8.55181
-8.45192
-8.35202
-8.28738
-8.22275
-8.15811
-8.09348
-8.04315
-7.99281
-7.94248
-7.89215
-7.84185
-7.79156
-7.74126
-7.69097
-7.64060
-7.59023
-7.53986
-7.48950
-7.43929
-7.38907
-7.33886
-7.28865
-7.23862
-7.18859
-7.13857
-7.08854
-7.03852
-6.98850
-6.93849
-6.88847
-6.83817
-6.78786
-6.73756
-6.68725
-6.63704
-6.58683
-6.53662
-6.48641
-6.43623
-6.38605
-6.33586
-6.28568
-6.23555
-6.18542
-6.13530
-6.08517
-6.03472
-5.98428
-5.93384
-5.88339
-5.83291
-5.78243
-5.73194
-5.68146
-5.63100
-5.58055
-5.53010
-5.47965
-5.42920
-5.37875
-5.32830
-5.27785
-5.22684
-5.17584
-5.12483
-5.07383
-5.02146
-4.96908
-4.91670
-4.86433
-4.81275
-4.76118
-4.70961
-4.65803
-4.60601
-4.55399
-4.50198
-4.44996
-4.39870
-4.34745
-4.29619
-4.24494
-4.19494
-4.14494
-4.09495
-4.04495
-3.99502
-3.94510
-3.89517
-3.84524
-3.79549
-3.74574
-3.69599
-3.64624
-3.59646
-3.54668
-3.49690
-3.44711
-3.39757
-3.34803
-3.29848
-3.24894
-3.19943
-3.14992
-3.10041
-3.05091
-3.00173
-2.95256
-2.90339
-2.85422
-2.80541
-2.75660
-2.70779
-2.65898
-2.61037
-2.56176
-2.51315
-2.46454
-2.41731
-2.37008
-2.32285
-2.27562
-2.22767
-2.17972
-2.13177
-2.08382
-2.03988
-1.99594
-1.95199
-1.90805
-1.86206
-1.81606
-1.77006
-1.72407
-1.68420
-1.64433
-1.60446
-1.56459
-1.52242
-1.48025
-1.43808
-1.39591
-1.35915
-1.32240
-1.28565
-1.24890
-1.21126
-1.17363
-1.13599
-1.09835
-1.06262
-1.02689
-0.99115
-0.95542
-0.92009
-0.88476
-0.84942
-0.81409
-0.77719
-0.74028
-0.70338
-0.66647
-0.62983
-0.59318
-0.55653
-0.51988
-0.48004
-0.44020
-0.40036
-0.36052
-0.32052
-0.28051
-0.24050
-0.20049
-11.11495
-11.11495
-11.11495
-11.11495
-11.11495
-11.11495
-11.11495
-11.11495
-11.11495
-11.11495
-11.11495
-11.11495
-11.11495
-11.11495
-11.11495
-11.11495
-11.11495
-11.11495
-11.11495
-11.11495
-11.11495
-11.11495
-11.11495
-11.11495
-11.11495
-11.11495
-11.11495
-11.11495
-11.11495
-11.11495
-11.11495
-11.11495
-11.11495
-11.11495
-11.11495
-11.11495
-11.11495
-11.11495
-11.11495
-11.11495
-11.11495
-11.11495
-11.11495
-11.11495
-11.11495
-11.11495
-11.11495
-11.11495
-11.11495
-11.11495
-11.11495
-11.11495
-11.11495
-11.11495
-11.11495
-11.11495
-11.11495
-11.11495
-11.11495
-11.11495
-11.11495
-11.11495
-11.11495
-11.11495
-11.11495
-11.11495
-11.11495
-11.11495
-11.11495
-11.11495
-11.11495
-11.11495
-11.11495
-11.11495
-11.11495
-11.11495
-11.11495
-11.11495
-11.11495
-11.11495
-11.11495
-11.11495
-11.11495
-11.11495
-11.11495
-11.11495
-11.11495
-11.11495
-11.11495
-11.11495
-11.11495
-11.11495
-11.11495
-11.11495
-11.11495
-11.11495
-11.11495
-11.11495
-11.11495
-11.11495
-11.11495
-11.11495
-11.11495
-11.11495
-11.11495
-11.11495
-11.11495
-11.11495
-11.11495
-11.11495
-11.11495
-11.11495
-11.11495
-11.11495
-11.11495
-11.11495
-11.11495
-11.11495
-11.11495
-11.11495
-11.11495
-11.11495
-11.11495
-11.11495
-11.11495
-11.11495
-11.11495
-11.11495
-11.11495
-11.11495
-11.11495
-11.11495
-11.11495
-11.11495
-11.11495
-11.11495
-11.11495
-11.11495
-11.11495
-11.11495
-11.11495
-11.11495
-11.11495
-11.11495
-11.11495
-11.09984
-11.08474
-11.06963
-11.05452
-11.00452
-10.95453
-10.90453
-10.85453
-10.80428
-10.75403
-10.70378
-10.65353
-10.60206
-10.55060
-10.49913
-10.44766
-10.39675
-10.34583
-10.29492
-10.24401
-10.19398
-10.14395
-10.09392
-10.04390
-9.99390
-9.94390
-9.89391
-9.84391
-9.77070
-9.69749
-9.62429
-9.55108
-9.48474
-9.41840
-9.35207
-9.28573
-9.15220
-9.01867
-8.88514
-8.75161
-8.65171
-8.55181
-8.45192
-8.35202
-8.28738
-8.22275
-8.15811
-8.09348
-8.04315
-7.99281
-7.94248
-7.89215
-7.84185
-7.79156
-7.74126
-7.69097
-7.64060
-7.59023
-7.53986
-7.48950
-7.43929
-7.38907
-7.33886
-7.28865
-7.23862
-7.18859
-7.13857
-7.08854
-7.03852
-6.98850
-6.93849
-6.88847
-6.83817
-6.78786
-6.73756
-6.68725
-6.63704
-6.58683
-6.53662
-6.48641
-6.43623
-6.38605
-6.33586
-6.28568
-6.23555
-6.18542
-6.13530
-6.08517
-6.03472
-5.98428
-5.93384
-5.88339
-5.83291
-5.78243
-5.73194
-5.68146
-5.63100
-5.58055
-5.53010
-5.47965
-5.42920
-5.37875
-5.32830
-5.27785
-5.22684
-5.17584
-5.12483
-5.07383
-5.02146
-4.96908
-4.91670
-4.86433
-4.81275
-4.76118
-4.70961
-4.65803
-4.60601
-4.55399
-4.50198
-4.44996
-4.39870
-4.34745
-4.29619
-4.24494
-4.19494
-4.14494
-4.09495
-4.04495
-3.99502
-3.94510
-3.89517
-3.84524
-3.79549
-3.74574
-3.69599
-3.64624
-3.59646
-3.54668
-3.49690
-3.44711
-3.39757
-3.34803
-3.29848
-3.24894
-3.19943
-3.14992
-3.10041
-3.05091
-3.00173
-2.95256
-2.90339
-2.85422
-2.80541
-2.75660
-2.70779
-2.65898
-2.61037
-2.56176
-2.51315
-2.46454
-2.41731
-2.37008
-2.32285
-2.27562
-2.22767
-2.17972
-2.13177
-2.08382
-2.03988
-1.99594
-1.95199
-1.90805
-1.86206
-1.81606
-1.77006
-1.72407
-1.68420
-1.64433
-1.60446
-1.56459
-1.52242
-1.48025
-1.43808
-1.39591
-1.35915
-1.32240
-1.28565
-1.24890
-1.21126
-1.17363
-1.13599
-1.09835
-1.06262
-1.02689
-0.99115
-0.95542
-0.92009
-0.88476
-0.84942
-0.81409
-0.77719
-0.74028
-0.70338
-0.66647
-0.62983
-0.59318
-0.55653
-0.51988
-0.48004
-0.44020
-0.40036
-0.36052
-0.32052
-0.28051
-0.24050
-0.20049
-11.11495
-11.11495
-11.11495
-11.11495
-11.11495
-11.11495
-11.11495
-11.11495
-11.11495
-11.11495
-11.11495
-11.11495
-11.11495
-11.11495
-11.11495
-11.11495
-11.11495
-11.11495
-11.11495
-11.11495
-11.11495
-11.11495
-11.11495
-11.11495
-11.11495
-11.11495
-11.11495
-11.11495
-11.11495
-11.11495
-11.11495
-11.11495
-11.11495
-11.11495
-11.11495
-11.11495
-11.11495
-11.11495
-11.11495
-11.11495
-11.11495
-11.11495
-11.11495
-11.11495
-11.11495
-11.11495
-11.11495
-11.11495
-11.11495
-11.11495
-11.11495
-11.11495
-11.11495
-11.11495
-11.11495
-11.11495
-11.11495
-11.11495
-11.11495
-11.11495
-11.11495
-11.11495
-11.11495
-11.11495
-11.11495
-11.11495
-11.11495
-11.11495
-11.11495
-11.11495
-11.11495
-11.11495
-11.11495
-11.11495
-11.11495
-11.11495
-11.11495
-11.11495
-11.11495
-11.11495
-11.11495
-11.11495
-11.11495
-11.11495
-11.11495
-11.11495
-11.11495
-11.11495
-11.11495
-11.11495
-11.11495
-11.11495
-11.11495
-11.11495
-11.11495
-11.11495
-11.11495
-11.11495
-11.11495
-11.11495
-11.11495
-11.11495
-11.11495
-11.11495
-11.11495
-11.11495
-11.11495
-11.11495
-11.11495
-11.11495
-11.11495
-11.11495
-11.11495
-11.11495
-11.11495
-11.11495
-11.11495
-11.11495
-11.11495
-11.11495
-11.11495
-11.11495
-11.11495
-11.11495
-11.11495
-11.11495
-11.11495
-11.11495
-11.11495
-11.11495
-11.11495
-11.11495
-11.11495
-11.11495
-11.11495
-11.11495
-11.11495
-11.11495
-11.11495
-11.11495
-11.11495
-11.11495
-11.11495
-11.11495
-11.11495
-11.09984
-11.08474
-11.06963
-11.05452
-11.00452
-10.95453
-10.90453
-10.85453
-10.80428
-10.75403
-10.70378
-10.65353
-10.60206
-10.55060
-10.49913
-10.44766
-10.39675
-10.34583
-10.29492
-10.24401
-10.19398
-10.14395
-10.09392
-10.04390
-9.99390
-9.94390
-9.89391
-9.84391
-9.77070
-9.69749
-9.62429
-9.55108
-9.48474
-9.41840
-9.35207
-9.28573
-9.15220
-9.01867
-8.88514
-8.75161
-8.65171
-8.55181
-8.45192
-8.35202
-8.28738
-8.22275
-8.15811
-8.09348
-8.04315
-7.99281
-7.94248
-7.89215
-7.84185
-7.79156
-7.74126
-7.69097
-7.64060
-7.59023
-7.53986
-7.48950
-7.43929
-7.38907
-7.33886
-7.28865
-7.23862
-7.18859
-7.13857
-7.08854
-7.03852
-6.98850
-6.93849
-6.88847
-6.83817
-6.78786
-6.73756
-6.68725
-6.63704
-6.58683
-6.53662
-6.48641
-6.43623
-6.38605
-6.33586
-6.28568
-6.23555
-6.18542
-6.13530
-6.08517
-6.03472
-5.98428
-5.93384
-5.88339
-5.83291
-5.78243
-5.73194
-5.68146
-5.63100
-5.58055
-5.53010
-5.47965
-5.42920
-5.37875
-5.32830
-5.27785
-5.22684
-5.17584
-5.12483
-5.07383
-5.02146
-4.96908
-4.91670
-4.86433
-4.81275
-4.76118
-4.70961
-4.65803
-4.60601
-4.55399
-4.50198
-4.44996
-4.39870
-4.34745
-4.29619
-4.24494
-4.19494
-4.14494
-4.09495
-4.04495
-3.99502
-3.94510
-3.89517
-3.84524
-3.79549
-3.74574
-3.69599
-3.64624
-3.59646
-3.54668
-3.49690
-3.44711
-3.39757
-3.34803
-3.29848
-3.24894
-3.19943
-3.14992
-3.10041
-3.05091
-3.00173
-2.95256
-2.90339
-2.85422
-2.80541
-2.75660
-2.70779
-2.65898
-2.61037
-2.56176
-2.51315
-2.46454
-2.41731
-2.37008
-2.32285
-2.27562
-2.22767
-2.17972
-2.13177
-2.08382
-2.03988
-1.99594
-1.95199
-1.90805
-1.86206
-1.81606
-1.77006
-1.72407
-1.68420
-1.64433
-1.60446
-1.56459
-1.52242
-1.48025
-1.43808
-1.39591
-1.35915
-1.32240
-1.28565
-1.24890
-1.21126
-1.17363
-1.13599
-1.09835
-1.06262
-1.02689
-0.99115
-0.95542
-0.92009
-0.88476
-0.84942
-0.81409
-0.77719
-0.74028
-0.70338
-0.66647
-0.62983
-0.59318
-0.55653
-0.51988
-0.48004
-0.44020
-0.40036
-0.36052
-0.32052
-0.28051
-0.24050
-0.20049
-11.11495
-11.11495
-11.11495
-11.11495
-11.11495
-11.11495
-11.11495
-11.11495
-11.11495
-11.11495
-11.11495
-11.11495
-11.11495
-11.11495
-11.11495
-11.11495
-11.11495
-11.11495
-11.11495
-11.11495
-11.11495
-11.11495
-11.11495
-11.11495
-11.11495
-11.11495
-11.11495
-11.11495
-11.11495
-11.11495
-11.11495
-11.11495
-11.11495
-11.11495
-11.11495
-11.11495
-11.11495
-11.11495
-11.11495
-11.11495
-11.11495
-11.11495
-11.11495
-11.11495
-11.11495
-11.11495
-11.11495
-11.11495
-11.11495
-11.11495
-11.11495
-11.11495
-11.11495
-11.11495
-11.11495
-11.11495
-11.11495
-11.11495
-11.11495
-11.11495
-11.11495
-11.11495
-11.11495
-11.11495
-11.11495
-11.11495
-11.11495
-11.11495
-11.11495
-11.11495
-11.11495
-11.11495
-11.11495
-11.11495
-11.11495
-11.11495
-11.11495
-11.11495
-11.11495
-11.11495
-11.11495
-11.11495
-11.11495
-11.11495
-11.11495
-11.11495
-11.11495
-11.11495
-11.11495
-11.11495
-11.11495
-11.11495
-11.11495
-11.11495
-11.11495
-11.11495
-11.11495
-11.11495
-11.11495
-11.11495
-11.11495
-11.11495
-11.11495
-11.11495
-11.11495
-11.11495
-11.11495
-11.11495
-11.11495
-11.11495
-11.11495
-11.11495
-11.11495
-11.11495
-11.11495
-11.11495
-11.11495
-11.11495
-11.11495
-11.11495
-11.11495
-11.11495
-11.11495
-11.11495
-11.11495
-11.11495
-11.11495
-11.11495
-11.11495
-11.11495
-11.11495
-11.11495
-11.11495
-11.11495
-11.11495
-11.11495
-11.11495
-11.11495
-11.11495
-11.11495
-11.11495
-11.11495
-11.11495
-11.11495
-11.11495
-11.09984
-11.08474
-11.06963
-11.05452
-11.00452
-10.95453
-10.90453
-10.85453
-10.80428
-10.75403
-10.70378
-10.65353
-10.60206
-10.55060
-10.49913
-10.44766
-10.39675
-10.34583
-10.29492
-10.24401
-10.19398
-10.14395
-10.09392
-10.04390
-9.99390
-9.94390
-9.89391
-9.84391
-9.77070
-9.69749
-9.62429
-9.55108
-9.48474
-9.41840
-9.35207
-9.28573
-9.15220
-9.01867
-8.88514
-8.75161
-8.65171
-8.55181
-8.45192
-8.35202
-8.28738
-8.22275
-8.15811
-8.09348
-8.04315
-7.99281
-7.94248
-7.89215
-7.84185
-7.79156
-7.74126
-7.69097
-7.64060
-7.59023
-7.53986
-7.48950
-7.43929
-7.38907
-7.33886
-7.28865
-7.23862
-7.18859
-7.13857
-7.08854
-7.03852
-6.98850
-6.93849
-6.88847
-6.83817
-6.78786
-6.73756
-6.68725
-6.63704
-6.58683
-6.53662
-6.48641
-6.43623
-6.38605
-6.33586
-6.28568
-6.23555
-6.18542
-6.13530
-6.08517
-6.03472
-5.98428
-5.93384
-5.88339
-5.83291
-5.78243
-5.73194
-5.68146
-5.63100
-5.58055
-5.53010
-5.47965
-5.42920
-5.37875
-5.32830
-5.27785
-5.22684
-5.17584
-5.12483
-5.07383
-5.02146
-4.96908
-4.91670
-4.86433
-4.81275
-4.76118
-4.70961
-4.65803
-4.60601
-4.55399
-4.50198
-4.44996
-4.39870
-4.34745
-4.29619
-4.24494
-4.19494
-4.14494
-4.09495
-4.04495
-3.99502
-3.94510
-3.89517
-3.84524
-3.79549
-3.74574
-3.69599
-3.64624
-3.59646
-3.54668
-3.49690
-3.44711
-3.39757
-3.34803
-3.29848
-3.24894
-3.19943
-3.14992
-3.10041
-3.05091
-3.00173
-2.95256
-2.90339
-2.85422
-2.80541
-2.75660
-2.70779
-2.65898
-2.61037
-2.56176
-2.51315
-2.46454
-2.41731
-2.37008
-2.32285
-2.27562
-2.22767
-2.17972
-2.13177
-2.08382
-2.03988
-1.99594
-1.95199
-1.90805
-1.86206
-1.81606
-1.77006
-1.72407
-1.68420
-1.64433
-1.60446
-1.56459
-1.52242
-1.48025
-1.43808
-1.39591
-1.35915
-1.32240
-1.28565
-1.24890
-1.21126
-1.17363
-1.13599
-1.09835
-1.06262
-1.02689
-0.99115
-0.95542
-0.92009
-0.88476
-0.84942
-0.81409
-0.77719
-0.74028
-0.70338
-0.66647
-0.62983
-0.59318
-0.55653
-0.51988
-0.48004
-0.44020
-0.40036
-0.36052
-0.32052
-0.28051
-0.24050
-0.20049
-11.11495
-11.11495
-11.11495
-11.11495
-11.11495
-11.11495
-11.11495
-11.11495
-11.11495
-11.11495
-11.11495
-11.11495
-11.11495
-11.11495
-11.11495
-11.11495
-11.11495
-11.11495
-11.11495
-11.11495
-11.11495
-11.11495
-11.11495
-11.11495
-11.11495
-11.11495
-11.11495
-11.11495
-11.11495
-11.11495
-11.11495
-11.11495
-11.11495
-11.11495
-11.11495
-11.11495
-11.11495
-11.11495
-11.11495
-11.11495
-11.11495
-11.11495
-11.11495
-11.11495
-11.11495
-11.11495
-11.11495
-11.11495
-11.11495
-11.11495
-11.11495
-11.11495
-11.11495
-11.11495
-11.11495
-11.11495
-11.11495
-11.11495
-11.11495
-11.11495
-11.11495
-11.11495
-11.11495
-11.11495
-11.11495
-11.11495
-11.11495
-11.11495
-11.11495
-11.11495
-11.11495
-11.11495
-11.11495
-11.11495
-11.11495
-11.11495
-11.11495
-11.11495
-11.11495
-11.11495
-11.11495
-11.11495
-11.11495
-11.11495
-11.11495
-11.11495
-11.11495
-11.11495
-11.11495
-11.11495
-11.11495
-11.11495
-11.11495
-11.11495
-11.11495
-11.11495
-11.11495
-11.11495
-11.11495
-11.11495
-11.11495
-11.11495
-11.11495
-11.11495
-11.11495
-11.11495
-11.11495
-11.11495
-11.11495
-11.11495
-11.11495
-11.11495
-11.11495
-11.11495
-11.11495
-11.11495
-11.11495
-11.11495
-11.11495
-11.11495
-11.11495
-11.11495
-11.11495
-11.11495
-11.11495
-11.11495
-11.11495
-11.11495
-11.11495
-11.11495
-11.11495
-11.11495
-11.11495
-11.11495
-11.11495
-11.11495
-11.11495
-11.11495
-11.11495
-11.11495
-11.11495
-11.11495
-11.11495
-11.11495
-11.11495
-11.09984
-11.08474
-11.06963
-11.05452
-11.00452
-10.95453
-10.90453
-10.85453
-10.80428
-10.75403
-10.70378
-10.65353
-10.60206
-10.55060
-10.49913
-10.44766
-10.39675
-10.34583
-10.29492
-10.24401
-10.19398
-10.14395
-10.09392
-10.04390
-9.99390
-9.94390
-9.89391
-9.84391
-9.77070
-9.69749
-9.62429
-9.55108
-9.48474
-9.41840
-9.35207
-9.28573
-9.15220
-9.01867
-8.88514
-8.75161
-8.65171
-8.55181
-8.45192
-8.35202
-8.28738
-8.22275
-8.15811
-8.09348
-8.04315
-7.99281
-7.94248
-7.89215
-7.84185
-7.79156
-7.74126
-7.69097
-7.64060
-7.59023
-7.53986
-7.48950
-7.43929
-7.38907
-7.33886
-7.28865
-7.23862
-7.18859
-7.13857
-7.08854
-7.03852
-6.98850
-6.93849
-6.88847
-6.83817
-6.78786
-6.73756
-6.68725
-6.63704
-6.58683
-6.53662
-6.48641
-6.43623
-6.38605
-6.33586
-6.28568
-6.23555
-6.18542
-6.13530
-6.08517
-6.03472
-5.98428
-5.93384
-5.88339
-5.83291
-5.78243
-5.73194
-5.68146
-5.63100
-5.58055
-5.53010
-5.47965
-5.42920
-5.37875
-5.32830
-5.27785
-5.22684
-5.17584
-5.12483
-5.07383
-5.02146
-4.96908
-4.91670
-4.86433
-4.81275
-4.76118
-4.70961
-4.65803
-4.60601
-4.55399
-4.50198
-4.44996
-4.39870
-4.34745
-4.29619
-4.24494
-4.19494
-4.14494
-4.09495
-4.04495
-3.99502
-3.94510
-3.89517
-3.84524
-3.79549
-3.74574
-3.69599
-3.64624
-3.59646
-3.54668
-3.49690
-3.44711
-3.39757
-3.34803
-3.29848
-3.24894
-3.19943
-3.14992
-3.10041
-3.05091
-3.00173
-2.95256
-2.90339
-2.85422
-2.80541
-2.75660
-2.70779
-2.65898
-2.61037
-2.56176
-2.51315
-2.46454
-2.41731
-2.37008
-2.32285
-2.27562
-2.22767
-2.17972
-2.13177
-2.08382
-2.03988
-1.99594
-1.95199
-1.90805
-1.86206
-1.81606
-1.77006
-1.72407
-1.68420
-1.64433
-1.60446
-1.56459
-1.52242
-1.48025
-1.43808
-1.39591
-1.35915
-1.32240
-1.28565
-1.24890
-1.21126
-1.17363
-1.13599
-1.09835
-1.06262
-1.02689
-0.99115
-0.95542
-0.92009
-0.88476
-0.84942
-0.81409
-0.77719
-0.74028
-0.70338
-0.66647
-0.62983
-0.59318
-0.55653
-0.51988
-0.48004
-0.44020
-0.40036
-0.36052
-0.32052
-0.28051
-0.24050
-0.20049
-11.11495
-11.11495
-11.11495
-11.11495
-11.11495
-11.11495
-11.11495
-11.11495
-11.11495
-11.11495
-11.11495
-11.11495
-11.11495
-11.11495
-11.11495
-11.11495
-11.11495
-11.11495
-11.11495
-11.11495
-11.11495
-11.11495
-11.11495
-11.11495
-11.11495
-11.11495
-11.11495
-11.11495
-11.11495
-11.11495
-11.11495
-11.11495
-11.11495
-11.11495
-11.11495
-11.11495
-11.11495
-11.11495
-11.11495
-11.11495
-11.11495
-11.11495
-11.11495
-11.11495
-11.11495
-11.11495
-11.11495
-11.11495
-11.11495
-11.11495
-11.11495
-11.11495
-11.11495
-11.11495
-11.11495
-11.11495
-11.11495
-11.11495
-11.11495
-11.11495
-11.11495
-11.11495
-11.11495
-11.11495
-11.11495
-11.11495
-11.11495
-11.11495
-11.11495
-11.11495
-11.11495
-11.11495
-11.11495
-11.11495
-11.11495
-11.11495
-11.11495
-11.11495
-11.11495
-11.11495
-11.11495
-11.11495
-11.11495
-11.11495
-11.11495
-11.11495
-11.11495
-11.11495
-11.11495
-11.11495
-11.11495
-11.11495
-11.11495
-11.11495
-11.11495
-11.11495
-11.11495
-11.11495
-11.11495
-11.11495
-11.11495
-11.11495
-11.11495
-11.11495
-11.11495
-11.11495
-11.11495
-11.11495
-11.11495
-11.11495
-11.11495
-11.11495
-11.11495
-11.11495
-11.11495
-11.11495
-11.11495
-11.11495
-11.11495
-11.11495
-11.11495
-11.11495
-11.11495
-11.11495
-11.11495
-11.11495
-11.11495
-11.11495
-11.11495
-11.11495
-11.11495
-11.11495
-11.11495
-11.11495
-11.11495
-11.11495
-11.11495
-11.11495
-11.11495
-11.11495
-11.11495
-11.11495
-11.11495
-11.11495
-11.11495
-11.09984
-11.08474
-11.06963
-11.05452
-11.00452
-10.95453
-10.90453
-10.85453
-10.80428
-10.75403
-10.70378
-10.65353
-10.60206
-10.55060
-10.49913
-10.44766
-10.39675
-10.34583
-10.29492
-10.24401
-10.19398
-10.14395
-10.09392
-10.04390
-9.99390
-9.94390
-9.89391
-9.84391
-9.77070
-9.69749
-9.62429
-9.55108
-9.48474
-9.41840
-9.35207
-9.28573
-9.15220
-9.01867
-8.88514
-8.75161
-8.65171
-8.55181
-8.45192
-8.35202
-8.28738
-8.22275
-8.15811
-8.09348
-8.04315
-7.99281
-7.94248
-7.89215
-7.84185
-7.79156
-7.74126
-7.69097
-7.64060
-7.59023
-7.53986
-7.48950
-7.43929
-7.38907
-7.33886
-7.28865
-7.23862
-7.18859
-7.13857
-7.08854
-7.03852
-6.98850
-6.93849
-6.88847
-6.83817
-6.78786
-6.73756
-6.68725
-6.63704
-6.58683
-6.53662
-6.48641
-6.43623
-6.38605
-6.33586
-6.28568
-6.23555
-6.18542
-6.13530
-6.08517
-6.03472
-5.98428
-5.93384
-5.88339
-5.83291
-5.78243
-5.73194
-5.68146
-5.63100
-5.58055
-5.53010
-5.47965
-5.42920
-5.37875
-5.32830
-5.27785
-5.22684
-5.17584
-5.12483
-5.07383
-5.02146
-4.96908
-4.91670
-4.86433
-4.81275
-4.76118
-4.70961
-4.65803
-4.60601
-4.55399
-4.50198
-4.44996
-4.39870
-4.34745
-4.29619
-4.24494
-4.19494
-4.14494
-4.09495
-4.04495
-3.99502
-3.94510
-3.89517
-3.84524
-3.79549
-3.74574
-3.69599
-3.64624
-3.59646
-3.54668
-3.49690
-3.44711
-3.39757
-3.34803
-3.29848
-3.24894
-3.19943
-3.14992
-3.10041
-3.05091
-3.00173
-2.95256
-2.90339
-2.85422
-2.80541
-2.75660
-2.70779
-2.65898
-2.61037
-2.56176
-2.51315
-2.46454
-2.41731
-2.37008
-2.32285
-2.27562
-2.22767
-2.17972
-2.13177
-2.08382
-2.03988
-1.99594
-1.95199
-1.90805
-1.86206
-1.81606
-1.77006
-1.72407
-1.68420
-1.64433
-1.60446
-1.56459
-1.52242
-1.48025
-1.43808
-1.39591
-1.35915
-1.32240
-1.28565
-1.24890
-1.21126
-1.17363
-1.13599
-1.09835
-1.06262
-1.02689
-0.99115
-0.95542
-0.92009
-0.88476
-0.84942
-0.81409
-0.77719
-0.74028
-0.70338
-0.66647
-0.62983
-0.59318
-0.55653
-0.51988
-0.48004
-0.44020
-0.40036
-0.36052
-0.32052
-0.28051
-0.24050
-0.20049
-11.11495
-11.11495
-11.11495
-11.11495
-11.11495
-11.11495
-11.11495
-11.11495
-11.11495
-11.11495
-11.11495
-11.11495
-11.11495
-11.11495
-11.11495
-11.11495
-11.11495
-11.11495
-11.11495
-11.11495
-11.11495
-11.11495
-11.11495
-11.11495
-11.11495
-11.11495
-11.11495
-11.11495
-11.11495
-11.11495
-11.11495
-11.11495
-11.11495
-11.11495
-11.11495
-11.11495
-11.11495
-11.11495
-11.11495
-11.11495
-11.11495
-11.11495
-11.11495
-11.11495
-11.11495
-11.11495
-11.11495
-11.11495
-11.11495
-11.11495
-11.11495
-11.11495
-11.11495
-11.11495
-11.11495
-11.11495
-11.11495
-11.11495
-11.11495
-11.11495
-11.11495
-11.11495
-11.11495
-11.11495
-11.11495
-11.11495
-11.11495
-11.11495
-11.11495
-11.11495
-11.11495
-11.11495
-11.11495
-11.11495
-11.11495
-11.11495
-11.11495
-11.11495
-11.11495
-11.11495
-11.11495
-11.11495
-11.11495
-11.11495
-11.11495
-11.11495
-11.11495
-11.11495
-11.11495
-11.11495
-11.11495
-11.11495
-11.11495
-11.11495
-11.11495
-11.11495
-11.11495
-11.11495
-11.11495
-11.11495
-11.11495
-11.11495
-11.11495
-11.11495
-11.11495
-11.11495
-11.11495
-11.11495
-11.11495
-11.11495
-11.11495
-11.11495
-11.11495
-11.11495
-11.11495
-11.11495
-11.11495
-11.11495
-11.11495
-11.11495
-11.11495
-11.11495
-11.11495
-11.11495
-11.11495
-11.11495
-11.11495
-11.11495
-11.11495
-11.11495
-11.11495
-11.11495
-11.11495
-11.11495
-11.11495
-11.11495
-11.11495
-11.11495
-11.11495
-11.11495
-11.11495
-11.11495
-11.11495
-11.11495
-11.11495
-11.09984
-11.08474
-11.06963
-11.05452
-11.00452
-10.95453
-10.90453
-10.85453
-10.80428
-10.75403
-10.70378
-10.65353
-10.60206
-10.55060
-10.49913
-10.44766
-10.39675
-10.34583
-10.29492
-10.24401
-10.19398
-10.14395
-10.09392
-10.04390
-9.99390
-9.94390
-9.89391
-9.84391
-9.77070
-9.69749
-9.62429
-9.55108
-9.48474
-9.41840
-9.35207
-9.28573
-9.15220
-9.01867
-8.88514
-8.75161
-8.65171
-8.55181
-8.45192
-8.35202
-8.28738
-8.22275
-8.15811
-8.09348
-8.04315
-7.99281
-7.94248
-7.89215
-7.84185
-7.79156
-7.74126
-7.69097
-7.64060
-7.59023
-7.53986
-7.48950
-7.43929
-7.38907
-7.33886
-7.28865
-7.23862
-7.18859
-7.13857
-7.08854
-7.03852
-6.98850
-6.93849
-6.88847
-6.83817
-6.78786
-6.73756
-6.68725
-6.63704
-6.58683
-6.53662
-6.48641
-6.43623
-6.38605
-6.33586
-6.28568
-6.23555
-6.18542
-6.13530
-6.08517
-6.03472
-5.98428
-5.93384
-5.88339
-5.83291
-5.78243
-5.73194
-5.68146
-5.63100
-5.58055
-5.53010
-5.47965
-5.42920
-5.37875
-5.32830
-5.27785
-5.22684
-5.17584
-5.12483
-5.07383
-5.02146
-4.96908
-4.91670
-4.86433
-4.81275
-4.76118
-4.70961
-4.65803
-4.60601
-4.55399
-4.50198
-4.44996
-4.39870
-4.34745
-4.29619
-4.24494
-4.19494
-4.14494
-4.09495
-4.04495
-3.99502
-3.94510
-3.89517
-3.84524
-3.79549
-3.74574
-3.69599
-3.64624
-3.59646
-3.54668
-3.49690
-3.44711
-3.39757
-3.34803
-3.29848
-3.24894
-3.19943
-3.14992
-3.10041
-3.05091
-3.00173
-2.95256
-2.90339
-2.85422
-2.80541
-2.75660
-2.70779
-2.65898
-2.61037
-2.56176
-2.51315
-2.46454
-2.41731
-2.37008
-2.32285
-2.27562
-2.22767
-2.17972
-2.13177
-2.08382
-2.03988
-1.99594
-1.95199
-1.90805
-1.86206
-1.81606
-1.77006
-1.72407
-1.68420
-1.64433
-1.60446
-1.56459
-1.52242
-1.48025
-1.43808
-1.39591
-1.35915
-1.32240
-1.28565
-1.24890
-1.21126
-1.17363
-1.13599
-1.09835
-1.06262
-1.02689
-0.99115
-0.95542
-0.92009
-0.88476
-0.84942
-0.81409
-0.77719
-0.74028
-0.70338
-0.66647
-0.62983
-0.59318
-0.55653
-0.51988
-0.48004
-0.44020
-0.40036
-0.36052
-0.32052
-0.28051
-0.24050
-0.20049
-11.11495
-11.11495
-11.11495
-11.11495
-11.11495
-11.11495
-11.11495
-11.11495
-11.11495
-11.11495
-11.11495
-11.11495
-11.11495
-11.11495
-11.11495
-11.11495
-11.11495
-11.11495
-11.11495
-11.11495
-11.11495
-11.11495
-11.11495
-11.11495
-11.11495
-11.11495
-11.11495
-11.11495
-11.11495
-11.11495
-11.11495
-11.11495
-11.11495
-11.11495
-11.11495
-11.11495
-11.11495
-11.11495
-11.11495
-11.11495
-11.11495
-11.11495
-11.11495
-11.11495
-11.11495
-11.11495
-11.11495
-11.11495
-11.11495
-11.11495
-11.11495
-11.11495
-11.11495
-11.11495
-11.11495
-11.11495
-11.11495
-11.11495
-11.11495
-11.11495
-11.11495
-11.11495
-11.11495
-11.11495
-11.11495
-11.11495
-11.11495
-11.11495
-11.11495
-11.11495
-11.11495
-11.11495
-11.11495
-11.11495
-11.11495
-11.11495
-11.11495
-11.11495
-11.11495
-11.11495
-11.11495
-11.11495
-11.11495
-11.11495
-11.11495
-11.11495
-11.11495
-11.11495
-11.11495
-11.11495
-11.11495
-11.11495
-11.11495
-11.11495
-11.11495
-11.11495
-11.11495
-11.11495
-11.11495
-11.11495
-11.11495
-11.11495
-11.11495
-11.11495
-11.11495
-11.11495
-11.11495
-11.11495
-11.11495
-11.11495
-11.11495
-11.11495
-11.11495
-11.11495
-11.11495
-11.11495
-11.11495
-11.11495
-11.11495
-11.11495
-11.11495
-11.11495
-11.11495
-11.11495
-11.11495
-11.11495
-11.11495
-11.11495
-11.11495
-11.11495
-11.11495
-11.11495
-11.11495
-11.11495
-11.11495
-11.11495
-11.11495
-11.11495
-11.11495
-11.11495
-11.11495
-11.11495
-11.11495
-11.11495
-11.11495
-11.09984
-11.08474
-11.06963
-11.05452
-11.00452
-10.95453
-10.90453
-10.85453
-10.80428
-10.75403
-10.70378
-10.65353
-10.60206
-10.55060
-10.49913
-10.44766
-10.39675
-10.34583
-10.29492
-10.24401
-10.19398
-10.14395
-10.09392
-10.04390
-9.99390
-9.94390
-9.89391
-9.84391
-9.77070
-9.69749
-9.62429
-9.55108
-9.48474
-9.41840
-9.35207
-9.28573
-9.15220
-9.01867
-8.88514
-8.75161
-8.65171
-8.55181
-8.45192
-8.35202
-8.28738
-8.22275
-8.15811
-8.09348
-8.04315
-7.99281
-7.94248
-7.89215
-7.84185
-7.79156
-7.74126
-7.69097
-7.64060
-7.59023
-7.53986
-7.48950
-7.43929
-7.38907
-7.33886
-7.28865
-7.23862
-7.18859
-7.13857
-7.08854
-7.03852
-6.98850
-6.93849
-6.88847
-6.83817
-6.78786
-6.73756
-6.68725
-6.63704
-6.58683
-6.53662
-6.48641
-6.43623
-6.38605
-6.33586
-6.28568
-6.23555
-6.18542
-6.13530
-6.08517
-6.03472
-5.98428
-5.93384
-5.88339
-5.83291
-5.78243
-5.73194
-5.68146
-5.63100
-5.58055
-5.53010
-5.47965
-5.42920
-5.37875
-5.32830
-5.27785
-5.22684
-5.17584
-5.12483
-5.07383
-5.02146
-4.96908
-4.91670
-4.86433
-4.81275
-4.76118
-4.70961
-4.65803
-4.60601
-4.55399
-4.50198
-4.44996
-4.39870
-4.34745
-4.29619
-4.24494
-4.19494
-4.14494
-4.09495
-4.04495
-3.99502
-3.94510
-3.89517
-3.84524
-3.79549
-3.74574
-3.69599
-3.64624
-3.59646
-3.54668
-3.49690
-3.44711
-3.39757
-3.34803
-3.29848
-3.24894
-3.19943
-3.14992
-3.10041
-3.05091
-3.00173
-2.95256
-2.90339
-2.85422
-2.80541
-2.75660
-2.70779
-2.65898
-2.61037
-2.56176
-2.51315
-2.46454
-2.41731
-2.37008
-2.32285
-2.27562
-2.22767
-2.17972
-2.13177
-2.08382
-2.03988
-1.99594
-1.95199
-1.90805
-1.86206
-1.81606
-1.77006
-1.72407
-1.68420
-1.64433
-1.60446
-1.56459
-1.52242
-1.48025
-1.43808
-1.39591
-1.35915
-1.32240
-1.28565
-1.24890
-1.21126
-1.17363
-1.13599
-1.09835
-1.06262
-1.02689
-0.99115
-0.95542
-0.92009
-0.88476
-0.84942
-0.81409
-0.77719
-0.74028
-0.70338
-0.66647
-0.62983
-0.59318
-0.55653
-0.51988
-0.48004
-0.44020
-0.40036
-0.36052
-0.32052
-0.28051
-0.24050
-0.20049
-11.11495
-11.11495
-11.11495
-11.11495
-11.11495
-11.11495
-11.11495
-11.11495
-11.11495
-11.11495
-11.11495
-11.11495
-11.11495
-11.11495
-11.11495
-11.11495
-11.11495
-11.11495
-11.11495
-11.11495
-11.11495
-11.11495
-11.11495
-11.11495
-11.11495
-11.11495
-11.11495
-11.11495
-11.11495
-11.11495
-11.11495
-11.11495
-11.11495
-11.11495
-11.11495
-11.11495
-11.11495
-11.11495
-11.11495
-11.11495
-11.11495
-11.11495
-11.11495
-11.11495
-11.11495
-11.11495
-11.11495
-11.11495
-11.11495
-11.11495
-11.11495
-11.11495
-11.11495
-11.11495
-11.11495
-11.11495
-11.11495
-11.11495
-11.11495
-11.11495
-11.11495
-11.11495
-11.11495
-11.11495
-11.11495
-11.11495
-11.11495
-11.11495
-11.11495
-11.11495
-11.11495
-11.11495
-11.11495
-11.11495
-11.11495
-11.11495
-11.11495
-11.11495
-11.11495
-11.11495
-11.11495
-11.11495
-11.11495
-11.11495
-11.11495
-11.11495
-11.11495
-11.11495
-11.11495
-11.11495
-11.11495
-11.11495
-11.11495
-11.11495
-11.11495
-11.11495
-11.11495
-11.11495
-11.11495
-11.11495
-11.11495
-11.11495
-11.11495
-11.11495
-11.11495
-11.11495
-11.11495
-11.11495
-11.11495
-11.11495
-11.11495
-11.11495
-11.11495
-11.11495
-11.11495
-11.11495
-11.11495
-11.11495
-11.11495
-11.11495
-11.11495
-11.11495
-11.11495
-11.11495
-11.11495
-11.11495
-11.11495
-11.11495
-11.11495
-11.11495
-11.11495
-11.11495
-11.11495
-11.11495
-11.11495
-11.11495
-11.11495
-11.11495
-11.11495
-11.11495
-11.11495
-11.11495
-11.11495
-11.11495
-11.11495
-11.09984
-11.08474
-11.06963
-11.05452
-11.00452
-10.95453
-10.90453
-10.85453
-10.80428
-10.75403
-10.70378
-10.65353
-10.60206
-10.55060
-10.49913
-10.44766
-10.39675
-10.34583
-10.29492
-10.24401
-10.19398
-10.14395
-10.09392
-10.04390
-9.99390
-9.94390
-9.89391
-9.84391
-9.77070
-9.69749
-9.62429
-9.55108
-9.48474
-9.41840
-9.35207
-9.28573
-9.15220
-9.01867
-8.88514
-8.75161
-8.65171
-8.55181
-8.45192
-8.35202
-8.28738
-8.22275
-8.15811
-8.09348
-8.04315
-7.99281
-7.94248
-7.89215
-7.84185
-7.79156
-7.74126
-7.69097
-7.64060
-7.59023
-7.53986
-7.48950
-7.43929
-7.38907
-7.33886
-7.28865
-7.23862
-7.18859
-7.13857
-7.08854
-7.03852
-6.98850
-6.93849
-6.88847
-6.83817
-6.78786
-6.73756
-6.68725
-6.63704
-6.58683
-6.53662
-6.48641
-6.43623
-6.38605
-6.33586
-6.28568
-6.23555
-6.18542
-6.13530
-6.08517
-6.03472
-5.98428
-5.93384
-5.88339
-5.83291
-5.78243
-5.73194
-5.68146
-5.63100
-5.58055
-5.53010
-5.47965
-5.42920
-5.37875
-5.32830
-5.27785
-5.22684
-5.17584
-5.12483
-5.07383
-5.02146
-4.96908
-4.91670
-4.86433
-4.81275
-4.76118
-4.70961
-4.65803
-4.60601
-4.55399
-4.50198
-4.44996
-4.39870
-4.34745
-4.29619
-4.24494
-4.19494
-4.14494
-4.09495
-4.04495
-3.99502
-3.94510
-3.89517
-3.84524
-3.79549
-3.74574
-3.69599
-3.64624
-3.59646
-3.54668
-3.49690
-3.44711
-3.39757
-3.34803
-3.29848
-3.24894
-3.19943
-3.14992
-3.10041
-3.05091
-3.00173
-2.95256
-2.90339
-2.85422
-2.80541
-2.75660
-2.70779
-2.65898
-2.61037
-2.56176
-2.51315
-2.46454
-2.41731
-2.37008
-2.32285
-2.27562
-2.22767
-2.17972
-2.13177
-2.08382
-2.03988
-1.99594
-1.95199
-1.90805
-1.86206
-1.81606
-1.77006
-1.72407
-1.68420
-1.64433
-1.60446
-1.56459
-1.52242
-1.48025
-1.43808
-1.39591
-1.35915
-1.32240
-1.28565
-1.24890
-1.21126
-1.17363
-1.13599
-1.09835
-1.06262
-1.02689
-0.99115
-0.95542
-0.92009
-0.88476
-0.84942
-0.81409
-0.77719
-0.74028
-0.70338
-0.66647
-0.62983
-0.59318
-0.55653
-0.51988
-0.48004
-0.44020
-0.40036
-0.36052
-0.32052
-0.28051
-0.24050
-0.20049
-11.11495
-11.11495
-11.11495
-11.11495
-11.11495
-11.11495
-11.11495
-11.11495
-11.11495
-11.11495
-11.11495
-11.11495
-11.11495
-11.11495
-11.11495
-11.11495
-11.11495
-11.11495
-11.11495
-11.11495
-11.11495
-11.11495
-11.11495
-11.11495
-11.11495
-11.11495
-11.11495
-11.11495
-11.11495
-11.11495
-11.11495
-11.11495
-11.11495
-11.11495
-11.11495
-11.11495
-11.11495
-11.11495
-11.11495
-11.11495
-11.11495
-11.11495
-11.11495
-11.11495
-11.11495
-11.11495
-11.11495
-11.11495
-11.11495
-11.11495
-11.11495
-11.11495
-11.11495
-11.11495
-11.11495
-11.11495
-11.11495
-11.11495
-11.11495
-11.11495
-11.11495
-11.11495
-11.11495
-11.11495
-11.11495
-11.11495
-11.11495
-11.11495
-11.11495
-11.11495
-11.11495
-11.11495
-11.11495
-11.11495
-11.11495
-11.11495
-11.11495
-11.11495
-11.11495
-11.11495
-11.11495
-11.11495
-11.11495
-11.11495
-11.11495
-11.11495
-11.11495
-11.11495
-11.11495
-11.11495
-11.11495
-11.11495
-11.11495
-11.11495
-11.11495
-11.11495
-11.11495
-11.11495
-11.11495
-11.11495
-11.11495
-11.11495
-11.11495
-11.11495
-11.11495
-11.11495
-11.11495
-11.11495
-11.11495
-11.11495
-11.11495
-11.11495
-11.11495
-11.11495
-11.11495
-11.11495
-11.11495
-11.11495
-11.11495
-11.11495
-11.11495
-11.11495
-11.11495
-11.11495
-11.11495
-11.11495
-11.11495
-11.11495
-11.11495
-11.11495
-11.11495
-11.11495
-11.11495
-11.11495
-11.11495
-11.11495
-11.11495
-11.11495
-11.11495
-11.11495
-11.11495
-11.11495
-11.11495
-11.11495
-11.11495
-11.09984
-11.08474
-11.06963
-11.05452
-11.00452
-10.95453
-10.90453
-10.85453
-10.80428
-10.75403
-10.70378
-10.65353
-10.60206
-10.55060
-10.49913
-10.44766
-10.39675
-10.34583
-10.29492
-10.24401
-10.19398
-10.14395
-10.09392
-10.04390
-9.99390
-9.94390
-9.89391
-9.84391
-9.77070
-9.69749
-9.62429
-9.55108
-9.48474
-9.41840
-9.35207
-9.28573
-9.15220
-9.01867
-8.88514
-8.75161
-8.65171
-8.55181
-8.45192
-8.35202
-8.28738
-8.22275
-8.15811
-8.09348
-8.04315
-7.99281
-7.94248
-7.89215
-7.84185
-7.79156
-7.74126
-7.69097
-7.64060
-7.59023
-7.53986
-7.48950
-7.43929
-7.38907
-7.33886
-7.28865
-7.23862
-7.18859
-7.13857
-7.08854
-7.03852
-6.98850
-6.93849
-6.88847
-6.83817
-6.78786
-6.73756
-6.68725
-6.63704
-6.58683
-6.53662
-6.48641
-6.43623
-6.38605
-6.33586
-6.28568
-6.23555
-6.18542
-6.13530
-6.08517
-6.03472
-5.98428
-5.93384
-5.88339
-5.83291
-5.78243
-5.73194
-5.68146
-5.63100
-5.58055
-5.53010
-5.47965
-5.42920
-5.37875
-5.32830
-5.27785
-5.22684
-5.17584
-5.12483
-5.07383
-5.02146
-4.96908
-4.91670
-4.86433
-4.81275
-4.76118
-4.70961
-4.65803
-4.60601
-4.55399
-4.50198
-4.44996
-4.39870
-4.34745
-4.29619
-4.24494
-4.19494
-4.14494
-4.09495
-4.04495
-3.99502
-3.94510
-3.89517
-3.84524
-3.79549
-3.74574
-3.69599
-3.64624
-3.59646
-3.54668
-3.49690
-3.44711
-3.39757
-3.34803
-3.29848
-3.24894
-3.19943
-3.14992
-3.10041
-3.05091
-3.00173
-2.95256
-2.90339
-2.85422
-2.80541
-2.75660
-2.70779
-2.65898
-2.61037
-2.56176
-2.51315
-2.46454
-2.41731
-2.37008
-2.32285
-2.27562
-2.22767
-2.17972
-2.13177
-2.08382
-2.03988
-1.99594
-1.95199
-1.90805
-1.86206
-1.81606
-1.77006
-1.72407
-1.68420
-1.64433
-1.60446
-1.56459
-1.52242
-1.48025
-1.43808
-1.39591
-1.35915
-1.32240
-1.28565
-1.24890
-1.21126
-1.17363
-1.13599
-1.09835
-1.06262
-1.02689
-0.99115
-0.95542
-0.92009
-0.88476
-0.84942
-0.81409
-0.77719
-0.74028
-0.70338
-0.66647
-0.62983
-0.59318
-0.55653
-0.51988
-0.48004
-0.44020
-0.40036
-0.36052
-0.32052
-0.28051
-0.24050
-0.20049
-11.11495
-11.11495
-11.11495
-11.11495
-11.11495
-11.11495
-11.11495
-11.11495
-11.11495
-11.11495
-11.11495
-11.11495
-11.11495
-11.11495
-11.11495
-11.11495
-11.11495
-11.11495
-11.11495
-11.11495
-11.11495
-11.11495
-11.11495
-11.11495
-11.11495
-11.11495
-11.11495
-11.11495
-11.11495
-11.11495
-11.11495
-11.11495
-11.11495
-11.11495
-11.11495
-11.11495
-11.11495
-11.11495
-11.11495
-11.11495
-11.11495
-11.11495
-11.11495
-11.11495
-11.11495
-11.11495
-11.11495
-11.11495
-11.11495
-11.11495
-11.11495
-11.11495
-11.11495
-11.11495
-11.11495
-11.11495
-11.11495
-11.11495
-11.11495
-11.11495
-11.11495
-11.11495
-11.11495
-11.11495
-11.11495
-11.11495
-11.11495
-11.11495
-11.11495
-11.11495
-11.11495
-11.11495
-11.11495
-11.11495
-11.11495
-11.11495
-11.11495
-11.11495
-11.11495
-11.11495
-11.11495
-11.11495
-11.11495
-11.11495
-11.11495
-11.11495
-11.11495
-11.11495
-11.11495
-11.11495
-11.11495
-11.11495
-11.11495
-11.11495
-11.11495
-11.11495
-11.11495
-11.11495
-11.11495
-11.11495
-11.11495
-11.11495
-11.11495
-11.11495
-11.11495
-11.11495
-11.11495
-11.11495
-11.11495
-11.11495
-11.11495
-11.11495
-11.11495
-11.11495
-11.11495
-11.11495
-11.11495
-11.11495
-11.11495
-11.11495
-11.11495
-11.11495
-11.11495
-11.11495
-11.11495
-11.11495
-11.11495
-11.11495
-11.11495
-11.11495
-11.11495
-11.11495
-11.11495
-11.11495
-11.11495
-11.11495
-11.11495
-11.11495
-11.11495
-11.11495
-11.11495
-11.11495
-11.11495
-11.11495
-11.11495
-11.09984
-11.08474
-11.06963
-11.05452
-11.00452
-10.95453
-10.90453
-10.85453
-10.80428
-10.75403
-10.70378
-10.65353
-10.60206
-10.55060
-10.49913
-10.44766
-10.39675
-10.34583
-10.29492
-10.24401
-10.19398
-10.14395
-10.09392
-10.04390
-9.99390
-9.94390
-9.89391
-9.84391
-9.77070
-9.69749
-9.62429
-9.55108
-9.48474
-9.41840
-9.35207
-9.28573
-9.15220
-9.01867
-8.88514
-8.75161
-8.65171
-8.55181
-8.45192
-8.35202
-8.28738
-8.22275
-8.15811
-8.09348
-8.04315
-7.99281
-7.94248
-7.89215
-7.84185
-7.79156
-7.74126
-7.69097
-7.64060
-7.59023
-7.53986
-7.48950
-7.43929
-7.38907
-7.33886
-7.28865
-7.23862
-7.18859
-7.13857
-7.08854
-7.03852
-6.98850
-6.93849
-6.88847
-6.83817
-6.78786
-6.73756
-6.68725
-6.63704
-6.58683
-6.53662
-6.48641
-6.43623
-6.38605
-6.33586
-6.28568
-6.23555
-6.18542
-6.13530
-6.08517
-6.03472
-5.98428
-5.93384
-5.88339
-5.83291
-5.78243
-5.73194
-5.68146
-5.63100
-5.58055
-5.53010
-5.47965
-5.42920
-5.37875
-5.32830
-5.27785
-5.22684
-5.17584
-5.12483
-5.07383
-5.02146
-4.96908
-4.91670
-4.86433
-4.81275
-4.76118
-4.70961
-4.65803
-4.60601
-4.55399
-4.50198
-4.44996
-4.39870
-4.34745
-4.29619
-4.24494
-4.19494
-4.14494
-4.09495
-4.04495
-3.99502
-3.94510
-3.89517
-3.84524
-3.79549
-3.74574
-3.69599
-3.64624
-3.59646
-3.54668
-3.49690
-3.44711
-3.39757
-3.34803
-3.29848
-3.24894
-3.19943
-3.14992
-3.10041
-3.05091
-3.00173
-2.95256
-2.90339
-2.85422
-2.80541
-2.75660
-2.70779
-2.65898
-2.61037
-2.56176
-2.51315
-2.46454
-2.41731
-2.37008
-2.32285
-2.27562
-2.22767
-2.17972
-2.13177
-2.08382
-2.03988
-1.99594
-1.95199
-1.90805
-1.86206
-1.81606
-1.77006
-1.72407
-1.68420
-1.64433
-1.60446
-1.56459
-1.52242
-1.48025
-1.43808
-1.39591
-1.35915
-1.32240
-1.28565
-1.24890
-1.21126
-1.17363
-1.13599
-1.09835
-1.06262
-1.02689
-0.99115
-0.95542
-0.92009
-0.88476
-0.84942
-0.81409
-0.77719
-0.74028
-0.70338
-0.66647
-0.62983
-0.59318
-0.55653
-0.51988
-0.48004
-0.44020
-0.40036
-0.36052
-0.32052
-0.28051
-0.24050
-0.20049
-11.11495
-11.11495
-11.11495
-11.11495
-11.11495
-11.11495
-11.11495
-11.11495
-11.11495
-11.11495
-11.11495
-11.11495
-11.11495
-11.11495
-11.11495
-11.11495
-11.11495
-11.11495
-11.11495
-11.11495
-11.11495
-11.11495
-11.11495
-11.11495
-11.11495
-11.11495
-11.11495
-11.11495
-11.11495
-11.11495
-11.11495
-11.11495
-11.11495
-11.11495
-11.11495
-11.11495
-11.11495
-11.11495
-11.11495
-11.11495
-11.11495
-11.11495
-11.11495
-11.11495
-11.11495
-11.11495
-11.11495
-11.11495
-11.11495
-11.11495
-11.11495
-11.11495
-11.11495
-11.11495
-11.11495
-11.11495
-11.11495
-11.11495
-11.11495
-11.11495
-11.11495
-11.11495
-11.11495
-11.11495
-11.11495
-11.11495
-11.11495
-11.11495
-11.11495
-11.11495
-11.11495
-11.11495
-11.11495
-11.11495
-11.11495
-11.11495
-11.11495
-11.11495
-11.11495
-11.11495
-11.11495
-11.11495
-11.11495
-11.11495
-11.11495
-11.11495
-11.11495
-11.11495
-11.11495
-11.11495
-11.11495
-11.11495
-11.11495
-11.11495
-11.11495
-11.11495
-11.11495
-11.11495
-11.11495
-11.11495
-11.11495
-11.11495
-11.11495
-11.11495
-11.11495
-11.11495
-11.11495
-11.11495
-11.11495
-11.11495
-11.11495
-11.11495
-11.11495
-11.11495
-11.11495
-11.11495
-11.11495
-11.11495
-11.11495
-11.11495
-11.11495
-11.11495
-11.11495
-11.11495
-11.11495
-11.11495
-11.11495
-11.11495
-11.11495
-11.11495
-11.11495
-11.11495
-11.11495
-11.11495
-11.11495
-11.11495
-11.11495
-11.11495
-11.11495
-11.11495
-11.11495
-11.11495
-11.11495
-11.11495
-11.11495
-11.09984
-11.08474
-11.06963
-11.05452
-11.00452
-10.95453
-10.90453
-10.85453
-10.80428
-10.75403
-10.70378
-10.65353
-10.60206
-10.55060
-10.49913
-10.44766
-10.39675
-10.34583
-10.29492
-10.24401
-10.19398
-10.14395
-10.09392
-10.04390
-9.99390
-9.94390
-9.89391
-9.84391
-9.77070
-9.69749
-9.62429
-9.55108
-9.48474
-9.41840
-9.35207
-9.28573
-9.15220
-9.01867
-8.88514
-8.75161
-8.65171
-8.55181
-8.45192
-8.35202
-8.28738
-8.22275
-8.15811
-8.09348
-8.04315
-7.99281
-7.94248
-7.89215
-7.84185
-7.79156
-7.74126
-7.69097
-7.64060
-7.59023
-7.53986
-7.48950
-7.43929
-7.38907
-7.33886
-7.28865
-7.23862
-7.18859
-7.13857
-7.08854
-7.03852
-6.98850
-6.93849
-6.88847
-6.83817
-6.78786
-6.73756
-6.68725
-6.63704
-6.58683
-6.53662
-6.48641
-6.43623
-6.38605
-6.33586
-6.28568
-6.23555
-6.18542
-6.13530
-6.08517
-6.03472
-5.98428
-5.93384
-5.88339
-5.83291
-5.78243
-5.73194
-5.68146
-5.63100
-5.58055
-5.53010
-5.47965
-5.42920
-5.37875
-5.32830
-5.27785
-5.22684
-5.17584
-5.12483
-5.07383
-5.02146
-4.96908
-4.91670
-4.86433
-4.81275
-4.76118
-4.70961
-4.65803
-4.60601
-4.55399
-4.50198
-4.44996
-4.39870
-4.34745
-4.29619
-4.24494
-4.19494
-4.14494
-4.09495
-4.04495
-3.99502
-3.94510
-3.89517
-3.84524
-3.79549
-3.74574
-3.69599
-3.64624
-3.59646
-3.54668
-3.49690
-3.44711
-3.39757
-3.34803
-3.29848
-3.24894
-3.19943
-3.14992
-3.10041
-3.05091
-3.00173
-2.95256
-2.90339
-2.85422
-2.80541
-2.75660
-2.70779
-2.65898
-2.61037
-2.56176
-2.51315
-2.46454
-2.41731
-2.37008
-2.32285
-2.27562
-2.22767
-2.17972
-2.13177
-2.08382
-2.03988
-1.99594
-1.95199
-1.90805
-1.86206
-1.81606
-1.77006
-1.72407
-1.68420
-1.64433
-1.60446
-1.56459
-1.52242
-1.48025
-1.43808
-1.39591
-1.35915
-1.32240
-1.28565
-1.24890
-1.21126
-1.17363
-1.13599
-1.09835
-1.06262
-1.02689
-0.99115
-0.95542
-0.92009
-0.88476
-0.84942
-0.81409
-0.77719
-0.74028
-0.70338
-0.66647
-0.62983
-0.59318
-0.55653
-0.51988
-0.48004
-0.44020
-0.40036
-0.36052
-0.32052
-0.28051
-0.24050
-0.20049
-11.11495
-11.11495
-11.11495
-11.11495
-11.11495
-11.11495
-11.11495
-11.11495
-11.11495
-11.11495
-11.11495
-11.11495
-11.11495
-11.11495
-11.11495
-11.11495
-11.11495
-11.11495
-11.11495
-11.11495
-11.11495
-11.11495
-11.11495
-11.11495
-11.11495
-11.11495
-11.11495
-11.11495
-11.11495
-11.11495
-11.11495
-11.11495
-11.11495
-11.11495
-11.11495
-11.11495
-11.11495
-11.11495
-11.11495
-11.11495
-11.11495
-11.11495
-11.11495
-11.11495
-11.11495
-11.11495
-11.11495
-11.11495
-11.11495
-11.11495
-11.11495
-11.11495
-11.11495
-11.11495
-11.11495
-11.11495
-11.11495
-11.11495
-11.11495
-11.11495
-11.11495
-11.11495
-11.11495
-11.11495
-11.11495
-11.11495
-11.11495
-11.11495
-11.11495
-11.11495
-11.11495
-11.11495
-11.11495
-11.11495
-11.11495
-11.11495
-11.11495
-11.11495
-11.11495
-11.11495
-11.11495
-11.11495
-11.11495
-11.11495
-11.11495
-11.11495
-11.11495
-11.11495
-11.11495
-11.11495
-11.11495
-11.11495
-11.11495
-11.11495
-11.11495
-11.11495
-11.11495
-11.11495
-11.11495
-11.11495
-11.11495
-11.11495
-11.11495
-11.11495
-11.11495
-11.11495
-11.11495
-11.11495
-11.11495
-11.11495
-11.11495
-11.11495
-11.11495
-11.11495
-11.11495
-11.11495
-11.11495
-11.11495
-11.11495
-11.11495
-11.11495
-11.11495
-11.11495
-11.11495
-11.11495
-11.11495
-11.11495
-11.11495
-11.11495
-11.11495
-11.11495
-11.11495
-11.11495
-11.11495
-11.11495
-11.11495
-11.11495
-11.11495
-11.11495
-11.11495
-11.11495
-11.11495
-11.11495
-11.11495
-11.11495
-11.09984
-11.08474
-11.06963
-11.05452
-11.00452
-10.95453
-10.90453
-10.85453
-10.80428
-10.75403
-10.70378
-10.65353
-10.60206
-10.55060
-10.49913
-10.44766
-10.39675
-10.34583
-10.29492
-10.24401
-10.19398
-10.14395
-10.09392
-10.04390
-9.99390
-9.94390
-9.89391
-9.84391
-9.77070
-9.69749
-9.62429
-9.55108
-9.48474
-9.41840
-9.35207
-9.28573
-9.15220
-9.01867
-8.88514
-8.75161
-8.65171
-8.55181
-8.45192
-8.35202
-8.28738
-8.22275
-8.15811
-8.09348
-8.04315
-7.99281
-7.94248
-7.89215
-7.84185
-7.79156
-7.74126
-7.69097
-7.64060
-7.59023
-7.53986
-7.48950
-7.43929
-7.38907
-7.33886
-7.28865
-7.23862
-7.18859
-7.13857
-7.08854
-7.03852
-6.98850
-6.93849
-6.88847
-6.83817
-6.78786
-6.73756
-6.68725
-6.63704
-6.58683
-6.53662
-6.48641
-6.43623
-6.38605
-6.33586
-6.28568
-6.23555
-6.18542
-6.13530
-6.08517
-6.03472
-5.98428
-5.93384
-5.88339
-5.83291
-5.78243
-5.73194
-5.68146
-5.63100
-5.58055
-5.53010
-5.47965
-5.42920
-5.37875
-5.32830
-5.27785
-5.22684
-5.17584
-5.12483
-5.07383
-5.02146
-4.96908
-4.91670
-4.86433
-4.81275
-4.76118
-4.70961
-4.65803
-4.60601
-4.55399
-4.50198
-4.44996
-4.39870
-4.34745
-4.29619
-4.24494
-4.19494
-4.14494
-4.09495
-4.04495
-3.99502
-3.94510
-3.89517
-3.84524
-3.79549
-3.74574
-3.69599
-3.64624
-3.59646
-3.54668
-3.49690
-3.44711
-3.39757
-3.34803
-3.29848
-3.24894
-3.19943
-3.14992
-3.10041
-3.05091
-3.00173
-2.95256
-2.90339
-2.85422
-2.80541
-2.75660
-2.70779
-2.65898
-2.61037
-2.56176
-2.51315
-2.46454
-2.41731
-2.37008
-2.32285
-2.27562
-2.22767
-2.17972
-2.13177
-2.08382
-2.03988
-1.99594
-1.95199
-1.90805
-1.86206
-1.81606
-1.77006
-1.72407
-1.68420
-1.64433
-1.60446
-1.56459
-1.52242
-1.48025
-1.43808
-1.39591
-1.35915
-1.32240
-1.28565
-1.24890
-1.21126
-1.17363
-1.13599
-1.09835
-1.06262
-1.02689
-0.99115
-0.95542
-0.92009
-0.88476
-0.84942
-0.81409
-0.77719
-0.74028
-0.70338
-0.66647
-0.62983
-0.59318
-0.55653
-0.51988
-0.48004
-0.44020
-0.40036
-0.36052
-0.32052
-0.28051
-0.24050
-0.20049
-11.11495
-11.11495
-11.11495
-11.11495
-11.11495
-11.11495
-11.11495
-11.11495
-11.11495
-11.11495
-11.11495
-11.11495
-11.11495
-11.11495
-11.11495
-11.11495
-11.11495
-11.11495
-11.11495
-11.11495
-11.11495
-11.11495
-11.11495
-11.11495
-11.11495
-11.11495
-11.11495
-11.11495
-11.11495
-11.11495
-11.11495
-11.11495
-11.11495
-11.11495
-11.11495
-11.11495
-11.11495
-11.11495
-11.11495
-11.11495
-11.11495
-11.11495
-11.11495
-11.11495
-11.11495
-11.11495
-11.11495
-11.11495
-11.11495
-11.11495
-11.11495
-11.11495
-11.11495
-11.11495
-11.11495
-11.11495
-11.11495
-11.11495
-11.11495
-11.11495
-11.11495
-11.11495
-11.11495
-11.11495
-11.11495
-11.11495
-11.11495
-11.11495
-11.11495
-11.11495
-11.11495
-11.11495
-11.11495
-11.11495
-11.11495
-11.11495
-11.11495
-11.11495
-11.11495
-11.11495
-11.11495
-11.11495
-11.11495
-11.11495
-11.11495
-11.11495
-11.11495
-11.11495
-11.11495
-11.11495
-11.11495
-11.11495
-11.11495
-11.11495
-11.11495
-11.11495
-11.11495
-11.11495
-11.11495
-11.11495
-11.11495
-11.11495
-11.11495
-11.11495
-11.11495
-11.11495
-11.11495
-11.11495
-11.11495
-11.11495
-11.11495
-11.11495
-11.11495
-11.11495
-11.11495
-11.11495
-11.11495
-11.11495
-11.11495
-11.11495
-11.11495
-11.11495
-11.11495
-11.11495
-11.11495
-11.11495
-11.11495
-11.11495
-11.11495
-11.11495
-11.11495
-11.11495
-11.11495
-11.11495
-11.11495
-11.11495
-11.11495
-11.11495
-11.11495
-11.11495
-11.11495
-11.11495
-11.11495
-11.11495
-11.11495
-11.09984
-11.08474
-11.06963
-11.05452
-11.00452
-10.95453
-10.90453
-10.85453
-10.80428
-10.75403
-10.70378
-10.65353
-10.60206
-10.55060
-10.49913
-10.44766
-10.39675
-10.34583
-10.29492
-10.24401
-10.19398
-10.14395
-10.09392
-10.04390
-9.99390
-9.94390
-9.89391
-9.84391
-9.77070
-9.69749
-9.62429
-9.55108
-9.48474
-9.41840
-9.35207
-9.28573
-9.15220
-9.01867
-8.88514
-8.75161
-8.65171
-8.55181
-8.45192
-8.35202
-8.28738
-8.22275
-8.15811
-8.09348
-8.04315
-7.99281
-7.94248
-7.89215
-7.84185
-7.79156
-7.74126
-7.69097
-7.64060
-7.59023
-7.53986
-7.48950
-7.43929
-7.38907
-7.33886
-7.28865
-7.23862
-7.18859
-7.13857
-7.08854
-7.03852
-6.98850
-6.93849
-6.88847
-6.83817
-6.78786
-6.73756
-6.68725
-6.63704
-6.58683
-6.53662
-6.48641
-6.43623
-6.38605
-6.33586
-6.28568
-6.23555
-6.18542
-6.13530
-6.08517
-6.03472
-5.98428
-5.93384
-5.88339
-5.83291
-5.78243
-5.73194
-5.68146
-5.63100
-5.58055
-5.53010
-5.47965
-5.42920
-5.37875
-5.32830
-5.27785
-5.22684
-5.17584
-5.12483
-5.07383
-5.02146
-4.96908
-4.91670
-4.86433
-4.81275
-4.76118
-4.70961
-4.65803
-4.60601
-4.55399
-4.50198
-4.44996
-4.39870
-4.34745
-4.29619
-4.24494
-4.19494
-4.14494
-4.09495
-4.04495
-3.99502
-3.94510
-3.89517
-3.84524
-3.79549
-3.74574
-3.69599
-3.64624
-3.59646
-3.54668
-3.49690
-3.44711
-3.39757
-3.34803
-3.29848
-3.24894
-3.19943
-3.14992
-3.10041
-3.05091
-3.00173
-2.95256
-2.90339
-2.85422
-2.80541
-2.75660
-2.70779
-2.65898
-2.61037
-2.56176
-2.51315
-2.46454
-2.41731
-2.37008
-2.32285
-2.27562
-2.22767
-2.17972
-2.13177
-2.08382
-2.03988
-1.99594
-1.95199
-1.90805
-1.86206
-1.81606
-1.77006
-1.72407
-1.68420
-1.64433
-1.60446
-1.56459
-1.52242
-1.48025
-1.43808
-1.39591
-1.35915
-1.32240
-1.28565
-1.24890
-1.21126
-1.17363
-1.13599
-1.09835
-1.06262
-1.02689
-0.99115
-0.95542
-0.92009
-0.88476
-0.84942
-0.81409
-0.77719
-0.74028
-0.70338
-0.66647
-0.62983
-0.59318
-0.55653
-0.51988
-0.48004
-0.44020
-0.40036
-0.36052
-0.32052
-0.28051
-0.24050
-0.20049
-11.11495
-11.11495
-11.11495
-11.11495
-11.11495
-11.11495
-11.11495
-11.11495
-11.11495
-11.11495
-11.11495
-11.11495
-11.11495
-11.11495
-11.11495
-11.11495
-11.11495
-11.11495
-11.11495
-11.11495
-11.11495
-11.11495
-11.11495
-11.11495
-11.11495
-11.11495
-11.11495
-11.11495
-11.11495
-11.11495
-11.11495
-11.11495
-11.11495
-11.11495
-11.11495
-11.11495
-11.11495
-11.11495
-11.11495
-11.11495
-11.11495
-11.11495
-11.11495
-11.11495
-11.11495
-11.11495
-11.11495
-11.11495
-11.11495
-11.11495
-11.11495
-11.11495
-11.11495
-11.11495
-11.11495
-11.11495
-11.11495
-11.11495
-11.11495
-11.11495
-11.11495
-11.11495
-11.11495
-11.11495
-11.11495
-11.11495
-11.11495
-11.11495
-11.11495
-11.11495
-11.11495
-11.11495
-11.11495
-11.11495
-11.11495
-11.11495
-11.11495
-11.11495
-11.11495
-11.11495
-11.11495
-11.11495
-11.11495
-11.11495
-11.11495
-11.11495
-11.11495
-11.11495
-11.11495
-11.11495
-11.11495
-11.11495
-11.11495
-11.11495
-11.11495
-11.11495
-11.11495
-11.11495
-11.11495
-11.11495
-11.11495
-11.11495
-11.11495
-11.11495
-11.11495
-11.11495
-11.11495
-11.11495
-11.11495
-11.11495
-11.11495
-11.11495
-11.11495
-11.11495
-11.11495
-11.11495
-11.11495
-11.11495
-11.11495
-11.11495
-11.11495
-11.11495
-11.11495
-11.11495
-11.11495
-11.11495
-11.11495
-11.11495
-11.11495
-11.11495
-11.11495
-11.11495
-11.11495
-11.11495
-11.11495
-11.11495
-11.11495
-11.11495
-11.11495
-11.11495
-11.11495
-11.11495
-11.11495
-11.11495
-11.11495
-11.09984
-11.08474
-11.06963
-11.05452
-11.00452
-10.95453
-10.90453
-10.85453
-10.80428
-10.75403
-10.70378
-10.65353
-10.60206
-10.55060
-10.49913
-10.44766
-10.39675
-10.34583
-10.29492
-10.24401
-10.19398
-10.14395
-10.09392
-10.04390
-9.99390
-9.94390
-9.89391
-9.84391
-9.77070
-9.69749
-9.62429
-9.55108
-9.48474
-9.41840
-9.35207
-9.28573
-9.15220
-9.01867
-8.88514
-8.75161
-8.65171
-8.55181
-8.45192
-8.35202
-8.28738
-8.22275
-8.15811
-8.09348
-8.04315
-7.99281
-7.94248
-7.89215
-7.84185
-7.79156
-7.74126
-7.69097
-7.64060
-7.59023
-7.53986
-7.48950
-7.43929
-7.38907
-7.33886
-7.28865
-7.23862
-7.18859
-7.13857
-7.08854
-7.03852
-6.98850
-6.93849
-6.88847
-6.83817
-6.78786
-6.73756
-6.68725
-6.63704
-6.58683
-6.53662
-6.48641
-6.43623
-6.38605
-6.33586
-6.28568
-6.23555
-6.18542
-6.13530
-6.08517
-6.03472
-5.98428
-5.93384
-5.88339
-5.83291
-5.78243
-5.73194
-5.68146
-5.63100
-5.58055
-5.53010
-5.47965
-5.42920
-5.37875
-5.32830
-5.27785
-5.22684
-5.17584
-5.12483
-5.07383
-5.02146
-4.96908
-4.91670
-4.86433
-4.81275
-4.76118
-4.70961
-4.65803
-4.60601
-4.55399
-4.50198
-4.44996
-4.39870
-4.34745
-4.29619
-4.24494
-4.19494
-4.14494
-4.09495
-4.04495
-3.99502
-3.94510
-3.89517
-3.84524
-3.79549
-3.74574
-3.69599
-3.64624
-3.59646
-3.54668
-3.49690
-3.44711
-3.39757
-3.34803
-3.29848
-3.24894
-3.19943
-3.14992
-3.10041
-3.05091
-3.00173
-2.95256
-2.90339
-2.85422
-2.80541
-2.75660
-2.70779
-2.65898
-2.61037
-2.56176
-2.51315
-2.46454
-2.41731
-2.37008
-2.32285
-2.27562
-2.22767
-2.17972
-2.13177
-2.08382
-2.03988
-1.99594
-1.95199
-1.90805
-1.86206
-1.81606
-1.77006
-1.72407
-1.68420
-1.64433
-1.60446
-1.56459
-1.52242
-1.48025
-1.43808
-1.39591
-1.35915
-1.32240
-1.28565
-1.24890
-1.21126
-1.17363
-1.13599
-1.09835
-1.06262
-1.02689
-0.99115
-0.95542
-0.92009
-0.88476
-0.84942
-0.81409
-0.77719
-0.74028
-0.70338
-0.66647
-0.62983
-0.59318
-0.55653
-0.51988
-0.48004
-0.44020
-0.40036
-0.36052
-0.32052
-0.28051
-0.24050
-0.20049
-11.11495
-11.11495
-11.11495
-11.11495
-11.11495
-11.11495
-11.11495
-11.11495
-11.11495
-11.11495
-11.11495
-11.11495
-11.11495
-11.11495
-11.11495
-11.11495
-11.11495
-11.11495
-11.11495
-11.11495
-11.11495
-11.11495
-11.11495
-11.11495
-11.11495
-11.11495
-11.11495
-11.11495
-11.11495
-11.11495
-11.11495
-11.11495
-11.11495
-11.11495
-11.11495
-11.11495
-11.11495
-11.11495
-11.11495
-11.11495
-11.11495
-11.11495
-11.11495
-11.11495
-11.11495
-11.11495
-11.11495
-11.11495
-11.11495
-11.11495
-11.11495
-11.11495
-11.11495
-11.11495
-11.11495
-11.11495
-11.11495
-11.11495
-11.11495
-11.11495
-11.11495
-11.11495
-11.11495
-11.11495
-11.11495
-11.11495
-11.11495
-11.11495
-11.11495
-11.11495
-11.11495
-11.11495
-11.11495
-11.11495
-11.11495
-11.11495
-11.11495
-11.11495
-11.11495
-11.11495
-11.11495
-11.11495
-11.11495
-11.11495
-11.11495
-11.11495
-11.11495
-11.11495
-11.11495
-11.11495
-11.11495
-11.11495
-11.11495
-11.11495
-11.11495
-11.11495
-11.11495
-11.11495
-11.11495
-11.11495
-11.11495
-11.11495
-11.11495
-11.11495
-11.11495
-11.11495
-11.11495
-11.11495
-11.11495
-11.11495
-11.11495
-11.11495
-11.11495
-11.11495
-11.11495
-11.11495
-11.11495
-11.11495
-11.11495
-11.11495
-11.11495
-11.11495
-11.11495
-11.11495
-11.11495
-11.11495
-11.11495
-11.11495
-11.11495
-11.11495
-11.11495
-11.11495
-11.11495
-11.11495
-11.11495
-11.11495
-11.11495
-11.11495
-11.11495
-11.11495
-11.11495
-11.11495
-11.11495
-11.11495
-11.11495
-11.09984
-11.08474
-11.06963
-11.05452
-11.00452
-10.95453
-10.90453
-10.85453
-10.80428
-10.75403
-10.70378
-10.65353
-10.60206
-10.55060
-10.49913
-10.44766
-10.39675
-10.34583
-10.29492
-10.24401
-10.19398
-10.14395
-10.09392
-10.04390
-9.99390
-9.94390
-9.89391
-9.84391
-9.77070
-9.69749
-9.62429
-9.55108
-9.48474
-9.41840
-9.35207
-9.28573
-9.15220
-9.01867
-8.88514
-8.75161
-8.65171
-8.55181
-8.45192
-8.35202
-8.28738
-8.22275
-8.15811
-8.09348
-8.04315
-7.99281
-7.94248
-7.89215
-7.84185
-7.79156
-7.74126
-7.69097
-7.64060
-7.59023
-7.53986
-7.48950
-7.43929
-7.38907
-7.33886
-7.28865
-7.23862
-7.18859
-7.13857
-7.08854
-7.03852
-6.98850
-6.93849
-6.88847
-6.83817
-6.78786
-6.73756
-6.68725
-6.63704
-6.58683
-6.53662
-6.48641
-6.43623
-6.38605
-6.33586
-6.28568
-6.23555
-6.18542
-6.13530
-6.08517
-6.03472
-5.98428
-5.93384
-5.88339
-5.83291
-5.78243
-5.73194
-5.68146
-5.63100
-5.58055
-5.53010
-5.47965
-5.42920
-5.37875
-5.32830
-5.27785
-5.22684
-5.17584
-5.12483
-5.07383
-5.02146
-4.96908
-4.91670
-4.86433
-4.81275
-4.76118
-4.70961
-4.65803
-4.60601
-4.55399
-4.50198
-4.44996
-4.39870
-4.34745
-4.29619
-4.24494
-4.19494
-4.14494
-4.09495
-4.04495
-3.99502
-3.94510
-3.89517
-3.84524
-3.79549
-3.74574
-3.69599
-3.64624
-3.59646
-3.54668
-3.49690
-3.44711
-3.39757
-3.34803
-3.29848
-3.24894
-3.19943
-3.14992
-3.10041
-3.05091
-3.00173
-2.95256
-2.90339
-2.85422
-2.80541
-2.75660
-2.70779
-2.65898
-2.61037
-2.56176
-2.51315
-2.46454
-2.41731
-2.37008
-2.32285
-2.27562
-2.22767
-2.17972
-2.13177
-2.08382
-2.03988
-1.99594
-1.95199
-1.90805
-1.86206
-1.81606
-1.77006
-1.72407
-1.68420
-1.64433
-1.60446
-1.56459
-1.52242
-1.48025
-1.43808
-1.39591
-1.35915
-1.32240
-1.28565
-1.24890
-1.21126
-1.17363
-1.13599
-1.09835
-1.06262
-1.02689
-0.99115
-0.95542
-0.92009
-0.88476
-0.84942
-0.81409
-0.77719
-0.74028
-0.70338
-0.66647
-0.62983
-0.59318
-0.55653
-0.51988
-0.48004
-0.44020
-0.40036
-0.36052
-0.32052
-0.28051
-0.24050
-0.20049
-11.11495
-11.11495
-11.11495
-11.11495
-11.11495
-11.11495
-11.11495
-11.11495
-11.11495
-11.11495
-11.11495
-11.11495
-11.11495
-11.11495
-11.11495
-11.11495
-11.11495
-11.11495
-11.11495
-11.11495
-11.11495
-11.11495
-11.11495
-11.11495
-11.11495
-11.11495
-11.11495
-11.11495
-11.11495
-11.11495
-11.11495
-11.11495
-11.11495
-11.11495
-11.11495
-11.11495
-11.11495
-11.11495
-11.11495
-11.11495
-11.11495
-11.11495
-11.11495
-11.11495
-11.11495
-11.11495
-11.11495
-11.11495
-11.11495
-11.11495
-11.11495
-11.11495
-11.11495
-11.11495
-11.11495
-11.11495
-11.11495
-11.11495
-11.11495
-11.11495
-11.11495
-11.11495
-11.11495
-11.11495
-11.11495
-11.11495
-11.11495
-11.11495
-11.11495
-11.11495
-11.11495
-11.11495
-11.11495
-11.11495
-11.11495
-11.11495
-11.11495
-11.11495
-11.11495
-11.11495
-11.11495
-11.11495
-11.11495
-11.11495
-11.11495
-11.11495
-11.11495
-11.11495
-11.11495
-11.11495
-11.11495
-11.11495
-11.11495
-11.11495
-11.11495
-11.11495
-11.11495
-11.11495
-11.11495
-11.11495
-11.11495
-11.11495
-11.11495
-11.11495
-11.11495
-11.11495
-11.11495
-11.11495
-11.11495
-11.11495
-11.11495
-11.11495
-11.11495
-11.11495
-11.11495
-11.11495
-11.11495
-11.11495
-11.11495
-11.11495
-11.11495
-11.11495
-11.11495
-11.11495
-11.11495
-11.11495
-11.11495
-11.11495
-11.11495
-11.11495
-11.11495
-11.11495
-11.11495
-11.11495
-11.11495
-11.11495
-11.11495
-11.11495
-11.11495
-11.11495
-11.11495
-11.11495
-11.11495
-11.11495
-11.11495
-11.09984
-11.08474
-11.06963
-11.05452
-11.00452
-10.95453
-10.90453
-10.85453
-10.80428
-10.75403
-10.70378
-10.65353
-10.60206
-10.55060
-10.49913
-10.44766
-10.39675
-10.34583
-10.29492
-10.24401
-10.19398
-10.14395
-10.09392
-10.04390
-9.99390
-9.94390
-9.89391
-9.84391
-9.77070
-9.69749
-9.62429
-9.55108
-9.48474
-9.41840
-9.35207
-9.28573
-9.15220
-9.01867
-8.88514
-8.75161
-8.65171
-8.55181
-8.45192
-8.35202
-8.28738
-8.22275
-8.15811
-8.09348
-8.04315
-7.99281
-7.94248
-7.89215
-7.84185
-7.79156
-7.74126
-7.69097
-7.64060
-7.59023
-7.53986
-7.48950
-7.43929
-7.38907
-7.33886
-7.28865
-7.23862
-7.18859
-7.13857
-7.08854
-7.03852
-6.98850
-6.93849
-6.88847
-6.83817
-6.78786
-6.73756
-6.68725
-6.63704
-6.58683
-6.53662
-6.48641
-6.43623
-6.38605
-6.33586
-6.28568
-6.23555
-6.18542
-6.13530
-6.08517
-6.03472
-5.98428
-5.93384
-5.88339
-5.83291
-5.78243
-5.73194
-5.68146
-5.63100
-5.58055
-5.53010
-5.47965
-5.42920
-5.37875
-5.32830
-5.27785
-5.22684
-5.17584
-5.12483
-5.07383
-5.02146
-4.96908
-4.91670
-4.86433
-4.81275
-4.76118
-4.70961
-4.65803
-4.60601
-4.55399
-4.50198
-4.44996
-4.39870
-4.34745
-4.29619
-4.24494
-4.19494
-4.14494
-4.09495
-4.04495
-3.99502
-3.94510
-3.89517
-3.84524
-3.79549
-3.74574
-3.69599
-3.64624
-3.59646
-3.54668
-3.49690
-3.44711
-3.39757
-3.34803
-3.29848
-3.24894
-3.19943
-3.14992
-3.10041
-3.05091
-3.00173
-2.95256
-2.90339
-2.85422
-2.80541
-2.75660
-2.70779
-2.65898
-2.61037
-2.56176
-2.51315
-2.46454
-2.41731
-2.37008
-2.32285
-2.27562
-2.22767
-2.17972
-2.13177
-2.08382
-2.03988
-1.99594
-1.95199
-1.90805
-1.86206
-1.81606
-1.77006
-1.72407
-1.68420
-1.64433
-1.60446
-1.56459
-1.52242
-1.48025
-1.43808
-1.39591
-1.35915
-1.32240
-1.28565
-1.24890
-1.21126
-1.17363
-1.13599
-1.09835
-1.06262
-1.02689
-0.99115
-0.95542
-0.92009
-0.88476
-0.84942
-0.81409
-0.77719
-0.74028
-0.70338
-0.66647
-0.62983
-0.59318
-0.55653
-0.51988
-0.48004
-0.44020
-0.40036
-0.36052
-0.32052
-0.28051
-0.24050
-0.20049
-11.11495
-11.11495
-11.11495
-11.11495
-11.11495
-11.11495
-11.11495
-11.11495
-11.11495
-11.11495
-11.11495
-11.11495
-11.11495
-11.11495
-11.11495
-11.11495
-11.11495
-11.11495
-11.11495
-11.11495
-11.11495
-11.11495
-11.11495
-11.11495
-11.11495
-11.11495
-11.11495
-11.11495
-11.11495
-11.11495
-11.11495
-11.11495
-11.11495
-11.11495
-11.11495
-11.11495
-11.11495
-11.11495
-11.11495
-11.11495
-11.11495
-11.11495
-11.11495
-11.11495
-11.11495
-11.11495
-11.11495
-11.11495
-11.11495
-11.11495
-11.11495
-11.11495
-11.11495
-11.11495
-11.11495
-11.11495
-11.11495
-11.11495
-11.11495
-11.11495
-11.11495
-11.11495
-11.11495
-11.11495
-11.11495
-11.11495
-11.11495
-11.11495
-11.11495
-11.11495
-11.11495
-11.11495
-11.11495
-11.11495
-11.11495
-11.11495
-11.11495
-11.11495
-11.11495
-11.11495
-11.11495
-11.11495
-11.11495
-11.11495
-11.11495
-11.11495
-11.11495
-11.11495
-11.11495
-11.11495
-11.11495
-11.11495
-11.11495
-11.11495
-11.11495
-11.11495
-11.11495
-11.11495
-11.11495
-11.11495
-11.11495
-11.11495
-11.11495
-11.11495
-11.11495
-11.11495
-11.11495
-11.11495
-11.11495
-11.11495
-11.11495
-11.11495
-11.11495
-11.11495
-11.11495
-11.11495
-11.11495
-11.11495
-11.11495
-11.11495
-11.11495
-11.11495
-11.11495
-11.11495
-11.11495
-11.11495
-11.11495
-11.11495
-11.11495
-11.11495
-11.11495
-11.11495
-11.11495
-11.11495
-11.11495
-11.11495
-11.11495
-11.11495
-11.11495
-11.11495
-11.11495
-11.11495
-11.11495
-11.11495
-11.11495
-11.09984
-11.08474
-11.06963
-11.05452
-11.00452
-10.95453
-10.90453
-10.85453
-10.80428
-10.75403
-10.70378
-10.65353
-10.60206
-10.55060
-10.49913
-10.44766
-10.39675
-10.34583
-10.29492
-10.24401
-10.19398
-10.14395
-10.09392
-10.04390
-9.99390
-9.94390
-9.89391
-9.84391
-9.77070
-9.69749
-9.62429
-9.55108
-9.48474
-9.41840
-9.35207
-9.28573
-9.15220
-9.01867
-8.88514
-8.75161
-8.65171
-8.55181
-8.45192
-8.35202
-8.28738
-8.22275
-8.15811
-8.09348
-8.04315
-7.99281
-7.94248
-7.89215
-7.84185
-7.79156
-7.74126
-7.69097
-7.64060
-7.59023
-7.53986
-7.48950
-7.43929
-7.38907
-7.33886
-7.28865
-7.23862
-7.18859
-7.13857
-7.08854
-7.03852
-6.98850
-6.93849
-6.88847
-6.83817
-6.78786
-6.73756
-6.68725
-6.63704
-6.58683
-6.53662
-6.48641
-6.43623
-6.38605
-6.33586
-6.28568
-6.23555
-6.18542
-6.13530
-6.08517
-6.03472
-5.98428
-5.93384
-5.88339
-5.83291
-5.78243
-5.73194
-5.68146
-5.63100
-5.58055
-5.53010
-5.47965
-5.42920
-5.37875
-5.32830
-5.27785
-5.22684
-5.17584
-5.12483
-5.07383
-5.02146
-4.96908
-4.91670
-4.86433
-4.81275
-4.76118
-4.70961
-4.65803
-4.60601
-4.55399
-4.50198
-4.44996
-4.39870
-4.34745
-4.29619
-4.24494
-4.19494
-4.14494
-4.09495
-4.04495
-3.99502
-3.94510
-3.89517
-3.84524
-3.79549
-3.74574
-3.69599
-3.64624
-3.59646
-3.54668
-3.49690
-3.44711
-3.39757
-3.34803
-3.29848
-3.24894
-3.19943
-3.14992
-3.10041
-3.05091
-3.00173
-2.95256
-2.90339
-2.85422
-2.80541
-2.75660
-2.70779
-2.65898
-2.61037
-2.56176
-2.51315
-2.46454
-2.41731
-2.37008
-2.32285
-2.27562
-2.22767
-2.17972
-2.13177
-2.08382
-2.03988
-1.99594
-1.95199
-1.90805
-1.86206
-1.81606
-1.77006
-1.72407
-1.68420
-1.64433
-1.60446
-1.56459
-1.52242
-1.48025
-1.43808
-1.39591
-1.35915
-1.32240
-1.28565
-1.24890
-1.21126
-1.17363
-1.13599
-1.09835
-1.06262
-1.02689
-0.99115
-0.95542
-0.92009
-0.88476
-0.84942
-0.81409
-0.77719
-0.74028
-0.70338
-0.66647
-0.62983
-0.59318
-0.55653
-0.51988
-0.48004
-0.44020
-0.40036
-0.36052
-0.32052
-0.28051
-0.24050
-0.20049
-11.11495
-11.11495
-11.11495
-11.11495
-11.11495
-11.11495
-11.11495
-11.11495
-11.11495
-11.11495
-11.11495
-11.11495
-11.11495
-11.11495
-11.11495
-11.11495
-11.11495
-11.11495
-11.11495
-11.11495
-11.11495
-11.11495
-11.11495
-11.11495
-11.11495
-11.11495
-11.11495
-11.11495
-11.11495
-11.11495
-11.11495
-11.11495
-11.11495
-11.11495
-11.11495
-11.11495
-11.11495
-11.11495
-11.11495
-11.11495
-11.11495
-11.11495
-11.11495
-11.11495
-11.11495
-11.11495
-11.11495
-11.11495
-11.11495
-11.11495
-11.11495
-11.11495
-11.11495
-11.11495
-11.11495
-11.11495
-11.11495
-11.11495
-11.11495
-11.11495
-11.11495
-11.11495
-11.11495
-11.11495
-11.11495
-11.11495
-11.11495
-11.11495
-11.11495
-11.11495
-11.11495
-11.11495
-11.11495
-11.11495
-11.11495
-11.11495
-11.11495
-11.11495
-11.11495
-11.11495
-11.11495
-11.11495
-11.11495
-11.11495
-11.11495
-11.11495
-11.11495
-11.11495
-11.11495
-11.11495
-11.11495
-11.11495
-11.11495
-11.11495
-11.11495
-11.11495
-11.11495
-11.11495
-11.11495
-11.11495
-11.11495
-11.11495
-11.11495
-11.11495
-11.11495
-11.11495
-11.11495
-11.11495
-11.11495
-11.11495
-11.11495
-11.11495
-11.11495
-11.11495
-11.11495
-11.11495
-11.11495
-11.11495
-11.11495
-11.11495
-11.11495
-11.11495
-11.11495
-11.11495
-11.11495
-11.11495
-11.11495
-11.11495
-11.11495
-11.11495
-11.11495
-11.11495
-11.11495
-11.11495
-11.11495
-11.11495
-11.11495
-11.11495
-11.11495
-11.11495
-11.11495
-11.11495
-11.11495
-11.11495
-11.11495
-11.09984
-11.08474
-11.06963
-11.05452
-11.00452
-10.95453
-10.90453
-10.85453
-10.80428
-10.75403
-10.70378
-10.65353
-10.60206
-10.55060
-10.49913
-10.44766
-10.39675
-10.34583
-10.29492
-10.24401
-10.19398
-10.14395
-10.09392
-10.04390
-9.99390
-9.94390
-9.89391
-9.84391
-9.77070
-9.69749
-9.62429
-9.55108
-9.48474
-9.41840
-9.35207
-9.28573
-9.15220
-9.01867
-8.88514
-8.75161
-8.65171
-8.55181
-8.45192
-8.35202
-8.28738
-8.22275
-8.15811
-8.09348
-8.04315
-7.99281
-7.94248
-7.89215
-7.84185
-7.79156
-7.74126
-7.69097
-7.64060
-7.59023
-7.53986
-7.48950
-7.43929
-7.38907
-7.33886
-7.28865
-7.23862
-7.18859
-7.13857
-7.08854
-7.03852
-6.98850
-6.93849
-6.88847
-6.83817
-6.78786
-6.73756
-6.68725
-6.63704
-6.58683
-6.53662
-6.48641
-6.43623
-6.38605
-6.33586
-6.28568
-6.23555
-6.18542
-6.13530
-6.08517
-6.03472
-5.98428
-5.93384
-5.88339
-5.83291
-5.78243
-5.73194
-5.68146
-5.63100
-5.58055
-5.53010
-5.47965
-5.42920
-5.37875
-5.32830
-5.27785
-5.22684
-5.17584
-5.12483
-5.07383
-5.02146
-4.96908
-4.91670
-4.86433
-4.81275
-4.76118
-4.70961
-4.65803
-4.60601
-4.55399
-4.50198
-4.44996
-4.39870
-4.34745
-4.29619
-4.24494
-4.19494
-4.14494
-4.09495
-4.04495
-3.99502
-3.94510
-3.89517
-3.84524
-3.79549
-3.74574
-3.69599
-3.64624
-3.59646
-3.54668
-3.49690
-3.44711
-3.39757
-3.34803
-3.29848
-3.24894
-3.19943
-3.14992
-3.10041
-3.05091
-3.00173
-2.95256
-2.90339
-2.85422
-2.80541
-2.75660
-2.70779
-2.65898
-2.61037
-2.56176
-2.51315
-2.46454
-2.41731
-2.37008
-2.32285
-2.27562
-2.22767
-2.17972
-2.13177
-2.08382
-2.03988
-1.99594
-1.95199
-1.90805
-1.86206
-1.81606
-1.77006
-1.72407
-1.68420
-1.64433
-1.60446
-1.56459
-1.52242
-1.48025
-1.43808
-1.39591
-1.35915
-1.32240
-1.28565
-1.24890
-1.21126
-1.17363
-1.13599
-1.09835
-1.06262
-1.02689
-0.99115
-0.95542
-0.92009
-0.88476
-0.84942
-0.81409
-0.77719
-0.74028
-0.70338
-0.66647
-0.62983
-0.59318
-0.55653
-0.51988
-0.48004
-0.44020
-0.40036
-0.36052
-0.32052
-0.28051
-0.24050
-0.20049
-11.11495
-11.11495
-11.11495
-11.11495
-11.11495
-11.11495
-11.11495
-11.11495
-11.11495
-11.11495
-11.11495
-11.11495
-11.11495
-11.11495
-11.11495
-11.11495
-11.11495
-11.11495
-11.11495
-11.11495
-11.11495
-11.11495
-11.11495
-11.11495
-11.11495
-11.11495
-11.11495
-11.11495
-11.11495
-11.11495
-11.11495
-11.11495
-11.11495
-11.11495
-11.11495
-11.11495
-11.11495
-11.11495
-11.11495
-11.11495
-11.11495
-11.11495
-11.11495
-11.11495
-11.11495
-11.11495
-11.11495
-11.11495
-11.11495
-11.11495
-11.11495
-11.11495
-11.11495
-11.11495
-11.11495
-11.11495
-11.11495
-11.11495
-11.11495
-11.11495
-11.11495
-11.11495
-11.11495
-11.11495
-11.11495
-11.11495
-11.11495
-11.11495
-11.11495
-11.11495
-11.11495
-11.11495
-11.11495
-11.11495
-11.11495
-11.11495
-11.11495
-11.11495
-11.11495
-11.11495
-11.11495
-11.11495
-11.11495
-11.11495
-11.11495
-11.11495
-11.11495
-11.11495
-11.11495
-11.11495
-11.11495
-11.11495
-11.11495
-11.11495
-11.11495
-11.11495
-11.11495
-11.11495
-11.11495
-11.11495
-11.11495
-11.11495
-11.11495
-11.11495
-11.11495
-11.11495
-11.11495
-11.11495
-11.11495
-11.11495
-11.11495
-11.11495
-11.11495
-11.11495
-11.11495
-11.11495
-11.11495
-11.11495
-11.11495
-11.11495
-11.11495
-11.11495
-11.11495
-11.11495
-11.11495
-11.11495
-11.11495
-11.11495
-11.11495
-11.11495
-11.11495
-11.11495
-11.11495
-11.11495
-11.11495
-11.11495
-11.11495
-11.11495
-11.11495
-11.11495
-11.11495
-11.11495
-11.11495
-11.11495
-11.11495
-11.09984
-11.08474
-11.06963
-11.05452
-11.00452
-10.95453
-10.90453
-10.85453
-10.80428
-10.75403
-10.70378
-10.65353
-10.60206
-10.55060
-10.49913
-10.44766
-10.39675
-10.34583
-10.29492
-10.24401
-10.19398
-10.14395
-10.09392
-10.04390
-9.99390
-9.94390
-9.89391
-9.84391
-9.77070
-9.69749
-9.62429
-9.55108
-9.48474
-9.41840
-9.35207
-9.28573
-9.15220
-9.01867
-8.88514
-8.75161
-8.65171
-8.55181
-8.45192
-8.35202
-8.28738
-8.22275
-8.15811
-8.09348
-8.04315
-7.99281
-7.94248
-7.89215
-7.84185
-7.79156
-7.74126
-7.69097
-7.64060
-7.59023
-7.53986
-7.48950
-7.43929
-7.38907
-7.33886
-7.28865
-7.23862
-7.18859
-7.13857
-7.08854
-7.03852
-6.98850
-6.93849
-6.88847
-6.83817
-6.78786
-6.73756
-6.68725
-6.63704
-6.58683
-6.53662
-6.48641
-6.43623
-6.38605
-6.33586
-6.28568
-6.23555
-6.18542
-6.13530
-6.08517
-6.03472
-5.98428
-5.93384
-5.88339
-5.83291
-5.78243
-5.73194
-5.68146
-5.63100
-5.58055
-5.53010
-5.47965
-5.42920
-5.37875
-5.32830
-5.27785
-5.22684
-5.17584
-5.12483
-5.07383
-5.02146
-4.96908
-4.91670
-4.86433
-4.81275
-4.76118
-4.70961
-4.65803
-4.60601
-4.55399
-4.50198
-4.44996
-4.39870
-4.34745
-4.29619
-4.24494
-4.19494
-4.14494
-4.09495
-4.04495
-3.99502
-3.94510
-3.89517
-3.84524
-3.79549
-3.74574
-3.69599
-3.64624
-3.59646
-3.54668
-3.49690
-3.44711
-3.39757
-3.34803
-3.29848
-3.24894
-3.19943
-3.14992
-3.10041
-3.05091
-3.00173
-2.95256
-2.90339
-2.85422
-2.80541
-2.75660
-2.70779
-2.65898
-2.61037
-2.56176
-2.51315
-2.46454
-2.41731
-2.37008
-2.32285
-2.27562
-2.22767
-2.17972
-2.13177
-2.08382
-2.03988
-1.99594
-1.95199
-1.90805
-1.86206
-1.81606
-1.77006
-1.72407
-1.68420
-1.64433
-1.60446
-1.56459
-1.52242
-1.48025
-1.43808
-1.39591
-1.35915
-1.32240
-1.28565
-1.24890
-1.21126
-1.17363
-1.13599
-1.09835
-1.06262
-1.02689
-0.99115
-0.95542
-0.92009
-0.88476
-0.84942
-0.81409
-0.77719
-0.74028
-0.70338
-0.66647
-0.62983
-0.59318
-0.55653
-0.51988
-0.48004
-0.44020
-0.40036
-0.36052
-0.32052
-0.28051
-0.24050
-0.20049
-11.11495
-11.11495
-11.11495
-11.11495
-11.11495
-11.11495
-11.11495
-11.11495
-11.11495
-11.11495
-11.11495
-11.11495
-11.11495
-11.11495
-11.11495
-11.11495
-11.11495
-11.11495
-11.11495
-11.11495
-11.11495
-11.11495
-11.11495
-11.11495
-11.11495
-11.11495
-11.11495
-11.11495
-11.11495
-11.11495
-11.11495
-11.11495
-11.11495
-11.11495
-11.11495
-11.11495
-11.11495
-11.11495
-11.11495
-11.11495
-11.11495
-11.11495
-11.11495
-11.11495
-11.11495
-11.11495
-11.11495
-11.11495
-11.11495
-11.11495
-11.11495
-11.11495
-11.11495
-11.11495
-11.11495
-11.11495
-11.11495
-11.11495
-11.11495
-11.11495
-11.11495
-11.11495
-11.11495
-11.11495
-11.11495
-11.11495
-11.11495
-11.11495
-11.11495
-11.11495
-11.11495
-11.11495
-11.11495
-11.11495
-11.11495
-11.11495
-11.11495
-11.11495
-11.11495
-11.11495
-11.11495
-11.11495
-11.11495
-11.11495
-11.11495
-11.11495
-11.11495
-11.11495
-11.11495
-11.11495
-11.11495
-11.11495
-11.11495
-11.11495
-11.11495
-11.11495
-11.11495
-11.11495
-11.11495
-11.11495
-11.11495
-11.11495
-11.11495
-11.11495
-11.11495
-11.11495
-11.11495
-11.11495
-11.11495
-11.11495
-11.11495
-11.11495
-11.11495
-11.11495
-11.11495
-11.11495
-11.11495
-11.11495
-11.11495
-11.11495
-11.11495
-11.11495
-11.11495
-11.11495
-11.11495
-11.11495
-11.11495
-11.11495
-11.11495
-11.11495
-11.11495
-11.11495
-11.11495
-11.11495
-11.11495
-11.11495
-11.11495
-11.11495
-11.11495
-11.11495
-11.11495
-11.11495
-11.11495
-11.11495
-11.11495
-11.09984
-11.08474
-11.06963
-11.05452
-11.00452
-10.95453
-10.90453
-10.85453
-10.80428
-10.75403
-10.70378
-10.65353
-10.60206
-10.55060
-10.49913
-10.44766
-10.39675
-10.34583
-10.29492
-10.24401
-10.19398
-10.14395
-10.09392
-10.04390
-9.99390
-9.94390
-9.89391
-9.84391
-9.77070
-9.69749
-9.62429
-9.55108
-9.48474
-9.41840
-9.35207
-9.28573
-9.15220
-9.01867
-8.88514
-8.75161
-8.65171
-8.55181
-8.45192
-8.35202
-8.28738
-8.22275
-8.15811
-8.09348
-8.04315
-7.99281
-7.94248
-7.89215
-7.84185
-7.79156
-7.74126
-7.69097
-7.64060
-7.59023
-7.53986
-7.48950
-7.43929
-7.38907
-7.33886
-7.28865
-7.23862
-7.18859
-7.13857
-7.08854
-7.03852
-6.98850
-6.93849
-6.88847
-6.83817
-6.78786
-6.73756
-6.68725
-6.63704
-6.58683
-6.53662
-6.48641
-6.43623
-6.38605
-6.33586
-6.28568
-6.23555
-6.18542
-6.13530
-6.08517
-6.03472
-5.98428
-5.93384
-5.88339
-5.83291
-5.78243
-5.73194
-5.68146
-5.63100
-5.58055
-5.53010
-5.47965
-5.42920
-5.37875
-5.32830
-5.27785
-5.22684
-5.17584
-5.12483
-5.07383
-5.02146
-4.96908
-4.91670
-4.86433
-4.81275
-4.76118
-4.70961
-4.65803
-4.60601
-4.55399
-4.50198
-4.44996
-4.39870
-4.34745
-4.29619
-4.24494
-4.19494
-4.14494
-4.09495
-4.04495
-3.99502
-3.94510
-3.89517
-3.84524
-3.79549
-3.74574
-3.69599
-3.64624
-3.59646
-3.54668
-3.49690
-3.44711
-3.39757
-3.34803
-3.29848
-3.24894
-3.19943
-3.14992
-3.10041
-3.05091
-3.00173
-2.95256
-2.90339
-2.85422
-2.80541
-2.75660
-2.70779
-2.65898
-2.61037
-2.56176
-2.51315
-2.46454
-2.41731
-2.37008
-2.32285
-2.27562
-2.22767
-2.17972
-2.13177
-2.08382
-2.03988
-1.99594
-1.95199
-1.90805
-1.86206
-1.81606
-1.77006
-1.72407
-1.68420
-1.64433
-1.60446
-1.56459
-1.52242
-1.48025
-1.43808
-1.39591
-1.35915
-1.32240
-1.28565
-1.24890
-1.21126
-1.17363
-1.13599
-1.09835
-1.06262
-1.02689
-0.99115
-0.95542
-0.92009
-0.88476
-0.84942
-0.81409
-0.77719
-0.74028
-0.70338
-0.66647
-0.62983
-0.59318
-0.55653
-0.51988
-0.48004
-0.44020
-0.40036
-0.36052
-0.32052
-0.28051
-0.24050
-0.20049
-11.11495
-11.11495
-11.11495
-11.11495
-11.11495
-11.11495
-11.11495
-11.11495
-11.11495
-11.11495
-11.11495
-11.11495
-11.11495
-11.11495
-11.11495
-11.11495
-11.11495
-11.11495
-11.11495
-11.11495
-11.11495
-11.11495
-11.11495
-11.11495
-11.11495
-11.11495
-11.11495
-11.11495
-11.11495
-11.11495
-11.11495
-11.11495
-11.11495
-11.11495
-11.11495
-11.11495
-11.11495
-11.11495
-11.11495
-11.11495
-11.11495
-11.11495
-11.11495
-11.11495
-11.11495
-11.11495
-11.11495
-11.11495
-11.11495
-11.11495
-11.11495
-11.11495
-11.11495
-11.11495
-11.11495
-11.11495
-11.11495
-11.11495
-11.11495
-11.11495
-11.11495
-11.11495
-11.11495
-11.11495
-11.11495
-11.11495
-11.11495
-11.11495
-11.11495
-11.11495
-11.11495
-11.11495
-11.11495
-11.11495
-11.11495
-11.11495
-11.11495
-11.11495
-11.11495
-11.11495
-11.11495
-11.11495
-11.11495
-11.11495
-11.11495
-11.11495
-11.11495
-11.11495
-11.11495
-11.11495
-11.11495
-11.11495
-11.11495
-11.11495
-11.11495
-11.11495
-11.11495
-11.11495
-11.11495
-11.11495
-11.11495
-11.11495
-11.11495
-11.11495
-11.11495
-11.11495
-11.11495
-11.11495
-11.11495
-11.11495
-11.11495
-11.11495
-11.11495
-11.11495
-11.11495
-11.11495
-11.11495
-11.11495
-11.11495
-11.11495
-11.11495
-11.11495
-11.11495
-11.11495
-11.11495
-11.11495
-11.11495
-11.11495
-11.11495
-11.11495
-11.11495
-11.11495
-11.11495
-11.11495
-11.11495
-11.11495
-11.11495
-11.11495
-11.11495
-11.11495
-11.11495
-11.11495
-11.11495
-11.11495
-11.11495
-11.09984
-11.08474
-11.06963
-11.05452
-11.00452
-10.95453
-10.90453
-10.85453
-10.80428
-10.75403
-10.70378
-10.65353
-10.60206
-10.55060
-10.49913
-10.44766
-10.39675
-10.34583
-10.29492
-10.24401
-10.19398
-10.14395
-10.09392
-10.04390
-9.99390
-9.94390
-9.89391
-9.84391
-9.77070
-9.69749
-9.62429
-9.55108
-9.48474
-9.41840
-9.35207
-9.28573
-9.15220
-9.01867
-8.88514
-8.75161
-8.65171
-8.55181
-8.45192
-8.35202
-8.28738
-8.22275
-8.15811
-8.09348
-8.04315
-7.99281
-7.94248
-7.89215
-7.84185
-7.79156
-7.74126
-7.69097
-7.64060
-7.59023
-7.53986
-7.48950
-7.43929
-7.38907
-7.33886
-7.28865
-7.23862
-7.18859
-7.13857
-7.08854
-7.03852
-6.98850
-6.93849
-6.88847
-6.83817
-6.78786
-6.73756
-6.68725
-6.63704
-6.58683
-6.53662
-6.48641
-6.43623
-6.38605
-6.33586
-6.28568
-6.23555
-6.18542
-6.13530
-6.08517
-6.03472
-5.98428
-5.93384
-5.88339
-5.83291
-5.78243
-5.73194
-5.68146
-5.63100
-5.58055
-5.53010
-5.47965
-5.42920
-5.37875
-5.32830
-5.27785
-5.22684
-5.17584
-5.12483
-5.07383
-5.02146
-4.96908
-4.91670
-4.86433
-4.81275
-4.76118
-4.70961
-4.65803
-4.60601
-4.55399
-4.50198
-4.44996
-4.39870
-4.34745
-4.29619
-4.24494
-4.19494
-4.14494
-4.09495
-4.04495
-3.99502
-3.94510
-3.89517
-3.84524
-3.79549
-3.74574
-3.69599
-3.64624
-3.59646
-3.54668
-3.49690
-3.44711
-3.39757
-3.34803
-3.29848
-3.24894
-3.19943
-3.14992
-3.10041
-3.05091
-3.00173
-2.95256
-2.90339
-2.85422
-2.80541
-2.75660
-2.70779
-2.65898
-2.61037
-2.56176
-2.51315
-2.46454
-2.41731
-2.37008
-2.32285
-2.27562
-2.22767
-2.17972
-2.13177
-2.08382
-2.03988
-1.99594
-1.95199
-1.90805
-1.86206
-1.81606
-1.77006
-1.72407
-1.68420
-1.64433
-1.60446
-1.56459
-1.52242
-1.48025
-1.43808
-1.39591
-1.35915
-1.32240
-1.28565
-1.24890
-1.21126
-1.17363
-1.13599
-1.09835
-1.06262
-1.02689
-0.99115
-0.95542
-0.92009
-0.88476
-0.84942
-0.81409
-0.77719
-0.74028
-0.70338
-0.66647
-0.62983
-0.59318
-0.55653
-0.51988
-0.48004
-0.44020
-0.40036
-0.36052
-0.32052
-0.28051
-0.24050
-0.20049
-11.11495
-11.11495
-11.11495
-11.11495
-11.11495
-11.11495
-11.11495
-11.11495
-11.11495
-11.11495
-11.11495
-11.11495
-11.11495
-11.11495
-11.11495
-11.11495
-11.11495
-11.11495
-11.11495
-11.11495
-11.11495
-11.11495
-11.11495
-11.11495
-11.11495
-11.11495
-11.11495
-11.11495
-11.11495
-11.11495
-11.11495
-11.11495
-11.11495
-11.11495
-11.11495
-11.11495
-11.11495
-11.11495
-11.11495
-11.11495
-11.11495
-11.11495
-11.11495
-11.11495
-11.11495
-11.11495
-11.11495
-11.11495
-11.11495
-11.11495
-11.11495
-11.11495
-11.11495
-11.11495
-11.11495
-11.11495
-11.11495
-11.11495
-11.11495
-11.11495
-11.11495
-11.11495
-11.11495
-11.11495
-11.11495
-11.11495
-11.11495
-11.11495
-11.11495
-11.11495
-11.11495
-11.11495
-11.11495
-11.11495
-11.11495
-11.11495
-11.11495
-11.11495
-11.11495
-11.11495
-11.11495
-11.11495
-11.11495
-11.11495
-11.11495
-11.11495
-11.11495
-11.11495
-11.11495
-11.11495
-11.11495
-11.11495
-11.11495
-11.11495
-11.11495
-11.11495
-11.11495
-11.11495
-11.11495
-11.11495
-11.11495
-11.11495
-11.11495
-11.11495
-11.11495
-11.11495
-11.11495
-11.11495
-11.11495
-11.11495
-11.11495
-11.11495
-11.11495
-11.11495
-11.11495
-11.11495
-11.11495
-11.11495
-11.11495
-11.11495
-11.11495
-11.11495
-11.11495
-11.11495
-11.11495
-11.11495
-11.11495
-11.11495
-11.11495
-11.11495
-11.11495
-11.11495
-11.11495
-11.11495
-11.11495
-11.11495
-11.11495
-11.11495
-11.11495
-11.11495
-11.11495
-11.11495
-11.11495
-11.11495
-11.11495
-11.09984
-11.08474
-11.06963
-11.05452
-11.00452
-10.95453
-10.90453
-10.85453
-10.80428
-10.75403
-10.70378
-10.65353
-10.60206
-10.55060
-10.49913
-10.44766
-10.39675
-10.34583
-10.29492
-10.24401
-10.19398
-10.14395
-10.09392
-10.04390
-9.99390
-9.94390
-9.89391
-9.84391
-9.77070
-9.69749
-9.62429
-9.55108
-9.48474
-9.41840
-9.35207
-9.28573
-9.15220
-9.01867
-8.88514
-8.75161
-8.65171
-8.55181
-8.45192
-8.35202
-8.28738
-8.22275
-8.15811
-8.09348
-8.04315
-7.99281
-7.94248
-7.89215
-7.84185
-7.79156
-7.74126
-7.69097
-7.64060
-7.59023
-7.53986
-7.48950
-7.43929
-7.38907
-7.33886
-7.28865
-7.23862
-7.18859
-7.13857
-7.08854
-7.03852
-6.98850
-6.93849
-6.88847
-6.83817
-6.78786
-6.73756
-6.68725
-6.63704
-6.58683
-6.53662
-6.48641
-6.43623
-6.38605
-6.33586
-6.28568
-6.23555
-6.18542
-6.13530
-6.08517
-6.03472
-5.98428
-5.93384
-5.88339
-5.83291
-5.78243
-5.73194
-5.68146
-5.63100
-5.58055
-5.53010
-5.47965
-5.42920
-5.37875
-5.32830
-5.27785
-5.22684
-5.17584
-5.12483
-5.07383
-5.02146
-4.96908
-4.91670
-4.86433
-4.81275
-4.76118
-4.70961
-4.65803
-4.60601
-4.55399
-4.50198
-4.44996
-4.39870
-4.34745
-4.29619
-4.24494
-4.19494
-4.14494
-4.09495
-4.04495
-3.99502
-3.94510
-3.89517
-3.84524
-3.79549
-3.74574
-3.69599
-3.64624
-3.59646
-3.54668
-3.49690
-3.44711
-3.39757
-3.34803
-3.29848
-3.24894
-3.19943
-3.14992
-3.10041
-3.05091
-3.00173
-2.95256
-2.90339
-2.85422
-2.80541
-2.75660
-2.70779
-2.65898
-2.61037
-2.56176
-2.51315
-2.46454
-2.41731
-2.37008
-2.32285
-2.27562
-2.22767
-2.17972
-2.13177
-2.08382
-2.03988
-1.99594
-1.95199
-1.90805
-1.86206
-1.81606
-1.77006
-1.72407
-1.68420
-1.64433
-1.60446
-1.56459
-1.52242
-1.48025
-1.43808
-1.39591
-1.35915
-1.32240
-1.28565
-1.24890
-1.21126
-1.17363
-1.13599
-1.09835
-1.06262
-1.02689
-0.99115
-0.95542
-0.92009
-0.88476
-0.84942
-0.81409
-0.77719
-0.74028
-0.70338
-0.66647
-0.62983
-0.59318
-0.55653
-0.51988
-0.48004
-0.44020
-0.40036
-0.36052
-0.32052
-0.28051
-0.24050
-0.20049
-11.11495
-11.11495
-11.11495
-11.11495
-11.11495
-11.11495
-11.11495
-11.11495
-11.11495
-11.11495
-11.11495
-11.11495
-11.11495
-11.11495
-11.11495
-11.11495
-11.11495
-11.11495
-11.11495
-11.11495
-11.11495
-11.11495
-11.11495
-11.11495
-11.11495
-11.11495
-11.11495
-11.11495
-11.11495
-11.11495
-11.11495
-11.11495
-11.11495
-11.11495
-11.11495
-11.11495
-11.11495
-11.11495
-11.11495
-11.11495
-11.11495
-11.11495
-11.11495
-11.11495
-11.11495
-11.11495
-11.11495
-11.11495
-11.11495
-11.11495
-11.11495
-11.11495
-11.11495
-11.11495
-11.11495
-11.11495
-11.11495
-11.11495
-11.11495
-11.11495
-11.11495
-11.11495
-11.11495
-11.11495
-11.11495
-11.11495
-11.11495
-11.11495
-11.11495
-11.11495
-11.11495
-11.11495
-11.11495
-11.11495
-11.11495
-11.11495
-11.11495
-11.11495
-11.11495
-11.11495
-11.11495
-11.11495
-11.11495
-11.11495
-11.11495
-11.11495
-11.11495
-11.11495
-11.11495
-11.11495
-11.11495
-11.11495
-11.11495
-11.11495
-11.11495
-11.11495
-11.11495
-11.11495
-11.11495
-11.11495
-11.11495
-11.11495
-11.11495
-11.11495
-11.11495
-11.11495
-11.11495
-11.11495
-11.11495
-11.11495
-11.11495
-11.11495
-11.11495
-11.11495
-11.11495
-11.11495
-11.11495
-11.11495
-11.11495
-11.11495
-11.11495
-11.11495
-11.11495
-11.11495
-11.11495
-11.11495
-11.11495
-11.11495
-11.11495
-11.11495
-11.11495
-11.11495
-11.11495
-11.11495
-11.11495
-11.11495
-11.11495
-11.11495
-11.11495
-11.11495
-11.11495
-11.11495
-11.11495
-11.11495
-11.11495
-11.09984
-11.08474
-11.06963
-11.05452
-11.00452
-10.95453
-10.90453
-10.85453
-10.80428
-10.75403
-10.70378
-10.65353
-10.60206
-10.55060
-10.49913
-10.44766
-10.39675
-10.34583
-10.29492
-10.24401
-10.19398
-10.14395
-10.09392
-10.04390
-9.99390
-9.94390
-9.89391
-9.84391
-9.77070
-9.69749
-9.62429
-9.55108
-9.48474
-9.41840
-9.35207
-9.28573
-9.15220
-9.01867
-8.88514
-8.75161
-8.65171
-8.55181
-8.45192
-8.35202
-8.28738
-8.22275
-8.15811
-8.09348
-8.04315
-7.99281
-7.94248
-7.89215
-7.84185
-7.79156
-7.74126
-7.69097
-7.64060
-7.59023
-7.53986
-7.48950
-7.43929
-7.38907
-7.33886
-7.28865
-7.23862
-7.18859
-7.13857
-7.08854
-7.03852
-6.98850
-6.93849
-6.88847
-6.83817
-6.78786
-6.73756
-6.68725
-6.63704
-6.58683
-6.53662
-6.48641
-6.43623
-6.38605
-6.33586
-6.28568
-6.23555
-6.18542
-6.13530
-6.08517
-6.03472
-5.98428
-5.93384
-5.88339
-5.83291
-5.78243
-5.73194
-5.68146
-5.63100
-5.58055
-5.53010
-5.47965
-5.42920
-5.37875
-5.32830
-5.27785
-5.22684
-5.17584
-5.12483
-5.07383
-5.02146
-4.96908
-4.91670
-4.86433
-4.81275
-4.76118
-4.70961
-4.65803
-4.60601
-4.55399
-4.50198
-4.44996
-4.39870
-4.34745
-4.29619
-4.24494
-4.19494
-4.14494
-4.09495
-4.04495
-3.99502
-3.94510
-3.89517
-3.84524
-3.79549
-3.74574
-3.69599
-3.64624
-3.59646
-3.54668
-3.49690
-3.44711
-3.39757
-3.34803
-3.29848
-3.24894
-3.19943
-3.14992
-3.10041
-3.05091
-3.00173
-2.95256
-2.90339
-2.85422
-2.80541
-2.75660
-2.70779
-2.65898
-2.61037
-2.56176
-2.51315
-2.46454
-2.41731
-2.37008
-2.32285
-2.27562
-2.22767
-2.17972
-2.13177
-2.08382
-2.03988
-1.99594
-1.95199
-1.90805
-1.86206
-1.81606
-1.77006
-1.72407
-1.68420
-1.64433
-1.60446
-1.56459
-1.52242
-1.48025
-1.43808
-1.39591
-1.35915
-1.32240
-1.28565
-1.24890
-1.21126
-1.17363
-1.13599
-1.09835
-1.06262
-1.02689
-0.99115
-0.95542
-0.92009
-0.88476
-0.84942
-0.81409
-0.77719
-0.74028
-0.70338
-0.66647
-0.62983
-0.59318
-0.55653
-0.51988
-0.48004
-0.44020
-0.40036
-0.36052
-0.32052
-0.28051
-0.24050
-0.20049
-11.11495
-11.11495
-11.11495
-11.11495
-11.11495
-11.11495
-11.11495
-11.11495
-11.11495
-11.11495
-11.11495
-11.11495
-11.11495
-11.11495
-11.11495
-11.11495
-11.11495
-11.11495
-11.11495
-11.11495
-11.11495
-11.11495
-11.11495
-11.11495
-11.11495
-11.11495
-11.11495
-11.11495
-11.11495
-11.11495
-11.11495
-11.11495
-11.11495
-11.11495
-11.11495
-11.11495
-11.11495
-11.11495
-11.11495
-11.11495
-11.11495
-11.11495
-11.11495
-11.11495
-11.11495
-11.11495
-11.11495
-11.11495
-11.11495
-11.11495
-11.11495
-11.11495
-11.11495
-11.11495
-11.11495
-11.11495
-11.11495
-11.11495
-11.11495
-11.11495
-11.11495
-11.11495
-11.11495
-11.11495
-11.11495
-11.11495
-11.11495
-11.11495
-11.11495
-11.11495
-11.11495
-11.11495
-11.11495
-11.11495
-11.11495
-11.11495
-11.11495
-11.11495
-11.11495
-11.11495
-11.11495
-11.11495
-11.11495
-11.11495
-11.11495
-11.11495
-11.11495
-11.11495
-11.11495
-11.11495
-11.11495
-11.11495
-11.11495
-11.11495
-11.11495
-11.11495
-11.11495
-11.11495
-11.11495
-11.11495
-11.11495
-11.11495
-11.11495
-11.11495
-11.11495
-11.11495
-11.11495
-11.11495
-11.11495
-11.11495
-11.11495
-11.11495
-11.11495
-11.11495
-11.11495
-11.11495
-11.11495
-11.11495
-11.11495
-11.11495
-11.11495
-11.11495
-11.11495
-11.11495
-11.11495
-11.11495
-11.11495
-11.11495
-11.11495
-11.11495
-11.11495
-11.11495
-11.11495
-11.11495
-11.11495
-11.11495
-11.11495
-11.11495
-11.11495
-11.11495
-11.11495
-11.11495
-11.11495
-11.11495
-11.11495
-11.09984
-11.08474
-11.06963
-11.05452
-11.00452
-10.95453
-10.90453
-10.85453
-10.80428
-10.75403
-10.70378
-10.65353
-10.60206
-10.55060
-10.49913
-10.44766
-10.39675
-10.34583
-10.29492
-10.24401
-10.19398
-10.14395
-10.09392
-10.04390
-9.99390
-9.94390
-9.89391
-9.84391
-9.77070
-9.69749
-9.62429
-9.55108
-9.48474
-9.41840
-9.35207
-9.28573
-9.15220
-9.01867
-8.88514
-8.75161
-8.65171
-8.55181
-8.45192
-8.35202
-8.28738
-8.22275
-8.15811
-8.09348
-8.04315
-7.99281
-7.94248
-7.89215
-7.84185
-7.79156
-7.74126
-7.69097
-7.64060
-7.59023
-7.53986
-7.48950
-7.43929
-7.38907
-7.33886
-7.28865
-7.23862
-7.18859
-7.13857
-7.08854
-7.03852
-6.98850
-6.93849
-6.88847
-6.83817
-6.78786
-6.73756
-6.68725
-6.63704
-6.58683
-6.53662
-6.48641
-6.43623
-6.38605
-6.33586
-6.28568
-6.23555
-6.18542
-6.13530
-6.08517
-6.03472
-5.98428
-5.93384
-5.88339
-5.83291
-5.78243
-5.73194
-5.68146
-5.63100
-5.58055
-5.53010
-5.47965
-5.42920
-5.37875
-5.32830
-5.27785
-5.22684
-5.17584
-5.12483
-5.07383
-5.02146
-4.96908
-4.91670
-4.86433
-4.81275
-4.76118
-4.70961
-4.65803
-4.60601
-4.55399
-4.50198
-4.44996
-4.39870
-4.34745
-4.29619
-4.24494
-4.19494
-4.14494
-4.09495
-4.04495
-3.99502
-3.94510
-3.89517
-3.84524
-3.79549
-3.74574
-3.69599
-3.64624
-3.59646
-3.54668
-3.49690
-3.44711
-3.39757
-3.34803
-3.29848
-3.24894
-3.19943
-3.14992
-3.10041
-3.05091
-3.00173
-2.95256
-2.90339
-2.85422
-2.80541
-2.75660
-2.70779
-2.65898
-2.61037
-2.56176
-2.51315
-2.46454
-2.41731
-2.37008
-2.32285
-2.27562
-2.22767
-2.17972
-2.13177
-2.08382
-2.03988
-1.99594
-1.95199
-1.90805
-1.86206
-1.81606
-1.77006
-1.72407
-1.68420
-1.64433
-1.60446
-1.56459
-1.52242
-1.48025
-1.43808
-1.39591
-1.35915
-1.32240
-1.28565
-1.24890
-1.21126
-1.17363
-1.13599
-1.09835
-1.06262
-1.02689
-0.99115
-0.95542
-0.92009
-0.88476
-0.84942
-0.81409
-0.77719
-0.74028
-0.70338
-0.66647
-0.62983
-0.59318
-0.55653
-0.51988
-0.48004
-0.44020
-0.40036
-0.36052
-0.32052
-0.28051
-0.24050
-0.20049
-11.11495
-11.11495
-11.11495
-11.11495
-11.11495
-11.11495
-11.11495
-11.11495
-11.11495
-11.11495
-11.11495
-11.11495
-11.11495
-11.11495
-11.11495
-11.11495
-11.11495
-11.11495
-11.11495
-11.11495
-11.11495
-11.11495
-11.11495
-11.11495
-11.11495
-11.11495
-11.11495
-11.11495
-11.11495
-11.11495
-11.11495
-11.11495
-11.11495
-11.11495
-11.11495
-11.11495
-11.11495
-11.11495
-11.11495
-11.11495
-11.11495
-11.11495
-11.11495
-11.11495
-11.11495
-11.11495
-11.11495
-11.11495
-11.11495
-11.11495
-11.11495
-11.11495
-11.11495
-11.11495
-11.11495
-11.11495
-11.11495
-11.11495
-11.11495
-11.11495
-11.11495
-11.11495
-11.11495
-11.11495
-11.11495
-11.11495
-11.11495
-11.11495
-11.11495
-11.11495
-11.11495
-11.11495
-11.11495
-11.11495
-11.11495
-11.11495
-11.11495
-11.11495
-11.11495
-11.11495
-11.11495
-11.11495
-11.11495
-11.11495
-11.11495
-11.11495
-11.11495
-11.11495
-11.11495
-11.11495
-11.11495
-11.11495
-11.11495
-11.11495
-11.11495
-11.11495
-11.11495
-11.11495
-11.11495
-11.11495
-11.11495
-11.11495
-11.11495
-11.11495
-11.11495
-11.11495
-11.11495
-11.11495
-11.11495
-11.11495
-11.11495
-11.11495
-11.11495
-11.11495
-11.11495
-11.11495
-11.11495
-11.11495
-11.11495
-11.11495
-11.11495
-11.11495
-11.11495
-11.11495
-11.11495
-11.11495
-11.11495
-11.11495
-11.11495
-11.11495
-11.11495
-11.11495
-11.11495
-11.11495
-11.11495
-11.11495
-11.11495
-11.11495
-11.11495
-11.11495
-11.11495
-11.11495
-11.11495
-11.11495
-11.11495
-11.09984
-11.08474
-11.06963
-11.05452
-11.00452
-10.95453
-10.90453
-10.85453
-10.80428
-10.75403
-10.70378
-10.65353
-10.60206
-10.55060
-10.49913
-10.44766
-10.39675
-10.34583
-10.29492
-10.24401
-10.19398
-10.14395
-10.09392
-10.04390
-9.99390
-9.94390
-9.89391
-9.84391
-9.77070
-9.69749
-9.62429
-9.55108
-9.48474
-9.41840
-9.35207
-9.28573
-9.15220
-9.01867
-8.88514
-8.75161
-8.65171
-8.55181
-8.45192
-8.35202
-8.28738
-8.22275
-8.15811
-8.09348
-8.04315
-7.99281
-7.94248
-7.89215
-7.84185
-7.79156
-7.74126
-7.69097
-7.64060
-7.59023
-7.53986
-7.48950
-7.43929
-7.38907
-7.33886
-7.28865
-7.23862
-7.18859
-7.13857
-7.08854
-7.03852
-6.98850
-6.93849
-6.88847
-6.83817
-6.78786
-6.73756
-6.68725
-6.63704
-6.58683
-6.53662
-6.48641
-6.43623
-6.38605
-6.33586
-6.28568
-6.23555
-6.18542
-6.13530
-6.08517
-6.03472
-5.98428
-5.93384
-5.88339
-5.83291
-5.78243
-5.73194
-5.68146
-5.63100
-5.58055
-5.53010
-5.47965
-5.42920
-5.37875
-5.32830
-5.27785
-5.22684
-5.17584
-5.12483
-5.07383
-5.02146
-4.96908
-4.91670
-4.86433
-4.81275
-4.76118
-4.70961
-4.65803
-4.60601
-4.55399
-4.50198
-4.44996
-4.39870
-4.34745
-4.29619
-4.24494
-4.19494
-4.14494
-4.09495
-4.04495
-3.99502
-3.94510
-3.89517
-3.84524
-3.79549
-3.74574
-3.69599
-3.64624
-3.59646
-3.54668
-3.49690
-3.44711
-3.39757
-3.34803
-3.29848
-3.24894
-3.19943
-3.14992
-3.10041
-3.05091
-3.00173
-2.95256
-2.90339
-2.85422
-2.80541
-2.75660
-2.70779
-2.65898
-2.61037
-2.56176
-2.51315
-2.46454
-2.41731
-2.37008
-2.32285
-2.27562
-2.22767
-2.17972
-2.13177
-2.08382
-2.03988
-1.99594
-1.95199
-1.90805
-1.86206
-1.81606
-1.77006
-1.72407
-1.68420
-1.64433
-1.60446
-1.56459
-1.52242
-1.48025
-1.43808
-1.39591
-1.35915
-1.32240
-1.28565
-1.24890
-1.21126
-1.17363
-1.13599
-1.09835
-1.06262
-1.02689
-0.99115
-0.95542
-0.92009
-0.88476
-0.84942
-0.81409
-0.77719
-0.74028
-0.70338
-0.66647
-0.62983
-0.59318
-0.55653
-0.51988
-0.48004
-0.44020
-0.40036
-0.36052
-0.32052
-0.28051
-0.24050
-0.20049
-11.11495
-11.11495
-11.11495
-11.11495
-11.11495
-11.11495
-11.11495
-11.11495
-11.11495
-11.11495
-11.11495
-11.11495
-11.11495
-11.11495
-11.11495
-11.11495
-11.11495
-11.11495
-11.11495
-11.11495
-11.11495
-11.11495
-11.11495
-11.11495
-11.11495
-11.11495
-11.11495
-11.11495
-11.11495
-11.11495
-11.11495
-11.11495
-11.11495
-11.11495
-11.11495
-11.11495
-11.11495
-11.11495
-11.11495
-11.11495
-11.11495
-11.11495
-11.11495
-11.11495
-11.11495
-11.11495
-11.11495
-11.11495
-11.11495
-11.11495
-11.11495
-11.11495
-11.11495
-11.11495
-11.11495
-11.11495
-11.11495
-11.11495
-11.11495
-11.11495
-11.11495
-11.11495
-11.11495
-11.11495
-11.11495
-11.11495
-11.11495
-11.11495
-11.11495
-11.11495
-11.11495
-11.11495
-11.11495
-11.11495
-11.11495
-11.11495
-11.11495
-11.11495
-11.11495
-11.11495
-11.11495
-11.11495
-11.11495
-11.11495
-11.11495
-11.11495
-11.11495
-11.11495
-11.11495
-11.11495
-11.11495
-11.11495
-11.11495
-11.11495
-11.11495
-11.11495
-11.11495
-11.11495
-11.11495
-11.11495
-11.11495
-11.11495
-11.11495
-11.11495
-11.11495
-11.11495
-11.11495
-11.11495
-11.11495
-11.11495
-11.11495
-11.11495
-11.11495
-11.11495
-11.11495
-11.11495
-11.11495
-11.11495
-11.11495
-11.11495
-11.11495
-11.11495
-11.11495
-11.11495
-11.11495
-11.11495
-11.11495
-11.11495
-11.11495
-11.11495
-11.11495
-11.11495
-11.11495
-11.11495
-11.11495
-11.11495
-11.11495
-11.11495
-11.11495
-11.11495
-11.11495
-11.11495
-11.11495
-11.11495
-11.11495
-11.09984
-11.08474
-11.06963
-11.05452
-11.00452
-10.95453
-10.90453
-10.85453
-10.80428
-10.75403
-10.70378
-10.65353
-10.60206
-10.55060
-10.49913
-10.44766
-10.39675
-10.34583
-10.29492
-10.24401
-10.19398
-10.14395
-10.09392
-10.04390
-9.99390
-9.94390
-9.89391
-9.84391
-9.77070
-9.69749
-9.62429
-9.55108
-9.48474
-9.41840
-9.35207
-9.28573
-9.15220
-9.01867
-8.88514
-8.75161
-8.65171
-8.55181
-8.45192
-8.35202
-8.28738
-8.22275
-8.15811
-8.09348
-8.04315
-7.99281
-7.94248
-7.89215
-7.84185
-7.79156
-7.74126
-7.69097
-7.64060
-7.59023
-7.53986
-7.48950
-7.43929
-7.38907
-7.33886
-7.28865
-7.23862
-7.18859
-7.13857
-7.08854
-7.03852
-6.98850
-6.93849
-6.88847
-6.83817
-6.78786
-6.73756
-6.68725
-6.63704
-6.58683
-6.53662
-6.48641
-6.43623
-6.38605
-6.33586
-6.28568
-6.23555
-6.18542
-6.13530
-6.08517
-6.03472
-5.98428
-5.93384
-5.88339
-5.83291
-5.78243
-5.73194
-5.68146
-5.63100
-5.58055
-5.53010
-5.47965
-5.42920
-5.37875
-5.32830
-5.27785
-5.22684
-5.17584
-5.12483
-5.07383
-5.02146
-4.96908
-4.91670
-4.86433
-4.81275
-4.76118
-4.70961
-4.65803
-4.60601
-4.55399
-4.50198
-4.44996
-4.39870
-4.34745
-4.29619
-4.24494
-4.19494
-4.14494
-4.09495
-4.04495
-3.99502
-3.94510
-3.89517
-3.84524
-3.79549
-3.74574
-3.69599
-3.64624
-3.59646
-3.54668
-3.49690
-3.44711
-3.39757
-3.34803
-3.29848
-3.24894
-3.19943
-3.14992
-3.10041
-3.05091
-3.00173
-2.95256
-2.90339
-2.85422
-2.80541
-2.75660
-2.70779
-2.65898
-2.61037
-2.56176
-2.51315
-2.46454
-2.41731
-2.37008
-2.32285
-2.27562
-2.22767
-2.17972
-2.13177
-2.08382
-2.03988
-1.99594
-1.95199
-1.90805
-1.86206
-1.81606
-1.77006
-1.72407
-1.68420
-1.64433
-1.60446
-1.56459
-1.52242
-1.48025
-1.43808
-1.39591
-1.35915
-1.32240
-1.28565
-1.24890
-1.21126
-1.17363
-1.13599
-1.09835
-1.06262
-1.02689
-0.99115
-0.95542
-0.92009
-0.88476
-0.84942
-0.81409
-0.77719
-0.74028
-0.70338
-0.66647
-0.62983
-0.59318
-0.55653
-0.51988
-0.48004
-0.44020
-0.40036
-0.36052
-0.32052
-0.28051
-0.24050
-0.20049
-11.11495
-11.11495
-11.11495
-11.11495
-11.11495
-11.11495
-11.11495
-11.11495
-11.11495
-11.11495
-11.11495
-11.11495
-11.11495
-11.11495
-11.11495
-11.11495
-11.11495
-11.11495
-11.11495
-11.11495
-11.11495
-11.11495
-11.11495
-11.11495
-11.11495
-11.11495
-11.11495
-11.11495
-11.11495
-11.11495
-11.11495
-11.11495
-11.11495
-11.11495
-11.11495
-11.11495
-11.11495
-11.11495
-11.11495
-11.11495
-11.11495
-11.11495
-11.11495
-11.11495
-11.11495
-11.11495
-11.11495
-11.11495
-11.11495
-11.11495
-11.11495
-11.11495
-11.11495
-11.11495
-11.11495
-11.11495
-11.11495
-11.11495
-11.11495
-11.11495
-11.11495
-11.11495
-11.11495
-11.11495
-11.11495
-11.11495
-11.11495
-11.11495
-11.11495
-11.11495
-11.11495
-11.11495
-11.11495
-11.11495
-11.11495
-11.11495
-11.11495
-11.11495
-11.11495
-11.11495
-11.11495
-11.11495
-11.11495
-11.11495
-11.11495
-11.11495
-11.11495
-11.11495
-11.11495
-11.11495
-11.11495
-11.11495
-11.11495
-11.11495
-11.11495
-11.11495
-11.11495
-11.11495
-11.11495
-11.11495
-11.11495
-11.11495
-11.11495
-11.11495
-11.11495
-11.11495
-11.11495
-11.11495
-11.11495
-11.11495
-11.11495
-11.11495
-11.11495
-11.11495
-11.11495
-11.11495
-11.11495
-11.11495
-11.11495
-11.11495
-11.11495
-11.11495
-11.11495
-11.11495
-11.11495
-11.11495
-11.11495
-11.11495
-11.11495
-11.11495
-11.11495
-11.11495
-11.11495
-11.11495
-11.11495
-11.11495
-11.11495
-11.11495
-11.11495
-11.11495
-11.11495
-11.11495
-11.11495
-11.11495
-11.11495
-11.09984
-11.08474
-11.06963
-11.05452
-11.00452
-10.95453
-10.90453
-10.85453
-10.80428
-10.75403
-10.70378
-10.65353
-10.60206
-10.55060
-10.49913
-10.44766
-10.39675
-10.34583
-10.29492
-10.24401
-10.19398
-10.14395
-10.09392
-10.04390
-9.99390
-9.94390
-9.89391
-9.84391
-9.77070
-9.69749
-9.62429
-9.55108
-9.48474
-9.41840
-9.35207
-9.28573
-9.15220
-9.01867
-8.88514
-8.75161
-8.65171
-8.55181
-8.45192
-8.35202
-8.28738
-8.22275
-8.15811
-8.09348
-8.04315
-7.99281
-7.94248
-7.89215
-7.84185
-7.79156
-7.74126
-7.69097
-7.64060
-7.59023
-7.53986
-7.48950
-7.43929
-7.38907
-7.33886
-7.28865
-7.23862
-7.18859
-7.13857
-7.08854
-7.03852
-6.98850
-6.93849
-6.88847
-6.83817
-6.78786
-6.73756
-6.68725
-6.63704
-6.58683
-6.53662
-6.48641
-6.43623
-6.38605
-6.33586
-6.28568
-6.23555
-6.18542
-6.13530
-6.08517
-6.03472
-5.98428
-5.93384
-5.88339
-5.83291
-5.78243
-5.73194
-5.68146
-5.63100
-5.58055
-5.53010
-5.47965
-5.42920
-5.37875
-5.32830
-5.27785
-5.22684
-5.17584
-5.12483
-5.07383
-5.02146
-4.96908
-4.91670
-4.86433
-4.81275
-4.76118
-4.70961
-4.65803
-4.60601
-4.55399
-4.50198
-4.44996
-4.39870
-4.34745
-4.29619
-4.24494
-4.19494
-4.14494
-4.09495
-4.04495
-3.99502
-3.94510
-3.89517
-3.84524
-3.79549
-3.74574
-3.69599
-3.64624
-3.59646
-3.54668
-3.49690
-3.44711
-3.39757
-3.34803
-3.29848
-3.24894
-3.19943
-3.14992
-3.10041
-3.05091
-3.00173
-2.95256
-2.90339
-2.85422
-2.80541
-2.75660
-2.70779
-2.65898
-2.61037
-2.56176
-2.51315
-2.46454
-2.41731
-2.37008
-2.32285
-2.27562
-2.22767
-2.17972
-2.13177
-2.08382
-2.03988
-1.99594
-1.95199
-1.90805
-1.86206
-1.81606
-1.77006
-1.72407
-1.68420
-1.64433
-1.60446
-1.56459
-1.52242
-1.48025
-1.43808
-1.39591
-1.35915
-1.32240
-1.28565
-1.24890
-1.21126
-1.17363
-1.13599
-1.09835
-1.06262
-1.02689
-0.99115
-0.95542
-0.92009
-0.88476
-0.84942
-0.81409
-0.77719
-0.74028
-0.70338
-0.66647
-0.62983
-0.59318
-0.55653
-0.51988
-0.48004
-0.44020
-0.40036
-0.36052
-0.32052
-0.28051
-0.24050
-0.20049
